"pair_id","dataset","source_id","trait","canonical_trait_id","tier","outcome_id","outcome_ancestry","analysis_role","effect_scale","harmonised_snps","pair_harmonisation_status","family","eligible","eligibility_frozen","method","nsnp","beta","se","ci_lower","ci_upper","p","analysis_status","error_message","warning_message","n_reverse","q","fdr_significant"
"reverse|GCST90671776","ed_2025_eur_reverse_exposure","GCST90671776","Gut microbiome order presence (Eubacteriales)","taxon:eubacteriales","primary","GCST90671776","EUR","reverse_sensitivity","microbiome_trait_units_per_standardized_ED_exposure",15,"estimable","reverse",TRUE,TRUE,"mr_ivw_mre",15,1.71968925966685,0.552674188208825,0.636467755592641,2.80291076374106,0.00186089832981135,"estimated","","",1572,0.967253667401663,FALSE
"reverse|GCST90670448","ed_2025_eur_reverse_exposure","GCST90670448","Gut microbiome species presence (Sutterella wadsworthensis, GCF_003315195.1)","taxon:sutterella wadsworthensis","primary","GCST90670448","EUR","reverse_sensitivity","microbiome_trait_units_per_standardized_ED_exposure",15,"estimable","reverse",TRUE,TRUE,"mr_ivw_mre",15,1.5433935049465,0.516827333174405,0.530430545698778,2.55635646419421,0.00282389701009678,"estimated","","",1572,0.967253667401663,FALSE
"reverse|GCST90670892","ed_2025_eur_reverse_exposure","GCST90670892","Gut microbiome species presence (Scatosoma sp900552625, GCA_905209085.1)","taxon:scatosoma sp900552625","primary","GCST90670892","EUR","reverse_sensitivity","microbiome_trait_units_per_standardized_ED_exposure",15,"estimable","reverse",TRUE,TRUE,"mr_ivw_mre",15,1.59999388982019,0.561943181044316,0.498605493615463,2.70138228602492,0.00440984281138978,"estimated","","",1572,0.967253667401663,FALSE
"reverse|GCST90670838","ed_2025_eur_reverse_exposure","GCST90670838","Gut microbiome species presence (Massilicoli timonensis, GCF_900199515.1)","taxon:massilicoli timonensis","primary","GCST90670838","EUR","reverse_sensitivity","microbiome_trait_units_per_standardized_ED_exposure",15,"estimable","reverse",TRUE,TRUE,"mr_ivw_mre",15,-2.09811872687116,0.753282574219985,-3.57452544252395,-0.621712011218364,0.00534780501987283,"estimated","","",1572,0.967253667401663,FALSE
"reverse|GCST90670380","ed_2025_eur_reverse_exposure","GCST90670380","Gut microbiome species abundance (Ruminococcus D bicirculans, GCF_000723465.1)","taxon:ruminococcus d bicirculans","primary","GCST90670380","EUR","reverse_sensitivity","microbiome_trait_units_per_standardized_ED_exposure",17,"estimable","reverse",TRUE,TRUE,"mr_ivw_mre",17,0.595675293145907,0.216839372002489,0.170677933590747,1.02067265270107,0.00601283043542947,"estimated","","",1572,0.967253667401663,FALSE
"reverse|GCST90670416","ed_2025_eur_reverse_exposure","GCST90670416","Gut microbiome species abundance (Eubacterium F sp003491505, GCF_003477605.1)","taxon:eubacterium f sp003491505","primary","GCST90670416","EUR","reverse_sensitivity","microbiome_trait_units_per_standardized_ED_exposure",17,"estimable","reverse",TRUE,TRUE,"mr_ivw_mre",17,0.621953282232797,0.233030354537033,0.165222180035613,1.07868438442998,0.00760820518482656,"estimated","","",1572,0.967253667401663,FALSE
"reverse|GCST90670996","ed_2025_eur_reverse_exposure","GCST90670996","Gut microbiome species presence (Lachnoclostridium A edouardi, GCF_900240245.1)","taxon:lachnoclostridium a edouardi","primary","GCST90670996","EUR","reverse_sensitivity","microbiome_trait_units_per_standardized_ED_exposure",15,"estimable","reverse",TRUE,TRUE,"mr_ivw_mre",15,1.96978843626643,0.744418609547355,0.510754772132232,3.42882210040063,0.00814314478802112,"estimated","","",1572,0.967253667401663,FALSE
"reverse|GCST90671200","ed_2025_eur_reverse_exposure","GCST90671200","Gut microbiome species presence (Pauljensenia sp916439125, GCA_916439125.1)","taxon:pauljensenia sp916439125","primary","GCST90671200","EUR","reverse_sensitivity","microbiome_trait_units_per_standardized_ED_exposure",15,"estimable","reverse",TRUE,TRUE,"mr_ivw_mre",15,1.79472008473117,0.683139602850178,0.455791066731829,3.13364910273052,0.0086099710290924,"estimated","","",1572,0.967253667401663,FALSE
"reverse|GCST90670403","ed_2025_eur_reverse_exposure","GCST90670403","Gut microbiome species abundance (Roseburia intestinalis, GCF_900537995.1)","taxon:roseburia intestinalis","primary","GCST90670403","EUR","reverse_sensitivity","microbiome_trait_units_per_standardized_ED_exposure",17,"estimable","reverse",TRUE,TRUE,"mr_ivw_mre",17,0.578133294398243,0.221031490097603,0.14491953435772,1.01134705443877,0.00890669066564544,"estimated","","",1572,0.967253667401663,FALSE
"reverse|GCST90670771","ed_2025_eur_reverse_exposure","GCST90670771","Gut microbiome species abundance (Eubacterium G sp000432355, GCF_003479405.1)","taxon:eubacterium g sp000432355","primary","GCST90670771","EUR","reverse_sensitivity","microbiome_trait_units_per_standardized_ED_exposure",17,"estimable","reverse",TRUE,TRUE,"mr_ivw_mre",17,0.576058732098269,0.221583951150205,0.141762168291785,1.01035529590475,0.00932967824299303,"estimated","","",1572,0.967253667401663,FALSE
"reverse|GCST90670704","ed_2025_eur_reverse_exposure","GCST90670704","Gut microbiome species abundance (UBA3402 sp003478355, GCA_003478355.1)","taxon:uba3402 sp003478355","primary","GCST90670704","EUR","reverse_sensitivity","microbiome_trait_units_per_standardized_ED_exposure",17,"estimable","reverse",TRUE,TRUE,"mr_ivw_mre",17,0.627972146240028,0.242713197367419,0.152263020827324,1.10368127165273,0.00967309962187386,"estimated","","",1572,0.967253667401663,FALSE
"reverse|GCST90671442","ed_2025_eur_reverse_exposure","GCST90671442","Gut microbiome genus abundance (UBA3402)","taxon:uba3402","primary","GCST90671442","EUR","reverse_sensitivity","microbiome_trait_units_per_standardized_ED_exposure",17,"estimable","reverse",TRUE,TRUE,"mr_ivw_mre",17,0.627972146240028,0.242713197367419,0.152263020827324,1.10368127165273,0.00967309962187386,"estimated","","",1572,0.967253667401663,FALSE
"reverse|GCST90670382","ed_2025_eur_reverse_exposure","GCST90670382","Gut microbiome species abundance (Acetatifactor sp900066565, GCA_003584705.1)","taxon:acetatifactor sp900066565","primary","GCST90670382","EUR","reverse_sensitivity","microbiome_trait_units_per_standardized_ED_exposure",17,"estimable","reverse",TRUE,TRUE,"mr_ivw_mre",17,0.573505013057855,0.225824686670159,0.1308967603643,1.01611326575141,0.0110978416447803,"estimated","","",1572,0.967253667401663,FALSE
"reverse|GCST90670969","ed_2025_eur_reverse_exposure","GCST90670969","Gut microbiome species abundance (Choladocola sp003481535, GCA_018228645.1)","taxon:choladocola sp003481535","primary","GCST90670969","EUR","reverse_sensitivity","microbiome_trait_units_per_standardized_ED_exposure",17,"estimable","reverse",TRUE,TRUE,"mr_ivw_mre",17,0.535455717323091,0.215008042891432,0.114047696869441,0.956863737776741,0.0127599920013793,"estimated","","",1572,0.967253667401663,FALSE
"reverse|GCST90671335","ed_2025_eur_reverse_exposure","GCST90671335","Gut microbiome genus abundance (Dialister)","taxon:dialister","primary","GCST90671335","EUR","reverse_sensitivity","microbiome_trait_units_per_standardized_ED_exposure",17,"estimable","reverse",TRUE,TRUE,"mr_ivw_mre",17,-0.529256389782903,0.214956483985619,-0.950563356638077,-0.107949422927729,0.0138104595770201,"estimated","","",1572,0.967253667401663,FALSE
"reverse|GCST90670512","ed_2025_eur_reverse_exposure","GCST90670512","Gut microbiome species presence (Phocaeicola coprocola, GCF_000154845.1)","taxon:phocaeicola coprocola","primary","GCST90670512","EUR","reverse_sensitivity","microbiome_trait_units_per_standardized_ED_exposure",15,"estimable","reverse",TRUE,TRUE,"mr_ivw_mre",15,-1.82114820378834,0.740978180647843,-3.27343875118813,-0.368857656388558,0.0139805692254871,"estimated","","",1572,0.967253667401663,FALSE
"reverse|GCST90671620","ed_2025_eur_reverse_exposure","GCST90671620","Gut microbiome genus presence (UMGS1271)","taxon:umgs1271","primary","GCST90671620","EUR","reverse_sensitivity","microbiome_trait_units_per_standardized_ED_exposure",15,"estimable","reverse",TRUE,TRUE,"mr_ivw_mre",15,-1.7338680729179,0.710827806022476,-3.12706497193157,-0.340671173904218,0.0147188512251302,"estimated","","",1572,0.967253667401663,FALSE
"reverse|GCST90670505","ed_2025_eur_reverse_exposure","GCST90670505","Gut microbiome species abundance (Acetatifactor sp003447295, GCA_003447295.1)","taxon:acetatifactor sp003447295","primary","GCST90670505","EUR","reverse_sensitivity","microbiome_trait_units_per_standardized_ED_exposure",17,"estimable","reverse",TRUE,TRUE,"mr_ivw_mre",17,0.499609015444641,0.205103462706471,0.0976136154355037,0.901604415453779,0.014855292964248,"estimated","","",1572,0.967253667401663,FALSE
"reverse|GCST90671137","ed_2025_eur_reverse_exposure","GCST90671137","Gut microbiome species presence (Anaerotardibacter sp000436075, GCA_000436075.1)","taxon:anaerotardibacter sp000436075","primary","GCST90671137","EUR","reverse_sensitivity","microbiome_trait_units_per_standardized_ED_exposure",15,"estimable","reverse",TRUE,TRUE,"mr_ivw_mre",15,1.2770919830322,0.524591422559471,0.248911688217004,2.30527227784739,0.0149144092683297,"estimated","","",1572,0.967253667401663,FALSE
"reverse|GCST90671379","ed_2025_eur_reverse_exposure","GCST90671379","Gut microbiome genus presence (SFMI01)","taxon:sfmi01","primary","GCST90671379","EUR","reverse_sensitivity","microbiome_trait_units_per_standardized_ED_exposure",15,"estimable","reverse",TRUE,TRUE,"mr_ivw_mre",15,-1.36099967589623,0.562779879646272,-2.46402797122671,-0.257971380565754,0.0155909995803799,"estimated","","",1572,0.967253667401663,FALSE
"reverse|GCST90671161","ed_2025_eur_reverse_exposure","GCST90671161","Gut microbiome species presence (UMGS1271 sp900550255, GCA_900550255.1)","taxon:umgs1271 sp900550255","primary","GCST90671161","EUR","reverse_sensitivity","microbiome_trait_units_per_standardized_ED_exposure",15,"estimable","reverse",TRUE,TRUE,"mr_ivw_mre",15,-1.64239837485283,0.691394846178989,-2.99750737246026,-0.287289377245399,0.0175258848958259,"estimated","","",1572,0.967253667401663,FALSE
"reverse|GCST90671178","ed_2025_eur_reverse_exposure","GCST90671178","Gut microbiome species presence (Congzhengia minquanensis, GCF_014384785.1)","taxon:congzhengia minquanensis","primary","GCST90671178","EUR","reverse_sensitivity","microbiome_trait_units_per_standardized_ED_exposure",15,"estimable","reverse",TRUE,TRUE,"mr_ivw_mre",15,1.42319553038252,0.600457089892511,0.24632125993147,2.60006980083357,0.0177790951255585,"estimated","","",1572,0.967253667401663,FALSE
"reverse|GCST90671670","ed_2025_eur_reverse_exposure","GCST90671670","Gut microbiome family abundance (Barnesiellaceae)","taxon:barnesiellaceae","primary","GCST90671670","EUR","reverse_sensitivity","microbiome_trait_units_per_standardized_ED_exposure",17,"estimable","reverse",TRUE,TRUE,"mr_ivw_mre",17,0.510801840094551,0.218680958122269,0.0821950380701919,0.93940864211891,0.0195000324287002,"estimated","","",1572,0.967253667401663,FALSE
"reverse|GCST90670814","ed_2025_eur_reverse_exposure","GCST90670814","Gut microbiome species presence (Pauljensenia sp000466265, GCF_000466265.1)","taxon:pauljensenia sp000466265","primary","GCST90670814","EUR","reverse_sensitivity","microbiome_trait_units_per_standardized_ED_exposure",15,"estimable","reverse",TRUE,TRUE,"mr_ivw_mre",15,-1.38383151410307,0.596695569665734,-2.55333334038252,-0.214329687823621,0.0203864517600891,"estimated","","",1572,0.967253667401663,FALSE
"reverse|GCST90671922","ed_2025_eur_reverse_exposure","GCST90671922","Gut microbiome function abundance (p-Cresol synthesis, MGB015)","function:mgb015","primary","GCST90671922","EUR","reverse_sensitivity","microbiome_trait_units_per_standardized_ED_exposure",17,"estimable","reverse",TRUE,TRUE,"mr_ivw_mre",17,0.519746946507408,0.224970797117387,0.0788122865840624,0.960681606430753,0.0208723098760537,"estimated","","",1572,0.967253667401663,FALSE
"reverse|GCST90670865","ed_2025_eur_reverse_exposure","GCST90670865","Gut microbiome species presence (Marvinbryantia sp900550755, GCA_905201705.1)","taxon:marvinbryantia sp900550755","primary","GCST90670865","EUR","reverse_sensitivity","microbiome_trait_units_per_standardized_ED_exposure",15,"estimable","reverse",TRUE,TRUE,"mr_ivw_mre",15,1.43093220416588,0.61998931676785,0.215775472501301,2.64608893583046,0.0209994180866619,"estimated","","",1572,0.967253667401663,FALSE
"reverse|GCST90671090","ed_2025_eur_reverse_exposure","GCST90671090","Gut microbiome species presence (QAKD01 sp003343965, GCA_944383465.1)","taxon:qakd01 sp003343965","primary","GCST90671090","EUR","reverse_sensitivity","microbiome_trait_units_per_standardized_ED_exposure",15,"estimable","reverse",TRUE,TRUE,"mr_ivw_mre",15,1.19536564145474,0.518895987119377,0.178348194978399,2.21238308793107,0.0212411185136492,"estimated","","",1572,0.967253667401663,FALSE
"reverse|GCST90671824","ed_2025_eur_reverse_exposure","GCST90671824","Gut microbiome function abundance (Fructan degradation, MF0002)","function:mf0002","primary","GCST90671824","EUR","reverse_sensitivity","microbiome_trait_units_per_standardized_ED_exposure",17,"estimable","reverse",TRUE,TRUE,"mr_ivw_mre",17,0.51547597252477,0.224277353432248,0.0759004372496036,0.955051507799937,0.021539818639525,"estimated","","",1572,0.967253667401663,FALSE
"reverse|GCST90670480","ed_2025_eur_reverse_exposure","GCST90670480","Gut microbiome species presence (Bacteroides fragilis, GCF_000025985.1)","taxon:bacteroides fragilis","primary","GCST90670480","EUR","reverse_sensitivity","microbiome_trait_units_per_standardized_ED_exposure",15,"estimable","reverse",TRUE,TRUE,"mr_ivw_mre",15,1.18219273644974,0.516569486168847,0.169735148046435,2.19465032485304,0.0221057776898523,"estimated","","",1572,0.967253667401663,FALSE
"reverse|GCST90671767","ed_2025_eur_reverse_exposure","GCST90671767","Gut microbiome order presence (Flavobacteriales)","taxon:flavobacteriales","primary","GCST90671767","EUR","reverse_sensitivity","microbiome_trait_units_per_standardized_ED_exposure",15,"estimable","reverse",TRUE,TRUE,"mr_ivw_mre",15,1.56028622892934,0.682415592238111,0.222776245654075,2.89779621220461,0.0222299074648428,"estimated","","",1572,0.967253667401663,FALSE
"reverse|GCST90670778","ed_2025_eur_reverse_exposure","GCST90670778","Gut microbiome species abundance (Dysosmobacter sp900542115, GCA_900542115.1)","taxon:dysosmobacter sp900542115","primary","GCST90670778","EUR","reverse_sensitivity","microbiome_trait_units_per_standardized_ED_exposure",17,"estimable","reverse",TRUE,TRUE,"mr_ivw_mre",17,0.481885966152856,0.211873587768654,0.0666213648510093,0.897150567454703,0.0229417551912311,"estimated","","",1572,0.967253667401663,FALSE
"reverse|GCST90671130","ed_2025_eur_reverse_exposure","GCST90671130","Gut microbiome species abundance (Faecalibacterium longum, GCF_020687245.1)","taxon:faecalibacterium longum","primary","GCST90671130","EUR","reverse_sensitivity","microbiome_trait_units_per_standardized_ED_exposure",17,"estimable","reverse",TRUE,TRUE,"mr_ivw_mre",17,0.52968376452647,0.233618454806873,0.0718000069811009,0.987567522071839,0.0233717377308021,"estimated","","",1572,0.967253667401663,FALSE
"reverse|GCST90671177","ed_2025_eur_reverse_exposure","GCST90671177","Gut microbiome species presence (Massilimicrobiota merdigallinarum, GCF_002160815.1)","taxon:massilimicrobiota merdigallinarum","primary","GCST90671177","EUR","reverse_sensitivity","microbiome_trait_units_per_standardized_ED_exposure",15,"estimable","reverse",TRUE,TRUE,"mr_ivw_mre",15,-1.56897935222396,0.694940895799559,-2.9310384793751,-0.206920225072825,0.0239633555600764,"estimated","","",1572,0.967253667401663,FALSE
"reverse|GCST90670435","ed_2025_eur_reverse_exposure","GCST90670435","Gut microbiome species abundance (CAG-115 sp003531585, GCA_003531585.1)","taxon:cag-115 sp003531585","primary","GCST90670435","EUR","reverse_sensitivity","microbiome_trait_units_per_standardized_ED_exposure",17,"estimable","reverse",TRUE,TRUE,"mr_ivw_mre",17,0.448877328903716,0.200469437319139,0.055964451757194,0.841790206050238,0.0251473946429661,"estimated","","",1572,0.967253667401663,FALSE
"reverse|GCST90671909","ed_2025_eur_reverse_exposure","GCST90671909","Gut microbiome function abundance (Hydrogen metabolism, MF0098)","function:mf0098","primary","GCST90671909","EUR","reverse_sensitivity","microbiome_trait_units_per_standardized_ED_exposure",17,"estimable","reverse",TRUE,TRUE,"mr_ivw_mre",17,0.60085355266807,0.268540026525093,0.0745247722714566,1.12718233306468,0.0252548357457875,"estimated","","",1572,0.967253667401663,FALSE
"reverse|GCST90671866","ed_2025_eur_reverse_exposure","GCST90671866","Gut microbiome function abundance (Serine degradation, MF0048)","function:mf0048","primary","GCST90671866","EUR","reverse_sensitivity","microbiome_trait_units_per_standardized_ED_exposure",17,"estimable","reverse",TRUE,TRUE,"mr_ivw_mre",17,-0.503565637447446,0.225195735065226,-0.944941167647312,-0.0621901072475807,0.0253436353349547,"estimated","","",1572,0.967253667401663,FALSE
"reverse|GCST90670947","ed_2025_eur_reverse_exposure","GCST90670947","Gut microbiome species presence (Traorella massiliensis, GCF_900104665.1)","taxon:traorella massiliensis","primary","GCST90670947","EUR","reverse_sensitivity","microbiome_trait_units_per_standardized_ED_exposure",15,"estimable","reverse",TRUE,TRUE,"mr_ivw_mre",15,-1.61634042860817,0.723958928824914,-3.03527385539119,-0.197407001825139,0.0255726242666164,"estimated","","",1572,0.967253667401663,FALSE
"reverse|GCST90671421","ed_2025_eur_reverse_exposure","GCST90671421","Gut microbiome genus presence (Merdimorpha)","taxon:merdimorpha","primary","GCST90671421","EUR","reverse_sensitivity","microbiome_trait_units_per_standardized_ED_exposure",15,"estimable","reverse",TRUE,TRUE,"mr_ivw_mre",15,1.50918562256211,0.679652184830814,0.17709181827976,2.84127942684447,0.0263830553194275,"estimated","","",1572,0.967253667401663,FALSE
"reverse|GCST90671702","ed_2025_eur_reverse_exposure","GCST90671702","Gut microbiome family presence (UBA1820)","taxon:uba1820","primary","GCST90671702","EUR","reverse_sensitivity","microbiome_trait_units_per_standardized_ED_exposure",15,"estimable","reverse",TRUE,TRUE,"mr_ivw_mre",15,1.50918562256211,0.679652184830814,0.17709181827976,2.84127942684447,0.0263830553194275,"estimated","","",1572,0.967253667401663,FALSE
"reverse|GCST90671610","ed_2025_eur_reverse_exposure","GCST90671610","Gut microbiome genus presence (Congzhengia)","taxon:congzhengia","primary","GCST90671610","EUR","reverse_sensitivity","microbiome_trait_units_per_standardized_ED_exposure",15,"estimable","reverse",TRUE,TRUE,"mr_ivw_mre",15,1.29265104885675,0.582178861336951,0.151601448075788,2.43370064963771,0.0263938283035382,"estimated","","",1572,0.967253667401663,FALSE
"reverse|GCST90670618","ed_2025_eur_reverse_exposure","GCST90670618","Gut microbiome species presence (CAG-274 sp000432155, GCA_000432155.1)","taxon:cag-274 sp000432155","primary","GCST90670618","EUR","reverse_sensitivity","microbiome_trait_units_per_standardized_ED_exposure",15,"estimable","reverse",TRUE,TRUE,"mr_ivw_mre",15,1.39100067762818,0.627219197866689,0.161673639397369,2.62032771585899,0.0265734817661624,"estimated","","",1572,0.967253667401663,FALSE
"reverse|GCST90671614","ed_2025_eur_reverse_exposure","GCST90671614","Gut microbiome genus presence (Pseudoruminococcus)","taxon:pseudoruminococcus","primary","GCST90671614","EUR","reverse_sensitivity","microbiome_trait_units_per_standardized_ED_exposure",15,"estimable","reverse",TRUE,TRUE,"mr_ivw_mre",15,-1.5010849713902,0.678434037950798,-2.83079125165985,-0.171378691120558,0.0269270842944447,"estimated","","",1572,0.967253667401663,FALSE
"reverse|GCST90670530","ed_2025_eur_reverse_exposure","GCST90670530","Gut microbiome species abundance (Parabacteroides merdae, GCA_025151215.1)","taxon:parabacteroides merdae","primary","GCST90670530","EUR","reverse_sensitivity","microbiome_trait_units_per_standardized_ED_exposure",17,"estimable","reverse",TRUE,TRUE,"mr_ivw_mre",17,0.470012104034789,0.213139226594778,0.0522668962163032,0.887757311853275,0.0274408919969798,"estimated","","",1572,0.967253667401663,FALSE
"reverse|GCST90670604","ed_2025_eur_reverse_exposure","GCST90670604","Gut microbiome species abundance (Bariatricus comes, GCA_025149785.1)","taxon:bariatricus comes","primary","GCST90670604","EUR","reverse_sensitivity","microbiome_trait_units_per_standardized_ED_exposure",17,"estimable","reverse",TRUE,TRUE,"mr_ivw_mre",17,0.481395074526186,0.218905469571266,0.052348238147675,0.910441910904697,0.0278707942295958,"estimated","","",1572,0.967253667401663,FALSE
"reverse|GCST90671147","ed_2025_eur_reverse_exposure","GCST90671147","Gut microbiome species presence (Cag-433 hMGS.05835, )","taxon:cag-433 hmgs.05835,","primary","GCST90671147","EUR","reverse_sensitivity","microbiome_trait_units_per_standardized_ED_exposure",15,"estimable","reverse",TRUE,TRUE,"mr_ivw_mre",15,1.47447626282954,0.67541067908632,0.150695657046617,2.79825686861247,0.0290298409245207,"estimated","","",1572,0.967253667401663,FALSE
"reverse|GCST90671138","ed_2025_eur_reverse_exposure","GCST90671138","Gut microbiome species presence (Pseudoruminococcus massiliensis, GCF_900291955.1)","taxon:pseudoruminococcus massiliensis","primary","GCST90671138","EUR","reverse_sensitivity","microbiome_trait_units_per_standardized_ED_exposure",15,"estimable","reverse",TRUE,TRUE,"mr_ivw_mre",15,-1.61369127089883,0.742787019588462,-3.06952707747607,-0.157855464321599,0.0298193420155233,"estimated","","",1572,0.967253667401663,FALSE
"reverse|GCST90670460","ed_2025_eur_reverse_exposure","GCST90670460","Gut microbiome species presence (Eubacterium R sp000434995, GCA_000434995.1)","taxon:eubacterium r sp000434995","primary","GCST90670460","EUR","reverse_sensitivity","microbiome_trait_units_per_standardized_ED_exposure",15,"estimable","reverse",TRUE,TRUE,"mr_ivw_mre",15,-1.4327552668466,0.66083918254724,-2.72797626421208,-0.137534269481119,0.0301522489405849,"estimated","","",1572,0.967253667401663,FALSE
"reverse|GCST90671577","ed_2025_eur_reverse_exposure","GCST90671577","Gut microbiome genus presence (Avimonas)","taxon:avimonas","primary","GCST90671577","EUR","reverse_sensitivity","microbiome_trait_units_per_standardized_ED_exposure",15,"estimable","reverse",TRUE,TRUE,"mr_ivw_mre",15,1.1197264735545,0.522229988194139,0.0961745050472105,2.14327844206179,0.032022857064646,"estimated","","",1572,0.967253667401663,FALSE
"reverse|GCST90670425","ed_2025_eur_reverse_exposure","GCST90670425","Gut microbiome species presence (Eubacterium R sp000436835, GCA_000436835.1)","taxon:eubacterium r sp000436835","primary","GCST90670425","EUR","reverse_sensitivity","microbiome_trait_units_per_standardized_ED_exposure",15,"estimable","reverse",TRUE,TRUE,"mr_ivw_mre",15,1.29240722426259,0.612457426754938,0.0920127257588297,2.49280172276634,0.0348411940705944,"estimated","","",1572,0.967253667401663,FALSE
"reverse|GCST90671319","ed_2025_eur_reverse_exposure","GCST90671319","Gut microbiome genus abundance (UBA1417)","taxon:uba1417","primary","GCST90671319","EUR","reverse_sensitivity","microbiome_trait_units_per_standardized_ED_exposure",17,"estimable","reverse",TRUE,TRUE,"mr_ivw_mre",17,0.586600156754547,0.278594203640028,0.0405655513184753,1.13263476219062,0.0352415462949494,"estimated","","",1572,0.967253667401663,FALSE
"reverse|GCST90670677","ed_2025_eur_reverse_exposure","GCST90670677","Gut microbiome species presence (Clostridium AP sp000509125, GCF_019597925.1)","taxon:clostridium ap sp000509125","primary","GCST90670677","EUR","reverse_sensitivity","microbiome_trait_units_per_standardized_ED_exposure",15,"estimable","reverse",TRUE,TRUE,"mr_ivw_mre",15,1.39117519783768,0.662576651060384,0.0925488247621704,2.6898015709132,0.0357601548183592,"estimated","","",1572,0.967253667401663,FALSE
"reverse|GCST90671447","ed_2025_eur_reverse_exposure","GCST90671447","Gut microbiome genus abundance (Choladocola)","taxon:choladocola","primary","GCST90671447","EUR","reverse_sensitivity","microbiome_trait_units_per_standardized_ED_exposure",17,"estimable","reverse",TRUE,TRUE,"mr_ivw_mre",17,0.450267411796485,0.216760458612203,0.0254247196441823,0.875110103948787,0.0377777468553809,"estimated","","",1572,0.967253667401663,FALSE
"reverse|GCST90670429","ed_2025_eur_reverse_exposure","GCST90670429","Gut microbiome species abundance (Barnesiella intestinihominis, GCF_000296465.1)","taxon:barnesiella intestinihominis","primary","GCST90670429","EUR","reverse_sensitivity","microbiome_trait_units_per_standardized_ED_exposure",17,"estimable","reverse",TRUE,TRUE,"mr_ivw_mre",17,0.454190436795342,0.218774081747194,0.0254011158200196,0.882979757770664,0.0378874228373591,"estimated","","",1572,0.967253667401663,FALSE
"reverse|GCST90671360","ed_2025_eur_reverse_exposure","GCST90671360","Gut microbiome genus presence (Scatocola)","taxon:scatocola","primary","GCST90671360","EUR","reverse_sensitivity","microbiome_trait_units_per_standardized_ED_exposure",15,"estimable","reverse",TRUE,TRUE,"mr_ivw_mre",15,1.17456785381977,0.570084169714812,0.057223413022315,2.29191229461722,0.0393659419794098,"estimated","","",1572,0.967253667401663,FALSE
"reverse|GCST90671834","ed_2025_eur_reverse_exposure","GCST90671834","Gut microbiome function abundance (Trehalose degradation, MF0012)","function:mf0012","primary","GCST90671834","EUR","reverse_sensitivity","microbiome_trait_units_per_standardized_ED_exposure",17,"estimable","reverse",TRUE,TRUE,"mr_ivw_mre",17,0.471321449064638,0.228799964868266,0.0228817582588069,0.919761139870468,0.0394012478264795,"estimated","","",1572,0.967253667401663,FALSE
"reverse|GCST90671677","ed_2025_eur_reverse_exposure","GCST90671677","Gut microbiome family abundance (Dialisteraceae)","taxon:dialisteraceae","primary","GCST90671677","EUR","reverse_sensitivity","microbiome_trait_units_per_standardized_ED_exposure",17,"estimable","reverse",TRUE,TRUE,"mr_ivw_mre",17,-0.448536242166083,0.21847624369079,-0.876741811277627,-0.0203306730545388,0.0400705737669151,"estimated","","",1572,0.967253667401663,FALSE
"reverse|GCST90671102","ed_2025_eur_reverse_exposure","GCST90671102","Gut microbiome species presence (UMGS882 sp900757905, GCA_900757905.1)","taxon:umgs882 sp900757905","primary","GCST90671102","EUR","reverse_sensitivity","microbiome_trait_units_per_standardized_ED_exposure",15,"estimable","reverse",TRUE,TRUE,"mr_ivw_mre",15,1.21403058060409,0.59148400978691,0.0547432239904122,2.37331793721777,0.0401195110646124,"estimated","","",1572,0.967253667401663,FALSE
"reverse|GCST90671542","ed_2025_eur_reverse_exposure","GCST90671542","Gut microbiome genus presence (UMGS1494)","taxon:umgs1494","primary","GCST90671542","EUR","reverse_sensitivity","microbiome_trait_units_per_standardized_ED_exposure",15,"estimable","reverse",TRUE,TRUE,"mr_ivw_mre",15,-1.44831905348008,0.709980741349483,-2.83985573624211,-0.0567823707180426,0.0413561702278331,"estimated","","",1572,0.967253667401663,FALSE
"reverse|GCST90671324","ed_2025_eur_reverse_exposure","GCST90671324","Gut microbiome genus presence (Phascolarctobacterium)","taxon:phascolarctobacterium","primary","GCST90671324","EUR","reverse_sensitivity","microbiome_trait_units_per_standardized_ED_exposure",15,"estimable","reverse",TRUE,TRUE,"mr_ivw_mre",15,-1.09793069472747,0.538988335571826,-2.15432842053544,-0.0415329689195036,0.0416479122555613,"estimated","","",1572,0.967253667401663,FALSE
"reverse|GCST90671394","ed_2025_eur_reverse_exposure","GCST90671394","Gut microbiome genus abundance (Bariatricus)","taxon:bariatricus","primary","GCST90671394","EUR","reverse_sensitivity","microbiome_trait_units_per_standardized_ED_exposure",17,"estimable","reverse",TRUE,TRUE,"mr_ivw_mre",17,0.454238856462763,0.22336155779448,0.0164582476548198,0.892019465270706,0.0419870663927392,"estimated","","",1572,0.967253667401663,FALSE
"reverse|GCST90670405","ed_2025_eur_reverse_exposure","GCST90670405","Gut microbiome species abundance (Faecalibacillus intestinalis, GCF_003024685.1)","taxon:faecalibacillus intestinalis","primary","GCST90670405","EUR","reverse_sensitivity","microbiome_trait_units_per_standardized_ED_exposure",17,"estimable","reverse",TRUE,TRUE,"mr_ivw_mre",17,0.560882062029087,0.276444692803905,0.0190604204161936,1.10270370364198,0.0424672146918602,"estimated","","",1572,0.967253667401663,FALSE
"reverse|GCST90671662","ed_2025_eur_reverse_exposure","GCST90671662","Gut microbiome family presence (Methanobacteriaceae)","taxon:methanobacteriaceae","primary","GCST90671662","EUR","reverse_sensitivity","microbiome_trait_units_per_standardized_ED_exposure",15,"estimable","reverse",TRUE,TRUE,"mr_ivw_mre",15,1.07755102659158,0.531156239895467,0.0365039262327438,2.11859812695041,0.0424899375801562,"estimated","","",1572,0.967253667401663,FALSE
"reverse|GCST90671748","ed_2025_eur_reverse_exposure","GCST90671748","Gut microbiome order presence (Methanobacteriales)","taxon:methanobacteriales","primary","GCST90671748","EUR","reverse_sensitivity","microbiome_trait_units_per_standardized_ED_exposure",15,"estimable","reverse",TRUE,TRUE,"mr_ivw_mre",15,1.07755102659158,0.531156239895467,0.0365039262327438,2.11859812695041,0.0424899375801562,"estimated","","",1572,0.967253667401663,FALSE
"reverse|GCST90671794","ed_2025_eur_reverse_exposure","GCST90671794","Gut microbiome class presence (Methanobacteria)","taxon:methanobacteria","primary","GCST90671794","EUR","reverse_sensitivity","microbiome_trait_units_per_standardized_ED_exposure",15,"estimable","reverse",TRUE,TRUE,"mr_ivw_mre",15,1.07755102659158,0.531156239895467,0.0365039262327438,2.11859812695041,0.0424899375801562,"estimated","","",1572,0.967253667401663,FALSE
"reverse|GCST90671812","ed_2025_eur_reverse_exposure","GCST90671812","Gut microbiome phylum presence (Methanobacteriota)","taxon:methanobacteriota","primary","GCST90671812","EUR","reverse_sensitivity","microbiome_trait_units_per_standardized_ED_exposure",15,"estimable","reverse",TRUE,TRUE,"mr_ivw_mre",15,1.07755102659158,0.531156239895467,0.0365039262327438,2.11859812695041,0.0424899375801562,"estimated","","",1572,0.967253667401663,FALSE
"reverse|GCST90670730","ed_2025_eur_reverse_exposure","GCST90670730","Gut microbiome species presence (Agathobacter sp905209075, GCA_905209075.1)","taxon:agathobacter sp905209075","primary","GCST90670730","EUR","reverse_sensitivity","microbiome_trait_units_per_standardized_ED_exposure",15,"estimable","reverse",TRUE,TRUE,"mr_ivw_mre",15,1.85702906672034,0.918585505560768,0.0566345591007171,3.65742357433996,0.0432158226963917,"estimated","","",1572,0.967253667401663,FALSE
"reverse|GCST90670375","ed_2025_eur_reverse_exposure","GCST90670375","Gut microbiome species abundance (Ruminococcus E bromii B, GCF_002834235.1)","taxon:ruminococcus e bromii b","primary","GCST90670375","EUR","reverse_sensitivity","microbiome_trait_units_per_standardized_ED_exposure",17,"estimable","reverse",TRUE,TRUE,"mr_ivw_mre",17,0.415285676690066,0.205474750376872,0.0125625662190389,0.818008787161094,0.0432690825753248,"estimated","","",1572,0.967253667401663,FALSE
"reverse|GCST90671366","ed_2025_eur_reverse_exposure","GCST90671366","Gut microbiome genus presence (CAZU01)","taxon:cazu01","primary","GCST90671366","EUR","reverse_sensitivity","microbiome_trait_units_per_standardized_ED_exposure",15,"estimable","reverse",TRUE,TRUE,"mr_ivw_mre",15,1.51924275723517,0.756293146940592,0.0369354274771558,3.00155008699319,0.0445581962500816,"estimated","","",1572,0.967253667401663,FALSE
"reverse|GCST90671326","ed_2025_eur_reverse_exposure","GCST90671326","Gut microbiome genus abundance (Barnesiella)","taxon:barnesiella","primary","GCST90671326","EUR","reverse_sensitivity","microbiome_trait_units_per_standardized_ED_exposure",17,"estimable","reverse",TRUE,TRUE,"mr_ivw_mre",17,0.438492683552611,0.218761750745103,0.00972753089728146,0.867257836207941,0.0450239853499292,"estimated","","",1572,0.967253667401663,FALSE
"reverse|GCST90670884","ed_2025_eur_reverse_exposure","GCST90670884","Gut microbiome species abundance (Enterocloster excrementigallinarum, GCA_900547035.1)","taxon:enterocloster excrementigallinarum","primary","GCST90670884","EUR","reverse_sensitivity","microbiome_trait_units_per_standardized_ED_exposure",17,"estimable","reverse",TRUE,TRUE,"mr_ivw_mre",17,0.401749347461002,0.201682037967527,0.00645981671600904,0.797038878205994,0.046371749980904,"estimated","","",1572,0.967253667401663,FALSE
"reverse|GCST90670568","ed_2025_eur_reverse_exposure","GCST90670568","Gut microbiome species presence (SFMI01 sp004556155, GCA_004556155.1)","taxon:sfmi01 sp004556155","primary","GCST90670568","EUR","reverse_sensitivity","microbiome_trait_units_per_standardized_ED_exposure",15,"estimable","reverse",TRUE,TRUE,"mr_ivw_mre",15,-1.12877784826323,0.567183346524417,-2.24043678008199,-0.0171189164444758,0.0465748198651554,"estimated","","",1572,0.967253667401663,FALSE
"reverse|GCST90670370","ed_2025_eur_reverse_exposure","GCST90670370","Gut microbiome alpha diversity abundance (Inverse Simpson diversity)","alpha:inverse_simpson_diversity","primary","GCST90670370","EUR","reverse_sensitivity","microbiome_trait_units_per_standardized_ED_exposure",17,"estimable","reverse",TRUE,TRUE,"mr_ivw_mre",17,0.451391197539789,0.226923576005156,0.00662916132664504,0.896153233752932,0.0466816504899648,"estimated","","",1572,0.967253667401663,FALSE
"reverse|GCST90671184","ed_2025_eur_reverse_exposure","GCST90671184","Gut microbiome species presence (Intestinimonas pullistercoris, GCA_019119795.1)","taxon:intestinimonas pullistercoris","primary","GCST90671184","EUR","reverse_sensitivity","microbiome_trait_units_per_standardized_ED_exposure",15,"estimable","reverse",TRUE,TRUE,"mr_ivw_mre",15,-1.17726981094255,0.592511416070233,-2.33857084686903,-0.0159687750160635,0.0469318188222784,"estimated","","",1572,0.967253667401663,FALSE
"reverse|GCST90671644","ed_2025_eur_reverse_exposure","GCST90671644","Gut microbiome genus abundance (Bianquea)","taxon:bianquea","primary","GCST90671644","EUR","reverse_sensitivity","microbiome_trait_units_per_standardized_ED_exposure",17,"estimable","reverse",TRUE,TRUE,"mr_ivw_mre",17,0.413347278225785,0.208250338848669,0.00518411431413141,0.821510442137439,0.0471603112808847,"estimated","","",1572,0.967253667401663,FALSE
"reverse|GCST90670953","ed_2025_eur_reverse_exposure","GCST90670953","Gut microbiome species presence (UMGS1494 sp900552305, GCA_900552305.1)","taxon:umgs1494 sp900552305","primary","GCST90670953","EUR","reverse_sensitivity","microbiome_trait_units_per_standardized_ED_exposure",15,"estimable","reverse",TRUE,TRUE,"mr_ivw_mre",15,-1.44664801399212,0.732091700906413,-2.88152138114936,-0.0117746468348812,0.0481493916815818,"estimated","","",1572,0.967253667401663,FALSE
"reverse|GCST90670420","ed_2025_eur_reverse_exposure","GCST90670420","Gut microbiome species abundance (UBA1417 sp003531055, GCA_021029595.1)","taxon:uba1417 sp003531055","primary","GCST90670420","EUR","reverse_sensitivity","microbiome_trait_units_per_standardized_ED_exposure",17,"estimable","reverse",TRUE,TRUE,"mr_ivw_mre",17,0.511034855534906,0.259035759182892,0.00333409682844843,1.01873561424136,0.0485143449654765,"estimated","","",1572,0.967253667401663,FALSE
"reverse|GCST90671299","ed_2025_eur_reverse_exposure","GCST90671299","Gut microbiome genus abundance (Acetatifactor)","taxon:acetatifactor","primary","GCST90671299","EUR","reverse_sensitivity","microbiome_trait_units_per_standardized_ED_exposure",17,"estimable","reverse",TRUE,TRUE,"mr_ivw_mre",17,0.529578623186887,0.268969335308833,0.00240841303589801,1.05674883333788,0.0489624836593155,"estimated","","",1572,0.967253667401663,FALSE
"reverse|GCST90671382","ed_2025_eur_reverse_exposure","GCST90671382","Gut microbiome genus abundance (Butyricimonas)","taxon:butyricimonas","primary","GCST90671382","EUR","reverse_sensitivity","microbiome_trait_units_per_standardized_ED_exposure",17,"estimable","reverse",TRUE,TRUE,"mr_ivw_mre",17,0.418600179355659,0.213707963596181,-0.000259732502251864,0.837460091213571,0.0501422331163194,"estimated","","",1572,0.967253667401663,FALSE
"reverse|GCST90670993","ed_2025_eur_reverse_exposure","GCST90670993","Gut microbiome species presence (Holdemania massiliensis, GCF_000327285.1)","taxon:holdemania massiliensis","primary","GCST90670993","EUR","reverse_sensitivity","microbiome_trait_units_per_standardized_ED_exposure",15,"estimable","reverse",TRUE,TRUE,"mr_ivw_mre",15,-1.34354156593143,0.691213169842465,-2.69829448446243,0.0112113525995656,0.0519263098527639,"estimated","","",1572,0.967253667401663,FALSE
"reverse|GCST90670639","ed_2025_eur_reverse_exposure","GCST90670639","Gut microbiome species presence (Veillonella rogosae, GCF_002959775.1)","taxon:veillonella rogosae","primary","GCST90670639","EUR","reverse_sensitivity","microbiome_trait_units_per_standardized_ED_exposure",15,"estimable","reverse",TRUE,TRUE,"mr_ivw_mre",15,1.51322300539904,0.782065761822403,-0.0195977213147456,3.04604373211283,0.0530019462835655,"estimated","","",1572,0.967253667401663,FALSE
"reverse|GCST90671396","ed_2025_eur_reverse_exposure","GCST90671396","Gut microbiome genus presence (Paratractidigestivibacter)","taxon:paratractidigestivibacter","primary","GCST90671396","EUR","reverse_sensitivity","microbiome_trait_units_per_standardized_ED_exposure",15,"estimable","reverse",TRUE,TRUE,"mr_ivw_mre",15,-1.22028534524069,0.632081190367984,-2.45914171366714,0.0185710231857663,0.0535346135624328,"estimated","","",1572,0.967253667401663,FALSE
"reverse|GCST90671837","ed_2025_eur_reverse_exposure","GCST90671837","Gut microbiome function abundance (Fructose degradation, MF0015)","function:mf0015","primary","GCST90671837","EUR","reverse_sensitivity","microbiome_trait_units_per_standardized_ED_exposure",17,"estimable","reverse",TRUE,TRUE,"mr_ivw_mre",17,0.438724250403536,0.227456540224204,-0.00708237648398935,0.88453087729106,0.0537523786251072,"estimated","","",1572,0.967253667401663,FALSE
"reverse|GCST90670916","ed_2025_eur_reverse_exposure","GCST90670916","Gut microbiome species abundance (Acutalibacter sp900548545, GCA_900548545.1)","taxon:acutalibacter sp900548545","primary","GCST90670916","EUR","reverse_sensitivity","microbiome_trait_units_per_standardized_ED_exposure",17,"estimable","reverse",TRUE,TRUE,"mr_ivw_mre",17,0.455522481914692,0.236345534396425,-0.00770625340917403,0.918751217238557,0.0539350166088017,"estimated","","",1572,0.967253667401663,FALSE
"reverse|GCST90671928","ed_2025_eur_reverse_exposure","GCST90671928","Gut microbiome function abundance (Quinolinic acid synthesis, MGB032)","function:mgb032","primary","GCST90671928","EUR","reverse_sensitivity","microbiome_trait_units_per_standardized_ED_exposure",17,"estimable","reverse",TRUE,TRUE,"mr_ivw_mre",17,0.43389165205342,0.225522556832921,-0.00812443704049293,0.875907741147334,0.0543622246807697,"estimated","","",1572,0.967253667401663,FALSE
"reverse|GCST90670622","ed_2025_eur_reverse_exposure","GCST90670622","Gut microbiome species abundance (Fimisoma sp000435715, GCA_000435715.1)","taxon:fimisoma sp000435715","primary","GCST90670622","EUR","reverse_sensitivity","microbiome_trait_units_per_standardized_ED_exposure",17,"estimable","reverse",TRUE,TRUE,"mr_ivw_mre",17,0.402629641806794,0.210069235726065,-0.00909849447614819,0.814357778089736,0.0552821443719961,"estimated","","",1572,0.967253667401663,FALSE
"reverse|GCST90671039","ed_2025_eur_reverse_exposure","GCST90671039","Gut microbiome species presence (Avimonas sp900551425, GCA_905192745.1)","taxon:avimonas sp900551425","primary","GCST90671039","EUR","reverse_sensitivity","microbiome_trait_units_per_standardized_ED_exposure",15,"estimable","reverse",TRUE,TRUE,"mr_ivw_mre",15,1.03561488646244,0.541782026884746,-0.026258373702776,2.09748814662765,0.0559407022858362,"estimated","","",1572,0.967253667401663,FALSE
"reverse|GCST90670605","ed_2025_eur_reverse_exposure","GCST90670605","Gut microbiome species presence (CAG-45 sp000438375, GCA_902363825.1)","taxon:cag-45 sp000438375","primary","GCST90670605","EUR","reverse_sensitivity","microbiome_trait_units_per_standardized_ED_exposure",15,"estimable","reverse",TRUE,TRUE,"mr_ivw_mre",15,1.02180388766774,0.535365130537999,-0.0274924867653208,2.0711002621008,0.0563122652078736,"estimated","","",1572,0.967253667401663,FALSE
"reverse|GCST90670989","ed_2025_eur_reverse_exposure","GCST90670989","Gut microbiome species presence (Gordonibacter urolithinfaciens, GCF_900199375.1)","taxon:gordonibacter urolithinfaciens","primary","GCST90670989","EUR","reverse_sensitivity","microbiome_trait_units_per_standardized_ED_exposure",15,"estimable","reverse",TRUE,TRUE,"mr_ivw_mre",15,-1.07769259172827,0.565665287015966,-2.18637618158407,0.0309909981275383,0.0567570445621708,"estimated","","",1572,0.967253667401663,FALSE
"reverse|GCST90671821","ed_2025_eur_reverse_exposure","GCST90671821","Gut microbiome superkingdom presence (Archaea)","taxon:archaea","primary","GCST90671821","EUR","reverse_sensitivity","microbiome_trait_units_per_standardized_ED_exposure",15,"estimable","reverse",TRUE,TRUE,"mr_ivw_mre",15,1.00915360032352,0.531342364691617,-0.0322582979323982,2.05056549857943,0.0575312142648911,"estimated","","",1572,0.967253667401663,FALSE
"reverse|GCST90671628","ed_2025_eur_reverse_exposure","GCST90671628","Gut microbiome genus presence (JAHZIE01)","taxon:jahzie01","primary","GCST90671628","EUR","reverse_sensitivity","microbiome_trait_units_per_standardized_ED_exposure",15,"estimable","reverse",TRUE,TRUE,"mr_ivw_mre",15,1.04160100369203,0.549963116941825,-0.0363068983393347,2.1195089057234,0.0582320431251806,"estimated","","",1572,0.967253667401663,FALSE
"reverse|GCST90671700","ed_2025_eur_reverse_exposure","GCST90671700","Gut microbiome family presence (QAMH01)","taxon:qamh01","primary","GCST90671700","EUR","reverse_sensitivity","microbiome_trait_units_per_standardized_ED_exposure",15,"estimable","reverse",TRUE,TRUE,"mr_ivw_mre",15,1.0299779454207,0.546649919063993,-0.0414362080964577,2.10139209893787,0.0595428332022655,"estimated","","",1572,0.967253667401663,FALSE
"reverse|GCST90670485","ed_2025_eur_reverse_exposure","GCST90670485","Gut microbiome species abundance (Bacteroides ovatus, GCF_001314995.1)","taxon:bacteroides ovatus","primary","GCST90670485","EUR","reverse_sensitivity","microbiome_trait_units_per_standardized_ED_exposure",17,"estimable","reverse",TRUE,TRUE,"mr_ivw_mre",17,0.404689690944834,0.215728198642776,-0.0181298088447085,0.827509190734377,0.0606657257078913,"estimated","","",1572,0.967253667401663,FALSE
"reverse|GCST90671596","ed_2025_eur_reverse_exposure","GCST90671596","Gut microbiome genus abundance (QAKD01)","taxon:qakd01","primary","GCST90671596","EUR","reverse_sensitivity","microbiome_trait_units_per_standardized_ED_exposure",17,"estimable","reverse",TRUE,TRUE,"mr_ivw_mre",17,0.380355602293174,0.203273974897543,-0.0180540675003096,0.778765272086657,0.0613246308718073,"estimated","","",1572,0.967253667401663,FALSE
"reverse|GCST90670762","ed_2025_eur_reverse_exposure","GCST90670762","Gut microbiome species presence (UMGS1279 sp900550315, GCA_900550315.1)","taxon:umgs1279 sp900550315","primary","GCST90670762","EUR","reverse_sensitivity","microbiome_trait_units_per_standardized_ED_exposure",15,"estimable","reverse",TRUE,TRUE,"mr_ivw_mre",15,1.68215440881057,0.900898160079068,-0.0835735386828065,3.44788235630394,0.0618740720242154,"estimated","","",1572,0.967253667401663,FALSE
"reverse|GCST90671155","ed_2025_eur_reverse_exposure","GCST90671155","Gut microbiome species presence (Tidjanibacter inops, GCF_900104605.1)","taxon:tidjanibacter inops","primary","GCST90671155","EUR","reverse_sensitivity","microbiome_trait_units_per_standardized_ED_exposure",15,"estimable","reverse",TRUE,TRUE,"mr_ivw_mre",15,0.965947339844756,0.517381913495509,-0.0481025768588586,1.97999725654837,0.0619028544619341,"estimated","","",1572,0.967253667401663,FALSE
"reverse|GCST90671547","ed_2025_eur_reverse_exposure","GCST90671547","Gut microbiome genus presence (Anaerofustis)","taxon:anaerofustis","primary","GCST90671547","EUR","reverse_sensitivity","microbiome_trait_units_per_standardized_ED_exposure",15,"estimable","reverse",TRUE,TRUE,"mr_ivw_mre",15,1.22715628128819,0.657409644348017,-0.0613429447232057,2.51565550729959,0.0619499343605299,"estimated","","",1572,0.967253667401663,FALSE
"reverse|GCST90671726","ed_2025_eur_reverse_exposure","GCST90671726","Gut microbiome family presence (Anaerofustaceae)","taxon:anaerofustaceae","primary","GCST90671726","EUR","reverse_sensitivity","microbiome_trait_units_per_standardized_ED_exposure",15,"estimable","reverse",TRUE,TRUE,"mr_ivw_mre",15,1.22715628128819,0.657409644348017,-0.0613429447232057,2.51565550729959,0.0619499343605299,"estimated","","",1572,0.967253667401663,FALSE
"reverse|GCST90670482","ed_2025_eur_reverse_exposure","GCST90670482","Gut microbiome species abundance (Anaerobutyricum hallii, GCF_000173975.1)","taxon:anaerobutyricum hallii","primary","GCST90670482","EUR","reverse_sensitivity","microbiome_trait_units_per_standardized_ED_exposure",17,"estimable","reverse",TRUE,TRUE,"mr_ivw_mre",17,0.439893419241792,0.236206554426797,-0.0230629203470306,0.902849758830614,0.0625572651711687,"estimated","","",1572,0.967253667401663,FALSE
"reverse|GCST90670952","ed_2025_eur_reverse_exposure","GCST90670952","Gut microbiome species abundance (UBA866 sp900543295, GCA_900543295.1)","taxon:uba866 sp900543295","primary","GCST90670952","EUR","reverse_sensitivity","microbiome_trait_units_per_standardized_ED_exposure",17,"estimable","reverse",TRUE,TRUE,"mr_ivw_mre",17,0.378496300625894,0.204414249783926,-0.0221482668773743,0.779140868129163,0.064081261440261,"estimated","","",1572,0.967253667401663,FALSE
"reverse|GCST90670666","ed_2025_eur_reverse_exposure","GCST90670666","Gut microbiome species presence (Merdimorpha sp002314265, GCA_002314265.1)","taxon:merdimorpha sp002314265","primary","GCST90670666","EUR","reverse_sensitivity","microbiome_trait_units_per_standardized_ED_exposure",15,"estimable","reverse",TRUE,TRUE,"mr_ivw_mre",15,1.71476820367922,0.930709719243889,-0.109389326100189,3.53892573345862,0.0654121676930314,"estimated","","",1572,0.967253667401663,FALSE
"reverse|GCST90671228","ed_2025_eur_reverse_exposure","GCST90671228","Gut microbiome species presence (Lactococcus A laudensis, GCF_013449735.1)","taxon:lactococcus a laudensis","primary","GCST90671228","EUR","reverse_sensitivity","microbiome_trait_units_per_standardized_ED_exposure",15,"estimable","reverse",TRUE,TRUE,"mr_ivw_mre",15,1.24168910950956,0.675681636013614,-0.082622562092225,2.56600078111134,0.0661090313490654,"estimated","","",1572,0.967253667401663,FALSE
"reverse|GCST90670911","ed_2025_eur_reverse_exposure","GCST90670911","Gut microbiome species abundance (UBA3818 sp900557155, GCA_934875375.1)","taxon:uba3818 sp900557155","primary","GCST90670911","EUR","reverse_sensitivity","microbiome_trait_units_per_standardized_ED_exposure",17,"estimable","reverse",TRUE,TRUE,"mr_ivw_mre",17,0.391233233933208,0.213193185355827,-0.0266177311135847,0.809084198980001,0.0664891927364516,"estimated","","",1572,0.967253667401663,FALSE
"reverse|GCST90670541","ed_2025_eur_reverse_exposure","GCST90670541","Gut microbiome species presence (CAZU01 sp000432275, GCA_000432275.1)","taxon:cazu01 sp000432275","primary","GCST90670541","EUR","reverse_sensitivity","microbiome_trait_units_per_standardized_ED_exposure",15,"estimable","reverse",TRUE,TRUE,"mr_ivw_mre",15,1.45299525118743,0.794468211917961,-0.104133831033709,3.01012433340857,0.0674160352093493,"estimated","","",1572,0.967253667401663,FALSE
"reverse|GCST90671328","ed_2025_eur_reverse_exposure","GCST90671328","Gut microbiome genus presence (Klebsiella)","taxon:klebsiella","primary","GCST90671328","EUR","reverse_sensitivity","microbiome_trait_units_per_standardized_ED_exposure",15,"estimable","reverse",TRUE,TRUE,"mr_ivw_mre",15,-1.27255052268167,0.69645022479704,-2.6375678803087,0.0924668349453486,0.0676704221099865,"estimated","","",1572,0.967253667401663,FALSE
"reverse|GCST90671353","ed_2025_eur_reverse_exposure","GCST90671353","Gut microbiome genus presence (Peptidiphaga)","taxon:peptidiphaga","primary","GCST90671353","EUR","reverse_sensitivity","microbiome_trait_units_per_standardized_ED_exposure",15,"estimable","reverse",TRUE,TRUE,"mr_ivw_mre",15,-1.21705707899184,0.666186047207533,-2.52275773852171,0.0886435805380206,0.0677144023520961,"estimated","","",1572,0.967253667401663,FALSE
"reverse|GCST90670972","ed_2025_eur_reverse_exposure","GCST90670972","Gut microbiome species presence (Dysosmobacter avistercoris, GCF_016902445.1)","taxon:dysosmobacter avistercoris","primary","GCST90670972","EUR","reverse_sensitivity","microbiome_trait_units_per_standardized_ED_exposure",15,"estimable","reverse",TRUE,TRUE,"mr_ivw_mre",15,0.955428885726405,0.523478899656768,-0.0705709042675161,1.98142867572033,0.0679780012594444,"estimated","","",1572,0.967253667401663,FALSE
"reverse|GCST90670888","ed_2025_eur_reverse_exposure","GCST90670888","Gut microbiome species abundance (Holdemania filiformis, GCF_000157995.1)","taxon:holdemania filiformis","primary","GCST90670888","EUR","reverse_sensitivity","microbiome_trait_units_per_standardized_ED_exposure",17,"estimable","reverse",TRUE,TRUE,"mr_ivw_mre",17,0.566587597275235,0.311616846628043,-0.0441701990916708,1.17734539364214,0.0690307034101978,"estimated","","",1572,0.967253667401663,FALSE
"reverse|GCST90670518","ed_2025_eur_reverse_exposure","GCST90670518","Gut microbiome species presence (51-20 sp001917175, GCA_001917175.1)","taxon:51-20 sp001917175","primary","GCST90670518","EUR","reverse_sensitivity","microbiome_trait_units_per_standardized_ED_exposure",15,"estimable","reverse",TRUE,TRUE,"mr_ivw_mre",15,1.16254585817647,0.640317644830123,-0.0924536643560816,2.41754538070902,0.0694353156966002,"estimated","","",1572,0.967253667401663,FALSE
"reverse|GCST90671451","ed_2025_eur_reverse_exposure","GCST90671451","Gut microbiome genus presence (UMGS1820)","taxon:umgs1820","primary","GCST90671451","EUR","reverse_sensitivity","microbiome_trait_units_per_standardized_ED_exposure",15,"estimable","reverse",TRUE,TRUE,"mr_ivw_mre",15,0.976264480660938,0.538309830314231,-0.0788033992788227,2.0313323606007,0.0697434025781508,"estimated","","",1572,0.967253667401663,FALSE
"reverse|GCST90670691","ed_2025_eur_reverse_exposure","GCST90670691","Gut microbiome species presence (CAG-313 sp000433035, GCA_000433035.1)","taxon:cag-313 sp000433035","primary","GCST90670691","EUR","reverse_sensitivity","microbiome_trait_units_per_standardized_ED_exposure",15,"estimable","reverse",TRUE,TRUE,"mr_ivw_mre",15,1.04424163394458,0.575926110702848,-0.0845528007892291,2.17303606867839,0.069808366199514,"estimated","","",1572,0.967253667401663,FALSE
"reverse|GCST90671015","ed_2025_eur_reverse_exposure","GCST90671015","Gut microbiome species presence (Pseudoflavonifractor capillosus, GCF_000169255.2)","taxon:pseudoflavonifractor capillosus","primary","GCST90671015","EUR","reverse_sensitivity","microbiome_trait_units_per_standardized_ED_exposure",15,"estimable","reverse",TRUE,TRUE,"mr_ivw_mre",15,0.964911725476498,0.533564561856699,-0.0808555991895253,2.01067905014252,0.0705403120721308,"estimated","","",1572,0.967253667401663,FALSE
"reverse|GCST90670521","ed_2025_eur_reverse_exposure","GCST90670521","Gut microbiome species presence (Scatocola faecipullorum, GCA_001917125.1)","taxon:scatocola faecipullorum","primary","GCST90670521","EUR","reverse_sensitivity","microbiome_trait_units_per_standardized_ED_exposure",15,"estimable","reverse",TRUE,TRUE,"mr_ivw_mre",15,1.06975113137203,0.591637015895467,-0.0898361117038382,2.22933837444789,0.0705877181805912,"estimated","","",1572,0.967253667401663,FALSE
"reverse|GCST90671189","ed_2025_eur_reverse_exposure","GCST90671189","Gut microbiome species abundance (Dysosmobacter sp944387015, GCA_944387015.1)","taxon:dysosmobacter sp944387015","primary","GCST90671189","EUR","reverse_sensitivity","microbiome_trait_units_per_standardized_ED_exposure",17,"estimable","reverse",TRUE,TRUE,"mr_ivw_mre",17,0.393032407864111,0.217414614321827,-0.0330924059193353,0.819157221647557,0.0706446032414318,"estimated","","",1572,0.967253667401663,FALSE
"reverse|GCST90670496","ed_2025_eur_reverse_exposure","GCST90670496","Gut microbiome species presence (CAG-269 sp000431335, GCA_000431335.1)","taxon:cag-269 sp000431335","primary","GCST90670496","EUR","reverse_sensitivity","microbiome_trait_units_per_standardized_ED_exposure",15,"estimable","reverse",TRUE,TRUE,"mr_ivw_mre",15,1.06874889591521,0.59121706444634,-0.0900152574451156,2.22751304927553,0.0706516746972479,"estimated","","",1572,0.967253667401663,FALSE
"reverse|GCST90670817","ed_2025_eur_reverse_exposure","GCST90670817","Gut microbiome species presence (Spyradocola sp905193155, GCA_905193155.1)","taxon:spyradocola sp905193155","primary","GCST90670817","EUR","reverse_sensitivity","microbiome_trait_units_per_standardized_ED_exposure",15,"estimable","reverse",TRUE,TRUE,"mr_ivw_mre",15,1.16003797987991,0.641963010340592,-0.0981863997945664,2.41826235955438,0.0707596512412158,"estimated","","",1572,0.967253667401663,FALSE
"reverse|GCST90670516","ed_2025_eur_reverse_exposure","GCST90670516","Gut microbiome species presence (Slackia A isoflavoniconvertens, GCF_003725955.1)","taxon:slackia a isoflavoniconvertens","primary","GCST90670516","EUR","reverse_sensitivity","microbiome_trait_units_per_standardized_ED_exposure",15,"estimable","reverse",TRUE,TRUE,"mr_ivw_mre",15,1.10966634442049,0.615589831880075,-0.0968675553135183,2.31620024415451,0.0714500068523957,"estimated","","",1572,0.968270782516948,FALSE
"reverse|GCST90670369","ed_2025_eur_reverse_exposure","GCST90670369","Gut microbiome alpha diversity abundance (Shannon diversity)","alpha:shannon","primary","GCST90670369","EUR","reverse_sensitivity","microbiome_trait_units_per_standardized_ED_exposure",17,"estimable","reverse",TRUE,TRUE,"mr_ivw_mre",17,0.403188759990312,0.225158750530941,-0.0381142818543698,0.844491801834995,0.0733435994280246,"estimated","","",1572,0.985437079494484,FALSE
"reverse|GCST90670827","ed_2025_eur_reverse_exposure","GCST90670827","Gut microbiome species presence (Merdimonas faecis, GCF_001754075.1)","taxon:merdimonas faecis","primary","GCST90670827","EUR","reverse_sensitivity","microbiome_trait_units_per_standardized_ED_exposure",15,"estimable","reverse",TRUE,TRUE,"mr_ivw_mre",15,1.11276419657253,0.623190877945654,-0.108667479694846,2.33419587283991,0.0741654600482141,"estimated","","",1572,0.9880347728457,FALSE
"reverse|GCST90671076","ed_2025_eur_reverse_exposure","GCST90671076","Gut microbiome species presence (Lawsonibacter sp003478995, GCF_003478995.1)","taxon:lawsonibacter sp003478995","primary","GCST90671076","EUR","reverse_sensitivity","microbiome_trait_units_per_standardized_ED_exposure",15,"estimable","reverse",TRUE,TRUE,"mr_ivw_mre",15,2.10278895520618,1.18502077616897,-0.219809087016693,4.42538699742906,0.0759847234633252,"estimated","","",1572,0.989293754988164,FALSE
"reverse|GCST90671511","ed_2025_eur_reverse_exposure","GCST90671511","Gut microbiome genus abundance (Choladousia)","taxon:choladousia","primary","GCST90671511","EUR","reverse_sensitivity","microbiome_trait_units_per_standardized_ED_exposure",17,"estimable","reverse",TRUE,TRUE,"mr_ivw_mre",17,-0.387453387616408,0.218756249569391,-0.816207758165471,0.0413009829326539,0.0765332867171492,"estimated","","",1572,0.989293754988164,FALSE
"reverse|GCST90671865","ed_2025_eur_reverse_exposure","GCST90671865","Gut microbiome function abundance (Glutamine degradation II, MF0047)","function:mf0047","primary","GCST90671865","EUR","reverse_sensitivity","microbiome_trait_units_per_standardized_ED_exposure",17,"estimable","reverse",TRUE,TRUE,"mr_ivw_mre",17,0.400165007983382,0.226067210763104,-0.042918583197728,0.843248599164491,0.0767079504660051,"estimated","","",1572,0.989293754988164,FALSE
"reverse|GCST90670990","ed_2025_eur_reverse_exposure","GCST90670990","Gut microbiome species presence (Harryflintia acetispora, GCA_004340125.1)","taxon:harryflintia acetispora","primary","GCST90670990","EUR","reverse_sensitivity","microbiome_trait_units_per_standardized_ED_exposure",15,"estimable","reverse",TRUE,TRUE,"mr_ivw_mre",15,0.919776080946935,0.51973580698721,-0.0988873822238567,1.93843954411773,0.0767772507051883,"estimated","","",1572,0.989293754988164,FALSE
"reverse|GCST90670523","ed_2025_eur_reverse_exposure","GCST90670523","Gut microbiome species abundance (Dysosmobacter welbionis, GCF_005121165.3)","taxon:dysosmobacter welbionis","primary","GCST90670523","EUR","reverse_sensitivity","microbiome_trait_units_per_standardized_ED_exposure",17,"estimable","reverse",TRUE,TRUE,"mr_ivw_mre",17,0.453866235585513,0.25714580056074,-0.0501302722892564,0.957862743460282,0.0775612183602885,"estimated","","",1572,0.991270205385151,FALSE
"reverse|GCST90671300","ed_2025_eur_reverse_exposure","GCST90671300","Gut microbiome genus abundance (Coprococcus)","taxon:coprococcus","primary","GCST90671300","EUR","reverse_sensitivity","microbiome_trait_units_per_standardized_ED_exposure",17,"estimable","reverse",TRUE,TRUE,"mr_ivw_mre",17,0.375356476814814,0.213128947479827,-0.042368584308575,0.793081537938203,0.0782095003644195,"estimated","","",1572,0.991494633652156,FALSE
"reverse|GCST90671112","ed_2025_eur_reverse_exposure","GCST90671112","Gut microbiome species presence (Merdiplasma hMGS.05331, )","taxon:merdiplasma hmgs.05331,","primary","GCST90671112","EUR","reverse_sensitivity","microbiome_trait_units_per_standardized_ED_exposure",15,"estimable","reverse",TRUE,TRUE,"mr_ivw_mre",15,1.24153144420421,0.708835941394122,-0.147761471875814,2.63082436028423,0.0798585362162759,"estimated","","",1572,0.992268392990782,FALSE
"reverse|GCST90670897","ed_2025_eur_reverse_exposure","GCST90670897","Gut microbiome species presence (CAG-269 sp905203195, GCA_905203195.1)","taxon:cag-269 sp905203195","primary","GCST90670897","EUR","reverse_sensitivity","microbiome_trait_units_per_standardized_ED_exposure",15,"estimable","reverse",TRUE,TRUE,"mr_ivw_mre",15,-1.78724788252797,1.02152803864488,-3.78940604746978,0.214910282413838,0.0801903304156763,"estimated","","",1572,0.992268392990782,FALSE
"reverse|GCST90670384","ed_2025_eur_reverse_exposure","GCST90670384","Gut microbiome species presence (Coprococcus eutactus A, GCF_001404675.1)","taxon:coprococcus eutactus a","primary","GCST90670384","EUR","reverse_sensitivity","microbiome_trait_units_per_standardized_ED_exposure",15,"estimable","reverse",TRUE,TRUE,"mr_ivw_mre",15,0.934015126860205,0.534749861207797,-0.114075341844869,1.98210559556528,0.0806999244537972,"estimated","","",1572,0.992268392990782,FALSE
"reverse|GCST90671839","ed_2025_eur_reverse_exposure","GCST90671839","Gut microbiome function abundance (Galactose degradation, MF0017)","function:mf0017","primary","GCST90671839","EUR","reverse_sensitivity","microbiome_trait_units_per_standardized_ED_exposure",17,"estimable","reverse",TRUE,TRUE,"mr_ivw_mre",17,0.396724110757493,0.227624730672219,-0.0494121633506854,0.842860384865671,0.0813534114719258,"estimated","","",1572,0.992268392990782,FALSE
"reverse|GCST90670615","ed_2025_eur_reverse_exposure","GCST90670615","Gut microbiome species presence (CAG-196 sp002102975, GCA_900552525.1)","taxon:cag-196 sp002102975","primary","GCST90670615","EUR","reverse_sensitivity","microbiome_trait_units_per_standardized_ED_exposure",15,"estimable","reverse",TRUE,TRUE,"mr_ivw_mre",15,1.06200924682945,0.610936233973682,-0.135403768609506,2.2594222622684,0.0821525496314055,"estimated","","",1572,0.992268392990782,FALSE
"reverse|GCST90671871","ed_2025_eur_reverse_exposure","GCST90671871","Gut microbiome function abundance (Arginine degradation IV, MF0054)","function:mf0054","primary","GCST90671871","EUR","reverse_sensitivity","microbiome_trait_units_per_standardized_ED_exposure",17,"estimable","reverse",TRUE,TRUE,"mr_ivw_mre",17,0.387297412623064,0.223217145654041,-0.0502001535906881,0.824794978836817,0.0827283757573719,"estimated","","",1572,0.992268392990782,FALSE
"reverse|GCST90671241","ed_2025_eur_reverse_exposure","GCST90671241","Gut microbiome species abundance (Massiliimalia massiliensis, GCF_900155615.1)","taxon:massiliimalia massiliensis","primary","GCST90671241","EUR","reverse_sensitivity","microbiome_trait_units_per_standardized_ED_exposure",17,"estimable","reverse",TRUE,TRUE,"mr_ivw_mre",17,0.38226500350486,0.222031716790188,-0.0529091648295061,0.817439171839226,0.0851295942385439,"estimated","","",1572,0.992268392990782,FALSE
"reverse|GCST90670902","ed_2025_eur_reverse_exposure","GCST90670902","Gut microbiome species presence (Lachnoclostridium B faecipullorum, GCF_020892095.1)","taxon:lachnoclostridium b faecipullorum","primary","GCST90670902","EUR","reverse_sensitivity","microbiome_trait_units_per_standardized_ED_exposure",15,"estimable","reverse",TRUE,TRUE,"mr_ivw_mre",15,-1.43544988875076,0.835383801382553,-3.07277205272873,0.2018722752272,0.0857397483080528,"estimated","","",1572,0.992268392990782,FALSE
"reverse|GCST90671622","ed_2025_eur_reverse_exposure","GCST90671622","Gut microbiome genus presence (Novisyntrophococcus)","taxon:novisyntrophococcus","primary","GCST90671622","EUR","reverse_sensitivity","microbiome_trait_units_per_standardized_ED_exposure",15,"estimable","reverse",TRUE,TRUE,"mr_ivw_mre",15,1.38875216417051,0.810985596992394,-0.200750397915301,2.97825472625631,0.0868183403655526,"estimated","","",1572,0.992268392990782,FALSE
"reverse|GCST90671108","ed_2025_eur_reverse_exposure","GCST90671108","Gut microbiome species presence (CAKTXU01 hMGS.04791, )","taxon:caktxu01 hmgs.04791,","primary","GCST90671108","EUR","reverse_sensitivity","microbiome_trait_units_per_standardized_ED_exposure",15,"estimable","reverse",TRUE,TRUE,"mr_ivw_mre",15,0.946977862993093,0.55365350287317,-0.138163062552763,2.03211878853895,0.0871889566422769,"estimated","","",1572,0.992268392990782,FALSE
"reverse|GCST90671013","ed_2025_eur_reverse_exposure","GCST90671013","Gut microbiome species presence (Prevotella corporis, GCF_000430525.1)","taxon:prevotella corporis","primary","GCST90671013","EUR","reverse_sensitivity","microbiome_trait_units_per_standardized_ED_exposure",15,"estimable","reverse",TRUE,TRUE,"mr_ivw_mre",15,1.18937230499893,0.695643047832971,-0.174063014849366,2.55280762484723,0.0873130156325002,"estimated","","",1572,0.992268392990782,FALSE
"reverse|GCST90670519","ed_2025_eur_reverse_exposure","GCST90670519","Gut microbiome species presence (CAG-273 sp003507395, GCA_003507395.1)","taxon:cag-273 sp003507395","primary","GCST90670519","EUR","reverse_sensitivity","microbiome_trait_units_per_standardized_ED_exposure",15,"estimable","reverse",TRUE,TRUE,"mr_ivw_mre",15,1.41410690048938,0.827246508584133,-0.207266462672025,3.03548026365078,0.0873742587428674,"estimated","","",1572,0.992268392990782,FALSE
"reverse|GCST90670895","ed_2025_eur_reverse_exposure","GCST90670895","Gut microbiome species presence (Bacteroides intestinigallinarum, GCF_014334015.1)","taxon:bacteroides intestinigallinarum","primary","GCST90670895","EUR","reverse_sensitivity","microbiome_trait_units_per_standardized_ED_exposure",15,"estimable","reverse",TRUE,TRUE,"mr_ivw_mre",15,1.9184866725591,1.12306431219238,-0.282678931660214,4.11965227677841,0.0875879726517606,"estimated","","",1572,0.992268392990782,FALSE
"reverse|GCST90671929","ed_2025_eur_reverse_exposure","GCST90671929","Gut microbiome function abundance (Quinolinic acid degradation, MGB033)","function:mgb033","primary","GCST90671929","EUR","reverse_sensitivity","microbiome_trait_units_per_standardized_ED_exposure",17,"estimable","reverse",TRUE,TRUE,"mr_ivw_mre",17,0.384684750005985,0.225766810369568,-0.0578100672228515,0.827179567234822,0.0883992067273261,"estimated","","",1572,0.992268392990782,FALSE
"reverse|GCST90671113","ed_2025_eur_reverse_exposure","GCST90671113","Gut microbiome species presence (Lawsonibacter hMGS.05355, )","taxon:lawsonibacter hmgs.05355,","primary","GCST90671113","EUR","reverse_sensitivity","microbiome_trait_units_per_standardized_ED_exposure",15,"estimable","reverse",TRUE,TRUE,"mr_ivw_mre",15,1.48261166942936,0.870438887821866,-0.223417201444595,3.18864054030332,0.0885134207925645,"estimated","","",1572,0.992268392990782,FALSE
"reverse|GCST90670880","ed_2025_eur_reverse_exposure","GCST90670880","Gut microbiome species abundance (Dielma fastidiosa, GCF_000313565.1)","taxon:dielma fastidiosa","primary","GCST90670880","EUR","reverse_sensitivity","microbiome_trait_units_per_standardized_ED_exposure",17,"estimable","reverse",TRUE,TRUE,"mr_ivw_mre",17,0.343539505496113,0.202742165002474,-0.0538278360564132,0.74090684704864,0.0901769543815754,"estimated","","",1572,0.992268392990782,FALSE
"reverse|GCST90670961","ed_2025_eur_reverse_exposure","GCST90670961","Gut microbiome species presence (Acetatifactor sp900760705, GCA_900760705.1)","taxon:acetatifactor sp900760705","primary","GCST90670961","EUR","reverse_sensitivity","microbiome_trait_units_per_standardized_ED_exposure",15,"estimable","reverse",TRUE,TRUE,"mr_ivw_mre",15,1.36927100113056,0.809209486603957,-0.216750448561341,2.95529245082247,0.090625111264664,"estimated","","",1572,0.992268392990782,FALSE
"reverse|GCST90671407","ed_2025_eur_reverse_exposure","GCST90671407","Gut microbiome genus presence (QAMH01)","taxon:qamh01","primary","GCST90671407","EUR","reverse_sensitivity","microbiome_trait_units_per_standardized_ED_exposure",15,"estimable","reverse",TRUE,TRUE,"mr_ivw_mre",15,0.911242708820403,0.538772427827979,-0.144731845585641,1.96721726322645,0.0907735317539488,"estimated","","",1572,0.992268392990782,FALSE
"reverse|GCST90671308","ed_2025_eur_reverse_exposure","GCST90671308","Gut microbiome genus abundance (Parabacteroides)","taxon:parabacteroides","primary","GCST90671308","EUR","reverse_sensitivity","microbiome_trait_units_per_standardized_ED_exposure",17,"estimable","reverse",TRUE,TRUE,"mr_ivw_mre",17,0.373137113255939,0.221365939356313,-0.060732155286313,0.80700638179819,0.0918705307029427,"estimated","","",1572,0.992268392990782,FALSE
"reverse|GCST90671663","ed_2025_eur_reverse_exposure","GCST90671663","Gut microbiome family abundance (Tannerellaceae)","taxon:tannerellaceae","primary","GCST90671663","EUR","reverse_sensitivity","microbiome_trait_units_per_standardized_ED_exposure",17,"estimable","reverse",TRUE,TRUE,"mr_ivw_mre",17,0.372783908342405,0.221365939356313,-0.0610853601998462,0.806653176884657,0.0921784678337671,"estimated","","",1572,0.992268392990782,FALSE
"reverse|GCST90670733","ed_2025_eur_reverse_exposure","GCST90670733","Gut microbiome species presence (Faecousia sp900544705, GCA_900544705.1)","taxon:faecousia sp900544705","primary","GCST90670733","EUR","reverse_sensitivity","microbiome_trait_units_per_standardized_ED_exposure",15,"estimable","reverse",TRUE,TRUE,"mr_ivw_mre",15,0.943369992004258,0.5605361773598,-0.155260727652705,2.04200071166122,0.0923793720375608,"estimated","","",1572,0.992268392990782,FALSE
"reverse|GCST90671915","ed_2025_eur_reverse_exposure","GCST90671915","Gut microbiome function abundance (Tryptophan synthesis, MGB005)","function:mgb005","primary","GCST90671915","EUR","reverse_sensitivity","microbiome_trait_units_per_standardized_ED_exposure",17,"estimable","reverse",TRUE,TRUE,"mr_ivw_mre",17,0.446301855552085,0.26611048316198,-0.0752651073539473,0.967868818458117,0.0935170775542012,"estimated","","",1572,0.992268392990782,FALSE
"reverse|GCST90671084","ed_2025_eur_reverse_exposure","GCST90671084","Gut microbiome species presence (Neobittarella massiliensis, GCF_900289145.1)","taxon:neobittarella massiliensis","primary","GCST90671084","EUR","reverse_sensitivity","microbiome_trait_units_per_standardized_ED_exposure",15,"estimable","reverse",TRUE,TRUE,"mr_ivw_mre",15,1.01444617866731,0.605560941455177,-0.172431457029005,2.20132381436362,0.0938916001205837,"estimated","","",1572,0.992268392990782,FALSE
"reverse|GCST90671180","ed_2025_eur_reverse_exposure","GCST90671180","Gut microbiome species presence (Novisyntrophococcus sp900539175, GCA_900539175.1)","taxon:novisyntrophococcus sp900539175","primary","GCST90671180","EUR","reverse_sensitivity","microbiome_trait_units_per_standardized_ED_exposure",15,"estimable","reverse",TRUE,TRUE,"mr_ivw_mre",15,1.53297210497044,0.919180067841122,-0.268587723305247,3.33453193324612,0.0953633026081116,"estimated","","",1572,0.992268392990782,FALSE
"reverse|GCST90670557","ed_2025_eur_reverse_exposure","GCST90670557","Gut microbiome species abundance (Copromonas sp900066785, GCF_003478035.1)","taxon:copromonas sp900066785","primary","GCST90670557","EUR","reverse_sensitivity","microbiome_trait_units_per_standardized_ED_exposure",17,"estimable","reverse",TRUE,TRUE,"mr_ivw_mre",17,0.351152372498505,0.211170934150743,-0.0627350530186314,0.765039798015641,0.0963360323989967,"estimated","","",1572,0.992268392990782,FALSE
"reverse|GCST90671024","ed_2025_eur_reverse_exposure","GCST90671024","Gut microbiome species presence (UMGS1783 sp905209135, GCA_905209135.1)","taxon:umgs1783 sp905209135","primary","GCST90671024","EUR","reverse_sensitivity","microbiome_trait_units_per_standardized_ED_exposure",15,"estimable","reverse",TRUE,TRUE,"mr_ivw_mre",15,0.96771004140998,0.582669882681706,-0.174301943522343,2.1097220263423,0.0967495180165982,"estimated","","",1572,0.992268392990782,FALSE
"reverse|GCST90670592","ed_2025_eur_reverse_exposure","GCST90670592","Gut microbiome species presence (CAG-628 sp000438415, GCA_000438415.1)","taxon:cag-628 sp000438415","primary","GCST90670592","EUR","reverse_sensitivity","microbiome_trait_units_per_standardized_ED_exposure",15,"estimable","reverse",TRUE,TRUE,"mr_ivw_mre",15,1.34844307513542,0.815690062369404,-0.250280069655841,2.94716621992668,0.0983040691041298,"estimated","","",1572,0.992268392990782,FALSE
"reverse|GCST90671634","ed_2025_eur_reverse_exposure","GCST90671634","Gut microbiome genus abundance (Pararuminococcus)","taxon:pararuminococcus","primary","GCST90671634","EUR","reverse_sensitivity","microbiome_trait_units_per_standardized_ED_exposure",17,"estimable","reverse",TRUE,TRUE,"mr_ivw_mre",17,0.363864485415037,0.220321106520902,-0.0679569483999434,0.795685919230017,0.0986326518635946,"estimated","","",1572,0.992268392990782,FALSE
"reverse|GCST90670642","ed_2025_eur_reverse_exposure","GCST90670642","Gut microbiome species presence (Parabacteroides goldsteinii, GCF_000969835.1)","taxon:parabacteroides goldsteinii","primary","GCST90670642","EUR","reverse_sensitivity","microbiome_trait_units_per_standardized_ED_exposure",15,"estimable","reverse",TRUE,TRUE,"mr_ivw_mre",15,0.954361098516362,0.578720715195419,-0.17991066037392,2.08863285740664,0.0991297097111392,"estimated","","",1572,0.992268392990782,FALSE
"reverse|GCST90671512","ed_2025_eur_reverse_exposure","GCST90671512","Gut microbiome genus abundance (Dielma)","taxon:dielma","primary","GCST90671512","EUR","reverse_sensitivity","microbiome_trait_units_per_standardized_ED_exposure",17,"estimable","reverse",TRUE,TRUE,"mr_ivw_mre",17,0.334269344905977,0.202960270815752,-0.0635254761853927,0.732064165997348,0.0995643463123959,"estimated","","",1572,0.992268392990782,FALSE
"reverse|GCST90671501","ed_2025_eur_reverse_exposure","GCST90671501","Gut microbiome genus abundance (Avimicrobium)","taxon:avimicrobium","primary","GCST90671501","EUR","reverse_sensitivity","microbiome_trait_units_per_standardized_ED_exposure",17,"estimable","reverse",TRUE,TRUE,"mr_ivw_mre",17,0.398724888062894,0.242842986999752,-0.077238620354748,0.874688396480537,0.100609886835237,"estimated","","",1572,0.992268392990782,FALSE
"reverse|GCST90671889","ed_2025_eur_reverse_exposure","GCST90671889","Gut microbiome function abundance (Pyruvate:formate lyase, MF0074)","function:mf0074","primary","GCST90671889","EUR","reverse_sensitivity","microbiome_trait_units_per_standardized_ED_exposure",17,"estimable","reverse",TRUE,TRUE,"mr_ivw_mre",17,0.369031045135867,0.225156577351885,-0.0722677373561338,0.810329827627868,0.101213800936014,"estimated","","",1572,0.992268392990782,FALSE
"reverse|GCST90671196","ed_2025_eur_reverse_exposure","GCST90671196","Gut microbiome species presence (Aphodomonas sp934615235, GCA_934615235.1)","taxon:aphodomonas sp934615235","primary","GCST90671196","EUR","reverse_sensitivity","microbiome_trait_units_per_standardized_ED_exposure",15,"estimable","reverse",TRUE,TRUE,"mr_ivw_mre",15,-0.964505250861723,0.591987975233629,-2.12478036160042,0.195769859876979,0.103256945500971,"estimated","","",1572,0.992268392990782,FALSE
"reverse|GCST90670415","ed_2025_eur_reverse_exposure","GCST90670415","Gut microbiome species abundance (CAG-41 sp900066215, GCA_003460745.1)","taxon:cag-41 sp900066215","primary","GCST90670415","EUR","reverse_sensitivity","microbiome_trait_units_per_standardized_ED_exposure",17,"estimable","reverse",TRUE,TRUE,"mr_ivw_mre",17,0.366153008183535,0.225156577351885,-0.0751457743084663,0.807451790675536,0.10390392182357,"estimated","","",1572,0.992268392990782,FALSE
"reverse|GCST90670510","ed_2025_eur_reverse_exposure","GCST90670510","Gut microbiome species presence (CAG-452 sp000434035, GCA_000434035.1)","taxon:cag-452 sp000434035","primary","GCST90670510","EUR","reverse_sensitivity","microbiome_trait_units_per_standardized_ED_exposure",15,"estimable","reverse",TRUE,TRUE,"mr_ivw_mre",15,-1.29101236307618,0.799241371494884,-2.85749666616055,0.275471940008192,0.10624634605125,"estimated","","",1572,0.992268392990782,FALSE
"reverse|GCST90670601","ed_2025_eur_reverse_exposure","GCST90670601","Gut microbiome species presence (Blautia stercoris, GCA_003481745.1)","taxon:blautia stercoris","primary","GCST90670601","EUR","reverse_sensitivity","microbiome_trait_units_per_standardized_ED_exposure",15,"estimable","reverse",TRUE,TRUE,"mr_ivw_mre",15,-1.23963018076121,0.771957848688619,-2.75263976177392,0.273379400251501,0.108312090343811,"estimated","","",1572,0.992268392990782,FALSE
"reverse|GCST90671655","ed_2025_eur_reverse_exposure","GCST90671655","Gut microbiome family abundance (Acutalibacteraceae)","taxon:acutalibacteraceae","primary","GCST90671655","EUR","reverse_sensitivity","microbiome_trait_units_per_standardized_ED_exposure",17,"estimable","reverse",TRUE,TRUE,"mr_ivw_mre",17,0.363406796609544,0.226923576005156,-0.0813552396035997,0.808168832822688,0.10927725100755,"estimated","","",1572,0.992268392990782,FALSE
"reverse|GCST90671460","ed_2025_eur_reverse_exposure","GCST90671460","Gut microbiome genus presence (UMGS1279)","taxon:umgs1279","primary","GCST90671460","EUR","reverse_sensitivity","microbiome_trait_units_per_standardized_ED_exposure",15,"estimable","reverse",TRUE,TRUE,"mr_ivw_mre",15,1.09865753041411,0.687935473987539,-0.249671222288957,2.44698628311718,0.110257743425076,"estimated","","",1572,0.992268392990782,FALSE
"reverse|GCST90671449","ed_2025_eur_reverse_exposure","GCST90671449","Gut microbiome genus presence (Faeciplasma)","taxon:faeciplasma","primary","GCST90671449","EUR","reverse_sensitivity","microbiome_trait_units_per_standardized_ED_exposure",15,"estimable","reverse",TRUE,TRUE,"mr_ivw_mre",15,-1.28541646323813,0.806100359158292,-2.86534413511318,0.294511208636928,0.110799261390683,"estimated","","",1572,0.992268392990782,FALSE
"reverse|GCST90671240","ed_2025_eur_reverse_exposure","GCST90671240","Gut microbiome species presence (Merdisoma sp934373375, GCA_934373375.1)","taxon:merdisoma sp934373375","primary","GCST90671240","EUR","reverse_sensitivity","microbiome_trait_units_per_standardized_ED_exposure",15,"estimable","reverse",TRUE,TRUE,"mr_ivw_mre",15,1.5860075220446,0.995978430133374,-0.366074330395557,3.53808937448475,0.11129227031039,"estimated","","",1572,0.992268392990782,FALSE
"reverse|GCST90671902","ed_2025_eur_reverse_exposure","GCST90671902","Gut microbiome function abundance (Ethanol production I, MF0090)","function:mf0090","primary","GCST90671902","EUR","reverse_sensitivity","microbiome_trait_units_per_standardized_ED_exposure",17,"estimable","reverse",TRUE,TRUE,"mr_ivw_mre",17,0.358967492585505,0.22557266728241,-0.0831468111846563,0.801081796355665,0.111528408620416,"estimated","","",1572,0.992268392990782,FALSE
"reverse|GCST90670390","ed_2025_eur_reverse_exposure","GCST90670390","Gut microbiome species presence (Phascolarctobacterium A succinatutens, GCF_000188175.1)","taxon:phascolarctobacterium a succinatutens","primary","GCST90670390","EUR","reverse_sensitivity","microbiome_trait_units_per_standardized_ED_exposure",15,"estimable","reverse",TRUE,TRUE,"mr_ivw_mre",15,1.68279418120697,1.06369776175656,-0.402015122271755,3.7676034846857,0.113644350667326,"estimated","","",1572,0.992268392990782,FALSE
"reverse|GCST90670723","ed_2025_eur_reverse_exposure","GCST90670723","Gut microbiome species abundance (Choladocola sp003480725, GCA_003480725.1)","taxon:choladocola sp003480725","primary","GCST90670723","EUR","reverse_sensitivity","microbiome_trait_units_per_standardized_ED_exposure",17,"estimable","reverse",TRUE,TRUE,"mr_ivw_mre",17,0.342831125360431,0.216721402004792,-0.0819350172479869,0.76759726796885,0.113672886076423,"estimated","","",1572,0.992268392990782,FALSE
"reverse|GCST90671858","ed_2025_eur_reverse_exposure","GCST90671858","Gut microbiome function abundance (Methionine degradation II, MF0039)","function:mf0039","primary","GCST90671858","EUR","reverse_sensitivity","microbiome_trait_units_per_standardized_ED_exposure",17,"estimable","reverse",TRUE,TRUE,"mr_ivw_mre",17,0.358857858999799,0.226923576005156,-0.0859041772133445,0.803619895212943,0.113785685197866,"estimated","","",1572,0.992268392990782,FALSE
"reverse|GCST90671867","ed_2025_eur_reverse_exposure","GCST90671867","Gut microbiome function abundance (Threonine degradation I, MF0049)","function:mf0049","primary","GCST90671867","EUR","reverse_sensitivity","microbiome_trait_units_per_standardized_ED_exposure",17,"estimable","reverse",TRUE,TRUE,"mr_ivw_mre",17,0.379198623599489,0.239913198975498,-0.0910226058082793,0.849419853007257,0.113977325639172,"estimated","","",1572,0.992268392990782,FALSE
"reverse|GCST90671526","ed_2025_eur_reverse_exposure","GCST90671526","Gut microbiome genus presence (UBA5905)","taxon:uba5905","primary","GCST90671526","EUR","reverse_sensitivity","microbiome_trait_units_per_standardized_ED_exposure",15,"estimable","reverse",TRUE,TRUE,"mr_ivw_mre",15,1.21584627444872,0.769966062138419,-0.293259476660706,2.72495202555815,0.114315246669182,"estimated","","",1572,0.992268392990782,FALSE
"reverse|GCST90671269","ed_2025_eur_reverse_exposure","GCST90671269","Gut microbiome species presence (Zhenpiania massiliensis, GCA_902363595.1)","taxon:zhenpiania massiliensis","primary","GCST90671269","EUR","reverse_sensitivity","microbiome_trait_units_per_standardized_ED_exposure",15,"estimable","reverse",TRUE,TRUE,"mr_ivw_mre",15,-1.26415526047369,0.800876378275195,-2.83384411796195,0.305533597014569,0.11445884332832,"estimated","","",1572,0.992268392990782,FALSE
"reverse|GCST90670726","ed_2025_eur_reverse_exposure","GCST90670726","Gut microbiome species presence (Lawsonibacter sp900066825, GCA_003573975.1)","taxon:lawsonibacter sp900066825","primary","GCST90670726","EUR","reverse_sensitivity","microbiome_trait_units_per_standardized_ED_exposure",15,"estimable","reverse",TRUE,TRUE,"mr_ivw_mre",15,-1.13790558080873,0.721275473088836,-2.55157953099494,0.275768369377478,0.114650713883202,"estimated","","",1572,0.992268392990782,FALSE
"reverse|GCST90670848","ed_2025_eur_reverse_exposure","GCST90670848","Gut microbiome species abundance (Avimicrobium caecorum, GCF_016901815.1)","taxon:avimicrobium caecorum","primary","GCST90670848","EUR","reverse_sensitivity","microbiome_trait_units_per_standardized_ED_exposure",17,"estimable","reverse",TRUE,TRUE,"mr_ivw_mre",17,0.381053748397479,0.243019175840656,-0.0952550838028131,0.857362580597771,0.116881438998854,"estimated","","",1572,0.992268392990782,FALSE
"reverse|GCST90671234","ed_2025_eur_reverse_exposure","GCST90671234","Gut microbiome species abundance (Diplocloster agilis, GCF_019042275.1)","taxon:diplocloster agilis","primary","GCST90671234","EUR","reverse_sensitivity","microbiome_trait_units_per_standardized_ED_exposure",17,"estimable","reverse",TRUE,TRUE,"mr_ivw_mre",17,0.340301285547729,0.217118302049807,-0.0852427668543811,0.765845337949839,0.11703191989303,"estimated","","",1572,0.992268392990782,FALSE
"reverse|GCST90671320","ed_2025_eur_reverse_exposure","GCST90671320","Gut microbiome genus abundance (Sutterella)","taxon:sutterella","primary","GCST90671320","EUR","reverse_sensitivity","microbiome_trait_units_per_standardized_ED_exposure",17,"estimable","reverse",TRUE,TRUE,"mr_ivw_mre",17,0.328173107651499,0.209845840181641,-0.0831171814100661,0.739463396713064,0.117846429262999,"estimated","","",1572,0.992268392990782,FALSE
"reverse|GCST90670520","ed_2025_eur_reverse_exposure","GCST90670520","Gut microbiome species abundance (Alistipes communis, GCF_006542665.1)","taxon:alistipes communis","primary","GCST90670520","EUR","reverse_sensitivity","microbiome_trait_units_per_standardized_ED_exposure",17,"estimable","reverse",TRUE,TRUE,"mr_ivw_mre",17,0.338359375724219,0.216721402004792,-0.0864067668841997,0.763125518332637,0.118461416529795,"estimated","","",1572,0.992268392990782,FALSE
"reverse|GCST90671232","ed_2025_eur_reverse_exposure","GCST90671232","Gut microbiome species abundance (Pararuminococcus gallinarum, GCA_904419775.1)","taxon:pararuminococcus gallinarum","primary","GCST90671232","EUR","reverse_sensitivity","microbiome_trait_units_per_standardized_ED_exposure",17,"estimable","reverse",TRUE,TRUE,"mr_ivw_mre",17,0.342292666440192,0.220321106520902,-0.0895287673747878,0.774114100255173,0.120277914373873,"estimated","","",1572,0.992268392990782,FALSE
"reverse|GCST90671640","ed_2025_eur_reverse_exposure","GCST90671640","Gut microbiome genus presence (CALXCR01)","taxon:calxcr01","primary","GCST90671640","EUR","reverse_sensitivity","microbiome_trait_units_per_standardized_ED_exposure",15,"estimable","reverse",TRUE,TRUE,"mr_ivw_mre",15,0.86728737448636,0.559134824638466,-0.228596744307152,1.96317149327987,0.120872001226783,"estimated","","",1572,0.992268392990782,FALSE
"reverse|GCST90671541","ed_2025_eur_reverse_exposure","GCST90671541","Gut microbiome genus abundance (UBA866)","taxon:uba866","primary","GCST90671541","EUR","reverse_sensitivity","microbiome_trait_units_per_standardized_ED_exposure",17,"estimable","reverse",TRUE,TRUE,"mr_ivw_mre",17,0.330775120304648,0.213255645525521,-0.0871982644252124,0.748748505034508,0.120884138609992,"estimated","","",1572,0.992268392990782,FALSE
"reverse|GCST90671791","ed_2025_eur_reverse_exposure","GCST90671791","Gut microbiome class abundance (Negativicutes)","taxon:negativicutes","primary","GCST90671791","EUR","reverse_sensitivity","microbiome_trait_units_per_standardized_ED_exposure",17,"estimable","reverse",TRUE,TRUE,"mr_ivw_mre",17,-0.438944224227569,0.283036485363751,-0.993685541851319,0.115797093396182,0.120940098781492,"estimated","","",1572,0.992268392990782,FALSE
"reverse|GCST90670613","ed_2025_eur_reverse_exposure","GCST90670613","Gut microbiome species presence (Paratractidigestivibacter faecalis, GCF_003416765.1)","taxon:paratractidigestivibacter faecalis","primary","GCST90670613","EUR","reverse_sensitivity","microbiome_trait_units_per_standardized_ED_exposure",15,"estimable","reverse",TRUE,TRUE,"mr_ivw_mre",15,-1.0309722264227,0.664882177011568,-2.33411734732796,0.272172894482559,0.120995436086343,"estimated","","",1572,0.992268392990782,FALSE
"reverse|GCST90671892","ed_2025_eur_reverse_exposure","GCST90671892","Gut microbiome function abundance (Lactaldehyde degradation, MF0078)","function:mf0078","primary","GCST90671892","EUR","reverse_sensitivity","microbiome_trait_units_per_standardized_ED_exposure",17,"estimable","reverse",TRUE,TRUE,"mr_ivw_mre",17,0.354065614089145,0.22883541912949,-0.0944435657917825,0.802574793970072,0.12180296093203,"estimated","","",1572,0.992268392990782,FALSE
"reverse|GCST90671428","ed_2025_eur_reverse_exposure","GCST90671428","Gut microbiome genus presence (UMGS911)","taxon:umgs911","primary","GCST90671428","EUR","reverse_sensitivity","microbiome_trait_units_per_standardized_ED_exposure",15,"estimable","reverse",TRUE,TRUE,"mr_ivw_mre",15,0.871863385344392,0.565456446553976,-0.236410884727399,1.98013765541618,0.123103874652829,"estimated","","",1572,0.992268392990782,FALSE
"reverse|GCST90670383","ed_2025_eur_reverse_exposure","GCST90670383","Gut microbiome species abundance (Blautia A wexlerae, GCA_025148125.1)","taxon:blautia a wexlerae","primary","GCST90670383","EUR","reverse_sensitivity","microbiome_trait_units_per_standardized_ED_exposure",17,"estimable","reverse",TRUE,TRUE,"mr_ivw_mre",17,0.347320819350144,0.225956861492404,-0.0955464912346734,0.790188129934962,0.124266084171397,"estimated","","",1572,0.992268392990782,FALSE
"reverse|GCST90671157","ed_2025_eur_reverse_exposure","GCST90671157","Gut microbiome species presence (Pararoseburia lenta, GCF_014287435.1)","taxon:pararoseburia lenta","primary","GCST90671157","EUR","reverse_sensitivity","microbiome_trait_units_per_standardized_ED_exposure",15,"estimable","reverse",TRUE,TRUE,"mr_ivw_mre",15,0.984205785704944,0.641410645168104,-0.27293597812514,2.24134754953503,0.124921583194409,"estimated","","",1572,0.992268392990782,FALSE
"reverse|GCST90670713","ed_2025_eur_reverse_exposure","GCST90670713","Gut microbiome species presence (Eubacterium G sp000434315, GCA_902363805.1)","taxon:eubacterium g sp000434315","primary","GCST90670713","EUR","reverse_sensitivity","microbiome_trait_units_per_standardized_ED_exposure",15,"estimable","reverse",TRUE,TRUE,"mr_ivw_mre",15,0.791769554729455,0.516787499467799,-0.221115331887944,1.80465444134685,0.12549803343099,"estimated","","",1572,0.992268392990782,FALSE
"reverse|GCST90671635","ed_2025_eur_reverse_exposure","GCST90671635","Gut microbiome genus abundance (Diplocloster)","taxon:diplocloster","primary","GCST90671635","EUR","reverse_sensitivity","microbiome_trait_units_per_standardized_ED_exposure",17,"estimable","reverse",TRUE,TRUE,"mr_ivw_mre",17,0.362925284557387,0.237243062452074,-0.102062573430666,0.827913142545439,0.126075793884168,"estimated","","",1572,0.992268392990782,FALSE
"reverse|GCST90670632","ed_2025_eur_reverse_exposure","GCST90670632","Gut microbiome species presence (UBA1685 sp002320595, GCA_002320595.1)","taxon:uba1685 sp002320595","primary","GCST90670632","EUR","reverse_sensitivity","microbiome_trait_units_per_standardized_ED_exposure",15,"estimable","reverse",TRUE,TRUE,"mr_ivw_mre",15,0.898553087636465,0.589528611625166,-0.256901759004761,2.05400793427769,0.127461478543889,"estimated","","",1572,0.992268392990782,FALSE
"reverse|GCST90671456","ed_2025_eur_reverse_exposure","GCST90671456","Gut microbiome genus presence (Oribacterium)","taxon:oribacterium","primary","GCST90671456","EUR","reverse_sensitivity","microbiome_trait_units_per_standardized_ED_exposure",15,"estimable","reverse",TRUE,TRUE,"mr_ivw_mre",15,0.831241203824126,0.545580537227888,-0.238076999808548,1.9005594074568,0.127611092615869,"estimated","","",1572,0.992268392990782,FALSE
"reverse|GCST90671591","ed_2025_eur_reverse_exposure","GCST90671591","Gut microbiome genus presence (Neobittarella)","taxon:neobittarella","primary","GCST90671591","EUR","reverse_sensitivity","microbiome_trait_units_per_standardized_ED_exposure",15,"estimable","reverse",TRUE,TRUE,"mr_ivw_mre",15,0.821100131862253,0.541663344677815,-0.24054051545177,1.88274077917628,0.129548063765942,"estimated","","",1572,0.992268392990782,FALSE
"reverse|GCST90670696","ed_2025_eur_reverse_exposure","GCST90670696","Gut microbiome species presence (CAG-272 sp000433515, GCA_000433515.1)","taxon:cag-272 sp000433515","primary","GCST90670696","EUR","reverse_sensitivity","microbiome_trait_units_per_standardized_ED_exposure",15,"estimable","reverse",TRUE,TRUE,"mr_ivw_mre",15,-1.06020445910179,0.701498490398372,-2.43511623549181,0.31470731728824,0.130701219432402,"estimated","","",1572,0.992268392990782,FALSE
"reverse|GCST90671897","ed_2025_eur_reverse_exposure","GCST90671897","Gut microbiome function abundance (Urea degradation, MF0085)","function:mf0085","primary","GCST90671897","EUR","reverse_sensitivity","microbiome_trait_units_per_standardized_ED_exposure",17,"estimable","reverse",TRUE,TRUE,"mr_ivw_mre",17,0.345590617320197,0.229016730980669,-0.103273927259011,0.794455161899406,0.131293906229564,"estimated","","",1572,0.992268392990782,FALSE
"reverse|GCST90670584","ed_2025_eur_reverse_exposure","GCST90670584","Gut microbiome species presence (F23-B02 sp002472405, GCA_002472405.1)","taxon:f23-b02 sp002472405","primary","GCST90670584","EUR","reverse_sensitivity","microbiome_trait_units_per_standardized_ED_exposure",15,"estimable","reverse",TRUE,TRUE,"mr_ivw_mre",15,-1.19229965095473,0.791786411989413,-2.74417250190217,0.359573199992711,0.132109549246184,"estimated","","",1572,0.992268392990782,FALSE
"reverse|GCST90671901","ed_2025_eur_reverse_exposure","GCST90671901","Gut microbiome function abundance (Butyrate production II, MF0089)","function:mf0089","primary","GCST90671901","EUR","reverse_sensitivity","microbiome_trait_units_per_standardized_ED_exposure",17,"estimable","reverse",TRUE,TRUE,"mr_ivw_mre",17,-0.341583091395654,0.226843253412503,-0.786187698220052,0.103021515428744,0.132115670260568,"estimated","","",1572,0.992268392990782,FALSE
"reverse|GCST90671488","ed_2025_eur_reverse_exposure","GCST90671488","Gut microbiome genus presence (Merdimonas)","taxon:merdimonas","primary","GCST90671488","EUR","reverse_sensitivity","microbiome_trait_units_per_standardized_ED_exposure",15,"estimable","reverse",TRUE,TRUE,"mr_ivw_mre",15,0.866500930134752,0.575860249578389,-0.262164419167137,1.99516627943664,0.132399430847421,"estimated","","",1572,0.992268392990782,FALSE
"reverse|GCST90671520","ed_2025_eur_reverse_exposure","GCST90671520","Gut microbiome genus presence (Latilactobacillus)","taxon:latilactobacillus","primary","GCST90671520","EUR","reverse_sensitivity","microbiome_trait_units_per_standardized_ED_exposure",15,"estimable","reverse",TRUE,TRUE,"mr_ivw_mre",15,-0.965379256822351,0.644941645141603,-2.2294416534299,0.298683139785202,0.134432956492661,"estimated","","",1572,0.992268392990782,FALSE
"reverse|GCST90671310","ed_2025_eur_reverse_exposure","GCST90671310","Gut microbiome genus abundance (Bacteroides)","taxon:bacteroides","primary","GCST90671310","EUR","reverse_sensitivity","microbiome_trait_units_per_standardized_ED_exposure",17,"estimable","reverse",TRUE,TRUE,"mr_ivw_mre",17,0.332957369643841,0.222510906591091,-0.103155993442054,0.769070732729735,0.134558755971806,"estimated","","",1572,0.992268392990782,FALSE
"reverse|GCST90671477","ed_2025_eur_reverse_exposure","GCST90671477","Gut microbiome genus presence (UMGS1370)","taxon:umgs1370","primary","GCST90671477","EUR","reverse_sensitivity","microbiome_trait_units_per_standardized_ED_exposure",15,"estimable","reverse",TRUE,TRUE,"mr_ivw_mre",15,1.39319400057479,0.931199940730034,-0.431924345661913,3.21831234681149,0.134620387749424,"estimated","","",1572,0.992268392990782,FALSE
"reverse|GCST90671827","ed_2025_eur_reverse_exposure","GCST90671827","Gut microbiome function abundance (Starch degradation, MF0005)","function:mf0005","primary","GCST90671827","EUR","reverse_sensitivity","microbiome_trait_units_per_standardized_ED_exposure",17,"estimable","reverse",TRUE,TRUE,"mr_ivw_mre",17,0.336464395786944,0.225156577351885,-0.104834386705058,0.777763178278945,0.13508223176045,"estimated","","",1572,0.992268392990782,FALSE
"reverse|GCST90671182","ed_2025_eur_reverse_exposure","GCST90671182","Gut microbiome species presence (Enterocloster pacaense, GCA_000155435.1)","taxon:enterocloster pacaense","primary","GCST90671182","EUR","reverse_sensitivity","microbiome_trait_units_per_standardized_ED_exposure",15,"estimable","reverse",TRUE,TRUE,"mr_ivw_mre",15,0.942934208750523,0.631640081483273,-0.295057602148636,2.18092601964968,0.135480471111278,"estimated","","",1572,0.992268392990782,FALSE
"reverse|GCST90671040","ed_2025_eur_reverse_exposure","GCST90671040","Gut microbiome species abundance (Bittarella massiliensis, GCF_001486165.1)","taxon:bittarella massiliensis","primary","GCST90671040","EUR","reverse_sensitivity","microbiome_trait_units_per_standardized_ED_exposure",17,"estimable","reverse",TRUE,TRUE,"mr_ivw_mre",17,0.335808525793847,0.225052555707455,-0.105286378021458,0.776903429609152,0.135664071887571,"estimated","","",1572,0.992268392990782,FALSE
"reverse|GCST90670387","ed_2025_eur_reverse_exposure","GCST90670387","Gut microbiome species abundance (Ruminiclostridium E siraeum, GCA_025150425.1)","taxon:ruminiclostridium e siraeum","primary","GCST90670387","EUR","reverse_sensitivity","microbiome_trait_units_per_standardized_ED_exposure",17,"estimable","reverse",TRUE,TRUE,"mr_ivw_mre",17,0.323678185007943,0.216991010428051,-0.101616380399992,0.748972750415879,0.13578663900686,"estimated","","",1572,0.992268392990782,FALSE
"reverse|GCST90671497","ed_2025_eur_reverse_exposure","GCST90671497","Gut microbiome genus presence (Scatousia)","taxon:scatousia","primary","GCST90671497","EUR","reverse_sensitivity","microbiome_trait_units_per_standardized_ED_exposure",15,"estimable","reverse",TRUE,TRUE,"mr_ivw_mre",15,1.22670974710156,0.822563796694066,-0.385485669405342,2.83890516360845,0.135876254414794,"estimated","","",1572,0.992268392990782,FALSE
"reverse|GCST90671688","ed_2025_eur_reverse_exposure","GCST90671688","Gut microbiome family abundance (Atopobiaceae)","taxon:atopobiaceae","primary","GCST90671688","EUR","reverse_sensitivity","microbiome_trait_units_per_standardized_ED_exposure",17,"estimable","reverse",TRUE,TRUE,"mr_ivw_mre",17,-0.309958350365319,0.208705409441096,-0.719013436248552,0.0990967355179145,0.137504713420114,"estimated","","",1572,0.992268392990782,FALSE
"reverse|GCST90671092","ed_2025_eur_reverse_exposure","GCST90671092","Gut microbiome species presence (QALR01 sp900552255, GCA_900552255.1)","taxon:qalr01 sp900552255","primary","GCST90671092","EUR","reverse_sensitivity","microbiome_trait_units_per_standardized_ED_exposure",15,"estimable","reverse",TRUE,TRUE,"mr_ivw_mre",15,1.51051731368776,1.01837542565831,-0.485461843343178,3.5064964707187,0.138004881267942,"estimated","","",1572,0.992268392990782,FALSE
"reverse|GCST90671221","ed_2025_eur_reverse_exposure","GCST90671221","Gut microbiome species presence (Pelethomonas sp944387775, GCA_944387775.1)","taxon:pelethomonas sp944387775","primary","GCST90671221","EUR","reverse_sensitivity","microbiome_trait_units_per_standardized_ED_exposure",15,"estimable","reverse",TRUE,TRUE,"mr_ivw_mre",15,0.837483143801539,0.565876130864916,-0.271613692404569,1.94657998000765,0.138879627552158,"estimated","","",1572,0.992268392990782,FALSE
"reverse|GCST90671375","ed_2025_eur_reverse_exposure","GCST90671375","Gut microbiome genus abundance (Actinomyces)","taxon:actinomyces","primary","GCST90671375","EUR","reverse_sensitivity","microbiome_trait_units_per_standardized_ED_exposure",17,"estimable","reverse",TRUE,TRUE,"mr_ivw_mre",17,-0.319114419895676,0.215686206779415,-0.741851617145389,0.103622777354036,0.138998463949549,"estimated","","",1572,0.992268392990782,FALSE
"reverse|GCST90670669","ed_2025_eur_reverse_exposure","GCST90670669","Gut microbiome species abundance (Lactococcus lactis, GCF_900099625.1)","taxon:lactococcus lactis","primary","GCST90670669","EUR","reverse_sensitivity","microbiome_trait_units_per_standardized_ED_exposure",17,"estimable","reverse",TRUE,TRUE,"mr_ivw_mre",17,0.293012251066773,0.198193473194787,-0.0954398183659148,0.681464320499461,0.139296668949928,"estimated","","",1572,0.992268392990782,FALSE
"reverse|GCST90670695","ed_2025_eur_reverse_exposure","GCST90670695","Gut microbiome species abundance (CAG-170 sp900549635, GCA_916988195.3)","taxon:cag-170 sp900549635","primary","GCST90670695","EUR","reverse_sensitivity","microbiome_trait_units_per_standardized_ED_exposure",17,"estimable","reverse",TRUE,TRUE,"mr_ivw_mre",17,0.310586875891941,0.210212227374825,-0.101421518872662,0.722595270656543,0.139543811822889,"estimated","","",1572,0.992268392990782,FALSE
"reverse|GCST90671054","ed_2025_eur_reverse_exposure","GCST90671054","Gut microbiome species presence (Christensenella minuta, GCF_003628755.1)","taxon:christensenella minuta","primary","GCST90671054","EUR","reverse_sensitivity","microbiome_trait_units_per_standardized_ED_exposure",15,"estimable","reverse",TRUE,TRUE,"mr_ivw_mre",15,0.805797995655864,0.545963136122646,-0.264270088031061,1.87586607934279,0.13996532853632,"estimated","","",1572,0.992268392990782,FALSE
"reverse|GCST90671229","ed_2025_eur_reverse_exposure","GCST90671229","Gut microbiome species presence (Anaerofustis stercorihominis A, GCF_005844425.1)","taxon:anaerofustis stercorihominis a","primary","GCST90671229","EUR","reverse_sensitivity","microbiome_trait_units_per_standardized_ED_exposure",15,"estimable","reverse",TRUE,TRUE,"mr_ivw_mre",15,1.51698767938557,1.02842037801676,-0.498679222494359,3.53265458126549,0.140194866601696,"estimated","","",1572,0.992268392990782,FALSE
"reverse|GCST90671616","ed_2025_eur_reverse_exposure","GCST90671616","Gut microbiome genus presence (Tidjanibacter)","taxon:tidjanibacter","primary","GCST90671616","EUR","reverse_sensitivity","microbiome_trait_units_per_standardized_ED_exposure",15,"estimable","reverse",TRUE,TRUE,"mr_ivw_mre",15,0.783000080183648,0.530887572046844,-0.257520440868079,1.82352060123538,0.140242469223095,"estimated","","",1572,0.992268392990782,FALSE
"reverse|GCST90670731","ed_2025_eur_reverse_exposure","GCST90670731","Gut microbiome species presence (CAG-269 sp900551615, GCA_900551615.1)","taxon:cag-269 sp900551615","primary","GCST90670731","EUR","reverse_sensitivity","microbiome_trait_units_per_standardized_ED_exposure",15,"estimable","reverse",TRUE,TRUE,"mr_ivw_mre",15,-1.29421072386421,0.879290226789997,-3.01758790033066,0.429166452602242,0.141052970496258,"estimated","","",1572,0.992268392990782,FALSE
"reverse|GCST90670469","ed_2025_eur_reverse_exposure","GCST90670469","Gut microbiome species presence (Paraprevotella clara, GCF_000233955.1)","taxon:paraprevotella clara","primary","GCST90670469","EUR","reverse_sensitivity","microbiome_trait_units_per_standardized_ED_exposure",15,"estimable","reverse",TRUE,TRUE,"mr_ivw_mre",15,-0.911795820355271,0.620125418745458,-2.12721930699419,0.303627666283645,0.141469425489108,"estimated","","",1572,0.992268392990782,FALSE
"reverse|GCST90671750","ed_2025_eur_reverse_exposure","GCST90671750","Gut microbiome order abundance (UBA1381)","taxon:uba1381","primary","GCST90671750","EUR","reverse_sensitivity","microbiome_trait_units_per_standardized_ED_exposure",17,"estimable","reverse",TRUE,TRUE,"mr_ivw_mre",17,0.329702591792414,0.225088340869013,-0.111462449650727,0.770867633235555,0.142983748817469,"estimated","","",1572,0.992268392990782,FALSE
"reverse|GCST90671210","ed_2025_eur_reverse_exposure","GCST90671210","Gut microbiome species abundance (Zhenpiania hominis, GCF_014333425.1)","taxon:zhenpiania hominis","primary","GCST90671210","EUR","reverse_sensitivity","microbiome_trait_units_per_standardized_ED_exposure",17,"estimable","reverse",TRUE,TRUE,"mr_ivw_mre",17,0.296423065398397,0.202514800965445,-0.100498650830173,0.693344781626967,0.143273031852499,"estimated","","",1572,0.992268392990782,FALSE
"reverse|GCST90671402","ed_2025_eur_reverse_exposure","GCST90671402","Gut microbiome genus presence (Nanogingivalis)","taxon:nanogingivalis","primary","GCST90671402","EUR","reverse_sensitivity","microbiome_trait_units_per_standardized_ED_exposure",15,"estimable","reverse",TRUE,TRUE,"mr_ivw_mre",15,0.851125306868537,0.584160749562359,-0.293808723455608,1.99605933719268,0.145114917834388,"estimated","","",1572,0.992268392990782,FALSE
"reverse|GCST90671699","ed_2025_eur_reverse_exposure","GCST90671699","Gut microbiome family presence (Nanogingivalaceae)","taxon:nanogingivalaceae","primary","GCST90671699","EUR","reverse_sensitivity","microbiome_trait_units_per_standardized_ED_exposure",15,"estimable","reverse",TRUE,TRUE,"mr_ivw_mre",15,0.851125306868537,0.584160749562359,-0.293808723455608,1.99605933719268,0.145114917834388,"estimated","","",1572,0.992268392990782,FALSE
"reverse|GCST90671832","ed_2025_eur_reverse_exposure","GCST90671832","Gut microbiome function abundance (Sucrose degradation I, MF0010)","function:mf0010","primary","GCST90671832","EUR","reverse_sensitivity","microbiome_trait_units_per_standardized_ED_exposure",17,"estimable","reverse",TRUE,TRUE,"mr_ivw_mre",17,0.327927192161672,0.225342766736078,-0.113736514817651,0.769590899140995,0.145603586876145,"estimated","","",1572,0.992268392990782,FALSE
"reverse|GCST90670427","ed_2025_eur_reverse_exposure","GCST90670427","Gut microbiome species presence (Phascolarctobacterium faecium, GCF_003269275.1)","taxon:phascolarctobacterium faecium","primary","GCST90670427","EUR","reverse_sensitivity","microbiome_trait_units_per_standardized_ED_exposure",15,"estimable","reverse",TRUE,TRUE,"mr_ivw_mre",15,-0.787957162162389,0.541777998017756,-1.8498225258934,0.273908201568625,0.145837873467842,"estimated","","",1572,0.992268392990782,FALSE
"reverse|GCST90671424","ed_2025_eur_reverse_exposure","GCST90671424","Gut microbiome genus presence (UBA1829)","taxon:uba1829","primary","GCST90671424","EUR","reverse_sensitivity","microbiome_trait_units_per_standardized_ED_exposure",15,"estimable","reverse",TRUE,TRUE,"mr_ivw_mre",15,1.31425622363957,0.905995077886705,-0.461461499188934,3.08997394646807,0.146885197535471,"estimated","","",1572,0.992268392990782,FALSE
"reverse|GCST90670949","ed_2025_eur_reverse_exposure","GCST90670949","Gut microbiome species presence (UBA10677 sp900553005, GCA_900553005.1)","taxon:uba10677 sp900553005","primary","GCST90670949","EUR","reverse_sensitivity","microbiome_trait_units_per_standardized_ED_exposure",15,"estimable","reverse",TRUE,TRUE,"mr_ivw_mre",15,1.01704536012329,0.703164178806686,-0.361131105556501,2.39522182580307,0.148069549930857,"estimated","","",1572,0.992268392990782,FALSE
"reverse|GCST90671202","ed_2025_eur_reverse_exposure","GCST90671202","Gut microbiome species presence (UBA5905 sp002437905, GCA_002437905.1)","taxon:uba5905 sp002437905","primary","GCST90671202","EUR","reverse_sensitivity","microbiome_trait_units_per_standardized_ED_exposure",15,"estimable","reverse",TRUE,TRUE,"mr_ivw_mre",15,1.46991017675391,1.01760317224382,-0.524555391397692,3.46437574490551,0.148603242928145,"estimated","","",1572,0.992268392990782,FALSE
"reverse|GCST90671860","ed_2025_eur_reverse_exposure","GCST90671860","Gut microbiome function abundance (Valine degradation I, MF0041)","function:mf0041","primary","GCST90671860","EUR","reverse_sensitivity","microbiome_trait_units_per_standardized_ED_exposure",17,"estimable","reverse",TRUE,TRUE,"mr_ivw_mre",17,0.308804056387689,0.213957704039299,-0.110545337744217,0.728153450519594,0.148937424619739,"estimated","","",1572,0.992268392990782,FALSE
"reverse|GCST90671539","ed_2025_eur_reverse_exposure","GCST90671539","Gut microbiome genus presence (Traorella)","taxon:traorella","primary","GCST90671539","EUR","reverse_sensitivity","microbiome_trait_units_per_standardized_ED_exposure",15,"estimable","reverse",TRUE,TRUE,"mr_ivw_mre",15,-0.952315018794816,0.660362022219161,-2.24660079910241,0.341970761512778,0.149271197965846,"estimated","","",1572,0.992268392990782,FALSE
"reverse|GCST90670705","ed_2025_eur_reverse_exposure","GCST90670705","Gut microbiome species presence (Bacteroides faecis, GCF_900106755.1)","taxon:bacteroides faecis","primary","GCST90670705","EUR","reverse_sensitivity","microbiome_trait_units_per_standardized_ED_exposure",15,"estimable","reverse",TRUE,TRUE,"mr_ivw_mre",15,0.814817205044926,0.566737948988006,-0.295968763643664,1.92560317373352,0.150510149851884,"estimated","","",1572,0.992268392990782,FALSE
"reverse|GCST90670714","ed_2025_eur_reverse_exposure","GCST90670714","Gut microbiome species abundance (Eubacterium I ramulus, GCF_000469345.1)","taxon:eubacterium i ramulus","primary","GCST90670714","EUR","reverse_sensitivity","microbiome_trait_units_per_standardized_ED_exposure",17,"estimable","reverse",TRUE,TRUE,"mr_ivw_mre",17,0.313943144283567,0.21847624369079,-0.114262424827977,0.742148713395111,0.150727381149305,"estimated","","",1572,0.992268392990782,FALSE
"reverse|GCST90671740","ed_2025_eur_reverse_exposure","GCST90671740","Gut microbiome order abundance (Lachnospirales)","taxon:lachnospirales","primary","GCST90671740","EUR","reverse_sensitivity","microbiome_trait_units_per_standardized_ED_exposure",17,"estimable","reverse",TRUE,TRUE,"mr_ivw_mre",17,0.325440817966518,0.226843253412503,-0.11916378885788,0.770045424790916,0.151386677346467,"estimated","","",1572,0.992268392990782,FALSE
"reverse|GCST90671262","ed_2025_eur_reverse_exposure","GCST90671262","Gut microbiome species presence (CALXCR01 sp944386855, GCA_944386855.1)","taxon:calxcr01 sp944386855","primary","GCST90671262","EUR","reverse_sensitivity","microbiome_trait_units_per_standardized_ED_exposure",15,"estimable","reverse",TRUE,TRUE,"mr_ivw_mre",15,0.801721609044633,0.55942091091986,-0.294723228556882,1.89816644664615,0.151821343776433,"estimated","","",1572,0.992268392990782,FALSE
"reverse|GCST90671270","ed_2025_eur_reverse_exposure","GCST90671270","Gut microbiome species abundance (Pygmaiobacter sp014287275, GCF_014287275.1)","taxon:pygmaiobacter sp014287275","primary","GCST90671270","EUR","reverse_sensitivity","microbiome_trait_units_per_standardized_ED_exposure",17,"estimable","reverse",TRUE,TRUE,"mr_ivw_mre",17,0.302071122204407,0.211370102398971,-0.112206665906121,0.716348910314934,0.152972626330251,"estimated","","",1572,0.992268392990782,FALSE
"reverse|GCST90671295","ed_2025_eur_reverse_exposure","GCST90671295","Gut microbiome genus abundance (Anaerostipes)","taxon:anaerostipes","primary","GCST90671295","EUR","reverse_sensitivity","microbiome_trait_units_per_standardized_ED_exposure",17,"estimable","reverse",TRUE,TRUE,"mr_ivw_mre",17,0.394220379382583,0.275952445009552,-0.146636474281908,0.935077233047074,0.15312474050478,"estimated","","",1572,0.992268392990782,FALSE
"reverse|GCST90670561","ed_2025_eur_reverse_exposure","GCST90670561","Gut microbiome species presence (Butyribacter sp003524945, GCF_003478445.1)","taxon:butyribacter sp003524945","primary","GCST90670561","EUR","reverse_sensitivity","microbiome_trait_units_per_standardized_ED_exposure",15,"estimable","reverse",TRUE,TRUE,"mr_ivw_mre",15,1.05964127675696,0.741938685779173,-0.394531826107203,2.51381437962111,0.153232576439467,"estimated","","",1572,0.992268392990782,FALSE
"reverse|GCST90671770","ed_2025_eur_reverse_exposure","GCST90671770","Gut microbiome order abundance (Gastranaerophilales)","taxon:gastranaerophilales","primary","GCST90671770","EUR","reverse_sensitivity","microbiome_trait_units_per_standardized_ED_exposure",17,"estimable","reverse",TRUE,TRUE,"mr_ivw_mre",17,0.289860266605471,0.203127209801041,-0.108261748884681,0.687982282095623,0.153583104167526,"estimated","","",1572,0.992268392990782,FALSE
"reverse|GCST90671801","ed_2025_eur_reverse_exposure","GCST90671801","Gut microbiome class abundance (Vampirovibrionia)","taxon:vampirovibrionia","primary","GCST90671801","EUR","reverse_sensitivity","microbiome_trait_units_per_standardized_ED_exposure",17,"estimable","reverse",TRUE,TRUE,"mr_ivw_mre",17,0.289860266605471,0.203127209801041,-0.108261748884681,0.687982282095623,0.153583104167526,"estimated","","",1572,0.992268392990782,FALSE
"reverse|GCST90671817","ed_2025_eur_reverse_exposure","GCST90671817","Gut microbiome phylum abundance (Cyanobacteriota)","taxon:cyanobacteriota","primary","GCST90671817","EUR","reverse_sensitivity","microbiome_trait_units_per_standardized_ED_exposure",17,"estimable","reverse",TRUE,TRUE,"mr_ivw_mre",17,0.289860266605471,0.203127209801041,-0.108261748884681,0.687982282095623,0.153583104167526,"estimated","","",1572,0.992268392990782,FALSE
"reverse|GCST90670589","ed_2025_eur_reverse_exposure","GCST90670589","Gut microbiome species presence (Alloscardovia omnicolens, GCF_000420505.1)","taxon:alloscardovia omnicolens","primary","GCST90670589","EUR","reverse_sensitivity","microbiome_trait_units_per_standardized_ED_exposure",15,"estimable","reverse",TRUE,TRUE,"mr_ivw_mre",15,-1.2706823259209,0.892001349208906,-3.01897284453149,0.477608192689694,0.154293222601029,"estimated","","",1572,0.992268392990782,FALSE
"reverse|GCST90670676","ed_2025_eur_reverse_exposure","GCST90670676","Gut microbiome species presence (Butyricimonas paravirosa, GCF_011927845.1)","taxon:butyricimonas paravirosa","primary","GCST90670676","EUR","reverse_sensitivity","microbiome_trait_units_per_standardized_ED_exposure",15,"estimable","reverse",TRUE,TRUE,"mr_ivw_mre",15,0.808656952930832,0.567913504191999,-0.304433061619422,1.92174696748109,0.154472916567017,"estimated","","",1572,0.992268392990782,FALSE
"reverse|GCST90671874","ed_2025_eur_reverse_exposure","GCST90671874","Gut microbiome function abundance (Lysine degradation I, MF0057)","function:mf0057","primary","GCST90671874","EUR","reverse_sensitivity","microbiome_trait_units_per_standardized_ED_exposure",17,"estimable","reverse",TRUE,TRUE,"mr_ivw_mre",17,-0.321181907484328,0.225683516031039,-0.763513470809532,0.121149655840877,0.1546921478399,"estimated","","",1572,0.992268392990782,FALSE
"reverse|GCST90670545","ed_2025_eur_reverse_exposure","GCST90670545","Gut microbiome species presence (Gemmiger sp900540595, GCA_900540595.1)","taxon:gemmiger sp900540595","primary","GCST90670545","EUR","reverse_sensitivity","microbiome_trait_units_per_standardized_ED_exposure",15,"estimable","reverse",TRUE,TRUE,"mr_ivw_mre",15,-0.81155322405984,0.5702648430141,-1.92925177801686,0.306145329897184,0.154702428325627,"estimated","","",1572,0.992268392990782,FALSE
"reverse|GCST90671433","ed_2025_eur_reverse_exposure","GCST90671433","Gut microbiome genus presence (Stercorousia)","taxon:stercorousia","primary","GCST90671433","EUR","reverse_sensitivity","microbiome_trait_units_per_standardized_ED_exposure",15,"estimable","reverse",TRUE,TRUE,"mr_ivw_mre",15,0.870525209502122,0.612329426953248,-0.329618414000294,2.07066883300454,0.155124523867921,"estimated","","",1572,0.992268392990782,FALSE
"reverse|GCST90671199","ed_2025_eur_reverse_exposure","GCST90671199","Gut microbiome species abundance (Dysosmobacter sp944387035, GCA_944387035.1)","taxon:dysosmobacter sp944387035","primary","GCST90671199","EUR","reverse_sensitivity","microbiome_trait_units_per_standardized_ED_exposure",17,"estimable","reverse",TRUE,TRUE,"mr_ivw_mre",17,0.32561853366383,0.229271297632359,-0.123744952384357,0.774982019712017,0.155540023375995,"estimated","","",1572,0.992268392990782,FALSE
"reverse|GCST90671825","ed_2025_eur_reverse_exposure","GCST90671825","Gut microbiome function abundance (Pectin degradation I, MF0003)","function:mf0003","primary","GCST90671825","EUR","reverse_sensitivity","microbiome_trait_units_per_standardized_ED_exposure",17,"estimable","reverse",TRUE,TRUE,"mr_ivw_mre",17,0.322350921338268,0.228050847963306,-0.12462052731363,0.769322369990167,0.157507411466201,"estimated","","",1572,0.992268392990782,FALSE
"reverse|GCST90670728","ed_2025_eur_reverse_exposure","GCST90670728","Gut microbiome species presence (UMGS1820 sp900545865, GCA_900545865.1)","taxon:umgs1820 sp900545865","primary","GCST90670728","EUR","reverse_sensitivity","microbiome_trait_units_per_standardized_ED_exposure",15,"estimable","reverse",TRUE,TRUE,"mr_ivw_mre",15,0.8757144562008,0.61997479140521,-0.339413806276144,2.09084271867774,0.157802760629,"estimated","","",1572,0.992268392990782,FALSE
"reverse|GCST90670692","ed_2025_eur_reverse_exposure","GCST90670692","Gut microbiome species presence (CAG-582 sp000435515, GCA_000435515.1)","taxon:cag-582 sp000435515","primary","GCST90670692","EUR","reverse_sensitivity","microbiome_trait_units_per_standardized_ED_exposure",15,"estimable","reverse",TRUE,TRUE,"mr_ivw_mre",15,-1.25929423720317,0.898187991469278,-3.01971035182933,0.501121877422979,0.16090371935679,"estimated","","",1572,0.992268392990782,FALSE
"reverse|GCST90671578","ed_2025_eur_reverse_exposure","GCST90671578","Gut microbiome genus abundance (Bittarella)","taxon:bittarella","primary","GCST90671578","EUR","reverse_sensitivity","microbiome_trait_units_per_standardized_ED_exposure",17,"estimable","reverse",TRUE,TRUE,"mr_ivw_mre",17,0.315417270900902,0.225052555707455,-0.125677632914403,0.756512174716207,0.161056489389686,"estimated","","",1572,0.992268392990782,FALSE
"reverse|GCST90671070","ed_2025_eur_reverse_exposure","GCST90671070","Gut microbiome species abundance (HGM12998 sp900756495, GCA_900756495.1)","taxon:hgm12998 sp900756495","primary","GCST90671070","EUR","reverse_sensitivity","microbiome_trait_units_per_standardized_ED_exposure",17,"estimable","reverse",TRUE,TRUE,"mr_ivw_mre",17,0.311838127344354,0.222548054338973,-0.124348043989496,0.748024298678205,0.16114917837413,"estimated","","",1572,0.992268392990782,FALSE
"reverse|GCST90671587","ed_2025_eur_reverse_exposure","GCST90671587","Gut microbiome genus abundance (HGM12998)","taxon:hgm12998","primary","GCST90671587","EUR","reverse_sensitivity","microbiome_trait_units_per_standardized_ED_exposure",17,"estimable","reverse",TRUE,TRUE,"mr_ivw_mre",17,0.311838127344354,0.222548054338973,-0.124348043989496,0.748024298678205,0.16114917837413,"estimated","","",1572,0.992268392990782,FALSE
"reverse|GCST90671208","ed_2025_eur_reverse_exposure","GCST90671208","Gut microbiome species presence (CAKTXU01 sp934630995, GCA_934630995.1)","taxon:caktxu01 sp934630995","primary","GCST90671208","EUR","reverse_sensitivity","microbiome_trait_units_per_standardized_ED_exposure",15,"estimable","reverse",TRUE,TRUE,"mr_ivw_mre",15,1.04736229209611,0.74832006983365,-0.419318093686347,2.51404267787856,0.161627719783877,"estimated","","",1572,0.992268392990782,FALSE
"reverse|GCST90671652","ed_2025_eur_reverse_exposure","GCST90671652","Gut microbiome family abundance (Lachnospiraceae)","taxon:lachnospiraceae","primary","GCST90671652","EUR","reverse_sensitivity","microbiome_trait_units_per_standardized_ED_exposure",17,"estimable","reverse",TRUE,TRUE,"mr_ivw_mre",17,0.317291321865232,0.226843253412503,-0.127313284959166,0.76189592868963,0.161895474632925,"estimated","","",1572,0.992268392990782,FALSE
"reverse|GCST90670409","ed_2025_eur_reverse_exposure","GCST90670409","Gut microbiome species presence (Faecalibacterium prausnitzii A, GCF_023347235.1)","taxon:faecalibacterium prausnitzii a","primary","GCST90670409","EUR","reverse_sensitivity","microbiome_trait_units_per_standardized_ED_exposure",15,"estimable","reverse",TRUE,TRUE,"mr_ivw_mre",15,-0.857166205006491,0.613399479468581,-2.05940709290053,0.345074682887544,0.162292450735333,"estimated","","",1572,0.992268392990782,FALSE
"reverse|GCST90670719","ed_2025_eur_reverse_exposure","GCST90670719","Gut microbiome species presence (Caccosoma faecigallinarum, GCA_000433015.1)","taxon:caccosoma faecigallinarum","primary","GCST90670719","EUR","reverse_sensitivity","microbiome_trait_units_per_standardized_ED_exposure",15,"estimable","reverse",TRUE,TRUE,"mr_ivw_mre",15,1.7501005363981,1.2544557422344,-0.708587538580795,4.20878861137699,0.162983443613311,"estimated","","",1572,0.992268392990782,FALSE
"reverse|GCST90671446","ed_2025_eur_reverse_exposure","GCST90671446","Gut microbiome genus presence (Caccosoma)","taxon:caccosoma","primary","GCST90671446","EUR","reverse_sensitivity","microbiome_trait_units_per_standardized_ED_exposure",15,"estimable","reverse",TRUE,TRUE,"mr_ivw_mre",15,1.23080213214812,0.885585267792357,-0.504913097964163,2.96651736226039,0.164584224006095,"estimated","","",1572,0.992268392990782,FALSE
"reverse|GCST90671493","ed_2025_eur_reverse_exposure","GCST90671493","Gut microbiome genus presence (Frisingicoccus)","taxon:frisingicoccus","primary","GCST90671493","EUR","reverse_sensitivity","microbiome_trait_units_per_standardized_ED_exposure",15,"estimable","reverse",TRUE,TRUE,"mr_ivw_mre",15,-0.830794821436792,0.598356186215015,-2.00355139634496,0.341961753471379,0.164996411125443,"estimated","","",1572,0.992268392990782,FALSE
"reverse|GCST90670562","ed_2025_eur_reverse_exposure","GCST90670562","Gut microbiome species presence (CAG-273 sp000437855, GCA_000437855.1)","taxon:cag-273 sp000437855","primary","GCST90670562","EUR","reverse_sensitivity","microbiome_trait_units_per_standardized_ED_exposure",15,"estimable","reverse",TRUE,TRUE,"mr_ivw_mre",15,-1.10423322951961,0.795397754190948,-2.66318418111791,0.45471772207869,0.165052398682103,"estimated","","",1572,0.992268392990782,FALSE
"reverse|GCST90671521","ed_2025_eur_reverse_exposure","GCST90671521","Gut microbiome genus abundance (Pygmaiobacter)","taxon:pygmaiobacter","primary","GCST90671521","EUR","reverse_sensitivity","microbiome_trait_units_per_standardized_ED_exposure",17,"estimable","reverse",TRUE,TRUE,"mr_ivw_mre",17,0.293219967462248,0.211370102398971,-0.121057820648279,0.707497755572776,0.165370168858322,"estimated","","",1572,0.992268392990782,FALSE
"reverse|GCST90670874","ed_2025_eur_reverse_exposure","GCST90670874","Gut microbiome species presence (Anaeromassilibacillus sp001305115, GCA_001305115.1)","taxon:anaeromassilibacillus sp001305115","primary","GCST90670874","EUR","reverse_sensitivity","microbiome_trait_units_per_standardized_ED_exposure",15,"estimable","reverse",TRUE,TRUE,"mr_ivw_mre",15,0.770749589925886,0.556015752638221,-0.319021260081959,1.86052043993373,0.165685537558942,"estimated","","",1572,0.992268392990782,FALSE
"reverse|GCST90671666","ed_2025_eur_reverse_exposure","GCST90671666","Gut microbiome family abundance (UBA1381)","taxon:uba1381","primary","GCST90671666","EUR","reverse_sensitivity","microbiome_trait_units_per_standardized_ED_exposure",17,"estimable","reverse",TRUE,TRUE,"mr_ivw_mre",17,0.311961919011821,0.225086152289445,-0.12919883289419,0.753122670917831,0.165757062039792,"estimated","","",1572,0.992268392990782,FALSE
"reverse|GCST90671028","ed_2025_eur_reverse_exposure","GCST90671028","Gut microbiome species presence (UMGS911 hMGS.03156, )","taxon:umgs911 hmgs.03156,","primary","GCST90671028","EUR","reverse_sensitivity","microbiome_trait_units_per_standardized_ED_exposure",15,"estimable","reverse",TRUE,TRUE,"mr_ivw_mre",15,1.02485050177039,0.739815637311164,-0.425161502559041,2.47486250609982,0.165967405672781,"estimated","","",1572,0.992268392990782,FALSE
"reverse|GCST90671259","ed_2025_eur_reverse_exposure","GCST90671259","Gut microbiome species abundance (JAHZGC01 sp019421015, GCA_019421015.1)","taxon:jahzgc01 sp019421015","primary","GCST90671259","EUR","reverse_sensitivity","microbiome_trait_units_per_standardized_ED_exposure",17,"estimable","reverse",TRUE,TRUE,"mr_ivw_mre",17,0.277661772431958,0.201719475309981,-0.11770113415592,0.673024679019837,0.168674687037605,"estimated","","",1572,0.992268392990782,FALSE
"reverse|GCST90670925","ed_2025_eur_reverse_exposure","GCST90670925","Gut microbiome species presence (Copromonas sp900541255, GCA_018223415.1)","taxon:copromonas sp900541255","primary","GCST90670925","EUR","reverse_sensitivity","microbiome_trait_units_per_standardized_ED_exposure",15,"estimable","reverse",TRUE,TRUE,"mr_ivw_mre",15,-0.863605078682758,0.627431592937651,-2.09334840360315,0.366138246237633,0.168693767217361,"estimated","","",1572,0.992268392990782,FALSE
"reverse|GCST90671340","ed_2025_eur_reverse_exposure","GCST90671340","Gut microbiome genus abundance (Butyribacter)","taxon:butyribacter","primary","GCST90671340","EUR","reverse_sensitivity","microbiome_trait_units_per_standardized_ED_exposure",17,"estimable","reverse",TRUE,TRUE,"mr_ivw_mre",17,0.30136298946768,0.218986528966218,-0.127842720405545,0.730568699340906,0.168768586631693,"estimated","","",1572,0.992268392990782,FALSE
"reverse|GCST90670684","ed_2025_eur_reverse_exposure","GCST90670684","Gut microbiome species presence (Clostridium saudiense, GCF_000577815.1)","taxon:clostridium saudiense","primary","GCST90670684","EUR","reverse_sensitivity","microbiome_trait_units_per_standardized_ED_exposure",15,"estimable","reverse",TRUE,TRUE,"mr_ivw_mre",15,0.719996816846126,0.523803939207211,-0.306640038960215,1.74663367265247,0.169269747980974,"estimated","","",1572,0.992268392990782,FALSE
"reverse|GCST90671698","ed_2025_eur_reverse_exposure","GCST90671698","Gut microbiome family abundance (Gastranaerophilaceae)","taxon:gastranaerophilaceae","primary","GCST90671698","EUR","reverse_sensitivity","microbiome_trait_units_per_standardized_ED_exposure",17,"estimable","reverse",TRUE,TRUE,"mr_ivw_mre",17,0.278358028401689,0.203127209801041,-0.119763987088463,0.676480043891841,0.170573591694421,"estimated","","",1572,0.992268392990782,FALSE
"reverse|GCST90671187","ed_2025_eur_reverse_exposure","GCST90671187","Gut microbiome species presence (Vescimonas sp900554275, GCA_900554275.1)","taxon:vescimonas sp900554275","primary","GCST90671187","EUR","reverse_sensitivity","microbiome_trait_units_per_standardized_ED_exposure",15,"estimable","reverse",TRUE,TRUE,"mr_ivw_mre",15,-1.16336529819342,0.850262577675784,-2.82984932784014,0.50311873145331,0.171236218101012,"estimated","","",1572,0.992268392990782,FALSE
"reverse|GCST90670915","ed_2025_eur_reverse_exposure","GCST90670915","Gut microbiome species presence (JAGZMM01 hMGS.02059, )","taxon:jagzmm01 hmgs.02059,","primary","GCST90670915","EUR","reverse_sensitivity","microbiome_trait_units_per_standardized_ED_exposure",15,"estimable","reverse",TRUE,TRUE,"mr_ivw_mre",15,0.882068150961906,0.645285699728796,-0.382668580245262,2.14680488216907,0.171643473327473,"estimated","","",1572,0.992268392990782,FALSE
"reverse|GCST90671425","ed_2025_eur_reverse_exposure","GCST90671425","Gut microbiome genus presence (UBA11471)","taxon:uba11471","primary","GCST90671425","EUR","reverse_sensitivity","microbiome_trait_units_per_standardized_ED_exposure",15,"estimable","reverse",TRUE,TRUE,"mr_ivw_mre",15,0.895245447277946,0.655568338769989,-0.389644886115985,2.18013578067188,0.172063912398068,"estimated","","",1572,0.992268392990782,FALSE
"reverse|GCST90671705","ed_2025_eur_reverse_exposure","GCST90671705","Gut microbiome family presence (UBA11471)","taxon:uba11471","primary","GCST90671705","EUR","reverse_sensitivity","microbiome_trait_units_per_standardized_ED_exposure",15,"estimable","reverse",TRUE,TRUE,"mr_ivw_mre",15,0.895245447277946,0.655568338769989,-0.389644886115985,2.18013578067188,0.172063912398068,"estimated","","",1572,0.992268392990782,FALSE
"reverse|GCST90671691","ed_2025_eur_reverse_exposure","GCST90671691","Gut microbiome family presence (Pasteurellaceae)","taxon:pasteurellaceae","primary","GCST90671691","EUR","reverse_sensitivity","microbiome_trait_units_per_standardized_ED_exposure",15,"estimable","reverse",TRUE,TRUE,"mr_ivw_mre",15,0.97840054903021,0.719312061585481,-0.431425185322589,2.38822628338301,0.173770036715313,"estimated","","",1572,0.992268392990782,FALSE
"reverse|GCST90670779","ed_2025_eur_reverse_exposure","GCST90670779","Gut microbiome species abundance (Eisenbergiella tayi, GCF_001881565.1)","taxon:eisenbergiella tayi","primary","GCST90670779","EUR","reverse_sensitivity","microbiome_trait_units_per_standardized_ED_exposure",17,"estimable","reverse",TRUE,TRUE,"mr_ivw_mre",17,0.295180009192376,0.218606216458853,-0.133280301863542,0.723640320248294,0.176925587869407,"estimated","","",1572,0.992268392990782,FALSE
"reverse|GCST90670643","ed_2025_eur_reverse_exposure","GCST90670643","Gut microbiome species presence (Rothia dentocariosa, GCF_000164695.2)","taxon:rothia dentocariosa","primary","GCST90670643","EUR","reverse_sensitivity","microbiome_trait_units_per_standardized_ED_exposure",15,"estimable","reverse",TRUE,TRUE,"mr_ivw_mre",15,-1.04191361713552,0.775873057991319,-2.56259686737346,0.478769633102423,0.179306991267916,"estimated","","",1572,0.992268392990782,FALSE
"reverse|GCST90671166","ed_2025_eur_reverse_exposure","GCST90671166","Gut microbiome species presence (Anaerotardibacter sp900538545, GCA_900538545.1)","taxon:anaerotardibacter sp900538545","primary","GCST90671166","EUR","reverse_sensitivity","microbiome_trait_units_per_standardized_ED_exposure",15,"estimable","reverse",TRUE,TRUE,"mr_ivw_mre",15,1.25537295346456,0.935596451200446,-0.578362394951802,3.08910830188092,0.179664445217463,"estimated","","",1572,0.992268392990782,FALSE
"reverse|GCST90670527","ed_2025_eur_reverse_exposure","GCST90670527","Gut microbiome species presence (Coprococcus sp000154245, GCA_020735665.1)","taxon:coprococcus sp000154245","primary","GCST90670527","EUR","reverse_sensitivity","microbiome_trait_units_per_standardized_ED_exposure",15,"estimable","reverse",TRUE,TRUE,"mr_ivw_mre",15,1.10510851981015,0.824502803507948,-0.510887280217733,2.72110431983803,0.180137027139082,"estimated","","",1572,0.992268392990782,FALSE
"reverse|GCST90671887","ed_2025_eur_reverse_exposure","GCST90671887","Gut microbiome function abundance (Pyruvate dehydrogenase complex, MF0072)","function:mf0072","primary","GCST90671887","EUR","reverse_sensitivity","microbiome_trait_units_per_standardized_ED_exposure",17,"estimable","reverse",TRUE,TRUE,"mr_ivw_mre",17,-0.282240408797192,0.210582850295478,-0.694975211138118,0.130494393543734,0.180153673424809,"estimated","","",1572,0.992268392990782,FALSE
"reverse|GCST90671557","ed_2025_eur_reverse_exposure","GCST90671557","Gut microbiome genus presence (Harryflintia)","taxon:harryflintia","primary","GCST90671557","EUR","reverse_sensitivity","microbiome_trait_units_per_standardized_ED_exposure",15,"estimable","reverse",TRUE,TRUE,"mr_ivw_mre",15,0.867902013193798,0.647962163209133,-0.402080490040767,2.13788451642836,0.180429697645721,"estimated","","",1572,0.992268392990782,FALSE
"reverse|GCST90670447","ed_2025_eur_reverse_exposure","GCST90670447","Gut microbiome species presence (Dialister invisus, GCF_000160055.1)","taxon:dialister invisus","primary","GCST90670447","EUR","reverse_sensitivity","microbiome_trait_units_per_standardized_ED_exposure",15,"estimable","reverse",TRUE,TRUE,"mr_ivw_mre",15,-0.739103621415483,0.551917533832564,-1.82084211016347,0.342634867332508,0.180519925794056,"estimated","","",1572,0.992268392990782,FALSE
"reverse|GCST90671692","ed_2025_eur_reverse_exposure","GCST90671692","Gut microbiome family abundance (Coriobacteriaceae)","taxon:coriobacteriaceae","primary","GCST90671692","EUR","reverse_sensitivity","microbiome_trait_units_per_standardized_ED_exposure",17,"estimable","reverse",TRUE,TRUE,"mr_ivw_mre",17,0.288212766651022,0.215271628924195,-0.133711872933671,0.710137406235714,0.180625036248644,"estimated","","",1572,0.992268392990782,FALSE
"reverse|GCST90670433","ed_2025_eur_reverse_exposure","GCST90670433","Gut microbiome species abundance (Clostridium Q fessum, GCF_003024715.1)","taxon:clostridium q fessum","primary","GCST90670433","EUR","reverse_sensitivity","microbiome_trait_units_per_standardized_ED_exposure",17,"estimable","reverse",TRUE,TRUE,"mr_ivw_mre",17,0.292109525661562,0.218486501243367,-0.136116147883602,0.720335199206726,0.181232985228346,"estimated","","",1572,0.992268392990782,FALSE
"reverse|GCST90670772","ed_2025_eur_reverse_exposure","GCST90670772","Gut microbiome species presence (Fimisoma sp900540145, GCA_900540145.1)","taxon:fimisoma sp900540145","primary","GCST90670772","EUR","reverse_sensitivity","microbiome_trait_units_per_standardized_ED_exposure",15,"estimable","reverse",TRUE,TRUE,"mr_ivw_mre",15,0.798024594376896,0.597015962068524,-0.372105189472942,1.96815437822673,0.181324215000936,"estimated","","",1572,0.992268392990782,FALSE
"reverse|GCST90671755","ed_2025_eur_reverse_exposure","GCST90671755","Gut microbiome order abundance (Veillonellales)","taxon:veillonellales","primary","GCST90671755","EUR","reverse_sensitivity","microbiome_trait_units_per_standardized_ED_exposure",17,"estimable","reverse",TRUE,TRUE,"mr_ivw_mre",17,-0.300778748122626,0.225088340869013,-0.741943789565767,0.140386293320515,0.181461109751626,"estimated","","",1572,0.992268392990782,FALSE
"reverse|GCST90671418","ed_2025_eur_reverse_exposure","GCST90671418","Gut microbiome genus presence (Acidaminococcus)","taxon:acidaminococcus","primary","GCST90671418","EUR","reverse_sensitivity","microbiome_trait_units_per_standardized_ED_exposure",15,"estimable","reverse",TRUE,TRUE,"mr_ivw_mre",15,-1.15474259531515,0.866452618511895,-2.85295852190888,0.54347333127859,0.182622244317047,"estimated","","",1572,0.992268392990782,FALSE
"reverse|GCST90670596","ed_2025_eur_reverse_exposure","GCST90670596","Gut microbiome species presence (Clostridium sp000435835, GCA_000435835.1)","taxon:clostridium sp000435835","primary","GCST90670596","EUR","reverse_sensitivity","microbiome_trait_units_per_standardized_ED_exposure",15,"estimable","reverse",TRUE,TRUE,"mr_ivw_mre",15,0.93064855032631,0.698392880979676,-0.438176343453022,2.29947344410564,0.182677117034534,"estimated","","",1572,0.992268392990782,FALSE
"reverse|GCST90671422","ed_2025_eur_reverse_exposure","GCST90671422","Gut microbiome genus abundance (Lactococcus)","taxon:lactococcus","primary","GCST90671422","EUR","reverse_sensitivity","microbiome_trait_units_per_standardized_ED_exposure",17,"estimable","reverse",TRUE,TRUE,"mr_ivw_mre",17,0.271940339550166,0.205030177649506,-0.129911424386716,0.673792103487048,0.184726112059998,"estimated","","",1572,0.992268392990782,FALSE
"reverse|GCST90670933","ed_2025_eur_reverse_exposure","GCST90670933","Gut microbiome species presence (Latilactobacillus sakei, GCF_002370355.1)","taxon:latilactobacillus sakei","primary","GCST90670933","EUR","reverse_sensitivity","microbiome_trait_units_per_standardized_ED_exposure",15,"estimable","reverse",TRUE,TRUE,"mr_ivw_mre",15,-1.25011440632661,0.942870304166479,-3.09810624458524,0.597877431932009,0.184885939262606,"estimated","","",1572,0.992268392990782,FALSE
"reverse|GCST90671078","ed_2025_eur_reverse_exposure","GCST90671078","Gut microbiome species presence (Leuconostoc pseudomesenteroides, GCF_014634745.1)","taxon:leuconostoc pseudomesenteroides","primary","GCST90671078","EUR","reverse_sensitivity","microbiome_trait_units_per_standardized_ED_exposure",15,"estimable","reverse",TRUE,TRUE,"mr_ivw_mre",15,1.34193135992804,1.01229780378545,-0.642135877120449,3.32599859697652,0.184962604204146,"estimated","","",1572,0.992268392990782,FALSE
"reverse|GCST90671409","ed_2025_eur_reverse_exposure","GCST90671409","Gut microbiome genus abundance (Ventrimonas)","taxon:ventrimonas","primary","GCST90671409","EUR","reverse_sensitivity","microbiome_trait_units_per_standardized_ED_exposure",17,"estimable","reverse",TRUE,TRUE,"mr_ivw_mre",17,0.313694381068411,0.236722116698649,-0.150272442005029,0.777661204141851,0.185118508136442,"estimated","","",1572,0.992268392990782,FALSE
"reverse|GCST90670898","ed_2025_eur_reverse_exposure","GCST90670898","Gut microbiome species abundance (Choladousia sp902363135, GCA_902363135.1)","taxon:choladousia sp902363135","primary","GCST90670898","EUR","reverse_sensitivity","microbiome_trait_units_per_standardized_ED_exposure",17,"estimable","reverse",TRUE,TRUE,"mr_ivw_mre",17,-0.287621615744335,0.217461042605622,-0.713837427291885,0.138594195803214,0.185956743631587,"estimated","","",1572,0.992268392990782,FALSE
"reverse|GCST90671045","ed_2025_eur_reverse_exposure","GCST90671045","Gut microbiome species presence (Butyricicoccus sp900547195, GCA_900547195.1)","taxon:butyricicoccus sp900547195","primary","GCST90671045","EUR","reverse_sensitivity","microbiome_trait_units_per_standardized_ED_exposure",15,"estimable","reverse",TRUE,TRUE,"mr_ivw_mre",15,0.771269715538204,0.584415666119646,-0.374163942057288,1.9167033731337,0.186925849572157,"estimated","","",1572,0.992268392990782,FALSE
"reverse|GCST90671255","ed_2025_eur_reverse_exposure","GCST90671255","Gut microbiome species presence (UMGS856 sp900760305, GCA_900760305.1)","taxon:umgs856 sp900760305","primary","GCST90671255","EUR","reverse_sensitivity","microbiome_trait_units_per_standardized_ED_exposure",15,"estimable","reverse",TRUE,TRUE,"mr_ivw_mre",15,1.36800519111969,1.03921463946582,-0.668818074440081,3.40482845667947,0.188045297332867,"estimated","","",1572,0.992268392990782,FALSE
"reverse|GCST90670525","ed_2025_eur_reverse_exposure","GCST90670525","Gut microbiome species abundance (Anaerostipes hadrus A, GCF_001404655.1)","taxon:anaerostipes hadrus a","primary","GCST90670525","EUR","reverse_sensitivity","microbiome_trait_units_per_standardized_ED_exposure",17,"estimable","reverse",TRUE,TRUE,"mr_ivw_mre",17,0.262730771718967,0.199675744729215,-0.128626496536508,0.654088039974442,0.188245505797545,"estimated","","",1572,0.992268392990782,FALSE
"reverse|GCST90670981","ed_2025_eur_reverse_exposure","GCST90670981","Gut microbiome species presence (Enterocloster sp005845215, GCF_005845215.1)","taxon:enterocloster sp005845215","primary","GCST90670981","EUR","reverse_sensitivity","microbiome_trait_units_per_standardized_ED_exposure",15,"estimable","reverse",TRUE,TRUE,"mr_ivw_mre",15,-0.968009192144776,0.738146991252923,-2.41475071029711,0.478732326007555,0.18972118225531,"estimated","","",1572,0.992268392990782,FALSE
"reverse|GCST90671065","ed_2025_eur_reverse_exposure","GCST90671065","Gut microbiome species presence (Flavonifractor intestinigallinarum, GCA_019119165.1)","taxon:flavonifractor intestinigallinarum","primary","GCST90671065","EUR","reverse_sensitivity","microbiome_trait_units_per_standardized_ED_exposure",15,"estimable","reverse",TRUE,TRUE,"mr_ivw_mre",15,1.40327407475204,1.07250460689702,-0.698796328019412,3.50534447752349,0.190734813005812,"estimated","","",1572,0.992268392990782,FALSE
"reverse|GCST90671482","ed_2025_eur_reverse_exposure","GCST90671482","Gut microbiome genus abundance (Borkfalkia)","taxon:borkfalkia","primary","GCST90671482","EUR","reverse_sensitivity","microbiome_trait_units_per_standardized_ED_exposure",17,"estimable","reverse",TRUE,TRUE,"mr_ivw_mre",17,0.268230236086653,0.205146062209585,-0.133848657414346,0.670309129587652,0.191040043530606,"estimated","","",1572,0.992268392990782,FALSE
"reverse|GCST90670664","ed_2025_eur_reverse_exposure","GCST90670664","Gut microbiome species presence (Hungatella effluvii, GCF_003201875.1)","taxon:hungatella effluvii","primary","GCST90670664","EUR","reverse_sensitivity","microbiome_trait_units_per_standardized_ED_exposure",15,"estimable","reverse",TRUE,TRUE,"mr_ivw_mre",15,0.73479000463736,0.563032711512051,-0.368733832044191,1.83831384131891,0.191873304297918,"estimated","","",1572,0.992268392990782,FALSE
"reverse|GCST90671279","ed_2025_eur_reverse_exposure","GCST90671279","Gut microbiome species presence (Blautia A sp905206915, GCF_020537505.1)","taxon:blautia a sp905206915","primary","GCST90671279","EUR","reverse_sensitivity","microbiome_trait_units_per_standardized_ED_exposure",15,"estimable","reverse",TRUE,TRUE,"mr_ivw_mre",15,-0.806194471019619,0.619683578697152,-2.02075196707693,0.408363025037691,0.193266113309699,"estimated","","",1572,0.992268392990782,FALSE
"reverse|GCST90671212","ed_2025_eur_reverse_exposure","GCST90671212","Gut microbiome species presence (JAHZIE01 sp019419895, GCA_019419895.1)","taxon:jahzie01 sp019419895","primary","GCST90671212","EUR","reverse_sensitivity","microbiome_trait_units_per_standardized_ED_exposure",15,"estimable","reverse",TRUE,TRUE,"mr_ivw_mre",15,0.702122264753824,0.540921816909974,-0.358065014841694,1.76230954434934,0.194283684505624,"estimated","","",1572,0.992268392990782,FALSE
"reverse|GCST90671793","ed_2025_eur_reverse_exposure","GCST90671793","Gut microbiome class abundance (Gammaproteobacteria)","taxon:gammaproteobacteria","primary","GCST90671793","EUR","reverse_sensitivity","microbiome_trait_units_per_standardized_ED_exposure",17,"estimable","reverse",TRUE,TRUE,"mr_ivw_mre",17,0.292468984915752,0.22553277596753,-0.149567133313947,0.73450510314545,0.194702939065401,"estimated","","",1572,0.992268392990782,FALSE
"reverse|GCST90671630","ed_2025_eur_reverse_exposure","GCST90671630","Gut microbiome genus presence (UMGS1449)","taxon:umgs1449","primary","GCST90671630","EUR","reverse_sensitivity","microbiome_trait_units_per_standardized_ED_exposure",15,"estimable","reverse",TRUE,TRUE,"mr_ivw_mre",15,-1.02872006050058,0.794008813281934,-2.58494873794056,0.527508616939395,0.19511235582005,"estimated","","",1572,0.992268392990782,FALSE
"reverse|GCST90670611","ed_2025_eur_reverse_exposure","GCST90670611","Gut microbiome species abundance (CAG-95 sp900066375, GCA_003490145.1)","taxon:cag-95 sp900066375","primary","GCST90670611","EUR","reverse_sensitivity","microbiome_trait_units_per_standardized_ED_exposure",17,"estimable","reverse",TRUE,TRUE,"mr_ivw_mre",17,0.267861561642467,0.206759567140744,-0.137379743412481,0.673102866697415,0.195140227588985,"estimated","","",1572,0.992268392990782,FALSE
"reverse|GCST90670497","ed_2025_eur_reverse_exposure","GCST90670497","Gut microbiome species abundance (Blautia A sp900066335, GCF_003461955.1)","taxon:blautia a sp900066335","primary","GCST90670497","EUR","reverse_sensitivity","microbiome_trait_units_per_standardized_ED_exposure",17,"estimable","reverse",TRUE,TRUE,"mr_ivw_mre",17,0.298681124376108,0.231864772373912,-0.155765478760338,0.753127727512554,0.197686971830963,"estimated","","",1572,0.992268392990782,FALSE
"reverse|GCST90670899","ed_2025_eur_reverse_exposure","GCST90670899","Gut microbiome species presence (Dysosmobacter sp900544615, GCA_900544615.1)","taxon:dysosmobacter sp900544615","primary","GCST90670899","EUR","reverse_sensitivity","microbiome_trait_units_per_standardized_ED_exposure",15,"estimable","reverse",TRUE,TRUE,"mr_ivw_mre",15,-0.685873637208106,0.532493397519155,-1.72954151835102,0.357794243934807,0.197731489457264,"estimated","","",1572,0.992268392990782,FALSE
"reverse|GCST90670878","ed_2025_eur_reverse_exposure","GCST90670878","Gut microbiome species abundance (Choladousia sp902363665, GCA_902363665.1)","taxon:choladousia sp902363665","primary","GCST90670878","EUR","reverse_sensitivity","microbiome_trait_units_per_standardized_ED_exposure",17,"estimable","reverse",TRUE,TRUE,"mr_ivw_mre",17,-0.272261889481534,0.212159028808877,-0.688085944941927,0.14356216597886,0.19938995107265,"estimated","","",1572,0.992268392990782,FALSE
"reverse|GCST90670478","ed_2025_eur_reverse_exposure","GCST90670478","Gut microbiome species presence (CAG-882 sp003486385, GCA_003486385.1)","taxon:cag-882 sp003486385","primary","GCST90670478","EUR","reverse_sensitivity","microbiome_trait_units_per_standardized_ED_exposure",15,"estimable","reverse",TRUE,TRUE,"mr_ivw_mre",15,0.930410810323416,0.725500668876171,-0.491544371433598,2.35236599208043,0.199688469223442,"estimated","","",1572,0.992268392990782,FALSE
"reverse|GCST90671627","ed_2025_eur_reverse_exposure","GCST90671627","Gut microbiome genus abundance (Zhenpiania)","taxon:zhenpiania","primary","GCST90671627","EUR","reverse_sensitivity","microbiome_trait_units_per_standardized_ED_exposure",17,"estimable","reverse",TRUE,TRUE,"mr_ivw_mre",17,0.268776650495654,0.209710223591422,-0.142247834933376,0.679801135924684,0.19996287075267,"estimated","","",1572,0.992268392990782,FALSE
"reverse|GCST90671788","ed_2025_eur_reverse_exposure","GCST90671788","Gut microbiome class abundance (Clostridia)","taxon:clostridia","primary","GCST90671788","EUR","reverse_sensitivity","microbiome_trait_units_per_standardized_ED_exposure",17,"estimable","reverse",TRUE,TRUE,"mr_ivw_mre",17,0.291065800077855,0.22761111433993,-0.155043786509436,0.737175386665146,0.200972589901702,"estimated","","",1572,0.992268392990782,FALSE
"reverse|GCST90671276","ed_2025_eur_reverse_exposure","GCST90671276","Gut microbiome species presence (Heritagella sp905200265, GCA_905200265.1)","taxon:heritagella sp905200265","primary","GCST90671276","EUR","reverse_sensitivity","microbiome_trait_units_per_standardized_ED_exposure",15,"estimable","reverse",TRUE,TRUE,"mr_ivw_mre",15,-0.787498696458335,0.617136170365046,-1.9970633639308,0.42206597101413,0.201936649853359,"estimated","","",1572,0.992268392990782,FALSE
"reverse|GCST90671611","ed_2025_eur_reverse_exposure","GCST90671611","Gut microbiome genus abundance (JAHZGC01)","taxon:jahzgc01","primary","GCST90671611","EUR","reverse_sensitivity","microbiome_trait_units_per_standardized_ED_exposure",17,"estimable","reverse",TRUE,TRUE,"mr_ivw_mre",17,0.259630616351605,0.204446367870649,-0.141076901444895,0.660338134148104,0.204112980335404,"estimated","","",1572,0.992268392990782,FALSE
"reverse|GCST90671923","ed_2025_eur_reverse_exposure","GCST90671923","Gut microbiome function abundance (GABA degradation, MGB019)","function:mgb019","primary","GCST90671923","EUR","reverse_sensitivity","microbiome_trait_units_per_standardized_ED_exposure",17,"estimable","reverse",TRUE,TRUE,"mr_ivw_mre",17,0.290979402672835,0.229132378404175,-0.158111806691352,0.740070612037022,0.204113730383224,"estimated","","",1572,0.992268392990782,FALSE
"reverse|GCST90670641","ed_2025_eur_reverse_exposure","GCST90670641","Gut microbiome species abundance (Blautia A sp900066145, GCF_003460605.1)","taxon:blautia a sp900066145","primary","GCST90670641","EUR","reverse_sensitivity","microbiome_trait_units_per_standardized_ED_exposure",17,"estimable","reverse",TRUE,TRUE,"mr_ivw_mre",17,0.266918642463291,0.210212227374825,-0.145089752301312,0.678927037227893,0.204170870985089,"estimated","","",1572,0.992268392990782,FALSE
"reverse|GCST90670793","ed_2025_eur_reverse_exposure","GCST90670793","Gut microbiome species presence (CAG-317 sp900543415, GCA_900543415.1)","taxon:cag-317 sp900543415","primary","GCST90670793","EUR","reverse_sensitivity","microbiome_trait_units_per_standardized_ED_exposure",15,"estimable","reverse",TRUE,TRUE,"mr_ivw_mre",15,1.15083960978461,0.907426511155569,-0.627683670697135,2.92936289026636,0.204710284958981,"estimated","","",1572,0.992268392990782,FALSE
"reverse|GCST90670803","ed_2025_eur_reverse_exposure","GCST90670803","Gut microbiome species presence (UMGS1370 sp900542035, GCA_900542035.1)","taxon:umgs1370 sp900542035","primary","GCST90670803","EUR","reverse_sensitivity","microbiome_trait_units_per_standardized_ED_exposure",15,"estimable","reverse",TRUE,TRUE,"mr_ivw_mre",15,1.26020783944708,0.994996353080496,-0.689949177339387,3.21036485623356,0.205317963274814,"estimated","","",1572,0.992268392990782,FALSE
"reverse|GCST90670462","ed_2025_eur_reverse_exposure","GCST90670462","Gut microbiome species abundance (Butyribacter sp003529475, GCF_003478335.1)","taxon:butyribacter sp003529475","primary","GCST90670462","EUR","reverse_sensitivity","microbiome_trait_units_per_standardized_ED_exposure",17,"estimable","reverse",TRUE,TRUE,"mr_ivw_mre",17,0.266927626131946,0.211881647129634,-0.148352771227161,0.682208023491052,0.207743006383874,"estimated","","",1572,0.992268392990782,FALSE
"reverse|GCST90670549","ed_2025_eur_reverse_exposure","GCST90670549","Gut microbiome species abundance (Faecalibacterium sp900758465, GCF_023347275.1)","taxon:faecalibacterium sp900758465","primary","GCST90670549","EUR","reverse_sensitivity","microbiome_trait_units_per_standardized_ED_exposure",17,"estimable","reverse",TRUE,TRUE,"mr_ivw_mre",17,0.270823984264884,0.215078385002062,-0.150721904192196,0.692369872721965,0.207962665215462,"estimated","","",1572,0.992268392990782,FALSE
"reverse|GCST90670747","ed_2025_eur_reverse_exposure","GCST90670747","Gut microbiome species presence (CAG-269 sp001916035, GCA_001916035.1)","taxon:cag-269 sp001916035","primary","GCST90670747","EUR","reverse_sensitivity","microbiome_trait_units_per_standardized_ED_exposure",15,"estimable","reverse",TRUE,TRUE,"mr_ivw_mre",15,0.831038789322495,0.661889209001634,-0.466240222076411,2.1283178007214,0.209277090334187,"estimated","","",1572,0.992268392990782,FALSE
"reverse|GCST90670454","ed_2025_eur_reverse_exposure","GCST90670454","Gut microbiome species abundance (Lachnospira sp900316325, GCF_014287955.1)","taxon:lachnospira sp900316325","primary","GCST90670454","EUR","reverse_sensitivity","microbiome_trait_units_per_standardized_ED_exposure",17,"estimable","reverse",TRUE,TRUE,"mr_ivw_mre",17,0.305740866515301,0.243665556227915,-0.171834847964331,0.783316580994933,0.209567278530065,"estimated","","",1572,0.992268392990782,FALSE
"reverse|GCST90670625","ed_2025_eur_reverse_exposure","GCST90670625","Gut microbiome species presence (CAG-1193 sp900550145, GCA_900550145.1)","taxon:cag-1193 sp900550145","primary","GCST90670625","EUR","reverse_sensitivity","microbiome_trait_units_per_standardized_ED_exposure",15,"estimable","reverse",TRUE,TRUE,"mr_ivw_mre",15,-1.01217288641041,0.807485356408064,-2.5948151030137,0.570469330192884,0.210028306769109,"estimated","","",1572,0.992268392990782,FALSE
"reverse|GCST90671204","ed_2025_eur_reverse_exposure","GCST90671204","Gut microbiome species presence (Lentihominibacter hominis, GCF_014385065.1)","taxon:lentihominibacter hominis","primary","GCST90671204","EUR","reverse_sensitivity","microbiome_trait_units_per_standardized_ED_exposure",15,"estimable","reverse",TRUE,TRUE,"mr_ivw_mre",15,1.11254712811243,0.887586994212946,-0.627091413691109,2.85218566991596,0.210041488776517,"estimated","","",1572,0.992268392990782,FALSE
"reverse|GCST90671613","ed_2025_eur_reverse_exposure","GCST90671613","Gut microbiome genus abundance (Vescimonas)","taxon:vescimonas","primary","GCST90671613","EUR","reverse_sensitivity","microbiome_trait_units_per_standardized_ED_exposure",17,"estimable","reverse",TRUE,TRUE,"mr_ivw_mre",17,-0.280485263155177,0.224041911481395,-0.719599340686221,0.158628814375867,0.21059460283279,"estimated","","",1572,0.992268392990782,FALSE
"reverse|GCST90671471","ed_2025_eur_reverse_exposure","GCST90671471","Gut microbiome genus presence (Eubacterium)","taxon:eubacterium","primary","GCST90671471","EUR","reverse_sensitivity","microbiome_trait_units_per_standardized_ED_exposure",15,"estimable","reverse",TRUE,TRUE,"mr_ivw_mre",15,1.0460106920072,0.835600689742655,-0.591736565345233,2.68375794935963,0.210640242717655,"estimated","","",1572,0.992268392990782,FALSE
"reverse|GCST90670438","ed_2025_eur_reverse_exposure","GCST90670438","Gut microbiome species abundance (Copromonas sp900066535, GCF_003435375.1)","taxon:copromonas sp900066535","primary","GCST90670438","EUR","reverse_sensitivity","microbiome_trait_units_per_standardized_ED_exposure",17,"estimable","reverse",TRUE,TRUE,"mr_ivw_mre",17,0.302398350014801,0.241749967924234,-0.17142288038041,0.776219580410012,0.210981053912358,"estimated","","",1572,0.992268392990782,FALSE
"reverse|GCST90670877","ed_2025_eur_reverse_exposure","GCST90670877","Gut microbiome species presence (CAG-269 sp900554565, GCA_900554565.1)","taxon:cag-269 sp900554565","primary","GCST90670877","EUR","reverse_sensitivity","microbiome_trait_units_per_standardized_ED_exposure",15,"estimable","reverse",TRUE,TRUE,"mr_ivw_mre",15,-1.38752527858413,1.10929953887551,-3.56171242284702,0.786661865678767,0.211003041601007,"estimated","","",1572,0.992268392990782,FALSE
"reverse|GCST90670654","ed_2025_eur_reverse_exposure","GCST90670654","Gut microbiome species presence (Ruminococcus C sp000980705, GCA_000980705.1)","taxon:ruminococcus c sp000980705","primary","GCST90670654","EUR","reverse_sensitivity","microbiome_trait_units_per_standardized_ED_exposure",15,"estimable","reverse",TRUE,TRUE,"mr_ivw_mre",15,0.789164319864637,0.63121990158611,-0.448003953569056,2.02633259329833,0.211218860402191,"estimated","","",1572,0.992268392990782,FALSE
"reverse|GCST90671260","ed_2025_eur_reverse_exposure","GCST90671260","Gut microbiome species presence (Vescimonas sp900757415, GCA_900757415.1)","taxon:vescimonas sp900757415","primary","GCST90671260","EUR","reverse_sensitivity","microbiome_trait_units_per_standardized_ED_exposure",15,"estimable","reverse",TRUE,TRUE,"mr_ivw_mre",15,-0.914451160112429,0.731530782675647,-2.34822514773909,0.519322827514237,0.21128073112249,"estimated","","",1572,0.992268392990782,FALSE
"reverse|GCST90670699","ed_2025_eur_reverse_exposure","GCST90670699","Gut microbiome species presence (Ruminococcus C sp000437175, GCF_020709055.1)","taxon:ruminococcus c sp000437175","primary","GCST90670699","EUR","reverse_sensitivity","microbiome_trait_units_per_standardized_ED_exposure",15,"estimable","reverse",TRUE,TRUE,"mr_ivw_mre",15,1.24696271709893,0.998024436375433,-0.7091292338878,3.20305466808567,0.211507458506693,"estimated","","",1572,0.992268392990782,FALSE
"reverse|GCST90670755","ed_2025_eur_reverse_exposure","GCST90670755","Gut microbiome species presence (Campylobacter B hominis, GCF_000017585.1)","taxon:campylobacter b hominis","primary","GCST90670755","EUR","reverse_sensitivity","microbiome_trait_units_per_standardized_ED_exposure",15,"estimable","reverse",TRUE,TRUE,"mr_ivw_mre",15,1.19108057302251,0.954311862662441,-0.679336307815212,3.06149745386022,0.211992927597889,"estimated","","",1572,0.992268392990782,FALSE
"reverse|GCST90671657","ed_2025_eur_reverse_exposure","GCST90671657","Gut microbiome family abundance (Acidaminococcaceae)","taxon:acidaminococcaceae","primary","GCST90671657","EUR","reverse_sensitivity","microbiome_trait_units_per_standardized_ED_exposure",17,"estimable","reverse",TRUE,TRUE,"mr_ivw_mre",17,-0.25926131043048,0.208856424413,-0.668612380219772,0.150089759358812,0.21448109939403,"estimated","","",1572,0.992268392990782,FALSE
"reverse|GCST90671745","ed_2025_eur_reverse_exposure","GCST90671745","Gut microbiome order abundance (Acidaminococcales)","taxon:acidaminococcales","primary","GCST90671745","EUR","reverse_sensitivity","microbiome_trait_units_per_standardized_ED_exposure",17,"estimable","reverse",TRUE,TRUE,"mr_ivw_mre",17,-0.25926131043048,0.208856424413,-0.668612380219772,0.150089759358812,0.21448109939403,"estimated","","",1572,0.992268392990782,FALSE
"reverse|GCST90670381","ed_2025_eur_reverse_exposure","GCST90670381","Gut microbiome species abundance (Fusicatenibacter saccharivorans, GCF_015557635.1)","taxon:fusicatenibacter saccharivorans","primary","GCST90670381","EUR","reverse_sensitivity","microbiome_trait_units_per_standardized_ED_exposure",17,"estimable","reverse",TRUE,TRUE,"mr_ivw_mre",17,0.298669734701573,0.240823371751221,-0.173335400566319,0.770674869969466,0.21490052391929,"estimated","","",1572,0.992268392990782,FALSE
"reverse|GCST90670991","ed_2025_eur_reverse_exposure","GCST90670991","Gut microbiome species presence (HGM11417 sp900761895, GCA_900761895.1)","taxon:hgm11417 sp900761895","primary","GCST90670991","EUR","reverse_sensitivity","microbiome_trait_units_per_standardized_ED_exposure",15,"estimable","reverse",TRUE,TRUE,"mr_ivw_mre",15,0.785228536240544,0.634574851228003,-0.458515317661204,2.02897239014229,0.215935335262256,"estimated","","",1572,0.992268392990782,FALSE
"reverse|GCST90671862","ed_2025_eur_reverse_exposure","GCST90671862","Gut microbiome function abundance (Cysteine degradation I, MF0044)","function:mf0044","primary","GCST90671862","EUR","reverse_sensitivity","microbiome_trait_units_per_standardized_ED_exposure",17,"estimable","reverse",TRUE,TRUE,"mr_ivw_mre",17,-0.280025403977424,0.226683439113979,-0.724316780532501,0.164265972577653,0.216713373091318,"estimated","","",1572,0.992268392990782,FALSE
"reverse|GCST90671128","ed_2025_eur_reverse_exposure","GCST90671128","Gut microbiome species presence (Wujia chipingensis, GCF_014337155.1)","taxon:wujia chipingensis","primary","GCST90671128","EUR","reverse_sensitivity","microbiome_trait_units_per_standardized_ED_exposure",15,"estimable","reverse",TRUE,TRUE,"mr_ivw_mre",15,0.650242730975526,0.526973967057326,-0.38260726524703,1.68309272719808,0.217233413718323,"estimated","","",1572,0.992268392990782,FALSE
"reverse|GCST90671350","ed_2025_eur_reverse_exposure","GCST90671350","Gut microbiome genus abundance (Anaerobutyricum)","taxon:anaerobutyricum","primary","GCST90671350","EUR","reverse_sensitivity","microbiome_trait_units_per_standardized_ED_exposure",17,"estimable","reverse",TRUE,TRUE,"mr_ivw_mre",17,0.268475347306443,0.217995011639201,-0.158787024315781,0.695737718928668,0.21811107192237,"estimated","","",1572,0.992268392990782,FALSE
"reverse|GCST90670808","ed_2025_eur_reverse_exposure","GCST90670808","Gut microbiome species abundance (Borkfalkia ceftriaxoniphila, GCF_004134775.1)","taxon:borkfalkia ceftriaxoniphila","primary","GCST90670808","EUR","reverse_sensitivity","microbiome_trait_units_per_standardized_ED_exposure",17,"estimable","reverse",TRUE,TRUE,"mr_ivw_mre",17,0.240986537899004,0.196112567620546,-0.143387031552941,0.625360107350951,0.219140271517552,"estimated","","",1572,0.992268392990782,FALSE
"reverse|GCST90670506","ed_2025_eur_reverse_exposure","GCST90670506","Gut microbiome species abundance (Bilophila wadsworthia, GCF_000701705.1)","taxon:bilophila wadsworthia","primary","GCST90670506","EUR","reverse_sensitivity","microbiome_trait_units_per_standardized_ED_exposure",17,"estimable","reverse",TRUE,TRUE,"mr_ivw_mre",17,-0.307879435934205,0.250992961793183,-0.799816601421881,0.184057729553471,0.219955786825165,"estimated","","",1572,0.992268392990782,FALSE
"reverse|GCST90670906","ed_2025_eur_reverse_exposure","GCST90670906","Gut microbiome species presence (Onthomonas sp900752305, GCA_900752305.1)","taxon:onthomonas sp900752305","primary","GCST90670906","EUR","reverse_sensitivity","microbiome_trait_units_per_standardized_ED_exposure",15,"estimable","reverse",TRUE,TRUE,"mr_ivw_mre",15,0.928843861480063,0.757754582122672,-0.556327828600572,2.4140155515607,0.22027976175026,"estimated","","",1572,0.992268392990782,FALSE
"reverse|GCST90671296","ed_2025_eur_reverse_exposure","GCST90671296","Gut microbiome genus abundance (Lachnospira)","taxon:lachnospira","primary","GCST90671296","EUR","reverse_sensitivity","microbiome_trait_units_per_standardized_ED_exposure",17,"estimable","reverse",TRUE,TRUE,"mr_ivw_mre",17,0.289312083197088,0.2362534707474,-0.173736210690403,0.752360377084579,0.220732217989816,"estimated","","",1572,0.992268392990782,FALSE
"reverse|GCST90671890","ed_2025_eur_reverse_exposure","GCST90671890","Gut microbiome function abundance (Acetate to acetyl-CoA, MF0075)","function:mf0075","primary","GCST90671890","EUR","reverse_sensitivity","microbiome_trait_units_per_standardized_ED_exposure",17,"estimable","reverse",TRUE,TRUE,"mr_ivw_mre",17,0.309177113314655,0.252598184741354,-0.185906231338595,0.804260457967904,0.220956804644286,"estimated","","",1572,0.992268392990782,FALSE
"reverse|GCST90671000","ed_2025_eur_reverse_exposure","GCST90671000","Gut microbiome species presence (Marseille-P3106 sp900543935, GCA_022846075.1)","taxon:marseille-p3106 sp900543935","primary","GCST90671000","EUR","reverse_sensitivity","microbiome_trait_units_per_standardized_ED_exposure",15,"estimable","reverse",TRUE,TRUE,"mr_ivw_mre",15,0.868360847844217,0.71063795054708,-0.524463941275416,2.26118563696385,0.221728236398685,"estimated","","",1572,0.992268392990782,FALSE
"reverse|GCST90671186","ed_2025_eur_reverse_exposure","GCST90671186","Gut microbiome species abundance (Merdisoma sp014290175, GCF_014290175.1)","taxon:merdisoma sp014290175","primary","GCST90671186","EUR","reverse_sensitivity","microbiome_trait_units_per_standardized_ED_exposure",17,"estimable","reverse",TRUE,TRUE,"mr_ivw_mre",17,0.337182060724689,0.276038628932048,-0.203843710323941,0.87820783177332,0.221895565504696,"estimated","","",1572,0.992268392990782,FALSE
"reverse|GCST90670477","ed_2025_eur_reverse_exposure","GCST90670477","Gut microbiome species abundance (Enterocloster sp000431375, GCF_003473545.1)","taxon:enterocloster sp000431375","primary","GCST90670477","EUR","reverse_sensitivity","microbiome_trait_units_per_standardized_ED_exposure",17,"estimable","reverse",TRUE,TRUE,"mr_ivw_mre",17,0.340265322020157,0.279538513610711,-0.207620096948695,0.888150740989009,0.223513103454826,"estimated","","",1572,0.992268392990782,FALSE
"reverse|GCST90670905","ed_2025_eur_reverse_exposure","GCST90670905","Gut microbiome species abundance (Merdisoma sp900066385, GCA_902362725.1)","taxon:merdisoma sp900066385","primary","GCST90670905","EUR","reverse_sensitivity","microbiome_trait_units_per_standardized_ED_exposure",17,"estimable","reverse",TRUE,TRUE,"mr_ivw_mre",17,0.259178647053334,0.212934671286647,-0.158165639728369,0.676522933835037,0.223537839027379,"estimated","","",1572,0.992268392990782,FALSE
"reverse|GCST90671641","ed_2025_eur_reverse_exposure","GCST90671641","Gut microbiome genus presence (HGM11386)","taxon:hgm11386","primary","GCST90671641","EUR","reverse_sensitivity","microbiome_trait_units_per_standardized_ED_exposure",15,"estimable","reverse",TRUE,TRUE,"mr_ivw_mre",15,0.934361003994405,0.770666212061782,-0.576117015748595,2.44483902373741,0.225356675398747,"estimated","","",1572,0.992268392990782,FALSE
"reverse|GCST90671339","ed_2025_eur_reverse_exposure","GCST90671339","Gut microbiome genus abundance (Veillonella)","taxon:veillonella","primary","GCST90671339","EUR","reverse_sensitivity","microbiome_trait_units_per_standardized_ED_exposure",17,"estimable","reverse",TRUE,TRUE,"mr_ivw_mre",17,0.299689790939655,0.247585927664878,-0.185569710362446,0.784949292241755,0.226107187728139,"estimated","","",1572,0.992268392990782,FALSE
"reverse|GCST90671190","ed_2025_eur_reverse_exposure","GCST90671190","Gut microbiome species presence (Pauljensenia sp019425105, GCA_019425105.1)","taxon:pauljensenia sp019425105","primary","GCST90671190","EUR","reverse_sensitivity","microbiome_trait_units_per_standardized_ED_exposure",15,"estimable","reverse",TRUE,TRUE,"mr_ivw_mre",15,1.15427111744086,0.95588337673538,-0.719225874381013,3.02776810926274,0.22722275857127,"estimated","","",1572,0.992268392990782,FALSE
"reverse|GCST90671730","ed_2025_eur_reverse_exposure","GCST90671730","Gut microbiome family abundance (Bianqueaceae)","taxon:bianqueaceae","primary","GCST90671730","EUR","reverse_sensitivity","microbiome_trait_units_per_standardized_ED_exposure",17,"estimable","reverse",TRUE,TRUE,"mr_ivw_mre",17,0.284614520596766,0.236341254557131,-0.178605826396223,0.747834867589756,0.228492042381623,"estimated","","",1572,0.992268392990782,FALSE
"reverse|GCST90670891","ed_2025_eur_reverse_exposure","GCST90670891","Gut microbiome species presence (QALW01 sp900547955, GCA_900547955.1)","taxon:qalw01 sp900547955","primary","GCST90670891","EUR","reverse_sensitivity","microbiome_trait_units_per_standardized_ED_exposure",15,"estimable","reverse",TRUE,TRUE,"mr_ivw_mre",15,0.994465987536733,0.826305527160142,-0.625063085923528,2.61399506099699,0.228779481451983,"estimated","","",1572,0.992268392990782,FALSE
"reverse|GCST90671681","ed_2025_eur_reverse_exposure","GCST90671681","Gut microbiome family abundance (Veillonellaceae)","taxon:veillonellaceae","primary","GCST90671681","EUR","reverse_sensitivity","microbiome_trait_units_per_standardized_ED_exposure",17,"estimable","reverse",TRUE,TRUE,"mr_ivw_mre",17,0.297348606800448,0.24725385721795,-0.187260048385343,0.781957261986238,0.229129396911529,"estimated","","",1572,0.992268392990782,FALSE
"reverse|GCST90671724","ed_2025_eur_reverse_exposure","GCST90671724","Gut microbiome family presence (UBA9506)","taxon:uba9506","primary","GCST90671724","EUR","reverse_sensitivity","microbiome_trait_units_per_standardized_ED_exposure",15,"estimable","reverse",TRUE,TRUE,"mr_ivw_mre",15,0.736359285167411,0.612967283795872,-0.465034514773841,1.93775308510866,0.229633783152896,"estimated","","",1572,0.992268392990782,FALSE
"reverse|GCST90671660","ed_2025_eur_reverse_exposure","GCST90671660","Gut microbiome family abundance (Streptococcaceae)","taxon:streptococcaceae","primary","GCST90671660","EUR","reverse_sensitivity","microbiome_trait_units_per_standardized_ED_exposure",17,"estimable","reverse",TRUE,TRUE,"mr_ivw_mre",17,0.311623728941901,0.259620791915871,-0.197223672850973,0.820471130734775,0.230021515297556,"estimated","","",1572,0.992268392990782,FALSE
"reverse|GCST90671495","ed_2025_eur_reverse_exposure","GCST90671495","Gut microbiome genus presence (Massilicoli)","taxon:massilicoli","primary","GCST90671495","EUR","reverse_sensitivity","microbiome_trait_units_per_standardized_ED_exposure",15,"estimable","reverse",TRUE,TRUE,"mr_ivw_mre",15,-0.773192021834953,0.644759910188349,-2.0368982244794,0.49051418080949,0.230452636670296,"estimated","","",1572,0.992268392990782,FALSE
"reverse|GCST90671345","ed_2025_eur_reverse_exposure","GCST90671345","Gut microbiome genus presence (Lactobacillus)","taxon:lactobacillus","primary","GCST90671345","EUR","reverse_sensitivity","microbiome_trait_units_per_standardized_ED_exposure",15,"estimable","reverse",TRUE,TRUE,"mr_ivw_mre",15,0.634205847760113,0.528921570566575,-0.402461381196735,1.67087307671696,0.230506711664663,"estimated","","",1572,0.992268392990782,FALSE
"reverse|GCST90670672","ed_2025_eur_reverse_exposure","GCST90670672","Gut microbiome species presence (UBA11471 sp000434215, GCA_000434215.1)","taxon:uba11471 sp000434215","primary","GCST90670672","EUR","reverse_sensitivity","microbiome_trait_units_per_standardized_ED_exposure",15,"estimable","reverse",TRUE,TRUE,"mr_ivw_mre",15,0.774664514655524,0.652267058543153,-0.503755428390935,2.05308445770198,0.234971606636049,"estimated","","",1572,0.992268392990782,FALSE
"reverse|GCST90671576","ed_2025_eur_reverse_exposure","GCST90671576","Gut microbiome genus presence (Aphodoplasma)","taxon:aphodoplasma","primary","GCST90671576","EUR","reverse_sensitivity","microbiome_trait_units_per_standardized_ED_exposure",15,"estimable","reverse",TRUE,TRUE,"mr_ivw_mre",15,0.968419393842408,0.815911885410152,-0.630738516119662,2.56757730380448,0.23526050292679,"estimated","","",1572,0.992268392990782,FALSE
"reverse|GCST90671731","ed_2025_eur_reverse_exposure","GCST90671731","Gut microbiome family presence (UMGS1253)","taxon:umgs1253","primary","GCST90671731","EUR","reverse_sensitivity","microbiome_trait_units_per_standardized_ED_exposure",15,"estimable","reverse",TRUE,TRUE,"mr_ivw_mre",15,0.968419393842408,0.815911885410152,-0.630738516119662,2.56757730380448,0.23526050292679,"estimated","","",1572,0.992268392990782,FALSE
"reverse|GCST90670709","ed_2025_eur_reverse_exposure","GCST90670709","Gut microbiome species presence (CAG-492 sp000434335, GCA_000434335.1)","taxon:cag-492 sp000434335","primary","GCST90670709","EUR","reverse_sensitivity","microbiome_trait_units_per_standardized_ED_exposure",15,"estimable","reverse",TRUE,TRUE,"mr_ivw_mre",15,-1.30012097354569,1.096590608428,-3.44939907184943,0.849157124758065,0.235779167975256,"estimated","","",1572,0.992268392990782,FALSE
"reverse|GCST90670395","ed_2025_eur_reverse_exposure","GCST90670395","Gut microbiome species abundance (Streptococcus salivarius, GCF_000785515.1)","taxon:streptococcus salivarius","primary","GCST90670395","EUR","reverse_sensitivity","microbiome_trait_units_per_standardized_ED_exposure",17,"estimable","reverse",TRUE,TRUE,"mr_ivw_mre",17,0.311026502491614,0.262604185524184,-0.203668243325261,0.825721248308489,0.236257615171602,"estimated","","",1572,0.992268392990782,FALSE
"reverse|GCST90671257","ed_2025_eur_reverse_exposure","GCST90671257","Gut microbiome species presence (Blautia A sp934364795, GCA_934364795.1)","taxon:blautia a sp934364795","primary","GCST90671257","EUR","reverse_sensitivity","microbiome_trait_units_per_standardized_ED_exposure",15,"estimable","reverse",TRUE,TRUE,"mr_ivw_mre",15,0.898509471178698,0.759136625657582,-0.589370974455428,2.38638991681282,0.236573860531032,"estimated","","",1572,0.992268392990782,FALSE
"reverse|GCST90671925","ed_2025_eur_reverse_exposure","GCST90671925","Gut microbiome function abundance (Nitric oxide degradation I (NO dioxygenase), MGB027)","function:mgb027","primary","GCST90671925","EUR","reverse_sensitivity","microbiome_trait_units_per_standardized_ED_exposure",17,"estimable","reverse",TRUE,TRUE,"mr_ivw_mre",17,0.270637437376868,0.229092561962101,-0.17837573319486,0.719650607948595,0.237465550631139,"estimated","","",1572,0.992268392990782,FALSE
"reverse|GCST90670893","ed_2025_eur_reverse_exposure","GCST90670893","Gut microbiome species presence (UMGS1322 sp900550765, GCA_900550765.1)","taxon:umgs1322 sp900550765","primary","GCST90670893","EUR","reverse_sensitivity","microbiome_trait_units_per_standardized_ED_exposure",15,"estimable","reverse",TRUE,TRUE,"mr_ivw_mre",15,0.845735548073937,0.717518874737434,-0.560575604639139,2.25204670078701,0.238519848298997,"estimated","","",1572,0.992268392990782,FALSE
"reverse|GCST90670834","ed_2025_eur_reverse_exposure","GCST90670834","Gut microbiome species presence (Egerieisoma faecipullorum, GCA_904420095.1)","taxon:egerieisoma faecipullorum","primary","GCST90670834","EUR","reverse_sensitivity","microbiome_trait_units_per_standardized_ED_exposure",15,"estimable","reverse",TRUE,TRUE,"mr_ivw_mre",15,-1.32833495513814,1.13088723719853,-3.54483321062326,0.88816330034698,0.240156621548804,"estimated","","",1572,0.992268392990782,FALSE
"reverse|GCST90670997","ed_2025_eur_reverse_exposure","GCST90670997","Gut microbiome species presence (Lachnoclostridium B sp900066765, GCA_902362865.1)","taxon:lachnoclostridium b sp900066765","primary","GCST90670997","EUR","reverse_sensitivity","microbiome_trait_units_per_standardized_ED_exposure",15,"estimable","reverse",TRUE,TRUE,"mr_ivw_mre",15,-0.651773999485481,0.55597237818773,-1.74145983713251,0.437911838161552,0.241071159431698,"estimated","","",1572,0.992268392990782,FALSE
"reverse|GCST90671545","ed_2025_eur_reverse_exposure","GCST90671545","Gut microbiome genus presence (UMGS882)","taxon:umgs882","primary","GCST90671545","EUR","reverse_sensitivity","microbiome_trait_units_per_standardized_ED_exposure",15,"estimable","reverse",TRUE,TRUE,"mr_ivw_mre",15,0.623790663391085,0.532382142302563,-0.419659161534216,1.66724048831639,0.241318649160599,"estimated","","",1572,0.992268392990782,FALSE
"reverse|GCST90670436","ed_2025_eur_reverse_exposure","GCST90670436","Gut microbiome species abundance (Anaerotignum faecicola, GCF_003865035.1)","taxon:anaerotignum faecicola","primary","GCST90670436","EUR","reverse_sensitivity","microbiome_trait_units_per_standardized_ED_exposure",17,"estimable","reverse",TRUE,TRUE,"mr_ivw_mre",17,-0.309041068283218,0.263907505411265,-0.826290274139106,0.20820813757267,0.241590583838753,"estimated","","",1572,0.992268392990782,FALSE
"reverse|GCST90671298","ed_2025_eur_reverse_exposure","GCST90671298","Gut microbiome genus abundance (Fusicatenibacter)","taxon:fusicatenibacter","primary","GCST90671298","EUR","reverse_sensitivity","microbiome_trait_units_per_standardized_ED_exposure",17,"estimable","reverse",TRUE,TRUE,"mr_ivw_mre",17,0.285488794538377,0.244108462046003,-0.192954999393251,0.763932588470004,0.242195728697977,"estimated","","",1572,0.992268392990782,FALSE
"reverse|GCST90671574","ed_2025_eur_reverse_exposure","GCST90671574","Gut microbiome genus abundance (Faecimorpha)","taxon:faecimorpha","primary","GCST90671574","EUR","reverse_sensitivity","microbiome_trait_units_per_standardized_ED_exposure",17,"estimable","reverse",TRUE,TRUE,"mr_ivw_mre",17,0.244941256651403,0.210214383480117,-0.167071364001918,0.656953877304724,0.243939090949674,"estimated","","",1572,0.992268392990782,FALSE
"reverse|GCST90671087","ed_2025_eur_reverse_exposure","GCST90671087","Gut microbiome species abundance (Pseudobutyricicoccus lothianensis, GCA_904419295.1)","taxon:pseudobutyricicoccus lothianensis","primary","GCST90671087","EUR","reverse_sensitivity","microbiome_trait_units_per_standardized_ED_exposure",17,"estimable","reverse",TRUE,TRUE,"mr_ivw_mre",17,0.245825494126949,0.21130229746378,-0.168319398752629,0.659970387006527,0.244674156431913,"estimated","","",1572,0.992268392990782,FALSE
"reverse|GCST90671364","ed_2025_eur_reverse_exposure","GCST90671364","Gut microbiome genus presence (Ellagibacter)","taxon:ellagibacter","primary","GCST90671364","EUR","reverse_sensitivity","microbiome_trait_units_per_standardized_ED_exposure",15,"estimable","reverse",TRUE,TRUE,"mr_ivw_mre",15,0.624827303695314,0.537148034855081,-0.427963498987111,1.67761810637774,0.244735748407494,"estimated","","",1572,0.992268392990782,FALSE
"reverse|GCST90670661","ed_2025_eur_reverse_exposure","GCST90670661","Gut microbiome species presence (Alistipes A pullistercoris, GCF_009557455.1)","taxon:alistipes a pullistercoris","primary","GCST90670661","EUR","reverse_sensitivity","microbiome_trait_units_per_standardized_ED_exposure",15,"estimable","reverse",TRUE,TRUE,"mr_ivw_mre",15,0.598516243969776,0.515066045338266,-0.410994654552699,1.60802714249225,0.245227973554418,"estimated","","",1572,0.992268392990782,FALSE
"reverse|GCST90671205","ed_2025_eur_reverse_exposure","GCST90671205","Gut microbiome species presence (Actinomyces dentalis, GCF_000429225.1)","taxon:actinomyces dentalis","primary","GCST90671205","EUR","reverse_sensitivity","microbiome_trait_units_per_standardized_ED_exposure",15,"estimable","reverse",TRUE,TRUE,"mr_ivw_mre",15,-0.960330959464656,0.828637237315042,-2.58443010085091,0.663768181921596,0.246485503420231,"estimated","","",1572,0.992268392990782,FALSE
"reverse|GCST90671383","ed_2025_eur_reverse_exposure","GCST90671383","Gut microbiome genus presence (Aphodocola)","taxon:aphodocola","primary","GCST90671383","EUR","reverse_sensitivity","microbiome_trait_units_per_standardized_ED_exposure",15,"estimable","reverse",TRUE,TRUE,"mr_ivw_mre",15,0.98686857556684,0.851754965348579,-0.682540480169536,2.65627763130322,0.246607169006156,"estimated","","",1572,0.992268392990782,FALSE
"reverse|GCST90670456","ed_2025_eur_reverse_exposure","GCST90670456","Gut microbiome species presence (CAG-302 sp000431795, GCA_000431795.1)","taxon:cag-302 sp000431795","primary","GCST90670456","EUR","reverse_sensitivity","microbiome_trait_units_per_standardized_ED_exposure",15,"estimable","reverse",TRUE,TRUE,"mr_ivw_mre",15,0.719269124116125,0.621279566398154,-0.498416450354918,1.93695469858717,0.246977436051046,"estimated","","",1572,0.992268392990782,FALSE
"reverse|GCST90671254","ed_2025_eur_reverse_exposure","GCST90671254","Gut microbiome species presence (Paralachnospira dongpingensis, GCF_014337195.1)","taxon:paralachnospira dongpingensis","primary","GCST90671254","EUR","reverse_sensitivity","microbiome_trait_units_per_standardized_ED_exposure",15,"estimable","reverse",TRUE,TRUE,"mr_ivw_mre",15,0.760381840740839,0.658720825613501,-0.530687253328113,2.05145093480979,0.248364509595916,"estimated","","",1572,0.992268392990782,FALSE
"reverse|GCST90670377","ed_2025_eur_reverse_exposure","GCST90670377","Gut microbiome species abundance (Anaerostipes hadrus, GCF_000332875.2)","taxon:anaerostipes hadrus","primary","GCST90670377","EUR","reverse_sensitivity","microbiome_trait_units_per_standardized_ED_exposure",17,"estimable","reverse",TRUE,TRUE,"mr_ivw_mre",17,0.375425159295536,0.325432220000114,-0.262410271313604,1.01326058990468,0.248655942599869,"estimated","","",1572,0.992268392990782,FALSE
"reverse|GCST90670399","ed_2025_eur_reverse_exposure","GCST90670399","Gut microbiome species presence (Methanobrevibacter A smithii, GCF_000016525.1)","taxon:methanobrevibacter a smithii","primary","GCST90670399","EUR","reverse_sensitivity","microbiome_trait_units_per_standardized_ED_exposure",15,"estimable","reverse",TRUE,TRUE,"mr_ivw_mre",15,0.660442906275876,0.573508829339053,-0.463613744044396,1.78449955659615,0.249492550666387,"estimated","","",1572,0.992268392990782,FALSE
"reverse|GCST90670825","ed_2025_eur_reverse_exposure","GCST90670825","Gut microbiome species presence (HGM13222 sp900757485, GCA_900757485.1)","taxon:hgm13222 sp900757485","primary","GCST90670825","EUR","reverse_sensitivity","microbiome_trait_units_per_standardized_ED_exposure",15,"estimable","reverse",TRUE,TRUE,"mr_ivw_mre",15,0.745454617088932,0.647782981443958,-0.524176696339204,2.01508593051707,0.249823442298183,"estimated","","",1572,0.992268392990782,FALSE
"reverse|GCST90671759","ed_2025_eur_reverse_exposure","GCST90671759","Gut microbiome order abundance (TANB77)","taxon:tanb77","primary","GCST90671759","EUR","reverse_sensitivity","microbiome_trait_units_per_standardized_ED_exposure",17,"estimable","reverse",TRUE,TRUE,"mr_ivw_mre",17,0.254635772947664,0.22144240003507,-0.179383355771184,0.688654901666512,0.250186628746697,"estimated","","",1572,0.992268392990782,FALSE
"reverse|GCST90671910","ed_2025_eur_reverse_exposure","GCST90671910","Gut microbiome function presence (Methanogenesis from carbon dioxide, MF0100)","taxon:methanogenesis from carbon dioxide, mf0100","primary","GCST90671910","EUR","reverse_sensitivity","microbiome_trait_units_per_standardized_ED_exposure",15,"estimable","reverse",TRUE,TRUE,"mr_ivw_mre",15,0.62226998177021,0.54199639347575,-0.44002342919286,1.68456339273328,0.250924296973004,"estimated","","",1572,0.992268392990782,FALSE
"reverse|GCST90671751","ed_2025_eur_reverse_exposure","GCST90671751","Gut microbiome order abundance (Burkholderiales)","taxon:burkholderiales","primary","GCST90671751","EUR","reverse_sensitivity","microbiome_trait_units_per_standardized_ED_exposure",17,"estimable","reverse",TRUE,TRUE,"mr_ivw_mre",17,0.27051153699446,0.235649645702506,-0.191353281552076,0.732376355540996,0.25099353938526,"estimated","","",1572,0.992268392990782,FALSE
"reverse|GCST90671140","ed_2025_eur_reverse_exposure","GCST90671140","Gut microbiome species presence (Anaerotardibacter sp000435675, GCA_000435675.1)","taxon:anaerotardibacter sp000435675","primary","GCST90671140","EUR","reverse_sensitivity","microbiome_trait_units_per_standardized_ED_exposure",15,"estimable","reverse",TRUE,TRUE,"mr_ivw_mre",15,-0.658705941325553,0.574211662947687,-1.78414012020587,0.466728237554765,0.251320328622872,"estimated","","",1572,0.992268392990782,FALSE
"reverse|GCST90670795","ed_2025_eur_reverse_exposure","GCST90670795","Gut microbiome species presence (Lawsonibacter sp902363045, GCA_902363045.1)","taxon:lawsonibacter sp902363045","primary","GCST90670795","EUR","reverse_sensitivity","microbiome_trait_units_per_standardized_ED_exposure",15,"estimable","reverse",TRUE,TRUE,"mr_ivw_mre",15,1.04543382409796,0.912484176228552,-0.743002297772701,2.83386994596862,0.251918984795172,"estimated","","",1572,0.992268392990782,FALSE
"reverse|GCST90670374","ed_2025_eur_reverse_exposure","GCST90670374","Gut microbiome species abundance (Bifidobacterium adolescentis, GCF_000010425.1)","taxon:bifidobacterium adolescentis","primary","GCST90670374","EUR","reverse_sensitivity","microbiome_trait_units_per_standardized_ED_exposure",17,"estimable","reverse",TRUE,TRUE,"mr_ivw_mre",17,0.247105542178671,0.215791766932338,-0.175838549168973,0.670049633526315,0.252163148378086,"estimated","","",1572,0.992268392990782,FALSE
"reverse|GCST90671377","ed_2025_eur_reverse_exposure","GCST90671377","Gut microbiome genus presence (UBA738)","taxon:uba738","primary","GCST90671377","EUR","reverse_sensitivity","microbiome_trait_units_per_standardized_ED_exposure",15,"estimable","reverse",TRUE,TRUE,"mr_ivw_mre",15,0.77026759999556,0.674372066351364,-0.551477362232968,2.09201256222409,0.25337100332857,"estimated","","",1572,0.992268392990782,FALSE
"reverse|GCST90670440","ed_2025_eur_reverse_exposure","GCST90670440","Gut microbiome species presence (Ligilactobacillus ruminis, GCF_900113455.1)","taxon:ligilactobacillus ruminis","primary","GCST90670440","EUR","reverse_sensitivity","microbiome_trait_units_per_standardized_ED_exposure",15,"estimable","reverse",TRUE,TRUE,"mr_ivw_mre",15,-1.07420297518493,0.94155430784067,-2.91961550804118,0.771209557671319,0.253918759785296,"estimated","","",1572,0.992268392990782,FALSE
"reverse|GCST90671907","ed_2025_eur_reverse_exposure","GCST90671907","Gut microbiome function abundance (Succinate production, MF0096)","function:mf0096","primary","GCST90671907","EUR","reverse_sensitivity","microbiome_trait_units_per_standardized_ED_exposure",17,"estimable","reverse",TRUE,TRUE,"mr_ivw_mre",17,-0.243016330760278,0.213357876456111,-0.661190084432203,0.175157422911646,0.254699812378318,"estimated","","",1572,0.992268392990782,FALSE
"reverse|GCST90671625","ed_2025_eur_reverse_exposure","GCST90671625","Gut microbiome genus abundance (Massiliimalia)","taxon:massiliimalia","primary","GCST90671625","EUR","reverse_sensitivity","microbiome_trait_units_per_standardized_ED_exposure",17,"estimable","reverse",TRUE,TRUE,"mr_ivw_mre",17,0.270104388785606,0.237658857052469,-0.195698411644186,0.735907189215397,0.255738393658862,"estimated","","",1572,0.992268392990782,FALSE
"reverse|GCST90671558","ed_2025_eur_reverse_exposure","GCST90671558","Gut microbiome genus presence (HGM11417)","taxon:hgm11417","primary","GCST90671558","EUR","reverse_sensitivity","microbiome_trait_units_per_standardized_ED_exposure",15,"estimable","reverse",TRUE,TRUE,"mr_ivw_mre",15,0.650758762733678,0.573847431638475,-0.473961535898542,1.7754790613659,0.256783016888503,"estimated","","",1572,0.992268392990782,FALSE
"reverse|GCST90671727","ed_2025_eur_reverse_exposure","GCST90671727","Gut microbiome family presence (HGM11417)","taxon:hgm11417","primary","GCST90671727","EUR","reverse_sensitivity","microbiome_trait_units_per_standardized_ED_exposure",15,"estimable","reverse",TRUE,TRUE,"mr_ivw_mre",15,0.650758762733678,0.573847431638475,-0.473961535898542,1.7754790613659,0.256783016888503,"estimated","","",1572,0.992268392990782,FALSE
"reverse|GCST90671367","ed_2025_eur_reverse_exposure","GCST90671367","Gut microbiome genus abundance (Collinsella)","taxon:collinsella","primary","GCST90671367","EUR","reverse_sensitivity","microbiome_trait_units_per_standardized_ED_exposure",17,"estimable","reverse",TRUE,TRUE,"mr_ivw_mre",17,0.24193927809674,0.213759566812962,-0.177021774207548,0.660900330401028,0.257706330373136,"estimated","","",1572,0.992268392990782,FALSE
"reverse|GCST90670787","ed_2025_eur_reverse_exposure","GCST90670787","Gut microbiome species presence (Ventrimonas sp900540335, GCA_900540335.1)","taxon:ventrimonas sp900540335","primary","GCST90670787","EUR","reverse_sensitivity","microbiome_trait_units_per_standardized_ED_exposure",15,"estimable","reverse",TRUE,TRUE,"mr_ivw_mre",15,1.21339238073138,1.07212013245577,-0.887924465982244,3.314709227445,0.257731544086968,"estimated","","",1572,0.992268392990782,FALSE
"reverse|GCST90671051","ed_2025_eur_reverse_exposure","GCST90671051","Gut microbiome species presence (Catenibacillus sp018369015, GCA_018369015.1)","taxon:catenibacillus sp018369015","primary","GCST90671051","EUR","reverse_sensitivity","microbiome_trait_units_per_standardized_ED_exposure",15,"estimable","reverse",TRUE,TRUE,"mr_ivw_mre",15,0.673121011934846,0.595088012873243,-0.493230060928217,1.83947208479791,0.258001009952829,"estimated","","",1572,0.992268392990782,FALSE
"reverse|GCST90670948","ed_2025_eur_reverse_exposure","GCST90670948","Gut microbiome species presence (UBA10677 sp003533505, GCA_003533505.1)","taxon:uba10677 sp003533505","primary","GCST90670948","EUR","reverse_sensitivity","microbiome_trait_units_per_standardized_ED_exposure",15,"estimable","reverse",TRUE,TRUE,"mr_ivw_mre",15,-1.07178535372271,0.952157326795061,-2.93797942185697,0.79440871441154,0.260318383241629,"estimated","","",1572,0.992268392990782,FALSE
"reverse|GCST90671093","ed_2025_eur_reverse_exposure","GCST90671093","Gut microbiome species presence (QAMM01 sp003150405, GCA_003150405.1)","taxon:qamm01 sp003150405","primary","GCST90671093","EUR","reverse_sensitivity","microbiome_trait_units_per_standardized_ED_exposure",15,"estimable","reverse",TRUE,TRUE,"mr_ivw_mre",15,0.765951913219214,0.681674930190454,-0.570106399117932,2.10201022555636,0.261169082718625,"estimated","","",1572,0.992268392990782,FALSE
"reverse|GCST90671341","ed_2025_eur_reverse_exposure","GCST90671341","Gut microbiome genus presence (Porphyromonas)","taxon:porphyromonas","primary","GCST90671341","EUR","reverse_sensitivity","microbiome_trait_units_per_standardized_ED_exposure",15,"estimable","reverse",TRUE,TRUE,"mr_ivw_mre",15,0.845346565061357,0.753253011724421,-0.631002209164835,2.32169533928755,0.261751434116606,"estimated","","",1572,0.992268392990782,FALSE
"reverse|GCST90671085","ed_2025_eur_reverse_exposure","GCST90671085","Gut microbiome species presence (Parachristensenella sp900542005, GCA_900542005.1)","taxon:parachristensenella sp900542005","primary","GCST90671085","EUR","reverse_sensitivity","microbiome_trait_units_per_standardized_ED_exposure",15,"estimable","reverse",TRUE,TRUE,"mr_ivw_mre",15,0.594868474166551,0.530165793853064,-0.44423738762054,1.63397433595364,0.261844433034593,"estimated","","",1572,0.992268392990782,FALSE
"reverse|GCST90671390","ed_2025_eur_reverse_exposure","GCST90671390","Gut microbiome genus presence (Merdousia)","taxon:merdousia","primary","GCST90671390","EUR","reverse_sensitivity","microbiome_trait_units_per_standardized_ED_exposure",15,"estimable","reverse",TRUE,TRUE,"mr_ivw_mre",15,0.827773788417182,0.739439668827215,-0.621501331224383,2.27704890805875,0.262943567639364,"estimated","","",1572,0.992268392990782,FALSE
"reverse|GCST90670531","ed_2025_eur_reverse_exposure","GCST90670531","Gut microbiome species presence (Ellagibacter isourolithinifaciens, GCF_008831035.1)","taxon:ellagibacter isourolithinifaciens","primary","GCST90670531","EUR","reverse_sensitivity","microbiome_trait_units_per_standardized_ED_exposure",15,"estimable","reverse",TRUE,TRUE,"mr_ivw_mre",15,0.601643107138399,0.537515189097735,-0.451867304636398,1.6551535189132,0.263010306564045,"estimated","","",1572,0.992268392990782,FALSE
"reverse|GCST90671374","ed_2025_eur_reverse_exposure","GCST90671374","Gut microbiome genus presence (Bulleidia)","taxon:bulleidia","primary","GCST90671374","EUR","reverse_sensitivity","microbiome_trait_units_per_standardized_ED_exposure",15,"estimable","reverse",TRUE,TRUE,"mr_ivw_mre",15,-0.618893909907505,0.555432631650624,-1.70752186378103,0.46973404396602,0.265169556853621,"estimated","","",1572,0.992268392990782,FALSE
"reverse|GCST90670413","ed_2025_eur_reverse_exposure","GCST90670413","Gut microbiome species abundance (Roseburia inulinivorans, GCF_000174195.1)","taxon:roseburia inulinivorans","primary","GCST90670413","EUR","reverse_sensitivity","microbiome_trait_units_per_standardized_ED_exposure",17,"estimable","reverse",TRUE,TRUE,"mr_ivw_mre",17,0.306586301024682,0.275421598016623,-0.233230111652368,0.846402713701732,0.265642844527599,"estimated","","",1572,0.992268392990782,FALSE
"reverse|GCST90671239","ed_2025_eur_reverse_exposure","GCST90671239","Gut microbiome species presence (Intestinimonas timonensis, GCF_900626145.1)","taxon:intestinimonas timonensis","primary","GCST90671239","EUR","reverse_sensitivity","microbiome_trait_units_per_standardized_ED_exposure",15,"estimable","reverse",TRUE,TRUE,"mr_ivw_mre",15,0.896409534617092,0.805400226318696,-0.68214590210796,2.47496497134214,0.265708918628975,"estimated","","",1572,0.992268392990782,FALSE
"reverse|GCST90671659","ed_2025_eur_reverse_exposure","GCST90671659","Gut microbiome family abundance (Rikenellaceae)","taxon:rikenellaceae","primary","GCST90671659","EUR","reverse_sensitivity","microbiome_trait_units_per_standardized_ED_exposure",17,"estimable","reverse",TRUE,TRUE,"mr_ivw_mre",17,0.246255140954179,0.221625376371288,-0.188122614793679,0.680632896702037,0.266511354552489,"estimated","","",1572,0.992268392990782,FALSE
"reverse|GCST90670585","ed_2025_eur_reverse_exposure","GCST90670585","Gut microbiome species presence (Lachnospira sp003451515, GCF_003464165.1)","taxon:lachnospira sp003451515","primary","GCST90670585","EUR","reverse_sensitivity","microbiome_trait_units_per_standardized_ED_exposure",15,"estimable","reverse",TRUE,TRUE,"mr_ivw_mre",15,-0.726447682398106,0.655460212639786,-2.01112609247105,0.55823072767484,0.267731532029931,"estimated","","",1572,0.992268392990782,FALSE
"reverse|GCST90670617","ed_2025_eur_reverse_exposure","GCST90670617","Gut microbiome species presence (CAG-103 sp900317855, GCA_900317855.1)","taxon:cag-103 sp900317855","primary","GCST90670617","EUR","reverse_sensitivity","microbiome_trait_units_per_standardized_ED_exposure",15,"estimable","reverse",TRUE,TRUE,"mr_ivw_mre",15,1.14367248068296,1.03290874786421,-0.880791464447262,3.16813642581318,0.268192437967249,"estimated","","",1572,0.992268392990782,FALSE
"reverse|GCST90670965","ed_2025_eur_reverse_exposure","GCST90670965","Gut microbiome species presence (Blautia A sp900763175, GCA_900763175.1)","taxon:blautia a sp900763175","primary","GCST90670965","EUR","reverse_sensitivity","microbiome_trait_units_per_standardized_ED_exposure",15,"estimable","reverse",TRUE,TRUE,"mr_ivw_mre",15,0.611380791996531,0.553201049289248,-0.472873340820162,1.69563492481322,0.269086255865773,"estimated","","",1572,0.992268392990782,FALSE
"reverse|GCST90670421","ed_2025_eur_reverse_exposure","GCST90670421","Gut microbiome species abundance (Alistipes shahii, GCA_025145845.1)","taxon:alistipes shahii","primary","GCST90670421","EUR","reverse_sensitivity","microbiome_trait_units_per_standardized_ED_exposure",17,"estimable","reverse",TRUE,TRUE,"mr_ivw_mre",17,0.238802235037312,0.216721402004792,-0.185963907571107,0.66356837764573,0.270511323505779,"estimated","","",1572,0.992268392990782,FALSE
"reverse|GCST90671525","ed_2025_eur_reverse_exposure","GCST90671525","Gut microbiome genus abundance (UBA3818)","taxon:uba3818","primary","GCST90671525","EUR","reverse_sensitivity","microbiome_trait_units_per_standardized_ED_exposure",17,"estimable","reverse",TRUE,TRUE,"mr_ivw_mre",17,0.248981884450603,0.226281140160725,-0.194521000645077,0.692484769546284,0.271192296982466,"estimated","","",1572,0.992268392990782,FALSE
"reverse|GCST90671057","ed_2025_eur_reverse_exposure","GCST90671057","Gut microbiome species presence (Emergencia sp904420065, GCA_904420065.1)","taxon:emergencia sp904420065","primary","GCST90671057","EUR","reverse_sensitivity","microbiome_trait_units_per_standardized_ED_exposure",15,"estimable","reverse",TRUE,TRUE,"mr_ivw_mre",15,-0.598511913869035,0.544376332683118,-1.66546991996394,0.468446092225872,0.2715739501342,"estimated","","",1572,0.992268392990782,FALSE
"reverse|GCST90671173","ed_2025_eur_reverse_exposure","GCST90671173","Gut microbiome species abundance (Hungatella hathewayi, GCA_025149285.1)","taxon:hungatella hathewayi","primary","GCST90671173","EUR","reverse_sensitivity","microbiome_trait_units_per_standardized_ED_exposure",17,"estimable","reverse",TRUE,TRUE,"mr_ivw_mre",17,-0.249452780400785,0.227428512232419,-0.695204473433853,0.196298912632283,0.272711166025586,"estimated","","",1572,0.992268392990782,FALSE
"reverse|GCST90671883","ed_2025_eur_reverse_exposure","GCST90671883","Gut microbiome function abundance (Glycolysis (pay-off phase), MF0068)","function:mf0068","primary","GCST90671883","EUR","reverse_sensitivity","microbiome_trait_units_per_standardized_ED_exposure",17,"estimable","reverse",TRUE,TRUE,"mr_ivw_mre",17,0.250470360402194,0.228799964868266,-0.197969330403636,0.698910051208025,0.27364226800311,"estimated","","",1572,0.992268392990782,FALSE
"reverse|GCST90671914","ed_2025_eur_reverse_exposure","GCST90671914","Gut microbiome function presence (Melatonin synthesis, MGB003)","taxon:melatonin synthesis, mgb003","primary","GCST90671914","EUR","reverse_sensitivity","microbiome_trait_units_per_standardized_ED_exposure",15,"estimable","reverse",TRUE,TRUE,"mr_ivw_mre",15,-0.58661024330334,0.536073051942228,-1.63729411819258,0.464073631585895,0.273835282500046,"estimated","","",1572,0.992268392990782,FALSE
"reverse|GCST90670547","ed_2025_eur_reverse_exposure","GCST90670547","Gut microbiome species presence (Lactiplantibacillus plantarum, GCF_014131735.1)","taxon:lactiplantibacillus plantarum","primary","GCST90670547","EUR","reverse_sensitivity","microbiome_trait_units_per_standardized_ED_exposure",15,"estimable","reverse",TRUE,TRUE,"mr_ivw_mre",15,-0.87868503580062,0.803418417073295,-2.45335619778046,0.695986126179217,0.274094048440937,"estimated","","",1572,0.992268392990782,FALSE
"reverse|GCST90670564","ed_2025_eur_reverse_exposure","GCST90670564","Gut microbiome species presence (UBA738 sp003522945, GCA_003522945.1)","taxon:uba738 sp003522945","primary","GCST90670564","EUR","reverse_sensitivity","microbiome_trait_units_per_standardized_ED_exposure",15,"estimable","reverse",TRUE,TRUE,"mr_ivw_mre",15,0.643487747924141,0.589132290935881,-0.511190324439758,1.79816582028804,0.27471726149008,"estimated","","",1572,0.992268392990782,FALSE
"reverse|GCST90671103","ed_2025_eur_reverse_exposure","GCST90671103","Gut microbiome species presence (Parachristensenella hMGS.04635, )","taxon:parachristensenella hmgs.04635,","primary","GCST90671103","EUR","reverse_sensitivity","microbiome_trait_units_per_standardized_ED_exposure",15,"estimable","reverse",TRUE,TRUE,"mr_ivw_mre",15,-0.71707095294943,0.661586506684531,-2.01375667870878,0.579614772809918,0.278424329003495,"estimated","","",1572,0.992268392990782,FALSE
"reverse|GCST90670402","ed_2025_eur_reverse_exposure","GCST90670402","Gut microbiome species abundance (Parabacteroides distasonis, GCF_000012845.1)","taxon:parabacteroides distasonis","primary","GCST90670402","EUR","reverse_sensitivity","microbiome_trait_units_per_standardized_ED_exposure",17,"estimable","reverse",TRUE,TRUE,"mr_ivw_mre",17,0.238975592860174,0.220739814685159,-0.193666493876783,0.671617679597132,0.278980637218115,"estimated","","",1572,0.992268392990782,FALSE
"reverse|GCST90671756","ed_2025_eur_reverse_exposure","GCST90671756","Gut microbiome order presence (Campylobacterales)","taxon:campylobacterales","primary","GCST90671756","EUR","reverse_sensitivity","microbiome_trait_units_per_standardized_ED_exposure",15,"estimable","reverse",TRUE,TRUE,"mr_ivw_mre",15,0.731557079756207,0.676411567519057,-0.594185231307428,2.05729939081984,0.279462950036761,"estimated","","",1572,0.992268392990782,FALSE
"reverse|GCST90671796","ed_2025_eur_reverse_exposure","GCST90671796","Gut microbiome class presence (Campylobacteria)","taxon:campylobacteria","primary","GCST90671796","EUR","reverse_sensitivity","microbiome_trait_units_per_standardized_ED_exposure",15,"estimable","reverse",TRUE,TRUE,"mr_ivw_mre",15,0.731557079756207,0.676411567519057,-0.594185231307428,2.05729939081984,0.279462950036761,"estimated","","",1572,0.992268392990782,FALSE
"reverse|GCST90671814","ed_2025_eur_reverse_exposure","GCST90671814","Gut microbiome phylum presence (Campylobacterota)","taxon:campylobacterota","primary","GCST90671814","EUR","reverse_sensitivity","microbiome_trait_units_per_standardized_ED_exposure",15,"estimable","reverse",TRUE,TRUE,"mr_ivw_mre",15,0.731557079756207,0.676411567519057,-0.594185231307428,2.05729939081984,0.279462950036761,"estimated","","",1572,0.992268392990782,FALSE
"reverse|GCST90670472","ed_2025_eur_reverse_exposure","GCST90670472","Gut microbiome species abundance (Dorea A longicatena, GCA_025150085.1)","taxon:dorea a longicatena","primary","GCST90670472","EUR","reverse_sensitivity","microbiome_trait_units_per_standardized_ED_exposure",17,"estimable","reverse",TRUE,TRUE,"mr_ivw_mre",17,0.250786057670022,0.232318064911025,-0.204548982513626,0.70612109785367,0.280367374330905,"estimated","","",1572,0.992268392990782,FALSE
"reverse|GCST90670646","ed_2025_eur_reverse_exposure","GCST90670646","Gut microbiome species presence (QAMH01 sp900544245, GCA_900544245.1)","taxon:qamh01 sp900544245","primary","GCST90670646","EUR","reverse_sensitivity","microbiome_trait_units_per_standardized_ED_exposure",15,"estimable","reverse",TRUE,TRUE,"mr_ivw_mre",15,0.57647775539179,0.534358767754636,-0.4708461842305,1.62380169501408,0.280667285084115,"estimated","","",1572,0.992268392990782,FALSE
"reverse|GCST90671494","ed_2025_eur_reverse_exposure","GCST90671494","Gut microbiome genus abundance (Leuconostoc)","taxon:leuconostoc","primary","GCST90671494","EUR","reverse_sensitivity","microbiome_trait_units_per_standardized_ED_exposure",17,"estimable","reverse",TRUE,TRUE,"mr_ivw_mre",17,0.254862826945633,0.236742642439833,-0.209144225841284,0.71886987973255,0.28168600544617,"estimated","","",1572,0.992268392990782,FALSE
"reverse|GCST90671822","ed_2025_eur_reverse_exposure","GCST90671822","Gut microbiome superkingdom presence (Eukaryota)","taxon:eukaryota","primary","GCST90671822","EUR","reverse_sensitivity","microbiome_trait_units_per_standardized_ED_exposure",15,"estimable","reverse",TRUE,TRUE,"mr_ivw_mre",15,0.67048399409612,0.624024182029217,-0.552580928163213,1.89354891635545,0.282620173166794,"estimated","","",1572,0.992268392990782,FALSE
"reverse|GCST90670912","ed_2025_eur_reverse_exposure","GCST90670912","Gut microbiome species abundance (UMGS1264 sp904399395, GCA_904399395.1)","taxon:umgs1264 sp904399395","primary","GCST90670912","EUR","reverse_sensitivity","microbiome_trait_units_per_standardized_ED_exposure",17,"estimable","reverse",TRUE,TRUE,"mr_ivw_mre",17,0.269624852038441,0.25147402188486,-0.223255173903321,0.762504877980203,0.283640200222925,"estimated","","",1572,0.992268392990782,FALSE
"reverse|GCST90671527","ed_2025_eur_reverse_exposure","GCST90671527","Gut microbiome genus abundance (UMGS1264)","taxon:umgs1264","primary","GCST90671527","EUR","reverse_sensitivity","microbiome_trait_units_per_standardized_ED_exposure",17,"estimable","reverse",TRUE,TRUE,"mr_ivw_mre",17,0.269624852038441,0.25147402188486,-0.223255173903321,0.762504877980203,0.283640200222925,"estimated","","",1572,0.992268392990782,FALSE
"reverse|GCST90671410","ed_2025_eur_reverse_exposure","GCST90671410","Gut microbiome genus presence (Woodwardibium)","taxon:woodwardibium","primary","GCST90671410","EUR","reverse_sensitivity","microbiome_trait_units_per_standardized_ED_exposure",15,"estimable","reverse",TRUE,TRUE,"mr_ivw_mre",15,0.555003841343303,0.517713244109076,-0.459695471429879,1.56970315411649,0.283706807282102,"estimated","","",1572,0.992268392990782,FALSE
"reverse|GCST90671081","ed_2025_eur_reverse_exposure","GCST90671081","Gut microbiome species presence (Merdicola sp905200315, GCA_905200315.1)","taxon:merdicola sp905200315","primary","GCST90671081","EUR","reverse_sensitivity","microbiome_trait_units_per_standardized_ED_exposure",15,"estimable","reverse",TRUE,TRUE,"mr_ivw_mre",15,0.978070947624398,0.912408816993808,-0.810217472860262,2.76635936810906,0.283735442718542,"estimated","","",1572,0.992268392990782,FALSE
"reverse|GCST90671838","ed_2025_eur_reverse_exposure","GCST90671838","Gut microbiome function abundance (Fucose degradation, MF0016)","function:mf0016","primary","GCST90671838","EUR","reverse_sensitivity","microbiome_trait_units_per_standardized_ED_exposure",17,"estimable","reverse",TRUE,TRUE,"mr_ivw_mre",17,-0.245189532481369,0.228758476927439,-0.693547908417387,0.203168843454648,0.283797703338041,"estimated","","",1572,0.992268392990782,FALSE
"reverse|GCST90671069","ed_2025_eur_reverse_exposure","GCST90671069","Gut microbiome species abundance (HGM11616 sp900761075, GCA_900761075.1)","taxon:hgm11616 sp900761075","primary","GCST90671069","EUR","reverse_sensitivity","microbiome_trait_units_per_standardized_ED_exposure",17,"estimable","reverse",TRUE,TRUE,"mr_ivw_mre",17,0.22843088511153,0.213241148385791,-0.189514085746582,0.646375855969643,0.284064824556763,"estimated","","",1572,0.992268392990782,FALSE
"reverse|GCST90671586","ed_2025_eur_reverse_exposure","GCST90671586","Gut microbiome genus abundance (HGM11616)","taxon:hgm11616","primary","GCST90671586","EUR","reverse_sensitivity","microbiome_trait_units_per_standardized_ED_exposure",17,"estimable","reverse",TRUE,TRUE,"mr_ivw_mre",17,0.22843088511153,0.213241148385791,-0.189514085746582,0.646375855969643,0.284064824556763,"estimated","","",1572,0.992268392990782,FALSE
"reverse|GCST90671714","ed_2025_eur_reverse_exposure","GCST90671714","Gut microbiome family presence (Eubacteriaceae)","taxon:eubacteriaceae","primary","GCST90671714","EUR","reverse_sensitivity","microbiome_trait_units_per_standardized_ED_exposure",15,"estimable","reverse",TRUE,TRUE,"mr_ivw_mre",15,0.889632239226309,0.832623583228597,-0.742279996580429,2.52154447503305,0.285309141087252,"estimated","","",1572,0.992268392990782,FALSE
"reverse|GCST90670513","ed_2025_eur_reverse_exposure","GCST90670513","Gut microbiome species abundance (CAG-170 sp002404795, GCA_002404795.1)","taxon:cag-170 sp002404795","primary","GCST90670513","EUR","reverse_sensitivity","microbiome_trait_units_per_standardized_ED_exposure",17,"estimable","reverse",TRUE,TRUE,"mr_ivw_mre",17,0.224393881736712,0.210285441395135,-0.18775800987086,0.636545773344285,0.285930359469084,"estimated","","",1572,0.992268392990782,FALSE
"reverse|GCST90670900","ed_2025_eur_reverse_exposure","GCST90670900","Gut microbiome species presence (Gemmiger stercorigallinarum, GCA_019119495.1)","taxon:gemmiger stercorigallinarum","primary","GCST90670900","EUR","reverse_sensitivity","microbiome_trait_units_per_standardized_ED_exposure",15,"estimable","reverse",TRUE,TRUE,"mr_ivw_mre",15,-0.821169319430451,0.772611842730712,-2.33546070521177,0.693122066350869,0.287850672007855,"estimated","","",1572,0.992268392990782,FALSE
"reverse|GCST90670457","ed_2025_eur_reverse_exposure","GCST90670457","Gut microbiome species presence (Parasutterella excrementihominis, GCF_000205025.1)","taxon:parasutterella excrementihominis","primary","GCST90670457","EUR","reverse_sensitivity","microbiome_trait_units_per_standardized_ED_exposure",15,"estimable","reverse",TRUE,TRUE,"mr_ivw_mre",15,0.560685594883292,0.529165757979535,-0.476460232608435,1.59783142237502,0.289342475988936,"estimated","","",1572,0.992268392990782,FALSE
"reverse|GCST90670830","ed_2025_eur_reverse_exposure","GCST90670830","Gut microbiome species presence (Veillonella sp900757715, GCA_900757715.1)","taxon:veillonella sp900757715","primary","GCST90670830","EUR","reverse_sensitivity","microbiome_trait_units_per_standardized_ED_exposure",15,"estimable","reverse",TRUE,TRUE,"mr_ivw_mre",15,-0.906280791833427,0.855409213728538,-2.58285204278509,0.770290459118233,0.289385576184461,"estimated","","",1572,0.992268392990782,FALSE
"reverse|GCST90670495","ed_2025_eur_reverse_exposure","GCST90670495","Gut microbiome species abundance (Streptococcus thermophilus, GCF_010120595.1)","taxon:streptococcus thermophilus","primary","GCST90670495","EUR","reverse_sensitivity","microbiome_trait_units_per_standardized_ED_exposure",17,"estimable","reverse",TRUE,TRUE,"mr_ivw_mre",17,0.218442659070921,0.206247667980049,-0.185795342065349,0.622680660207192,0.289541536126937,"estimated","","",1572,0.992268392990782,FALSE
"reverse|GCST90671207","ed_2025_eur_reverse_exposure","GCST90671207","Gut microbiome species abundance (Mediterraneibacter sp014287475, GCF_014287475.1)","taxon:mediterraneibacter sp014287475","primary","GCST90671207","EUR","reverse_sensitivity","microbiome_trait_units_per_standardized_ED_exposure",17,"estimable","reverse",TRUE,TRUE,"mr_ivw_mre",17,0.246217010050622,0.232868343683227,-0.210196556707998,0.702630576809241,0.290364289377041,"estimated","","",1572,0.992268392990782,FALSE
"reverse|GCST90671612","ed_2025_eur_reverse_exposure","GCST90671612","Gut microbiome genus presence (Wujia)","taxon:wujia","primary","GCST90671612","EUR","reverse_sensitivity","microbiome_trait_units_per_standardized_ED_exposure",15,"estimable","reverse",TRUE,TRUE,"mr_ivw_mre",15,0.557088816298417,0.527167425704254,-0.476140351904614,1.59031798450145,0.290621681724736,"estimated","","",1572,0.992268392990782,FALSE
"reverse|GCST90670404","ed_2025_eur_reverse_exposure","GCST90670404","Gut microbiome species abundance (Bacteroides uniformis, GCA_025147485.1)","taxon:bacteroides uniformis","primary","GCST90670404","EUR","reverse_sensitivity","microbiome_trait_units_per_standardized_ED_exposure",17,"estimable","reverse",TRUE,TRUE,"mr_ivw_mre",17,0.235752167888055,0.223288269114141,-0.201884797745949,0.673389133522058,0.291050566287068,"estimated","","",1572,0.992268392990782,FALSE
"reverse|GCST90671142","ed_2025_eur_reverse_exposure","GCST90671142","Gut microbiome species abundance (Hominisplanchenecus faecis, GCF_020687205.1)","taxon:hominisplanchenecus faecis","primary","GCST90671142","EUR","reverse_sensitivity","microbiome_trait_units_per_standardized_ED_exposure",17,"estimable","reverse",TRUE,TRUE,"mr_ivw_mre",17,0.228991062766122,0.216993925447119,-0.196309215974201,0.654291341506445,0.291293675737002,"estimated","","",1572,0.992268392990782,FALSE
"reverse|GCST90671302","ed_2025_eur_reverse_exposure","GCST90671302","Gut microbiome genus abundance (ER4)","taxon:er4","primary","GCST90671302","EUR","reverse_sensitivity","microbiome_trait_units_per_standardized_ED_exposure",17,"estimable","reverse",TRUE,TRUE,"mr_ivw_mre",17,-0.233416863346814,0.222107563316531,-0.668739688141163,0.201905961447536,0.293296196461709,"estimated","","",1572,0.992268392990782,FALSE
"reverse|GCST90670607","ed_2025_eur_reverse_exposure","GCST90670607","Gut microbiome species presence (Bacteroides intestinalis, GCF_000172175.1)","taxon:bacteroides intestinalis","primary","GCST90670607","EUR","reverse_sensitivity","microbiome_trait_units_per_standardized_ED_exposure",15,"estimable","reverse",TRUE,TRUE,"mr_ivw_mre",15,-0.6906180504494,0.659625615314672,-1.98346049974623,0.602224398847428,0.295106548458792,"estimated","","",1572,0.992268392990782,FALSE
"reverse|GCST90671110","ed_2025_eur_reverse_exposure","GCST90671110","Gut microbiome species presence (Fumia hMGS.04802, )","taxon:fumia hmgs.04802,","primary","GCST90671110","EUR","reverse_sensitivity","microbiome_trait_units_per_standardized_ED_exposure",15,"estimable","reverse",TRUE,TRUE,"mr_ivw_mre",15,-0.588930879116714,0.562562126727957,-1.69153238656977,0.513670628336339,0.295158338279085,"estimated","","",1572,0.992268392990782,FALSE
"reverse|GCST90671314","ed_2025_eur_reverse_exposure","GCST90671314","Gut microbiome genus presence (Fimenecus)","taxon:fimenecus","primary","GCST90671314","EUR","reverse_sensitivity","microbiome_trait_units_per_standardized_ED_exposure",15,"estimable","reverse",TRUE,TRUE,"mr_ivw_mre",15,-0.670645254395078,0.640752757648692,-1.92649758238124,0.585207073591081,0.295260038111716,"estimated","","",1572,0.992268392990782,FALSE
"reverse|GCST90671470","ed_2025_eur_reverse_exposure","GCST90671470","Gut microbiome genus presence (V9D3004)","taxon:v9d3004","primary","GCST90671470","EUR","reverse_sensitivity","microbiome_trait_units_per_standardized_ED_exposure",15,"estimable","reverse",TRUE,TRUE,"mr_ivw_mre",15,-0.602016240941033,0.575398582150647,-1.72977673871171,0.525744256829645,0.295441232145951,"estimated","","",1572,0.992268392990782,FALSE
"reverse|GCST90670821","ed_2025_eur_reverse_exposure","GCST90670821","Gut microbiome species abundance (Enterenecus sp900549885, GCA_900549885.1)","taxon:enterenecus sp900549885","primary","GCST90670821","EUR","reverse_sensitivity","microbiome_trait_units_per_standardized_ED_exposure",17,"estimable","reverse",TRUE,TRUE,"mr_ivw_mre",17,0.248001341916711,0.23705470728123,-0.216617346720184,0.712620030553605,0.295479009394462,"estimated","","",1572,0.992268392990782,FALSE
"reverse|GCST90671920","ed_2025_eur_reverse_exposure","GCST90671920","Gut microbiome function abundance (Cortisol degradation, MGB011)","function:mgb011","primary","GCST90671920","EUR","reverse_sensitivity","microbiome_trait_units_per_standardized_ED_exposure",17,"estimable","reverse",TRUE,TRUE,"mr_ivw_mre",17,-0.239901563038745,0.230439919248871,-0.69155550536685,0.21175237928936,0.297848144089947,"estimated","","",1572,0.992268392990782,FALSE
"reverse|GCST90671237","ed_2025_eur_reverse_exposure","GCST90671237","Gut microbiome species presence (Marseille-P3106 sp900169975, GCA_900169975.1)","taxon:marseille-p3106 sp900169975","primary","GCST90671237","EUR","reverse_sensitivity","microbiome_trait_units_per_standardized_ED_exposure",15,"estimable","reverse",TRUE,TRUE,"mr_ivw_mre",15,-0.937214631020963,0.903554246070511,-2.70814841139741,0.83371914935548,0.29961781989436,"estimated","","",1572,0.992268392990782,FALSE
"reverse|GCST90671012","ed_2025_eur_reverse_exposure","GCST90671012","Gut microbiome species abundance (Phocea massiliensis, GCF_900104615.1)","taxon:phocea massiliensis","primary","GCST90671012","EUR","reverse_sensitivity","microbiome_trait_units_per_standardized_ED_exposure",17,"estimable","reverse",TRUE,TRUE,"mr_ivw_mre",17,0.248544341392811,0.239804245889251,-0.221463343889908,0.71855202667553,0.29999375015553,"estimated","","",1572,0.992268392990782,FALSE
"reverse|GCST90671563","ed_2025_eur_reverse_exposure","GCST90671563","Gut microbiome genus abundance (Phocea)","taxon:phocea","primary","GCST90671563","EUR","reverse_sensitivity","microbiome_trait_units_per_standardized_ED_exposure",17,"estimable","reverse",TRUE,TRUE,"mr_ivw_mre",17,0.248544341392811,0.239804245889251,-0.221463343889908,0.71855202667553,0.29999375015553,"estimated","","",1572,0.992268392990782,FALSE
"reverse|GCST90671131","ed_2025_eur_reverse_exposure","GCST90671131","Gut microbiome species abundance (Lachnospira rogosae, GCA_900112995.1)","taxon:lachnospira rogosae","primary","GCST90671131","EUR","reverse_sensitivity","microbiome_trait_units_per_standardized_ED_exposure",17,"estimable","reverse",TRUE,TRUE,"mr_ivw_mre",17,0.230244837149996,0.222623627490506,-0.206089454839057,0.666579129139048,0.301026966853598,"estimated","","",1572,0.992268392990782,FALSE
"reverse|GCST90670919","ed_2025_eur_reverse_exposure","GCST90670919","Gut microbiome species abundance (Anaerotruncus rubiinfantis, GCF_900078395.1)","taxon:anaerotruncus rubiinfantis","primary","GCST90670919","EUR","reverse_sensitivity","microbiome_trait_units_per_standardized_ED_exposure",17,"estimable","reverse",TRUE,TRUE,"mr_ivw_mre",17,0.217357225274455,0.210404248821997,-0.195027524610863,0.629741975159773,0.301582466420332,"estimated","","",1572,0.992268392990782,FALSE
"reverse|GCST90671332","ed_2025_eur_reverse_exposure","GCST90671332","Gut microbiome genus presence (Ligilactobacillus)","taxon:ligilactobacillus","primary","GCST90671332","EUR","reverse_sensitivity","microbiome_trait_units_per_standardized_ED_exposure",15,"estimable","reverse",TRUE,TRUE,"mr_ivw_mre",15,-0.713842713906549,0.691655990308013,-2.06946354460164,0.641778116788542,0.302035726187633,"estimated","","",1572,0.992268392990782,FALSE
"reverse|GCST90671609","ed_2025_eur_reverse_exposure","GCST90671609","Gut microbiome genus abundance (Anaerotardibacter)","taxon:anaerotardibacter","primary","GCST90671609","EUR","reverse_sensitivity","microbiome_trait_units_per_standardized_ED_exposure",17,"estimable","reverse",TRUE,TRUE,"mr_ivw_mre",17,-0.223851172022777,0.216894370828308,-0.648956327295736,0.201253983250181,0.302037169513367,"estimated","","",1572,0.992268392990782,FALSE
"reverse|GCST90670757","ed_2025_eur_reverse_exposure","GCST90670757","Gut microbiome species abundance (Limivivens sp900543575, GCA_018223435.1)","taxon:limivivens sp900543575","primary","GCST90670757","EUR","reverse_sensitivity","microbiome_trait_units_per_standardized_ED_exposure",17,"estimable","reverse",TRUE,TRUE,"mr_ivw_mre",17,0.241510593411028,0.234455309768075,-0.218013369718582,0.701034556540637,0.302966711257794,"estimated","","",1572,0.992268392990782,FALSE
"reverse|GCST90671385","ed_2025_eur_reverse_exposure","GCST90671385","Gut microbiome genus presence (Alloscardovia)","taxon:alloscardovia","primary","GCST90671385","EUR","reverse_sensitivity","microbiome_trait_units_per_standardized_ED_exposure",15,"estimable","reverse",TRUE,TRUE,"mr_ivw_mre",15,-0.654603267136579,0.63827973884597,-1.90560856733631,0.596402033063154,0.305092308198518,"estimated","","",1572,0.992268392990782,FALSE
"reverse|GCST90670656","ed_2025_eur_reverse_exposure","GCST90670656","Gut microbiome species presence (Sellimonas intestinalis, GCF_001280875.1)","taxon:sellimonas intestinalis","primary","GCST90670656","EUR","reverse_sensitivity","microbiome_trait_units_per_standardized_ED_exposure",15,"estimable","reverse",TRUE,TRUE,"mr_ivw_mre",15,0.625307463363886,0.609836523773195,-0.569950159688681,1.82056508641645,0.305189112093793,"estimated","","",1572,0.992268392990782,FALSE
"reverse|GCST90670935","ed_2025_eur_reverse_exposure","GCST90670935","Gut microbiome species abundance (Limivivens sp900066135, GCF_003463065.1)","taxon:limivivens sp900066135","primary","GCST90670935","EUR","reverse_sensitivity","microbiome_trait_units_per_standardized_ED_exposure",17,"estimable","reverse",TRUE,TRUE,"mr_ivw_mre",17,-0.213062111445177,0.207798019080612,-0.620338744901943,0.194214522011589,0.305206214468717,"estimated","","",1572,0.992268392990782,FALSE
"reverse|GCST90671357","ed_2025_eur_reverse_exposure","GCST90671357","Gut microbiome genus abundance (Bilophila)","taxon:bilophila","primary","GCST90671357","EUR","reverse_sensitivity","microbiome_trait_units_per_standardized_ED_exposure",17,"estimable","reverse",TRUE,TRUE,"mr_ivw_mre",17,-0.221956188098758,0.21696024965445,-0.647190463498298,0.203278087300782,0.306295091432586,"estimated","","",1572,0.992268392990782,FALSE
"reverse|GCST90671444","ed_2025_eur_reverse_exposure","GCST90671444","Gut microbiome genus abundance (Enterenecus)","taxon:enterenecus","primary","GCST90671444","EUR","reverse_sensitivity","microbiome_trait_units_per_standardized_ED_exposure",17,"estimable","reverse",TRUE,TRUE,"mr_ivw_mre",17,0.224517862700533,0.219571317990157,-0.205834012598166,0.654869737999231,0.306530976700532,"estimated","","",1572,0.992268392990782,FALSE
"reverse|GCST90670831","ed_2025_eur_reverse_exposure","GCST90670831","Gut microbiome species presence (Anaerotruncus massiliensis, GCF_900199635.1)","taxon:anaerotruncus massiliensis","primary","GCST90670831","EUR","reverse_sensitivity","microbiome_trait_units_per_standardized_ED_exposure",15,"estimable","reverse",TRUE,TRUE,"mr_ivw_mre",15,0.539974010971642,0.528320378927685,-0.495514904025174,1.57546292596846,0.306753502768955,"estimated","","",1572,0.992268392990782,FALSE
"reverse|GCST90670437","ed_2025_eur_reverse_exposure","GCST90670437","Gut microbiome species abundance (Blautia A massiliensis, GCF_001487165.1)","taxon:blautia a massiliensis","primary","GCST90670437","EUR","reverse_sensitivity","microbiome_trait_units_per_standardized_ED_exposure",17,"estimable","reverse",TRUE,TRUE,"mr_ivw_mre",17,0.240943124737471,0.235804953628523,-0.221226091750572,0.703112341225514,0.306880341132927,"estimated","","",1572,0.992268392990782,FALSE
"reverse|GCST90671633","ed_2025_eur_reverse_exposure","GCST90671633","Gut microbiome genus presence (Raoultibacter)","taxon:raoultibacter","primary","GCST90671633","EUR","reverse_sensitivity","microbiome_trait_units_per_standardized_ED_exposure",15,"estimable","reverse",TRUE,TRUE,"mr_ivw_mre",15,-0.747026822962364,0.731351887472372,-2.1804501824336,0.686396536508875,0.307049421112291,"estimated","","",1572,0.992268392990782,FALSE
"reverse|GCST90671831","ed_2025_eur_reverse_exposure","GCST90671831","Gut microbiome function abundance (Melibiose degradation, MF0009)","function:mf0009","primary","GCST90671831","EUR","reverse_sensitivity","microbiome_trait_units_per_standardized_ED_exposure",17,"estimable","reverse",TRUE,TRUE,"mr_ivw_mre",17,0.304619134020418,0.298717296696257,-0.280856009063411,0.890094277104247,0.307843594598747,"estimated","","",1572,0.992268392990782,FALSE
"reverse|GCST90671566","ed_2025_eur_reverse_exposure","GCST90671566","Gut microbiome genus presence (RGIG9041)","taxon:rgig9041","primary","GCST90671566","EUR","reverse_sensitivity","microbiome_trait_units_per_standardized_ED_exposure",15,"estimable","reverse",TRUE,TRUE,"mr_ivw_mre",15,0.634711588334455,0.622471688572427,-0.585310502663335,1.85473367933224,0.307888133031395,"estimated","","",1572,0.992268392990782,FALSE
"reverse|GCST90671760","ed_2025_eur_reverse_exposure","GCST90671760","Gut microbiome order presence (RFN20)","taxon:rfn20","primary","GCST90671760","EUR","reverse_sensitivity","microbiome_trait_units_per_standardized_ED_exposure",15,"estimable","reverse",TRUE,TRUE,"mr_ivw_mre",15,0.531519934891549,0.521327628863763,-0.49026344182709,1.55330331161019,0.30794160912887,"estimated","","",1572,0.992268392990782,FALSE
"reverse|GCST90671459","ed_2025_eur_reverse_exposure","GCST90671459","Gut microbiome genus abundance (Limivivens)","taxon:limivivens","primary","GCST90671459","EUR","reverse_sensitivity","microbiome_trait_units_per_standardized_ED_exposure",17,"estimable","reverse",TRUE,TRUE,"mr_ivw_mre",17,0.226153832878593,0.222012187108806,-0.208982057983633,0.66128972374082,0.308366765251244,"estimated","","",1572,0.992268392990782,FALSE
"reverse|GCST90671415","ed_2025_eur_reverse_exposure","GCST90671415","Gut microbiome genus presence (UBA7173)","taxon:uba7173","primary","GCST90671415","EUR","reverse_sensitivity","microbiome_trait_units_per_standardized_ED_exposure",15,"estimable","reverse",TRUE,TRUE,"mr_ivw_mre",15,0.715921502769683,0.703291881441468,-0.662505255475008,2.09434826101437,0.30869797993313,"estimated","","",1572,0.992268392990782,FALSE
"reverse|GCST90671181","ed_2025_eur_reverse_exposure","GCST90671181","Gut microbiome species presence (Blautia A wexlerae B, GCF_013300825.1)","taxon:blautia a wexlerae b","primary","GCST90671181","EUR","reverse_sensitivity","microbiome_trait_units_per_standardized_ED_exposure",15,"estimable","reverse",TRUE,TRUE,"mr_ivw_mre",15,-0.55611468971407,0.547211600151308,-1.62862971793317,0.516400338505025,0.309500868001533,"estimated","","",1572,0.992268392990782,FALSE
"reverse|GCST90670931","ed_2025_eur_reverse_exposure","GCST90670931","Gut microbiome species presence (Howiella sp900543525, GCA_900543525.1)","taxon:howiella sp900543525","primary","GCST90670931","EUR","reverse_sensitivity","microbiome_trait_units_per_standardized_ED_exposure",15,"estimable","reverse",TRUE,TRUE,"mr_ivw_mre",15,0.860134691205294,0.848367183275608,-0.802634433680589,2.52290381609118,0.310644419544186,"estimated","","",1572,0.992268392990782,FALSE
"reverse|GCST90671820","ed_2025_eur_reverse_exposure","GCST90671820","Gut microbiome superkingdom abundance (Bacteria)","taxon:bacteria","primary","GCST90671820","EUR","reverse_sensitivity","microbiome_trait_units_per_standardized_ED_exposure",17,"estimable","reverse",TRUE,TRUE,"mr_ivw_mre",17,-0.258528004100902,0.255043478182567,-0.758404035830559,0.241348027628755,0.310743834099873,"estimated","","",1572,0.992268392990782,FALSE
"reverse|GCST90671581","ed_2025_eur_reverse_exposure","GCST90671581","Gut microbiome genus presence (Catenibacillus)","taxon:catenibacillus","primary","GCST90671581","EUR","reverse_sensitivity","microbiome_trait_units_per_standardized_ED_exposure",15,"estimable","reverse",TRUE,TRUE,"mr_ivw_mre",15,0.530986884773463,0.524648148365011,-0.497304590577586,1.55927836012451,0.311498905000634,"estimated","","",1572,0.992268392990782,FALSE
"reverse|GCST90671716","ed_2025_eur_reverse_exposure","GCST90671716","Gut microbiome family presence (Feifaniaceae)","taxon:feifaniaceae","primary","GCST90671716","EUR","reverse_sensitivity","microbiome_trait_units_per_standardized_ED_exposure",15,"estimable","reverse",TRUE,TRUE,"mr_ivw_mre",15,-0.535722851652548,0.530406107547011,-1.57529971962477,0.503854016319671,0.312483833925984,"estimated","","",1572,0.992268392990782,FALSE
"reverse|GCST90671284","ed_2025_eur_reverse_exposure","GCST90671284","Gut microbiome species abundance (Massiliimalia timonensis, GCF_900186585.1)","taxon:massiliimalia timonensis","primary","GCST90671284","EUR","reverse_sensitivity","microbiome_trait_units_per_standardized_ED_exposure",17,"estimable","reverse",TRUE,TRUE,"mr_ivw_mre",17,0.215117645272452,0.213040496731064,-0.202434055568957,0.63266934611386,0.312615072394024,"estimated","","",1572,0.992268392990782,FALSE
"reverse|GCST90671811","ed_2025_eur_reverse_exposure","GCST90671811","Gut microbiome phylum abundance (Pseudomonadota)","taxon:pseudomonadota","primary","GCST90671811","EUR","reverse_sensitivity","microbiome_trait_units_per_standardized_ED_exposure",17,"estimable","reverse",TRUE,TRUE,"mr_ivw_mre",17,0.226806842414983,0.225088340869013,-0.214358199028158,0.667971883858124,0.313629822293636,"estimated","","",1572,0.992268392990782,FALSE
"reverse|GCST90671474","ed_2025_eur_reverse_exposure","GCST90671474","Gut microbiome genus abundance (Massilistercora)","taxon:massilistercora","primary","GCST90671474","EUR","reverse_sensitivity","microbiome_trait_units_per_standardized_ED_exposure",17,"estimable","reverse",TRUE,TRUE,"mr_ivw_mre",17,-0.203339522376695,0.201866493688017,-0.59899057969059,0.1923115349372,0.313792049875809,"estimated","","",1572,0.992268392990782,FALSE
"reverse|GCST90671562","ed_2025_eur_reverse_exposure","GCST90671562","Gut microbiome genus presence (Merdiplasma)","taxon:merdiplasma","primary","GCST90671562","EUR","reverse_sensitivity","microbiome_trait_units_per_standardized_ED_exposure",15,"estimable","reverse",TRUE,TRUE,"mr_ivw_mre",15,0.564439623329572,0.561397710716244,-0.535879670677502,1.66475891733665,0.314695393284993,"estimated","","",1572,0.992268392990782,FALSE
"reverse|GCST90670983","ed_2025_eur_reverse_exposure","GCST90670983","Gut microbiome species presence (Fimivivens sp014385025, GCA_014385025.1)","taxon:fimivivens sp014385025","primary","GCST90670983","EUR","reverse_sensitivity","microbiome_trait_units_per_standardized_ED_exposure",15,"estimable","reverse",TRUE,TRUE,"mr_ivw_mre",15,0.599136462760086,0.59613039668299,-0.569257644828149,1.76753057034832,0.314876322175641,"estimated","","",1572,0.992268392990782,FALSE
"reverse|GCST90671191","ed_2025_eur_reverse_exposure","GCST90671191","Gut microbiome species presence (Massilimicrobiota sp002160865, GCF_002160865.1)","taxon:massilimicrobiota sp002160865","primary","GCST90671191","EUR","reverse_sensitivity","microbiome_trait_units_per_standardized_ED_exposure",15,"estimable","reverse",TRUE,TRUE,"mr_ivw_mre",15,-0.599571795912964,0.596980888108709,-1.76963283606477,0.570489244238842,0.315214750947035,"estimated","","",1572,0.992268392990782,FALSE
"reverse|GCST90671082","ed_2025_eur_reverse_exposure","GCST90671082","Gut microbiome species presence (Merdisoma merdipullorum, GCA_018715645.1)","taxon:merdisoma merdipullorum","primary","GCST90671082","EUR","reverse_sensitivity","microbiome_trait_units_per_standardized_ED_exposure",15,"estimable","reverse",TRUE,TRUE,"mr_ivw_mre",15,0.809991560675843,0.807457372816874,-0.772595809096561,2.39257893044825,0.315794051296836,"estimated","","",1572,0.992268392990782,FALSE
"reverse|GCST90671572","ed_2025_eur_reverse_exposure","GCST90671572","Gut microbiome genus abundance (UMGS1766)","taxon:umgs1766","primary","GCST90671572","EUR","reverse_sensitivity","microbiome_trait_units_per_standardized_ED_exposure",17,"estimable","reverse",TRUE,TRUE,"mr_ivw_mre",17,0.245114231538797,0.244348763858538,-0.233800545290819,0.724029008368414,0.315796846425959,"estimated","","",1572,0.992268392990782,FALSE
"reverse|GCST90671271","ed_2025_eur_reverse_exposure","GCST90671271","Gut microbiome species presence (RGIG1902 sp944375715, GCA_944375715.1)","taxon:rgig1902 sp944375715","primary","GCST90671271","EUR","reverse_sensitivity","microbiome_trait_units_per_standardized_ED_exposure",15,"estimable","reverse",TRUE,TRUE,"mr_ivw_mre",15,-0.86948560793694,0.867124680683253,-2.56901875218191,0.830047536308029,0.315994670397062,"estimated","","",1572,0.992268392990782,FALSE
"reverse|GCST90671475","ed_2025_eur_reverse_exposure","GCST90671475","Gut microbiome genus abundance (Scatosoma)","taxon:scatosoma","primary","GCST90671475","EUR","reverse_sensitivity","microbiome_trait_units_per_standardized_ED_exposure",17,"estimable","reverse",TRUE,TRUE,"mr_ivw_mre",17,0.214290838155153,0.213757412011466,-0.204665990815811,0.633247667126117,0.316104351223942,"estimated","","",1572,0.992268392990782,FALSE
"reverse|GCST90671881","ed_2025_eur_reverse_exposure","GCST90671881","Gut microbiome function abundance (Entner-Doudoroff pathway, MF0066)","function:mf0066","primary","GCST90671881","EUR","reverse_sensitivity","microbiome_trait_units_per_standardized_ED_exposure",17,"estimable","reverse",TRUE,TRUE,"mr_ivw_mre",17,0.221853227866404,0.221676347170051,-0.212624428811292,0.6563308845441,0.316924513820141,"estimated","","",1572,0.992268392990782,FALSE
"reverse|GCST90671168","ed_2025_eur_reverse_exposure","GCST90671168","Gut microbiome species presence (Thomasclavelia spiroformis, GCA_025149465.1)","taxon:thomasclavelia spiroformis","primary","GCST90671168","EUR","reverse_sensitivity","microbiome_trait_units_per_standardized_ED_exposure",15,"estimable","reverse",TRUE,TRUE,"mr_ivw_mre",15,-0.55374392297912,0.55445858242595,-1.64046277545312,0.532974929494875,0.317934677512187,"estimated","","",1572,0.992268392990782,FALSE
"reverse|GCST90671265","ed_2025_eur_reverse_exposure","GCST90671265","Gut microbiome species presence (UBA7185 sp900556545, GCA_900556545.1)","taxon:uba7185 sp900556545","primary","GCST90671265","EUR","reverse_sensitivity","microbiome_trait_units_per_standardized_ED_exposure",15,"estimable","reverse",TRUE,TRUE,"mr_ivw_mre",15,0.793511557841004,0.796112324818464,-0.766839926451639,2.35386304213365,0.318894046700874,"estimated","","",1572,0.992268392990782,FALSE
"reverse|GCST90671487","ed_2025_eur_reverse_exposure","GCST90671487","Gut microbiome genus presence (HGM13222)","taxon:hgm13222","primary","GCST90671487","EUR","reverse_sensitivity","microbiome_trait_units_per_standardized_ED_exposure",15,"estimable","reverse",TRUE,TRUE,"mr_ivw_mre",15,0.581104092616521,0.583262552794632,-0.56206950439185,1.72427768962489,0.319104727526752,"estimated","","",1572,0.992268392990782,FALSE
"reverse|GCST90670540","ed_2025_eur_reverse_exposure","GCST90670540","Gut microbiome species presence (CAG-302 sp900543825, GCA_900543825.1)","taxon:cag-302 sp900543825","primary","GCST90670540","EUR","reverse_sensitivity","microbiome_trait_units_per_standardized_ED_exposure",15,"estimable","reverse",TRUE,TRUE,"mr_ivw_mre",15,0.799007426553996,0.801980805661213,-0.772846068834396,2.37086092194239,0.319108068161919,"estimated","","",1572,0.992268392990782,FALSE
"reverse|GCST90671667","ed_2025_eur_reverse_exposure","GCST90671667","Gut microbiome family abundance (Erysipelotrichaceae)","taxon:erysipelotrichaceae","primary","GCST90671667","EUR","reverse_sensitivity","microbiome_trait_units_per_standardized_ED_exposure",17,"estimable","reverse",TRUE,TRUE,"mr_ivw_mre",17,0.22599826026522,0.227827756479027,-0.220535937112235,0.672532457642674,0.321212244233153,"estimated","","",1572,0.992268392990782,FALSE
"reverse|GCST90670616","ed_2025_eur_reverse_exposure","GCST90670616","Gut microbiome species presence (Akkermansia muciniphila B, GCF_018847375.1)","taxon:akkermansia muciniphila b","primary","GCST90670616","EUR","reverse_sensitivity","microbiome_trait_units_per_standardized_ED_exposure",15,"estimable","reverse",TRUE,TRUE,"mr_ivw_mre",15,0.775723921905771,0.784272331424409,-0.76142160175733,2.31286944556887,0.32261411851332,"estimated","","",1572,0.992268392990782,FALSE
"reverse|GCST90671532","ed_2025_eur_reverse_exposure","GCST90671532","Gut microbiome genus presence (Granulicatella)","taxon:granulicatella","primary","GCST90671532","EUR","reverse_sensitivity","microbiome_trait_units_per_standardized_ED_exposure",15,"estimable","reverse",TRUE,TRUE,"mr_ivw_mre",15,-0.595998962012412,0.602581060201712,-1.77703613777373,0.585038213748904,0.322625555195567,"estimated","","",1572,0.992268392990782,FALSE
"reverse|GCST90670725","ed_2025_eur_reverse_exposure","GCST90670725","Gut microbiome species presence (Faeciplasma sp900553675, GCA_900553675.1)","taxon:faeciplasma sp900553675","primary","GCST90670725","EUR","reverse_sensitivity","microbiome_trait_units_per_standardized_ED_exposure",15,"estimable","reverse",TRUE,TRUE,"mr_ivw_mre",15,-0.824635393434179,0.835036981530987,-2.46127780299395,0.812007016125593,0.323376239414401,"estimated","","",1572,0.992268392990782,FALSE
"reverse|GCST90670701","ed_2025_eur_reverse_exposure","GCST90670701","Gut microbiome species presence (CAG-793 sp000433915, GCA_000433915.1)","taxon:cag-793 sp000433915","primary","GCST90670701","EUR","reverse_sensitivity","microbiome_trait_units_per_standardized_ED_exposure",15,"estimable","reverse",TRUE,TRUE,"mr_ivw_mre",15,-0.879370687916256,0.894755541420752,-2.63305932406857,0.874317948236053,0.325703163054669,"estimated","","",1572,0.992268392990782,FALSE
"reverse|GCST90670858","ed_2025_eur_reverse_exposure","GCST90670858","Gut microbiome species abundance (Enterocloster lavalensis, GCF_902364025.1)","taxon:enterocloster lavalensis","primary","GCST90670858","EUR","reverse_sensitivity","microbiome_trait_units_per_standardized_ED_exposure",17,"estimable","reverse",TRUE,TRUE,"mr_ivw_mre",17,0.23051583869837,0.234933806168189,-0.229945960142194,0.690977637538935,0.326496667542919,"estimated","","",1572,0.992268392990782,FALSE
"reverse|GCST90671833","ed_2025_eur_reverse_exposure","GCST90671833","Gut microbiome function abundance (Sucrose degradation II, MF0011)","function:mf0011","primary","GCST90671833","EUR","reverse_sensitivity","microbiome_trait_units_per_standardized_ED_exposure",17,"estimable","reverse",TRUE,TRUE,"mr_ivw_mre",17,0.221038790361189,0.227278720553141,-0.224419316375309,0.666496897097688,0.330779473790276,"estimated","","",1572,0.992268392990782,FALSE
"reverse|GCST90670750","ed_2025_eur_reverse_exposure","GCST90670750","Gut microbiome species presence (Limivicinus sp003150355, GCA_003150355.1)","taxon:limivicinus sp003150355","primary","GCST90670750","EUR","reverse_sensitivity","microbiome_trait_units_per_standardized_ED_exposure",15,"estimable","reverse",TRUE,TRUE,"mr_ivw_mre",15,-0.758194818437043,0.779702343662056,-2.28638333067614,0.769993693802059,0.330843772912091,"estimated","","",1572,0.992268392990782,FALSE
"reverse|GCST90671124","ed_2025_eur_reverse_exposure","GCST90671124","Gut microbiome species presence (JAHZGC01 hMGS.05639, )","taxon:jahzgc01 hmgs.05639,","primary","GCST90671124","EUR","reverse_sensitivity","microbiome_trait_units_per_standardized_ED_exposure",15,"estimable","reverse",TRUE,TRUE,"mr_ivw_mre",15,0.763689471699999,0.78655979770315,-0.777939403485285,2.30531834688528,0.331586324211295,"estimated","","",1572,0.992268392990782,FALSE
"reverse|GCST90670629","ed_2025_eur_reverse_exposure","GCST90670629","Gut microbiome species presence (Streptococcus mutans, GCF_006739205.1)","taxon:streptococcus mutans","primary","GCST90670629","EUR","reverse_sensitivity","microbiome_trait_units_per_standardized_ED_exposure",15,"estimable","reverse",TRUE,TRUE,"mr_ivw_mre",15,-0.673374138070489,0.694833149757069,-2.03522208685887,0.68847381071789,0.332487160940256,"estimated","","",1572,0.992268392990782,FALSE
"reverse|GCST90671329","ed_2025_eur_reverse_exposure","GCST90671329","Gut microbiome genus abundance (Anaerotignum)","taxon:anaerotignum","primary","GCST90671329","EUR","reverse_sensitivity","microbiome_trait_units_per_standardized_ED_exposure",17,"estimable","reverse",TRUE,TRUE,"mr_ivw_mre",17,-0.236470139658487,0.244131731898206,-0.714959541662359,0.242019262345385,0.332736330661201,"estimated","","",1572,0.992268392990782,FALSE
"reverse|GCST90671643","ed_2025_eur_reverse_exposure","GCST90671643","Gut microbiome genus presence (HGM12545)","taxon:hgm12545","primary","GCST90671643","EUR","reverse_sensitivity","microbiome_trait_units_per_standardized_ED_exposure",15,"estimable","reverse",TRUE,TRUE,"mr_ivw_mre",15,0.691684946284025,0.716939360391168,-0.713490379181847,2.0968602717499,0.334657677633735,"estimated","","",1572,0.992268392990782,FALSE
"reverse|GCST90671593","ed_2025_eur_reverse_exposure","GCST90671593","Gut microbiome genus presence (Paralachnospira)","taxon:paralachnospira","primary","GCST90671593","EUR","reverse_sensitivity","microbiome_trait_units_per_standardized_ED_exposure",15,"estimable","reverse",TRUE,TRUE,"mr_ivw_mre",15,0.654713697546051,0.680534317154466,-0.679109054320261,1.98853644941236,0.336020312508321,"estimated","","",1572,0.992268392990782,FALSE
"reverse|GCST90671467","ed_2025_eur_reverse_exposure","GCST90671467","Gut microbiome genus presence (Merdivicinus)","taxon:merdivicinus","primary","GCST90671467","EUR","reverse_sensitivity","microbiome_trait_units_per_standardized_ED_exposure",15,"estimable","reverse",TRUE,TRUE,"mr_ivw_mre",15,0.596348817358772,0.620770456833849,-0.620338920702049,1.81303655541959,0.336723578821071,"estimated","","",1572,0.992268392990782,FALSE
"reverse|GCST90671936","ed_2025_eur_reverse_exposure","GCST90671936","Gut microbiome function abundance (Menaquinone synthesis (vitamin K2) II (alternative pathway: futalosine pathway), MGB041)","function:mgb041","primary","GCST90671936","EUR","reverse_sensitivity","microbiome_trait_units_per_standardized_ED_exposure",17,"estimable","reverse",TRUE,TRUE,"mr_ivw_mre",17,0.213206793459617,0.222097886573013,-0.22209706526595,0.648510652185185,0.337071480222563,"estimated","","",1572,0.992268392990782,FALSE
"reverse|GCST90671531","ed_2025_eur_reverse_exposure","GCST90671531","Gut microbiome genus presence (Coproplasma)","taxon:coproplasma","primary","GCST90671531","EUR","reverse_sensitivity","microbiome_trait_units_per_standardized_ED_exposure",15,"estimable","reverse",TRUE,TRUE,"mr_ivw_mre",15,0.860261084675774,0.897412141618074,-0.89863439218461,2.61915656153616,0.33775927851623,"estimated","","",1572,0.992268392990782,FALSE
"reverse|GCST90671701","ed_2025_eur_reverse_exposure","GCST90671701","Gut microbiome family presence (Aerococcaceae)","taxon:aerococcaceae","primary","GCST90671701","EUR","reverse_sensitivity","microbiome_trait_units_per_standardized_ED_exposure",15,"estimable","reverse",TRUE,TRUE,"mr_ivw_mre",15,-0.68081883310706,0.711330809725874,-2.07500160126349,0.713363935049367,0.338513863953355,"estimated","","",1572,0.992268392990782,FALSE
"reverse|GCST90671851","ed_2025_eur_reverse_exposure","GCST90671851","Gut microbiome function abundance (Glutamate degradation II, MF0031)","function:mf0031","primary","GCST90671851","EUR","reverse_sensitivity","microbiome_trait_units_per_standardized_ED_exposure",17,"estimable","reverse",TRUE,TRUE,"mr_ivw_mre",17,0.21421674782259,0.223846931163598,-0.224515175307877,0.652948670953058,0.338578000084919,"estimated","","",1572,0.992268392990782,FALSE
"reverse|GCST90671450","ed_2025_eur_reverse_exposure","GCST90671450","Gut microbiome genus presence (UBA11512)","taxon:uba11512","primary","GCST90671450","EUR","reverse_sensitivity","microbiome_trait_units_per_standardized_ED_exposure",15,"estimable","reverse",TRUE,TRUE,"mr_ivw_mre",15,-0.891793029230994,0.933548667646481,-2.72151479563345,0.937928737171461,0.339440094902255,"estimated","","",1572,0.992268392990782,FALSE
"reverse|GCST90670543","ed_2025_eur_reverse_exposure","GCST90670543","Gut microbiome species presence (CAG-533 sp000434495, GCA_900547775.1)","taxon:cag-533 sp000434495","primary","GCST90670543","EUR","reverse_sensitivity","microbiome_trait_units_per_standardized_ED_exposure",15,"estimable","reverse",TRUE,TRUE,"mr_ivw_mre",15,-0.952150663783017,0.996744945292486,-2.90573485832864,1.0014335307626,0.33944618595352,"estimated","","",1572,0.992268392990782,FALSE
"reverse|GCST90670937","ed_2025_eur_reverse_exposure","GCST90670937","Gut microbiome species presence (Massilistercora sp902406105, GCA_902406105.1)","taxon:massilistercora sp902406105","primary","GCST90670937","EUR","reverse_sensitivity","microbiome_trait_units_per_standardized_ED_exposure",15,"estimable","reverse",TRUE,TRUE,"mr_ivw_mre",15,-0.571801276041834,0.598595449804832,-1.74502679896886,0.601424246885191,0.33945722153794,"estimated","","",1572,0.992268392990782,FALSE
"reverse|GCST90671287","ed_2025_eur_reverse_exposure","GCST90671287","Gut microbiome species presence (Pullichristensenella sp904420265, GCA_904420265.1)","taxon:pullichristensenella sp904420265","primary","GCST90671287","EUR","reverse_sensitivity","microbiome_trait_units_per_standardized_ED_exposure",15,"estimable","reverse",TRUE,TRUE,"mr_ivw_mre",15,0.580346769056001,0.60775138445054,-0.610824056021414,1.77151759413342,0.339624132202699,"estimated","","",1572,0.992268392990782,FALSE
"reverse|GCST90670962","ed_2025_eur_reverse_exposure","GCST90670962","Gut microbiome species abundance (Agathobaculum sp900291975, GCF_900291975.1)","taxon:agathobaculum sp900291975","primary","GCST90670962","EUR","reverse_sensitivity","microbiome_trait_units_per_standardized_ED_exposure",17,"estimable","reverse",TRUE,TRUE,"mr_ivw_mre",17,0.213777064382932,0.224013144080801,-0.22528063007902,0.652834758844884,0.339928823969109,"estimated","","",1572,0.992268392990782,FALSE
"reverse|GCST90670812","ed_2025_eur_reverse_exposure","GCST90670812","Gut microbiome species abundance (Lawsonibacter sp014287875, GCF_014287875.1)","taxon:lawsonibacter sp014287875","primary","GCST90670812","EUR","reverse_sensitivity","microbiome_trait_units_per_standardized_ED_exposure",17,"estimable","reverse",TRUE,TRUE,"mr_ivw_mre",17,0.19376720352306,0.203125031656019,-0.204350542881295,0.591884949927415,0.340118722570109,"estimated","","",1572,0.992268392990782,FALSE
"reverse|GCST90670751","ed_2025_eur_reverse_exposure","GCST90670751","Gut microbiome species presence (QALW01 sp003150515, GCA_003150515.1)","taxon:qalw01 sp003150515","primary","GCST90670751","EUR","reverse_sensitivity","microbiome_trait_units_per_standardized_ED_exposure",15,"estimable","reverse",TRUE,TRUE,"mr_ivw_mre",15,-0.722450575679368,0.763222683131286,-2.21833954680071,0.773438395441978,0.34385334131014,"estimated","","",1572,0.992268392990782,FALSE
"reverse|GCST90670583","ed_2025_eur_reverse_exposure","GCST90670583","Gut microbiome species presence (CAG-273 sp000438355, GCA_000438355.1)","taxon:cag-273 sp000438355","primary","GCST90670583","EUR","reverse_sensitivity","microbiome_trait_units_per_standardized_ED_exposure",15,"estimable","reverse",TRUE,TRUE,"mr_ivw_mre",15,0.498712010019028,0.527906046990128,-0.535964829302532,1.53338884934059,0.344812862444789,"estimated","","",1572,0.992268392990782,FALSE
"reverse|GCST90671549","ed_2025_eur_reverse_exposure","GCST90671549","Gut microbiome genus presence (Egerieimonas)","taxon:egerieimonas","primary","GCST90671549","EUR","reverse_sensitivity","microbiome_trait_units_per_standardized_ED_exposure",15,"estimable","reverse",TRUE,TRUE,"mr_ivw_mre",15,-0.847860232901217,0.898343720697487,-2.608581571206,0.912861105403567,0.345269909525287,"estimated","","",1572,0.992268392990782,FALSE
"reverse|GCST90671939","ed_2025_eur_reverse_exposure","GCST90671939","Gut microbiome function abundance (Acetate synthesis III, MGB045)","function:mgb045","primary","GCST90671939","EUR","reverse_sensitivity","microbiome_trait_units_per_standardized_ED_exposure",17,"estimable","reverse",TRUE,TRUE,"mr_ivw_mre",17,-0.223014359778962,0.236761917389687,-0.687059190773396,0.241030471215472,0.346225869504805,"estimated","","",1572,0.992268392990782,FALSE
"reverse|GCST90670866","ed_2025_eur_reverse_exposure","GCST90670866","Gut microbiome species presence (Merdibacter sp900759455, GCA_900759455.1)","taxon:merdibacter sp900759455","primary","GCST90670866","EUR","reverse_sensitivity","microbiome_trait_units_per_standardized_ED_exposure",15,"estimable","reverse",TRUE,TRUE,"mr_ivw_mre",15,0.615217806745009,0.654792237898289,-0.668151396892021,1.89858701038204,0.347442352487548,"estimated","","",1572,0.992268392990782,FALSE
"reverse|GCST90670914","ed_2025_eur_reverse_exposure","GCST90670914","Gut microbiome species presence (UMGS775 sp900545325, GCA_900545325.1)","taxon:umgs775 sp900545325","primary","GCST90670914","EUR","reverse_sensitivity","microbiome_trait_units_per_standardized_ED_exposure",15,"estimable","reverse",TRUE,TRUE,"mr_ivw_mre",15,0.694960421313926,0.739901118008489,-0.755219122103633,2.14513996473148,0.34759664777318,"estimated","","",1572,0.992268392990782,FALSE
"reverse|GCST90670985","ed_2025_eur_reverse_exposure","GCST90670985","Gut microbiome species presence (Gabonibacter massiliensis, GCA_001487125.1)","taxon:gabonibacter massiliensis","primary","GCST90670985","EUR","reverse_sensitivity","microbiome_trait_units_per_standardized_ED_exposure",15,"estimable","reverse",TRUE,TRUE,"mr_ivw_mre",15,0.631144673293089,0.67570275263568,-0.69320838612742,1.9554977327136,0.350274653599041,"estimated","","",1572,0.992268392990782,FALSE
"reverse|GCST90670826","ed_2025_eur_reverse_exposure","GCST90670826","Gut microbiome species presence (Merdicola sp018371855, GCA_018371855.1)","taxon:merdicola sp018371855","primary","GCST90670826","EUR","reverse_sensitivity","microbiome_trait_units_per_standardized_ED_exposure",15,"estimable","reverse",TRUE,TRUE,"mr_ivw_mre",15,-1.11310998602641,1.19313997140112,-3.45162135848776,1.22540138643493,0.350858746131751,"estimated","","",1572,0.992268392990782,FALSE
"reverse|GCST90670371","ed_2025_eur_reverse_exposure","GCST90670371","Gut microbiome species abundance (Agathobacter rectalis, GCA_000020605.1)","taxon:agathobacter rectalis","primary","GCST90670371","EUR","reverse_sensitivity","microbiome_trait_units_per_standardized_ED_exposure",17,"estimable","reverse",TRUE,TRUE,"mr_ivw_mre",17,-0.223022012818706,0.2393029376438,-0.692047151995189,0.246003126357777,0.351354504509806,"estimated","","",1572,0.992268392990782,FALSE
"reverse|GCST90670987","ed_2025_eur_reverse_exposure","GCST90670987","Gut microbiome species presence (Geddesella stercoravicola, GCA_904398665.1)","taxon:geddesella stercoravicola","primary","GCST90670987","EUR","reverse_sensitivity","microbiome_trait_units_per_standardized_ED_exposure",15,"estimable","reverse",TRUE,TRUE,"mr_ivw_mre",15,0.507063933952831,0.54602851396321,-0.563132287946987,1.57726015585265,0.3530756708555,"estimated","","",1572,0.992268392990782,FALSE
"reverse|GCST90671222","ed_2025_eur_reverse_exposure","GCST90671222","Gut microbiome species abundance (Luoshenia tenuis, GCF_014384745.1)","taxon:luoshenia tenuis","primary","GCST90671222","EUR","reverse_sensitivity","microbiome_trait_units_per_standardized_ED_exposure",17,"estimable","reverse",TRUE,TRUE,"mr_ivw_mre",17,0.199158396592873,0.214808166587043,-0.221857873502812,0.620174666688559,0.353851063689862,"estimated","","",1572,0.992268392990782,FALSE
"reverse|GCST90671631","ed_2025_eur_reverse_exposure","GCST90671631","Gut microbiome genus abundance (Luoshenia)","taxon:luoshenia","primary","GCST90671631","EUR","reverse_sensitivity","microbiome_trait_units_per_standardized_ED_exposure",17,"estimable","reverse",TRUE,TRUE,"mr_ivw_mre",17,0.199158396592873,0.214808166587043,-0.221857873502812,0.620174666688559,0.353851063689862,"estimated","","",1572,0.992268392990782,FALSE
"reverse|GCST90670410","ed_2025_eur_reverse_exposure","GCST90670410","Gut microbiome species abundance (Eisenbergiella sp900066775, GCA_003481005.1)","taxon:eisenbergiella sp900066775","primary","GCST90670410","EUR","reverse_sensitivity","microbiome_trait_units_per_standardized_ED_exposure",17,"estimable","reverse",TRUE,TRUE,"mr_ivw_mre",17,0.212659120314673,0.22941018326639,-0.236976576574184,0.66229481720353,0.353935857854095,"estimated","","",1572,0.992268392990782,FALSE
"reverse|GCST90670777","ed_2025_eur_reverse_exposure","GCST90670777","Gut microbiome species presence (Bacteroides finegoldii, GCF_000156195.1)","taxon:bacteroides finegoldii","primary","GCST90670777","EUR","reverse_sensitivity","microbiome_trait_units_per_standardized_ED_exposure",15,"estimable","reverse",TRUE,TRUE,"mr_ivw_mre",15,0.578433864239711,0.624578217424046,-0.645716947439646,1.80258467591907,0.354384049355105,"estimated","","",1572,0.992268392990782,FALSE
"reverse|GCST90671769","ed_2025_eur_reverse_exposure","GCST90671769","Gut microbiome order presence (Opitutales)","taxon:opitutales","primary","GCST90671769","EUR","reverse_sensitivity","microbiome_trait_units_per_standardized_ED_exposure",15,"estimable","reverse",TRUE,TRUE,"mr_ivw_mre",15,0.642847476619234,0.694513185923638,-0.718373354579266,2.00406830781773,0.354649348400419,"estimated","","",1572,0.992268392990782,FALSE
"reverse|GCST90671041","ed_2025_eur_reverse_exposure","GCST90671041","Gut microbiome species presence (Blautia A gallistercoris, GCA_900542045.1)","taxon:blautia a gallistercoris","primary","GCST90671041","EUR","reverse_sensitivity","microbiome_trait_units_per_standardized_ED_exposure",15,"estimable","reverse",TRUE,TRUE,"mr_ivw_mre",15,0.744280537370352,0.805831597960261,-0.835120372236119,2.32368144697682,0.355685259122381,"estimated","","",1572,0.992268392990782,FALSE
"reverse|GCST90671413","ed_2025_eur_reverse_exposure","GCST90671413","Gut microbiome genus abundance (Onthomonas)","taxon:onthomonas","primary","GCST90671413","EUR","reverse_sensitivity","microbiome_trait_units_per_standardized_ED_exposure",17,"estimable","reverse",TRUE,TRUE,"mr_ivw_mre",17,0.195816472526976,0.212236553333679,-0.220159528209949,0.611792473263901,0.356198431851023,"estimated","","",1572,0.992268392990782,FALSE
"reverse|GCST90670491","ed_2025_eur_reverse_exposure","GCST90670491","Gut microbiome species presence (Bacteroides stercoris, GCA_025147325.1)","taxon:bacteroides stercoris","primary","GCST90670491","EUR","reverse_sensitivity","microbiome_trait_units_per_standardized_ED_exposure",15,"estimable","reverse",TRUE,TRUE,"mr_ivw_mre",15,0.477886637095315,0.522237333449683,-0.545679727848298,1.50145300203893,0.360151947533583,"estimated","","",1572,0.992268392990782,FALSE
"reverse|GCST90671403","ed_2025_eur_reverse_exposure","GCST90671403","Gut microbiome genus presence (UBA1685)","taxon:uba1685","primary","GCST90671403","EUR","reverse_sensitivity","microbiome_trait_units_per_standardized_ED_exposure",15,"estimable","reverse",TRUE,TRUE,"mr_ivw_mre",15,0.525193754232561,0.573972853466554,-0.599772366665571,1.65015987513069,0.360183770441823,"estimated","","",1572,0.992268392990782,FALSE
"reverse|GCST90671437","ed_2025_eur_reverse_exposure","GCST90671437","Gut microbiome genus presence (Propionibacterium)","taxon:propionibacterium","primary","GCST90671437","EUR","reverse_sensitivity","microbiome_trait_units_per_standardized_ED_exposure",15,"estimable","reverse",TRUE,TRUE,"mr_ivw_mre",15,-0.514074223251039,0.56354851664909,-1.61860901942423,0.590460572922149,0.361658525503116,"estimated","","",1572,0.992268392990782,FALSE
"reverse|GCST90670408","ed_2025_eur_reverse_exposure","GCST90670408","Gut microbiome species presence (Fimenecus sp000432435, GCA_000432435.1)","taxon:fimenecus sp000432435","primary","GCST90670408","EUR","reverse_sensitivity","microbiome_trait_units_per_standardized_ED_exposure",15,"estimable","reverse",TRUE,TRUE,"mr_ivw_mre",15,-0.522738369049576,0.573579652228476,-1.6469338296824,0.601457091583247,0.362104971733094,"estimated","","",1572,0.992268392990782,FALSE
"reverse|GCST90670697","ed_2025_eur_reverse_exposure","GCST90670697","Gut microbiome species abundance (Eisenbergiella porci, GCF_009696275.1)","taxon:eisenbergiella porci","primary","GCST90670697","EUR","reverse_sensitivity","microbiome_trait_units_per_standardized_ED_exposure",17,"estimable","reverse",TRUE,TRUE,"mr_ivw_mre",17,0.182225715641691,0.200252252155712,-0.210261486406539,0.57471291768992,0.362832606462028,"estimated","","",1572,0.992268392990782,FALSE
"reverse|GCST90671878","ed_2025_eur_reverse_exposure","GCST90671878","Gut microbiome function abundance (Glycerol degradation II, MF0061)","function:mf0061","primary","GCST90671878","EUR","reverse_sensitivity","microbiome_trait_units_per_standardized_ED_exposure",17,"estimable","reverse",TRUE,TRUE,"mr_ivw_mre",17,0.223949477662576,0.246114673695651,-0.258426418847727,0.706325374172879,0.36285438576267,"estimated","","",1572,0.992268392990782,FALSE
"reverse|GCST90671305","ed_2025_eur_reverse_exposure","GCST90671305","Gut microbiome genus abundance (Streptococcus)","taxon:streptococcus","primary","GCST90671305","EUR","reverse_sensitivity","microbiome_trait_units_per_standardized_ED_exposure",17,"estimable","reverse",TRUE,TRUE,"mr_ivw_mre",17,0.225128294112059,0.247650173812311,-0.260257127325154,0.710513715549272,0.3633196763491,"estimated","","",1572,0.992268392990782,FALSE
"reverse|GCST90670488","ed_2025_eur_reverse_exposure","GCST90670488","Gut microbiome species presence (Peptidiphaga sp000466165, GCF_000466165.1)","taxon:peptidiphaga sp000466165","primary","GCST90670488","EUR","reverse_sensitivity","microbiome_trait_units_per_standardized_ED_exposure",15,"estimable","reverse",TRUE,TRUE,"mr_ivw_mre",15,0.852572164949028,0.938769915262609,-0.987383058735404,2.69252738863346,0.363783070865393,"estimated","","",1572,0.992268392990782,FALSE
"reverse|GCST90670524","ed_2025_eur_reverse_exposure","GCST90670524","Gut microbiome species abundance (Mediterraneibacter torques, GCF_000153925.1)","taxon:mediterraneibacter torques","primary","GCST90670524","EUR","reverse_sensitivity","microbiome_trait_units_per_standardized_ED_exposure",17,"estimable","reverse",TRUE,TRUE,"mr_ivw_mre",17,0.246150641418285,0.271174768717565,-0.285342138784121,0.777643421620691,0.36402640762374,"estimated","","",1572,0.992268392990782,FALSE
"reverse|GCST90671854","ed_2025_eur_reverse_exposure","GCST90671854","Gut microbiome function abundance (Alanine degradation II, MF0034)","function:mf0034","primary","GCST90671854","EUR","reverse_sensitivity","microbiome_trait_units_per_standardized_ED_exposure",17,"estimable","reverse",TRUE,TRUE,"mr_ivw_mre",17,0.20121745618219,0.222022426892759,-0.233938504287795,0.636373416652175,0.364780587373375,"estimated","","",1572,0.992268392990782,FALSE
"reverse|GCST90671060","ed_2025_eur_reverse_exposure","GCST90671060","Gut microbiome species presence (Enterocloster sp900753815, GCF_020554865.1)","taxon:enterocloster sp900753815","primary","GCST90671060","EUR","reverse_sensitivity","microbiome_trait_units_per_standardized_ED_exposure",15,"estimable","reverse",TRUE,TRUE,"mr_ivw_mre",15,0.615898847970792,0.681385856567815,-0.7195928904771,1.95139058641868,0.3660529647764,"estimated","","",1572,0.992268392990782,FALSE
"reverse|GCST90671621","ed_2025_eur_reverse_exposure","GCST90671621","Gut microbiome genus abundance (Massilimicrobiota)","taxon:massilimicrobiota","primary","GCST90671621","EUR","reverse_sensitivity","microbiome_trait_units_per_standardized_ED_exposure",17,"estimable","reverse",TRUE,TRUE,"mr_ivw_mre",17,-0.185284801100224,0.205030177649506,-0.587136565037105,0.216566962836658,0.366157009591133,"estimated","","",1572,0.992268392990782,FALSE
"reverse|GCST90671483","ed_2025_eur_reverse_exposure","GCST90671483","Gut microbiome genus presence (Egerieisoma)","taxon:egerieisoma","primary","GCST90671483","EUR","reverse_sensitivity","microbiome_trait_units_per_standardized_ED_exposure",15,"estimable","reverse",TRUE,TRUE,"mr_ivw_mre",15,-0.647224874746869,0.71624747843675,-2.05104413650053,0.75659438700679,0.366190024209513,"estimated","","",1572,0.992268392990782,FALSE
"reverse|GCST90671927","ed_2025_eur_reverse_exposure","GCST90671927","Gut microbiome function abundance (17-beta-Estradiol degradation, MGB031)","function:mgb031","primary","GCST90671927","EUR","reverse_sensitivity","microbiome_trait_units_per_standardized_ED_exposure",17,"estimable","reverse",TRUE,TRUE,"mr_ivw_mre",17,-0.232041677942018,0.256802800509869,-0.735365918070386,0.271282562186349,0.366218556281061,"estimated","","",1572,0.992268392990782,FALSE
"reverse|GCST90670716","ed_2025_eur_reverse_exposure","GCST90670716","Gut microbiome species presence (UBA11452 sp003526375, GCA_003526375.1)","taxon:uba11452 sp003526375","primary","GCST90670716","EUR","reverse_sensitivity","microbiome_trait_units_per_standardized_ED_exposure",15,"estimable","reverse",TRUE,TRUE,"mr_ivw_mre",15,-0.574807286305707,0.637216241207344,-1.82372816943609,0.674113596824676,0.367024992717718,"estimated","","",1572,0.992268392990782,FALSE
"reverse|GCST90671304","ed_2025_eur_reverse_exposure","GCST90671304","Gut microbiome genus abundance (Alistipes)","taxon:alistipes","primary","GCST90671304","EUR","reverse_sensitivity","microbiome_trait_units_per_standardized_ED_exposure",17,"estimable","reverse",TRUE,TRUE,"mr_ivw_mre",17,0.199673468764394,0.221696914272513,-0.234844498693394,0.634191436222182,0.367769300117982,"estimated","","",1572,0.992268392990782,FALSE
"reverse|GCST90671098","ed_2025_eur_reverse_exposure","GCST90671098","Gut microbiome species presence (UBA3818 sp904397845, GCA_904397845.1)","taxon:uba3818 sp904397845","primary","GCST90671098","EUR","reverse_sensitivity","microbiome_trait_units_per_standardized_ED_exposure",15,"estimable","reverse",TRUE,TRUE,"mr_ivw_mre",15,-0.57433778842077,0.638253318004481,-1.82529130472274,0.676615727881203,0.368195461664711,"estimated","","",1572,0.992268392990782,FALSE
"reverse|GCST90671273","ed_2025_eur_reverse_exposure","GCST90671273","Gut microbiome species presence (HGM12545 sp900761925, GCA_900761925.1)","taxon:hgm12545 sp900761925","primary","GCST90671273","EUR","reverse_sensitivity","microbiome_trait_units_per_standardized_ED_exposure",15,"estimable","reverse",TRUE,TRUE,"mr_ivw_mre",15,0.55525922816425,0.618391438615238,-0.656765719869528,1.76728417619803,0.369234074813874,"estimated","","",1572,0.992268392990782,FALSE
"reverse|GCST90670463","ed_2025_eur_reverse_exposure","GCST90670463","Gut microbiome species presence (Ruminococcus C sp000433635, GCA_000433635.1)","taxon:ruminococcus c sp000433635","primary","GCST90670463","EUR","reverse_sensitivity","microbiome_trait_units_per_standardized_ED_exposure",15,"estimable","reverse",TRUE,TRUE,"mr_ivw_mre",15,0.510984434137222,0.569586083974881,-0.605383776548751,1.6273526448232,0.369657354548889,"estimated","","",1572,0.992268392990782,FALSE
"reverse|GCST90670775","ed_2025_eur_reverse_exposure","GCST90670775","Gut microbiome species presence (UBA1417 sp900549945, GCA_900549945.1)","taxon:uba1417 sp900549945","primary","GCST90670775","EUR","reverse_sensitivity","microbiome_trait_units_per_standardized_ED_exposure",15,"estimable","reverse",TRUE,TRUE,"mr_ivw_mre",15,-1.04790882054443,1.16993903974335,-3.34094720254876,1.24512956145991,0.370415557203924,"estimated","","",1572,0.992268392990782,FALSE
"reverse|GCST90671309","ed_2025_eur_reverse_exposure","GCST90671309","Gut microbiome genus abundance (Roseburia)","taxon:roseburia","primary","GCST90671309","EUR","reverse_sensitivity","microbiome_trait_units_per_standardized_ED_exposure",17,"estimable","reverse",TRUE,TRUE,"mr_ivw_mre",17,0.303246888263071,0.33948554306379,-0.36213254941398,0.968626325940121,0.371721057065014,"estimated","","",1572,0.992268392990782,FALSE
"reverse|GCST90671289","ed_2025_eur_reverse_exposure","GCST90671289","Gut microbiome species presence (Avispirillum sp900555345, GCA_900555345.1)","taxon:avispirillum sp900555345","primary","GCST90671289","EUR","reverse_sensitivity","microbiome_trait_units_per_standardized_ED_exposure",15,"estimable","reverse",TRUE,TRUE,"mr_ivw_mre",15,0.617606111985607,0.692762757060246,-0.740183941683146,1.97539616565436,0.372654710840625,"estimated","","",1572,0.992268392990782,FALSE
"reverse|GCST90670786","ed_2025_eur_reverse_exposure","GCST90670786","Gut microbiome species presence (V9D3004 sp900760345, GCA_900760345.1)","taxon:v9d3004 sp900760345","primary","GCST90670786","EUR","reverse_sensitivity","microbiome_trait_units_per_standardized_ED_exposure",15,"estimable","reverse",TRUE,TRUE,"mr_ivw_mre",15,-0.587580192533998,0.659189685912375,-1.87956823590252,0.704407850834527,0.372732104074994,"estimated","","",1572,0.992268392990782,FALSE
"reverse|GCST90671016","ed_2025_eur_reverse_exposure","GCST90671016","Gut microbiome species presence (Pseudoflavonifractor sp014287675, GCF_014287675.1)","taxon:pseudoflavonifractor sp014287675","primary","GCST90671016","EUR","reverse_sensitivity","microbiome_trait_units_per_standardized_ED_exposure",15,"estimable","reverse",TRUE,TRUE,"mr_ivw_mre",15,-0.82438201849356,0.926742507226848,-2.64076395560053,0.991999918613413,0.373708595177172,"estimated","","",1572,0.992268392990782,FALSE
"reverse|GCST90671227","ed_2025_eur_reverse_exposure","GCST90671227","Gut microbiome species presence (Egerieenecus sp900553315, GCA_900553315.1)","taxon:egerieenecus sp900553315","primary","GCST90671227","EUR","reverse_sensitivity","microbiome_trait_units_per_standardized_ED_exposure",15,"estimable","reverse",TRUE,TRUE,"mr_ivw_mre",15,0.484115482858973,0.545308816520416,-0.584670157973204,1.55290112369115,0.374657897762723,"estimated","","",1572,0.992268392990782,FALSE
"reverse|GCST90671615","ed_2025_eur_reverse_exposure","GCST90671615","Gut microbiome genus abundance (Hominisplanchenecus)","taxon:hominisplanchenecus","primary","GCST90671615","EUR","reverse_sensitivity","microbiome_trait_units_per_standardized_ED_exposure",17,"estimable","reverse",TRUE,TRUE,"mr_ivw_mre",17,0.192939784610593,0.217564222742529,-0.233478256289213,0.619357825510399,0.375177103580308,"estimated","","",1572,0.992268392990782,FALSE
"reverse|GCST90671169","ed_2025_eur_reverse_exposure","GCST90671169","Gut microbiome species presence (Bacteroides zhangwenhongii, GCF_009193325.2)","taxon:bacteroides zhangwenhongii","primary","GCST90671169","EUR","reverse_sensitivity","microbiome_trait_units_per_standardized_ED_exposure",15,"estimable","reverse",TRUE,TRUE,"mr_ivw_mre",15,-0.67222387216479,0.758817213281502,-2.15947828104558,0.815030536716002,0.375680149607441,"estimated","","",1572,0.992268392990782,FALSE
"reverse|GCST90671743","ed_2025_eur_reverse_exposure","GCST90671743","Gut microbiome order abundance (Christensenellales)","taxon:christensenellales","primary","GCST90671743","EUR","reverse_sensitivity","microbiome_trait_units_per_standardized_ED_exposure",17,"estimable","reverse",TRUE,TRUE,"mr_ivw_mre",17,-0.209539648100637,0.236654069665612,-0.673373101440069,0.254293805238794,0.375926956059434,"estimated","","",1572,0.992268392990782,FALSE
"reverse|GCST90671311","ed_2025_eur_reverse_exposure","GCST90671311","Gut microbiome genus abundance (Faecalibacillus)","taxon:faecalibacillus","primary","GCST90671311","EUR","reverse_sensitivity","microbiome_trait_units_per_standardized_ED_exposure",17,"estimable","reverse",TRUE,TRUE,"mr_ivw_mre",17,0.262424119287203,0.296493678735688,-0.318692812678534,0.843541051252941,0.376107129910189,"estimated","","",1572,0.992268392990782,FALSE
"reverse|GCST90671678","ed_2025_eur_reverse_exposure","GCST90671678","Gut microbiome family presence (Campylobacteraceae)","taxon:campylobacteraceae","primary","GCST90671678","EUR","reverse_sensitivity","microbiome_trait_units_per_standardized_ED_exposure",15,"estimable","reverse",TRUE,TRUE,"mr_ivw_mre",15,0.603868810406221,0.683277486258026,-0.735330454106571,1.94306807491901,0.376813535897236,"estimated","","",1572,0.992268392990782,FALSE
"reverse|GCST90670486","ed_2025_eur_reverse_exposure","GCST90670486","Gut microbiome species presence (Scatacola A faecigallinarum, GCA_000436375.1)","taxon:scatacola a faecigallinarum","primary","GCST90670486","EUR","reverse_sensitivity","microbiome_trait_units_per_standardized_ED_exposure",15,"estimable","reverse",TRUE,TRUE,"mr_ivw_mre",15,0.516233635287708,0.584481363464943,-0.629328786738444,1.66179605731386,0.37711001887478,"estimated","","",1572,0.992268392990782,FALSE
"reverse|GCST90671056","ed_2025_eur_reverse_exposure","GCST90671056","Gut microbiome species presence (Egerieisoma sp900552695, GCA_900761125.1)","taxon:egerieisoma sp900552695","primary","GCST90671056","EUR","reverse_sensitivity","microbiome_trait_units_per_standardized_ED_exposure",15,"estimable","reverse",TRUE,TRUE,"mr_ivw_mre",15,0.78205988760944,0.887224103590205,-0.956867401643195,2.52098717686207,0.378064425521002,"estimated","","",1572,0.992268392990782,FALSE
"reverse|GCST90671362","ed_2025_eur_reverse_exposure","GCST90671362","Gut microbiome genus presence (Limosilactobacillus)","taxon:limosilactobacillus","primary","GCST90671362","EUR","reverse_sensitivity","microbiome_trait_units_per_standardized_ED_exposure",15,"estimable","reverse",TRUE,TRUE,"mr_ivw_mre",15,-0.598456820064031,0.680322777281263,-1.93186496139757,0.734951321269508,0.379040270198509,"estimated","","",1572,0.992268392990782,FALSE
"reverse|GCST90670823","ed_2025_eur_reverse_exposure","GCST90670823","Gut microbiome species presence (Fournierella excrementavium, GCA_004558145.1)","taxon:fournierella excrementavium","primary","GCST90670823","EUR","reverse_sensitivity","microbiome_trait_units_per_standardized_ED_exposure",15,"estimable","reverse",TRUE,TRUE,"mr_ivw_mre",15,-0.472244956520941,0.538474445488617,-1.52763547627381,0.583145563231925,0.380483745311202,"estimated","","",1572,0.992268392990782,FALSE
"reverse|GCST90671885","ed_2025_eur_reverse_exposure","GCST90671885","Gut microbiome function abundance (Pentose phosphate pathway (oxidative phase), MF0070)","function:mf0070","primary","GCST90671885","EUR","reverse_sensitivity","microbiome_trait_units_per_standardized_ED_exposure",17,"estimable","reverse",TRUE,TRUE,"mr_ivw_mre",17,0.196435781210719,0.224195581726787,-0.24297948446679,0.635851046888227,0.380931953653838,"estimated","","",1572,0.992268392990782,FALSE
"reverse|GCST90671719","ed_2025_eur_reverse_exposure","GCST90671719","Gut microbiome family presence (UMGS1810)","taxon:umgs1810","primary","GCST90671719","EUR","reverse_sensitivity","microbiome_trait_units_per_standardized_ED_exposure",15,"estimable","reverse",TRUE,TRUE,"mr_ivw_mre",15,-0.823554121369815,0.940143570766893,-2.66620166036981,1.01909341763018,0.381036768421484,"estimated","","",1572,0.992268392990782,FALSE
"reverse|GCST90671779","ed_2025_eur_reverse_exposure","GCST90671779","Gut microbiome order presence (UMGS1810)","taxon:umgs1810","primary","GCST90671779","EUR","reverse_sensitivity","microbiome_trait_units_per_standardized_ED_exposure",15,"estimable","reverse",TRUE,TRUE,"mr_ivw_mre",15,-0.823554121369815,0.940143570766893,-2.66620166036981,1.01909341763018,0.381036768421484,"estimated","","",1572,0.992268392990782,FALSE
"reverse|GCST90670797","ed_2025_eur_reverse_exposure","GCST90670797","Gut microbiome species presence (Massilistercora timonensis, GCF_900312975.1)","taxon:massilistercora timonensis","primary","GCST90670797","EUR","reverse_sensitivity","microbiome_trait_units_per_standardized_ED_exposure",15,"estimable","reverse",TRUE,TRUE,"mr_ivw_mre",15,-0.532210693747138,0.607829848989829,-1.72353530649562,0.659113919001347,0.381252108095708,"estimated","","",1572,0.992268392990782,FALSE
"reverse|GCST90670977","ed_2025_eur_reverse_exposure","GCST90670977","Gut microbiome species presence (Eisenbergiella intestinigallinarum, GCA_900544445.1)","taxon:eisenbergiella intestinigallinarum","primary","GCST90670977","EUR","reverse_sensitivity","microbiome_trait_units_per_standardized_ED_exposure",15,"estimable","reverse",TRUE,TRUE,"mr_ivw_mre",15,0.653020042518558,0.748209316322803,-0.813443270371472,2.11948335540859,0.382784521747977,"estimated","","",1572,0.992268392990782,FALSE
"reverse|GCST90670419","ed_2025_eur_reverse_exposure","GCST90670419","Gut microbiome species presence (Prevotella sp003447235, GCA_003447235.1)","taxon:prevotella sp003447235","primary","GCST90670419","EUR","reverse_sensitivity","microbiome_trait_units_per_standardized_ED_exposure",15,"estimable","reverse",TRUE,TRUE,"mr_ivw_mre",15,-0.694377125579382,0.796471568880915,-2.25543271529609,0.866678464137324,0.383308443742465,"estimated","","",1572,0.992268392990782,FALSE
"reverse|GCST90670737","ed_2025_eur_reverse_exposure","GCST90670737","Gut microbiome species presence (Victivallis vadensis, GCF_003096415.1)","taxon:victivallis vadensis","primary","GCST90670737","EUR","reverse_sensitivity","microbiome_trait_units_per_standardized_ED_exposure",15,"estimable","reverse",TRUE,TRUE,"mr_ivw_mre",15,0.606343916117041,0.698002445867216,-0.76171573890357,1.97440357113765,0.38501971346769,"estimated","","",1572,0.992268392990782,FALSE
"reverse|GCST90671118","ed_2025_eur_reverse_exposure","GCST90671118","Gut microbiome species presence (Pullichristensenella hMGS.05500, )","taxon:pullichristensenella hmgs.05500,","primary","GCST90671118","EUR","reverse_sensitivity","microbiome_trait_units_per_standardized_ED_exposure",15,"estimable","reverse",TRUE,TRUE,"mr_ivw_mre",15,0.511487744208351,0.5888568693815,-0.642650511828396,1.6656260002451,0.385059759242245,"estimated","","",1572,0.992268392990782,FALSE
"reverse|GCST90670783","ed_2025_eur_reverse_exposure","GCST90670783","Gut microbiome species presence (Merdivicinus sp900555435, GCA_900555435.1)","taxon:merdivicinus sp900555435","primary","GCST90670783","EUR","reverse_sensitivity","microbiome_trait_units_per_standardized_ED_exposure",15,"estimable","reverse",TRUE,TRUE,"mr_ivw_mre",15,0.615443069630926,0.709382583054217,-0.774921244415333,2.00580738367719,0.385626670532741,"estimated","","",1572,0.992268392990782,FALSE
"reverse|GCST90671468","ed_2025_eur_reverse_exposure","GCST90671468","Gut microbiome genus presence (UMGS172)","taxon:umgs172","primary","GCST90671468","EUR","reverse_sensitivity","microbiome_trait_units_per_standardized_ED_exposure",15,"estimable","reverse",TRUE,TRUE,"mr_ivw_mre",15,-0.903314907868878,1.04458726202638,-2.95066832014989,1.14403850441213,0.387171776954895,"estimated","","",1572,0.992268392990782,FALSE
"reverse|GCST90671792","ed_2025_eur_reverse_exposure","GCST90671792","Gut microbiome class abundance (Bacilli)","taxon:bacilli","primary","GCST90671792","EUR","reverse_sensitivity","microbiome_trait_units_per_standardized_ED_exposure",17,"estimable","reverse",TRUE,TRUE,"mr_ivw_mre",17,0.252096235908985,0.292287133462501,-0.320776018821968,0.824968490639938,0.388415099165173,"estimated","","",1572,0.992268392990782,FALSE
"reverse|GCST90671810","ed_2025_eur_reverse_exposure","GCST90671810","Gut microbiome phylum abundance (Bacillota)","taxon:bacillota","primary","GCST90671810","EUR","reverse_sensitivity","microbiome_trait_units_per_standardized_ED_exposure",17,"estimable","reverse",TRUE,TRUE,"mr_ivw_mre",17,0.252096235908985,0.292287133462501,-0.320776018821968,0.824968490639938,0.388415099165173,"estimated","","",1572,0.992268392990782,FALSE
"reverse|GCST90671717","ed_2025_eur_reverse_exposure","GCST90671717","Gut microbiome family presence (Burkholderiaceae)","taxon:burkholderiaceae","primary","GCST90671717","EUR","reverse_sensitivity","microbiome_trait_units_per_standardized_ED_exposure",15,"estimable","reverse",TRUE,TRUE,"mr_ivw_mre",15,0.450417462727205,0.522366544763953,-0.573402151738773,1.47423707719318,0.38854268341455,"estimated","","",1572,0.992268392990782,FALSE
"reverse|GCST90671368","ed_2025_eur_reverse_exposure","GCST90671368","Gut microbiome genus presence (Lactiplantibacillus)","taxon:lactiplantibacillus","primary","GCST90671368","EUR","reverse_sensitivity","microbiome_trait_units_per_standardized_ED_exposure",15,"estimable","reverse",TRUE,TRUE,"mr_ivw_mre",15,-0.602791853595111,0.699102679994751,-1.97300792788025,0.767424220690031,0.388557383516097,"estimated","","",1572,0.992268392990782,FALSE
"reverse|GCST90671106","ed_2025_eur_reverse_exposure","GCST90671106","Gut microbiome species presence (Aphodoplasma hMGS.04788, )","taxon:aphodoplasma hmgs.04788,","primary","GCST90671106","EUR","reverse_sensitivity","microbiome_trait_units_per_standardized_ED_exposure",15,"estimable","reverse",TRUE,TRUE,"mr_ivw_mre",15,0.768855569314415,0.892980575163058,-0.98135419689904,2.51906533552787,0.389238478442572,"estimated","","",1572,0.992268392990782,FALSE
"reverse|GCST90670686","ed_2025_eur_reverse_exposure","GCST90670686","Gut microbiome species presence (Faecousia gallistercoris, GCA_900546915.1)","taxon:faecousia gallistercoris","primary","GCST90670686","EUR","reverse_sensitivity","microbiome_trait_units_per_standardized_ED_exposure",15,"estimable","reverse",TRUE,TRUE,"mr_ivw_mre",15,0.910857932089804,1.05884823924828,-1.16444648193047,2.98616234611007,0.389659714367376,"estimated","","",1572,0.992268392990782,FALSE
"reverse|GCST90670706","ed_2025_eur_reverse_exposure","GCST90670706","Gut microbiome species presence (Bacteroides salyersiae, GCF_000381365.1)","taxon:bacteroides salyersiae","primary","GCST90670706","EUR","reverse_sensitivity","microbiome_trait_units_per_standardized_ED_exposure",15,"estimable","reverse",TRUE,TRUE,"mr_ivw_mre",15,0.501331020947743,0.58284902471811,-0.641032075924048,1.64369411781953,0.389712573038566,"estimated","","",1572,0.992268392990782,FALSE
"reverse|GCST90670815","ed_2025_eur_reverse_exposure","GCST90670815","Gut microbiome species presence (Scatenecus faecavium, GCA_900551915.1)","taxon:scatenecus faecavium","primary","GCST90670815","EUR","reverse_sensitivity","microbiome_trait_units_per_standardized_ED_exposure",15,"estimable","reverse",TRUE,TRUE,"mr_ivw_mre",15,0.717079268344445,0.833969504539033,-0.917470924756772,2.35162946144566,0.389877954045878,"estimated","","",1572,0.992268392990782,FALSE
"reverse|GCST90670493","ed_2025_eur_reverse_exposure","GCST90670493","Gut microbiome species abundance (CAG-95 sp000438155, GCA_000438155.1)","taxon:cag-95 sp000438155","primary","GCST90670493","EUR","reverse_sensitivity","microbiome_trait_units_per_standardized_ED_exposure",17,"estimable","reverse",TRUE,TRUE,"mr_ivw_mre",17,0.213829008593587,0.24912233979059,-0.274441805140318,0.702099822327493,0.390710643587314,"estimated","","",1572,0.992268392990782,FALSE
"reverse|GCST90671071","ed_2025_eur_reverse_exposure","GCST90671071","Gut microbiome species presence (HGM13006 sp905201305, GCA_905201305.1)","taxon:hgm13006 sp905201305","primary","GCST90671071","EUR","reverse_sensitivity","microbiome_trait_units_per_standardized_ED_exposure",15,"estimable","reverse",TRUE,TRUE,"mr_ivw_mre",15,0.477716617193522,0.558068198771179,-0.616076953315128,1.57151018770217,0.39198763105316,"estimated","","",1572,0.992268392990782,FALSE
"reverse|GCST90670560","ed_2025_eur_reverse_exposure","GCST90670560","Gut microbiome species presence (Angelakisella sp900547385, GCA_900547385.1)","taxon:angelakisella sp900547385","primary","GCST90670560","EUR","reverse_sensitivity","microbiome_trait_units_per_standardized_ED_exposure",15,"estimable","reverse",TRUE,TRUE,"mr_ivw_mre",15,0.507333761178956,0.593219764920072,-0.655355612981702,1.67002313533961,0.392429035971463,"estimated","","",1572,0.992268392990782,FALSE
"reverse|GCST90670813","ed_2025_eur_reverse_exposure","GCST90670813","Gut microbiome species abundance (Lawsonibacter sp900066645, GCA_902362775.1)","taxon:lawsonibacter sp900066645","primary","GCST90670813","EUR","reverse_sensitivity","microbiome_trait_units_per_standardized_ED_exposure",17,"estimable","reverse",TRUE,TRUE,"mr_ivw_mre",17,0.190574809799596,0.223245325059117,-0.246977987033212,0.628127606632403,0.393295375532851,"estimated","","",1572,0.992268392990782,FALSE
"reverse|GCST90670614","ed_2025_eur_reverse_exposure","GCST90670614","Gut microbiome species abundance (Ruthenibacterium merdipullorum, GCA_900546885.1)","taxon:ruthenibacterium merdipullorum","primary","GCST90670614","EUR","reverse_sensitivity","microbiome_trait_units_per_standardized_ED_exposure",17,"estimable","reverse",TRUE,TRUE,"mr_ivw_mre",17,-0.195872688102008,0.23010959770405,-0.646879212098946,0.25513383589493,0.394650060012417,"estimated","","",1572,0.992268392990782,FALSE
"reverse|GCST90670934","ed_2025_eur_reverse_exposure","GCST90670934","Gut microbiome species presence (Leuconostoc mesenteroides, GCF_000014445.1)","taxon:leuconostoc mesenteroides","primary","GCST90670934","EUR","reverse_sensitivity","microbiome_trait_units_per_standardized_ED_exposure",15,"estimable","reverse",TRUE,TRUE,"mr_ivw_mre",15,0.483846224189656,0.568596817947524,-0.630583060711569,1.59827550909088,0.394798337805455,"estimated","","",1572,0.992268392990782,FALSE
"reverse|GCST90671393","ed_2025_eur_reverse_exposure","GCST90671393","Gut microbiome genus presence (UBA1394)","taxon:uba1394","primary","GCST90671393","EUR","reverse_sensitivity","microbiome_trait_units_per_standardized_ED_exposure",15,"estimable","reverse",TRUE,TRUE,"mr_ivw_mre",15,-0.503548650002515,0.592311933947051,-1.664458708152,0.657361408146971,0.3952467084358,"estimated","","",1572,0.992268392990782,FALSE
"reverse|GCST90671031","ed_2025_eur_reverse_exposure","GCST90671031","Gut microbiome species presence (Faecimorpha hMGS.03197, )","taxon:faecimorpha hmgs.03197,","primary","GCST90671031","EUR","reverse_sensitivity","microbiome_trait_units_per_standardized_ED_exposure",15,"estimable","reverse",TRUE,TRUE,"mr_ivw_mre",15,0.461704524678535,0.543138801239201,-0.602827964356558,1.52623701371363,0.395287680392647,"estimated","","",1572,0.992268392990782,FALSE
"reverse|GCST90671405","ed_2025_eur_reverse_exposure","GCST90671405","Gut microbiome genus presence (UMGS1781)","taxon:umgs1781","primary","GCST90671405","EUR","reverse_sensitivity","microbiome_trait_units_per_standardized_ED_exposure",15,"estimable","reverse",TRUE,TRUE,"mr_ivw_mre",15,-0.813189233201941,0.956926337099055,-2.68873038977392,1.06235192337004,0.395440222545732,"estimated","","",1572,0.992268392990782,FALSE
"reverse|GCST90670873","ed_2025_eur_reverse_exposure","GCST90670873","Gut microbiome species abundance (Alangreenwoodia sp905206455, GCA_905206455.1)","taxon:alangreenwoodia sp905206455","primary","GCST90670873","EUR","reverse_sensitivity","microbiome_trait_units_per_standardized_ED_exposure",17,"estimable","reverse",TRUE,TRUE,"mr_ivw_mre",17,0.168438089576571,0.198439050464395,-0.220495302459969,0.55737148161311,0.395984110491357,"estimated","","",1572,0.992268392990782,FALSE
"reverse|GCST90671344","ed_2025_eur_reverse_exposure","GCST90671344","Gut microbiome genus presence (Paraprevotella)","taxon:paraprevotella","primary","GCST90671344","EUR","reverse_sensitivity","microbiome_trait_units_per_standardized_ED_exposure",15,"estimable","reverse",TRUE,TRUE,"mr_ivw_mre",15,-0.580904217171425,0.685743514649504,-1.92493680851637,0.763128374173516,0.396930537639753,"estimated","","",1572,0.992268392990782,FALSE
"reverse|GCST90670651","ed_2025_eur_reverse_exposure","GCST90670651","Gut microbiome species presence (Evtepia excrementipullorum, GCA_900546255.1)","taxon:evtepia excrementipullorum","primary","GCST90670651","EUR","reverse_sensitivity","microbiome_trait_units_per_standardized_ED_exposure",15,"estimable","reverse",TRUE,TRUE,"mr_ivw_mre",15,0.633337481108831,0.747940451076714,-0.832598865582169,2.09927382779983,0.397120392143397,"estimated","","",1572,0.992268392990782,FALSE
"reverse|GCST90670631","ed_2025_eur_reverse_exposure","GCST90670631","Gut microbiome species presence (Eubacterium F sp000433735, GCA_000433735.1)","taxon:eubacterium f sp000433735","primary","GCST90670631","EUR","reverse_sensitivity","microbiome_trait_units_per_standardized_ED_exposure",15,"estimable","reverse",TRUE,TRUE,"mr_ivw_mre",15,0.568100171295509,0.671269473418706,-0.747563820526321,1.88376416311734,0.397381406600648,"estimated","","",1572,0.992268392990782,FALSE
"reverse|GCST90670591","ed_2025_eur_reverse_exposure","GCST90670591","Gut microbiome species abundance (Copromonas sp000435795, GCA_014385265.1)","taxon:copromonas sp000435795","primary","GCST90670591","EUR","reverse_sensitivity","microbiome_trait_units_per_standardized_ED_exposure",17,"estimable","reverse",TRUE,TRUE,"mr_ivw_mre",17,0.175035499379446,0.207308563311248,-0.231281818397341,0.581352817156233,0.398488637160124,"estimated","","",1572,0.992268392990782,FALSE
"reverse|GCST90671236","ed_2025_eur_reverse_exposure","GCST90671236","Gut microbiome species abundance (Instestinimonas A gabonensis, GCF_014281125.1)","taxon:instestinimonas a gabonensis","primary","GCST90671236","EUR","reverse_sensitivity","microbiome_trait_units_per_standardized_ED_exposure",17,"estimable","reverse",TRUE,TRUE,"mr_ivw_mre",17,0.195672111734469,0.231958516277121,-0.258958226076035,0.650302449544973,0.398912466728088,"estimated","","",1572,0.992268392990782,FALSE
"reverse|GCST90671226","ed_2025_eur_reverse_exposure","GCST90671226","Gut microbiome species presence (Merdisoma sp002160825, GCF_002160825.1)","taxon:merdisoma sp002160825","primary","GCST90671226","EUR","reverse_sensitivity","microbiome_trait_units_per_standardized_ED_exposure",15,"estimable","reverse",TRUE,TRUE,"mr_ivw_mre",15,-0.539167272393555,0.639300423447227,-1.79217307765133,0.713838532864216,0.399021129932778,"estimated","","",1572,0.992268392990782,FALSE
"reverse|GCST90670602","ed_2025_eur_reverse_exposure","GCST90670602","Gut microbiome species abundance (Coprobacter fastidiosus, GCF_003634345.1)","taxon:coprobacter fastidiosus","primary","GCST90670602","EUR","reverse_sensitivity","microbiome_trait_units_per_standardized_ED_exposure",17,"estimable","reverse",TRUE,TRUE,"mr_ivw_mre",17,0.242868659615676,0.288559982603605,-0.322698513666893,0.808435832898245,0.399979720926091,"estimated","","",1572,0.992268392990782,FALSE
"reverse|GCST90670606","ed_2025_eur_reverse_exposure","GCST90670606","Gut microbiome species presence (UBA737 sp900549055, GCA_900549055.1)","taxon:uba737 sp900549055","primary","GCST90670606","EUR","reverse_sensitivity","microbiome_trait_units_per_standardized_ED_exposure",15,"estimable","reverse",TRUE,TRUE,"mr_ivw_mre",15,-0.433399189148065,0.515272182103923,-1.44331410830712,0.576515730010988,0.400287831007178,"estimated","","",1572,0.992268392990782,FALSE
"reverse|GCST90671216","ed_2025_eur_reverse_exposure","GCST90671216","Gut microbiome species presence (Ligaoa zhengdingensis, GCF_014384885.1)","taxon:ligaoa zhengdingensis","primary","GCST90671216","EUR","reverse_sensitivity","microbiome_trait_units_per_standardized_ED_exposure",15,"estimable","reverse",TRUE,TRUE,"mr_ivw_mre",15,-0.454452083620783,0.540718367757551,-1.51424061020487,0.6053364429633,0.400650598558741,"estimated","","",1572,0.992268392990782,FALSE
"reverse|GCST90670558","ed_2025_eur_reverse_exposure","GCST90670558","Gut microbiome species abundance (Enterocloster sp900541315, GCA_900541315.1)","taxon:enterocloster sp900541315","primary","GCST90670558","EUR","reverse_sensitivity","microbiome_trait_units_per_standardized_ED_exposure",17,"estimable","reverse",TRUE,TRUE,"mr_ivw_mre",17,0.183112985003384,0.217921916425957,-0.244006122633439,0.610232092640207,0.400757696376956,"estimated","","",1572,0.992268392990782,FALSE
"reverse|GCST90670586","ed_2025_eur_reverse_exposure","GCST90670586","Gut microbiome species presence (UBA644 sp900547165, GCA_900547165.1)","taxon:uba644 sp900547165","primary","GCST90670586","EUR","reverse_sensitivity","microbiome_trait_units_per_standardized_ED_exposure",15,"estimable","reverse",TRUE,TRUE,"mr_ivw_mre",15,-0.451853026021967,0.540178614212582,-1.51058365509738,0.606877603053449,0.402880323430859,"estimated","","",1572,0.992268392990782,FALSE
"reverse|GCST90671258","ed_2025_eur_reverse_exposure","GCST90671258","Gut microbiome species presence (Avoscillospira A sp019422005, GCA_019422005.1)","taxon:avoscillospira a sp019422005","primary","GCST90671258","EUR","reverse_sensitivity","microbiome_trait_units_per_standardized_ED_exposure",15,"estimable","reverse",TRUE,TRUE,"mr_ivw_mre",15,0.491322456483584,0.587382517149484,-0.659926122277886,1.64257103524505,0.402895714627668,"estimated","","",1572,0.992268392990782,FALSE
"reverse|GCST90671088","ed_2025_eur_reverse_exposure","GCST90671088","Gut microbiome species abundance (Pseudoscilispira sp018369915, GCA_020555865.1)","taxon:pseudoscilispira sp018369915","primary","GCST90671088","EUR","reverse_sensitivity","microbiome_trait_units_per_standardized_ED_exposure",17,"estimable","reverse",TRUE,TRUE,"mr_ivw_mre",17,-0.171177096753126,0.205140307615737,-0.573244711457439,0.230890517951187,0.404033583213986,"estimated","","",1572,0.992268392990782,FALSE
"reverse|GCST90671696","ed_2025_eur_reverse_exposure","GCST90671696","Gut microbiome family abundance (UBA644)","taxon:uba644","primary","GCST90671696","EUR","reverse_sensitivity","microbiome_trait_units_per_standardized_ED_exposure",17,"estimable","reverse",TRUE,TRUE,"mr_ivw_mre",17,0.176800120414598,0.211945339767102,-0.238605112220026,0.592205353049223,0.404180737525529,"estimated","","",1572,0.992268392990782,FALSE
"reverse|GCST90670816","ed_2025_eur_reverse_exposure","GCST90670816","Gut microbiome species presence (Senegalimassilia faecalis, GCF_004135645.1)","taxon:senegalimassilia faecalis","primary","GCST90670816","EUR","reverse_sensitivity","microbiome_trait_units_per_standardized_ED_exposure",15,"estimable","reverse",TRUE,TRUE,"mr_ivw_mre",15,0.738124824220325,0.887071995469188,-1.00050433859336,2.47675398703401,0.405357453965037,"estimated","","",1572,0.992268392990782,FALSE
"reverse|GCST90671272","ed_2025_eur_reverse_exposure","GCST90671272","Gut microbiome species presence (Faecivicinus sp934663595, GCA_934663595.1)","taxon:faecivicinus sp934663595","primary","GCST90671272","EUR","reverse_sensitivity","microbiome_trait_units_per_standardized_ED_exposure",15,"estimable","reverse",TRUE,TRUE,"mr_ivw_mre",15,-0.626909669846309,0.753734969357478,-2.10420306367537,0.850383723982748,0.405557105781668,"estimated","","",1572,0.992268392990782,FALSE
"reverse|GCST90670660","ed_2025_eur_reverse_exposure","GCST90670660","Gut microbiome species presence (Acidaminococcus intestini, GCF_000425045.1)","taxon:acidaminococcus intestini","primary","GCST90670660","EUR","reverse_sensitivity","microbiome_trait_units_per_standardized_ED_exposure",15,"estimable","reverse",TRUE,TRUE,"mr_ivw_mre",15,-0.82558135925253,0.994061640720517,-2.77390637347754,1.12274365497248,0.40624866224567,"estimated","","",1572,0.992268392990782,FALSE
"reverse|GCST90670800","ed_2025_eur_reverse_exposure","GCST90670800","Gut microbiome species presence (Scatosoma sp003150575, GCA_900540805.1)","taxon:scatosoma sp003150575","primary","GCST90670800","EUR","reverse_sensitivity","microbiome_trait_units_per_standardized_ED_exposure",15,"estimable","reverse",TRUE,TRUE,"mr_ivw_mre",15,0.473375369262915,0.57039310626278,-0.644574576042061,1.59132531456789,0.406589247828883,"estimated","","",1572,0.992268392990782,FALSE
"reverse|GCST90670840","ed_2025_eur_reverse_exposure","GCST90670840","Gut microbiome species abundance (Mogibacterium diversum, GCF_002998925.1)","taxon:mogibacterium diversum","primary","GCST90670840","EUR","reverse_sensitivity","microbiome_trait_units_per_standardized_ED_exposure",17,"estimable","reverse",TRUE,TRUE,"mr_ivw_mre",17,-0.174485590371827,0.210314315992807,-0.586694075150905,0.23772289440725,0.406741221300779,"estimated","","",1572,0.992268392990782,FALSE
"reverse|GCST90671533","ed_2025_eur_reverse_exposure","GCST90671533","Gut microbiome genus presence (Howiella)","taxon:howiella","primary","GCST90671533","EUR","reverse_sensitivity","microbiome_trait_units_per_standardized_ED_exposure",15,"estimable","reverse",TRUE,TRUE,"mr_ivw_mre",15,0.46305855783017,0.559862700994855,-0.634252172407063,1.5603692880674,0.408184314151408,"estimated","","",1572,0.992268392990782,FALSE
"reverse|GCST90670546","ed_2025_eur_reverse_exposure","GCST90670546","Gut microbiome species presence (Gemmiger sp900540775, GCF_018784445.1)","taxon:gemmiger sp900540775","primary","GCST90670546","EUR","reverse_sensitivity","microbiome_trait_units_per_standardized_ED_exposure",15,"estimable","reverse",TRUE,TRUE,"mr_ivw_mre",15,-0.497660843815113,0.60242297678963,-1.6783881817822,0.683066494151971,0.40874809957236,"estimated","","",1572,0.992268392990782,FALSE
"reverse|GCST90671754","ed_2025_eur_reverse_exposure","GCST90671754","Gut microbiome order presence (Staphylococcales)","taxon:staphylococcales","primary","GCST90671754","EUR","reverse_sensitivity","microbiome_trait_units_per_standardized_ED_exposure",15,"estimable","reverse",TRUE,TRUE,"mr_ivw_mre",15,-0.505573610817298,0.612196923105817,-1.70545753155094,0.69431030991634,0.408897729449252,"estimated","","",1572,0.992268392990782,FALSE
"reverse|GCST90671323","ed_2025_eur_reverse_exposure","GCST90671323","Gut microbiome genus abundance (Agathobaculum)","taxon:agathobaculum","primary","GCST90671323","EUR","reverse_sensitivity","microbiome_trait_units_per_standardized_ED_exposure",17,"estimable","reverse",TRUE,TRUE,"mr_ivw_mre",17,0.18690471495901,0.226843253412503,-0.257699891865389,0.631509321783408,0.409974941580208,"estimated","","",1572,0.992268392990782,FALSE
"reverse|GCST90671317","ed_2025_eur_reverse_exposure","GCST90671317","Gut microbiome genus presence (Catenibacterium)","taxon:catenibacterium","primary","GCST90671317","EUR","reverse_sensitivity","microbiome_trait_units_per_standardized_ED_exposure",15,"estimable","reverse",TRUE,TRUE,"mr_ivw_mre",15,-0.628139070302888,0.764510043376419,-2.12655122113982,0.870273080534047,0.411291468944758,"estimated","","",1572,0.992268392990782,FALSE
"reverse|GCST90671742","ed_2025_eur_reverse_exposure","GCST90671742","Gut microbiome order abundance (Oscillospirales)","taxon:oscillospirales","primary","GCST90671742","EUR","reverse_sensitivity","microbiome_trait_units_per_standardized_ED_exposure",17,"estimable","reverse",TRUE,TRUE,"mr_ivw_mre",17,0.191934198775877,0.23367512898762,-0.26606063812261,0.649929035674363,0.411434430045316,"estimated","","",1572,0.992268392990782,FALSE
"reverse|GCST90670535","ed_2025_eur_reverse_exposure","GCST90670535","Gut microbiome species abundance (Bacteroides caccae, GCF_002222615.2)","taxon:bacteroides caccae","primary","GCST90670535","EUR","reverse_sensitivity","microbiome_trait_units_per_standardized_ED_exposure",17,"estimable","reverse",TRUE,TRUE,"mr_ivw_mre",17,-0.176844486019712,0.215382471201273,-0.598986372475441,0.245297400436018,0.411605338180085,"estimated","","",1572,0.992268392990782,FALSE
"reverse|GCST90670776","ed_2025_eur_reverse_exposure","GCST90670776","Gut microbiome species presence (Alistipes sp900541585, GCA_900541585.1)","taxon:alistipes sp900541585","primary","GCST90670776","EUR","reverse_sensitivity","microbiome_trait_units_per_standardized_ED_exposure",15,"estimable","reverse",TRUE,TRUE,"mr_ivw_mre",15,-0.888806836718618,1.083906698222,-3.01322492783545,1.23561125439822,0.412214348328894,"estimated","","",1572,0.992268392990782,FALSE
"reverse|GCST90671746","ed_2025_eur_reverse_exposure","GCST90671746","Gut microbiome order abundance (Lactobacillales)","taxon:lactobacillales","primary","GCST90671746","EUR","reverse_sensitivity","microbiome_trait_units_per_standardized_ED_exposure",17,"estimable","reverse",TRUE,TRUE,"mr_ivw_mre",17,0.223026007375538,0.272350253171167,-0.310770680020315,0.75682269477139,0.412846853329917,"estimated","","",1572,0.992268392990782,FALSE
"reverse|GCST90671420","ed_2025_eur_reverse_exposure","GCST90671420","Gut microbiome genus abundance (Merdibacter)","taxon:merdibacter","primary","GCST90671420","EUR","reverse_sensitivity","microbiome_trait_units_per_standardized_ED_exposure",17,"estimable","reverse",TRUE,TRUE,"mr_ivw_mre",17,-0.177655420345867,0.217327193070646,-0.603608891625516,0.248298050933783,0.413667878006369,"estimated","","",1572,0.992268392990782,FALSE
"reverse|GCST90671465","ed_2025_eur_reverse_exposure","GCST90671465","Gut microbiome genus abundance (Mogibacterium)","taxon:mogibacterium","primary","GCST90671465","EUR","reverse_sensitivity","microbiome_trait_units_per_standardized_ED_exposure",17,"estimable","reverse",TRUE,TRUE,"mr_ivw_mre",17,-0.174524511280369,0.214097849467165,-0.594148585403491,0.245099562842752,0.414979372003672,"estimated","","",1572,0.992268392990782,FALSE
"reverse|GCST90671218","ed_2025_eur_reverse_exposure","GCST90671218","Gut microbiome species abundance (Lentihominibacter excrementipullorum, GCA_900543485.1)","taxon:lentihominibacter excrementipullorum","primary","GCST90671218","EUR","reverse_sensitivity","microbiome_trait_units_per_standardized_ED_exposure",17,"estimable","reverse",TRUE,TRUE,"mr_ivw_mre",17,0.164014948418918,0.201905538320078,-0.231712634967606,0.559742531805442,0.416599395733482,"estimated","","",1572,0.992268392990782,FALSE
"reverse|GCST90671264","ed_2025_eur_reverse_exposure","GCST90671264","Gut microbiome species presence (HGM11386 sp900761915, GCA_900761915.1)","taxon:hgm11386 sp900761915","primary","GCST90671264","EUR","reverse_sensitivity","microbiome_trait_units_per_standardized_ED_exposure",15,"estimable","reverse",TRUE,TRUE,"mr_ivw_mre",15,0.755963012715406,0.93090069152861,-1.0685688158641,2.58049484129491,0.416747467143652,"estimated","","",1572,0.992268392990782,FALSE
"reverse|GCST90671522","ed_2025_eur_reverse_exposure","GCST90671522","Gut microbiome genus presence (Rubneribacter)","taxon:rubneribacter","primary","GCST90671522","EUR","reverse_sensitivity","microbiome_trait_units_per_standardized_ED_exposure",15,"estimable","reverse",TRUE,TRUE,"mr_ivw_mre",15,-0.5295275016556,0.652155627201459,-1.80772904328559,0.748674039974389,0.416811752118037,"estimated","","",1572,0.992268392990782,FALSE
"reverse|GCST90671849","ed_2025_eur_reverse_exposure","GCST90671849","Gut microbiome function abundance (Aspartate degradation II, MF0029)","function:mf0029","primary","GCST90671849","EUR","reverse_sensitivity","microbiome_trait_units_per_standardized_ED_exposure",17,"estimable","reverse",TRUE,TRUE,"mr_ivw_mre",17,0.22020803417281,0.271207951854679,-0.311349783783234,0.751765852128854,0.416818761621982,"estimated","","",1572,0.992268392990782,FALSE
"reverse|GCST90671294","ed_2025_eur_reverse_exposure","GCST90671294","Gut microbiome genus abundance (Gemmiger)","taxon:gemmiger","primary","GCST90671294","EUR","reverse_sensitivity","microbiome_trait_units_per_standardized_ED_exposure",17,"estimable","reverse",TRUE,TRUE,"mr_ivw_mre",17,0.186678714154319,0.230219734845093,-0.264543674672424,0.637901102981061,0.417439237979876,"estimated","","",1572,0.992268392990782,FALSE
"reverse|GCST90671244","ed_2025_eur_reverse_exposure","GCST90671244","Gut microbiome species presence (QANA01 sp019420265, GCA_019420265.1)","taxon:qana01 sp019420265","primary","GCST90671244","EUR","reverse_sensitivity","microbiome_trait_units_per_standardized_ED_exposure",15,"estimable","reverse",TRUE,TRUE,"mr_ivw_mre",15,0.575055015593825,0.711809632291176,-0.820066227545579,1.97017625873323,0.419161081254816,"estimated","","",1572,0.992268392990782,FALSE
"reverse|GCST90670487","ed_2025_eur_reverse_exposure","GCST90670487","Gut microbiome species presence (Lachnospira sp000436535, GCA_000436535.1)","taxon:lachnospira sp000436535","primary","GCST90670487","EUR","reverse_sensitivity","microbiome_trait_units_per_standardized_ED_exposure",15,"estimable","reverse",TRUE,TRUE,"mr_ivw_mre",15,0.552455287852595,0.68419867577193,-0.788549474930384,1.89346005063558,0.41940805541748,"estimated","","",1572,0.992268392990782,FALSE
"reverse|GCST90670811","ed_2025_eur_reverse_exposure","GCST90670811","Gut microbiome species presence (Galloscillospira B excrementipullorum, GCA_018714125.1)","taxon:galloscillospira b excrementipullorum","primary","GCST90670811","EUR","reverse_sensitivity","microbiome_trait_units_per_standardized_ED_exposure",15,"estimable","reverse",TRUE,TRUE,"mr_ivw_mre",15,-0.616498118093336,0.766345796946245,-2.11850827981162,0.885512043624948,0.42112866589108,"estimated","","",1572,0.992268392990782,FALSE
"reverse|GCST90671105","ed_2025_eur_reverse_exposure","GCST90671105","Gut microbiome species presence (Gallacutalibacter A hMGS.04728, )","taxon:gallacutalibacter a hmgs.04728,","primary","GCST90671105","EUR","reverse_sensitivity","microbiome_trait_units_per_standardized_ED_exposure",15,"estimable","reverse",TRUE,TRUE,"mr_ivw_mre",15,0.542975059735429,0.675236715621802,-0.780464583922418,1.86641470339328,0.421324500541953,"estimated","","",1572,0.992268392990782,FALSE
"reverse|GCST90670752","ed_2025_eur_reverse_exposure","GCST90670752","Gut microbiome species abundance (Ruthenibacterium sp018380115, GCA_018380115.1)","taxon:ruthenibacterium sp018380115","primary","GCST90670752","EUR","reverse_sensitivity","microbiome_trait_units_per_standardized_ED_exposure",17,"estimable","reverse",TRUE,TRUE,"mr_ivw_mre",17,0.186928195561693,0.232837794713447,-0.269425496316394,0.64328188743978,0.422075410992123,"estimated","","",1572,0.992268392990782,FALSE
"reverse|GCST90671151","ed_2025_eur_reverse_exposure","GCST90671151","Gut microbiome species presence (Butyribacter huaianensis, GCF_014384985.1)","taxon:butyribacter huaianensis","primary","GCST90671151","EUR","reverse_sensitivity","microbiome_trait_units_per_standardized_ED_exposure",15,"estimable","reverse",TRUE,TRUE,"mr_ivw_mre",15,0.820392717235682,1.02594000266997,-1.19041273829638,2.83119817276774,0.42391372595292,"estimated","","",1572,0.992268392990782,FALSE
"reverse|GCST90671536","ed_2025_eur_reverse_exposure","GCST90671536","Gut microbiome genus presence (Oxalobacter)","taxon:oxalobacter","primary","GCST90671536","EUR","reverse_sensitivity","microbiome_trait_units_per_standardized_ED_exposure",15,"estimable","reverse",TRUE,TRUE,"mr_ivw_mre",15,0.417335092403312,0.522366544763953,-0.606484522062666,1.44115470686929,0.424330126740738,"estimated","","",1572,0.992268392990782,FALSE
"reverse|GCST90671508","ed_2025_eur_reverse_exposure","GCST90671508","Gut microbiome genus abundance (Alangreenwoodia)","taxon:alangreenwoodia","primary","GCST90671508","EUR","reverse_sensitivity","microbiome_trait_units_per_standardized_ED_exposure",17,"estimable","reverse",TRUE,TRUE,"mr_ivw_mre",17,0.163832419526968,0.205185967647761,-0.238324687195644,0.56598952624958,0.424604637617689,"estimated","","",1572,0.992268392990782,FALSE
"reverse|GCST90671869","ed_2025_eur_reverse_exposure","GCST90671869","Gut microbiome function abundance (Arginine degradation I, MF0051)","function:mf0051","primary","GCST90671869","EUR","reverse_sensitivity","microbiome_trait_units_per_standardized_ED_exposure",17,"estimable","reverse",TRUE,TRUE,"mr_ivw_mre",17,0.180225277411317,0.22595619282528,-0.26264072261002,0.623091277432653,0.42509592523415,"estimated","","",1572,0.992268392990782,FALSE
"reverse|GCST90671815","ed_2025_eur_reverse_exposure","GCST90671815","Gut microbiome phylum abundance (Patescibacteria)","taxon:patescibacteria","primary","GCST90671815","EUR","reverse_sensitivity","microbiome_trait_units_per_standardized_ED_exposure",17,"estimable","reverse",TRUE,TRUE,"mr_ivw_mre",17,0.202408883259884,0.254826974089808,-0.297042808245461,0.701860574765229,0.427021220324043,"estimated","","",1572,0.992268392990782,FALSE
"reverse|GCST90671537","ed_2025_eur_reverse_exposure","GCST90671537","Gut microbiome genus presence (QALR01)","taxon:qalr01","primary","GCST90671537","EUR","reverse_sensitivity","microbiome_trait_units_per_standardized_ED_exposure",15,"estimable","reverse",TRUE,TRUE,"mr_ivw_mre",15,0.601680193848545,0.75767562950802,-0.883336751950887,2.08669713964798,0.427129552859792,"estimated","","",1572,0.992268392990782,FALSE
"reverse|GCST90671047","ed_2025_eur_reverse_exposure","GCST90671047","Gut microbiome species presence (CAG-272 sp900556615, GCA_900556615.1)","taxon:cag-272 sp900556615","primary","GCST90671047","EUR","reverse_sensitivity","microbiome_trait_units_per_standardized_ED_exposure",15,"estimable","reverse",TRUE,TRUE,"mr_ivw_mre",15,0.709280171313238,0.893491897196965,-1.04193176767118,2.46049211029765,0.427294732047204,"estimated","","",1572,0.992268392990782,FALSE
"reverse|GCST90671094","ed_2025_eur_reverse_exposure","GCST90671094","Gut microbiome species presence (QAMM01 sp902766785, GCA_902766785.1)","taxon:qamm01 sp902766785","primary","GCST90671094","EUR","reverse_sensitivity","microbiome_trait_units_per_standardized_ED_exposure",15,"estimable","reverse",TRUE,TRUE,"mr_ivw_mre",15,0.567312221167601,0.715323220484481,-0.834695528287186,1.96931997062239,0.427728216146495,"estimated","","",1572,0.992268392990782,FALSE
"reverse|GCST90671765","ed_2025_eur_reverse_exposure","GCST90671765","Gut microbiome order abundance (Saccharimonadales)","taxon:saccharimonadales","primary","GCST90671765","EUR","reverse_sensitivity","microbiome_trait_units_per_standardized_ED_exposure",17,"estimable","reverse",TRUE,TRUE,"mr_ivw_mre",17,0.201996342906722,0.254821971751829,-0.297445544196346,0.70143823000979,0.427954995239127,"estimated","","",1572,0.992268392990782,FALSE
"reverse|GCST90671799","ed_2025_eur_reverse_exposure","GCST90671799","Gut microbiome class abundance (Saccharimonadia)","taxon:saccharimonadia","primary","GCST90671799","EUR","reverse_sensitivity","microbiome_trait_units_per_standardized_ED_exposure",17,"estimable","reverse",TRUE,TRUE,"mr_ivw_mre",17,0.201996342906722,0.254821971751829,-0.297445544196346,0.70143823000979,0.427954995239127,"estimated","","",1572,0.992268392990782,FALSE
"reverse|GCST90671278","ed_2025_eur_reverse_exposure","GCST90671278","Gut microbiome species presence (Avispirillum sp018370615, GCA_018370615.1)","taxon:avispirillum sp018370615","primary","GCST90671278","EUR","reverse_sensitivity","microbiome_trait_units_per_standardized_ED_exposure",15,"estimable","reverse",TRUE,TRUE,"mr_ivw_mre",15,0.98437084701181,1.24204325534238,-1.44998920070015,3.41873089472377,0.4280449932558,"estimated","","",1572,0.992268392990782,FALSE
"reverse|GCST90671715","ed_2025_eur_reverse_exposure","GCST90671715","Gut microbiome family presence (UBA1255)","taxon:uba1255","primary","GCST90671715","EUR","reverse_sensitivity","microbiome_trait_units_per_standardized_ED_exposure",15,"estimable","reverse",TRUE,TRUE,"mr_ivw_mre",15,-0.51502773438298,0.649999914141829,-1.78900415605509,0.758948687289132,0.428156353778745,"estimated","","",1572,0.992268392990782,FALSE
"reverse|GCST90670753","ed_2025_eur_reverse_exposure","GCST90670753","Gut microbiome species presence (Bacteroides sp902362375, GCA_902362375.1)","taxon:bacteroides sp902362375","primary","GCST90670753","EUR","reverse_sensitivity","microbiome_trait_units_per_standardized_ED_exposure",15,"estimable","reverse",TRUE,TRUE,"mr_ivw_mre",15,0.869395672580985,1.09848129102319,-1.28358809551553,3.0223794406775,0.428680032682915,"estimated","","",1572,0.992268392990782,FALSE
"reverse|GCST90671073","ed_2025_eur_reverse_exposure","GCST90671073","Gut microbiome species presence (Howiella intestinavium, GCA_904420585.1)","taxon:howiella intestinavium","primary","GCST90671073","EUR","reverse_sensitivity","microbiome_trait_units_per_standardized_ED_exposure",15,"estimable","reverse",TRUE,TRUE,"mr_ivw_mre",15,0.845743786025582,1.07153989378271,-1.2544358137864,2.94592338583757,0.429949039371805,"estimated","","",1572,0.992268392990782,FALSE
"reverse|GCST90670689","ed_2025_eur_reverse_exposure","GCST90670689","Gut microbiome species presence (Butyribacter sp000436755, GCA_000436755.1)","taxon:butyribacter sp000436755","primary","GCST90670689","EUR","reverse_sensitivity","microbiome_trait_units_per_standardized_ED_exposure",15,"estimable","reverse",TRUE,TRUE,"mr_ivw_mre",15,0.577849749340565,0.736004408189482,-0.864692383173535,2.02039188185467,0.43238483277895,"estimated","","",1572,0.992268392990782,FALSE
"reverse|GCST90670715","ed_2025_eur_reverse_exposure","GCST90670715","Gut microbiome species presence (Parabacteroides johnsonii, GCA_025151045.1)","taxon:parabacteroides johnsonii","primary","GCST90670715","EUR","reverse_sensitivity","microbiome_trait_units_per_standardized_ED_exposure",15,"estimable","reverse",TRUE,TRUE,"mr_ivw_mre",15,0.639314299343582,0.815234707317471,-0.958516365945713,2.23714496463288,0.432917553599508,"estimated","","",1572,0.992268392990782,FALSE
"reverse|GCST90670467","ed_2025_eur_reverse_exposure","GCST90670467","Gut microbiome species abundance (Faecousia sp003525905, GCA_003525905.1)","taxon:faecousia sp003525905","primary","GCST90670467","EUR","reverse_sensitivity","microbiome_trait_units_per_standardized_ED_exposure",17,"estimable","reverse",TRUE,TRUE,"mr_ivw_mre",17,-0.210931130181457,0.269314466512811,-0.738777785062185,0.31691552469927,0.433500867228232,"estimated","","",1572,0.992268392990782,FALSE
"reverse|GCST90671401","ed_2025_eur_reverse_exposure","GCST90671401","Gut microbiome genus presence (UMGS1312)","taxon:umgs1312","primary","GCST90671401","EUR","reverse_sensitivity","microbiome_trait_units_per_standardized_ED_exposure",15,"estimable","reverse",TRUE,TRUE,"mr_ivw_mre",15,0.487092878543607,0.623360298751964,-0.734670856402369,1.70885661348958,0.434568081261646,"estimated","","",1572,0.992268392990782,FALSE
"reverse|GCST90670929","ed_2025_eur_reverse_exposure","GCST90670929","Gut microbiome species presence (HGM13006 sp900757695, GCA_900757695.1)","taxon:hgm13006 sp900757695","primary","GCST90670929","EUR","reverse_sensitivity","microbiome_trait_units_per_standardized_ED_exposure",15,"estimable","reverse",TRUE,TRUE,"mr_ivw_mre",15,-0.476448755030541,0.60998263089073,-1.67199274277136,0.719095232710277,0.434752048681694,"estimated","","",1572,0.992268392990782,FALSE
"reverse|GCST90670785","ed_2025_eur_reverse_exposure","GCST90670785","Gut microbiome species presence (UMGS172 sp900539855, GCA_900539855.1)","taxon:umgs172 sp900539855","primary","GCST90670785","EUR","reverse_sensitivity","microbiome_trait_units_per_standardized_ED_exposure",15,"estimable","reverse",TRUE,TRUE,"mr_ivw_mre",15,-0.838057414784647,1.07359811152976,-2.94227104725319,1.2661562176839,0.435034104325804,"estimated","","",1572,0.992268392990782,FALSE
"reverse|GCST90670976","ed_2025_eur_reverse_exposure","GCST90670976","Gut microbiome species presence (Egerieimonas sp900552095, GCA_900552095.1)","taxon:egerieimonas sp900552095","primary","GCST90670976","EUR","reverse_sensitivity","microbiome_trait_units_per_standardized_ED_exposure",15,"estimable","reverse",TRUE,TRUE,"mr_ivw_mre",15,-0.746901137073951,0.957669084969466,-2.62389805272153,1.13009577857363,0.435440507509443,"estimated","","",1572,0.992268392990782,FALSE
"reverse|GCST90671122","ed_2025_eur_reverse_exposure","GCST90671122","Gut microbiome species abundance (Pullichristensenella hMGS.05548, )","taxon:pullichristensenella hmgs.05548,","primary","GCST90671122","EUR","reverse_sensitivity","microbiome_trait_units_per_standardized_ED_exposure",17,"estimable","reverse",TRUE,TRUE,"mr_ivw_mre",17,-0.162447151571186,0.208331564612908,-0.570769515055365,0.245875211912993,0.435536306748947,"estimated","","",1572,0.992268392990782,FALSE
"reverse|GCST90670670","ed_2025_eur_reverse_exposure","GCST90670670","Gut microbiome species presence (Ruminococcus sp900540005, GCA_900540005.1)","taxon:ruminococcus sp900540005","primary","GCST90670670","EUR","reverse_sensitivity","microbiome_trait_units_per_standardized_ED_exposure",15,"estimable","reverse",TRUE,TRUE,"mr_ivw_mre",15,-0.644189489062301,0.826415230050004,-2.26393357623569,0.97555459811109,0.435686080330912,"estimated","","",1572,0.992268392990782,FALSE
"reverse|GCST90671509","ed_2025_eur_reverse_exposure","GCST90671509","Gut microbiome genus presence (Butyricicoccus)","taxon:butyricicoccus","primary","GCST90671509","EUR","reverse_sensitivity","microbiome_trait_units_per_standardized_ED_exposure",15,"estimable","reverse",TRUE,TRUE,"mr_ivw_mre",15,0.421959801074839,0.541466427350652,-0.639294895370012,1.48321449751969,0.435808437514115,"estimated","","",1572,0.992268392990782,FALSE
"reverse|GCST90671213","ed_2025_eur_reverse_exposure","GCST90671213","Gut microbiome species presence (Lachnoclostridium B monacensis, GCF_014982975.1)","taxon:lachnoclostridium b monacensis","primary","GCST90671213","EUR","reverse_sensitivity","microbiome_trait_units_per_standardized_ED_exposure",15,"estimable","reverse",TRUE,TRUE,"mr_ivw_mre",15,0.766017456444875,0.984122895016452,-1.16282797414866,2.69486288703841,0.436347494614322,"estimated","","",1572,0.992268392990782,FALSE
"reverse|GCST90670571","ed_2025_eur_reverse_exposure","GCST90670571","Gut microbiome species abundance (Scatomorpha sp900545405, GCA_900545405.1)","taxon:scatomorpha sp900545405","primary","GCST90670571","EUR","reverse_sensitivity","microbiome_trait_units_per_standardized_ED_exposure",17,"estimable","reverse",TRUE,TRUE,"mr_ivw_mre",17,0.173556166483579,0.223041039267463,-0.263596237555033,0.61070857052219,0.436489094454821,"estimated","","",1572,0.992268392990782,FALSE
"reverse|GCST90670841","ed_2025_eur_reverse_exposure","GCST90670841","Gut microbiome species presence (Scatomorpha gallistercoris, GCA_900544765.1)","taxon:scatomorpha gallistercoris","primary","GCST90670841","EUR","reverse_sensitivity","microbiome_trait_units_per_standardized_ED_exposure",15,"estimable","reverse",TRUE,TRUE,"mr_ivw_mre",15,0.507770744058902,0.653455604376985,-0.772978706015842,1.78852019413365,0.437126502882357,"estimated","","",1572,0.992268392990782,FALSE
"reverse|GCST90671602","ed_2025_eur_reverse_exposure","GCST90671602","Gut microbiome genus presence (UBA7185)","taxon:uba7185","primary","GCST90671602","EUR","reverse_sensitivity","microbiome_trait_units_per_standardized_ED_exposure",15,"estimable","reverse",TRUE,TRUE,"mr_ivw_mre",15,0.443784736321576,0.573335426371203,-0.679932050426898,1.56750152307005,0.438906948563057,"estimated","","",1572,0.992268392990782,FALSE
"reverse|GCST90670773","ed_2025_eur_reverse_exposure","GCST90670773","Gut microbiome species presence (HGM13006 sp900756575, GCA_900756575.1)","taxon:hgm13006 sp900756575","primary","GCST90670773","EUR","reverse_sensitivity","microbiome_trait_units_per_standardized_ED_exposure",15,"estimable","reverse",TRUE,TRUE,"mr_ivw_mre",15,0.404071079749922,0.522032984564801,-0.619094768739041,1.42723692823889,0.438910911165191,"estimated","","",1572,0.992268392990782,FALSE
"reverse|GCST90671114","ed_2025_eur_reverse_exposure","GCST90671114","Gut microbiome species presence (Agathobaculum hMGS.05437, )","taxon:agathobaculum hmgs.05437,","primary","GCST90671114","EUR","reverse_sensitivity","microbiome_trait_units_per_standardized_ED_exposure",15,"estimable","reverse",TRUE,TRUE,"mr_ivw_mre",15,-0.802978124177835,1.037684143985,-2.83680167371671,1.23084542536104,0.439038736950264,"estimated","","",1572,0.992268392990782,FALSE
"reverse|GCST90670441","ed_2025_eur_reverse_exposure","GCST90670441","Gut microbiome species abundance (Ruthenibacterium lactatiformans, GCF_000949455.1)","taxon:ruthenibacterium lactatiformans","primary","GCST90670441","EUR","reverse_sensitivity","microbiome_trait_units_per_standardized_ED_exposure",17,"estimable","reverse",TRUE,TRUE,"mr_ivw_mre",17,-0.199066048443976,0.257480270137217,-0.703718104642565,0.305586007754612,0.439444696168489,"estimated","","",1572,0.992268392990782,FALSE
"reverse|GCST90671083","ed_2025_eur_reverse_exposure","GCST90671083","Gut microbiome species presence (Metalachnospira gallinarum, GCA_904378045.1)","taxon:metalachnospira gallinarum","primary","GCST90671083","EUR","reverse_sensitivity","microbiome_trait_units_per_standardized_ED_exposure",15,"estimable","reverse",TRUE,TRUE,"mr_ivw_mre",15,-0.879097927490879,1.13795991950211,-3.10945838556512,1.35126253058336,0.439805917909308,"estimated","","",1572,0.992268392990782,FALSE
"reverse|GCST90670509","ed_2025_eur_reverse_exposure","GCST90670509","Gut microbiome species presence (Dialister hominis, GCF_007164725.1)","taxon:dialister hominis","primary","GCST90670509","EUR","reverse_sensitivity","microbiome_trait_units_per_standardized_ED_exposure",15,"estimable","reverse",TRUE,TRUE,"mr_ivw_mre",15,-0.679658526632597,0.882209735052736,-2.40875783414658,1.04944078088139,0.44105986605402,"estimated","","",1572,0.992268392990782,FALSE
"reverse|GCST90670988","ed_2025_eur_reverse_exposure","GCST90670988","Gut microbiome species abundance (Gordonibacter pamelaeae, GCF_000210055.1)","taxon:gordonibacter pamelaeae","primary","GCST90670988","EUR","reverse_sensitivity","microbiome_trait_units_per_standardized_ED_exposure",17,"estimable","reverse",TRUE,TRUE,"mr_ivw_mre",17,0.227301597848156,0.295248478214203,-0.35137478594194,0.805977981638251,0.441379719900115,"estimated","","",1572,0.992268392990782,FALSE
"reverse|GCST90671312","ed_2025_eur_reverse_exposure","GCST90671312","Gut microbiome genus presence (Cryptobacteroides)","taxon:cryptobacteroides","primary","GCST90671312","EUR","reverse_sensitivity","microbiome_trait_units_per_standardized_ED_exposure",15,"estimable","reverse",TRUE,TRUE,"mr_ivw_mre",15,0.561581924995459,0.729911600758259,-0.869018524388707,1.99218237437963,0.441665694701485,"estimated","","",1572,0.992268392990782,FALSE
"reverse|GCST90671764","ed_2025_eur_reverse_exposure","GCST90671764","Gut microbiome order presence (Propionibacteriales)","taxon:propionibacteriales","primary","GCST90671764","EUR","reverse_sensitivity","microbiome_trait_units_per_standardized_ED_exposure",15,"estimable","reverse",TRUE,TRUE,"mr_ivw_mre",15,-0.42168013447558,0.549935106829086,-1.49953313769478,0.656172868743614,0.443211363567132,"estimated","","",1572,0.992268392990782,FALSE
"reverse|GCST90671931","ed_2025_eur_reverse_exposure","GCST90671931","Gut microbiome function abundance (S-Adenosylmethionine (SAM) synthesis, MGB036)","function:mgb036","primary","GCST90671931","EUR","reverse_sensitivity","microbiome_trait_units_per_standardized_ED_exposure",17,"estimable","reverse",TRUE,TRUE,"mr_ivw_mre",17,0.175320431874204,0.228688579056547,-0.272900946752268,0.623541810500676,0.443299175982051,"estimated","","",1572,0.992268392990782,FALSE
"reverse|GCST90670434","ed_2025_eur_reverse_exposure","GCST90670434","Gut microbiome species presence (Lachnospira sp000436475, GCA_000436475.1)","taxon:lachnospira sp000436475","primary","GCST90670434","EUR","reverse_sensitivity","microbiome_trait_units_per_standardized_ED_exposure",15,"estimable","reverse",TRUE,TRUE,"mr_ivw_mre",15,-0.56234596101079,0.733558170747599,-2.00009355624117,0.875401634219586,0.443319158751103,"estimated","","",1572,0.992268392990782,FALSE
"reverse|GCST90670791","ed_2025_eur_reverse_exposure","GCST90670791","Gut microbiome species presence (CAG-274 sp900545305, GCA_900545305.1)","taxon:cag-274 sp900545305","primary","GCST90670791","EUR","reverse_sensitivity","microbiome_trait_units_per_standardized_ED_exposure",15,"estimable","reverse",TRUE,TRUE,"mr_ivw_mre",15,0.598403452919723,0.780625556570999,-0.931594523370969,2.12840142921041,0.443337735992212,"estimated","","",1572,0.992268392990782,FALSE
"reverse|GCST90671675","ed_2025_eur_reverse_exposure","GCST90671675","Gut microbiome family presence (Enterococcaceae)","taxon:enterococcaceae","primary","GCST90671675","EUR","reverse_sensitivity","microbiome_trait_units_per_standardized_ED_exposure",15,"estimable","reverse",TRUE,TRUE,"mr_ivw_mre",15,-0.621150772053631,0.810468249391117,-2.20963935147345,0.967337807366185,0.443432530538881,"estimated","","",1572,0.992268392990782,FALSE
"reverse|GCST90671505","ed_2025_eur_reverse_exposure","GCST90671505","Gut microbiome genus presence (Monoglobus)","taxon:monoglobus","primary","GCST90671505","EUR","reverse_sensitivity","microbiome_trait_units_per_standardized_ED_exposure",15,"estimable","reverse",TRUE,TRUE,"mr_ivw_mre",15,-0.50328796153764,0.659551083675259,-1.79598433150551,0.78940840843023,0.445417747805873,"estimated","","",1572,0.992268392990782,FALSE
"reverse|GCST90670599","ed_2025_eur_reverse_exposure","GCST90670599","Gut microbiome species presence (Bacteroides eggerthii, GCA_025146565.1)","taxon:bacteroides eggerthii","primary","GCST90670599","EUR","reverse_sensitivity","microbiome_trait_units_per_standardized_ED_exposure",15,"estimable","reverse",TRUE,TRUE,"mr_ivw_mre",15,0.545357616868643,0.715396177105946,-0.856793124936649,1.94750835867393,0.445871706421712,"estimated","","",1572,0.992268392990782,FALSE
"reverse|GCST90671126","ed_2025_eur_reverse_exposure","GCST90671126","Gut microbiome species presence (Ventrimonas sp900555625, GCA_020686985.1)","taxon:ventrimonas sp900555625","primary","GCST90671126","EUR","reverse_sensitivity","microbiome_trait_units_per_standardized_ED_exposure",15,"estimable","reverse",TRUE,TRUE,"mr_ivw_mre",15,0.77096541632908,1.01139643717225,-1.21133517462066,2.75326600727882,0.445894005236109,"estimated","","",1572,0.992268392990782,FALSE
"reverse|GCST90670804","ed_2025_eur_reverse_exposure","GCST90670804","Gut microbiome species presence (UMGS621 sp900543915, GCA_900543915.1)","taxon:umgs621 sp900543915","primary","GCST90670804","EUR","reverse_sensitivity","microbiome_trait_units_per_standardized_ED_exposure",15,"estimable","reverse",TRUE,TRUE,"mr_ivw_mre",15,0.434414192026219,0.569960489640512,-0.682687840279999,1.55151622433244,0.445950794866323,"estimated","","",1572,0.992268392990782,FALSE
"reverse|GCST90671689","ed_2025_eur_reverse_exposure","GCST90671689","Gut microbiome family presence (Propionibacteriaceae)","taxon:propionibacteriaceae","primary","GCST90671689","EUR","reverse_sensitivity","microbiome_trait_units_per_standardized_ED_exposure",15,"estimable","reverse",TRUE,TRUE,"mr_ivw_mre",15,-0.418593631725307,0.549935106829086,-1.4964466349445,0.659259371493888,0.446556048699342,"estimated","","",1572,0.992268392990782,FALSE
"reverse|GCST90670627","ed_2025_eur_reverse_exposure","GCST90670627","Gut microbiome species presence (Nanogingivalis sp015257795, GCA_015257795.3)","taxon:nanogingivalis sp015257795","primary","GCST90670627","EUR","reverse_sensitivity","microbiome_trait_units_per_standardized_ED_exposure",15,"estimable","reverse",TRUE,TRUE,"mr_ivw_mre",15,0.611337209000839,0.803293833667283,-0.963089773990144,2.18576419199182,0.44663431372534,"estimated","","",1572,0.992268392990782,FALSE
"reverse|GCST90671445","ed_2025_eur_reverse_exposure","GCST90671445","Gut microbiome genus presence (UBA11452)","taxon:uba11452","primary","GCST90671445","EUR","reverse_sensitivity","microbiome_trait_units_per_standardized_ED_exposure",15,"estimable","reverse",TRUE,TRUE,"mr_ivw_mre",15,-0.521992847094162,0.689183331971591,-1.87276735650379,0.828781662315469,0.448805570772628,"estimated","","",1572,0.992268392990782,FALSE
"reverse|GCST90671150","ed_2025_eur_reverse_exposure","GCST90671150","Gut microbiome species abundance (Coprococcus A catus A, GCF_902381825.1)","taxon:coprococcus a catus a","primary","GCST90671150","EUR","reverse_sensitivity","microbiome_trait_units_per_standardized_ED_exposure",17,"estimable","reverse",TRUE,TRUE,"mr_ivw_mre",17,0.166794317224684,0.220321106520902,-0.265027116590296,0.598615751039665,0.449019299880381,"estimated","","",1572,0.992268392990782,FALSE
"reverse|GCST90671649","ed_2025_eur_reverse_exposure","GCST90671649","Gut microbiome genus presence (CALWSW01)","taxon:calwsw01","primary","GCST90671649","EUR","reverse_sensitivity","microbiome_trait_units_per_standardized_ED_exposure",15,"estimable","reverse",TRUE,TRUE,"mr_ivw_mre",15,-0.608522852767302,0.80519401601916,-2.18667412473202,0.969628419197418,0.449800980241743,"estimated","","",1572,0.992268392990782,FALSE
"reverse|GCST90671737","ed_2025_eur_reverse_exposure","GCST90671737","Gut microbiome family presence (CALWSW01)","taxon:calwsw01","primary","GCST90671737","EUR","reverse_sensitivity","microbiome_trait_units_per_standardized_ED_exposure",15,"estimable","reverse",TRUE,TRUE,"mr_ivw_mre",15,-0.608522852767302,0.80519401601916,-2.18667412473202,0.969628419197418,0.449800980241743,"estimated","","",1572,0.992268392990782,FALSE
"reverse|GCST90670951","ed_2025_eur_reverse_exposure","GCST90670951","Gut microbiome species presence (UBA644 sp014872655, GCA_014872655.1)","taxon:uba644 sp014872655","primary","GCST90670951","EUR","reverse_sensitivity","microbiome_trait_units_per_standardized_ED_exposure",15,"estimable","reverse",TRUE,TRUE,"mr_ivw_mre",15,-0.499230126376722,0.665392963893102,-1.80337637117356,0.804916118420118,0.453086905904606,"estimated","","",1572,0.992268392990782,FALSE
"reverse|GCST90671452","ed_2025_eur_reverse_exposure","GCST90671452","Gut microbiome genus presence (Victivallis)","taxon:victivallis","primary","GCST90671452","EUR","reverse_sensitivity","microbiome_trait_units_per_standardized_ED_exposure",15,"estimable","reverse",TRUE,TRUE,"mr_ivw_mre",15,0.390525112622744,0.522000262295443,-0.632576601396785,1.41362682664227,0.454380527693901,"estimated","","",1572,0.992268392990782,FALSE
"reverse|GCST90671436","ed_2025_eur_reverse_exposure","GCST90671436","Gut microbiome genus presence (Parolsenella)","taxon:parolsenella","primary","GCST90671436","EUR","reverse_sensitivity","microbiome_trait_units_per_standardized_ED_exposure",15,"estimable","reverse",TRUE,TRUE,"mr_ivw_mre",15,0.791025556543621,1.06178849507551,-1.29004165300337,2.87209276609061,0.456275632635548,"estimated","","",1572,0.992268392990782,FALSE
"reverse|GCST90671899","ed_2025_eur_reverse_exposure","GCST90671899","Gut microbiome function abundance (Acetyl-CoA to crotonyl-CoA, MF0087)","function:mf0087","primary","GCST90671899","EUR","reverse_sensitivity","microbiome_trait_units_per_standardized_ED_exposure",17,"estimable","reverse",TRUE,TRUE,"mr_ivw_mre",17,0.192453743655397,0.258813051193514,-0.314810515412812,0.699718002723605,0.457117664315468,"estimated","","",1572,0.992268392990782,FALSE
"reverse|GCST90670471","ed_2025_eur_reverse_exposure","GCST90670471","Gut microbiome species presence (Holdemanella biformis, GCF_000156655.1)","taxon:holdemanella biformis","primary","GCST90670471","EUR","reverse_sensitivity","microbiome_trait_units_per_standardized_ED_exposure",15,"estimable","reverse",TRUE,TRUE,"mr_ivw_mre",15,0.560215592989515,0.754185986773856,-0.917961778732042,2.03839296471107,0.457597763917534,"estimated","","",1572,0.992268392990782,FALSE
"reverse|GCST90670569","ed_2025_eur_reverse_exposure","GCST90670569","Gut microbiome species presence (CAG-1000 sp000434555, GCA_000434555.1)","taxon:cag-1000 sp000434555","primary","GCST90670569","EUR","reverse_sensitivity","microbiome_trait_units_per_standardized_ED_exposure",15,"estimable","reverse",TRUE,TRUE,"mr_ivw_mre",15,-0.661343011393041,0.893663765409038,-2.41289180588321,1.09020578309713,0.459278386127081,"estimated","","",1572,0.992268392990782,FALSE
"reverse|GCST90671206","ed_2025_eur_reverse_exposure","GCST90671206","Gut microbiome species presence (Merdisoma sp944383645, GCA_944383645.1)","taxon:merdisoma sp944383645","primary","GCST90671206","EUR","reverse_sensitivity","microbiome_trait_units_per_standardized_ED_exposure",15,"estimable","reverse",TRUE,TRUE,"mr_ivw_mre",15,0.630470070318034,0.852948511793525,-1.04127829346431,2.30221843410038,0.459806537883216,"estimated","","",1572,0.992268392990782,FALSE
"reverse|GCST90671293","ed_2025_eur_reverse_exposure","GCST90671293","Gut microbiome genus abundance (Bifidobacterium)","taxon:bifidobacterium","primary","GCST90671293","EUR","reverse_sensitivity","microbiome_trait_units_per_standardized_ED_exposure",17,"estimable","reverse",TRUE,TRUE,"mr_ivw_mre",17,0.163998762804961,0.221893960661345,-0.270905408478222,0.598902934088144,0.459854659805631,"estimated","","",1572,0.992268392990782,FALSE
"reverse|GCST90671601","ed_2025_eur_reverse_exposure","GCST90671601","Gut microbiome genus abundance (UMGS1623)","taxon:umgs1623","primary","GCST90671601","EUR","reverse_sensitivity","microbiome_trait_units_per_standardized_ED_exposure",17,"estimable","reverse",TRUE,TRUE,"mr_ivw_mre",17,0.17170706767933,0.233127963566725,-0.285215344700617,0.628629480059278,0.461404750224379,"estimated","","",1572,0.992268392990782,FALSE
"reverse|GCST90671235","ed_2025_eur_reverse_exposure","GCST90671235","Gut microbiome species presence (Dysosmobacter A sp014334055, GCF_014334055.1)","taxon:dysosmobacter a sp014334055","primary","GCST90671235","EUR","reverse_sensitivity","microbiome_trait_units_per_standardized_ED_exposure",15,"estimable","reverse",TRUE,TRUE,"mr_ivw_mre",15,0.408093014783998,0.556046948461233,-0.681738977913418,1.49792500748141,0.462998551009001,"estimated","","",1572,0.992268392990782,FALSE
"reverse|GCST90671458","ed_2025_eur_reverse_exposure","GCST90671458","Gut microbiome genus presence (QALW01)","taxon:qalw01","primary","GCST90671458","EUR","reverse_sensitivity","microbiome_trait_units_per_standardized_ED_exposure",15,"estimable","reverse",TRUE,TRUE,"mr_ivw_mre",15,0.383896080137159,0.52340770613484,-0.641964173117852,1.40975633339217,0.463280870004827,"estimated","","",1572,0.992268392990782,FALSE
"reverse|GCST90671193","ed_2025_eur_reverse_exposure","GCST90671193","Gut microbiome species presence (Lachnoclostridium A avicola, GCA_019114465.1)","taxon:lachnoclostridium a avicola","primary","GCST90671193","EUR","reverse_sensitivity","microbiome_trait_units_per_standardized_ED_exposure",15,"estimable","reverse",TRUE,TRUE,"mr_ivw_mre",15,0.54134574958561,0.739403472137316,-0.907858425847393,1.99054992501861,0.4640840364517,"estimated","","",1572,0.992268392990782,FALSE
"reverse|GCST90670756","ed_2025_eur_reverse_exposure","GCST90670756","Gut microbiome species abundance (Intestinibacter sp900540355, GCF_015667935.1)","taxon:intestinibacter sp900540355","primary","GCST90670756","EUR","reverse_sensitivity","microbiome_trait_units_per_standardized_ED_exposure",17,"estimable","reverse",TRUE,TRUE,"mr_ivw_mre",17,0.144901632243106,0.19796231938803,-0.243097384053449,0.53290064853966,0.464189489391257,"estimated","","",1572,0.992268392990782,FALSE
"reverse|GCST90671330","ed_2025_eur_reverse_exposure","GCST90671330","Gut microbiome genus abundance (Copromonas)","taxon:copromonas","primary","GCST90671330","EUR","reverse_sensitivity","microbiome_trait_units_per_standardized_ED_exposure",17,"estimable","reverse",TRUE,TRUE,"mr_ivw_mre",17,0.161471008923059,0.220679976963361,-0.271053798034256,0.593995815880374,0.464353163244224,"estimated","","",1572,0.992268392990782,FALSE
"reverse|GCST90670868","ed_2025_eur_reverse_exposure","GCST90670868","Gut microbiome species presence (Monoglobus pectinilyticus, GCF_002874775.1)","taxon:monoglobus pectinilyticus","primary","GCST90670868","EUR","reverse_sensitivity","microbiome_trait_units_per_standardized_ED_exposure",15,"estimable","reverse",TRUE,TRUE,"mr_ivw_mre",15,-0.479343446516914,0.656113715989001,-1.7653026996181,0.80661580658427,0.465035836270029,"estimated","","",1572,0.992268392990782,FALSE
"reverse|GCST90670871","ed_2025_eur_reverse_exposure","GCST90670871","Gut microbiome species presence (Varibaculum timonense A, GCA_900120415.1)","taxon:varibaculum timonense a","primary","GCST90670871","EUR","reverse_sensitivity","microbiome_trait_units_per_standardized_ED_exposure",15,"estimable","reverse",TRUE,TRUE,"mr_ivw_mre",15,0.827062397897751,1.13537849148258,-1.39823855422952,3.05236335002502,0.466340355949363,"estimated","","",1572,0.992268392990782,FALSE
"reverse|GCST90671291","ed_2025_eur_reverse_exposure","GCST90671291","Gut microbiome species presence (Blastocystis sp. subtype 4, )","taxon:blastocystis sp. subtype 4,","primary","GCST90671291","EUR","reverse_sensitivity","microbiome_trait_units_per_standardized_ED_exposure",15,"estimable","reverse",TRUE,TRUE,"mr_ivw_mre",15,0.687859624598359,0.946114880221721,-1.16649146587364,2.54221071507036,0.467203872581717,"estimated","","",1572,0.992268392990782,FALSE
"reverse|GCST90670582","ed_2025_eur_reverse_exposure","GCST90670582","Gut microbiome species presence (CAG-170 sp003516765, GCA_003516765.1)","taxon:cag-170 sp003516765","primary","GCST90670582","EUR","reverse_sensitivity","microbiome_trait_units_per_standardized_ED_exposure",15,"estimable","reverse",TRUE,TRUE,"mr_ivw_mre",15,0.421318004936658,0.580072188104275,-0.715602592181063,1.55823860205438,0.467642649617175,"estimated","","",1572,0.992268392990782,FALSE
"reverse|GCST90671826","ed_2025_eur_reverse_exposure","GCST90671826","Gut microbiome function abundance (Pectine degradation II, MF0004)","function:mf0004","primary","GCST90671826","EUR","reverse_sensitivity","microbiome_trait_units_per_standardized_ED_exposure",17,"estimable","reverse",TRUE,TRUE,"mr_ivw_mre",17,0.162956281332621,0.225088340869013,-0.27820876011052,0.604121322775762,0.469086675542125,"estimated","","",1572,0.992268392990782,FALSE
"reverse|GCST90670423","ed_2025_eur_reverse_exposure","GCST90670423","Gut microbiome species presence (Butyrivibrio A crossotus, GCA_025148445.1)","taxon:butyrivibrio a crossotus","primary","GCST90670423","EUR","reverse_sensitivity","microbiome_trait_units_per_standardized_ED_exposure",15,"estimable","reverse",TRUE,TRUE,"mr_ivw_mre",15,-0.72525433862539,1.00259019744409,-2.69029501686871,1.23978633961793,0.469446062138494,"estimated","","",1572,0.992268392990782,FALSE
"reverse|GCST90670458","ed_2025_eur_reverse_exposure","GCST90670458","Gut microbiome species presence (CAG-103 sp000432375, GCA_000432375.1)","taxon:cag-103 sp000432375","primary","GCST90670458","EUR","reverse_sensitivity","microbiome_trait_units_per_standardized_ED_exposure",15,"estimable","reverse",TRUE,TRUE,"mr_ivw_mre",15,0.371388834397953,0.51468479395779,-0.637374825149734,1.38015249394564,0.470549655318827,"estimated","","",1572,0.992268392990782,FALSE
"reverse|GCST90670850","ed_2025_eur_reverse_exposure","GCST90670850","Gut microbiome species presence (Blautia A schinkii, GCF_013304825.1)","taxon:blautia a schinkii","primary","GCST90670850","EUR","reverse_sensitivity","microbiome_trait_units_per_standardized_ED_exposure",15,"estimable","reverse",TRUE,TRUE,"mr_ivw_mre",15,0.570884407257564,0.792844735881499,-0.983062720402345,2.12483153491747,0.47149688604701,"estimated","","",1572,0.992268392990782,FALSE
"reverse|GCST90671535","ed_2025_eur_reverse_exposure","GCST90671535","Gut microbiome genus abundance (Muricomes)","taxon:muricomes","primary","GCST90671535","EUR","reverse_sensitivity","microbiome_trait_units_per_standardized_ED_exposure",17,"estimable","reverse",TRUE,TRUE,"mr_ivw_mre",17,0.164499039128791,0.229061259818276,-0.284452780368401,0.613450858625983,0.47266831490141,"estimated","","",1572,0.992268392990782,FALSE
"reverse|GCST90671548","ed_2025_eur_reverse_exposure","GCST90671548","Gut microbiome genus abundance (Avispirillum)","taxon:avispirillum","primary","GCST90671548","EUR","reverse_sensitivity","microbiome_trait_units_per_standardized_ED_exposure",17,"estimable","reverse",TRUE,TRUE,"mr_ivw_mre",17,0.147196592144754,0.205474750376872,-0.255526518326274,0.549919702615781,0.47376097560562,"estimated","","",1572,0.992268392990782,FALSE
"reverse|GCST90671835","ed_2025_eur_reverse_exposure","GCST90671835","Gut microbiome function abundance (Allose degradation, MF0013)","function:mf0013","primary","GCST90671835","EUR","reverse_sensitivity","microbiome_trait_units_per_standardized_ED_exposure",17,"estimable","reverse",TRUE,TRUE,"mr_ivw_mre",17,0.189965816109372,0.26681690294766,-0.332985704134559,0.712917336353304,0.476482922370829,"estimated","","",1572,0.992268392990782,FALSE
"reverse|GCST90671158","ed_2025_eur_reverse_exposure","GCST90671158","Gut microbiome species presence (Vescimonas sp900547745, GCA_900547745.1)","taxon:vescimonas sp900547745","primary","GCST90671158","EUR","reverse_sensitivity","microbiome_trait_units_per_standardized_ED_exposure",15,"estimable","reverse",TRUE,TRUE,"mr_ivw_mre",15,-0.472759645793622,0.66574145703987,-1.77758892460699,0.832069633019743,0.477626630497219,"estimated","","",1572,0.992268392990782,FALSE
"reverse|GCST90671049","ed_2025_eur_reverse_exposure","GCST90671049","Gut microbiome species abundance (CAJFUR01 sp904420575, GCA_904420575.1)","taxon:cajfur01 sp904420575","primary","GCST90671049","EUR","reverse_sensitivity","microbiome_trait_units_per_standardized_ED_exposure",17,"estimable","reverse",TRUE,TRUE,"mr_ivw_mre",17,-0.153731817930365,0.216639108935081,-0.578336669085973,0.270873033225242,0.477938744515363,"estimated","","",1572,0.992268392990782,FALSE
"reverse|GCST90671579","ed_2025_eur_reverse_exposure","GCST90671579","Gut microbiome genus abundance (CAJFUR01)","taxon:cajfur01","primary","GCST90671579","EUR","reverse_sensitivity","microbiome_trait_units_per_standardized_ED_exposure",17,"estimable","reverse",TRUE,TRUE,"mr_ivw_mre",17,-0.153731817930365,0.216639108935081,-0.578336669085973,0.270873033225242,0.477938744515363,"estimated","","",1572,0.992268392990782,FALSE
"reverse|GCST90671443","ed_2025_eur_reverse_exposure","GCST90671443","Gut microbiome genus abundance (Egerieenecus)","taxon:egerieenecus","primary","GCST90671443","EUR","reverse_sensitivity","microbiome_trait_units_per_standardized_ED_exposure",17,"estimable","reverse",TRUE,TRUE,"mr_ivw_mre",17,0.166763988771248,0.235019197351878,-0.293865173713945,0.627393151256441,0.477967088949661,"estimated","","",1572,0.992268392990782,FALSE
"reverse|GCST90671575","ed_2025_eur_reverse_exposure","GCST90671575","Gut microbiome genus presence (Aphodomonas)","taxon:aphodomonas","primary","GCST90671575","EUR","reverse_sensitivity","microbiome_trait_units_per_standardized_ED_exposure",15,"estimable","reverse",TRUE,TRUE,"mr_ivw_mre",15,-0.404101404940047,0.56964287566941,-1.52058092530192,0.712378115421823,0.478079828422229,"estimated","","",1572,0.992268392990782,FALSE
"reverse|GCST90671211","ed_2025_eur_reverse_exposure","GCST90671211","Gut microbiome species presence (Pseudoscilispira falkowii, GCA_904374485.1)","taxon:pseudoscilispira falkowii","primary","GCST90671211","EUR","reverse_sensitivity","microbiome_trait_units_per_standardized_ED_exposure",15,"estimable","reverse",TRUE,TRUE,"mr_ivw_mre",15,0.638200223979942,0.902877638801092,-1.13140743051676,2.40780787847664,0.479658896799029,"estimated","","",1572,0.992268392990782,FALSE
"reverse|GCST90670376","ed_2025_eur_reverse_exposure","GCST90670376","Gut microbiome species abundance (Agathobacter faecis, GCF_001406815.1)","taxon:agathobacter faecis","primary","GCST90670376","EUR","reverse_sensitivity","microbiome_trait_units_per_standardized_ED_exposure",17,"estimable","reverse",TRUE,TRUE,"mr_ivw_mre",17,0.155523983119136,0.220251155186062,-0.276160348598889,0.58720831483716,0.480112844807925,"estimated","","",1572,0.992268392990782,FALSE
"reverse|GCST90670921","ed_2025_eur_reverse_exposure","GCST90670921","Gut microbiome species presence (Butyricimonas faecalis, GCF_003991565.1)","taxon:butyricimonas faecalis","primary","GCST90670921","EUR","reverse_sensitivity","microbiome_trait_units_per_standardized_ED_exposure",15,"estimable","reverse",TRUE,TRUE,"mr_ivw_mre",15,0.490631713374231,0.695579003460696,-0.872678081810995,1.85394150855946,0.480587922821495,"estimated","","",1572,0.992268392990782,FALSE
"reverse|GCST90671676","ed_2025_eur_reverse_exposure","GCST90671676","Gut microbiome family presence (Megasphaeraceae)","taxon:megasphaeraceae","primary","GCST90671676","EUR","reverse_sensitivity","microbiome_trait_units_per_standardized_ED_exposure",15,"estimable","reverse",TRUE,TRUE,"mr_ivw_mre",15,-0.491202093197092,0.697466742237794,-1.85821178839765,0.875807602003466,0.481267153236484,"estimated","","",1572,0.992268392990782,FALSE
"reverse|GCST90671654","ed_2025_eur_reverse_exposure","GCST90671654","Gut microbiome family abundance (Ruminococcaceae)","taxon:ruminococcaceae","primary","GCST90671654","EUR","reverse_sensitivity","microbiome_trait_units_per_standardized_ED_exposure",17,"estimable","reverse",TRUE,TRUE,"mr_ivw_mre",17,0.158939746146731,0.225930753384133,-0.28387639348617,0.601755885779633,0.481751207373929,"estimated","","",1572,0.992268392990782,FALSE
"reverse|GCST90670720","ed_2025_eur_reverse_exposure","GCST90670720","Gut microbiome species presence (CAG-269 sp000437215, GCA_000437215.1)","taxon:cag-269 sp000437215","primary","GCST90670720","EUR","reverse_sensitivity","microbiome_trait_units_per_standardized_ED_exposure",15,"estimable","reverse",TRUE,TRUE,"mr_ivw_mre",15,0.4570842549289,0.650642963126609,-0.818152519593675,1.73232102945148,0.482360145354073,"estimated","","",1572,0.992268392990782,FALSE
"reverse|GCST90671629","ed_2025_eur_reverse_exposure","GCST90671629","Gut microbiome genus presence (Ligaoa)","taxon:ligaoa","primary","GCST90671629","EUR","reverse_sensitivity","microbiome_trait_units_per_standardized_ED_exposure",15,"estimable","reverse",TRUE,TRUE,"mr_ivw_mre",15,0.36321452593725,0.517352427641988,-0.650777599555411,1.37720665142991,0.482639238364593,"estimated","","",1572,0.992268392990782,FALSE
"reverse|GCST90671414","ed_2025_eur_reverse_exposure","GCST90671414","Gut microbiome genus presence (Sellimonas)","taxon:sellimonas","primary","GCST90671414","EUR","reverse_sensitivity","microbiome_trait_units_per_standardized_ED_exposure",15,"estimable","reverse",TRUE,TRUE,"mr_ivw_mre",15,0.382462705970687,0.545671635743071,-0.68703404747079,1.45195945941216,0.483363758600846,"estimated","","",1572,0.992268392990782,FALSE
"reverse|GCST90671712","ed_2025_eur_reverse_exposure","GCST90671712","Gut microbiome family presence (Victivallaceae)","taxon:victivallaceae","primary","GCST90671712","EUR","reverse_sensitivity","microbiome_trait_units_per_standardized_ED_exposure",15,"estimable","reverse",TRUE,TRUE,"mr_ivw_mre",15,0.365816507730223,0.522075452544428,-0.657432576469306,1.38906559192975,0.483492362580433,"estimated","","",1572,0.992268392990782,FALSE
"reverse|GCST90671486","ed_2025_eur_reverse_exposure","GCST90671486","Gut microbiome genus presence (HGM11501)","taxon:hgm11501","primary","GCST90671486","EUR","reverse_sensitivity","microbiome_trait_units_per_standardized_ED_exposure",15,"estimable","reverse",TRUE,TRUE,"mr_ivw_mre",15,0.492717466784385,0.703232749419396,-0.885593394826711,1.87102832839548,0.483523738277899,"estimated","","",1572,0.992268392990782,FALSE
"reverse|GCST90671718","ed_2025_eur_reverse_exposure","GCST90671718","Gut microbiome family presence (HGM11501)","taxon:hgm11501","primary","GCST90671718","EUR","reverse_sensitivity","microbiome_trait_units_per_standardized_ED_exposure",15,"estimable","reverse",TRUE,TRUE,"mr_ivw_mre",15,0.492717466784385,0.703232749419396,-0.885593394826711,1.87102832839548,0.483523738277899,"estimated","","",1572,0.992268392990782,FALSE
"reverse|GCST90671346","ed_2025_eur_reverse_exposure","GCST90671346","Gut microbiome genus abundance (Enterocloster)","taxon:enterocloster","primary","GCST90671346","EUR","reverse_sensitivity","microbiome_trait_units_per_standardized_ED_exposure",17,"estimable","reverse",TRUE,TRUE,"mr_ivw_mre",17,0.152705845532591,0.218484312376767,-0.275515537912872,0.580927228978053,0.484594047206659,"estimated","","",1572,0.992268392990782,FALSE
"reverse|GCST90670406","ed_2025_eur_reverse_exposure","GCST90670406","Gut microbiome species abundance (Lachnospira sp000437735, GCF_020564355.1)","taxon:lachnospira sp000437735","primary","GCST90670406","EUR","reverse_sensitivity","microbiome_trait_units_per_standardized_ED_exposure",17,"estimable","reverse",TRUE,TRUE,"mr_ivw_mre",17,0.167756058260954,0.240030255125416,-0.302694596984822,0.63820671350673,0.484617357953173,"estimated","","",1572,0.992268392990782,FALSE
"reverse|GCST90671653","ed_2025_eur_reverse_exposure","GCST90671653","Gut microbiome family abundance (Bifidobacteriaceae)","taxon:bifidobacteriaceae","primary","GCST90671653","EUR","reverse_sensitivity","microbiome_trait_units_per_standardized_ED_exposure",17,"estimable","reverse",TRUE,TRUE,"mr_ivw_mre",17,0.155132277182137,0.221983202429388,-0.279946804752328,0.590211359116602,0.484647702873853,"estimated","","",1572,0.992268392990782,FALSE
"reverse|GCST90671117","ed_2025_eur_reverse_exposure","GCST90671117","Gut microbiome species presence (RGIG7265 hMGS.05468, )","taxon:rgig7265 hmgs.05468,","primary","GCST90671117","EUR","reverse_sensitivity","microbiome_trait_units_per_standardized_ED_exposure",15,"estimable","reverse",TRUE,TRUE,"mr_ivw_mre",15,-0.483046432594075,0.691288817180383,-1.83794761718292,0.871854751994769,0.484700711256972,"estimated","","",1572,0.992268392990782,FALSE
"reverse|GCST90670489","ed_2025_eur_reverse_exposure","GCST90670489","Gut microbiome species presence (CAG-273 sp000435755, GCA_000435755.1)","taxon:cag-273 sp000435755","primary","GCST90670489","EUR","reverse_sensitivity","microbiome_trait_units_per_standardized_ED_exposure",15,"estimable","reverse",TRUE,TRUE,"mr_ivw_mre",15,0.541343901031262,0.7763182606484,-0.980211930380381,2.0628997324429,0.48560122336966,"estimated","","",1572,0.992268392990782,FALSE
"reverse|GCST90670807","ed_2025_eur_reverse_exposure","GCST90670807","Gut microbiome species abundance (Anaeromassilibacillus stercoravium, GCF_002159845.1)","taxon:anaeromassilibacillus stercoravium","primary","GCST90670807","EUR","reverse_sensitivity","microbiome_trait_units_per_standardized_ED_exposure",17,"estimable","reverse",TRUE,TRUE,"mr_ivw_mre",17,-0.152917335671365,0.219350711383284,-0.582836829965842,0.277002158623113,0.485717520747768,"estimated","","",1572,0.992268392990782,FALSE
"reverse|GCST90671010","ed_2025_eur_reverse_exposure","GCST90671010","Gut microbiome species presence (Oxalobacter sp900760095, GCA_900760095.1)","taxon:oxalobacter sp900760095","primary","GCST90671010","EUR","reverse_sensitivity","microbiome_trait_units_per_standardized_ED_exposure",15,"estimable","reverse",TRUE,TRUE,"mr_ivw_mre",15,0.43659475108175,0.626674059609117,-0.791663835797627,1.66485333796113,0.4859996146052,"estimated","","",1572,0.992268392990782,FALSE
"reverse|GCST90671504","ed_2025_eur_reverse_exposure","GCST90671504","Gut microbiome genus abundance (Merdisoma)","taxon:merdisoma","primary","GCST90671504","EUR","reverse_sensitivity","microbiome_trait_units_per_standardized_ED_exposure",17,"estimable","reverse",TRUE,TRUE,"mr_ivw_mre",17,0.170968312907771,0.245422733954374,-0.310051406630158,0.651988032445699,0.486035718540109,"estimated","","",1572,0.992268392990782,FALSE
"reverse|GCST90671778","ed_2025_eur_reverse_exposure","GCST90671778","Gut microbiome order presence (UBA1212)","taxon:uba1212","primary","GCST90671778","EUR","reverse_sensitivity","microbiome_trait_units_per_standardized_ED_exposure",15,"estimable","reverse",TRUE,TRUE,"mr_ivw_mre",15,-0.478600882600977,0.687282475821339,-1.82564978241632,0.868448017214369,0.486198981314825,"estimated","","",1572,0.992268392990782,FALSE
"reverse|GCST90671708","ed_2025_eur_reverse_exposure","GCST90671708","Gut microbiome family presence (Peptoniphilaceae)","taxon:peptoniphilaceae","primary","GCST90671708","EUR","reverse_sensitivity","microbiome_trait_units_per_standardized_ED_exposure",15,"estimable","reverse",TRUE,TRUE,"mr_ivw_mre",15,0.466281060279609,0.669779094070544,-0.846461841696521,1.77902396225574,0.486321486252236,"estimated","","",1572,0.992268392990782,FALSE
"reverse|GCST90671573","ed_2025_eur_reverse_exposure","GCST90671573","Gut microbiome genus abundance (Lentihominibacter)","taxon:lentihominibacter","primary","GCST90671573","EUR","reverse_sensitivity","microbiome_trait_units_per_standardized_ED_exposure",17,"estimable","reverse",TRUE,TRUE,"mr_ivw_mre",17,-0.158775933013801,0.228707795087551,-0.607034974368967,0.289483108341366,0.487537651505442,"estimated","","",1572,0.992268392990782,FALSE
"reverse|GCST90670490","ed_2025_eur_reverse_exposure","GCST90670490","Gut microbiome species presence (Faecalibacterium prausnitzii E, GCF_019967995.1)","taxon:faecalibacterium prausnitzii e","primary","GCST90670490","EUR","reverse_sensitivity","microbiome_trait_units_per_standardized_ED_exposure",15,"estimable","reverse",TRUE,TRUE,"mr_ivw_mre",15,0.403623024236249,0.58183013846661,-0.73674309227826,1.54398914075076,0.487862326658732,"estimated","","",1572,0.992268392990782,FALSE
"reverse|GCST90670887","ed_2025_eur_reverse_exposure","GCST90670887","Gut microbiome species presence (Fimivivens sp900113995, GCA_900113995.1)","taxon:fimivivens sp900113995","primary","GCST90670887","EUR","reverse_sensitivity","microbiome_trait_units_per_standardized_ED_exposure",15,"estimable","reverse",TRUE,TRUE,"mr_ivw_mre",15,0.489603655553546,0.707342287386372,-0.896761752465923,1.87596906357302,0.488828317358612,"estimated","","",1572,0.992268392990782,FALSE
"reverse|GCST90671159","ed_2025_eur_reverse_exposure","GCST90671159","Gut microbiome species presence (Butyribacter hominis, GCF_014384965.1)","taxon:butyribacter hominis","primary","GCST90671159","EUR","reverse_sensitivity","microbiome_trait_units_per_standardized_ED_exposure",15,"estimable","reverse",TRUE,TRUE,"mr_ivw_mre",15,-0.439540281581196,0.635719993226161,-1.68552857255652,0.806448009394127,0.4893107666797,"estimated","","",1572,0.992268392990782,FALSE
"reverse|GCST90671669","ed_2025_eur_reverse_exposure","GCST90671669","Gut microbiome family abundance (Butyricicoccaceae)","taxon:butyricicoccaceae","primary","GCST90671669","EUR","reverse_sensitivity","microbiome_trait_units_per_standardized_ED_exposure",17,"estimable","reverse",TRUE,TRUE,"mr_ivw_mre",17,0.175597715790828,0.254549966074168,-0.323311049980435,0.67450648156209,0.490297362855034,"estimated","","",1572,0.992268392990782,FALSE
"reverse|GCST90671046","ed_2025_eur_reverse_exposure","GCST90671046","Gut microbiome species presence (CAG-170 sp905214155, GCA_905214155.1)","taxon:cag-170 sp905214155","primary","GCST90671046","EUR","reverse_sensitivity","microbiome_trait_units_per_standardized_ED_exposure",15,"estimable","reverse",TRUE,TRUE,"mr_ivw_mre",15,0.4016468120848,0.583187414857412,-0.741379517272746,1.54467314144235,0.491005989600661,"estimated","","",1572,0.992268392990782,FALSE
"reverse|GCST90670572","ed_2025_eur_reverse_exposure","GCST90670572","Gut microbiome species abundance (Alistipes A ihumii, GCA_025144665.1)","taxon:alistipes a ihumii","primary","GCST90670572","EUR","reverse_sensitivity","microbiome_trait_units_per_standardized_ED_exposure",17,"estimable","reverse",TRUE,TRUE,"mr_ivw_mre",17,0.142344907458729,0.206908550820208,-0.263188400242254,0.547878215159712,0.491477664027835,"estimated","","",1572,0.992268392990782,FALSE
"reverse|GCST90671898","ed_2025_eur_reverse_exposure","GCST90671898","Gut microbiome function abundance (Acetyl-CoA to acetate, MF0086)","function:mf0086","primary","GCST90671898","EUR","reverse_sensitivity","microbiome_trait_units_per_standardized_ED_exposure",17,"estimable","reverse",TRUE,TRUE,"mr_ivw_mre",17,-0.179027552617977,0.260484212839136,-0.68956722832395,0.331512123087996,0.491901552071766,"estimated","","",1572,0.992268392990782,FALSE
"reverse|GCST90671680","ed_2025_eur_reverse_exposure","GCST90671680","Gut microbiome family presence (Selenomonadaceae)","taxon:selenomonadaceae","primary","GCST90671680","EUR","reverse_sensitivity","microbiome_trait_units_per_standardized_ED_exposure",15,"estimable","reverse",TRUE,TRUE,"mr_ivw_mre",15,-0.560058163159032,0.81722055985675,-2.16178102790392,1.04166470158586,0.493141574580075,"estimated","","",1572,0.992268392990782,FALSE
"reverse|GCST90670801","ed_2025_eur_reverse_exposure","GCST90670801","Gut microbiome species presence (UBA4285 sp900545225, GCA_900545225.1)","taxon:uba4285 sp900545225","primary","GCST90670801","EUR","reverse_sensitivity","microbiome_trait_units_per_standardized_ED_exposure",15,"estimable","reverse",TRUE,TRUE,"mr_ivw_mre",15,-0.42060941528737,0.613757374186587,-1.62355176393895,0.782332933364213,0.493153103520415,"estimated","","",1572,0.992268392990782,FALSE
"reverse|GCST90671152","ed_2025_eur_reverse_exposure","GCST90671152","Gut microbiome species presence (Vescimonas sp003539495, GCA_003539495.1)","taxon:vescimonas sp003539495","primary","GCST90671152","EUR","reverse_sensitivity","microbiome_trait_units_per_standardized_ED_exposure",15,"estimable","reverse",TRUE,TRUE,"mr_ivw_mre",15,0.41670607224385,0.608311366701068,-0.77556229787658,1.60897444236428,0.493330657519446,"estimated","","",1572,0.992268392990782,FALSE
"reverse|GCST90671919","ed_2025_eur_reverse_exposure","GCST90671919","Gut microbiome function abundance (Histamine degradation, MGB010)","function:mgb010","primary","GCST90671919","EUR","reverse_sensitivity","microbiome_trait_units_per_standardized_ED_exposure",17,"estimable","reverse",TRUE,TRUE,"mr_ivw_mre",17,0.155740660664691,0.227527850287047,-0.290205731377743,0.601687052707126,0.4936654621987,"estimated","","",1572,0.992268392990782,FALSE
"reverse|GCST90670412","ed_2025_eur_reverse_exposure","GCST90670412","Gut microbiome species abundance (Faecalibacterium prausnitzii D, GCF_023347255.1)","taxon:faecalibacterium prausnitzii d","primary","GCST90670412","EUR","reverse_sensitivity","microbiome_trait_units_per_standardized_ED_exposure",17,"estimable","reverse",TRUE,TRUE,"mr_ivw_mre",17,0.153878357147647,0.225197909378323,-0.287501434627582,0.595258148922875,0.494415538951872,"estimated","","",1572,0.992268392990782,FALSE
"reverse|GCST90670712","ed_2025_eur_reverse_exposure","GCST90670712","Gut microbiome species abundance (Enterocloster aldenensis, GCF_003434055.1)","taxon:enterocloster aldenensis","primary","GCST90670712","EUR","reverse_sensitivity","microbiome_trait_units_per_standardized_ED_exposure",17,"estimable","reverse",TRUE,TRUE,"mr_ivw_mre",17,-0.13395689942695,0.196127162763071,-0.518359074832594,0.250445275978693,0.49460024659417,"estimated","","",1572,0.992268392990782,FALSE
"reverse|GCST90671014","ed_2025_eur_reverse_exposure","GCST90671014","Gut microbiome species presence (Protoclostridium gallicola, GCA_904387375.1)","taxon:protoclostridium gallicola","primary","GCST90671014","EUR","reverse_sensitivity","microbiome_trait_units_per_standardized_ED_exposure",15,"estimable","reverse",TRUE,TRUE,"mr_ivw_mre",15,0.633978607932595,0.92921326327668,-1.18724592204663,2.45520313791182,0.495065330668137,"estimated","","",1572,0.992268392990782,FALSE
"reverse|GCST90670693","ed_2025_eur_reverse_exposure","GCST90670693","Gut microbiome species abundance (Evtepia gabavorous, GCF_003425665.1)","taxon:evtepia gabavorous","primary","GCST90670693","EUR","reverse_sensitivity","microbiome_trait_units_per_standardized_ED_exposure",17,"estimable","reverse",TRUE,TRUE,"mr_ivw_mre",17,-0.159445568194551,0.233920224580267,-0.617920783627395,0.299029647238294,0.495476927046599,"estimated","","",1572,0.992268392990782,FALSE
"reverse|GCST90670494","ed_2025_eur_reverse_exposure","GCST90670494","Gut microbiome species presence (Clostridium sp900540255, GCA_900540255.1)","taxon:clostridium sp900540255","primary","GCST90670494","EUR","reverse_sensitivity","microbiome_trait_units_per_standardized_ED_exposure",15,"estimable","reverse",TRUE,TRUE,"mr_ivw_mre",15,-0.361150167938533,0.532350078678902,-1.40453714931624,0.682236813439177,0.497513495636845,"estimated","","",1572,0.992268392990782,FALSE
"reverse|GCST90671349","ed_2025_eur_reverse_exposure","GCST90671349","Gut microbiome genus abundance (Flavonifractor)","taxon:flavonifractor","primary","GCST90671349","EUR","reverse_sensitivity","microbiome_trait_units_per_standardized_ED_exposure",17,"estimable","reverse",TRUE,TRUE,"mr_ivw_mre",17,0.151777829728543,0.224114753231607,-0.287479015009489,0.591034674466574,0.498258350928446,"estimated","","",1572,0.992268392990782,FALSE
"reverse|GCST90671370","ed_2025_eur_reverse_exposure","GCST90671370","Gut microbiome genus abundance (Negativibacillus)","taxon:negativibacillus","primary","GCST90671370","EUR","reverse_sensitivity","microbiome_trait_units_per_standardized_ED_exposure",17,"estimable","reverse",TRUE,TRUE,"mr_ivw_mre",17,-0.14551821238353,0.214886261372593,-0.566687545446272,0.275651120679212,0.498287227177778,"estimated","","",1572,0.992268392990782,FALSE
"reverse|GCST90671828","ed_2025_eur_reverse_exposure","GCST90671828","Gut microbiome function abundance (Lactose degradation, MF0006)","function:mf0006","primary","GCST90671828","EUR","reverse_sensitivity","microbiome_trait_units_per_standardized_ED_exposure",17,"estimable","reverse",TRUE,TRUE,"mr_ivw_mre",17,0.152960708174763,0.225911547291907,-0.289817788209092,0.595739204558618,0.498353743677999,"estimated","","",1572,0.992268392990782,FALSE
"reverse|GCST90671618","ed_2025_eur_reverse_exposure","GCST90671618","Gut microbiome genus presence (Pararoseburia)","taxon:pararoseburia","primary","GCST90671618","EUR","reverse_sensitivity","microbiome_trait_units_per_standardized_ED_exposure",15,"estimable","reverse",TRUE,TRUE,"mr_ivw_mre",15,0.394714422194922,0.583535011431322,-0.748993183928637,1.53842202831848,0.498774381878384,"estimated","","",1572,0.992268392990782,FALSE
"reverse|GCST90670890","ed_2025_eur_reverse_exposure","GCST90670890","Gut microbiome species presence (Pseudobutyricicoccus sp003477405, GCA_003477405.1)","taxon:pseudobutyricicoccus sp003477405","primary","GCST90670890","EUR","reverse_sensitivity","microbiome_trait_units_per_standardized_ED_exposure",15,"estimable","reverse",TRUE,TRUE,"mr_ivw_mre",15,-0.472565164867976,0.699121695495117,-1.84281850884898,0.897688179113031,0.499077971813441,"estimated","","",1572,0.992268392990782,FALSE
"reverse|GCST90670727","ed_2025_eur_reverse_exposure","GCST90670727","Gut microbiome species presence (UBA11512 sp003522145, GCA_003522145.1)","taxon:uba11512 sp003522145","primary","GCST90670727","EUR","reverse_sensitivity","microbiome_trait_units_per_standardized_ED_exposure",15,"estimable","reverse",TRUE,TRUE,"mr_ivw_mre",15,-0.652587818496652,0.967049701571131,-2.54797040483628,1.24279476784297,0.499787938227077,"estimated","","",1572,0.992268392990782,FALSE
"reverse|GCST90670407","ed_2025_eur_reverse_exposure","GCST90670407","Gut microbiome species presence (SFEL01 sp004557245, GCA_004557245.1)","taxon:sfel01 sp004557245","primary","GCST90670407","EUR","reverse_sensitivity","microbiome_trait_units_per_standardized_ED_exposure",15,"estimable","reverse",TRUE,TRUE,"mr_ivw_mre",15,0.357519566429419,0.530023819325827,-0.681308030397567,1.3963471632564,0.499971302383914,"estimated","","",1572,0.992268392990782,FALSE
"reverse|GCST90670863","ed_2025_eur_reverse_exposure","GCST90670863","Gut microbiome species presence (Limiplasma pullistercoris, GCA_900553905.1)","taxon:limiplasma pullistercoris","primary","GCST90670863","EUR","reverse_sensitivity","microbiome_trait_units_per_standardized_ED_exposure",15,"estimable","reverse",TRUE,TRUE,"mr_ivw_mre",15,-0.543487120504125,0.805746903094512,-2.12272203122405,1.0357477902158,0.499984939945727,"estimated","","",1572,0.992268392990782,FALSE
"reverse|GCST90671160","ed_2025_eur_reverse_exposure","GCST90671160","Gut microbiome species presence (Prevotella timonensis hMGS.05908, )","taxon:prevotella timonensis hmgs.05908,","primary","GCST90671160","EUR","reverse_sensitivity","microbiome_trait_units_per_standardized_ED_exposure",15,"estimable","reverse",TRUE,TRUE,"mr_ivw_mre",15,-0.782037391923745,1.16215022451829,-3.05980997660472,1.49573519275723,0.500996401343443,"estimated","","",1572,0.992268392990782,FALSE
"reverse|GCST90670703","ed_2025_eur_reverse_exposure","GCST90670703","Gut microbiome species presence (Oliverpabstia faecicola, GCF_004123145.1)","taxon:oliverpabstia faecicola","primary","GCST90670703","EUR","reverse_sensitivity","microbiome_trait_units_per_standardized_ED_exposure",15,"estimable","reverse",TRUE,TRUE,"mr_ivw_mre",15,-0.441944795428232,0.657775959966797,-1.73116198685941,0.84727239600295,0.501661755201994,"estimated","","",1572,0.992268392990782,FALSE
"reverse|GCST90671336","ed_2025_eur_reverse_exposure","GCST90671336","Gut microbiome genus abundance (Mediterraneibacter)","taxon:mediterraneibacter","primary","GCST90671336","EUR","reverse_sensitivity","microbiome_trait_units_per_standardized_ED_exposure",17,"estimable","reverse",TRUE,TRUE,"mr_ivw_mre",17,0.152520832737342,0.227658378085395,-0.293681389088836,0.598723054563519,0.502886577641439,"estimated","","",1572,0.992268392990782,FALSE
"reverse|GCST90670398","ed_2025_eur_reverse_exposure","GCST90670398","Gut microbiome species presence (PeH17 sp000435055, GCA_000435055.1)","taxon:peh17 sp000435055","primary","GCST90670398","EUR","reverse_sensitivity","microbiome_trait_units_per_standardized_ED_exposure",15,"estimable","reverse",TRUE,TRUE,"mr_ivw_mre",15,0.351963480820689,0.526042648157989,-0.679061163901045,1.38298812554242,0.503445822548041,"estimated","","",1572,0.992268392990782,FALSE
"reverse|GCST90670742","ed_2025_eur_reverse_exposure","GCST90670742","Gut microbiome species presence (Lawsonibacter sp000177015, GCF_008727735.1)","taxon:lawsonibacter sp000177015","primary","GCST90670742","EUR","reverse_sensitivity","microbiome_trait_units_per_standardized_ED_exposure",15,"estimable","reverse",TRUE,TRUE,"mr_ivw_mre",15,0.447448768318569,0.669424503306844,-0.864599148531459,1.7594966851686,0.503873118834731,"estimated","","",1572,0.992268392990782,FALSE
"reverse|GCST90671852","ed_2025_eur_reverse_exposure","GCST90671852","Gut microbiome function abundance (Glutamate degradation III, MF0032)","function:mf0032","primary","GCST90671852","EUR","reverse_sensitivity","microbiome_trait_units_per_standardized_ED_exposure",17,"estimable","reverse",TRUE,TRUE,"mr_ivw_mre",17,-0.149733713656124,0.224066920194983,-0.588896807365102,0.289429380052853,0.503971191941674,"estimated","","",1572,0.992268392990782,FALSE
"reverse|GCST90670685","ed_2025_eur_reverse_exposure","GCST90670685","Gut microbiome species presence (Eubacterium G sp000435815, GCF_003460505.1)","taxon:eubacterium g sp000435815","primary","GCST90670685","EUR","reverse_sensitivity","microbiome_trait_units_per_standardized_ED_exposure",15,"estimable","reverse",TRUE,TRUE,"mr_ivw_mre",15,-0.363552659955413,0.546082549845988,-1.43385479023935,0.706749470328523,0.505573013091747,"estimated","","",1572,0.992268392990782,FALSE
"reverse|GCST90671352","ed_2025_eur_reverse_exposure","GCST90671352","Gut microbiome genus presence (Corynebacterium)","taxon:corynebacterium","primary","GCST90671352","EUR","reverse_sensitivity","microbiome_trait_units_per_standardized_ED_exposure",15,"estimable","reverse",TRUE,TRUE,"mr_ivw_mre",15,-0.504208831049442,0.757803466678973,-1.98947633309983,0.981058671000944,0.50582303342689,"estimated","","",1572,0.992268392990782,FALSE
"reverse|GCST90671722","ed_2025_eur_reverse_exposure","GCST90671722","Gut microbiome family abundance (Christensenellaceae)","taxon:christensenellaceae","primary","GCST90671722","EUR","reverse_sensitivity","microbiome_trait_units_per_standardized_ED_exposure",17,"estimable","reverse",TRUE,TRUE,"mr_ivw_mre",17,0.148919730984936,0.223991443271807,-0.290095430672953,0.587934892642825,0.506149237546153,"estimated","","",1572,0.992268392990782,FALSE
"reverse|GCST90671686","ed_2025_eur_reverse_exposure","GCST90671686","Gut microbiome family abundance (Actinomycetaceae)","taxon:actinomycetaceae","primary","GCST90671686","EUR","reverse_sensitivity","microbiome_trait_units_per_standardized_ED_exposure",17,"estimable","reverse",TRUE,TRUE,"mr_ivw_mre",17,-0.148207489500985,0.223470823798196,-0.586202255740946,0.289787276738976,0.507197774393437,"estimated","","",1572,0.992268392990782,FALSE
"reverse|GCST90671005","ed_2025_eur_reverse_exposure","GCST90671005","Gut microbiome species abundance (Mediterraneibacter A butyricigenes, GCF_003574295.1)","taxon:mediterraneibacter a butyricigenes","primary","GCST90671005","EUR","reverse_sensitivity","microbiome_trait_units_per_standardized_ED_exposure",17,"estimable","reverse",TRUE,TRUE,"mr_ivw_mre",17,-0.201710648497214,0.304479849730976,-0.798480187988095,0.395058890993666,0.50766609405161,"estimated","","",1572,0.992268392990782,FALSE
"reverse|GCST90670499","ed_2025_eur_reverse_exposure","GCST90670499","Gut microbiome species presence (Prevotella bivia, GCF_000262545.1)","taxon:prevotella bivia","primary","GCST90670499","EUR","reverse_sensitivity","microbiome_trait_units_per_standardized_ED_exposure",15,"estimable","reverse",TRUE,TRUE,"mr_ivw_mre",15,0.791106245573434,1.19512492523721,-1.55129556491762,3.13350805606448,0.508006858474124,"estimated","","",1572,0.992268392990782,FALSE
"reverse|GCST90670624","ed_2025_eur_reverse_exposure","GCST90670624","Gut microbiome species presence (UMGS1312 sp900550625, GCA_900550625.1)","taxon:umgs1312 sp900550625","primary","GCST90670624","EUR","reverse_sensitivity","microbiome_trait_units_per_standardized_ED_exposure",15,"estimable","reverse",TRUE,TRUE,"mr_ivw_mre",15,0.395718428610101,0.598207105980878,-0.776745954408354,1.56818281162856,0.508286969186946,"estimated","","",1572,0.992268392990782,FALSE
"reverse|GCST90671035","ed_2025_eur_reverse_exposure","GCST90671035","Gut microbiome species presence (1XD42-69 sp014287635, GCF_014287635.1)","taxon:1xd42-69 sp014287635","primary","GCST90671035","EUR","reverse_sensitivity","microbiome_trait_units_per_standardized_ED_exposure",15,"estimable","reverse",TRUE,TRUE,"mr_ivw_mre",15,-0.372887688023251,0.565202754697302,-1.48066473119279,0.734889355146288,0.509419758656053,"estimated","","",1572,0.992268392990782,FALSE
"reverse|GCST90670820","ed_2025_eur_reverse_exposure","GCST90670820","Gut microbiome species presence (Blautia A sp003477525, GCF_003477525.1)","taxon:blautia a sp003477525","primary","GCST90670820","EUR","reverse_sensitivity","microbiome_trait_units_per_standardized_ED_exposure",15,"estimable","reverse",TRUE,TRUE,"mr_ivw_mre",15,-0.388371287691704,0.588773804379469,-1.54234673931609,0.765604163932687,0.509493016682235,"estimated","","",1572,0.992268392990782,FALSE
"reverse|GCST90670744","ed_2025_eur_reverse_exposure","GCST90670744","Gut microbiome species presence (Scatomorpha pullicola, GCA_900543085.1)","taxon:scatomorpha pullicola","primary","GCST90670744","EUR","reverse_sensitivity","microbiome_trait_units_per_standardized_ED_exposure",15,"estimable","reverse",TRUE,TRUE,"mr_ivw_mre",15,0.603125823955753,0.914635525645109,-1.18952686528952,2.39577851320103,0.509628302563638,"estimated","","",1572,0.992268392990782,FALSE
"reverse|GCST90670659","ed_2025_eur_reverse_exposure","GCST90670659","Gut microbiome species presence (Holdemanella sp900556915, GCF_024460475.1)","taxon:holdemanella sp900556915","primary","GCST90670659","EUR","reverse_sensitivity","microbiome_trait_units_per_standardized_ED_exposure",15,"estimable","reverse",TRUE,TRUE,"mr_ivw_mre",15,0.461815292575211,0.700590736661179,-0.911317319183085,1.83494790433351,0.509780288436667,"estimated","","",1572,0.992268392990782,FALSE
"reverse|GCST90670939","ed_2025_eur_reverse_exposure","GCST90670939","Gut microbiome species abundance (Merdisoma faecalis, GCF_002160765.1)","taxon:merdisoma faecalis","primary","GCST90670939","EUR","reverse_sensitivity","microbiome_trait_units_per_standardized_ED_exposure",17,"estimable","reverse",TRUE,TRUE,"mr_ivw_mre",17,0.130773750568528,0.198441212702363,-0.258163879376556,0.519711380513613,0.509892560526302,"estimated","","",1572,0.992268392990782,FALSE
"reverse|GCST90671480","ed_2025_eur_reverse_exposure","GCST90671480","Gut microbiome genus presence (Allisonella)","taxon:allisonella","primary","GCST90671480","EUR","reverse_sensitivity","microbiome_trait_units_per_standardized_ED_exposure",15,"estimable","reverse",TRUE,TRUE,"mr_ivw_mre",15,0.405236157238508,0.615351737127046,-0.800831085354661,1.61130339983168,0.510188672256853,"estimated","","",1572,0.992268392990782,FALSE
"reverse|GCST90670574","ed_2025_eur_reverse_exposure","GCST90670574","Gut microbiome species presence (Eubacterium R sp003526845, GCA_003526845.1)","taxon:eubacterium r sp003526845","primary","GCST90670574","EUR","reverse_sensitivity","microbiome_trait_units_per_standardized_ED_exposure",15,"estimable","reverse",TRUE,TRUE,"mr_ivw_mre",15,0.590394475862551,0.896720847414405,-1.16714608925592,2.34793504098102,0.510285813511934,"estimated","","",1572,0.992268392990782,FALSE
"reverse|GCST90671285","ed_2025_eur_reverse_exposure","GCST90671285","Gut microbiome species presence (Lentihominibacter sp905193765, GCA_905193765.1)","taxon:lentihominibacter sp905193765","primary","GCST90671285","EUR","reverse_sensitivity","microbiome_trait_units_per_standardized_ED_exposure",15,"estimable","reverse",TRUE,TRUE,"mr_ivw_mre",15,-0.342746520933456,0.520827248418794,-1.36354917000139,0.678056128134476,0.510486078540083,"estimated","","",1572,0.992268392990782,FALSE
"reverse|GCST90671282","ed_2025_eur_reverse_exposure","GCST90671282","Gut microbiome species presence (HGM11808 sp900757025, GCA_900757025.1)","taxon:hgm11808 sp900757025","primary","GCST90671282","EUR","reverse_sensitivity","microbiome_trait_units_per_standardized_ED_exposure",15,"estimable","reverse",TRUE,TRUE,"mr_ivw_mre",15,0.415504997441061,0.631893984546978,-0.822984454318524,1.65399444920065,0.510824170880851,"estimated","","",1572,0.992268392990782,FALSE
"reverse|GCST90670663","ed_2025_eur_reverse_exposure","GCST90670663","Gut microbiome species presence (Faecalibacterium prausnitzii, GCF_003324185.1)","taxon:faecalibacterium prausnitzii","primary","GCST90670663","EUR","reverse_sensitivity","microbiome_trait_units_per_standardized_ED_exposure",15,"estimable","reverse",TRUE,TRUE,"mr_ivw_mre",15,-0.364456572026767,0.55590532684343,-1.45401099145386,0.725097847400322,0.512075690881271,"estimated","","",1572,0.992268392990782,FALSE
"reverse|GCST90671321","ed_2025_eur_reverse_exposure","GCST90671321","Gut microbiome genus presence (Holdemanella)","taxon:holdemanella","primary","GCST90671321","EUR","reverse_sensitivity","microbiome_trait_units_per_standardized_ED_exposure",15,"estimable","reverse",TRUE,TRUE,"mr_ivw_mre",15,0.356973154283423,0.544624591965056,-0.71047143106291,1.42441773962976,0.512179291044561,"estimated","","",1572,0.992268392990782,FALSE
"reverse|GCST90671307","ed_2025_eur_reverse_exposure","GCST90671307","Gut microbiome genus presence (PeH17)","taxon:peh17","primary","GCST90671307","EUR","reverse_sensitivity","microbiome_trait_units_per_standardized_ED_exposure",15,"estimable","reverse",TRUE,TRUE,"mr_ivw_mre",15,0.353735588343665,0.540098339282941,-0.704837704760793,1.41230888144812,0.512502115056206,"estimated","","",1572,0.992268392990782,FALSE
"reverse|GCST90671391","ed_2025_eur_reverse_exposure","GCST90671391","Gut microbiome genus abundance (Blautia)","taxon:blautia","primary","GCST90671391","EUR","reverse_sensitivity","microbiome_trait_units_per_standardized_ED_exposure",17,"estimable","reverse",TRUE,TRUE,"mr_ivw_mre",17,-0.129937493592566,0.198771956752047,-0.519523369963131,0.259648382777999,0.513304242667447,"estimated","","",1572,0.992268392990782,FALSE
"reverse|GCST90671250","ed_2025_eur_reverse_exposure","GCST90671250","Gut microbiome species presence (Acutalibacter sp905215055, GCA_905215055.1)","taxon:acutalibacter sp905215055","primary","GCST90671250","EUR","reverse_sensitivity","microbiome_trait_units_per_standardized_ED_exposure",15,"estimable","reverse",TRUE,TRUE,"mr_ivw_mre",15,-0.503688566877817,0.771812206400219,-2.01641269425064,1.00903556049501,0.514010909584657,"estimated","","",1572,0.992268392990782,FALSE
"reverse|GCST90671584","ed_2025_eur_reverse_exposure","GCST90671584","Gut microbiome genus presence (Gallacutalibacter)","taxon:gallacutalibacter","primary","GCST90671584","EUR","reverse_sensitivity","microbiome_trait_units_per_standardized_ED_exposure",15,"estimable","reverse",TRUE,TRUE,"mr_ivw_mre",15,-0.338994932183295,0.521126462702173,-1.36038403047031,0.68239416610372,0.515366615106514,"estimated","","",1572,0.992268392990782,FALSE
"reverse|GCST90670649","ed_2025_eur_reverse_exposure","GCST90670649","Gut microbiome species presence (Woodwardibium sp900760275, GCA_900760275.1)","taxon:woodwardibium sp900760275","primary","GCST90670649","EUR","reverse_sensitivity","microbiome_trait_units_per_standardized_ED_exposure",15,"estimable","reverse",TRUE,TRUE,"mr_ivw_mre",15,0.345854327434466,0.532786018712537,-0.69838708070859,1.39009573557752,0.516245934745785,"estimated","","",1572,0.992268392990782,FALSE
"reverse|GCST90670514","ed_2025_eur_reverse_exposure","GCST90670514","Gut microbiome species abundance (Bacteroides xylanisolvens, GCF_000210075.1)","taxon:bacteroides xylanisolvens","primary","GCST90670514","EUR","reverse_sensitivity","microbiome_trait_units_per_standardized_ED_exposure",17,"estimable","reverse",TRUE,TRUE,"mr_ivw_mre",17,0.139445302561686,0.215737871491165,-0.283393155662328,0.5622837607857,0.518043321911952,"estimated","","",1572,0.992268392990782,FALSE
"reverse|GCST90670932","ed_2025_eur_reverse_exposure","GCST90670932","Gut microbiome species presence (Lactococcus cremoris, GCF_001591705.1)","taxon:lactococcus cremoris","primary","GCST90670932","EUR","reverse_sensitivity","microbiome_trait_units_per_standardized_ED_exposure",15,"estimable","reverse",TRUE,TRUE,"mr_ivw_mre",15,-0.415099724942372,0.643333750155732,-1.6760107052867,0.845811255401952,0.518776647715322,"estimated","","",1572,0.992268392990782,FALSE
"reverse|GCST90671074","ed_2025_eur_reverse_exposure","GCST90671074","Gut microbiome species abundance (JAGTTR01 sp018223385, GCA_018223385.1)","taxon:jagttr01 sp018223385","primary","GCST90671074","EUR","reverse_sensitivity","microbiome_trait_units_per_standardized_ED_exposure",17,"estimable","reverse",TRUE,TRUE,"mr_ivw_mre",17,-0.138518081639283,0.214876142095278,-0.559667581282939,0.282631418004373,0.519159525369926,"estimated","","",1572,0.992268392990782,FALSE
"reverse|GCST90671589","ed_2025_eur_reverse_exposure","GCST90671589","Gut microbiome genus abundance (JAGTTR01)","taxon:jagttr01","primary","GCST90671589","EUR","reverse_sensitivity","microbiome_trait_units_per_standardized_ED_exposure",17,"estimable","reverse",TRUE,TRUE,"mr_ivw_mre",17,-0.138518081639283,0.214876142095278,-0.559667581282939,0.282631418004373,0.519159525369926,"estimated","","",1572,0.992268392990782,FALSE
"reverse|GCST90671397","ed_2025_eur_reverse_exposure","GCST90671397","Gut microbiome genus presence (Merdicola)","taxon:merdicola","primary","GCST90671397","EUR","reverse_sensitivity","microbiome_trait_units_per_standardized_ED_exposure",15,"estimable","reverse",TRUE,TRUE,"mr_ivw_mre",15,0.389893230432114,0.605364658275062,-0.796599697300405,1.57638615816463,0.519534311527011,"estimated","","",1572,0.992268392990782,FALSE
"reverse|GCST90671582","ed_2025_eur_reverse_exposure","GCST90671582","Gut microbiome genus abundance (Christensenella)","taxon:christensenella","primary","GCST90671582","EUR","reverse_sensitivity","microbiome_trait_units_per_standardized_ED_exposure",17,"estimable","reverse",TRUE,TRUE,"mr_ivw_mre",17,0.145334369943226,0.225913794847824,-0.297448531569278,0.588117271455731,0.520017895832761,"estimated","","",1572,0.992268392990782,FALSE
"reverse|GCST90671141","ed_2025_eur_reverse_exposure","GCST90671141","Gut microbiome species presence (Vescimonas sp001916855, GCA_018228685.1)","taxon:vescimonas sp001916855","primary","GCST90671141","EUR","reverse_sensitivity","microbiome_trait_units_per_standardized_ED_exposure",15,"estimable","reverse",TRUE,TRUE,"mr_ivw_mre",15,0.370849735503175,0.577150295111987,-0.760344056582983,1.50204352758933,0.520514096355892,"estimated","","",1572,0.992268392990782,FALSE
"reverse|GCST90671333","ed_2025_eur_reverse_exposure","GCST90671333","Gut microbiome genus abundance (Ruthenibacterium)","taxon:ruthenibacterium","primary","GCST90671333","EUR","reverse_sensitivity","microbiome_trait_units_per_standardized_ED_exposure",17,"estimable","reverse",TRUE,TRUE,"mr_ivw_mre",17,-0.152965290018275,0.238721891515077,-0.620851599709103,0.314921019672553,0.521673586985084,"estimated","","",1572,0.992268392990782,FALSE
"reverse|GCST90670668","ed_2025_eur_reverse_exposure","GCST90670668","Gut microbiome species presence (Lactobacillus delbrueckii, GCF_001433875.1)","taxon:lactobacillus delbrueckii","primary","GCST90670668","EUR","reverse_sensitivity","microbiome_trait_units_per_standardized_ED_exposure",15,"estimable","reverse",TRUE,TRUE,"mr_ivw_mre",15,0.405005635581871,0.632506306869412,-0.834683945876616,1.64469521704036,0.521965405868747,"estimated","","",1572,0.992268392990782,FALSE
"reverse|GCST90670974","ed_2025_eur_reverse_exposure","GCST90670974","Gut microbiome species presence (Dysosmobacter sp900548505, GCA_900548505.1)","taxon:dysosmobacter sp900548505","primary","GCST90670974","EUR","reverse_sensitivity","microbiome_trait_units_per_standardized_ED_exposure",15,"estimable","reverse",TRUE,TRUE,"mr_ivw_mre",15,-0.598973901533102,0.935807421606979,-2.43312274434807,1.23517494128187,0.522132895705242,"estimated","","",1572,0.992268392990782,FALSE
"reverse|GCST90670484","ed_2025_eur_reverse_exposure","GCST90670484","Gut microbiome species abundance (KLE1615 sp900066985, GCA_003478935.1)","taxon:kle1615 sp900066985","primary","GCST90670484","EUR","reverse_sensitivity","microbiome_trait_units_per_standardized_ED_exposure",17,"estimable","reverse",TRUE,TRUE,"mr_ivw_mre",17,0.165237198546867,0.258275800377304,-0.340974068270904,0.671448465364639,0.522321913108833,"estimated","","",1572,0.992268392990782,FALSE
"reverse|GCST90670849","ed_2025_eur_reverse_exposure","GCST90670849","Gut microbiome species presence (Bariatricus comes A, GCF_013300725.1)","taxon:bariatricus comes a","primary","GCST90670849","EUR","reverse_sensitivity","microbiome_trait_units_per_standardized_ED_exposure",15,"estimable","reverse",TRUE,TRUE,"mr_ivw_mre",15,0.448960921742565,0.70388881365718,-0.930635802146133,1.82855764563126,0.523584792799874,"estimated","","",1572,0.992268392990782,FALSE
"reverse|GCST90670869","ed_2025_eur_reverse_exposure","GCST90670869","Gut microbiome species presence (Propionibacterium freudenreichii, GCF_000940845.1)","taxon:propionibacterium freudenreichii","primary","GCST90670869","EUR","reverse_sensitivity","microbiome_trait_units_per_standardized_ED_exposure",15,"estimable","reverse",TRUE,TRUE,"mr_ivw_mre",15,-0.475630544907803,0.746215349182642,-1.93818575401676,0.986924664201156,0.523870540693307,"estimated","","",1572,0.992268392990782,FALSE
"reverse|GCST90670875","ed_2025_eur_reverse_exposure","GCST90670875","Gut microbiome species presence (Blautia A luti, GCF_009707925.1)","taxon:blautia a luti","primary","GCST90670875","EUR","reverse_sensitivity","microbiome_trait_units_per_standardized_ED_exposure",15,"estimable","reverse",TRUE,TRUE,"mr_ivw_mre",15,0.346949558830364,0.544830385578206,-0.720898374585991,1.41479749224672,0.524253249698734,"estimated","","",1572,0.992268392990782,FALSE
"reverse|GCST90671144","ed_2025_eur_reverse_exposure","GCST90671144","Gut microbiome species presence (Holdemanella porci A, GCF_019052655.1)","taxon:holdemanella porci a","primary","GCST90671144","EUR","reverse_sensitivity","microbiome_trait_units_per_standardized_ED_exposure",15,"estimable","reverse",TRUE,TRUE,"mr_ivw_mre",15,0.58970129518992,0.926305596078092,-1.22582431180105,2.40522690218089,0.524374767260959,"estimated","","",1572,0.992268392990782,FALSE
"reverse|GCST90670394","ed_2025_eur_reverse_exposure","GCST90670394","Gut microbiome species abundance (Alistipes putredinis, GCF_000154465.1)","taxon:alistipes putredinis","primary","GCST90670394","EUR","reverse_sensitivity","microbiome_trait_units_per_standardized_ED_exposure",17,"estimable","reverse",TRUE,TRUE,"mr_ivw_mre",17,0.140869895459376,0.222180936028071,-0.29459673720704,0.576336528125793,0.52605972652456,"estimated","","",1572,0.992268392990782,FALSE
"reverse|GCST90670883","ed_2025_eur_reverse_exposure","GCST90670883","Gut microbiome species abundance (Enterocloster citroniae, GCF_000233455.1)","taxon:enterocloster citroniae","primary","GCST90670883","EUR","reverse_sensitivity","microbiome_trait_units_per_standardized_ED_exposure",17,"estimable","reverse",TRUE,TRUE,"mr_ivw_mre",17,0.135189975555506,0.213425861724641,-0.283117026794215,0.553496977905227,0.526454005120041,"estimated","","",1572,0.992268392990782,FALSE
"reverse|GCST90670957","ed_2025_eur_reverse_exposure","GCST90670957","Gut microbiome species presence (UMGS882 sp900546385, GCA_900546385.1)","taxon:umgs882 sp900546385","primary","GCST90670957","EUR","reverse_sensitivity","microbiome_trait_units_per_standardized_ED_exposure",15,"estimable","reverse",TRUE,TRUE,"mr_ivw_mre",15,-0.470048362244205,0.746435697594882,-1.9330354463052,0.992938721816795,0.528875274632855,"estimated","","",1572,0.992268392990782,FALSE
"reverse|GCST90671052","ed_2025_eur_reverse_exposure","GCST90671052","Gut microbiome species presence (Catenibacillus sp900553975, GCA_905199445.1)","taxon:catenibacillus sp900553975","primary","GCST90671052","EUR","reverse_sensitivity","microbiome_trait_units_per_standardized_ED_exposure",15,"estimable","reverse",TRUE,TRUE,"mr_ivw_mre",15,0.704031134546347,1.11867602070475,-1.48853357640354,2.89659584549623,0.52912440206958,"estimated","","",1572,0.992268392990782,FALSE
"reverse|GCST90671711","ed_2025_eur_reverse_exposure","GCST90671711","Gut microbiome family abundance (Monoglobaceae)","taxon:monoglobaceae","primary","GCST90671711","EUR","reverse_sensitivity","microbiome_trait_units_per_standardized_ED_exposure",17,"estimable","reverse",TRUE,TRUE,"mr_ivw_mre",17,0.160786266823667,0.255801181337384,-0.340574835800406,0.662147369447739,0.529637471086068,"estimated","","",1572,0.992268392990782,FALSE
"reverse|GCST90671775","ed_2025_eur_reverse_exposure","GCST90671775","Gut microbiome order abundance (Monoglobales)","taxon:monoglobales","primary","GCST90671775","EUR","reverse_sensitivity","microbiome_trait_units_per_standardized_ED_exposure",17,"estimable","reverse",TRUE,TRUE,"mr_ivw_mre",17,0.160786266823667,0.255801181337384,-0.340574835800406,0.662147369447739,0.529637471086068,"estimated","","",1572,0.992268392990782,FALSE
"reverse|GCST90670798","ed_2025_eur_reverse_exposure","GCST90670798","Gut microbiome species abundance (NSJ-51 sp900549795, GCF_014287895.1)","taxon:nsj-51 sp900549795","primary","GCST90670798","EUR","reverse_sensitivity","microbiome_trait_units_per_standardized_ED_exposure",17,"estimable","reverse",TRUE,TRUE,"mr_ivw_mre",17,0.138506669208368,0.221353991405235,-0.295339181780081,0.572352520196816,0.531495501643403,"estimated","","",1572,0.992268392990782,FALSE
"reverse|GCST90670431","ed_2025_eur_reverse_exposure","GCST90670431","Gut microbiome species abundance (Akkermansia muciniphila, GCF_000020225.1)","taxon:akkermansia muciniphila","primary","GCST90670431","EUR","reverse_sensitivity","microbiome_trait_units_per_standardized_ED_exposure",17,"estimable","reverse",TRUE,TRUE,"mr_ivw_mre",17,-0.12801868808486,0.204811136839142,-0.529441139922283,0.273403763752563,0.531933477536389,"estimated","","",1572,0.992268392990782,FALSE
"reverse|GCST90671855","ed_2025_eur_reverse_exposure","GCST90671855","Gut microbiome function abundance (Glycine degradation, MF0035)","function:mf0035","primary","GCST90671855","EUR","reverse_sensitivity","microbiome_trait_units_per_standardized_ED_exposure",17,"estimable","reverse",TRUE,TRUE,"mr_ivw_mre",17,-0.138671096003306,0.222361340650618,-0.574491315232558,0.297149123225947,0.532870919630619,"estimated","","",1572,0.992268392990782,FALSE
"reverse|GCST90670603","ed_2025_eur_reverse_exposure","GCST90670603","Gut microbiome species presence (UBA1394 sp900066845, GCA_902362965.1)","taxon:uba1394 sp900066845","primary","GCST90670603","EUR","reverse_sensitivity","microbiome_trait_units_per_standardized_ED_exposure",15,"estimable","reverse",TRUE,TRUE,"mr_ivw_mre",15,-0.401625751764745,0.647188013458231,-1.6700909493689,0.866839445839412,0.534882292450456,"estimated","","",1572,0.992268392990782,FALSE
"reverse|GCST90671116","ed_2025_eur_reverse_exposure","GCST90671116","Gut microbiome species presence (Lawsonibacter hMGS.05444, )","taxon:lawsonibacter hmgs.05444,","primary","GCST90671116","EUR","reverse_sensitivity","microbiome_trait_units_per_standardized_ED_exposure",15,"estimable","reverse",TRUE,TRUE,"mr_ivw_mre",15,0.585326603794069,0.943244664306643,-1.26339896685652,2.43405217444466,0.534898448446773,"estimated","","",1572,0.992268392990782,FALSE
"reverse|GCST90671441","ed_2025_eur_reverse_exposure","GCST90671441","Gut microbiome genus presence (Scardovia)","taxon:scardovia","primary","GCST90671441","EUR","reverse_sensitivity","microbiome_trait_units_per_standardized_ED_exposure",15,"estimable","reverse",TRUE,TRUE,"mr_ivw_mre",15,-0.382249922596063,0.616714274461065,-1.5909876892915,0.826487844099373,0.535378348618738,"estimated","","",1572,0.992268392990782,FALSE
"reverse|GCST90671555","ed_2025_eur_reverse_exposure","GCST90671555","Gut microbiome genus presence (Geddesella)","taxon:geddesella","primary","GCST90671555","EUR","reverse_sensitivity","microbiome_trait_units_per_standardized_ED_exposure",15,"estimable","reverse",TRUE,TRUE,"mr_ivw_mre",15,0.344081875651999,0.555308073493589,-0.744301948719757,1.43246570002376,0.535505758299402,"estimated","","",1572,0.992268392990782,FALSE
"reverse|GCST90670507","ed_2025_eur_reverse_exposure","GCST90670507","Gut microbiome species presence (Eubacterium F sp900539115, GCA_900539115.1)","taxon:eubacterium f sp900539115","primary","GCST90670507","EUR","reverse_sensitivity","microbiome_trait_units_per_standardized_ED_exposure",15,"estimable","reverse",TRUE,TRUE,"mr_ivw_mre",15,-0.320017438425606,0.517297827295686,-1.33390254920597,0.693867672354759,0.536158244188122,"estimated","","",1572,0.992268392990782,FALSE
"reverse|GCST90671315","ed_2025_eur_reverse_exposure","GCST90671315","Gut microbiome genus abundance (Faecalibacterium)","taxon:faecalibacterium","primary","GCST90671315","EUR","reverse_sensitivity","microbiome_trait_units_per_standardized_ED_exposure",17,"estimable","reverse",TRUE,TRUE,"mr_ivw_mre",17,0.15325744918552,0.247874790622505,-0.332568213109997,0.639083111481037,0.536386997930591,"estimated","","",1572,0.992268392990782,FALSE
"reverse|GCST90671888","ed_2025_eur_reverse_exposure","GCST90671888","Gut microbiome function abundance (Pyruvate:ferredoxin oxidoreductase, MF0073)","function:mf0073","primary","GCST90671888","EUR","reverse_sensitivity","microbiome_trait_units_per_standardized_ED_exposure",17,"estimable","reverse",TRUE,TRUE,"mr_ivw_mre",17,-0.140326089024605,0.227295689991256,-0.585817455248649,0.305165277199438,0.536989112563079,"estimated","","",1572,0.992268392990782,FALSE
"reverse|GCST90671598","ed_2025_eur_reverse_exposure","GCST90671598","Gut microbiome genus abundance (QANA01)","taxon:qana01","primary","GCST90671598","EUR","reverse_sensitivity","microbiome_trait_units_per_standardized_ED_exposure",17,"estimable","reverse",TRUE,TRUE,"mr_ivw_mre",17,0.128911187046435,0.208856622194293,-0.280440270387068,0.538262644479939,0.5370874067449,"estimated","","",1572,0.992268392990782,FALSE
"reverse|GCST90670920","ed_2025_eur_reverse_exposure","GCST90670920","Gut microbiome species presence (Blautia A hydrogenotrophica, GCF_000157975.1)","taxon:blautia a hydrogenotrophica","primary","GCST90670920","EUR","reverse_sensitivity","microbiome_trait_units_per_standardized_ED_exposure",15,"estimable","reverse",TRUE,TRUE,"mr_ivw_mre",15,0.335689691525164,0.5443465468348,-0.731209935379789,1.40258931843012,0.537443315288345,"estimated","","",1572,0.992268392990782,FALSE
"reverse|GCST90671165","ed_2025_eur_reverse_exposure","GCST90671165","Gut microbiome species presence (Parasutterella sp900552195, GCA_900552195.1)","taxon:parasutterella sp900552195","primary","GCST90671165","EUR","reverse_sensitivity","microbiome_trait_units_per_standardized_ED_exposure",15,"estimable","reverse",TRUE,TRUE,"mr_ivw_mre",15,-0.655041735344446,1.06250209564365,-2.73750757630432,1.42742410561543,0.537558863009442,"estimated","","",1572,0.992268392990782,FALSE
"reverse|GCST90670461","ed_2025_eur_reverse_exposure","GCST90670461","Gut microbiome species presence (Veillonella atypica, GCF_002959915.1)","taxon:veillonella atypica","primary","GCST90670461","EUR","reverse_sensitivity","microbiome_trait_units_per_standardized_ED_exposure",15,"estimable","reverse",TRUE,TRUE,"mr_ivw_mre",15,0.453834916689892,0.736703285090647,-0.99007698938012,1.8977468227599,0.537871502141722,"estimated","","",1572,0.992268392990782,FALSE
"reverse|GCST90670789","ed_2025_eur_reverse_exposure","GCST90670789","Gut microbiome species presence (Blautia coccoides, GCF_900461125.1)","taxon:blautia coccoides","primary","GCST90670789","EUR","reverse_sensitivity","microbiome_trait_units_per_standardized_ED_exposure",15,"estimable","reverse",TRUE,TRUE,"mr_ivw_mre",15,0.563310743367337,0.915301298214613,-1.23064683613606,2.35726832287073,0.538265832183125,"estimated","","",1572,0.992268392990782,FALSE
"reverse|GCST90670593","ed_2025_eur_reverse_exposure","GCST90670593","Gut microbiome species abundance (Dorea formicigenerans, GCA_025150245.1)","taxon:dorea formicigenerans","primary","GCST90670593","EUR","reverse_sensitivity","microbiome_trait_units_per_standardized_ED_exposure",17,"estimable","reverse",TRUE,TRUE,"mr_ivw_mre",17,0.139426834842473,0.226600878499755,-0.304702725882182,0.583556395567128,0.538358615599177,"estimated","","",1572,0.992268392990782,FALSE
"reverse|GCST90671387","ed_2025_eur_reverse_exposure","GCST90671387","Gut microbiome genus abundance (Dorea)","taxon:dorea","primary","GCST90671387","EUR","reverse_sensitivity","microbiome_trait_units_per_standardized_ED_exposure",17,"estimable","reverse",TRUE,TRUE,"mr_ivw_mre",17,0.139426834842473,0.226600878499755,-0.304702725882182,0.583556395567128,0.538358615599177,"estimated","","",1572,0.992268392990782,FALSE
"reverse|GCST90670694","ed_2025_eur_reverse_exposure","GCST90670694","Gut microbiome species presence (Parolsenella catena, GCF_003966955.1)","taxon:parolsenella catena","primary","GCST90670694","EUR","reverse_sensitivity","microbiome_trait_units_per_standardized_ED_exposure",15,"estimable","reverse",TRUE,TRUE,"mr_ivw_mre",15,0.748214664232101,1.21832491300538,-1.63965828672634,3.13608761519054,0.539126830013722,"estimated","","",1572,0.992268392990782,FALSE
"reverse|GCST90671121","ed_2025_eur_reverse_exposure","GCST90671121","Gut microbiome species presence (Flavonifractor hMGS.05537, )","taxon:flavonifractor hmgs.05537,","primary","GCST90671121","EUR","reverse_sensitivity","microbiome_trait_units_per_standardized_ED_exposure",15,"estimable","reverse",TRUE,TRUE,"mr_ivw_mre",15,0.400869988182301,0.652976032779723,-0.878939518833802,1.6806794951984,0.539273312084803,"estimated","","",1572,0.992268392990782,FALSE
"reverse|GCST90670397","ed_2025_eur_reverse_exposure","GCST90670397","Gut microbiome species abundance (Escherichia coli, GCF_003697165.2)","taxon:escherichia coli","primary","GCST90670397","EUR","reverse_sensitivity","microbiome_trait_units_per_standardized_ED_exposure",17,"estimable","reverse",TRUE,TRUE,"mr_ivw_mre",17,0.160913010546745,0.262410512886484,-0.353402143875448,0.675228164968937,0.539736838552995,"estimated","","",1572,0.992268392990782,FALSE
"reverse|GCST90671904","ed_2025_eur_reverse_exposure","GCST90671904","Gut microbiome function abundance (Lactate production, MF0092)","function:mf0092","primary","GCST90671904","EUR","reverse_sensitivity","microbiome_trait_units_per_standardized_ED_exposure",17,"estimable","reverse",TRUE,TRUE,"mr_ivw_mre",17,0.171199360044609,0.279187535964091,-0.375998155377489,0.718396875466708,0.539740403520488,"estimated","","",1572,0.992268392990782,FALSE
"reverse|GCST90671683","ed_2025_eur_reverse_exposure","GCST90671683","Gut microbiome family presence (Muribaculaceae)","taxon:muribaculaceae","primary","GCST90671683","EUR","reverse_sensitivity","microbiome_trait_units_per_standardized_ED_exposure",15,"estimable","reverse",TRUE,TRUE,"mr_ivw_mre",15,0.318490990545973,0.520498027488204,-0.701666397355045,1.33864837844699,0.540606149384031,"estimated","","",1572,0.992268392990782,FALSE
"reverse|GCST90670799","ed_2025_eur_reverse_exposure","GCST90670799","Gut microbiome species presence (Olsenella F sp001189515, GCF_001189515.2)","taxon:olsenella f sp001189515","primary","GCST90670799","EUR","reverse_sensitivity","microbiome_trait_units_per_standardized_ED_exposure",15,"estimable","reverse",TRUE,TRUE,"mr_ivw_mre",15,-0.467454892893992,0.764656150110222,-1.96615340766708,1.0312436218791,0.540983169418869,"estimated","","",1572,0.992268392990782,FALSE
"reverse|GCST90670612","ed_2025_eur_reverse_exposure","GCST90670612","Gut microbiome species abundance (Faecalibacterium prausnitzii I, GCF_003287495.1)","taxon:faecalibacterium prausnitzii i","primary","GCST90670612","EUR","reverse_sensitivity","microbiome_trait_units_per_standardized_ED_exposure",17,"estimable","reverse",TRUE,TRUE,"mr_ivw_mre",17,0.135951529175152,0.222421523376947,-0.299986646030198,0.571889704380503,0.541044880621797,"estimated","","",1572,0.992268392990782,FALSE
"reverse|GCST90670745","ed_2025_eur_reverse_exposure","GCST90670745","Gut microbiome species presence (Schaedlerella sp900066545, GCA_003480425.1)","taxon:schaedlerella sp900066545","primary","GCST90670745","EUR","reverse_sensitivity","microbiome_trait_units_per_standardized_ED_exposure",15,"estimable","reverse",TRUE,TRUE,"mr_ivw_mre",15,0.335170170228353,0.548377531379942,-0.739630041207317,1.40997038166402,0.541064982799926,"estimated","","",1572,0.992268392990782,FALSE
"reverse|GCST90671388","ed_2025_eur_reverse_exposure","GCST90671388","Gut microbiome genus presence (Lacticaseibacillus)","taxon:lacticaseibacillus","primary","GCST90671388","EUR","reverse_sensitivity","microbiome_trait_units_per_standardized_ED_exposure",15,"estimable","reverse",TRUE,TRUE,"mr_ivw_mre",15,0.380649190276622,0.626589062640322,-0.84744280560512,1.60874118615837,0.543523023474322,"estimated","","",1572,0.992268392990782,FALSE
"reverse|GCST90671882","ed_2025_eur_reverse_exposure","GCST90671882","Gut microbiome function abundance (Glycolysis (preparatory phase), MF0067)","function:mf0067","primary","GCST90671882","EUR","reverse_sensitivity","microbiome_trait_units_per_standardized_ED_exposure",17,"estimable","reverse",TRUE,TRUE,"mr_ivw_mre",17,0.1369662770471,0.225681345012991,-0.30536103116092,0.579293585255121,0.543916487766528,"estimated","","",1572,0.992268392990782,FALSE
"reverse|GCST90671185","ed_2025_eur_reverse_exposure","GCST90671185","Gut microbiome species presence (Granulicatella hMGS.06388, )","taxon:granulicatella hmgs.06388,","primary","GCST90671185","EUR","reverse_sensitivity","microbiome_trait_units_per_standardized_ED_exposure",15,"estimable","reverse",TRUE,TRUE,"mr_ivw_mre",15,0.54201922860127,0.893985792423391,-1.21016072723908,2.29419918444162,0.544318794622358,"estimated","","",1572,0.992268392990782,FALSE
"reverse|GCST90670573","ed_2025_eur_reverse_exposure","GCST90670573","Gut microbiome species presence (Blautia A caecimuris, GCF_024622975.1)","taxon:blautia a caecimuris","primary","GCST90670573","EUR","reverse_sensitivity","microbiome_trait_units_per_standardized_ED_exposure",15,"estimable","reverse",TRUE,TRUE,"mr_ivw_mre",15,-0.377075786289005,0.62364490312668,-1.59939733555927,0.845245762981259,0.545423410327674,"estimated","","",1572,0.992268392990782,FALSE
"reverse|GCST90671772","ed_2025_eur_reverse_exposure","GCST90671772","Gut microbiome order presence (Tissierellales)","taxon:tissierellales","primary","GCST90671772","EUR","reverse_sensitivity","microbiome_trait_units_per_standardized_ED_exposure",15,"estimable","reverse",TRUE,TRUE,"mr_ivw_mre",15,0.410347325455155,0.678740454149903,-0.919959519529014,1.74065417043932,0.545463561082316,"estimated","","",1572,0.992268392990782,FALSE
"reverse|GCST90670368","ed_2025_eur_reverse_exposure","GCST90670368","Gut microbiome alpha diversity abundance (Richness)","alpha:richness","primary","GCST90670368","EUR","reverse_sensitivity","microbiome_trait_units_per_standardized_ED_exposure",17,"estimable","reverse",TRUE,TRUE,"mr_ivw_mre",17,0.136407174031601,0.225766810369568,-0.306087643197236,0.578901991260437,0.545714016432286,"estimated","","",1572,0.992268392990782,FALSE
"reverse|GCST90671924","ed_2025_eur_reverse_exposure","GCST90671924","Gut microbiome function abundance (Nitric oxide synthesis I (NO synthase), MGB025)","function:mgb025","primary","GCST90671924","EUR","reverse_sensitivity","microbiome_trait_units_per_standardized_ED_exposure",17,"estimable","reverse",TRUE,TRUE,"mr_ivw_mre",17,-0.137130842600794,0.227033092187519,-0.582107526587093,0.307845841385505,0.54583528182401,"estimated","","",1572,0.992268392990782,FALSE
"reverse|GCST90670401","ed_2025_eur_reverse_exposure","GCST90670401","Gut microbiome species presence (Ruminococcus E sp003526955, GCF_023921805.1)","taxon:ruminococcus e sp003526955","primary","GCST90670401","EUR","reverse_sensitivity","microbiome_trait_units_per_standardized_ED_exposure",15,"estimable","reverse",TRUE,TRUE,"mr_ivw_mre",15,0.366220030273297,0.607640012941548,-0.82473251065759,1.55717257120418,0.546713324645566,"estimated","","",1572,0.992268392990782,FALSE
"reverse|GCST90671066","ed_2025_eur_reverse_exposure","GCST90671066","Gut microbiome species presence (Gallacutalibacter pullicola, GCA_018712265.1)","taxon:gallacutalibacter pullicola","primary","GCST90671066","EUR","reverse_sensitivity","microbiome_trait_units_per_standardized_ED_exposure",15,"estimable","reverse",TRUE,TRUE,"mr_ivw_mre",15,-0.322180664114588,0.537594316742684,-1.37584616322367,0.73148483499449,0.548972364094165,"estimated","","",1572,0.992268392990782,FALSE
"reverse|GCST90671506","ed_2025_eur_reverse_exposure","GCST90671506","Gut microbiome genus presence (UMGS1696)","taxon:umgs1696","primary","GCST90671506","EUR","reverse_sensitivity","microbiome_trait_units_per_standardized_ED_exposure",15,"estimable","reverse",TRUE,TRUE,"mr_ivw_mre",15,-0.309910583596178,0.518716261817136,-1.32657577495301,0.706754607760658,0.550202408026823,"estimated","","",1572,0.992268392990782,FALSE
"reverse|GCST90670474","ed_2025_eur_reverse_exposure","GCST90670474","Gut microbiome species abundance (Bacteroides thetaiotaomicron, GCF_000011065.1)","taxon:bacteroides thetaiotaomicron","primary","GCST90670474","EUR","reverse_sensitivity","microbiome_trait_units_per_standardized_ED_exposure",17,"estimable","reverse",TRUE,TRUE,"mr_ivw_mre",17,-0.146279554913984,0.245148111781432,-0.62676102488359,0.334201915055622,0.550708573490251,"estimated","","",1572,0.992268392990782,FALSE
"reverse|GCST90671658","ed_2025_eur_reverse_exposure","GCST90671658","Gut microbiome family abundance (Oscillospiraceae)","taxon:oscillospiraceae","primary","GCST90671658","EUR","reverse_sensitivity","microbiome_trait_units_per_standardized_ED_exposure",17,"estimable","reverse",TRUE,TRUE,"mr_ivw_mre",17,-0.132590466672167,0.222430924087298,-0.568547066931234,0.3033661335869,0.551110247659089,"estimated","","",1572,0.992268392990782,FALSE
"reverse|GCST90670780","ed_2025_eur_reverse_exposure","GCST90670780","Gut microbiome species presence (Faecalibacterium prausnitzii F, GCF_002549775.1)","taxon:faecalibacterium prausnitzii f","primary","GCST90670780","EUR","reverse_sensitivity","microbiome_trait_units_per_standardized_ED_exposure",15,"estimable","reverse",TRUE,TRUE,"mr_ivw_mre",15,0.408862717625281,0.686667939239149,-0.93698171262179,1.75470714787235,0.551556051331532,"estimated","","",1572,0.992268392990782,FALSE
"reverse|GCST90671027","ed_2025_eur_reverse_exposure","GCST90671027","Gut microbiome species presence (RGIG9041 hMGS.03151, )","taxon:rgig9041 hmgs.03151,","primary","GCST90671027","EUR","reverse_sensitivity","microbiome_trait_units_per_standardized_ED_exposure",15,"estimable","reverse",TRUE,TRUE,"mr_ivw_mre",15,0.433427082204349,0.728381233006497,-0.994173901503261,1.86102806591196,0.551806535055497,"estimated","","",1572,0.992268392990782,FALSE
"reverse|GCST90671248","ed_2025_eur_reverse_exposure","GCST90671248","Gut microbiome species presence (Pseudoscilispira sp020555605, GCA_020555605.1)","taxon:pseudoscilispira sp020555605","primary","GCST90671248","EUR","reverse_sensitivity","microbiome_trait_units_per_standardized_ED_exposure",15,"estimable","reverse",TRUE,TRUE,"mr_ivw_mre",15,-0.328986204037554,0.554337960698619,-1.41546864227023,0.757496234195119,0.552862726365108,"estimated","","",1572,0.992268392990782,FALSE
"reverse|GCST90670735","ed_2025_eur_reverse_exposure","GCST90670735","Gut microbiome species presence (UMGS1865 sp900547725, GCA_900547725.1)","taxon:umgs1865 sp900547725","primary","GCST90670735","EUR","reverse_sensitivity","microbiome_trait_units_per_standardized_ED_exposure",15,"estimable","reverse",TRUE,TRUE,"mr_ivw_mre",15,0.580132699454403,0.98183017595511,-1.34421908435224,2.50448448326104,0.554608413199986,"estimated","","",1572,0.992268392990782,FALSE
"reverse|GCST90671316","ed_2025_eur_reverse_exposure","GCST90671316","Gut microbiome genus abundance (Eisenbergiella)","taxon:eisenbergiella","primary","GCST90671316","EUR","reverse_sensitivity","microbiome_trait_units_per_standardized_ED_exposure",17,"estimable","reverse",TRUE,TRUE,"mr_ivw_mre",17,-0.146734819546138,0.2484205161282,-0.633630084178261,0.340160445085986,0.554740815386209,"estimated","","",1572,0.992268392990782,FALSE
"reverse|GCST90670638","ed_2025_eur_reverse_exposure","GCST90670638","Gut microbiome species presence (UBA737 sp900549755, GCA_900549755.1)","taxon:uba737 sp900549755","primary","GCST90670638","EUR","reverse_sensitivity","microbiome_trait_units_per_standardized_ED_exposure",15,"estimable","reverse",TRUE,TRUE,"mr_ivw_mre",15,0.391115318545508,0.663098757159638,-0.908534363680653,1.69076500077167,0.555304851569043,"estimated","","",1572,0.992268392990782,FALSE
"reverse|GCST90671690","ed_2025_eur_reverse_exposure","GCST90671690","Gut microbiome family abundance (Desulfovibrionaceae)","taxon:desulfovibrionaceae","primary","GCST90671690","EUR","reverse_sensitivity","microbiome_trait_units_per_standardized_ED_exposure",17,"estimable","reverse",TRUE,TRUE,"mr_ivw_mre",17,-0.149637938084196,0.253705527991712,-0.646891635626671,0.347615759458278,0.555318353165059,"estimated","","",1572,0.992268392990782,FALSE
"reverse|GCST90671766","ed_2025_eur_reverse_exposure","GCST90671766","Gut microbiome order abundance (Desulfovibrionales)","taxon:desulfovibrionales","primary","GCST90671766","EUR","reverse_sensitivity","microbiome_trait_units_per_standardized_ED_exposure",17,"estimable","reverse",TRUE,TRUE,"mr_ivw_mre",17,-0.149637938084196,0.253705527991712,-0.646891635626671,0.347615759458278,0.555318353165059,"estimated","","",1572,0.992268392990782,FALSE
"reverse|GCST90671800","ed_2025_eur_reverse_exposure","GCST90671800","Gut microbiome class abundance (Desulfovibrionia)","taxon:desulfovibrionia","primary","GCST90671800","EUR","reverse_sensitivity","microbiome_trait_units_per_standardized_ED_exposure",17,"estimable","reverse",TRUE,TRUE,"mr_ivw_mre",17,-0.149637938084196,0.253705527991712,-0.646891635626671,0.347615759458278,0.555318353165059,"estimated","","",1572,0.992268392990782,FALSE
"reverse|GCST90671816","ed_2025_eur_reverse_exposure","GCST90671816","Gut microbiome phylum abundance (Desulfobacterota)","taxon:desulfobacterota","primary","GCST90671816","EUR","reverse_sensitivity","microbiome_trait_units_per_standardized_ED_exposure",17,"estimable","reverse",TRUE,TRUE,"mr_ivw_mre",17,-0.149253778308147,0.253616317709173,-0.646332626909794,0.3478250702935,0.55619521162841,"estimated","","",1572,0.992268392990782,FALSE
"reverse|GCST90670635","ed_2025_eur_reverse_exposure","GCST90670635","Gut microbiome species presence (Agathobacter sp000434275, GCA_902363675.1)","taxon:agathobacter sp000434275","primary","GCST90670635","EUR","reverse_sensitivity","microbiome_trait_units_per_standardized_ED_exposure",15,"estimable","reverse",TRUE,TRUE,"mr_ivw_mre",15,0.382579799856006,0.651478696178287,-0.894294981348548,1.65945458106056,0.557036913475317,"estimated","","",1572,0.992268392990782,FALSE
"reverse|GCST90671861","ed_2025_eur_reverse_exposure","GCST90671861","Gut microbiome function abundance (Asparagine degradation, MF0042)","function:mf0042","primary","GCST90671861","EUR","reverse_sensitivity","microbiome_trait_units_per_standardized_ED_exposure",17,"estimable","reverse",TRUE,TRUE,"mr_ivw_mre",17,0.135990232029002,0.231717654538085,-0.318168025447738,0.590148489505743,0.557284955262851,"estimated","","",1572,0.992268392990782,FALSE
"reverse|GCST90671603","ed_2025_eur_reverse_exposure","GCST90671603","Gut microbiome genus abundance (CAKTXU01)","taxon:caktxu01","primary","GCST90671603","EUR","reverse_sensitivity","microbiome_trait_units_per_standardized_ED_exposure",17,"estimable","reverse",TRUE,TRUE,"mr_ivw_mre",17,0.126641002731798,0.215873079879264,-0.296462459063298,0.549744464526894,0.557441718504132,"estimated","","",1572,0.992268392990782,FALSE
"reverse|GCST90670565","ed_2025_eur_reverse_exposure","GCST90670565","Gut microbiome species presence (Adlercreutzia equolifaciens, GCF_000478885.1)","taxon:adlercreutzia equolifaciens","primary","GCST90670565","EUR","reverse_sensitivity","microbiome_trait_units_per_standardized_ED_exposure",15,"estimable","reverse",TRUE,TRUE,"mr_ivw_mre",15,-0.426701033670553,0.730606438207953,-1.85866333943123,1.00526127209012,0.559195565132051,"estimated","","",1572,0.992268392990782,FALSE
"reverse|GCST90671037","ed_2025_eur_reverse_exposure","GCST90671037","Gut microbiome species presence (Alectryocaccomicrobium excrementavium, GCA_018716755.1)","taxon:alectryocaccomicrobium excrementavium","primary","GCST90671037","EUR","reverse_sensitivity","microbiome_trait_units_per_standardized_ED_exposure",15,"estimable","reverse",TRUE,TRUE,"mr_ivw_mre",15,0.412040783912726,0.706906336147207,-0.973470175378963,1.79755174320441,0.559974829270806,"estimated","","",1572,0.992268392990782,FALSE
"reverse|GCST90671119","ed_2025_eur_reverse_exposure","GCST90671119","Gut microbiome species presence (Avispirillum hMGS.05502, )","taxon:avispirillum hmgs.05502,","primary","GCST90671119","EUR","reverse_sensitivity","microbiome_trait_units_per_standardized_ED_exposure",15,"estimable","reverse",TRUE,TRUE,"mr_ivw_mre",15,0.417990124577249,0.71854688671615,-0.990335894589786,1.82631614374428,0.5607580826477,"estimated","","",1572,0.992268392990782,FALSE
"reverse|GCST90671789","ed_2025_eur_reverse_exposure","GCST90671789","Gut microbiome class abundance (Actinomycetia)","taxon:actinomycetia","primary","GCST90671789","EUR","reverse_sensitivity","microbiome_trait_units_per_standardized_ED_exposure",17,"estimable","reverse",TRUE,TRUE,"mr_ivw_mre",17,0.12983529140481,0.223217145654041,-0.307662274808943,0.567332857618563,0.560799321937233,"estimated","","",1572,0.992268392990782,FALSE
"reverse|GCST90670389","ed_2025_eur_reverse_exposure","GCST90670389","Gut microbiome species abundance (Phocaeicola vulgatus, GCF_000012825.1)","taxon:phocaeicola vulgatus","primary","GCST90670389","EUR","reverse_sensitivity","microbiome_trait_units_per_standardized_ED_exposure",17,"estimable","reverse",TRUE,TRUE,"mr_ivw_mre",17,-0.12667397750199,0.218402659220962,-0.55473532370285,0.30138736869887,0.56191327417741,"estimated","","",1572,0.992268392990782,FALSE
"reverse|GCST90671665","ed_2025_eur_reverse_exposure","GCST90671665","Gut microbiome family presence (UBA932)","taxon:uba932","primary","GCST90671665","EUR","reverse_sensitivity","microbiome_trait_units_per_standardized_ED_exposure",15,"estimable","reverse",TRUE,TRUE,"mr_ivw_mre",15,0.422906245971275,0.729356766148765,-1.00660674756091,1.85241923950346,0.562026201835723,"estimated","","",1572,0.992268392990782,FALSE
"reverse|GCST90671123","ed_2025_eur_reverse_exposure","GCST90671123","Gut microbiome species presence (Intestinimonas hMGS.05574, )","taxon:intestinimonas hmgs.05574,","primary","GCST90671123","EUR","reverse_sensitivity","microbiome_trait_units_per_standardized_ED_exposure",15,"estimable","reverse",TRUE,TRUE,"mr_ivw_mre",15,0.480006035633696,0.829049751621258,-1.14490161893585,2.10491369020324,0.562600380870516,"estimated","","",1572,0.992268392990782,FALSE
"reverse|GCST90671908","ed_2025_eur_reverse_exposure","GCST90671908","Gut microbiome function abundance (Homoacetogenesis, MF0097)","function:mf0097","primary","GCST90671908","EUR","reverse_sensitivity","microbiome_trait_units_per_standardized_ED_exposure",17,"estimable","reverse",TRUE,TRUE,"mr_ivw_mre",17,0.132425275517335,0.228758476927439,-0.315933100418682,0.580783651453353,0.562665519603621,"estimated","","",1572,0.992268392990782,FALSE
"reverse|GCST90670528","ed_2025_eur_reverse_exposure","GCST90670528","Gut microbiome species abundance (Bacteroides cellulosilyticus, GCF_000158035.1)","taxon:bacteroides cellulosilyticus","primary","GCST90670528","EUR","reverse_sensitivity","microbiome_trait_units_per_standardized_ED_exposure",17,"estimable","reverse",TRUE,TRUE,"mr_ivw_mre",17,0.11979669076238,0.20709273587141,-0.286097613005449,0.525690994530209,0.562947641713105,"estimated","","",1572,0.992268392990782,FALSE
"reverse|GCST90671398","ed_2025_eur_reverse_exposure","GCST90671398","Gut microbiome genus abundance (Fimisoma)","taxon:fimisoma","primary","GCST90671398","EUR","reverse_sensitivity","microbiome_trait_units_per_standardized_ED_exposure",17,"estimable","reverse",TRUE,TRUE,"mr_ivw_mre",17,0.125021276385164,0.216691268783522,-0.299685806194828,0.549728358965156,0.563969339165338,"estimated","","",1572,0.992268392990782,FALSE
"reverse|GCST90670741","ed_2025_eur_reverse_exposure","GCST90670741","Gut microbiome species presence (Clostridium sp900539375, GCA_900539375.1)","taxon:clostridium sp900539375","primary","GCST90670741","EUR","reverse_sensitivity","microbiome_trait_units_per_standardized_ED_exposure",15,"estimable","reverse",TRUE,TRUE,"mr_ivw_mre",15,0.558616934685741,0.968811753387597,-1.34021920975305,2.45745307912453,0.564209645023179,"estimated","","",1572,0.992268392990782,FALSE
"reverse|GCST90671893","ed_2025_eur_reverse_exposure","GCST90671893","Gut microbiome function abundance (Lactate consumption I, MF0079)","function:mf0079","primary","GCST90671893","EUR","reverse_sensitivity","microbiome_trait_units_per_standardized_ED_exposure",17,"estimable","reverse",TRUE,TRUE,"mr_ivw_mre",17,0.147200114164719,0.255765705269047,-0.3540914566431,0.648491684972539,0.564934816439359,"estimated","","",1572,0.992268392990782,FALSE
"reverse|GCST90671559","ed_2025_eur_reverse_exposure","GCST90671559","Gut microbiome genus presence (HGM11514)","taxon:hgm11514","primary","GCST90671559","EUR","reverse_sensitivity","microbiome_trait_units_per_standardized_ED_exposure",15,"estimable","reverse",TRUE,TRUE,"mr_ivw_mre",15,0.454585893359427,0.792421477869617,-1.09853166384102,2.00770345055988,0.566193298882152,"estimated","","",1572,0.992268392990782,FALSE
"reverse|GCST90671478","ed_2025_eur_reverse_exposure","GCST90671478","Gut microbiome genus presence (UMGS621)","taxon:umgs621","primary","GCST90671478","EUR","reverse_sensitivity","microbiome_trait_units_per_standardized_ED_exposure",15,"estimable","reverse",TRUE,TRUE,"mr_ivw_mre",15,0.352117315538046,0.614259646309477,-0.851809468384839,1.55604409946093,0.566483178735748,"estimated","","",1572,0.992268392990782,FALSE
"reverse|GCST90671599","ed_2025_eur_reverse_exposure","GCST90671599","Gut microbiome genus presence (RGIG4076)","taxon:rgig4076","primary","GCST90671599","EUR","reverse_sensitivity","microbiome_trait_units_per_standardized_ED_exposure",15,"estimable","reverse",TRUE,TRUE,"mr_ivw_mre",15,-0.314690523988336,0.550740541866226,-1.39412215087221,0.76474110289554,0.567731755118187,"estimated","","",1572,0.992268392990782,FALSE
"reverse|GCST90671170","ed_2025_eur_reverse_exposure","GCST90671170","Gut microbiome species presence (CAG-269 sp934149075, GCA_934149075.1)","taxon:cag-269 sp934149075","primary","GCST90671170","EUR","reverse_sensitivity","microbiome_trait_units_per_standardized_ED_exposure",15,"estimable","reverse",TRUE,TRUE,"mr_ivw_mre",15,-0.571227713072051,1.00124857873412,-2.53363886696284,1.39118344081874,0.56832819387234,"estimated","","",1572,0.992268392990782,FALSE
"reverse|GCST90670539","ed_2025_eur_reverse_exposure","GCST90670539","Gut microbiome species abundance (Gemmiger sp900539695, GCA_900539695.1)","taxon:gemmiger sp900539695","primary","GCST90670539","EUR","reverse_sensitivity","microbiome_trait_units_per_standardized_ED_exposure",17,"estimable","reverse",TRUE,TRUE,"mr_ivw_mre",17,0.146313573847497,0.256755316658738,-0.356917599642805,0.6495447473378,0.568775327322885,"estimated","","",1572,0.992268392990782,FALSE
"reverse|GCST90671514","ed_2025_eur_reverse_exposure","GCST90671514","Gut microbiome genus abundance (Holdemania)","taxon:holdemania","primary","GCST90671514","EUR","reverse_sensitivity","microbiome_trait_units_per_standardized_ED_exposure",17,"estimable","reverse",TRUE,TRUE,"mr_ivw_mre",17,0.178593599834679,0.313451345530315,-0.435759748310359,0.792946947979717,0.568837110289729,"estimated","","",1572,0.992268392990782,FALSE
"reverse|GCST90671523","ed_2025_eur_reverse_exposure","GCST90671523","Gut microbiome genus presence (Scybalosoma)","taxon:scybalosoma","primary","GCST90671523","EUR","reverse_sensitivity","microbiome_trait_units_per_standardized_ED_exposure",15,"estimable","reverse",TRUE,TRUE,"mr_ivw_mre",15,-0.53062432375445,0.931471965372781,-2.35627582849384,1.29502718098494,0.568906865508532,"estimated","","",1572,0.992268392990782,FALSE
"reverse|GCST90671029","ed_2025_eur_reverse_exposure","GCST90671029","Gut microbiome species presence (UMGS1766 hMGS.03161, )","taxon:umgs1766 hmgs.03161,","primary","GCST90671029","EUR","reverse_sensitivity","microbiome_trait_units_per_standardized_ED_exposure",15,"estimable","reverse",TRUE,TRUE,"mr_ivw_mre",15,0.503655625572065,0.885939301128454,-1.23275349712829,2.24006474827242,0.569696170109397,"estimated","","",1572,0.992268392990782,FALSE
"reverse|GCST90670492","ed_2025_eur_reverse_exposure","GCST90670492","Gut microbiome species presence (CAG-313 sp003539625, GCA_003539625.1)","taxon:cag-313 sp003539625","primary","GCST90670492","EUR","reverse_sensitivity","microbiome_trait_units_per_standardized_ED_exposure",15,"estimable","reverse",TRUE,TRUE,"mr_ivw_mre",15,-0.477093316197119,0.840873163447458,-2.1251744321204,1.17098779972616,0.57045708457636,"estimated","","",1572,0.992268392990782,FALSE
"reverse|GCST90671111","ed_2025_eur_reverse_exposure","GCST90671111","Gut microbiome species presence (Ruminococcaceae hMGS.05315, )","taxon:ruminococcaceae hmgs.05315,","primary","GCST90671111","EUR","reverse_sensitivity","microbiome_trait_units_per_standardized_ED_exposure",15,"estimable","reverse",TRUE,TRUE,"mr_ivw_mre",15,0.321484519282451,0.566686290593146,-0.789200200812713,1.43216923937762,0.570506317474135,"estimated","","",1572,0.992268392990782,FALSE
"reverse|GCST90671741","ed_2025_eur_reverse_exposure","GCST90671741","Gut microbiome order abundance (Actinomycetales)","taxon:actinomycetales","primary","GCST90671741","EUR","reverse_sensitivity","microbiome_trait_units_per_standardized_ED_exposure",17,"estimable","reverse",TRUE,TRUE,"mr_ivw_mre",17,0.126671037299774,0.223288269114141,-0.310965928334229,0.564308002933777,0.570511587141022,"estimated","","",1572,0.992268392990782,FALSE
"reverse|GCST90671288","ed_2025_eur_reverse_exposure","GCST90671288","Gut microbiome species presence (CALWSW01 sp944384305, GCA_944384305.1)","taxon:calwsw01 sp944384305","primary","GCST90671288","EUR","reverse_sensitivity","microbiome_trait_units_per_standardized_ED_exposure",15,"estimable","reverse",TRUE,TRUE,"mr_ivw_mre",15,-0.466954562503582,0.825202526231791,-2.08432179386936,1.1504126688622,0.571484456018874,"estimated","","",1572,0.992268392990782,FALSE
"reverse|GCST90670938","ed_2025_eur_reverse_exposure","GCST90670938","Gut microbiome species abundance (Merdibacter merdigallinarum, GCA_019118705.1)","taxon:merdibacter merdigallinarum","primary","GCST90670938","EUR","reverse_sensitivity","microbiome_trait_units_per_standardized_ED_exposure",17,"estimable","reverse",TRUE,TRUE,"mr_ivw_mre",17,-0.121974169598654,0.215791766932338,-0.544918260946298,0.30096992174899,0.571910434523955,"estimated","","",1572,0.992268392990782,FALSE
"reverse|GCST90671762","ed_2025_eur_reverse_exposure","GCST90671762","Gut microbiome order abundance (RF32)","taxon:rf32","primary","GCST90671762","EUR","reverse_sensitivity","microbiome_trait_units_per_standardized_ED_exposure",17,"estimable","reverse",TRUE,TRUE,"mr_ivw_mre",17,0.115485332129419,0.204550168506241,-0.285425631174412,0.51639629543325,0.572358148208728,"estimated","","",1572,0.992268392990782,FALSE
"reverse|GCST90670717","ed_2025_eur_reverse_exposure","GCST90670717","Gut microbiome species presence (Bacteroides nordii, GCA_000613465.1)","taxon:bacteroides nordii","primary","GCST90670717","EUR","reverse_sensitivity","microbiome_trait_units_per_standardized_ED_exposure",15,"estimable","reverse",TRUE,TRUE,"mr_ivw_mre",15,0.293910428030335,0.520634143987477,-0.726513743306961,1.31433459936763,0.572397625624323,"estimated","","",1572,0.992268392990782,FALSE
"reverse|GCST90671432","ed_2025_eur_reverse_exposure","GCST90671432","Gut microbiome genus abundance (Spyradocola)","taxon:spyradocola","primary","GCST90671432","EUR","reverse_sensitivity","microbiome_trait_units_per_standardized_ED_exposure",17,"estimable","reverse",TRUE,TRUE,"mr_ivw_mre",17,0.115739184754162,0.205163264726431,-0.2863734250603,0.517851794568624,0.572664228939883,"estimated","","",1572,0.992268392990782,FALSE
"reverse|GCST90670373","ed_2025_eur_reverse_exposure","GCST90670373","Gut microbiome species abundance (Gemmiger qucibialis, GCA_004000625.1)","taxon:gemmiger qucibialis","primary","GCST90670373","EUR","reverse_sensitivity","microbiome_trait_units_per_standardized_ED_exposure",17,"estimable","reverse",TRUE,TRUE,"mr_ivw_mre",17,0.148978861701045,0.264498986164552,-0.369429625128835,0.667387348530924,0.573265154918948,"estimated","","",1572,0.992268392990782,FALSE
"reverse|GCST90670372","ed_2025_eur_reverse_exposure","GCST90670372","Gut microbiome species abundance (Bifidobacterium longum, GCF_000196555.1)","taxon:bifidobacterium longum","primary","GCST90670372","EUR","reverse_sensitivity","microbiome_trait_units_per_standardized_ED_exposure",17,"estimable","reverse",TRUE,TRUE,"mr_ivw_mre",17,0.123875145855182,0.22010025488854,-0.307513426714442,0.555263718424806,0.573562656859553,"estimated","","",1572,0.992268392990782,FALSE
"reverse|GCST90671225","ed_2025_eur_reverse_exposure","GCST90671225","Gut microbiome species presence (Thomasclavelia saccharogumia, GCF_000686665.1)","taxon:thomasclavelia saccharogumia","primary","GCST90671225","EUR","reverse_sensitivity","microbiome_trait_units_per_standardized_ED_exposure",15,"estimable","reverse",TRUE,TRUE,"mr_ivw_mre",15,0.461629395567736,0.82209444725801,-1.14964611294833,2.0729049040838,0.574437362131022,"estimated","","",1572,0.992268392990782,FALSE
"reverse|GCST90671209","ed_2025_eur_reverse_exposure","GCST90671209","Gut microbiome species presence (UMGS882 sp934479825, GCA_934479825.1)","taxon:umgs882 sp934479825","primary","GCST90671209","EUR","reverse_sensitivity","microbiome_trait_units_per_standardized_ED_exposure",15,"estimable","reverse",TRUE,TRUE,"mr_ivw_mre",15,0.548780877231788,0.977490801966107,-1.36706588984096,2.46462764430453,0.574512653613364,"estimated","","",1572,0.992268392990782,FALSE
"reverse|GCST90670802","ed_2025_eur_reverse_exposure","GCST90670802","Gut microbiome species presence (UMGS1071 sp900541905, GCA_900541905.1)","taxon:umgs1071 sp900541905","primary","GCST90670802","EUR","reverse_sensitivity","microbiome_trait_units_per_standardized_ED_exposure",15,"estimable","reverse",TRUE,TRUE,"mr_ivw_mre",15,-0.429685975063954,0.767535638188558,-1.93402818276449,1.07465623263659,0.575598510578885,"estimated","","",1572,0.992268392990782,FALSE
"reverse|GCST90671606","ed_2025_eur_reverse_exposure","GCST90671606","Gut microbiome genus presence (Ructibacterium)","taxon:ructibacterium","primary","GCST90671606","EUR","reverse_sensitivity","microbiome_trait_units_per_standardized_ED_exposure",15,"estimable","reverse",TRUE,TRUE,"mr_ivw_mre",15,-0.467707519688049,0.838575077365297,-2.11128446965692,1.17586943028082,0.577021404947432,"estimated","","",1572,0.992268392990782,FALSE
"reverse|GCST90671538","ed_2025_eur_reverse_exposure","GCST90671538","Gut microbiome genus abundance (QAMM01)","taxon:qamm01","primary","GCST90671538","EUR","reverse_sensitivity","microbiome_trait_units_per_standardized_ED_exposure",17,"estimable","reverse",TRUE,TRUE,"mr_ivw_mre",17,0.113032900325329,0.203345373410388,-0.285516707981879,0.511582508632538,0.578302055912095,"estimated","","",1572,0.992268392990782,FALSE
"reverse|GCST90670853","ed_2025_eur_reverse_exposure","GCST90670853","Gut microbiome species presence (Blautia A sp905209435, GCA_905209435.1)","taxon:blautia a sp905209435","primary","GCST90670853","EUR","reverse_sensitivity","microbiome_trait_units_per_standardized_ED_exposure",15,"estimable","reverse",TRUE,TRUE,"mr_ivw_mre",15,0.500689119044511,0.904245152494744,-1.27159881304011,2.27297705112914,0.579777681901695,"estimated","","",1572,0.992268392990782,FALSE
"reverse|GCST90671707","ed_2025_eur_reverse_exposure","GCST90671707","Gut microbiome family abundance (UBA1750)","taxon:uba1750","primary","GCST90671707","EUR","reverse_sensitivity","microbiome_trait_units_per_standardized_ED_exposure",17,"estimable","reverse",TRUE,TRUE,"mr_ivw_mre",17,0.113655967927991,0.205435549708848,-0.28899031064554,0.516302246501521,0.580096399276066,"estimated","","",1572,0.992268392990782,FALSE
"reverse|GCST90671728","ed_2025_eur_reverse_exposure","GCST90671728","Gut microbiome family presence (HGM11514)","taxon:hgm11514","primary","GCST90671728","EUR","reverse_sensitivity","microbiome_trait_units_per_standardized_ED_exposure",15,"estimable","reverse",TRUE,TRUE,"mr_ivw_mre",15,0.437663619913191,0.791128295450276,-1.11291934631991,1.98824658614629,0.580116560374704,"estimated","","",1572,0.992268392990782,FALSE
"reverse|GCST90671782","ed_2025_eur_reverse_exposure","GCST90671782","Gut microbiome order presence (HGM11514)","taxon:hgm11514","primary","GCST90671782","EUR","reverse_sensitivity","microbiome_trait_units_per_standardized_ED_exposure",15,"estimable","reverse",TRUE,TRUE,"mr_ivw_mre",15,0.437663619913191,0.791128295450276,-1.11291934631991,1.98824658614629,0.580116560374704,"estimated","","",1572,0.992268392990782,FALSE
"reverse|GCST90670379","ed_2025_eur_reverse_exposure","GCST90670379","Gut microbiome species abundance (UBA11524 sp000437595, GCA_000437595.1)","taxon:uba11524 sp000437595","primary","GCST90670379","EUR","reverse_sensitivity","microbiome_trait_units_per_standardized_ED_exposure",17,"estimable","reverse",TRUE,TRUE,"mr_ivw_mre",17,-0.162382183498336,0.293626481665727,-0.737879512470371,0.413115145473699,0.580247694212173,"estimated","","",1572,0.992268392990782,FALSE
"reverse|GCST90671297","ed_2025_eur_reverse_exposure","GCST90671297","Gut microbiome genus abundance (UBA11524)","taxon:uba11524","primary","GCST90671297","EUR","reverse_sensitivity","microbiome_trait_units_per_standardized_ED_exposure",17,"estimable","reverse",TRUE,TRUE,"mr_ivw_mre",17,-0.162382183498336,0.293626481665727,-0.737879512470371,0.413115145473699,0.580247694212173,"estimated","","",1572,0.992268392990782,FALSE
"reverse|GCST90670555","ed_2025_eur_reverse_exposure","GCST90670555","Gut microbiome species abundance (Limiplasma merdipullorum, GCA_900540045.1)","taxon:limiplasma merdipullorum","primary","GCST90670555","EUR","reverse_sensitivity","microbiome_trait_units_per_standardized_ED_exposure",17,"estimable","reverse",TRUE,TRUE,"mr_ivw_mre",17,-0.115783281974582,0.20967125028963,-0.526731381135741,0.295164817186577,0.580802128614533,"estimated","","",1572,0.992268392990782,FALSE
"reverse|GCST90671841","ed_2025_eur_reverse_exposure","GCST90671841","Gut microbiome function abundance (Rhamnose degradation, MF0019)","function:mf0019","primary","GCST90671841","EUR","reverse_sensitivity","microbiome_trait_units_per_standardized_ED_exposure",17,"estimable","reverse",TRUE,TRUE,"mr_ivw_mre",17,-0.123508982389291,0.223857171450298,-0.562260976112882,0.315243011334301,0.58113254102891,"estimated","","",1572,0.992268392990782,FALSE
"reverse|GCST90671457","ed_2025_eur_reverse_exposure","GCST90671457","Gut microbiome genus presence (Pediococcus)","taxon:pediococcus","primary","GCST90671457","EUR","reverse_sensitivity","microbiome_trait_units_per_standardized_ED_exposure",15,"estimable","reverse",TRUE,TRUE,"mr_ivw_mre",15,0.511804790721243,0.935582673461159,-1.32190355382233,2.34551313526481,0.584348575174022,"estimated","","",1572,0.992268392990782,FALSE
"reverse|GCST90671267","ed_2025_eur_reverse_exposure","GCST90671267","Gut microbiome species presence (Gemmiger faecavium, GCA_019114415.1)","taxon:gemmiger faecavium","primary","GCST90671267","EUR","reverse_sensitivity","microbiome_trait_units_per_standardized_ED_exposure",15,"estimable","reverse",TRUE,TRUE,"mr_ivw_mre",15,0.391691637621375,0.717466272735395,-1.01451641706219,1.79789969230494,0.585109001218611,"estimated","","",1572,0.992268392990782,FALSE
"reverse|GCST90671125","ed_2025_eur_reverse_exposure","GCST90671125","Gut microbiome species presence (Ventricola intestinavium, GCA_018715105.1)","taxon:ventricola intestinavium","primary","GCST90671125","EUR","reverse_sensitivity","microbiome_trait_units_per_standardized_ED_exposure",15,"estimable","reverse",TRUE,TRUE,"mr_ivw_mre",15,0.396118956655959,0.725622376694323,-1.02607476804127,1.81831268135319,0.585133066691448,"estimated","","",1572,0.992268392990782,FALSE
"reverse|GCST90671790","ed_2025_eur_reverse_exposure","GCST90671790","Gut microbiome class abundance (Bacteroidia)","taxon:bacteroidia","primary","GCST90671790","EUR","reverse_sensitivity","microbiome_trait_units_per_standardized_ED_exposure",17,"estimable","reverse",TRUE,TRUE,"mr_ivw_mre",17,0.119916769717874,0.21983886405779,-0.310959486237591,0.55079302567334,0.585426353001394,"estimated","","",1572,0.992268392990782,FALSE
"reverse|GCST90671809","ed_2025_eur_reverse_exposure","GCST90671809","Gut microbiome phylum abundance (Bacteroidota)","taxon:bacteroidota","primary","GCST90671809","EUR","reverse_sensitivity","microbiome_trait_units_per_standardized_ED_exposure",17,"estimable","reverse",TRUE,TRUE,"mr_ivw_mre",17,0.119916769717874,0.21983886405779,-0.310959486237591,0.55079302567334,0.585426353001394,"estimated","","",1572,0.992268392990782,FALSE
"reverse|GCST90671744","ed_2025_eur_reverse_exposure","GCST90671744","Gut microbiome order abundance (Bacteroidales)","taxon:bacteroidales","primary","GCST90671744","EUR","reverse_sensitivity","microbiome_trait_units_per_standardized_ED_exposure",17,"estimable","reverse",TRUE,TRUE,"mr_ivw_mre",17,0.119449275329149,0.21983886405779,-0.311426980626316,0.550325531284614,0.586889381412062,"estimated","","",1572,0.992268392990782,FALSE
"reverse|GCST90671238","ed_2025_eur_reverse_exposure","GCST90671238","Gut microbiome species abundance (Guopingia tenuis, GCF_014384805.1)","taxon:guopingia tenuis","primary","GCST90671238","EUR","reverse_sensitivity","microbiome_trait_units_per_standardized_ED_exposure",17,"estimable","reverse",TRUE,TRUE,"mr_ivw_mre",17,-0.119598562616936,0.220237388767301,-0.551255912649992,0.312058787416119,0.587099601627478,"estimated","","",1572,0.992268392990782,FALSE
"reverse|GCST90671636","ed_2025_eur_reverse_exposure","GCST90671636","Gut microbiome genus abundance (Guopingia)","taxon:guopingia","primary","GCST90671636","EUR","reverse_sensitivity","microbiome_trait_units_per_standardized_ED_exposure",17,"estimable","reverse",TRUE,TRUE,"mr_ivw_mre",17,-0.119598562616936,0.220237388767301,-0.551255912649992,0.312058787416119,0.587099601627478,"estimated","","",1572,0.992268392990782,FALSE
"reverse|GCST90671873","ed_2025_eur_reverse_exposure","GCST90671873","Gut microbiome function abundance (Histidine degradation, MF0056)","function:mf0056","primary","GCST90671873","EUR","reverse_sensitivity","microbiome_trait_units_per_standardized_ED_exposure",17,"estimable","reverse",TRUE,TRUE,"mr_ivw_mre",17,0.119317802806635,0.220175763034977,-0.312218763010544,0.550854368623815,0.587873138618377,"estimated","","",1572,0.992268392990782,FALSE
"reverse|GCST90670657","ed_2025_eur_reverse_exposure","GCST90670657","Gut microbiome species presence (Limiplasma sp900548145, GCA_900548145.1)","taxon:limiplasma sp900548145","primary","GCST90670657","EUR","reverse_sensitivity","microbiome_trait_units_per_standardized_ED_exposure",15,"estimable","reverse",TRUE,TRUE,"mr_ivw_mre",15,0.327098817056229,0.604476593036234,-0.857653534792264,1.51185116890472,0.588419807899608,"estimated","","",1572,0.992268392990782,FALSE
"reverse|GCST90671651","ed_2025_eur_reverse_exposure","GCST90671651","Gut microbiome genus presence (Blastocystis)","taxon:blastocystis","primary","GCST90671651","EUR","reverse_sensitivity","microbiome_trait_units_per_standardized_ED_exposure",15,"estimable","reverse",TRUE,TRUE,"mr_ivw_mre",15,0.324723013088886,0.600510545787375,-0.85225602899086,1.50170205516863,0.58868342815452,"estimated","","",1572,0.992268392990782,FALSE
"reverse|GCST90671739","ed_2025_eur_reverse_exposure","GCST90671739","Gut microbiome family presence (Blastocystidae)","taxon:blastocystidae","primary","GCST90671739","EUR","reverse_sensitivity","microbiome_trait_units_per_standardized_ED_exposure",15,"estimable","reverse",TRUE,TRUE,"mr_ivw_mre",15,0.324723013088886,0.600510545787375,-0.85225602899086,1.50170205516863,0.58868342815452,"estimated","","",1572,0.992268392990782,FALSE
"reverse|GCST90671787","ed_2025_eur_reverse_exposure","GCST90671787","Gut microbiome order presence (Opalinata)","taxon:opalinata","primary","GCST90671787","EUR","reverse_sensitivity","microbiome_trait_units_per_standardized_ED_exposure",15,"estimable","reverse",TRUE,TRUE,"mr_ivw_mre",15,0.324723013088886,0.600510545787375,-0.85225602899086,1.50170205516863,0.58868342815452,"estimated","","",1572,0.992268392990782,FALSE
"reverse|GCST90671807","ed_2025_eur_reverse_exposure","GCST90671807","Gut microbiome class presence (Bigyra)","taxon:bigyra","primary","GCST90671807","EUR","reverse_sensitivity","microbiome_trait_units_per_standardized_ED_exposure",15,"estimable","reverse",TRUE,TRUE,"mr_ivw_mre",15,0.324723013088886,0.600510545787375,-0.85225602899086,1.50170205516863,0.58868342815452,"estimated","","",1572,0.992268392990782,FALSE
"reverse|GCST90671632","ed_2025_eur_reverse_exposure","GCST90671632","Gut microbiome genus presence (Heritagella)","taxon:heritagella","primary","GCST90671632","EUR","reverse_sensitivity","microbiome_trait_units_per_standardized_ED_exposure",15,"estimable","reverse",TRUE,TRUE,"mr_ivw_mre",15,-0.361784275885039,0.670227729584392,-1.6754064873105,0.951837935540419,0.589339754877062,"estimated","","",1572,0.992268392990782,FALSE
"reverse|GCST90670930","ed_2025_eur_reverse_exposure","GCST90670930","Gut microbiome species abundance (Holdemania sp900120005, GCF_900120005.1)","taxon:holdemania sp900120005","primary","GCST90670930","EUR","reverse_sensitivity","microbiome_trait_units_per_standardized_ED_exposure",17,"estimable","reverse",TRUE,TRUE,"mr_ivw_mre",17,0.106644657183247,0.197964505408024,-0.281358643633765,0.494647958000259,0.590089766725563,"estimated","","",1572,0.992268392990782,FALSE
"reverse|GCST90670918","ed_2025_eur_reverse_exposure","GCST90670918","Gut microbiome species abundance (AF33-28 sp003477885, GCF_003477885.1)","taxon:af33-28 sp003477885","primary","GCST90670918","EUR","reverse_sensitivity","microbiome_trait_units_per_standardized_ED_exposure",17,"estimable","reverse",TRUE,TRUE,"mr_ivw_mre",17,0.124915823616291,0.232018521748893,-0.329832122757764,0.579663769990345,0.590309697872773,"estimated","","",1572,0.992268392990782,FALSE
"reverse|GCST90671802","ed_2025_eur_reverse_exposure","GCST90671802","Gut microbiome class presence (Lentisphaeria)","taxon:lentisphaeria","primary","GCST90671802","EUR","reverse_sensitivity","microbiome_trait_units_per_standardized_ED_exposure",15,"estimable","reverse",TRUE,TRUE,"mr_ivw_mre",15,0.285167910320273,0.530342463242634,-0.754284217107547,1.32462003774809,0.590780575613997,"estimated","","",1572,0.992268392990782,FALSE
"reverse|GCST90671489","ed_2025_eur_reverse_exposure","GCST90671489","Gut microbiome genus presence (Pelethomonas)","taxon:pelethomonas","primary","GCST90671489","EUR","reverse_sensitivity","microbiome_trait_units_per_standardized_ED_exposure",15,"estimable","reverse",TRUE,TRUE,"mr_ivw_mre",15,-0.34544366896558,0.643423157528817,-1.6065298845411,0.915642546609942,0.591347668020109,"estimated","","",1572,0.992268392990782,FALSE
"reverse|GCST90671243","ed_2025_eur_reverse_exposure","GCST90671243","Gut microbiome species presence (Pseudoflavonifractor A gallinarum, GCF_014982855.1)","taxon:pseudoflavonifractor a gallinarum","primary","GCST90671243","EUR","reverse_sensitivity","microbiome_trait_units_per_standardized_ED_exposure",15,"estimable","reverse",TRUE,TRUE,"mr_ivw_mre",15,-0.520425436536197,0.970542176081931,-2.42265314713391,1.38180227406152,0.591805579277103,"estimated","","",1572,0.992268392990782,FALSE
"reverse|GCST90670758","ed_2025_eur_reverse_exposure","GCST90670758","Gut microbiome species presence (Negativibacillus massiliensis, GCF_900148495.1)","taxon:negativibacillus massiliensis","primary","GCST90670758","EUR","reverse_sensitivity","microbiome_trait_units_per_standardized_ED_exposure",15,"estimable","reverse",TRUE,TRUE,"mr_ivw_mre",15,-0.359332709871565,0.670689382154847,-1.67385974370848,0.955194323965355,0.592120136359662,"estimated","","",1572,0.992268392990782,FALSE
"reverse|GCST90671342","ed_2025_eur_reverse_exposure","GCST90671342","Gut microbiome genus presence (Limisoma)","taxon:limisoma","primary","GCST90671342","EUR","reverse_sensitivity","microbiome_trait_units_per_standardized_ED_exposure",15,"estimable","reverse",TRUE,TRUE,"mr_ivw_mre",15,-0.412771481163176,0.770992873331778,-1.92388974523051,1.09834678290416,0.592389523259426,"estimated","","",1572,0.992268392990782,FALSE
"reverse|GCST90671214","ed_2025_eur_reverse_exposure","GCST90671214","Gut microbiome species abundance (Lentihominibacter sp900066305, GCA_902362435.1)","taxon:lentihominibacter sp900066305","primary","GCST90671214","EUR","reverse_sensitivity","microbiome_trait_units_per_standardized_ED_exposure",17,"estimable","reverse",TRUE,TRUE,"mr_ivw_mre",17,-0.153682612652962,0.288258055999858,-0.718658020666214,0.411292795360289,0.593934960297269,"estimated","","",1572,0.992268392990782,FALSE
"reverse|GCST90671570","ed_2025_eur_reverse_exposure","GCST90671570","Gut microbiome genus presence (UMGS1384)","taxon:umgs1384","primary","GCST90671570","EUR","reverse_sensitivity","microbiome_trait_units_per_standardized_ED_exposure",15,"estimable","reverse",TRUE,TRUE,"mr_ivw_mre",15,0.351894917446535,0.66089717621025,-0.943439745409776,1.64722958030285,0.594414136759303,"estimated","","",1572,0.992268392990782,FALSE
"reverse|GCST90671729","ed_2025_eur_reverse_exposure","GCST90671729","Gut microbiome family presence (UMGS1384)","taxon:umgs1384","primary","GCST90671729","EUR","reverse_sensitivity","microbiome_trait_units_per_standardized_ED_exposure",15,"estimable","reverse",TRUE,TRUE,"mr_ivw_mre",15,0.351894917446535,0.66089717621025,-0.943439745409776,1.64722958030285,0.594414136759303,"estimated","","",1572,0.992268392990782,FALSE
"reverse|GCST90670597","ed_2025_eur_reverse_exposure","GCST90670597","Gut microbiome species presence (Lacticaseibacillus paracasei, GCF_000829035.1)","taxon:lacticaseibacillus paracasei","primary","GCST90670597","EUR","reverse_sensitivity","microbiome_trait_units_per_standardized_ED_exposure",15,"estimable","reverse",TRUE,TRUE,"mr_ivw_mre",15,0.440159305593483,0.828013008612907,-1.18271637001847,2.06303498120543,0.595013447315153,"estimated","","",1572,0.992268392990782,FALSE
"reverse|GCST90671679","ed_2025_eur_reverse_exposure","GCST90671679","Gut microbiome family abundance (Eggerthellaceae)","taxon:eggerthellaceae","primary","GCST90671679","EUR","reverse_sensitivity","microbiome_trait_units_per_standardized_ED_exposure",17,"estimable","reverse",TRUE,TRUE,"mr_ivw_mre",17,0.113614901667593,0.214445364513847,-0.306690289431111,0.533920092766296,0.596244954543515,"estimated","","",1572,0.992268392990782,FALSE
"reverse|GCST90670481","ed_2025_eur_reverse_exposure","GCST90670481","Gut microbiome species abundance (Flavonifractor plautii, GCF_000239295.1)","taxon:flavonifractor plautii","primary","GCST90670481","EUR","reverse_sensitivity","microbiome_trait_units_per_standardized_ED_exposure",17,"estimable","reverse",TRUE,TRUE,"mr_ivw_mre",17,0.11749727493135,0.222313448853573,-0.318229078100541,0.55322362796324,0.597137935882657,"estimated","","",1572,0.992268392990782,FALSE
"reverse|GCST90670538","ed_2025_eur_reverse_exposure","GCST90670538","Gut microbiome species presence (Faecalibacterium prausnitzii J, GCF_003287405.1)","taxon:faecalibacterium prausnitzii j","primary","GCST90670538","EUR","reverse_sensitivity","microbiome_trait_units_per_standardized_ED_exposure",15,"estimable","reverse",TRUE,TRUE,"mr_ivw_mre",15,0.338728961229263,0.641211249271238,-0.918021993824299,1.59547991628282,0.597315960885478,"estimated","","",1572,0.992268392990782,FALSE
"reverse|GCST90671153","ed_2025_eur_reverse_exposure","GCST90671153","Gut microbiome species presence (Butyricicoccus A intestinisimiae, GCF_018918345.1)","taxon:butyricicoccus a intestinisimiae","primary","GCST90671153","EUR","reverse_sensitivity","microbiome_trait_units_per_standardized_ED_exposure",15,"estimable","reverse",TRUE,TRUE,"mr_ivw_mre",15,-0.379000498658026,0.718090761457284,-1.78643252874525,1.02843153142919,0.59764570210842,"estimated","","",1572,0.992268392990782,FALSE
"reverse|GCST90670810","ed_2025_eur_reverse_exposure","GCST90670810","Gut microbiome species presence (Faecousia sp900544405, GCA_900544405.1)","taxon:faecousia sp900544405","primary","GCST90670810","EUR","reverse_sensitivity","microbiome_trait_units_per_standardized_ED_exposure",15,"estimable","reverse",TRUE,TRUE,"mr_ivw_mre",15,0.308743922069746,0.585188496983678,-0.838204456185389,1.45569230032488,0.597778806808481,"estimated","","",1572,0.992268392990782,FALSE
"reverse|GCST90670576","ed_2025_eur_reverse_exposure","GCST90670576","Gut microbiome species presence (Phocaeicola massiliensis, GCF_000382445.1)","taxon:phocaeicola massiliensis","primary","GCST90670576","EUR","reverse_sensitivity","microbiome_trait_units_per_standardized_ED_exposure",15,"estimable","reverse",TRUE,TRUE,"mr_ivw_mre",15,0.28921855083285,0.549810571201695,-0.788390367041866,1.36682746870757,0.598865219801323,"estimated","","",1572,0.992268392990782,FALSE
"reverse|GCST90670580","ed_2025_eur_reverse_exposure","GCST90670580","Gut microbiome species presence (CAG-238 sp000435615, GCA_000435615.1)","taxon:cag-238 sp000435615","primary","GCST90670580","EUR","reverse_sensitivity","microbiome_trait_units_per_standardized_ED_exposure",15,"estimable","reverse",TRUE,TRUE,"mr_ivw_mre",15,0.392485704548036,0.746937035322603,-1.07148398340339,1.85645539249946,0.599263294806748,"estimated","","",1572,0.992268392990782,FALSE
"reverse|GCST90670844","ed_2025_eur_reverse_exposure","GCST90670844","Gut microbiome species presence (UMGS1484 sp902388225, GCA_902388225.1)","taxon:umgs1484 sp902388225","primary","GCST90670844","EUR","reverse_sensitivity","microbiome_trait_units_per_standardized_ED_exposure",15,"estimable","reverse",TRUE,TRUE,"mr_ivw_mre",15,0.365962860903178,0.697005726380385,-1.00014325982056,1.73206898162691,0.599548428811391,"estimated","","",1572,0.992268392990782,FALSE
"reverse|GCST90671053","ed_2025_eur_reverse_exposure","GCST90671053","Gut microbiome species presence (Christensenella hongkongensis, GCF_000981035.1)","taxon:christensenella hongkongensis","primary","GCST90671053","EUR","reverse_sensitivity","microbiome_trait_units_per_standardized_ED_exposure",15,"estimable","reverse",TRUE,TRUE,"mr_ivw_mre",15,0.310194620562223,0.591009061700874,-0.848161854908299,1.46855109603275,0.599683335785853,"estimated","","",1572,0.992268392990782,FALSE
"reverse|GCST90670732","ed_2025_eur_reverse_exposure","GCST90670732","Gut microbiome species presence (CAG-269 sp905213875, GCA_905213875.1)","taxon:cag-269 sp905213875","primary","GCST90670732","EUR","reverse_sensitivity","microbiome_trait_units_per_standardized_ED_exposure",15,"estimable","reverse",TRUE,TRUE,"mr_ivw_mre",15,0.436584107737941,0.834073711422014,-1.19817032710086,2.07133854257674,0.600670960408839,"estimated","","",1572,0.992268392990782,FALSE
"reverse|GCST90670960","ed_2025_eur_reverse_exposure","GCST90670960","Gut microbiome species abundance (Ventrisoma faecale, GCA_001304875.1)","taxon:ventrisoma faecale","primary","GCST90670960","EUR","reverse_sensitivity","microbiome_trait_units_per_standardized_ED_exposure",17,"estimable","reverse",TRUE,TRUE,"mr_ivw_mre",17,0.107348238400755,0.205474750376872,-0.295374872070272,0.510071348871782,0.601363978502604,"estimated","","",1572,0.992268392990782,FALSE
"reverse|GCST90671546","ed_2025_eur_reverse_exposure","GCST90671546","Gut microbiome genus abundance (Ventrisoma)","taxon:ventrisoma","primary","GCST90671546","EUR","reverse_sensitivity","microbiome_trait_units_per_standardized_ED_exposure",17,"estimable","reverse",TRUE,TRUE,"mr_ivw_mre",17,0.107348238400755,0.205474750376872,-0.295374872070272,0.510071348871782,0.601363978502604,"estimated","","",1572,0.992268392990782,FALSE
"reverse|GCST90670630","ed_2025_eur_reverse_exposure","GCST90670630","Gut microbiome species presence (Clostridium sp001916075, GCF_014287815.1)","taxon:clostridium sp001916075","primary","GCST90670630","EUR","reverse_sensitivity","microbiome_trait_units_per_standardized_ED_exposure",15,"estimable","reverse",TRUE,TRUE,"mr_ivw_mre",15,0.28472363260821,0.546317682491288,-0.786039349192103,1.35548661440852,0.602249312143639,"estimated","","",1572,0.992268392990782,FALSE
"reverse|GCST90670464","ed_2025_eur_reverse_exposure","GCST90670464","Gut microbiome species presence (Limisoma sp000437795, GCA_022009815.1)","taxon:limisoma sp000437795","primary","GCST90670464","EUR","reverse_sensitivity","microbiome_trait_units_per_standardized_ED_exposure",15,"estimable","reverse",TRUE,TRUE,"mr_ivw_mre",15,-0.427290614021545,0.82046132543325,-2.03536526257871,1.18078403453562,0.602510895931899,"estimated","","",1572,0.992268392990782,FALSE
"reverse|GCST90671378","ed_2025_eur_reverse_exposure","GCST90671378","Gut microbiome genus abundance (Adlercreutzia)","taxon:adlercreutzia","primary","GCST90671378","EUR","reverse_sensitivity","microbiome_trait_units_per_standardized_ED_exposure",17,"estimable","reverse",TRUE,TRUE,"mr_ivw_mre",17,0.113717723767679,0.218527792723952,-0.314588879592301,0.54202432712766,0.602798010369645,"estimated","","",1572,0.992268392990782,FALSE
"reverse|GCST90671062","ed_2025_eur_reverse_exposure","GCST90671062","Gut microbiome species presence (Faecimorpha sp900764045, GCA_900764045.1)","taxon:faecimorpha sp900764045","primary","GCST90671062","EUR","reverse_sensitivity","microbiome_trait_units_per_standardized_ED_exposure",15,"estimable","reverse",TRUE,TRUE,"mr_ivw_mre",15,0.348040696891302,0.66915434643306,-0.963477722215933,1.65955911599854,0.60297979553611,"estimated","","",1572,0.992268392990782,FALSE
"reverse|GCST90671429","ed_2025_eur_reverse_exposure","GCST90671429","Gut microbiome genus presence (Aphodomorpha)","taxon:aphodomorpha","primary","GCST90671429","EUR","reverse_sensitivity","microbiome_trait_units_per_standardized_ED_exposure",15,"estimable","reverse",TRUE,TRUE,"mr_ivw_mre",15,-0.377110123947216,0.727857993964179,-1.80368557797658,1.04946533008215,0.604381889031955,"estimated","","",1572,0.992268392990782,FALSE
"reverse|GCST90670532","ed_2025_eur_reverse_exposure","GCST90670532","Gut microbiome species abundance (Blautia A sp000436615, GCF_003461245.1)","taxon:blautia a sp000436615","primary","GCST90670532","EUR","reverse_sensitivity","microbiome_trait_units_per_standardized_ED_exposure",17,"estimable","reverse",TRUE,TRUE,"mr_ivw_mre",17,0.10349343119203,0.199847445171398,-0.288200363746252,0.495187226130313,0.604554439490306,"estimated","","",1572,0.992268392990782,FALSE
"reverse|GCST90671033","ed_2025_eur_reverse_exposure","GCST90671033","Gut microbiome species presence (Ventricola sp900548125, GCA_900548125.1)","taxon:ventricola sp900548125","primary","GCST90671033","EUR","reverse_sensitivity","microbiome_trait_units_per_standardized_ED_exposure",15,"estimable","reverse",TRUE,TRUE,"mr_ivw_mre",15,0.360883238846776,0.697260459178529,-1.005722148987,1.72748862668055,0.604756172707674,"estimated","","",1572,0.992268392990782,FALSE
"reverse|GCST90670459","ed_2025_eur_reverse_exposure","GCST90670459","Gut microbiome species presence (CAG-103 sp900543625, GCA_900543625.1)","taxon:cag-103 sp900543625","primary","GCST90670459","EUR","reverse_sensitivity","microbiome_trait_units_per_standardized_ED_exposure",15,"estimable","reverse",TRUE,TRUE,"mr_ivw_mre",15,-0.288960975481263,0.559604379396426,-1.38576540468915,0.807843453726619,0.605598432744823,"estimated","","",1572,0.992268392990782,FALSE
"reverse|GCST90671771","ed_2025_eur_reverse_exposure","GCST90671771","Gut microbiome order presence (Victivallales)","taxon:victivallales","primary","GCST90671771","EUR","reverse_sensitivity","microbiome_trait_units_per_standardized_ED_exposure",15,"estimable","reverse",TRUE,TRUE,"mr_ivw_mre",15,0.273044963251227,0.530381988270941,-0.766484631808562,1.31257455831102,0.606687098766622,"estimated","","",1572,0.992268392990782,FALSE
"reverse|GCST90670946","ed_2025_eur_reverse_exposure","GCST90670946","Gut microbiome species presence (Scatomorpha stercorigallinarum, GCA_018713375.1)","taxon:scatomorpha stercorigallinarum","primary","GCST90670946","EUR","reverse_sensitivity","microbiome_trait_units_per_standardized_ED_exposure",15,"estimable","reverse",TRUE,TRUE,"mr_ivw_mre",15,0.477672785387188,0.928034529013463,-1.34124146788879,2.29658703866317,0.606752571976255,"estimated","","",1572,0.992268392990782,FALSE
"reverse|GCST90670879","ed_2025_eur_reverse_exposure","GCST90670879","Gut microbiome species presence (Clostridium AQ sp000165065, GCA_017161075.1)","taxon:clostridium aq sp000165065","primary","GCST90670879","EUR","reverse_sensitivity","microbiome_trait_units_per_standardized_ED_exposure",15,"estimable","reverse",TRUE,TRUE,"mr_ivw_mre",15,0.477120432737271,0.92716180564451,-1.34008331416709,2.29432417964164,0.606830328044961,"estimated","","",1572,0.992268392990782,FALSE
"reverse|GCST90670806","ed_2025_eur_reverse_exposure","GCST90670806","Gut microbiome species presence (Allisonella histaminiformans, GCF_900103425.1)","taxon:allisonella histaminiformans","primary","GCST90670806","EUR","reverse_sensitivity","microbiome_trait_units_per_standardized_ED_exposure",15,"estimable","reverse",TRUE,TRUE,"mr_ivw_mre",15,0.356825032816459,0.696809040142446,-1.00889558996466,1.72254565559758,0.608591948420429,"estimated","","",1572,0.992268392990782,FALSE
"reverse|GCST90671266","ed_2025_eur_reverse_exposure","GCST90671266","Gut microbiome species presence (Massilimicrobiota sp944325245, GCA_944325245.1)","taxon:massilimicrobiota sp944325245","primary","GCST90671266","EUR","reverse_sensitivity","microbiome_trait_units_per_standardized_ED_exposure",15,"estimable","reverse",TRUE,TRUE,"mr_ivw_mre",15,0.421183965150823,0.825282911949121,-1.19634081932579,2.03870874962744,0.609805574025444,"estimated","","",1572,0.992268392990782,FALSE
"reverse|GCST90671274","ed_2025_eur_reverse_exposure","GCST90671274","Gut microbiome species presence (Bianquea sp019423265, GCA_019423265.1)","taxon:bianquea sp019423265","primary","GCST90671274","EUR","reverse_sensitivity","microbiome_trait_units_per_standardized_ED_exposure",15,"estimable","reverse",TRUE,TRUE,"mr_ivw_mre",15,0.307498380248413,0.604461977002949,-0.877225324701245,1.49222208519807,0.6109525801039,"estimated","","",1572,0.992268392990782,FALSE
"reverse|GCST90671647","ed_2025_eur_reverse_exposure","GCST90671647","Gut microbiome genus presence (Feifania)","taxon:feifania","primary","GCST90671647","EUR","reverse_sensitivity","microbiome_trait_units_per_standardized_ED_exposure",15,"estimable","reverse",TRUE,TRUE,"mr_ivw_mre",15,-0.266221288166986,0.525350091519777,-1.29588854682057,0.763445970486597,0.612330070314493,"estimated","","",1572,0.992268392990782,FALSE
"reverse|GCST90671411","ed_2025_eur_reverse_exposure","GCST90671411","Gut microbiome genus abundance (Evtepia)","taxon:evtepia","primary","GCST90671411","EUR","reverse_sensitivity","microbiome_trait_units_per_standardized_ED_exposure",17,"estimable","reverse",TRUE,TRUE,"mr_ivw_mre",17,-0.129219686864567,0.255161248749671,-0.629326544664188,0.370887170935055,0.612559286708868,"estimated","","",1572,0.992268392990782,FALSE
"reverse|GCST90671685","ed_2025_eur_reverse_exposure","GCST90671685","Gut microbiome family presence (Mycobacteriaceae)","taxon:mycobacteriaceae","primary","GCST90671685","EUR","reverse_sensitivity","microbiome_trait_units_per_standardized_ED_exposure",15,"estimable","reverse",TRUE,TRUE,"mr_ivw_mre",15,-0.384050265185747,0.759767000752671,-1.873166223303,1.10506569293151,0.613218746253157,"estimated","","",1572,0.992268392990782,FALSE
"reverse|GCST90671761","ed_2025_eur_reverse_exposure","GCST90671761","Gut microbiome order presence (Mycobacteriales)","taxon:mycobacteriales","primary","GCST90671761","EUR","reverse_sensitivity","microbiome_trait_units_per_standardized_ED_exposure",15,"estimable","reverse",TRUE,TRUE,"mr_ivw_mre",15,-0.384050265185747,0.759767000752671,-1.873166223303,1.10506569293151,0.613218746253157,"estimated","","",1572,0.992268392990782,FALSE
"reverse|GCST90671399","ed_2025_eur_reverse_exposure","GCST90671399","Gut microbiome genus abundance (Lawsonibacter)","taxon:lawsonibacter","primary","GCST90671399","EUR","reverse_sensitivity","microbiome_trait_units_per_standardized_ED_exposure",17,"estimable","reverse",TRUE,TRUE,"mr_ivw_mre",17,-0.114409557504523,0.226463194444462,-0.558269262439559,0.329450147430513,0.613417279743952,"estimated","","",1572,0.992268392990782,FALSE
"reverse|GCST90671058","ed_2025_eur_reverse_exposure","GCST90671058","Gut microbiome species presence (Enterocloster faecavium, GCA_019118585.1)","taxon:enterocloster faecavium","primary","GCST90671058","EUR","reverse_sensitivity","microbiome_trait_units_per_standardized_ED_exposure",15,"estimable","reverse",TRUE,TRUE,"mr_ivw_mre",15,0.595551952039124,1.18082913523287,-1.71883062491287,2.90993452899112,0.614014984594898,"estimated","","",1572,0.992268392990782,FALSE
"reverse|GCST90670837","ed_2025_eur_reverse_exposure","GCST90670837","Gut microbiome species presence (Frisingicoccus sp900757195, GCA_900757195.1)","taxon:frisingicoccus sp900757195","primary","GCST90670837","EUR","reverse_sensitivity","microbiome_trait_units_per_standardized_ED_exposure",15,"estimable","reverse",TRUE,TRUE,"mr_ivw_mre",15,-0.518144598514552,1.02760344867737,-2.53221034831134,1.49592115128224,0.614102419924029,"estimated","","",1572,0.992268392990782,FALSE
"reverse|GCST90670451","ed_2025_eur_reverse_exposure","GCST90670451","Gut microbiome species presence (Ruminococcus E bromii, GCF_002834225.1)","taxon:ruminococcus e bromii","primary","GCST90670451","EUR","reverse_sensitivity","microbiome_trait_units_per_standardized_ED_exposure",15,"estimable","reverse",TRUE,TRUE,"mr_ivw_mre",15,0.476175004988406,0.944667108538344,-1.37533850512634,2.32768851510315,0.614214675331712,"estimated","","",1572,0.992268392990782,FALSE
"reverse|GCST90670818","ed_2025_eur_reverse_exposure","GCST90670818","Gut microbiome species presence (Streptococcus gordonii, GCF_001553855.1)","taxon:streptococcus gordonii","primary","GCST90670818","EUR","reverse_sensitivity","microbiome_trait_units_per_standardized_ED_exposure",15,"estimable","reverse",TRUE,TRUE,"mr_ivw_mre",15,0.331344619784547,0.657723528695254,-0.957769808242748,1.62045904781184,0.614419551908135,"estimated","","",1572,0.992268392990782,FALSE
"reverse|GCST90671179","ed_2025_eur_reverse_exposure","GCST90671179","Gut microbiome species presence (Lactonifactor sp009677585, GCF_009677585.1)","taxon:lactonifactor sp009677585","primary","GCST90671179","EUR","reverse_sensitivity","microbiome_trait_units_per_standardized_ED_exposure",15,"estimable","reverse",TRUE,TRUE,"mr_ivw_mre",15,-0.356240616719933,0.709332552202846,-1.74650687209939,1.03402563865952,0.615513150383672,"estimated","","",1572,0.992268392990782,FALSE
"reverse|GCST90671859","ed_2025_eur_reverse_exposure","GCST90671859","Gut microbiome function abundance (Proline degradation, MF0040)","function:mf0040","primary","GCST90671859","EUR","reverse_sensitivity","microbiome_trait_units_per_standardized_ED_exposure",17,"estimable","reverse",TRUE,TRUE,"mr_ivw_mre",17,0.11383276572401,0.227035816497517,-0.331149257811768,0.558814789259787,0.616098914812627,"estimated","","",1572,0.992268392990782,FALSE
"reverse|GCST90671149","ed_2025_eur_reverse_exposure","GCST90671149","Gut microbiome species abundance (Adlercreutzia hattorii, GCF_011405655.1)","taxon:adlercreutzia hattorii","primary","GCST90671149","EUR","reverse_sensitivity","microbiome_trait_units_per_standardized_ED_exposure",17,"estimable","reverse",TRUE,TRUE,"mr_ivw_mre",17,0.108113522249172,0.215728198642776,-0.314705977540371,0.530933022038714,0.616261203621205,"estimated","","",1572,0.992268392990782,FALSE
"reverse|GCST90671217","ed_2025_eur_reverse_exposure","GCST90671217","Gut microbiome species presence (Faecousia sp934667815, GCA_934667815.1)","taxon:faecousia sp934667815","primary","GCST90671217","EUR","reverse_sensitivity","microbiome_trait_units_per_standardized_ED_exposure",15,"estimable","reverse",TRUE,TRUE,"mr_ivw_mre",15,-0.387205181805028,0.773337391799195,-1.90291861762959,1.12850825401953,0.616586686954545,"estimated","","",1572,0.992268392990782,FALSE
"reverse|GCST90671162","ed_2025_eur_reverse_exposure","GCST90671162","Gut microbiome species abundance (Vescimonas sp900552475, GCA_900552475.1)","taxon:vescimonas sp900552475","primary","GCST90671162","EUR","reverse_sensitivity","microbiome_trait_units_per_standardized_ED_exposure",17,"estimable","reverse",TRUE,TRUE,"mr_ivw_mre",17,0.102512476977218,0.205217303279365,-0.29970604645477,0.504731000409206,0.617405105471766,"estimated","","",1572,0.992268392990782,FALSE
"reverse|GCST90670760","ed_2025_eur_reverse_exposure","GCST90670760","Gut microbiome species abundance (Streptococcus sp001556435, GCF_009738225.1)","taxon:streptococcus sp001556435","primary","GCST90670760","EUR","reverse_sensitivity","microbiome_trait_units_per_standardized_ED_exposure",17,"estimable","reverse",TRUE,TRUE,"mr_ivw_mre",17,0.141416411401379,0.283573131210139,-0.414376712753744,0.697209535556502,0.617994494317953,"estimated","","",1572,0.992268392990782,FALSE
"reverse|GCST90670740","ed_2025_eur_reverse_exposure","GCST90670740","Gut microbiome species presence (CAG-269 sp900556345, GCA_900556345.1)","taxon:cag-269 sp900556345","primary","GCST90670740","EUR","reverse_sensitivity","microbiome_trait_units_per_standardized_ED_exposure",15,"estimable","reverse",TRUE,TRUE,"mr_ivw_mre",15,0.415280353277746,0.833610889560849,-1.21856696738191,2.0491276739374,0.61836387345834,"estimated","","",1572,0.992268392990782,FALSE
"reverse|GCST90670943","ed_2025_eur_reverse_exposure","GCST90670943","Gut microbiome species presence (Pauljensenia bouchesdurhonensis, GCF_900128465.1)","taxon:pauljensenia bouchesdurhonensis","primary","GCST90670943","EUR","reverse_sensitivity","microbiome_trait_units_per_standardized_ED_exposure",15,"estimable","reverse",TRUE,TRUE,"mr_ivw_mre",15,0.377531523651104,0.758136254669457,-1.10838823087512,1.86345127817732,0.618502944055041,"estimated","","",1572,0.992268392990782,FALSE
"reverse|GCST90670619","ed_2025_eur_reverse_exposure","GCST90670619","Gut microbiome species presence (Desulfovibrio sp900556755, GCF_012843875.1)","taxon:desulfovibrio sp900556755","primary","GCST90670619","EUR","reverse_sensitivity","microbiome_trait_units_per_standardized_ED_exposure",15,"estimable","reverse",TRUE,TRUE,"mr_ivw_mre",15,0.376245819082898,0.755624625376314,-1.10475123248625,1.85724287065204,0.618535574111985,"estimated","","",1572,0.992268392990782,FALSE
"reverse|GCST90671880","ed_2025_eur_reverse_exposure","GCST90671880","Gut microbiome function abundance (Bifidobacterium shunt, MF0065)","function:mf0065","primary","GCST90671880","EUR","reverse_sensitivity","microbiome_trait_units_per_standardized_ED_exposure",17,"estimable","reverse",TRUE,TRUE,"mr_ivw_mre",17,0.113262989313533,0.227557799286725,-0.332742101689643,0.559268080316709,0.61867235929502,"estimated","","",1572,0.992268392990782,FALSE
"reverse|GCST90670767","ed_2025_eur_reverse_exposure","GCST90670767","Gut microbiome species presence (Bifidobacterium animalis, GCF_000260715.1)","taxon:bifidobacterium animalis","primary","GCST90670767","EUR","reverse_sensitivity","microbiome_trait_units_per_standardized_ED_exposure",15,"estimable","reverse",TRUE,TRUE,"mr_ivw_mre",15,-0.375746532701325,0.759377971213655,-1.86410000693318,1.11260694153053,0.620735435935538,"estimated","","",1572,0.992268392990782,FALSE
"reverse|GCST90671086","ed_2025_eur_reverse_exposure","GCST90671086","Gut microbiome species presence (Prevotella sp900548585, GCA_900548585.1)","taxon:prevotella sp900548585","primary","GCST90671086","EUR","reverse_sensitivity","microbiome_trait_units_per_standardized_ED_exposure",15,"estimable","reverse",TRUE,TRUE,"mr_ivw_mre",15,-0.50175014785325,1.01495560035195,-2.4910265704503,1.4875262747438,0.621054255761463,"estimated","","",1572,0.992268392990782,FALSE
"reverse|GCST90671798","ed_2025_eur_reverse_exposure","GCST90671798","Gut microbiome class abundance (Alphaproteobacteria)","taxon:alphaproteobacteria","primary","GCST90671798","EUR","reverse_sensitivity","microbiome_trait_units_per_standardized_ED_exposure",17,"estimable","reverse",TRUE,TRUE,"mr_ivw_mre",17,0.101166086418398,0.204957302103673,-0.300542844073295,0.502875016910092,0.621591588566692,"estimated","","",1572,0.992268392990782,FALSE
"reverse|GCST90670842","ed_2025_eur_reverse_exposure","GCST90670842","Gut microbiome species presence (Streptococcus parasanguinis, GCF_000164675.2)","taxon:streptococcus parasanguinis","primary","GCST90670842","EUR","reverse_sensitivity","microbiome_trait_units_per_standardized_ED_exposure",15,"estimable","reverse",TRUE,TRUE,"mr_ivw_mre",15,-0.347504711892372,0.70422020452396,-1.72775094994476,1.03274152616002,0.621687386006782,"estimated","","",1572,0.992268392990782,FALSE
"reverse|GCST90671642","ed_2025_eur_reverse_exposure","GCST90671642","Gut microbiome genus presence (RGIG1902)","taxon:rgig1902","primary","GCST90671642","EUR","reverse_sensitivity","microbiome_trait_units_per_standardized_ED_exposure",15,"estimable","reverse",TRUE,TRUE,"mr_ivw_mre",15,-0.436074045430842,0.88384089990766,-2.16837037731333,1.29622228645164,0.621740416767168,"estimated","","",1572,0.992268392990782,FALSE
"reverse|GCST90670980","ed_2025_eur_reverse_exposure","GCST90670980","Gut microbiome species presence (Emergencia timonensis, GCF_900086585.1)","taxon:emergencia timonensis","primary","GCST90670980","EUR","reverse_sensitivity","microbiome_trait_units_per_standardized_ED_exposure",15,"estimable","reverse",TRUE,TRUE,"mr_ivw_mre",15,0.476346842184204,0.966380232765266,-1.41772360940715,2.37041729377556,0.622070067147873,"estimated","","",1572,0.992268392990782,FALSE
"reverse|GCST90671439","ed_2025_eur_reverse_exposure","GCST90671439","Gut microbiome genus abundance (Schaedlerella)","taxon:schaedlerella","primary","GCST90671439","EUR","reverse_sensitivity","microbiome_trait_units_per_standardized_ED_exposure",17,"estimable","reverse",TRUE,TRUE,"mr_ivw_mre",17,0.146810703332617,0.298863288650393,-0.438950578723352,0.732571985388585,0.623263569776627,"estimated","","",1572,0.992268392990782,FALSE
"reverse|GCST90671392","ed_2025_eur_reverse_exposure","GCST90671392","Gut microbiome genus abundance (Coprobacter)","taxon:coprobacter","primary","GCST90671392","EUR","reverse_sensitivity","microbiome_trait_units_per_standardized_ED_exposure",17,"estimable","reverse",TRUE,TRUE,"mr_ivw_mre",17,0.145637961553413,0.297093548891679,-0.436654694313468,0.727930617420293,0.623985941283576,"estimated","","",1572,0.992268392990782,FALSE
"reverse|GCST90671697","ed_2025_eur_reverse_exposure","GCST90671697","Gut microbiome family abundance (Coprobacteraceae)","taxon:coprobacteraceae","primary","GCST90671697","EUR","reverse_sensitivity","microbiome_trait_units_per_standardized_ED_exposure",17,"estimable","reverse",TRUE,TRUE,"mr_ivw_mre",17,0.145637961553413,0.297093548891679,-0.436654694313468,0.727930617420293,0.623985941283576,"estimated","","",1572,0.992268392990782,FALSE
"reverse|GCST90671389","ed_2025_eur_reverse_exposure","GCST90671389","Gut microbiome genus presence (Limivicinus)","taxon:limivicinus","primary","GCST90671389","EUR","reverse_sensitivity","microbiome_trait_units_per_standardized_ED_exposure",15,"estimable","reverse",TRUE,TRUE,"mr_ivw_mre",15,0.25620136540231,0.523861496217826,-0.770548300071894,1.28295103087651,0.624796973083276,"estimated","","",1572,0.992268392990782,FALSE
"reverse|GCST90671363","ed_2025_eur_reverse_exposure","GCST90671363","Gut microbiome genus presence (Desulfovibrio)","taxon:desulfovibrio","primary","GCST90671363","EUR","reverse_sensitivity","microbiome_trait_units_per_standardized_ED_exposure",15,"estimable","reverse",TRUE,TRUE,"mr_ivw_mre",15,0.311162855281108,0.636777901837578,-0.936898898471526,1.55922460903374,0.625088025082778,"estimated","","",1572,0.992268392990782,FALSE
"reverse|GCST90670575","ed_2025_eur_reverse_exposure","GCST90670575","Gut microbiome species presence (Pelethousia gallinarum, GCA_900543475.1)","taxon:pelethousia gallinarum","primary","GCST90670575","EUR","reverse_sensitivity","microbiome_trait_units_per_standardized_ED_exposure",15,"estimable","reverse",TRUE,TRUE,"mr_ivw_mre",15,-0.391713698407261,0.801677095650481,-1.96297193311288,1.17954453629835,0.625112309066176,"estimated","","",1572,0.992268392990782,FALSE
"reverse|GCST90670386","ed_2025_eur_reverse_exposure","GCST90670386","Gut microbiome species presence (CAG-177 sp003514385, GCA_003514385.1)","taxon:cag-177 sp003514385","primary","GCST90670386","EUR","reverse_sensitivity","microbiome_trait_units_per_standardized_ED_exposure",15,"estimable","reverse",TRUE,TRUE,"mr_ivw_mre",15,0.258817314202922,0.529746056504354,-0.779465877497731,1.29710050590358,0.625147114394803,"estimated","","",1572,0.992268392990782,FALSE
"reverse|GCST90670385","ed_2025_eur_reverse_exposure","GCST90670385","Gut microbiome species presence (Bifidobacterium bifidum, GCF_001025135.1)","taxon:bifidobacterium bifidum","primary","GCST90670385","EUR","reverse_sensitivity","microbiome_trait_units_per_standardized_ED_exposure",15,"estimable","reverse",TRUE,TRUE,"mr_ivw_mre",15,-0.294923634339488,0.604057015674147,-1.47885362966956,0.889006360990587,0.625381218481421,"estimated","","",1572,0.992268392990782,FALSE
"reverse|GCST90670867","ed_2025_eur_reverse_exposure","GCST90670867","Gut microbiome species presence (Merdisoma sp900553635, GCA_900553635.1)","taxon:merdisoma sp900553635","primary","GCST90670867","EUR","reverse_sensitivity","microbiome_trait_units_per_standardized_ED_exposure",15,"estimable","reverse",TRUE,TRUE,"mr_ivw_mre",15,0.252883704286406,0.518488844543832,-0.763335757405291,1.2691031659781,0.625739541529259,"estimated","","",1572,0.992268392990782,FALSE
"reverse|GCST90671454","ed_2025_eur_reverse_exposure","GCST90671454","Gut microbiome genus presence (UMGS1865)","taxon:umgs1865","primary","GCST90671454","EUR","reverse_sensitivity","microbiome_trait_units_per_standardized_ED_exposure",15,"estimable","reverse",TRUE,TRUE,"mr_ivw_mre",15,-0.319150280341156,0.654934539078104,-1.60279838916558,0.964497828483268,0.626045012642746,"estimated","","",1572,0.992268392990782,FALSE
"reverse|GCST90671281","ed_2025_eur_reverse_exposure","GCST90671281","Gut microbiome species presence (Feifania hominis, GCF_014384765.1)","taxon:feifania hominis","primary","GCST90671281","EUR","reverse_sensitivity","microbiome_trait_units_per_standardized_ED_exposure",15,"estimable","reverse",TRUE,TRUE,"mr_ivw_mre",15,0.255606398474083,0.527509168966465,-0.778292574214842,1.28950537116301,0.627993126348277,"estimated","","",1572,0.992268392990782,FALSE
"reverse|GCST90670537","ed_2025_eur_reverse_exposure","GCST90670537","Gut microbiome species presence (Alistipes avistercoris, GCA_000434235.1)","taxon:alistipes avistercoris","primary","GCST90670537","EUR","reverse_sensitivity","microbiome_trait_units_per_standardized_ED_exposure",15,"estimable","reverse",TRUE,TRUE,"mr_ivw_mre",15,0.483018225067306,0.999687561827178,-1.47633339190662,2.44236984204123,0.628975612837401,"estimated","","",1572,0.992268392990782,FALSE
"reverse|GCST90671905","ed_2025_eur_reverse_exposure","GCST90671905","Gut microbiome function abundance (Propionate production II, MF0094)","function:mf0094","primary","GCST90671905","EUR","reverse_sensitivity","microbiome_trait_units_per_standardized_ED_exposure",17,"estimable","reverse",TRUE,TRUE,"mr_ivw_mre",17,-0.110473313595375,0.228986556679027,-0.559278717630109,0.338332090439358,0.629490188453505,"estimated","","",1572,0.992268392990782,FALSE
"reverse|GCST90671823","ed_2025_eur_reverse_exposure","GCST90671823","Gut microbiome function abundance (Arabinoxylan degradation, MF0001)","function:mf0001","primary","GCST90671823","EUR","reverse_sensitivity","microbiome_trait_units_per_standardized_ED_exposure",17,"estimable","reverse",TRUE,TRUE,"mr_ivw_mre",17,0.109253655177831,0.226853527585647,-0.3353710886559,0.553878399011562,0.630087005750706,"estimated","","",1572,0.992268392990782,FALSE
"reverse|GCST90671934","ed_2025_eur_reverse_exposure","GCST90671934","Gut microbiome function abundance (g-Hydroxybutyric acid (GHB) degradation, MGB039)","function:mgb039","primary","GCST90671934","EUR","reverse_sensitivity","microbiome_trait_units_per_standardized_ED_exposure",17,"estimable","reverse",TRUE,TRUE,"mr_ivw_mre",17,-0.128749139750154,0.268518000510797,-0.655034749952023,0.397536470451715,0.631596851660187,"estimated","","",1572,0.992268392990782,FALSE
"reverse|GCST90671148","ed_2025_eur_reverse_exposure","GCST90671148","Gut microbiome species presence (Vescimonas sp900548615, GCA_900548615.1)","taxon:vescimonas sp900548615","primary","GCST90671148","EUR","reverse_sensitivity","microbiome_trait_units_per_standardized_ED_exposure",15,"estimable","reverse",TRUE,TRUE,"mr_ivw_mre",15,0.286591888771654,0.599696044368088,-0.888790759860933,1.46197453740424,0.632724765060676,"estimated","","",1572,0.992268392990782,FALSE
"reverse|GCST90670749","ed_2025_eur_reverse_exposure","GCST90670749","Gut microbiome species abundance (Lachnoclostridium B sp900066555, GCF_003477705.1)","taxon:lachnoclostridium b sp900066555","primary","GCST90670749","EUR","reverse_sensitivity","microbiome_trait_units_per_standardized_ED_exposure",17,"estimable","reverse",TRUE,TRUE,"mr_ivw_mre",17,0.106406075246591,0.22315760176547,-0.330974787090061,0.543786937583244,0.633490087074203,"estimated","","",1572,0.992268392990782,FALSE
"reverse|GCST90670857","ed_2025_eur_reverse_exposure","GCST90670857","Gut microbiome species presence (Collinsella bouchesdurhonensis, GCF_900155365.1)","taxon:collinsella bouchesdurhonensis","primary","GCST90670857","EUR","reverse_sensitivity","microbiome_trait_units_per_standardized_ED_exposure",15,"estimable","reverse",TRUE,TRUE,"mr_ivw_mre",15,0.309794174186921,0.650878197617299,-0.965903651465329,1.58549199983917,0.634100481089716,"estimated","","",1572,0.992268392990782,FALSE
"reverse|GCST90670702","ed_2025_eur_reverse_exposure","GCST90670702","Gut microbiome species presence (Enterocloster clostridioformis, GCF_020297485.1)","taxon:enterocloster clostridioformis","primary","GCST90670702","EUR","reverse_sensitivity","microbiome_trait_units_per_standardized_ED_exposure",15,"estimable","reverse",TRUE,TRUE,"mr_ivw_mre",15,-0.313195394767597,0.660028970370667,-1.60682840544716,0.980437615911963,0.635130816015697,"estimated","","",1572,0.992268392990782,FALSE
"reverse|GCST90670522","ed_2025_eur_reverse_exposure","GCST90670522","Gut microbiome species presence (CAG-245 sp000435175, GCA_000435175.1)","taxon:cag-245 sp000435175","primary","GCST90670522","EUR","reverse_sensitivity","microbiome_trait_units_per_standardized_ED_exposure",15,"estimable","reverse",TRUE,TRUE,"mr_ivw_mre",15,0.257079371214241,0.542127526863054,-0.805471056465115,1.3196297988936,0.635354007908896,"estimated","","",1572,0.992268392990782,FALSE
"reverse|GCST90670595","ed_2025_eur_reverse_exposure","GCST90670595","Gut microbiome species presence (Clostridium Q symbiosum, GCF_000466485.1)","taxon:clostridium q symbiosum","primary","GCST90670595","EUR","reverse_sensitivity","microbiome_trait_units_per_standardized_ED_exposure",15,"estimable","reverse",TRUE,TRUE,"mr_ivw_mre",15,-0.321017735846602,0.681451451217113,-1.6566380374447,1.01460256575149,0.637584040423487,"estimated","","",1572,0.992268392990782,FALSE
"reverse|GCST90670824","ed_2025_eur_reverse_exposure","GCST90670824","Gut microbiome species presence (HGM11501 sp900766735, GCA_900766735.1)","taxon:hgm11501 sp900766735","primary","GCST90670824","EUR","reverse_sensitivity","microbiome_trait_units_per_standardized_ED_exposure",15,"estimable","reverse",TRUE,TRUE,"mr_ivw_mre",15,0.349909366417333,0.742957187213719,-1.10625996257674,1.8060786954114,0.637663292742289,"estimated","","",1572,0.992268392990782,FALSE
"reverse|GCST90671710","ed_2025_eur_reverse_exposure","GCST90671710","Gut microbiome family presence (Synergistaceae)","taxon:synergistaceae","primary","GCST90671710","EUR","reverse_sensitivity","microbiome_trait_units_per_standardized_ED_exposure",15,"estimable","reverse",TRUE,TRUE,"mr_ivw_mre",15,0.340642017710637,0.723942547702681,-1.07825930266279,1.75954333808406,0.637971146369652,"estimated","","",1572,0.992268392990782,FALSE
"reverse|GCST90671617","ed_2025_eur_reverse_exposure","GCST90671617","Gut microbiome genus abundance (Thomasclavelia)","taxon:thomasclavelia","primary","GCST90671617","EUR","reverse_sensitivity","microbiome_trait_units_per_standardized_ED_exposure",17,"estimable","reverse",TRUE,TRUE,"mr_ivw_mre",17,-0.113393810439408,0.241441994043964,-0.586611423121112,0.359823802242296,0.638603385404235,"estimated","","",1572,0.992268392990782,FALSE
"reverse|GCST90670511","ed_2025_eur_reverse_exposure","GCST90670511","Gut microbiome species presence (F23-B02 sp001916715, GCA_001916715.1)","taxon:f23-b02 sp001916715","primary","GCST90670511","EUR","reverse_sensitivity","microbiome_trait_units_per_standardized_ED_exposure",15,"estimable","reverse",TRUE,TRUE,"mr_ivw_mre",15,0.263560713795472,0.561225000335679,-0.836420074085938,1.36354150167688,0.63862878779849,"estimated","","",1572,0.992268392990782,FALSE
"reverse|GCST90671463","ed_2025_eur_reverse_exposure","GCST90671463","Gut microbiome genus presence (Coprobacillus)","taxon:coprobacillus","primary","GCST90671463","EUR","reverse_sensitivity","microbiome_trait_units_per_standardized_ED_exposure",15,"estimable","reverse",TRUE,TRUE,"mr_ivw_mre",15,-0.378148609006689,0.806018146691866,-1.95791514740847,1.20161792939509,0.638957814780007,"estimated","","",1572,0.992268392990782,FALSE
"reverse|GCST90671503","ed_2025_eur_reverse_exposure","GCST90671503","Gut microbiome genus abundance (Marvinbryantia)","taxon:marvinbryantia","primary","GCST90671503","EUR","reverse_sensitivity","microbiome_trait_units_per_standardized_ED_exposure",17,"estimable","reverse",TRUE,TRUE,"mr_ivw_mre",17,-0.129111665888604,0.276346813366906,-0.670741467330151,0.412518135552943,0.640350490913582,"estimated","","",1572,0.992268392990782,FALSE
"reverse|GCST90671461","ed_2025_eur_reverse_exposure","GCST90671461","Gut microbiome genus abundance (UMGS1975)","taxon:umgs1975","primary","GCST90671461","EUR","reverse_sensitivity","microbiome_trait_units_per_standardized_ED_exposure",17,"estimable","reverse",TRUE,TRUE,"mr_ivw_mre",17,0.10370830051101,0.222230534025713,-0.331855542444491,0.53927214346651,0.640736070004755,"estimated","","",1572,0.992268392990782,FALSE
"reverse|GCST90671713","ed_2025_eur_reverse_exposure","GCST90671713","Gut microbiome family abundance (QAND01)","taxon:qand01","primary","GCST90671713","EUR","reverse_sensitivity","microbiome_trait_units_per_standardized_ED_exposure",17,"estimable","reverse",TRUE,TRUE,"mr_ivw_mre",17,0.10370830051101,0.222230534025713,-0.331855542444491,0.53927214346651,0.640736070004755,"estimated","","",1572,0.992268392990782,FALSE
"reverse|GCST90670908","ed_2025_eur_reverse_exposure","GCST90670908","Gut microbiome species presence (Scatomorpha sp900759385, GCA_900759385.1)","taxon:scatomorpha sp900759385","primary","GCST90670908","EUR","reverse_sensitivity","microbiome_trait_units_per_standardized_ED_exposure",15,"estimable","reverse",TRUE,TRUE,"mr_ivw_mre",15,0.356016397477962,0.763808739543478,-1.14102122310419,1.85305401806011,0.641139102935199,"estimated","","",1572,0.992268392990782,FALSE
"reverse|GCST90671355","ed_2025_eur_reverse_exposure","GCST90671355","Gut microbiome genus abundance (UBA11774)","taxon:uba11774","primary","GCST90671355","EUR","reverse_sensitivity","microbiome_trait_units_per_standardized_ED_exposure",17,"estimable","reverse",TRUE,TRUE,"mr_ivw_mre",17,0.102377151470564,0.220596505145573,-0.329984053730164,0.534738356671291,0.642581579163697,"estimated","","",1572,0.992268392990782,FALSE
"reverse|GCST90670556","ed_2025_eur_reverse_exposure","GCST90670556","Gut microbiome species abundance (Intestinibacter bartlettii, GCA_025148965.1)","taxon:intestinibacter bartlettii","primary","GCST90670556","EUR","reverse_sensitivity","microbiome_trait_units_per_standardized_ED_exposure",17,"estimable","reverse",TRUE,TRUE,"mr_ivw_mre",17,0.111647119284387,0.240618487346326,-0.359956449928919,0.583250688497693,0.642647325332274,"estimated","","",1572,0.992268392990782,FALSE
"reverse|GCST90670944","ed_2025_eur_reverse_exposure","GCST90670944","Gut microbiome species presence (Pelethomonas sp900555795, GCA_900555795.1)","taxon:pelethomonas sp900555795","primary","GCST90670944","EUR","reverse_sensitivity","microbiome_trait_units_per_standardized_ED_exposure",15,"estimable","reverse",TRUE,TRUE,"mr_ivw_mre",15,0.382512938588377,0.825160966920067,-1.2347728380232,1.99979871519995,0.642961871155496,"estimated","","",1572,0.992268392990782,FALSE
"reverse|GCST90671030","ed_2025_eur_reverse_exposure","GCST90671030","Gut microbiome species presence (Clostridium A hMGS.03194, )","taxon:clostridium a hmgs.03194,","primary","GCST90671030","EUR","reverse_sensitivity","microbiome_trait_units_per_standardized_ED_exposure",15,"estimable","reverse",TRUE,TRUE,"mr_ivw_mre",15,0.307478738359301,0.66381558820333,-0.993575906895498,1.6085333836141,0.643221709512612,"estimated","","",1572,0.992268392990782,FALSE
"reverse|GCST90671543","ed_2025_eur_reverse_exposure","GCST90671543","Gut microbiome genus presence (UMGS1783)","taxon:umgs1783","primary","GCST90671543","EUR","reverse_sensitivity","microbiome_trait_units_per_standardized_ED_exposure",15,"estimable","reverse",TRUE,TRUE,"mr_ivw_mre",15,0.244611182832377,0.529861913615795,-0.793899084634053,1.28312145029881,0.644331749803527,"estimated","","",1572,0.992268392990782,FALSE
"reverse|GCST90671725","ed_2025_eur_reverse_exposure","GCST90671725","Gut microbiome family presence (UMGS1783)","taxon:umgs1783","primary","GCST90671725","EUR","reverse_sensitivity","microbiome_trait_units_per_standardized_ED_exposure",15,"estimable","reverse",TRUE,TRUE,"mr_ivw_mre",15,0.244611182832377,0.529861913615795,-0.793899084634053,1.28312145029881,0.644331749803527,"estimated","","",1572,0.992268392990782,FALSE
"reverse|GCST90670534","ed_2025_eur_reverse_exposure","GCST90670534","Gut microbiome species abundance (Acutalibacter ornithocaccae, GCA_000435395.1)","taxon:acutalibacter ornithocaccae","primary","GCST90670534","EUR","reverse_sensitivity","microbiome_trait_units_per_standardized_ED_exposure",17,"estimable","reverse",TRUE,TRUE,"mr_ivw_mre",17,-0.0950819414847914,0.206576498582065,-0.499964438758029,0.309800555788446,0.645319039273077,"estimated","","",1572,0.992268392990782,FALSE
"reverse|GCST90671921","ed_2025_eur_reverse_exposure","GCST90671921","Gut microbiome function abundance (Dopamine synthesis, MGB012)","function:mgb012","primary","GCST90671921","EUR","reverse_sensitivity","microbiome_trait_units_per_standardized_ED_exposure",17,"estimable","reverse",TRUE,TRUE,"mr_ivw_mre",17,-0.117933563946348,0.25632713289535,-0.620325512681647,0.38445838478895,0.645451584140709,"estimated","","",1572,0.992268392990782,FALSE
"reverse|GCST90671359","ed_2025_eur_reverse_exposure","GCST90671359","Gut microbiome genus abundance (Ventricola)","taxon:ventricola","primary","GCST90671359","EUR","reverse_sensitivity","microbiome_trait_units_per_standardized_ED_exposure",17,"estimable","reverse",TRUE,TRUE,"mr_ivw_mre",17,0.103967685056899,0.225988806885343,-0.33896223734755,0.546897607461348,0.645475458320582,"estimated","","",1572,0.992268392990782,FALSE
"reverse|GCST90671376","ed_2025_eur_reverse_exposure","GCST90671376","Gut microbiome genus abundance (Angelakisella)","taxon:angelakisella","primary","GCST90671376","EUR","reverse_sensitivity","microbiome_trait_units_per_standardized_ED_exposure",17,"estimable","reverse",TRUE,TRUE,"mr_ivw_mre",17,0.0938287028395418,0.204727655312869,-0.307430128213011,0.495087533892095,0.646729842027728,"estimated","","",1572,0.992268392990782,FALSE
"reverse|GCST90670832","ed_2025_eur_reverse_exposure","GCST90670832","Gut microbiome species presence (Blautia sp001304935, GCF_020215665.1)","taxon:blautia sp001304935","primary","GCST90670832","EUR","reverse_sensitivity","microbiome_trait_units_per_standardized_ED_exposure",15,"estimable","reverse",TRUE,TRUE,"mr_ivw_mre",15,-0.325572337952079,0.712855354541385,-1.72274315903972,1.07159848313557,0.647875298085129,"estimated","","",1572,0.992268392990782,FALSE
"reverse|GCST90671565","ed_2025_eur_reverse_exposure","GCST90671565","Gut microbiome genus abundance (Pseudoflavonifractor)","taxon:pseudoflavonifractor","primary","GCST90671565","EUR","reverse_sensitivity","microbiome_trait_units_per_standardized_ED_exposure",17,"estimable","reverse",TRUE,TRUE,"mr_ivw_mre",17,-0.10688797588257,0.234735867175092,-0.566961821425527,0.353185869660388,0.648854399807215,"estimated","","",1572,0.992268392990782,FALSE
"reverse|GCST90671381","ed_2025_eur_reverse_exposure","GCST90671381","Gut microbiome genus presence (Pelethousia)","taxon:pelethousia","primary","GCST90671381","EUR","reverse_sensitivity","microbiome_trait_units_per_standardized_ED_exposure",15,"estimable","reverse",TRUE,TRUE,"mr_ivw_mre",15,-0.340638185364866,0.749292478649713,-1.80922445740505,1.12794808667532,0.649387600136257,"estimated","","",1572,0.992268392990782,FALSE
"reverse|GCST90671042","ed_2025_eur_reverse_exposure","GCST90671042","Gut microbiome species abundance (Blautia A sp000285855, GCA_000285855.2)","taxon:blautia a sp000285855","primary","GCST90671042","EUR","reverse_sensitivity","microbiome_trait_units_per_standardized_ED_exposure",17,"estimable","reverse",TRUE,TRUE,"mr_ivw_mre",17,-0.113962932031737,0.25074032547482,-0.605404939434236,0.377479075370761,0.649464818875313,"estimated","","",1572,0.992268392990782,FALSE
"reverse|GCST90670698","ed_2025_eur_reverse_exposure","GCST90670698","Gut microbiome species presence (Negativibacillus faecipullorum, GCA_900547455.1)","taxon:negativibacillus faecipullorum","primary","GCST90670698","EUR","reverse_sensitivity","microbiome_trait_units_per_standardized_ED_exposure",15,"estimable","reverse",TRUE,TRUE,"mr_ivw_mre",15,0.283301675523407,0.623615480826981,-0.938962207099104,1.50556555814592,0.649620806480564,"estimated","","",1572,0.992268392990782,FALSE
"reverse|GCST90671219","ed_2025_eur_reverse_exposure","GCST90671219","Gut microbiome species presence (UMGS1449 sp934087515, GCA_934087515.1)","taxon:umgs1449 sp934087515","primary","GCST90671219","EUR","reverse_sensitivity","microbiome_trait_units_per_standardized_ED_exposure",15,"estimable","reverse",TRUE,TRUE,"mr_ivw_mre",15,-0.473052394602172,1.04183118172718,-2.51500398875825,1.56889919955391,0.649786659046574,"estimated","","",1572,0.992268392990782,FALSE
"reverse|GCST90671913","ed_2025_eur_reverse_exposure","GCST90671913","Gut microbiome function abundance (Serotonin synthesis I, MGB001)","function:mgb001","primary","GCST90671913","EUR","reverse_sensitivity","microbiome_trait_units_per_standardized_ED_exposure",17,"estimable","reverse",TRUE,TRUE,"mr_ivw_mre",17,0.100893127596015,0.222433087705102,-0.335067713276025,0.536853968468054,0.650124912443951,"estimated","","",1572,0.992268392990782,FALSE
"reverse|GCST90670400","ed_2025_eur_reverse_exposure","GCST90670400","Gut microbiome species abundance (Ruminococcus B gnavus, GCF_008121495.1)","taxon:ruminococcus b gnavus","primary","GCST90670400","EUR","reverse_sensitivity","microbiome_trait_units_per_standardized_ED_exposure",17,"estimable","reverse",TRUE,TRUE,"mr_ivw_mre",17,-0.104907705427172,0.231557812602853,-0.558752678467639,0.348937267613294,0.650511374680439,"estimated","","",1572,0.992268392990782,FALSE
"reverse|GCST90670901","ed_2025_eur_reverse_exposure","GCST90670901","Gut microbiome species presence (HGM11507 sp900761005, GCF_018918095.1)","taxon:hgm11507 sp900761005","primary","GCST90670901","EUR","reverse_sensitivity","microbiome_trait_units_per_standardized_ED_exposure",15,"estimable","reverse",TRUE,TRUE,"mr_ivw_mre",15,-0.397007581308469,0.877017085937589,-2.11592948357241,1.32191432095548,0.650779604539675,"estimated","","",1572,0.992268392990782,FALSE
"reverse|GCST90671061","ed_2025_eur_reverse_exposure","GCST90671061","Gut microbiome species presence (Faecaligallichristensenella faecipullorum, GCA_018716505.1)","taxon:faecaligallichristensenella faecipullorum","primary","GCST90671061","EUR","reverse_sensitivity","microbiome_trait_units_per_standardized_ED_exposure",15,"estimable","reverse",TRUE,TRUE,"mr_ivw_mre",15,-0.276429839095155,0.610976069207182,-1.47392093015708,0.921061251966772,0.650952241003657,"estimated","","",1572,0.992268392990782,FALSE
"reverse|GCST90671017","ed_2025_eur_reverse_exposure","GCST90671017","Gut microbiome species presence (RGIG9041 sp017937065, GCA_017937065.1)","taxon:rgig9041 sp017937065","primary","GCST90671017","EUR","reverse_sensitivity","microbiome_trait_units_per_standardized_ED_exposure",15,"estimable","reverse",TRUE,TRUE,"mr_ivw_mre",15,0.338026870086407,0.748965570701881,-1.12991867414977,1.80597241432258,0.651755344676678,"estimated","","",1572,0.992268392990782,FALSE
"reverse|GCST90671933","ed_2025_eur_reverse_exposure","GCST90671933","Gut microbiome function abundance (Inositol degradation, MGB038)","function:mgb038","primary","GCST90671933","EUR","reverse_sensitivity","microbiome_trait_units_per_standardized_ED_exposure",17,"estimable","reverse",TRUE,TRUE,"mr_ivw_mre",17,-0.102484145871507,0.227452484237166,-0.548282823170517,0.343314531427503,0.652296703416693,"estimated","","",1572,0.992268392990782,FALSE
"reverse|GCST90671127","ed_2025_eur_reverse_exposure","GCST90671127","Gut microbiome species presence (Prevotella copri hMGS.05753, )","taxon:prevotella copri hmgs.05753,","primary","GCST90671127","EUR","reverse_sensitivity","microbiome_trait_units_per_standardized_ED_exposure",15,"estimable","reverse",TRUE,TRUE,"mr_ivw_mre",15,-0.275952241658827,0.612472554865664,-1.47637639071476,0.924471907397105,0.652310694395091,"estimated","","",1572,0.992268392990782,FALSE
"reverse|GCST90670501","ed_2025_eur_reverse_exposure","GCST90670501","Gut microbiome species abundance (UBA11774 sp003507655, GCA_003507655.1)","taxon:uba11774 sp003507655","primary","GCST90670501","EUR","reverse_sensitivity","microbiome_trait_units_per_standardized_ED_exposure",17,"estimable","reverse",TRUE,TRUE,"mr_ivw_mre",17,0.0993133791322184,0.220596505145573,-0.333047826068509,0.531674584332946,0.652563515321617,"estimated","","",1572,0.992268392990782,FALSE
"reverse|GCST90670910","ed_2025_eur_reverse_exposure","GCST90670910","Gut microbiome species abundance (Turicibacter sanguinis, GCF_013046825.1)","taxon:turicibacter sanguinis","primary","GCST90670910","EUR","reverse_sensitivity","microbiome_trait_units_per_standardized_ED_exposure",17,"estimable","reverse",TRUE,TRUE,"mr_ivw_mre",17,-0.0882833384201921,0.196129347688238,-0.472689796200472,0.296123119360087,0.652618047588997,"estimated","","",1572,0.992268392990782,FALSE
"reverse|GCST90670729","ed_2025_eur_reverse_exposure","GCST90670729","Gut microbiome species presence (Victivallis lenta, GCF_009695545.1)","taxon:victivallis lenta","primary","GCST90670729","EUR","reverse_sensitivity","microbiome_trait_units_per_standardized_ED_exposure",15,"estimable","reverse",TRUE,TRUE,"mr_ivw_mre",15,0.278451763632698,0.619932345383107,-0.936593306169637,1.49349683343503,0.653312806196413,"estimated","","",1572,0.992268392990782,FALSE
"reverse|GCST90671516","ed_2025_eur_reverse_exposure","GCST90671516","Gut microbiome genus presence (UBA10677)","taxon:uba10677","primary","GCST90671516","EUR","reverse_sensitivity","microbiome_trait_units_per_standardized_ED_exposure",15,"estimable","reverse",TRUE,TRUE,"mr_ivw_mre",15,0.25670126348266,0.571514374824776,-0.863446327820826,1.37684885478615,0.653316408297392,"estimated","","",1572,0.992268392990782,FALSE
"reverse|GCST90671163","ed_2025_eur_reverse_exposure","GCST90671163","Gut microbiome species abundance (Lentihominibacter faecis, GCF_014306095.1)","taxon:lentihominibacter faecis","primary","GCST90671163","EUR","reverse_sensitivity","microbiome_trait_units_per_standardized_ED_exposure",17,"estimable","reverse",TRUE,TRUE,"mr_ivw_mre",17,-0.0990764101226519,0.220596505145573,-0.53143761532338,0.333284795078076,0.65333820144137,"estimated","","",1572,0.992268392990782,FALSE
"reverse|GCST90670667","ed_2025_eur_reverse_exposure","GCST90670667","Gut microbiome species abundance (Faecalibacterium sp900539885, GCF_023347535.1)","taxon:faecalibacterium sp900539885","primary","GCST90670667","EUR","reverse_sensitivity","microbiome_trait_units_per_standardized_ED_exposure",17,"estimable","reverse",TRUE,TRUE,"mr_ivw_mre",17,-0.11577407976739,0.257988008171923,-0.621421284227584,0.389873124692804,0.65360652711619,"estimated","","",1572,0.992268392990782,FALSE
"reverse|GCST90670942","ed_2025_eur_reverse_exposure","GCST90670942","Gut microbiome species presence (Oxalobacter formigenes, GCF_002127965.1)","taxon:oxalobacter formigenes","primary","GCST90670942","EUR","reverse_sensitivity","microbiome_trait_units_per_standardized_ED_exposure",15,"estimable","reverse",TRUE,TRUE,"mr_ivw_mre",15,0.411072598597469,0.916424255513131,-1.3850859367672,2.20723113396214,0.653748043641,"estimated","","",1572,0.992268392990782,FALSE
"reverse|GCST90670577","ed_2025_eur_reverse_exposure","GCST90670577","Gut microbiome species presence (Butyricimonas virosa, GCA_025148635.1)","taxon:butyricimonas virosa","primary","GCST90670577","EUR","reverse_sensitivity","microbiome_trait_units_per_standardized_ED_exposure",15,"estimable","reverse",TRUE,TRUE,"mr_ivw_mre",15,0.232145989753102,0.519875850778801,-0.786791954205468,1.25108393371167,0.655206353955872,"estimated","","",1572,0.992268392990782,FALSE
"reverse|GCST90670504","ed_2025_eur_reverse_exposure","GCST90670504","Gut microbiome species presence (CAG-314 sp000437915, GCA_000437915.1)","taxon:cag-314 sp000437915","primary","GCST90670504","EUR","reverse_sensitivity","microbiome_trait_units_per_standardized_ED_exposure",15,"estimable","reverse",TRUE,TRUE,"mr_ivw_mre",15,-0.261648762072548,0.589107727323089,-1.41627869064004,0.892981166494948,0.6569383543621,"estimated","","",1572,0.992268392990782,FALSE
"reverse|GCST90671619","ed_2025_eur_reverse_exposure","GCST90671619","Gut microbiome genus presence (Gallibacter)","taxon:gallibacter","primary","GCST90671619","EUR","reverse_sensitivity","microbiome_trait_units_per_standardized_ED_exposure",15,"estimable","reverse",TRUE,TRUE,"mr_ivw_mre",15,-0.286250057673673,0.644711229042915,-1.54986084702634,0.977360731678995,0.657044521746172,"estimated","","",1572,0.992268392990782,FALSE
"reverse|GCST90670765","ed_2025_eur_reverse_exposure","GCST90670765","Gut microbiome species presence (Porphyromonas hMGS.01029, )","taxon:porphyromonas hmgs.01029,","primary","GCST90670765","EUR","reverse_sensitivity","microbiome_trait_units_per_standardized_ED_exposure",15,"estimable","reverse",TRUE,TRUE,"mr_ivw_mre",15,0.382327072994115,0.861230267983281,-1.30565323464889,2.07030738063712,0.657092253664821,"estimated","","",1572,0.992268392990782,FALSE
"reverse|GCST90670998","ed_2025_eur_reverse_exposure","GCST90670998","Gut microbiome species abundance (Lawsonibacter sp900549405, GCA_900549405.1)","taxon:lawsonibacter sp900549405","primary","GCST90670998","EUR","reverse_sensitivity","microbiome_trait_units_per_standardized_ED_exposure",17,"estimable","reverse",TRUE,TRUE,"mr_ivw_mre",17,0.0886713989203425,0.199835067670334,-0.302998136561636,0.480340934402321,0.657242925392828,"estimated","","",1572,0.992268392990782,FALSE
"reverse|GCST90671894","ed_2025_eur_reverse_exposure","GCST90671894","Gut microbiome function abundance (Lactate consumption II, MF0080)","function:mf0080","primary","GCST90671894","EUR","reverse_sensitivity","microbiome_trait_units_per_standardized_ED_exposure",17,"estimable","reverse",TRUE,TRUE,"mr_ivw_mre",17,0.101233128900876,0.22895324089395,-0.347506977394988,0.54997323519674,0.658376071399043,"estimated","","",1572,0.992268392990782,FALSE
"reverse|GCST90671002","ed_2025_eur_reverse_exposure","GCST90671002","Gut microbiome species presence (Marvinbryantia sp900544685, GCA_900544685.1)","taxon:marvinbryantia sp900544685","primary","GCST90671002","EUR","reverse_sensitivity","microbiome_trait_units_per_standardized_ED_exposure",15,"estimable","reverse",TRUE,TRUE,"mr_ivw_mre",15,-0.297459604195919,0.674218513951142,-1.61890360925027,1.02398440085844,0.659074230238475,"estimated","","",1572,0.992268392990782,FALSE
"reverse|GCST90671840","ed_2025_eur_reverse_exposure","GCST90671840","Gut microbiome function abundance (Mannose degradation, MF0018)","function:mf0018","primary","GCST90671840","EUR","reverse_sensitivity","microbiome_trait_units_per_standardized_ED_exposure",17,"estimable","reverse",TRUE,TRUE,"mr_ivw_mre",17,-0.0995785482540916,0.226069454372797,-0.542666536829394,0.343509440321211,0.659591176196008,"estimated","","",1572,0.992268392990782,FALSE
"reverse|GCST90670984","ed_2025_eur_reverse_exposure","GCST90670984","Gut microbiome species abundance (Flemingibacterium sp900546315, GCA_900546315.1)","taxon:flemingibacterium sp900546315","primary","GCST90670984","EUR","reverse_sensitivity","microbiome_trait_units_per_standardized_ED_exposure",17,"estimable","reverse",TRUE,TRUE,"mr_ivw_mre",17,0.0925369786310078,0.210212227374825,-0.319471416133595,0.50454537339561,0.659786898662626,"estimated","","",1572,0.992268392990782,FALSE
"reverse|GCST90671552","ed_2025_eur_reverse_exposure","GCST90671552","Gut microbiome genus abundance (Flemingibacterium)","taxon:flemingibacterium","primary","GCST90671552","EUR","reverse_sensitivity","microbiome_trait_units_per_standardized_ED_exposure",17,"estimable","reverse",TRUE,TRUE,"mr_ivw_mre",17,0.0925369786310078,0.210212227374825,-0.319471416133595,0.50454537339561,0.659786898662626,"estimated","","",1572,0.992268392990782,FALSE
"reverse|GCST90671517","ed_2025_eur_reverse_exposure","GCST90671517","Gut microbiome genus presence (UMGS1322)","taxon:umgs1322","primary","GCST90671517","EUR","reverse_sensitivity","microbiome_trait_units_per_standardized_ED_exposure",15,"estimable","reverse",TRUE,TRUE,"mr_ivw_mre",15,0.269526764756368,0.61404987539859,-0.933988875736176,1.47304240524891,0.660710071705833,"estimated","","",1572,0.992268392990782,FALSE
"reverse|GCST90670979","ed_2025_eur_reverse_exposure","GCST90670979","Gut microbiome species presence (Eisenbergiella stercoravium, GCA_019113175.1)","taxon:eisenbergiella stercoravium","primary","GCST90670979","EUR","reverse_sensitivity","microbiome_trait_units_per_standardized_ED_exposure",15,"estimable","reverse",TRUE,TRUE,"mr_ivw_mre",15,0.423211873163637,0.966384160263426,-1.47086627618266,2.31729002250994,0.661434583758511,"estimated","","",1572,0.992268392990782,FALSE
"reverse|GCST90671313","ed_2025_eur_reverse_exposure","GCST90671313","Gut microbiome genus presence (SFEL01)","taxon:sfel01","primary","GCST90671313","EUR","reverse_sensitivity","microbiome_trait_units_per_standardized_ED_exposure",15,"estimable","reverse",TRUE,TRUE,"mr_ivw_mre",15,0.247215495539201,0.564638856518243,-0.859456327508434,1.35388731858684,0.661509952159971,"estimated","","",1572,0.992268392990782,FALSE
"reverse|GCST90670909","ed_2025_eur_reverse_exposure","GCST90670909","Gut microbiome species presence (Scybalosoma faecavium, GCA_900545085.1)","taxon:scybalosoma faecavium","primary","GCST90670909","EUR","reverse_sensitivity","microbiome_trait_units_per_standardized_ED_exposure",15,"estimable","reverse",TRUE,TRUE,"mr_ivw_mre",15,-0.416361770057757,0.95545514316915,-2.28901943951285,1.45629589939734,0.663001271249917,"estimated","","",1572,0.992268392990782,FALSE
"reverse|GCST90671544","ed_2025_eur_reverse_exposure","GCST90671544","Gut microbiome genus presence (UMGS1795)","taxon:umgs1795","primary","GCST90671544","EUR","reverse_sensitivity","microbiome_trait_units_per_standardized_ED_exposure",15,"estimable","reverse",TRUE,TRUE,"mr_ivw_mre",15,-0.247969781147599,0.569833990963848,-1.36482388060346,0.868884318308266,0.66344524801232,"estimated","","",1572,0.992268392990782,FALSE
"reverse|GCST90671498","ed_2025_eur_reverse_exposure","GCST90671498","Gut microbiome genus presence (Terrisporobacter)","taxon:terrisporobacter","primary","GCST90671498","EUR","reverse_sensitivity","microbiome_trait_units_per_standardized_ED_exposure",15,"estimable","reverse",TRUE,TRUE,"mr_ivw_mre",15,0.306102439215521,0.703558092116499,-1.07284608236453,1.68505096079557,0.663506026626553,"estimated","","",1572,0.992268392990782,FALSE
"reverse|GCST90670913","ed_2025_eur_reverse_exposure","GCST90670913","Gut microbiome species presence (UMGS1484 sp900552285, GCA_900552285.1)","taxon:umgs1484 sp900552285","primary","GCST90670913","EUR","reverse_sensitivity","microbiome_trait_units_per_standardized_ED_exposure",15,"estimable","reverse",TRUE,TRUE,"mr_ivw_mre",15,-0.269925657885677,0.621332907625946,-1.48771577924208,0.94786446347073,0.663976213239378,"estimated","","",1572,0.992268392990782,FALSE
"reverse|GCST90671864","ed_2025_eur_reverse_exposure","GCST90671864","Gut microbiome function abundance (Glutamine degradation I, MF0046)","function:mf0046","primary","GCST90671864","EUR","reverse_sensitivity","microbiome_trait_units_per_standardized_ED_exposure",17,"estimable","reverse",TRUE,TRUE,"mr_ivw_mre",17,0.0964375112224685,0.222022426892759,-0.338718449247516,0.531593471692453,0.664027530745638,"estimated","","",1572,0.992268392990782,FALSE
"reverse|GCST90670739","ed_2025_eur_reverse_exposure","GCST90670739","Gut microbiome species abundance (Blautia A sp900066205, GCF_013304735.1)","taxon:blautia a sp900066205","primary","GCST90670739","EUR","reverse_sensitivity","microbiome_trait_units_per_standardized_ED_exposure",17,"estimable","reverse",TRUE,TRUE,"mr_ivw_mre",17,-0.0883893597396449,0.203499826036891,-0.487241689632118,0.310462970152828,0.664037117955663,"estimated","","",1572,0.992268392990782,FALSE
"reverse|GCST90671095","ed_2025_eur_reverse_exposure","GCST90671095","Gut microbiome species presence (QANA01 sp900554725, GCA_900554725.1)","taxon:qana01 sp900554725","primary","GCST90671095","EUR","reverse_sensitivity","microbiome_trait_units_per_standardized_ED_exposure",15,"estimable","reverse",TRUE,TRUE,"mr_ivw_mre",15,0.242219840608439,0.559424149893462,-0.854231345264683,1.33867102648156,0.665028816272684,"estimated","","",1572,0.992806551928451,FALSE
"reverse|GCST90670674","ed_2025_eur_reverse_exposure","GCST90670674","Gut microbiome species presence (UMGS872 sp900546275, GCA_900546275.1)","taxon:umgs872 sp900546275","primary","GCST90670674","EUR","reverse_sensitivity","microbiome_trait_units_per_standardized_ED_exposure",15,"estimable","reverse",TRUE,TRUE,"mr_ivw_mre",15,0.440309562343445,1.02256074581154,-1.56387267145159,2.44449179613848,0.666762864593635,"estimated","","",1572,0.993555376655331,FALSE
"reverse|GCST90670963","ed_2025_eur_reverse_exposure","GCST90670963","Gut microbiome species abundance (Avimonas A narfia, GCA_904395335.1)","taxon:avimonas a narfia","primary","GCST90670963","EUR","reverse_sensitivity","microbiome_trait_units_per_standardized_ED_exposure",17,"estimable","reverse",TRUE,TRUE,"mr_ivw_mre",17,0.0900788961406373,0.210046923755474,-0.321605509483521,0.501763301764796,0.668031443633105,"estimated","","",1572,0.993555376655331,FALSE
"reverse|GCST90671306","ed_2025_eur_reverse_exposure","GCST90671306","Gut microbiome genus abundance (Escherichia)","taxon:escherichia","primary","GCST90671306","EUR","reverse_sensitivity","microbiome_trait_units_per_standardized_ED_exposure",17,"estimable","reverse",TRUE,TRUE,"mr_ivw_mre",17,0.110221931341526,0.258040175693512,-0.395527519582146,0.615971382265198,0.669269878352069,"estimated","","",1572,0.993555376655331,FALSE
"reverse|GCST90671891","ed_2025_eur_reverse_exposure","GCST90671891","Gut microbiome function abundance (4-aminobutyrate degradation, MF0076)","function:mf0076","primary","GCST90671891","EUR","reverse_sensitivity","microbiome_trait_units_per_standardized_ED_exposure",17,"estimable","reverse",TRUE,TRUE,"mr_ivw_mre",17,-0.108199197695134,0.254205240455935,-0.60643231367011,0.390033918279842,0.670372255249635,"estimated","","",1572,0.993555376655331,FALSE
"reverse|GCST90671183","ed_2025_eur_reverse_exposure","GCST90671183","Gut microbiome species presence (Merdivicinus sp934539585, GCA_934539585.1)","taxon:merdivicinus sp934539585","primary","GCST90671183","EUR","reverse_sensitivity","microbiome_trait_units_per_standardized_ED_exposure",15,"estimable","reverse",TRUE,TRUE,"mr_ivw_mre",15,-0.462457112867541,1.0880196186312,-2.5949363798577,1.67002215412262,0.670803995360684,"estimated","","",1572,0.993555376655331,FALSE
"reverse|GCST90671008","ed_2025_eur_reverse_exposure","GCST90671008","Gut microbiome species presence (Mediterraneibacter sp900553885, GCA_900553885.1)","taxon:mediterraneibacter sp900553885","primary","GCST90671008","EUR","reverse_sensitivity","microbiome_trait_units_per_standardized_ED_exposure",15,"estimable","reverse",TRUE,TRUE,"mr_ivw_mre",15,0.322764678357499,0.760581447482924,-1.16794756601837,1.81347692273337,0.671299131436524,"estimated","","",1572,0.993555376655331,FALSE
"reverse|GCST90670644","ed_2025_eur_reverse_exposure","GCST90670644","Gut microbiome species presence (CAG-345 sp000433315, GCA_000433315.1)","taxon:cag-345 sp000433315","primary","GCST90670644","EUR","reverse_sensitivity","microbiome_trait_units_per_standardized_ED_exposure",15,"estimable","reverse",TRUE,TRUE,"mr_ivw_mre",15,0.320040621005611,0.754659535019964,-1.15906488822326,1.79914613023448,0.671503020380941,"estimated","","",1572,0.993555376655331,FALSE
"reverse|GCST90671758","ed_2025_eur_reverse_exposure","GCST90671758","Gut microbiome order presence (Selenomonadales)","taxon:selenomonadales","primary","GCST90671758","EUR","reverse_sensitivity","microbiome_trait_units_per_standardized_ED_exposure",15,"estimable","reverse",TRUE,TRUE,"mr_ivw_mre",15,-0.32634205691993,0.769567964857326,-1.83466755169607,1.18198343785622,0.671522941591818,"estimated","","",1572,0.993555376655331,FALSE
"reverse|GCST90671032","ed_2025_eur_reverse_exposure","GCST90671032","Gut microbiome species presence (Dysosmobacter hMGS.03207, )","taxon:dysosmobacter hmgs.03207,","primary","GCST90671032","EUR","reverse_sensitivity","microbiome_trait_units_per_standardized_ED_exposure",15,"estimable","reverse",TRUE,TRUE,"mr_ivw_mre",15,0.521341294022098,1.23055626237255,-1.89050466117833,2.93318724922252,0.67181152191983,"estimated","","",1572,0.993555376655331,FALSE
"reverse|GCST90670552","ed_2025_eur_reverse_exposure","GCST90670552","Gut microbiome species presence (CAG-628 sp003524085, GCA_003524085.1)","taxon:cag-628 sp003524085","primary","GCST90670552","EUR","reverse_sensitivity","microbiome_trait_units_per_standardized_ED_exposure",15,"estimable","reverse",TRUE,TRUE,"mr_ivw_mre",15,0.439179120678388,1.0367550415892,-1.59282342162677,2.47118166298355,0.671850741338815,"estimated","","",1572,0.993555376655331,FALSE
"reverse|GCST90671455","ed_2025_eur_reverse_exposure","GCST90671455","Gut microbiome genus abundance (UMGS856)","taxon:umgs856","primary","GCST90671455","EUR","reverse_sensitivity","microbiome_trait_units_per_standardized_ED_exposure",17,"estimable","reverse",TRUE,TRUE,"mr_ivw_mre",17,0.109370764589925,0.258920468968552,-0.398104029448657,0.616845558628507,0.672725302876339,"estimated","","",1572,0.993779514107128,FALSE
"reverse|GCST90670763","ed_2025_eur_reverse_exposure","GCST90670763","Gut microbiome species abundance (UMGS1975 sp900546685, GCA_900546685.1)","taxon:umgs1975 sp900546685","primary","GCST90670763","EUR","reverse_sensitivity","microbiome_trait_units_per_standardized_ED_exposure",17,"estimable","reverse",TRUE,TRUE,"mr_ivw_mre",17,0.0912928396142063,0.216913096646647,-0.333849017588277,0.51643469681669,0.673847909959448,"estimated","","",1572,0.993779514107128,FALSE
"reverse|GCST90670992","ed_2025_eur_reverse_exposure","GCST90670992","Gut microbiome species presence (HGM11514 sp900757255, GCA_900757255.1)","taxon:hgm11514 sp900757255","primary","GCST90670992","EUR","reverse_sensitivity","microbiome_trait_units_per_standardized_ED_exposure",15,"estimable","reverse",TRUE,TRUE,"mr_ivw_mre",15,0.399270924114096,0.948830643293266,-1.46040296416868,2.25894481239687,0.673898830813103,"estimated","","",1572,0.993779514107128,FALSE
"reverse|GCST90670515","ed_2025_eur_reverse_exposure","GCST90670515","Gut microbiome species abundance (CAG-170 sp900545925, GCA_900545925.1)","taxon:cag-170 sp900545925","primary","GCST90670515","EUR","reverse_sensitivity","microbiome_trait_units_per_standardized_ED_exposure",17,"estimable","reverse",TRUE,TRUE,"mr_ivw_mre",17,-0.086034616883792,0.205103462706471,-0.48803001689293,0.315960783125346,0.674873147662487,"estimated","","",1572,0.994283587746419,FALSE
"reverse|GCST90671249","ed_2025_eur_reverse_exposure","GCST90671249","Gut microbiome species presence (Dysosmobacter sp934636905, GCA_934636905.1)","taxon:dysosmobacter sp934636905","primary","GCST90671249","EUR","reverse_sensitivity","microbiome_trait_units_per_standardized_ED_exposure",15,"estimable","reverse",TRUE,TRUE,"mr_ivw_mre",15,-0.405126082918657,0.968676894532896,-2.30369790885924,1.49344574302192,0.67578172183742,"estimated","","",1572,0.994689950120248,FALSE
"reverse|GCST90670986","ed_2025_eur_reverse_exposure","GCST90670986","Gut microbiome species presence (GCA-900066495 sp902362365, GCA_902362365.1)","taxon:gca-900066495 sp902362365","primary","GCST90670986","EUR","reverse_sensitivity","microbiome_trait_units_per_standardized_ED_exposure",15,"estimable","reverse",TRUE,TRUE,"mr_ivw_mre",15,-0.392479225329562,0.948105828164192,-2.2507325020639,1.46577405140478,0.678902368751772,"estimated","","",1572,0.996794553908997,FALSE
"reverse|GCST90670551","ed_2025_eur_reverse_exposure","GCST90670551","Gut microbiome species presence (Enterocloster sp001517625, GCF_001517625.2)","taxon:enterocloster sp001517625","primary","GCST90670551","EUR","reverse_sensitivity","microbiome_trait_units_per_standardized_ED_exposure",15,"estimable","reverse",TRUE,TRUE,"mr_ivw_mre",15,-0.313986037490318,0.76151777480183,-1.80653344968899,1.17856137470835,0.680107750919783,"estimated","","",1572,0.996794553908997,FALSE
"reverse|GCST90671369","ed_2025_eur_reverse_exposure","GCST90671369","Gut microbiome genus abundance (Oliverpabstia)","taxon:oliverpabstia","primary","GCST90671369","EUR","reverse_sensitivity","microbiome_trait_units_per_standardized_ED_exposure",17,"estimable","reverse",TRUE,TRUE,"mr_ivw_mre",17,-0.0906534390014384,0.220000555735902,-0.521846604822603,0.340539726819726,0.680295412806678,"estimated","","",1572,0.996794553908997,FALSE
"reverse|GCST90670768","ed_2025_eur_reverse_exposure","GCST90670768","Gut microbiome species presence (Blautia A sp900548245, GCF_009883055.1)","taxon:blautia a sp900548245","primary","GCST90670768","EUR","reverse_sensitivity","microbiome_trait_units_per_standardized_ED_exposure",15,"estimable","reverse",TRUE,TRUE,"mr_ivw_mre",15,0.275541740111706,0.669438696657041,-1.03653399519353,1.58761747541694,0.680631785600816,"estimated","","",1572,0.996794553908997,FALSE
"reverse|GCST90671372","ed_2025_eur_reverse_exposure","GCST90671372","Gut microbiome genus abundance (Limiplasma)","taxon:limiplasma","primary","GCST90671372","EUR","reverse_sensitivity","microbiome_trait_units_per_standardized_ED_exposure",17,"estimable","reverse",TRUE,TRUE,"mr_ivw_mre",17,-0.0876856765685322,0.213860772332457,-0.506845088046068,0.331473734909004,0.681796480801354,"estimated","","",1572,0.996794553908997,FALSE
"reverse|GCST90671115","ed_2025_eur_reverse_exposure","GCST90671115","Gut microbiome species presence (Lawsonibacter hMGS.05443, )","taxon:lawsonibacter hmgs.05443,","primary","GCST90671115","EUR","reverse_sensitivity","microbiome_trait_units_per_standardized_ED_exposure",15,"estimable","reverse",TRUE,TRUE,"mr_ivw_mre",15,-0.390434840593769,0.952539073429128,-2.25737711838201,1.47650743719447,0.681887719702764,"estimated","","",1572,0.996794553908997,FALSE
"reverse|GCST90670784","ed_2025_eur_reverse_exposure","GCST90670784","Gut microbiome species presence (Oribacterium sinus, GCF_014202695.1)","taxon:oribacterium sinus","primary","GCST90670784","EUR","reverse_sensitivity","microbiome_trait_units_per_standardized_ED_exposure",15,"estimable","reverse",TRUE,TRUE,"mr_ivw_mre",15,0.326989605497333,0.799287785854381,-1.23958566806002,1.89356487905468,0.682465383589391,"estimated","","",1572,0.996794553908997,FALSE
"reverse|GCST90671197","ed_2025_eur_reverse_exposure","GCST90671197","Gut microbiome species presence (Senegalimassilia sp900550055, GCA_900550055.1)","taxon:senegalimassilia sp900550055","primary","GCST90671197","EUR","reverse_sensitivity","microbiome_trait_units_per_standardized_ED_exposure",15,"estimable","reverse",TRUE,TRUE,"mr_ivw_mre",15,-0.300552196012492,0.735439988365776,-1.74198808599997,1.14088369397499,0.682781916439704,"estimated","","",1572,0.996794553908997,FALSE
"reverse|GCST90671251","ed_2025_eur_reverse_exposure","GCST90671251","Gut microbiome species presence (Angelakisella massiliensis, GCF_900104675.1)","taxon:angelakisella massiliensis","primary","GCST90671251","EUR","reverse_sensitivity","microbiome_trait_units_per_standardized_ED_exposure",15,"estimable","reverse",TRUE,TRUE,"mr_ivw_mre",15,0.269959636877113,0.664950559407414,-1.03331951106118,1.57323878481541,0.684753971029306,"estimated","","",1572,0.996794553908997,FALSE
"reverse|GCST90671510","ed_2025_eur_reverse_exposure","GCST90671510","Gut microbiome genus presence (Caccousia)","taxon:caccousia","primary","GCST90671510","EUR","reverse_sensitivity","microbiome_trait_units_per_standardized_ED_exposure",15,"estimable","reverse",TRUE,TRUE,"mr_ivw_mre",15,-0.214009891915095,0.527807537372826,-1.24849365593461,0.820473872104422,0.685132386498437,"estimated","","",1572,0.996794553908997,FALSE
"reverse|GCST90671515","ed_2025_eur_reverse_exposure","GCST90671515","Gut microbiome genus abundance (Pseudobutyricicoccus)","taxon:pseudobutyricicoccus","primary","GCST90671515","EUR","reverse_sensitivity","microbiome_trait_units_per_standardized_ED_exposure",17,"estimable","reverse",TRUE,TRUE,"mr_ivw_mre",17,0.111999279326799,0.276421018722062,-0.429775961938315,0.653774520591913,0.685347834926786,"estimated","","",1572,0.996794553908997,FALSE
"reverse|GCST90671500","ed_2025_eur_reverse_exposure","GCST90671500","Gut microbiome genus presence (Alectryocaccomicrobium)","taxon:alectryocaccomicrobium","primary","GCST90671500","EUR","reverse_sensitivity","microbiome_trait_units_per_standardized_ED_exposure",15,"estimable","reverse",TRUE,TRUE,"mr_ivw_mre",15,-0.23996584266112,0.592506061374599,-1.40125638357701,0.921324698254773,0.685476409540833,"estimated","","",1572,0.996794553908997,FALSE
"reverse|GCST90671912","ed_2025_eur_reverse_exposure","GCST90671912","Gut microbiome function abundance (Mucin degradation, MF0103)","function:mf0103","primary","GCST90671912","EUR","reverse_sensitivity","microbiome_trait_units_per_standardized_ED_exposure",17,"estimable","reverse",TRUE,TRUE,"mr_ivw_mre",17,-0.0911848834097039,0.225156577351885,-0.532483665901705,0.350113899082297,0.685489036592801,"estimated","","",1572,0.996794553908997,FALSE
"reverse|GCST90670671","ed_2025_eur_reverse_exposure","GCST90670671","Gut microbiome species presence (CAG-269 sp900555615, GCA_900555615.1)","taxon:cag-269 sp900555615","primary","GCST90670671","EUR","reverse_sensitivity","microbiome_trait_units_per_standardized_ED_exposure",15,"estimable","reverse",TRUE,TRUE,"mr_ivw_mre",15,-0.433724876870158,1.07904485552459,-2.54861393140157,1.68116417766126,0.687718916305952,"estimated","","",1572,0.996794553908997,FALSE
"reverse|GCST90671263","ed_2025_eur_reverse_exposure","GCST90671263","Gut microbiome species presence (Diplocloster modestus, GCF_019042245.1)","taxon:diplocloster modestus","primary","GCST90671263","EUR","reverse_sensitivity","microbiome_trait_units_per_standardized_ED_exposure",15,"estimable","reverse",TRUE,TRUE,"mr_ivw_mre",15,0.353991224342918,0.881604646599668,-1.37392213159559,2.08190458028143,0.68802952903643,"estimated","","",1572,0.996794553908997,FALSE
"reverse|GCST90670774","ed_2025_eur_reverse_exposure","GCST90670774","Gut microbiome species abundance (Pauljensenia sp000278725, GCF_000278725.1)","taxon:pauljensenia sp000278725","primary","GCST90670774","EUR","reverse_sensitivity","microbiome_trait_units_per_standardized_ED_exposure",17,"estimable","reverse",TRUE,TRUE,"mr_ivw_mre",17,-0.0857936325565152,0.214038066570605,-0.505300534355488,0.333713269242458,0.688542694965991,"estimated","","",1572,0.996794553908997,FALSE
"reverse|GCST90671569","ed_2025_eur_reverse_exposure","GCST90671569","Gut microbiome genus presence (SFJ001)","taxon:sfj001","primary","GCST90671569","EUR","reverse_sensitivity","microbiome_trait_units_per_standardized_ED_exposure",15,"estimable","reverse",TRUE,TRUE,"mr_ivw_mre",15,-0.319641301404196,0.800384423128469,-1.88836594452286,1.24908334171447,0.689628167044309,"estimated","","",1572,0.996794553908997,FALSE
"reverse|GCST90671872","ed_2025_eur_reverse_exposure","GCST90671872","Gut microbiome function abundance (Arginine degradation V, MF0055)","function:mf0055","primary","GCST90671872","EUR","reverse_sensitivity","microbiome_trait_units_per_standardized_ED_exposure",17,"estimable","reverse",TRUE,TRUE,"mr_ivw_mre",17,-0.0930475868768533,0.233302760008613,-0.550312593987527,0.36421742023382,0.690020216714412,"estimated","","",1572,0.996794553908997,FALSE
"reverse|GCST90670517","ed_2025_eur_reverse_exposure","GCST90670517","Gut microbiome species presence (Ventricola sp900542395, GCA_900542395.1)","taxon:ventricola sp900542395","primary","GCST90670517","EUR","reverse_sensitivity","microbiome_trait_units_per_standardized_ED_exposure",15,"estimable","reverse",TRUE,TRUE,"mr_ivw_mre",15,0.272641600405233,0.68452034351851,-1.06899361957603,1.6142768203865,0.690412131742568,"estimated","","",1572,0.996794553908997,FALSE
"reverse|GCST90671038","ed_2025_eur_reverse_exposure","GCST90671038","Gut microbiome species presence (Aphodomonas sp004557805, GCA_004557805.1)","taxon:aphodomonas sp004557805","primary","GCST90671038","EUR","reverse_sensitivity","microbiome_trait_units_per_standardized_ED_exposure",15,"estimable","reverse",TRUE,TRUE,"mr_ivw_mre",15,0.358545271326973,0.904454860495493,-1.41415368088639,2.13124422354034,0.691794174000638,"estimated","","",1572,0.996794553908997,FALSE
"reverse|GCST90671674","ed_2025_eur_reverse_exposure","GCST90671674","Gut microbiome family abundance (Lactobacillaceae)","taxon:lactobacillaceae","primary","GCST90671674","EUR","reverse_sensitivity","microbiome_trait_units_per_standardized_ED_exposure",17,"estimable","reverse",TRUE,TRUE,"mr_ivw_mre",17,0.101415855529957,0.256079380465807,-0.400490507366356,0.603322218426269,0.692080769540886,"estimated","","",1572,0.996794553908997,FALSE
"reverse|GCST90671223","ed_2025_eur_reverse_exposure","GCST90671223","Gut microbiome species presence (Fumia xinanensis, GCF_014384905.1)","taxon:fumia xinanensis","primary","GCST90671223","EUR","reverse_sensitivity","microbiome_trait_units_per_standardized_ED_exposure",15,"estimable","reverse",TRUE,TRUE,"mr_ivw_mre",15,0.328675768232466,0.833596380532021,-1.30514311525324,1.96249465171817,0.693369556645686,"estimated","","",1572,0.996794553908997,FALSE
"reverse|GCST90670973","ed_2025_eur_reverse_exposure","GCST90670973","Gut microbiome species presence (Dysosmobacter sp004553545, GCA_004553545.1)","taxon:dysosmobacter sp004553545","primary","GCST90670973","EUR","reverse_sensitivity","microbiome_trait_units_per_standardized_ED_exposure",15,"estimable","reverse",TRUE,TRUE,"mr_ivw_mre",15,-0.220989715269176,0.563106997061893,-1.32465914895299,0.882679718414636,0.694727881147966,"estimated","","",1572,0.996794553908997,FALSE
"reverse|GCST90671143","ed_2025_eur_reverse_exposure","GCST90671143","Gut microbiome species presence (Faecalibacterium hattorii, GCF_003287455.1)","taxon:faecalibacterium hattorii","primary","GCST90671143","EUR","reverse_sensitivity","microbiome_trait_units_per_standardized_ED_exposure",15,"estimable","reverse",TRUE,TRUE,"mr_ivw_mre",15,-0.341825920928142,0.872769870712027,-2.05242343431539,1.36877159245911,0.695312096164095,"estimated","","",1572,0.996794553908997,FALSE
"reverse|GCST90670508","ed_2025_eur_reverse_exposure","GCST90670508","Gut microbiome species presence (Faecalibacillus faecis, GCF_003024675.1)","taxon:faecalibacillus faecis","primary","GCST90670508","EUR","reverse_sensitivity","microbiome_trait_units_per_standardized_ED_exposure",15,"estimable","reverse",TRUE,TRUE,"mr_ivw_mre",15,0.206985180925594,0.530116776728832,-0.832024609063378,1.24599497091457,0.696202307400074,"estimated","","",1572,0.996794553908997,FALSE
"reverse|GCST90671135","ed_2025_eur_reverse_exposure","GCST90671135","Gut microbiome species abundance (Vescimonas coprocola, GCF_018408575.1)","taxon:vescimonas coprocola","primary","GCST90671135","EUR","reverse_sensitivity","microbiome_trait_units_per_standardized_ED_exposure",17,"estimable","reverse",TRUE,TRUE,"mr_ivw_mre",17,-0.110438487243269,0.282870599588705,-0.664854674722381,0.443977700235844,0.6962256149404,"estimated","","",1572,0.996794553908997,FALSE
"reverse|GCST90671594","ed_2025_eur_reverse_exposure","GCST90671594","Gut microbiome genus abundance (Pseudoscilispira)","taxon:pseudoscilispira","primary","GCST90671594","EUR","reverse_sensitivity","microbiome_trait_units_per_standardized_ED_exposure",17,"estimable","reverse",TRUE,TRUE,"mr_ivw_mre",17,-0.0831779297232236,0.213312398331463,-0.501262547908753,0.334906688462306,0.696584751911028,"estimated","","",1572,0.996794553908997,FALSE
"reverse|GCST90671247","ed_2025_eur_reverse_exposure","GCST90671247","Gut microbiome species presence (Intestinibacillus massiliensis, GCF_900155735.1)","taxon:intestinibacillus massiliensis","primary","GCST90671247","EUR","reverse_sensitivity","microbiome_trait_units_per_standardized_ED_exposure",15,"estimable","reverse",TRUE,TRUE,"mr_ivw_mre",15,0.401435566793555,1.02968191780203,-1.61670390763056,2.41957504121767,0.696637362871316,"estimated","","",1572,0.996794553908997,FALSE
"reverse|GCST90671245","ed_2025_eur_reverse_exposure","GCST90671245","Gut microbiome species presence (Gehongia tenuis, GCF_014384795.1)","taxon:gehongia tenuis","primary","GCST90671245","EUR","reverse_sensitivity","microbiome_trait_units_per_standardized_ED_exposure",15,"estimable","reverse",TRUE,TRUE,"mr_ivw_mre",15,0.302377939216596,0.776035086166185,-1.21862288040856,1.82337875884176,0.696799311841699,"estimated","","",1572,0.996794553908997,FALSE
"reverse|GCST90670855","ed_2025_eur_reverse_exposure","GCST90670855","Gut microbiome species abundance (CAG-238 sp900542245, GCA_900542245.1)","taxon:cag-238 sp900542245","primary","GCST90670855","EUR","reverse_sensitivity","microbiome_trait_units_per_standardized_ED_exposure",17,"estimable","reverse",TRUE,TRUE,"mr_ivw_mre",17,0.0791480871747275,0.203273974897543,-0.319261582618756,0.477557756968211,0.697005009619434,"estimated","","",1572,0.996794553908997,FALSE
"reverse|GCST90671857","ed_2025_eur_reverse_exposure","GCST90671857","Gut microbiome function abundance (Methionine degradation I, MF0038)","function:mf0038","primary","GCST90671857","EUR","reverse_sensitivity","microbiome_trait_units_per_standardized_ED_exposure",17,"estimable","reverse",TRUE,TRUE,"mr_ivw_mre",17,-0.0883504257493945,0.227755425371919,-0.534742856761955,0.358042005263166,0.698076727986646,"estimated","","",1572,0.996794553908997,FALSE
"reverse|GCST90670634","ed_2025_eur_reverse_exposure","GCST90670634","Gut microbiome species presence (CAG-245 sp000434195, GCA_000434195.1)","taxon:cag-245 sp000434195","primary","GCST90670634","EUR","reverse_sensitivity","microbiome_trait_units_per_standardized_ED_exposure",15,"estimable","reverse",TRUE,TRUE,"mr_ivw_mre",15,-0.366485204128455,0.948592630982472,-2.22569259685419,1.49272218859728,0.699240253119551,"estimated","","",1572,0.996794553908997,FALSE
"reverse|GCST90671064","ed_2025_eur_reverse_exposure","GCST90671064","Gut microbiome species presence (Flavonifractor avistercoris, GCF_002161215.1)","taxon:flavonifractor avistercoris","primary","GCST90671064","EUR","reverse_sensitivity","microbiome_trait_units_per_standardized_ED_exposure",15,"estimable","reverse",TRUE,TRUE,"mr_ivw_mre",15,0.26005787144086,0.67658338396336,-1.06602119366556,1.58613693654728,0.700704762434852,"estimated","","",1572,0.996794553908997,FALSE
"reverse|GCST90670536","ed_2025_eur_reverse_exposure","GCST90670536","Gut microbiome species abundance (Blautia A faecis, GCF_020554845.1)","taxon:blautia a faecis","primary","GCST90670536","EUR","reverse_sensitivity","microbiome_trait_units_per_standardized_ED_exposure",17,"estimable","reverse",TRUE,TRUE,"mr_ivw_mre",17,-0.0865350583041882,0.225691585749353,-0.528882437986654,0.355812321378278,0.701407093808982,"estimated","","",1572,0.996794553908997,FALSE
"reverse|GCST90670590","ed_2025_eur_reverse_exposure","GCST90670590","Gut microbiome species presence (Coprococcus A catus, GCF_019734885.1)","taxon:coprococcus a catus","primary","GCST90670590","EUR","reverse_sensitivity","microbiome_trait_units_per_standardized_ED_exposure",15,"estimable","reverse",TRUE,TRUE,"mr_ivw_mre",15,0.209521971915627,0.547230671830386,-0.863030436107586,1.28207437993884,0.701811055102279,"estimated","","",1572,0.996794553908997,FALSE
"reverse|GCST90671188","ed_2025_eur_reverse_exposure","GCST90671188","Gut microbiome species presence (Thomasclavelia sp000508865, GCA_000508865.1)","taxon:thomasclavelia sp000508865","primary","GCST90671188","EUR","reverse_sensitivity","microbiome_trait_units_per_standardized_ED_exposure",15,"estimable","reverse",TRUE,TRUE,"mr_ivw_mre",15,0.227445042371577,0.594987700541376,-0.938709421933823,1.39359950667698,0.702262233777182,"estimated","","",1572,0.996794553908997,FALSE
"reverse|GCST90671749","ed_2025_eur_reverse_exposure","GCST90671749","Gut microbiome order abundance (Erysipelotrichales)","taxon:erysipelotrichales","primary","GCST90671749","EUR","reverse_sensitivity","microbiome_trait_units_per_standardized_ED_exposure",17,"estimable","reverse",TRUE,TRUE,"mr_ivw_mre",17,0.086271651043833,0.226388123476511,-0.357440917497735,0.529984219585401,0.703144985564663,"estimated","","",1572,0.996794553908997,FALSE
"reverse|GCST90671786","ed_2025_eur_reverse_exposure","GCST90671786","Gut microbiome order presence (Saccharomycetales)","taxon:saccharomycetales","primary","GCST90671786","EUR","reverse_sensitivity","microbiome_trait_units_per_standardized_ED_exposure",15,"estimable","reverse",TRUE,TRUE,"mr_ivw_mre",15,0.234022683384197,0.614373639037202,-0.97012752217953,1.43817288894792,0.703268074652252,"estimated","","",1572,0.996794553908997,FALSE
"reverse|GCST90671806","ed_2025_eur_reverse_exposure","GCST90671806","Gut microbiome class presence (Saccharomycetes)","taxon:saccharomycetes","primary","GCST90671806","EUR","reverse_sensitivity","microbiome_trait_units_per_standardized_ED_exposure",15,"estimable","reverse",TRUE,TRUE,"mr_ivw_mre",15,0.234022683384197,0.614373639037202,-0.97012752217953,1.43817288894792,0.703268074652252,"estimated","","",1572,0.996794553908997,FALSE
"reverse|GCST90670578","ed_2025_eur_reverse_exposure","GCST90670578","Gut microbiome species abundance (Clostridium AQ innocuum, GCF_012317185.1)","taxon:clostridium aq innocuum","primary","GCST90670578","EUR","reverse_sensitivity","microbiome_trait_units_per_standardized_ED_exposure",17,"estimable","reverse",TRUE,TRUE,"mr_ivw_mre",17,0.0887877025645169,0.233847841958921,-0.369545645537382,0.547121050666416,0.704181844451616,"estimated","","",1572,0.996794553908997,FALSE
"reverse|GCST90671036","ed_2025_eur_reverse_exposure","GCST90671036","Gut microbiome species presence (Alangreenwoodia gallinarii, GCA_904398315.1)","taxon:alangreenwoodia gallinarii","primary","GCST90671036","EUR","reverse_sensitivity","microbiome_trait_units_per_standardized_ED_exposure",15,"estimable","reverse",TRUE,TRUE,"mr_ivw_mre",15,-0.394264269528012,1.03852735611859,-2.42974048448005,1.64121194542403,0.704214276923228,"estimated","","",1572,0.996794553908997,FALSE
"reverse|GCST90670835","ed_2025_eur_reverse_exposure","GCST90670835","Gut microbiome species presence (Faecivicinus sp900553265, GCA_900553265.1)","taxon:faecivicinus sp900553265","primary","GCST90670835","EUR","reverse_sensitivity","microbiome_trait_units_per_standardized_ED_exposure",15,"estimable","reverse",TRUE,TRUE,"mr_ivw_mre",15,-0.197986739282524,0.522030988759439,-1.22114867606486,0.82517519749981,0.704492998684447,"estimated","","",1572,0.996794553908997,FALSE
"reverse|GCST90671464","ed_2025_eur_reverse_exposure","GCST90671464","Gut microbiome genus abundance (HGM13006)","taxon:hgm13006","primary","GCST90671464","EUR","reverse_sensitivity","microbiome_trait_units_per_standardized_ED_exposure",17,"estimable","reverse",TRUE,TRUE,"mr_ivw_mre",17,0.0808804024948049,0.213759566812962,-0.338080649809483,0.499841454799093,0.70515507278936,"estimated","","",1572,0.996794553908997,FALSE
"reverse|GCST90671856","ed_2025_eur_reverse_exposure","GCST90671856","Gut microbiome function abundance (Isoleucine degradation, MF0036)","function:mf0036","primary","GCST90671856","EUR","reverse_sensitivity","microbiome_trait_units_per_standardized_ED_exposure",17,"estimable","reverse",TRUE,TRUE,"mr_ivw_mre",17,0.0858813999682399,0.22872670412784,-0.362414702424875,0.534177502361355,0.707306453170708,"estimated","","",1572,0.996794553908997,FALSE
"reverse|GCST90671044","ed_2025_eur_reverse_exposure","GCST90671044","Gut microbiome species presence (Borkfalkia excrementavium, GCA_019115945.1)","taxon:borkfalkia excrementavium","primary","GCST90671044","EUR","reverse_sensitivity","microbiome_trait_units_per_standardized_ED_exposure",15,"estimable","reverse",TRUE,TRUE,"mr_ivw_mre",15,0.379588436893562,1.01668810821932,-1.61308363872647,2.3722605125136,0.708882161998332,"estimated","","",1572,0.996794553908997,FALSE
"reverse|GCST90671850","ed_2025_eur_reverse_exposure","GCST90671850","Gut microbiome function abundance (Glutamate degradation I, MF0030)","function:mf0030","primary","GCST90671850","EUR","reverse_sensitivity","microbiome_trait_units_per_standardized_ED_exposure",17,"estimable","reverse",TRUE,TRUE,"mr_ivw_mre",17,-0.0849464698939171,0.229451537015753,-0.534663218642152,0.364770278854318,0.711222076567034,"estimated","","",1572,0.996794553908997,FALSE
"reverse|GCST90670881","ed_2025_eur_reverse_exposure","GCST90670881","Gut microbiome species presence (Dysosmobacter excrementavium, GCA_019118505.1)","taxon:dysosmobacter excrementavium","primary","GCST90670881","EUR","reverse_sensitivity","microbiome_trait_units_per_standardized_ED_exposure",15,"estimable","reverse",TRUE,TRUE,"mr_ivw_mre",15,-0.227693047223538,0.617719730786762,-1.43840147210537,0.983015377658292,0.71242401961003,"estimated","","",1572,0.996794553908997,FALSE
"reverse|GCST90671553","ed_2025_eur_reverse_exposure","GCST90671553","Gut microbiome genus presence (Gabonibacter)","taxon:gabonibacter","primary","GCST90671553","EUR","reverse_sensitivity","microbiome_trait_units_per_standardized_ED_exposure",15,"estimable","reverse",TRUE,TRUE,"mr_ivw_mre",15,0.278324119846182,0.763098641218187,-1.21732173359292,1.77396997328528,0.715313791443079,"estimated","","",1572,0.996794553908997,FALSE
"reverse|GCST90671097","ed_2025_eur_reverse_exposure","GCST90671097","Gut microbiome species abundance (Solibaculum mannosilyticum, GCF_015140235.1)","taxon:solibaculum mannosilyticum","primary","GCST90671097","EUR","reverse_sensitivity","microbiome_trait_units_per_standardized_ED_exposure",17,"estimable","reverse",TRUE,TRUE,"mr_ivw_mre",17,0.0781789715516707,0.215078385002062,-0.34336691690541,0.499724860008751,0.71623843237383,"estimated","","",1572,0.996794553908997,FALSE
"reverse|GCST90671600","ed_2025_eur_reverse_exposure","GCST90671600","Gut microbiome genus abundance (Solibaculum)","taxon:solibaculum","primary","GCST90671600","EUR","reverse_sensitivity","microbiome_trait_units_per_standardized_ED_exposure",17,"estimable","reverse",TRUE,TRUE,"mr_ivw_mre",17,0.0781789715516707,0.215078385002062,-0.34336691690541,0.499724860008751,0.71623843237383,"estimated","","",1572,0.996794553908997,FALSE
"reverse|GCST90670426","ed_2025_eur_reverse_exposure","GCST90670426","Gut microbiome species abundance (Agathobaculum butyriciproducens, GCA_003096535.1)","taxon:agathobaculum butyriciproducens","primary","GCST90670426","EUR","reverse_sensitivity","microbiome_trait_units_per_standardized_ED_exposure",17,"estimable","reverse",TRUE,TRUE,"mr_ivw_mre",17,0.0820941132197587,0.226067210763104,-0.360989477961351,0.525177704400868,0.716500086417373,"estimated","","",1572,0.996794553908997,FALSE
"reverse|GCST90670465","ed_2025_eur_reverse_exposure","GCST90670465","Gut microbiome species abundance (Mediterraneibacter lactaris, GCA_025152405.1)","taxon:mediterraneibacter lactaris","primary","GCST90670465","EUR","reverse_sensitivity","microbiome_trait_units_per_standardized_ED_exposure",17,"estimable","reverse",TRUE,TRUE,"mr_ivw_mre",17,0.0750403506107045,0.207024703409816,-0.330720611982621,0.48080131320403,0.717000454160844,"estimated","","",1572,0.996794553908997,FALSE
"reverse|GCST90670446","ed_2025_eur_reverse_exposure","GCST90670446","Gut microbiome species abundance (ER4 sp900317525, GCF_018918025.1)","taxon:er4 sp900317525","primary","GCST90670446","EUR","reverse_sensitivity","microbiome_trait_units_per_standardized_ED_exposure",17,"estimable","reverse",TRUE,TRUE,"mr_ivw_mre",17,-0.0777559279193742,0.214888432225178,-0.498929515774999,0.343417659936251,0.717469172863779,"estimated","","",1572,0.996794553908997,FALSE
"reverse|GCST90670430","ed_2025_eur_reverse_exposure","GCST90670430","Gut microbiome species presence (CAG-349 sp003539515, GCA_022009995.1)","taxon:cag-349 sp003539515","primary","GCST90670430","EUR","reverse_sensitivity","microbiome_trait_units_per_standardized_ED_exposure",15,"estimable","reverse",TRUE,TRUE,"mr_ivw_mre",15,-0.252115644593885,0.701137054223184,-1.62631901909783,1.12208772991006,0.719160407336355,"estimated","","",1572,0.996794553908997,FALSE
"reverse|GCST90671550","ed_2025_eur_reverse_exposure","GCST90671550","Gut microbiome genus abundance (Emergencia)","taxon:emergencia","primary","GCST90671550","EUR","reverse_sensitivity","microbiome_trait_units_per_standardized_ED_exposure",17,"estimable","reverse",TRUE,TRUE,"mr_ivw_mre",17,-0.0769244709327521,0.21465032358405,-0.497631374427359,0.343782432561855,0.720065621957921,"estimated","","",1572,0.996794553908997,FALSE
"reverse|GCST90670550","ed_2025_eur_reverse_exposure","GCST90670550","Gut microbiome species presence (Negativibacillus sp000435195, GCA_000435195.1)","taxon:negativibacillus sp000435195","primary","GCST90670550","EUR","reverse_sensitivity","microbiome_trait_units_per_standardized_ED_exposure",15,"estimable","reverse",TRUE,TRUE,"mr_ivw_mre",15,0.205460315198756,0.57403614796488,-0.919629860636513,1.33055049103402,0.720401491999237,"estimated","","",1572,0.996794553908997,FALSE
"reverse|GCST90671224","ed_2025_eur_reverse_exposure","GCST90671224","Gut microbiome species presence (Heritagella sp019422525, GCA_019422525.1)","taxon:heritagella sp019422525","primary","GCST90671224","EUR","reverse_sensitivity","microbiome_trait_units_per_standardized_ED_exposure",15,"estimable","reverse",TRUE,TRUE,"mr_ivw_mre",15,-0.377723837235445,1.05691605390571,-2.44924123757282,1.69379356310193,0.720805096555357,"estimated","","",1572,0.996794553908997,FALSE
"reverse|GCST90670475","ed_2025_eur_reverse_exposure","GCST90670475","Gut microbiome species presence (CAG-353 sp900066885, GCA_902363145.1)","taxon:cag-353 sp900066885","primary","GCST90670475","EUR","reverse_sensitivity","microbiome_trait_units_per_standardized_ED_exposure",15,"estimable","reverse",TRUE,TRUE,"mr_ivw_mre",15,0.271595832869857,0.760915331457411,-1.21977081207103,1.76296247781074,0.721141924064063,"estimated","","",1572,0.996794553908997,FALSE
"reverse|GCST90671020","ed_2025_eur_reverse_exposure","GCST90671020","Gut microbiome species presence (Streptococcus rubneri, GCF_004785935.1)","taxon:streptococcus rubneri","primary","GCST90671020","EUR","reverse_sensitivity","microbiome_trait_units_per_standardized_ED_exposure",15,"estimable","reverse",TRUE,TRUE,"mr_ivw_mre",15,-0.325652916952794,0.912831031815833,-2.11476886328236,1.46346302937677,0.72127860447362,"estimated","","",1572,0.996794553908997,FALSE
"reverse|GCST90671419","ed_2025_eur_reverse_exposure","GCST90671419","Gut microbiome genus abundance (Hungatella)","taxon:hungatella","primary","GCST90671419","EUR","reverse_sensitivity","microbiome_trait_units_per_standardized_ED_exposure",17,"estimable","reverse",TRUE,TRUE,"mr_ivw_mre",17,0.0763988467278029,0.214997758698764,-0.344989017078608,0.497786710534214,0.722329516050202,"estimated","","",1572,0.996794553908997,FALSE
"reverse|GCST90671134","ed_2025_eur_reverse_exposure","GCST90671134","Gut microbiome species presence (CAG-302 sp934162325, GCA_934162325.1)","taxon:cag-302 sp934162325","primary","GCST90671134","EUR","reverse_sensitivity","microbiome_trait_units_per_standardized_ED_exposure",15,"estimable","reverse",TRUE,TRUE,"mr_ivw_mre",15,-0.252793185704846,0.714597432492733,-1.6533784168354,1.1477920454257,0.72352169164448,"estimated","","",1572,0.996794553908997,FALSE
"reverse|GCST90670903","ed_2025_eur_reverse_exposure","GCST90670903","Gut microbiome species presence (Lactobacillus acidophilus, GCF_001591845.1)","taxon:lactobacillus acidophilus","primary","GCST90670903","EUR","reverse_sensitivity","microbiome_trait_units_per_standardized_ED_exposure",15,"estimable","reverse",TRUE,TRUE,"mr_ivw_mre",15,-0.310573524816471,0.879926098188718,-2.03519698632321,1.41404993669027,0.724122850921857,"estimated","","",1572,0.996794553908997,FALSE
"reverse|GCST90671100","ed_2025_eur_reverse_exposure","GCST90671100","Gut microbiome species presence (UMGS1591 sp905198295, GCA_905198295.1)","taxon:umgs1591 sp905198295","primary","GCST90671100","EUR","reverse_sensitivity","microbiome_trait_units_per_standardized_ED_exposure",15,"estimable","reverse",TRUE,TRUE,"mr_ivw_mre",15,0.229200563007356,0.650135170617257,-1.04504095648527,1.50344208249998,0.724431123014725,"estimated","","",1572,0.996794553908997,FALSE
"reverse|GCST90670391","ed_2025_eur_reverse_exposure","GCST90670391","Gut microbiome species abundance (ER4 sp000765235, GCF_000765235.1)","taxon:er4 sp000765235","primary","GCST90670391","EUR","reverse_sensitivity","microbiome_trait_units_per_standardized_ED_exposure",17,"estimable","reverse",TRUE,TRUE,"mr_ivw_mre",17,0.0775008444661354,0.220135318896526,-0.353956452296294,0.508958141228565,0.724793251755914,"estimated","","",1572,0.996794553908997,FALSE
"reverse|GCST90671481","ed_2025_eur_reverse_exposure","GCST90671481","Gut microbiome genus abundance (Anaeromassilibacillus)","taxon:anaeromassilibacillus","primary","GCST90671481","EUR","reverse_sensitivity","microbiome_trait_units_per_standardized_ED_exposure",17,"estimable","reverse",TRUE,TRUE,"mr_ivw_mre",17,0.0785323860579753,0.223849101130351,-0.360203790129177,0.517268562245127,0.725717880396007,"estimated","","",1572,0.996794553908997,FALSE
"reverse|GCST90671164","ed_2025_eur_reverse_exposure","GCST90671164","Gut microbiome species presence (Vescimonas fastidiosa, GCF_018326305.1)","taxon:vescimonas fastidiosa","primary","GCST90671164","EUR","reverse_sensitivity","microbiome_trait_units_per_standardized_ED_exposure",15,"estimable","reverse",TRUE,TRUE,"mr_ivw_mre",15,-0.214062803763306,0.610331444096774,-1.4102904528253,0.982164845298692,0.725789372294234,"estimated","","",1572,0.996794553908997,FALSE
"reverse|GCST90671334","ed_2025_eur_reverse_exposure","GCST90671334","Gut microbiome genus presence (Enterococcus)","taxon:enterococcus","primary","GCST90671334","EUR","reverse_sensitivity","microbiome_trait_units_per_standardized_ED_exposure",15,"estimable","reverse",TRUE,TRUE,"mr_ivw_mre",15,0.395423782665636,1.12821427547241,-1.81583556410423,2.6066831294355,0.725973679742001,"estimated","","",1572,0.996794553908997,FALSE
"reverse|GCST90670683","ed_2025_eur_reverse_exposure","GCST90670683","Gut microbiome species presence (Clostridium Q saccharolyticum A, GCF_020736365.1)","taxon:clostridium q saccharolyticum a","primary","GCST90670683","EUR","reverse_sensitivity","microbiome_trait_units_per_standardized_ED_exposure",15,"estimable","reverse",TRUE,TRUE,"mr_ivw_mre",15,0.193769547739755,0.556747487896927,-0.897435477021371,1.28497457250088,0.727811287308463,"estimated","","",1572,0.996794553908997,FALSE
"reverse|GCST90670860","ed_2025_eur_reverse_exposure","GCST90670860","Gut microbiome species presence (Fimimonas sp900769665, GCA_900769665.1)","taxon:fimimonas sp900769665","primary","GCST90670860","EUR","reverse_sensitivity","microbiome_trait_units_per_standardized_ED_exposure",15,"estimable","reverse",TRUE,TRUE,"mr_ivw_mre",15,0.33355368580775,0.95867472053744,-1.54541423933463,2.21252161095013,0.727891195276697,"estimated","","",1572,0.996794553908997,FALSE
"reverse|GCST90670682","ed_2025_eur_reverse_exposure","GCST90670682","Gut microbiome species abundance (Ventrimonas sp003478505, GCF_003478505.1)","taxon:ventrimonas sp003478505","primary","GCST90670682","EUR","reverse_sensitivity","microbiome_trait_units_per_standardized_ED_exposure",17,"estimable","reverse",TRUE,TRUE,"mr_ivw_mre",17,-0.0869961604018052,0.250170112226621,-0.577320570374326,0.403328249570716,0.728029432323336,"estimated","","",1572,0.996794553908997,FALSE
"reverse|GCST90671876","ed_2025_eur_reverse_exposure","GCST90671876","Gut microbiome function abundance (Anaerobic fatty acid beta-oxidation, MF0059)","function:mf0059","primary","GCST90671876","EUR","reverse_sensitivity","microbiome_trait_units_per_standardized_ED_exposure",17,"estimable","reverse",TRUE,TRUE,"mr_ivw_mre",17,-0.0815936554443564,0.236853298412289,-0.54581758995196,0.382630279063247,0.730477616232379,"estimated","","",1572,0.996794553908997,FALSE
"reverse|GCST90670722","ed_2025_eur_reverse_exposure","GCST90670722","Gut microbiome species presence (CAG-557 sp000435275, GCA_000435275.1)","taxon:cag-557 sp000435275","primary","GCST90670722","EUR","reverse_sensitivity","microbiome_trait_units_per_standardized_ED_exposure",15,"estimable","reverse",TRUE,TRUE,"mr_ivw_mre",15,-0.302707807586763,0.881145543734673,-2.02972133844468,1.42430572327116,0.731193050077891,"estimated","","",1572,0.996794553908997,FALSE
"reverse|GCST90671623","ed_2025_eur_reverse_exposure","GCST90671623","Gut microbiome genus presence (RGIG3102)","taxon:rgig3102","primary","GCST90671623","EUR","reverse_sensitivity","microbiome_trait_units_per_standardized_ED_exposure",15,"estimable","reverse",TRUE,TRUE,"mr_ivw_mre",15,-0.267139339085398,0.784439520713486,-1.80461254773369,1.2703338695629,0.733443853649269,"estimated","","",1572,0.996794553908997,FALSE
"reverse|GCST90671694","ed_2025_eur_reverse_exposure","GCST90671694","Gut microbiome family abundance (Anaerovoracaceae)","taxon:anaerovoracaceae","primary","GCST90671694","EUR","reverse_sensitivity","microbiome_trait_units_per_standardized_ED_exposure",17,"estimable","reverse",TRUE,TRUE,"mr_ivw_mre",17,-0.0798545831398331,0.234549591751918,-0.539563335562164,0.379854169282498,0.733510689363966,"estimated","","",1572,0.996794553908997,FALSE
"reverse|GCST90670882","ed_2025_eur_reverse_exposure","GCST90670882","Gut microbiome species presence (Dysosmobacter sp900551885, GCA_900551885.1)","taxon:dysosmobacter sp900551885","primary","GCST90670882","EUR","reverse_sensitivity","microbiome_trait_units_per_standardized_ED_exposure",15,"estimable","reverse",TRUE,TRUE,"mr_ivw_mre",15,-0.286981839294398,0.850169615106098,-1.95328366565263,1.37931998706383,0.735696045163174,"estimated","","",1572,0.996794553908997,FALSE
"reverse|GCST90671847","ed_2025_eur_reverse_exposure","GCST90671847","Gut microbiome function abundance (Tyrosine degradation II, MF0027)","function:mf0027","primary","GCST90671847","EUR","reverse_sensitivity","microbiome_trait_units_per_standardized_ED_exposure",17,"estimable","reverse",TRUE,TRUE,"mr_ivw_mre",17,-0.0754759778598005,0.223683839808866,-0.513888247808804,0.362936292089203,0.735798366908879,"estimated","","",1572,0.996794553908997,FALSE
"reverse|GCST90670567","ed_2025_eur_reverse_exposure","GCST90670567","Gut microbiome species presence (Bifidobacterium dentium, GCF_001042595.1)","taxon:bifidobacterium dentium","primary","GCST90670567","EUR","reverse_sensitivity","microbiome_trait_units_per_standardized_ED_exposure",15,"estimable","reverse",TRUE,TRUE,"mr_ivw_mre",15,0.223660499069293,0.662884951841868,-1.07557013243433,1.52289113057292,0.735811841222759,"estimated","","",1572,0.996794553908997,FALSE
"reverse|GCST90671842","ed_2025_eur_reverse_exposure","GCST90671842","Gut microbiome function abundance (Ribose degradation, MF0020)","function:mf0020","primary","GCST90671842","EUR","reverse_sensitivity","microbiome_trait_units_per_standardized_ED_exposure",17,"estimable","reverse",TRUE,TRUE,"mr_ivw_mre",17,0.0815951676219589,0.242347613446481,-0.393397426472378,0.556587761716296,0.736353247888659,"estimated","","",1572,0.996794553908997,FALSE
"reverse|GCST90670623","ed_2025_eur_reverse_exposure","GCST90670623","Gut microbiome species abundance (Lawsonibacter asaccharolyticus, GCA_003112755.1)","taxon:lawsonibacter asaccharolyticus","primary","GCST90670623","EUR","reverse_sensitivity","microbiome_trait_units_per_standardized_ED_exposure",17,"estimable","reverse",TRUE,TRUE,"mr_ivw_mre",17,0.0850325203419166,0.254145332188715,-0.413083177586933,0.583148218270766,0.737940226678038,"estimated","","",1572,0.996794553908997,FALSE
"reverse|GCST90671884","ed_2025_eur_reverse_exposure","GCST90671884","Gut microbiome function abundance (NADH:ferredoxin oxidoreductase, MF0069)","function:mf0069","primary","GCST90671884","EUR","reverse_sensitivity","microbiome_trait_units_per_standardized_ED_exposure",17,"estimable","reverse",TRUE,TRUE,"mr_ivw_mre",17,-0.0672981269249468,0.201832183789032,-0.462881938072519,0.328285684222625,0.738805151606931,"estimated","","",1572,0.996794553908997,FALSE
"reverse|GCST90671848","ed_2025_eur_reverse_exposure","GCST90671848","Gut microbiome function abundance (Aspartate degradation I, MF0028)","function:mf0028","primary","GCST90671848","EUR","reverse_sensitivity","microbiome_trait_units_per_standardized_ED_exposure",17,"estimable","reverse",TRUE,TRUE,"mr_ivw_mre",17,0.0751023192926178,0.227484903106911,-0.370759897823511,0.520964536408746,0.741292674518179,"estimated","","",1572,0.996794553908997,FALSE
"reverse|GCST90670553","ed_2025_eur_reverse_exposure","GCST90670553","Gut microbiome species presence (ER4 sp003522105, GCA_003522105.1)","taxon:er4 sp003522105","primary","GCST90670553","EUR","reverse_sensitivity","microbiome_trait_units_per_standardized_ED_exposure",15,"estimable","reverse",TRUE,TRUE,"mr_ivw_mre",15,-0.2383369084353,0.723484302579192,-1.6563400848706,1.179666268,0.741831244164393,"estimated","","",1572,0.996794553908997,FALSE
"reverse|GCST90670428","ed_2025_eur_reverse_exposure","GCST90670428","Gut microbiome species abundance (Faecousia sp000434635, GCA_000434635.1)","taxon:faecousia sp000434635","primary","GCST90670428","EUR","reverse_sensitivity","microbiome_trait_units_per_standardized_ED_exposure",17,"estimable","reverse",TRUE,TRUE,"mr_ivw_mre",17,0.067103547087074,0.204959462238053,-0.334609617190206,0.468816711364354,0.743366033749226,"estimated","","",1572,0.996794553908997,FALSE
"reverse|GCST90671354","ed_2025_eur_reverse_exposure","GCST90671354","Gut microbiome genus abundance (Clostridium)","taxon:clostridium","primary","GCST90671354","EUR","reverse_sensitivity","microbiome_trait_units_per_standardized_ED_exposure",17,"estimable","reverse",TRUE,TRUE,"mr_ivw_mre",17,-0.071448406582049,0.218597525180967,-0.499891683046332,0.356994869882234,0.743782013033291,"estimated","","",1572,0.996794553908997,FALSE
"reverse|GCST90671290","ed_2025_eur_reverse_exposure","GCST90671290","Gut microbiome species presence (Saccharomyces cerevisiae, )","taxon:saccharomyces cerevisiae,","primary","GCST90671290","EUR","reverse_sensitivity","microbiome_trait_units_per_standardized_ED_exposure",15,"estimable","reverse",TRUE,TRUE,"mr_ivw_mre",15,0.249622450275334,0.763868880519108,-1.24753304445305,1.74677794500372,0.743828962479004,"estimated","","",1572,0.996794553908997,FALSE
"reverse|GCST90671687","ed_2025_eur_reverse_exposure","GCST90671687","Gut microbiome family abundance (Clostridiaceae)","taxon:clostridiaceae","primary","GCST90671687","EUR","reverse_sensitivity","microbiome_trait_units_per_standardized_ED_exposure",17,"estimable","reverse",TRUE,TRUE,"mr_ivw_mre",17,-0.0717929594628206,0.220102438178263,-0.50318581120167,0.359599892276029,0.744288357322393,"estimated","","",1572,0.996794553908997,FALSE
"reverse|GCST90671763","ed_2025_eur_reverse_exposure","GCST90671763","Gut microbiome order abundance (Clostridiales)","taxon:clostridiales","primary","GCST90671763","EUR","reverse_sensitivity","microbiome_trait_units_per_standardized_ED_exposure",17,"estimable","reverse",TRUE,TRUE,"mr_ivw_mre",17,-0.0717929594628206,0.220102438178263,-0.50318581120167,0.359599892276029,0.744288357322393,"estimated","","",1572,0.996794553908997,FALSE
"reverse|GCST90671380","ed_2025_eur_reverse_exposure","GCST90671380","Gut microbiome genus abundance (Scatomorpha)","taxon:scatomorpha","primary","GCST90671380","EUR","reverse_sensitivity","microbiome_trait_units_per_standardized_ED_exposure",17,"estimable","reverse",TRUE,TRUE,"mr_ivw_mre",17,0.0753081297410326,0.23238892241942,-0.380165788607102,0.530782048089167,0.745892037679145,"estimated","","",1572,0.996794553908997,FALSE
"reverse|GCST90671595","ed_2025_eur_reverse_exposure","GCST90671595","Gut microbiome genus abundance (Pullichristensenella)","taxon:pullichristensenella","primary","GCST90671595","EUR","reverse_sensitivity","microbiome_trait_units_per_standardized_ED_exposure",17,"estimable","reverse",TRUE,TRUE,"mr_ivw_mre",17,-0.0686241131130296,0.212048850967211,-0.484232223971865,0.346983997745806,0.746222659333955,"estimated","","",1572,0.996794553908997,FALSE
"reverse|GCST90671048","ed_2025_eur_reverse_exposure","GCST90671048","Gut microbiome species presence (CAG-273 sp905214245, GCA_905214245.1)","taxon:cag-273 sp905214245","primary","GCST90671048","EUR","reverse_sensitivity","microbiome_trait_units_per_standardized_ED_exposure",15,"estimable","reverse",TRUE,TRUE,"mr_ivw_mre",15,-0.307741502211785,0.959649799188006,-2.18862054639137,1.5731375419678,0.748452111755562,"estimated","","",1572,0.996794553908997,FALSE
"reverse|GCST90671043","ed_2025_eur_reverse_exposure","GCST90671043","Gut microbiome species presence (Blautia A sp900551715, GCA_900551715.1)","taxon:blautia a sp900551715","primary","GCST90671043","EUR","reverse_sensitivity","microbiome_trait_units_per_standardized_ED_exposure",15,"estimable","reverse",TRUE,TRUE,"mr_ivw_mre",15,0.185544477407324,0.580155404702227,-0.951539221245299,1.32262817605995,0.749105862377901,"estimated","","",1572,0.996794553908997,FALSE
"reverse|GCST90671608","ed_2025_eur_reverse_exposure","GCST90671608","Gut microbiome genus presence (CAKTAA01)","taxon:caktaa01","primary","GCST90671608","EUR","reverse_sensitivity","microbiome_trait_units_per_standardized_ED_exposure",15,"estimable","reverse",TRUE,TRUE,"mr_ivw_mre",15,-0.254771524184509,0.803255657634002,-1.82912368352519,1.31958063515617,0.751111847113587,"estimated","","",1572,0.996794553908997,FALSE
"reverse|GCST90670554","ed_2025_eur_reverse_exposure","GCST90670554","Gut microbiome species presence (Faecalimonas phoceensis, GCF_900104635.1)","taxon:faecalimonas phoceensis","primary","GCST90670554","EUR","reverse_sensitivity","microbiome_trait_units_per_standardized_ED_exposure",15,"estimable","reverse",TRUE,TRUE,"mr_ivw_mre",15,-0.350158566258394,1.10437858473139,-2.51470081762923,1.81438368511244,0.751195126569437,"estimated","","",1572,0.996794553908997,FALSE
"reverse|GCST90671877","ed_2025_eur_reverse_exposure","GCST90671877","Gut microbiome function abundance (Glycerol degradation I, MF0060)","function:mf0060","primary","GCST90671877","EUR","reverse_sensitivity","microbiome_trait_units_per_standardized_ED_exposure",17,"estimable","reverse",TRUE,TRUE,"mr_ivw_mre",17,0.0718987647825565,0.228971001491629,-0.376876151645103,0.520673681210216,0.753514834880328,"estimated","","",1572,0.996794553908997,FALSE
"reverse|GCST90671231","ed_2025_eur_reverse_exposure","GCST90671231","Gut microbiome species presence (Raoultibacter timonensis, GCF_900240215.1)","taxon:raoultibacter timonensis","primary","GCST90671231","EUR","reverse_sensitivity","microbiome_trait_units_per_standardized_ED_exposure",15,"estimable","reverse",TRUE,TRUE,"mr_ivw_mre",15,-0.258635945360025,0.826853078936198,-1.87923820058103,1.36196630986098,0.754436013208269,"estimated","","",1572,0.996794553908997,FALSE
"reverse|GCST90671808","ed_2025_eur_reverse_exposure","GCST90671808","Gut microbiome phylum abundance (Actinomycetota)","taxon:actinomycetota","primary","GCST90671808","EUR","reverse_sensitivity","microbiome_trait_units_per_standardized_ED_exposure",17,"estimable","reverse",TRUE,TRUE,"mr_ivw_mre",17,0.0680928208153571,0.218262897293598,-0.35969459704146,0.495880238672174,0.755058640459965,"estimated","","",1572,0.996794553908997,FALSE
"reverse|GCST90671050","ed_2025_eur_reverse_exposure","GCST90671050","Gut microbiome species abundance (CAJJPW01 sp905193725, GCA_905193725.1)","taxon:cajjpw01 sp905193725","primary","GCST90671050","EUR","reverse_sensitivity","microbiome_trait_units_per_standardized_ED_exposure",17,"estimable","reverse",TRUE,TRUE,"mr_ivw_mre",17,-0.0658169392543226,0.213321182901705,-0.483918774881146,0.352284896372501,0.757675671319392,"estimated","","",1572,0.996794553908997,FALSE
"reverse|GCST90671580","ed_2025_eur_reverse_exposure","GCST90671580","Gut microbiome genus abundance (CAJJPW01)","taxon:cajjpw01","primary","GCST90671580","EUR","reverse_sensitivity","microbiome_trait_units_per_standardized_ED_exposure",17,"estimable","reverse",TRUE,TRUE,"mr_ivw_mre",17,-0.0658169392543226,0.213321182901705,-0.483918774881146,0.352284896372501,0.757675671319392,"estimated","","",1572,0.996794553908997,FALSE
"reverse|GCST90671022","ed_2025_eur_reverse_exposure","GCST90671022","Gut microbiome species presence (UMGS1591 sp900553255, GCA_900553255.1)","taxon:umgs1591 sp900553255","primary","GCST90671022","EUR","reverse_sensitivity","microbiome_trait_units_per_standardized_ED_exposure",15,"estimable","reverse",TRUE,TRUE,"mr_ivw_mre",15,0.196877969164348,0.641026724900031,-1.05951132476738,1.45326726309607,0.75874509923898,"estimated","","",1572,0.996794553908997,FALSE
"reverse|GCST90671292","ed_2025_eur_reverse_exposure","GCST90671292","Gut microbiome genus abundance (Agathobacter)","taxon:agathobacter","primary","GCST90671292","EUR","reverse_sensitivity","microbiome_trait_units_per_standardized_ED_exposure",17,"estimable","reverse",TRUE,TRUE,"mr_ivw_mre",17,-0.0797609329905764,0.259937049633781,-0.589228188520387,0.429706322539235,0.758959746671898,"estimated","","",1572,0.996794553908997,FALSE
"reverse|GCST90671605","ed_2025_eur_reverse_exposure","GCST90671605","Gut microbiome genus presence (RUG13868)","taxon:rug13868","primary","GCST90671605","EUR","reverse_sensitivity","microbiome_trait_units_per_standardized_ED_exposure",15,"estimable","reverse",TRUE,TRUE,"mr_ivw_mre",15,-0.301494288000647,0.983129616750383,-2.22839292896606,1.62540435296477,0.75909617070401,"estimated","","",1572,0.996794553908997,FALSE
"reverse|GCST90670970","ed_2025_eur_reverse_exposure","GCST90670970","Gut microbiome species presence (Clostridium celatum, GCF_000320405.1)","taxon:clostridium celatum","primary","GCST90670970","EUR","reverse_sensitivity","microbiome_trait_units_per_standardized_ED_exposure",15,"estimable","reverse",TRUE,TRUE,"mr_ivw_mre",15,0.286955574128574,0.937971799276669,-1.55143537096793,2.12534651922508,0.759656432510366,"estimated","","",1572,0.996794553908997,FALSE
"reverse|GCST90671192","ed_2025_eur_reverse_exposure","GCST90671192","Gut microbiome species presence (RGIG3102 sp934526065, GCA_934526065.1)","taxon:rgig3102 sp934526065","primary","GCST90671192","EUR","reverse_sensitivity","microbiome_trait_units_per_standardized_ED_exposure",15,"estimable","reverse",TRUE,TRUE,"mr_ivw_mre",15,-0.238853780601686,0.791953667448537,-1.79105444622523,1.31334688502186,0.762956474179438,"estimated","","",1572,0.996794553908997,FALSE
"reverse|GCST90670479","ed_2025_eur_reverse_exposure","GCST90670479","Gut microbiome species presence (Duodenibacillus massiliensis, GCF_900128485.1)","taxon:duodenibacillus massiliensis","primary","GCST90670479","EUR","reverse_sensitivity","microbiome_trait_units_per_standardized_ED_exposure",15,"estimable","reverse",TRUE,TRUE,"mr_ivw_mre",15,-0.241860389866644,0.803241561271825,-1.81618492084514,1.33246414111186,0.763334106064838,"estimated","","",1572,0.996794553908997,FALSE
"reverse|GCST90670924","ed_2025_eur_reverse_exposure","GCST90670924","Gut microbiome species presence (Coprobacter secundus, GCA_000803105.1)","taxon:coprobacter secundus","primary","GCST90670924","EUR","reverse_sensitivity","microbiome_trait_units_per_standardized_ED_exposure",15,"estimable","reverse",TRUE,TRUE,"mr_ivw_mre",15,0.166407588361883,0.554944078023859,-0.921262817998666,1.25407799472243,0.764281118797784,"estimated","","",1572,0.996794553908997,FALSE
"reverse|GCST90671176","ed_2025_eur_reverse_exposure","GCST90671176","Gut microbiome species abundance (Turicibacter bilis, GCF_024499055.1)","taxon:turicibacter bilis","primary","GCST90671176","EUR","reverse_sensitivity","microbiome_trait_units_per_standardized_ED_exposure",17,"estimable","reverse",TRUE,TRUE,"mr_ivw_mre",17,0.0618417345986929,0.206859581017252,-0.343595594052167,0.467279063249553,0.76497427564047,"estimated","","",1572,0.996794553908997,FALSE
"reverse|GCST90670872","ed_2025_eur_reverse_exposure","GCST90670872","Gut microbiome species presence (Agathobaculum sp900544475, GCA_900544475.1)","taxon:agathobaculum sp900544475","primary","GCST90670872","EUR","reverse_sensitivity","microbiome_trait_units_per_standardized_ED_exposure",15,"estimable","reverse",TRUE,TRUE,"mr_ivw_mre",15,0.245986309432818,0.825085329195886,-1.37115121996349,1.86312383882913,0.765600596685106,"estimated","","",1572,0.996794553908997,FALSE
"reverse|GCST90671358","ed_2025_eur_reverse_exposure","GCST90671358","Gut microbiome genus presence (Mesosutterella)","taxon:mesosutterella","primary","GCST90671358","EUR","reverse_sensitivity","microbiome_trait_units_per_standardized_ED_exposure",15,"estimable","reverse",TRUE,TRUE,"mr_ivw_mre",15,0.303136418760279,1.01921595418668,-1.69449014391424,2.3007629814348,0.766144970357574,"estimated","","",1572,0.996794553908997,FALSE
"reverse|GCST90671868","ed_2025_eur_reverse_exposure","GCST90671868","Gut microbiome function abundance (Threonine degradation II, MF0050)","function:mf0050","primary","GCST90671868","EUR","reverse_sensitivity","microbiome_trait_units_per_standardized_ED_exposure",17,"estimable","reverse",TRUE,TRUE,"mr_ivw_mre",17,-0.067441035649954,0.226923576005156,-0.512203071863098,0.37732100056319,0.766316012425931,"estimated","","",1572,0.996794553908997,FALSE
"reverse|GCST90671175","ed_2025_eur_reverse_exposure","GCST90671175","Gut microbiome species presence (KLE1615 sp934292725, GCA_934292725.1)","taxon:kle1615 sp934292725","primary","GCST90671175","EUR","reverse_sensitivity","microbiome_trait_units_per_standardized_ED_exposure",15,"estimable","reverse",TRUE,TRUE,"mr_ivw_mre",15,0.224349826921583,0.758691123119987,-1.26265744978384,1.711357103627,0.767454302936951,"estimated","","",1572,0.996794553908997,FALSE
"reverse|GCST90670648","ed_2025_eur_reverse_exposure","GCST90670648","Gut microbiome species presence (Ventrimonas sp900538475, GCA_900538475.1)","taxon:ventrimonas sp900538475","primary","GCST90670648","EUR","reverse_sensitivity","microbiome_trait_units_per_standardized_ED_exposure",15,"estimable","reverse",TRUE,TRUE,"mr_ivw_mre",15,0.228275845254767,0.773905780886213,-1.28855161270956,1.74510330321909,0.768019899514448,"estimated","","",1572,0.996794553908997,FALSE
"reverse|GCST90671693","ed_2025_eur_reverse_exposure","GCST90671693","Gut microbiome family abundance (Peptostreptococcaceae)","taxon:peptostreptococcaceae","primary","GCST90671693","EUR","reverse_sensitivity","microbiome_trait_units_per_standardized_ED_exposure",17,"estimable","reverse",TRUE,TRUE,"mr_ivw_mre",17,-0.0656985173390862,0.223217145654041,-0.503196083552839,0.371799048874666,0.768509122787467,"estimated","","",1572,0.996794553908997,FALSE
"reverse|GCST90671661","ed_2025_eur_reverse_exposure","GCST90671661","Gut microbiome family abundance (Enterobacteriaceae)","taxon:enterobacteriaceae","primary","GCST90671661","EUR","reverse_sensitivity","microbiome_trait_units_per_standardized_ED_exposure",17,"estimable","reverse",TRUE,TRUE,"mr_ivw_mre",17,-0.0706953240916727,0.240276432355542,-0.54162847784231,0.400237829658965,0.768586007749009,"estimated","","",1572,0.996794553908997,FALSE
"reverse|GCST90671747","ed_2025_eur_reverse_exposure","GCST90671747","Gut microbiome order abundance (Enterobacterales)","taxon:enterobacterales","primary","GCST90671747","EUR","reverse_sensitivity","microbiome_trait_units_per_standardized_ED_exposure",17,"estimable","reverse",TRUE,TRUE,"mr_ivw_mre",17,-0.0706953240916727,0.240276432355542,-0.54162847784231,0.400237829658965,0.768586007749009,"estimated","","",1572,0.996794553908997,FALSE
"reverse|GCST90670563","ed_2025_eur_reverse_exposure","GCST90670563","Gut microbiome species abundance (Enterocloster bolteae, GCF_002234575.2)","taxon:enterocloster bolteae","primary","GCST90670563","EUR","reverse_sensitivity","microbiome_trait_units_per_standardized_ED_exposure",17,"estimable","reverse",TRUE,TRUE,"mr_ivw_mre",17,0.0648713234380088,0.22113103812962,-0.36853754716,0.498280194036017,0.769245883235549,"estimated","","",1572,0.996794553908997,FALSE
"reverse|GCST90670761","ed_2025_eur_reverse_exposure","GCST90670761","Gut microbiome species presence (UBA1417 sp900552925, GCA_900552925.1)","taxon:uba1417 sp900552925","primary","GCST90670761","EUR","reverse_sensitivity","microbiome_trait_units_per_standardized_ED_exposure",15,"estimable","reverse",TRUE,TRUE,"mr_ivw_mre",15,0.253432578217484,0.864265683659363,-1.44049703482875,1.94736219126372,0.769342859971859,"estimated","","",1572,0.996794553908997,FALSE
"reverse|GCST90671343","ed_2025_eur_reverse_exposure","GCST90671343","Gut microbiome genus presence (COE1)","taxon:coe1","primary","GCST90671343","EUR","reverse_sensitivity","microbiome_trait_units_per_standardized_ED_exposure",15,"estimable","reverse",TRUE,TRUE,"mr_ivw_mre",15,-0.154360581254996,0.528788688434804,-1.19076736601938,0.882046203509391,0.770352725964828,"estimated","","",1572,0.996794553908997,FALSE
"reverse|GCST90671462","ed_2025_eur_reverse_exposure","GCST90671462","Gut microbiome genus presence (UMGS973)","taxon:umgs973","primary","GCST90671462","EUR","reverse_sensitivity","microbiome_trait_units_per_standardized_ED_exposure",15,"estimable","reverse",TRUE,TRUE,"mr_ivw_mre",15,-0.159861114999443,0.549119846069567,-1.23611623649197,0.916394006493085,0.770957670471963,"estimated","","",1572,0.996794553908997,FALSE
"reverse|GCST90671829","ed_2025_eur_reverse_exposure","GCST90671829","Gut microbiome function abundance (Lactose and galactose degradation, MF0007)","function:mf0007","primary","GCST90671829","EUR","reverse_sensitivity","microbiome_trait_units_per_standardized_ED_exposure",17,"estimable","reverse",TRUE,TRUE,"mr_ivw_mre",17,-0.0820605358348004,0.281892285652557,-0.634559263233489,0.470438191563888,0.770970250876258,"estimated","","",1572,0.996794553908997,FALSE
"reverse|GCST90670466","ed_2025_eur_reverse_exposure","GCST90670466","Gut microbiome species presence (Bifidobacterium catenulatum, GCF_001025195.1)","taxon:bifidobacterium catenulatum","primary","GCST90670466","EUR","reverse_sensitivity","microbiome_trait_units_per_standardized_ED_exposure",15,"estimable","reverse",TRUE,TRUE,"mr_ivw_mre",15,-0.300422956523218,1.0372123474599,-2.33332180186487,1.73247588881844,0.772088142206797,"estimated","","",1572,0.996794553908997,FALSE
"reverse|GCST90671484","ed_2025_eur_reverse_exposure","GCST90671484","Gut microbiome genus presence (Scatenecus)","taxon:scatenecus","primary","GCST90671484","EUR","reverse_sensitivity","microbiome_trait_units_per_standardized_ED_exposure",15,"estimable","reverse",TRUE,TRUE,"mr_ivw_mre",15,0.22406582539062,0.776098766763157,-1.29705980591112,1.74519145669236,0.772804936182271,"estimated","","",1572,0.996794553908997,FALSE
"reverse|GCST90670600","ed_2025_eur_reverse_exposure","GCST90670600","Gut microbiome species presence (Blautia A sp003471165, GCF_003471165.1)","taxon:blautia a sp003471165","primary","GCST90670600","EUR","reverse_sensitivity","microbiome_trait_units_per_standardized_ED_exposure",15,"estimable","reverse",TRUE,TRUE,"mr_ivw_mre",15,-0.315637364833384,1.09830711369443,-2.4682797516386,1.83700502197183,0.773817283896511,"estimated","","",1572,0.996794553908997,FALSE
"reverse|GCST90670594","ed_2025_eur_reverse_exposure","GCST90670594","Gut microbiome species abundance (Anaerobutyricum soehngenii, GCF_900209925.1)","taxon:anaerobutyricum soehngenii","primary","GCST90670594","EUR","reverse_sensitivity","microbiome_trait_units_per_standardized_ED_exposure",17,"estimable","reverse",TRUE,TRUE,"mr_ivw_mre",17,-0.0672008744100535,0.234867573346533,-0.527532859305577,0.39313111048547,0.774784373600098,"estimated","","",1572,0.996794553908997,FALSE
"reverse|GCST90671146","ed_2025_eur_reverse_exposure","GCST90671146","Gut microbiome species presence (Vescimonas sp900545585, GCA_900545585.1)","taxon:vescimonas sp900545585","primary","GCST90671146","EUR","reverse_sensitivity","microbiome_trait_units_per_standardized_ED_exposure",15,"estimable","reverse",TRUE,TRUE,"mr_ivw_mre",15,0.154216923513917,0.542058344143756,-0.908197908527263,1.2166317555551,0.776025361609945,"estimated","","",1572,0.996794553908997,FALSE
"reverse|GCST90670766","ed_2025_eur_reverse_exposure","GCST90670766","Gut microbiome species presence (Alistipes senegalensis, GCA_025145645.1)","taxon:alistipes senegalensis","primary","GCST90670766","EUR","reverse_sensitivity","microbiome_trait_units_per_standardized_ED_exposure",15,"estimable","reverse",TRUE,TRUE,"mr_ivw_mre",15,0.166093053993411,0.585884926978732,-0.982220301969783,1.31440640995661,0.776800544979783,"estimated","","",1572,0.996794553908997,FALSE
"reverse|GCST90670936","ed_2025_eur_reverse_exposure","GCST90670936","Gut microbiome species presence (Mailhella excrementigallinarum, GCA_944324075.1)","taxon:mailhella excrementigallinarum","primary","GCST90670936","EUR","reverse_sensitivity","microbiome_trait_units_per_standardized_ED_exposure",15,"estimable","reverse",TRUE,TRUE,"mr_ivw_mre",15,0.263747021527922,0.93130198161138,-1.56157132116117,2.08906536421701,0.777021635029589,"estimated","","",1572,0.996794553908997,FALSE
"reverse|GCST90671906","ed_2025_eur_reverse_exposure","GCST90671906","Gut microbiome function abundance (Propionate production III, MF0095)","function:mf0095","primary","GCST90671906","EUR","reverse_sensitivity","microbiome_trait_units_per_standardized_ED_exposure",17,"estimable","reverse",TRUE,TRUE,"mr_ivw_mre",17,-0.0580476788198322,0.205028346634105,-0.459895854032473,0.343800496392808,0.777084651421284,"estimated","","",1572,0.996794553908997,FALSE
"reverse|GCST90670708","ed_2025_eur_reverse_exposure","GCST90670708","Gut microbiome species presence (CAG-269 sp001916055, GCA_001916055.1)","taxon:cag-269 sp001916055","primary","GCST90670708","EUR","reverse_sensitivity","microbiome_trait_units_per_standardized_ED_exposure",15,"estimable","reverse",TRUE,TRUE,"mr_ivw_mre",15,-0.18486165938625,0.653334948366958,-1.46537462802682,1.09565130925432,0.777214536916326,"estimated","","",1572,0.996794553908997,FALSE
"reverse|GCST90670414","ed_2025_eur_reverse_exposure","GCST90670414","Gut microbiome species presence (Coprococcus sp900066115, GCF_003461625.1)","taxon:coprococcus sp900066115","primary","GCST90670414","EUR","reverse_sensitivity","microbiome_trait_units_per_standardized_ED_exposure",15,"estimable","reverse",TRUE,TRUE,"mr_ivw_mre",15,-0.172683995307106,0.610713624556031,-1.36966070430484,1.02429271369063,0.777362562638149,"estimated","","",1572,0.996794553908997,FALSE
"reverse|GCST90670845","ed_2025_eur_reverse_exposure","GCST90670845","Gut microbiome species presence (Woodwardibium gallinarum, GCA_904419545.1)","taxon:woodwardibium gallinarum","primary","GCST90670845","EUR","reverse_sensitivity","microbiome_trait_units_per_standardized_ED_exposure",15,"estimable","reverse",TRUE,TRUE,"mr_ivw_mre",15,0.276225546687838,0.977077526093887,-1.63881121455967,2.19126230793535,0.777402320356071,"estimated","","",1572,0.996794553908997,FALSE
"reverse|GCST90671109","ed_2025_eur_reverse_exposure","GCST90671109","Gut microbiome species presence (UMGS1623 hMGS.04797, )","taxon:umgs1623 hmgs.04797,","primary","GCST90671109","EUR","reverse_sensitivity","microbiome_trait_units_per_standardized_ED_exposure",15,"estimable","reverse",TRUE,TRUE,"mr_ivw_mre",15,-0.186682778682823,0.660396282941261,-1.48103570877182,1.10767015140617,0.777419876578702,"estimated","","",1572,0.996794553908997,FALSE
"reverse|GCST90671735","ed_2025_eur_reverse_exposure","GCST90671735","Gut microbiome family abundance (UMGS124)","taxon:umgs124","primary","GCST90671735","EUR","reverse_sensitivity","microbiome_trait_units_per_standardized_ED_exposure",17,"estimable","reverse",TRUE,TRUE,"mr_ivw_mre",17,0.057865665022981,0.204727655312869,-0.343393166029572,0.459124496075534,0.777447420110603,"estimated","","",1572,0.996794553908997,FALSE
"reverse|GCST90670958","ed_2025_eur_reverse_exposure","GCST90670958","Gut microbiome species presence (UMGS911 sp003343545, GCA_905205065.1)","taxon:umgs911 sp003343545","primary","GCST90670958","EUR","reverse_sensitivity","microbiome_trait_units_per_standardized_ED_exposure",15,"estimable","reverse",TRUE,TRUE,"mr_ivw_mre",15,0.160092941240525,0.572062705078653,-0.961129357612192,1.28131524009324,0.779590988852348,"estimated","","",1572,0.996794553908997,FALSE
"reverse|GCST90670609","ed_2025_eur_reverse_exposure","GCST90670609","Gut microbiome species presence (CAG-475 sp000434435, GCA_000434435.1)","taxon:cag-475 sp000434435","primary","GCST90670609","EUR","reverse_sensitivity","microbiome_trait_units_per_standardized_ED_exposure",15,"estimable","reverse",TRUE,TRUE,"mr_ivw_mre",15,-0.248345427797129,0.893593560120771,-1.99975662245077,1.50306576685651,0.781075569960761,"estimated","","",1572,0.996794553908997,FALSE
"reverse|GCST90671400","ed_2025_eur_reverse_exposure","GCST90671400","Gut microbiome genus abundance (Rothia)","taxon:rothia","primary","GCST90671400","EUR","reverse_sensitivity","microbiome_trait_units_per_standardized_ED_exposure",17,"estimable","reverse",TRUE,TRUE,"mr_ivw_mre",17,-0.0593232981684062,0.213693940420021,-0.478155725106096,0.359509128769283,0.781312748726635,"estimated","","",1572,0.996794553908997,FALSE
"reverse|GCST90671668","ed_2025_eur_reverse_exposure","GCST90671668","Gut microbiome family abundance (Marinifilaceae)","taxon:marinifilaceae","primary","GCST90671668","EUR","reverse_sensitivity","microbiome_trait_units_per_standardized_ED_exposure",17,"estimable","reverse",TRUE,TRUE,"mr_ivw_mre",17,0.0610543104863967,0.220321106520902,-0.370767123328584,0.492875744301377,0.781691710077737,"estimated","","",1572,0.996794553908997,FALSE
"reverse|GCST90671283","ed_2025_eur_reverse_exposure","GCST90671283","Gut microbiome species presence (Bianquea renquensis, GCF_014384895.1)","taxon:bianquea renquensis","primary","GCST90671283","EUR","reverse_sensitivity","microbiome_trait_units_per_standardized_ED_exposure",15,"estimable","reverse",TRUE,TRUE,"mr_ivw_mre",15,0.172093523149824,0.622638512820026,-1.04825553736501,1.39244258366465,0.782245496634888,"estimated","","",1572,0.996794553908997,FALSE
"reverse|GCST90670542","ed_2025_eur_reverse_exposure","GCST90670542","Gut microbiome species abundance (Phocaeicola dorei, GCF_013009555.1)","taxon:phocaeicola dorei","primary","GCST90670542","EUR","reverse_sensitivity","microbiome_trait_units_per_standardized_ED_exposure",17,"estimable","reverse",TRUE,TRUE,"mr_ivw_mre",17,0.0583174716870615,0.21204669363144,-0.35728641087136,0.473921354245483,0.783299459754456,"estimated","","",1572,0.996794553908997,FALSE
"reverse|GCST90671194","ed_2025_eur_reverse_exposure","GCST90671194","Gut microbiome species presence (UBA1685 sp944366945, GCA_944366945.1)","taxon:uba1685 sp944366945","primary","GCST90671194","EUR","reverse_sensitivity","microbiome_trait_units_per_standardized_ED_exposure",15,"estimable","reverse",TRUE,TRUE,"mr_ivw_mre",15,-0.340995302452831,1.24209186692326,-2.77545062711254,2.09346002220688,0.783674987724003,"estimated","","",1572,0.996794553908997,FALSE
"reverse|GCST90670680","ed_2025_eur_reverse_exposure","GCST90670680","Gut microbiome species presence (Spyradocola merdavium, GCA_904393115.1)","taxon:spyradocola merdavium","primary","GCST90670680","EUR","reverse_sensitivity","microbiome_trait_units_per_standardized_ED_exposure",15,"estimable","reverse",TRUE,TRUE,"mr_ivw_mre",15,-0.151370669701631,0.552562531381443,-1.23437333041554,0.931631991012281,0.784128381120293,"estimated","","",1572,0.996794553908997,FALSE
"reverse|GCST90670828","ed_2025_eur_reverse_exposure","GCST90670828","Gut microbiome species presence (Ruminococcus C sp000437255, GCA_000437255.1)","taxon:ruminococcus c sp000437255","primary","GCST90670828","EUR","reverse_sensitivity","microbiome_trait_units_per_standardized_ED_exposure",15,"estimable","reverse",TRUE,TRUE,"mr_ivw_mre",15,-0.239651224472118,0.874822127715325,-1.95427108767285,1.47496863872862,0.784128578413322,"estimated","","",1572,0.996794553908997,FALSE
"reverse|GCST90671466","ed_2025_eur_reverse_exposure","GCST90671466","Gut microbiome genus presence (HGM12669)","taxon:hgm12669","primary","GCST90671466","EUR","reverse_sensitivity","microbiome_trait_units_per_standardized_ED_exposure",15,"estimable","reverse",TRUE,TRUE,"mr_ivw_mre",15,-0.198394018871815,0.727046189887688,-1.62337836614875,1.22659032840512,0.784947940837534,"estimated","","",1572,0.996794553908997,FALSE
"reverse|GCST90671656","ed_2025_eur_reverse_exposure","GCST90671656","Gut microbiome family abundance (Bacteroidaceae)","taxon:bacteroidaceae","primary","GCST90671656","EUR","reverse_sensitivity","microbiome_trait_units_per_standardized_ED_exposure",17,"estimable","reverse",TRUE,TRUE,"mr_ivw_mre",17,0.067017729478389,0.245941026686789,-0.415017825148522,0.5490532841053,0.785241343354564,"estimated","","",1572,0.996794553908997,FALSE
"reverse|GCST90670445","ed_2025_eur_reverse_exposure","GCST90670445","Gut microbiome species abundance (CAG-170 sp000432135, GCA_000432135.1)","taxon:cag-170 sp000432135","primary","GCST90670445","EUR","reverse_sensitivity","microbiome_trait_units_per_standardized_ED_exposure",17,"estimable","reverse",TRUE,TRUE,"mr_ivw_mre",17,0.0594151026816512,0.218159730008069,-0.368170111011146,0.487000316374449,0.785355380375115,"estimated","","",1572,0.996794553908997,FALSE
"reverse|GCST90670418","ed_2025_eur_reverse_exposure","GCST90670418","Gut microbiome species presence (Catenibacterium sp000437715, GCF_004168205.1)","taxon:catenibacterium sp000437715","primary","GCST90670418","EUR","reverse_sensitivity","microbiome_trait_units_per_standardized_ED_exposure",15,"estimable","reverse",TRUE,TRUE,"mr_ivw_mre",15,-0.252216041116038,0.926700402145822,-2.06851545378063,1.56408337154856,0.78549463277281,"estimated","","",1572,0.996794553908997,FALSE
"reverse|GCST90670852","ed_2025_eur_reverse_exposure","GCST90670852","Gut microbiome species abundance (Blautia A sp900066505, GCF_013304385.1)","taxon:blautia a sp900066505","primary","GCST90670852","EUR","reverse_sensitivity","microbiome_trait_units_per_standardized_ED_exposure",17,"estimable","reverse",TRUE,TRUE,"mr_ivw_mre",17,-0.0593773671109441,0.218486501243367,-0.487603040656108,0.36884830643422,0.785801370294678,"estimated","","",1572,0.996794553908997,FALSE
"reverse|GCST90670971","ed_2025_eur_reverse_exposure","GCST90670971","Gut microbiome species presence (Copromonas avistercoris, GCA_018713185.1)","taxon:copromonas avistercoris","primary","GCST90670971","EUR","reverse_sensitivity","microbiome_trait_units_per_standardized_ED_exposure",15,"estimable","reverse",TRUE,TRUE,"mr_ivw_mre",15,-0.199760936671676,0.735118073011009,-1.64056588415774,1.24104401081439,0.785821993332593,"estimated","","",1572,0.996794553908997,FALSE
"reverse|GCST90671561","ed_2025_eur_reverse_exposure","GCST90671561","Gut microbiome genus abundance (Massilioclostridium)","taxon:massilioclostridium","primary","GCST90671561","EUR","reverse_sensitivity","microbiome_trait_units_per_standardized_ED_exposure",17,"estimable","reverse",TRUE,TRUE,"mr_ivw_mre",17,-0.0599268598501269,0.221524041912555,-0.494106003708476,0.374252284008222,0.786759621285364,"estimated","","",1572,0.996794553908997,FALSE
"reverse|GCST90671129","ed_2025_eur_reverse_exposure","GCST90671129","Gut microbiome species presence (Collinsella aerofaciens hMGS.05755, )","taxon:collinsella aerofaciens hmgs.05755,","primary","GCST90671129","EUR","reverse_sensitivity","microbiome_trait_units_per_standardized_ED_exposure",15,"estimable","reverse",TRUE,TRUE,"mr_ivw_mre",15,0.158037547191883,0.584980423709321,-0.988503014939366,1.30457810932313,0.787038169029506,"estimated","","",1572,0.996794553908997,FALSE
"reverse|GCST90670608","ed_2025_eur_reverse_exposure","GCST90670608","Gut microbiome species presence (CAG-267 sp001917135, GCA_001917135.1)","taxon:cag-267 sp001917135","primary","GCST90670608","EUR","reverse_sensitivity","microbiome_trait_units_per_standardized_ED_exposure",15,"estimable","reverse",TRUE,TRUE,"mr_ivw_mre",15,0.223878178477453,0.828715870127713,-1.40037508038964,1.84813143734454,0.787044313010177,"estimated","","",1572,0.996794553908997,FALSE
"reverse|GCST90671590","ed_2025_eur_reverse_exposure","GCST90671590","Gut microbiome genus presence (Lactonifactor)","taxon:lactonifactor","primary","GCST90671590","EUR","reverse_sensitivity","microbiome_trait_units_per_standardized_ED_exposure",15,"estimable","reverse",TRUE,TRUE,"mr_ivw_mre",15,0.149748868223185,0.554722743612675,-0.937487730662904,1.23698546710927,0.787196690308895,"estimated","","",1572,0.996794553908997,FALSE
"reverse|GCST90670805","ed_2025_eur_reverse_exposure","GCST90670805","Gut microbiome species presence (UMGS902 sp003343845, GCA_003343845.1)","taxon:umgs902 sp003343845","primary","GCST90670805","EUR","reverse_sensitivity","microbiome_trait_units_per_standardized_ED_exposure",15,"estimable","reverse",TRUE,TRUE,"mr_ivw_mre",15,-0.247529661436986,0.921562934379756,-2.05375982230836,1.55870049943439,0.788239301735695,"estimated","","",1572,0.996794553908997,FALSE
"reverse|GCST90671021","ed_2025_eur_reverse_exposure","GCST90671021","Gut microbiome species presence (UMGS1384 sp900551265, GCA_900551265.1)","taxon:umgs1384 sp900551265","primary","GCST90671021","EUR","reverse_sensitivity","microbiome_trait_units_per_standardized_ED_exposure",15,"estimable","reverse",TRUE,TRUE,"mr_ivw_mre",15,0.229989146027806,0.858419099658458,-1.45248137294407,1.91245966499968,0.788759552710498,"estimated","","",1572,0.996794553908997,FALSE
"reverse|GCST90670378","ed_2025_eur_reverse_exposure","GCST90670378","Gut microbiome species abundance (Lachnospira eligens A, GCF_009680455.1)","taxon:lachnospira eligens a","primary","GCST90670378","EUR","reverse_sensitivity","microbiome_trait_units_per_standardized_ED_exposure",17,"estimable","reverse",TRUE,TRUE,"mr_ivw_mre",17,-0.057270626883483,0.213920123479084,-0.476546364470848,0.362005110703882,0.788915100596557,"estimated","","",1572,0.996794553908997,FALSE
"reverse|GCST90671268","ed_2025_eur_reverse_exposure","GCST90671268","Gut microbiome species abundance (Limivivens sp905214955, GCA_905214955.1)","taxon:limivivens sp905214955","primary","GCST90671268","EUR","reverse_sensitivity","microbiome_trait_units_per_standardized_ED_exposure",17,"estimable","reverse",TRUE,TRUE,"mr_ivw_mre",17,0.0643389898012981,0.240677283612248,-0.40737981797564,0.536057797578236,0.789219147791699,"estimated","","",1572,0.996794553908997,FALSE
"reverse|GCST90670673","ed_2025_eur_reverse_exposure","GCST90670673","Gut microbiome species presence (UBA7597 sp900542935, GCA_900542935.1)","taxon:uba7597 sp900542935","primary","GCST90670673","EUR","reverse_sensitivity","microbiome_trait_units_per_standardized_ED_exposure",15,"estimable","reverse",TRUE,TRUE,"mr_ivw_mre",15,0.201221783492068,0.754392646656615,-1.27736063415675,1.67980420114088,0.789674366481699,"estimated","","",1572,0.996794553908997,FALSE
"reverse|GCST90671844","ed_2025_eur_reverse_exposure","GCST90671844","Gut microbiome function abundance (Galacturonate degradation I, MF0022)","function:mf0022","primary","GCST90671844","EUR","reverse_sensitivity","microbiome_trait_units_per_standardized_ED_exposure",17,"estimable","reverse",TRUE,TRUE,"mr_ivw_mre",17,0.0607127874215864,0.2276663563945,-0.385505071603094,0.506930646446267,0.789719871471593,"estimated","","",1572,0.996794553908997,FALSE
"reverse|GCST90671524","ed_2025_eur_reverse_exposure","GCST90671524","Gut microbiome genus abundance (Turicibacter)","taxon:turicibacter","primary","GCST90671524","EUR","reverse_sensitivity","microbiome_trait_units_per_standardized_ED_exposure",17,"estimable","reverse",TRUE,TRUE,"mr_ivw_mre",17,-0.0556351836936794,0.210324585656194,-0.467863796643129,0.35659342925577,0.791378800395326,"estimated","","",1572,0.996794553908997,FALSE
"reverse|GCST90671723","ed_2025_eur_reverse_exposure","GCST90671723","Gut microbiome family abundance (Turicibacteraceae)","taxon:turicibacteraceae","primary","GCST90671723","EUR","reverse_sensitivity","microbiome_trait_units_per_standardized_ED_exposure",17,"estimable","reverse",TRUE,TRUE,"mr_ivw_mre",17,-0.0556351836936794,0.210324585656194,-0.467863796643129,0.35659342925577,0.791378800395326,"estimated","","",1572,0.996794553908997,FALSE
"reverse|GCST90671781","ed_2025_eur_reverse_exposure","GCST90671781","Gut microbiome order abundance (Haloplasmatales)","taxon:haloplasmatales","primary","GCST90671781","EUR","reverse_sensitivity","microbiome_trait_units_per_standardized_ED_exposure",17,"estimable","reverse",TRUE,TRUE,"mr_ivw_mre",17,-0.0556351836936794,0.210324585656194,-0.467863796643129,0.35659342925577,0.791378800395326,"estimated","","",1572,0.996794553908997,FALSE
"reverse|GCST90671034","ed_2025_eur_reverse_exposure","GCST90671034","Gut microbiome species presence (Ventrimonas sp900770535, GCA_900770535.1)","taxon:ventrimonas sp900770535","primary","GCST90671034","EUR","reverse_sensitivity","microbiome_trait_units_per_standardized_ED_exposure",15,"estimable","reverse",TRUE,TRUE,"mr_ivw_mre",15,-0.216674279886362,0.820435686780296,-1.82469867760713,1.3913501178344,0.791705479507286,"estimated","","",1572,0.996794553908997,FALSE
"reverse|GCST90671171","ed_2025_eur_reverse_exposure","GCST90671171","Gut microbiome species presence (Blautia A intestinalis, GCF_014297355.1)","taxon:blautia a intestinalis","primary","GCST90671171","EUR","reverse_sensitivity","microbiome_trait_units_per_standardized_ED_exposure",15,"estimable","reverse",TRUE,TRUE,"mr_ivw_mre",15,-0.20089290359125,0.761834051768844,-1.69406020725441,1.29227440007191,0.792013862945353,"estimated","","",1572,0.996794553908997,FALSE
"reverse|GCST90671246","ed_2025_eur_reverse_exposure","GCST90671246","Gut microbiome species abundance (Anaerotruncus sp014385085, GCA_014385085.1)","taxon:anaerotruncus sp014385085","primary","GCST90671246","EUR","reverse_sensitivity","microbiome_trait_units_per_standardized_ED_exposure",17,"estimable","reverse",TRUE,TRUE,"mr_ivw_mre",17,0.0593805366296514,0.225362224204159,-0.382321306286341,0.501082379545644,0.792173463035335,"estimated","","",1572,0.996794553908997,FALSE
"reverse|GCST90670570","ed_2025_eur_reverse_exposure","GCST90670570","Gut microbiome species abundance (Clostridium A leptum, GCA_000154345.1)","taxon:clostridium a leptum","primary","GCST90670570","EUR","reverse_sensitivity","microbiome_trait_units_per_standardized_ED_exposure",17,"estimable","reverse",TRUE,TRUE,"mr_ivw_mre",17,-0.0594729858096686,0.226144544421471,-0.50270814817597,0.383762176556632,0.792560904057138,"estimated","","",1572,0.996794553908997,FALSE
"reverse|GCST90670393","ed_2025_eur_reverse_exposure","GCST90670393","Gut microbiome species abundance (RUG115 sp900066395, GCF_003479605.1)","taxon:rug115 sp900066395","primary","GCST90670393","EUR","reverse_sensitivity","microbiome_trait_units_per_standardized_ED_exposure",17,"estimable","reverse",TRUE,TRUE,"mr_ivw_mre",17,0.0569489568176124,0.218647558054416,-0.371592382276673,0.485490295911898,0.79450891728311,"estimated","","",1572,0.996794553908997,FALSE
"reverse|GCST90671303","ed_2025_eur_reverse_exposure","GCST90671303","Gut microbiome genus abundance (RUG115)","taxon:rug115","primary","GCST90671303","EUR","reverse_sensitivity","microbiome_trait_units_per_standardized_ED_exposure",17,"estimable","reverse",TRUE,TRUE,"mr_ivw_mre",17,0.0569489568176124,0.218647558054416,-0.371592382276673,0.485490295911898,0.79450891728311,"estimated","","",1572,0.996794553908997,FALSE
"reverse|GCST90671203","ed_2025_eur_reverse_exposure","GCST90671203","Gut microbiome species presence (RGIG8748 sp934500705, GCA_934500705.1)","taxon:rgig8748 sp934500705","primary","GCST90671203","EUR","reverse_sensitivity","microbiome_trait_units_per_standardized_ED_exposure",15,"estimable","reverse",TRUE,TRUE,"mr_ivw_mre",15,-0.313707571407885,1.20559770673426,-2.67663565645111,2.04922051363534,0.794702435820541,"estimated","","",1572,0.996794553908997,FALSE
"reverse|GCST90671567","ed_2025_eur_reverse_exposure","GCST90671567","Gut microbiome genus presence (RUG11247)","taxon:rug11247","primary","GCST90671567","EUR","reverse_sensitivity","microbiome_trait_units_per_standardized_ED_exposure",15,"estimable","reverse",TRUE,TRUE,"mr_ivw_mre",15,0.154084246053328,0.609588820786943,-1.04068788806732,1.34885638017398,0.800447878734574,"estimated","","",1572,0.996794553908997,FALSE
"reverse|GCST90670746","ed_2025_eur_reverse_exposure","GCST90670746","Gut microbiome species abundance (Ventricola sp900542445, GCA_900542445.1)","taxon:ventricola sp900542445","primary","GCST90670746","EUR","reverse_sensitivity","microbiome_trait_units_per_standardized_ED_exposure",17,"estimable","reverse",TRUE,TRUE,"mr_ivw_mre",17,-0.0551430770656657,0.218247957337568,-0.482901213146733,0.372615059015401,0.800529019443744,"estimated","","",1572,0.996794553908997,FALSE
"reverse|GCST90671875","ed_2025_eur_reverse_exposure","GCST90671875","Gut microbiome function abundance (Lysine degradation II, MF0058)","function:mf0058","primary","GCST90671875","EUR","reverse_sensitivity","microbiome_trait_units_per_standardized_ED_exposure",17,"estimable","reverse",TRUE,TRUE,"mr_ivw_mre",17,-0.0564610986812363,0.223857171450298,-0.495213092404828,0.382290895042355,0.800871562352287,"estimated","","",1572,0.996794553908997,FALSE
"reverse|GCST90670964","ed_2025_eur_reverse_exposure","GCST90670964","Gut microbiome species presence (Avispirillum faecium, GCA_904396155.1)","taxon:avispirillum faecium","primary","GCST90670964","EUR","reverse_sensitivity","microbiome_trait_units_per_standardized_ED_exposure",15,"estimable","reverse",TRUE,TRUE,"mr_ivw_mre",15,0.196134614167115,0.78075663880428,-1.33412027857982,1.72638950691405,0.80165102184751,"estimated","","",1572,0.996794553908997,FALSE
"reverse|GCST90670628","ed_2025_eur_reverse_exposure","GCST90670628","Gut microbiome species presence (Rothia mucilaginosa A, GCF_001061665.1)","taxon:rothia mucilaginosa a","primary","GCST90670628","EUR","reverse_sensitivity","microbiome_trait_units_per_standardized_ED_exposure",15,"estimable","reverse",TRUE,TRUE,"mr_ivw_mre",15,-0.206547784201782,0.826077402040466,-1.82562974064351,1.41253417223995,0.802560730414898,"estimated","","",1572,0.996794553908997,FALSE
"reverse|GCST90670966","ed_2025_eur_reverse_exposure","GCST90670966","Gut microbiome species presence (Caccousia avistercoris, GCA_018715025.1)","taxon:caccousia avistercoris","primary","GCST90670966","EUR","reverse_sensitivity","microbiome_trait_units_per_standardized_ED_exposure",15,"estimable","reverse",TRUE,TRUE,"mr_ivw_mre",15,-0.157766510883293,0.630981277118829,-1.39446708895529,1.0789340671887,0.802561376126422,"estimated","","",1572,0.996794553908997,FALSE
"reverse|GCST90671684","ed_2025_eur_reverse_exposure","GCST90671684","Gut microbiome family abundance (Micrococcaceae)","taxon:micrococcaceae","primary","GCST90671684","EUR","reverse_sensitivity","microbiome_trait_units_per_standardized_ED_exposure",17,"estimable","reverse",TRUE,TRUE,"mr_ivw_mre",17,-0.0540760136212462,0.217921711656597,-0.481194719917499,0.373042692675006,0.804022821053411,"estimated","","",1572,0.996794553908997,FALSE
"reverse|GCST90670598","ed_2025_eur_reverse_exposure","GCST90670598","Gut microbiome species presence (Limivicinus sp900547315, GCA_900547315.1)","taxon:limivicinus sp900547315","primary","GCST90670598","EUR","reverse_sensitivity","microbiome_trait_units_per_standardized_ED_exposure",15,"estimable","reverse",TRUE,TRUE,"mr_ivw_mre",15,-0.161283196841187,0.652713572537352,-1.44057829123487,1.1180118975525,0.804833592675996,"estimated","","",1572,0.996794553908997,FALSE
"reverse|GCST90671120","ed_2025_eur_reverse_exposure","GCST90671120","Gut microbiome species presence (Dysosmobacter hMGS.05507, )","taxon:dysosmobacter hmgs.05507,","primary","GCST90671120","EUR","reverse_sensitivity","microbiome_trait_units_per_standardized_ED_exposure",15,"estimable","reverse",TRUE,TRUE,"mr_ivw_mre",15,0.126507581421143,0.516868309452777,-0.886535689856403,1.13955085269869,0.806643924280094,"estimated","","",1572,0.996794553908997,FALSE
"reverse|GCST90670764","ed_2025_eur_reverse_exposure","GCST90670764","Gut microbiome species presence (UMGS973 sp900547295, GCA_900547295.1)","taxon:umgs973 sp900547295","primary","GCST90670764","EUR","reverse_sensitivity","microbiome_trait_units_per_standardized_ED_exposure",15,"estimable","reverse",TRUE,TRUE,"mr_ivw_mre",15,-0.133974979463106,0.549301736616341,-1.21058659987644,0.942636640950229,0.807307866064347,"estimated","","",1572,0.996794553908997,FALSE
"reverse|GCST90670449","ed_2025_eur_reverse_exposure","GCST90670449","Gut microbiome species abundance (Mediterraneibacter faecis, GCA_001312505.1)","taxon:mediterraneibacter faecis","primary","GCST90670449","EUR","reverse_sensitivity","microbiome_trait_units_per_standardized_ED_exposure",17,"estimable","reverse",TRUE,TRUE,"mr_ivw_mre",17,-0.0532019166430064,0.218647558054416,-0.481743255737292,0.375339422451279,0.807755411928066,"estimated","","",1572,0.996794553908997,FALSE
"reverse|GCST90671009","ed_2025_eur_reverse_exposure","GCST90671009","Gut microbiome species abundance (Metalachnospira sp900553995, GCF_018918145.1)","taxon:metalachnospira sp900553995","primary","GCST90671009","EUR","reverse_sensitivity","microbiome_trait_units_per_standardized_ED_exposure",17,"estimable","reverse",TRUE,TRUE,"mr_ivw_mre",17,0.0477097223251021,0.197520513424562,-0.339423370194899,0.434842814845103,0.809134195771032,"estimated","","",1572,0.996794553908997,FALSE
"reverse|GCST90670876","ed_2025_eur_reverse_exposure","GCST90670876","Gut microbiome species presence (Caccousia sp900752115, GCA_900752115.1)","taxon:caccousia sp900752115","primary","GCST90670876","EUR","reverse_sensitivity","microbiome_trait_units_per_standardized_ED_exposure",15,"estimable","reverse",TRUE,TRUE,"mr_ivw_mre",15,-0.168888388356312,0.699814263613863,-1.5404991409069,1.20272236419428,0.809296911518634,"estimated","","",1572,0.996794553908997,FALSE
"reverse|GCST90671528","ed_2025_eur_reverse_exposure","GCST90671528","Gut microbiome genus presence (UMGS1663)","taxon:umgs1663","primary","GCST90671528","EUR","reverse_sensitivity","microbiome_trait_units_per_standardized_ED_exposure",15,"estimable","reverse",TRUE,TRUE,"mr_ivw_mre",15,0.274759429788805,1.14917814169082,-1.97758833974586,2.52710719932347,0.811034157581031,"estimated","","",1572,0.996794553908997,FALSE
"reverse|GCST90670681","ed_2025_eur_reverse_exposure","GCST90670681","Gut microbiome species presence (UBA737 sp002431945, GCA_002431945.1)","taxon:uba737 sp002431945","primary","GCST90670681","EUR","reverse_sensitivity","microbiome_trait_units_per_standardized_ED_exposure",15,"estimable","reverse",TRUE,TRUE,"mr_ivw_mre",15,-0.170252781180774,0.712848283311392,-1.56740974291231,1.22690418055076,0.811233897681059,"estimated","","",1572,0.996794553908997,FALSE
"reverse|GCST90671673","ed_2025_eur_reverse_exposure","GCST90671673","Gut microbiome family abundance (UBA660)","taxon:uba660","primary","GCST90671673","EUR","reverse_sensitivity","microbiome_trait_units_per_standardized_ED_exposure",17,"estimable","reverse",TRUE,TRUE,"mr_ivw_mre",17,-0.0501027613917862,0.20988738111779,-0.461474469192087,0.361268946408515,0.811328449713528,"estimated","","",1572,0.996794553908997,FALSE
"reverse|GCST90671753","ed_2025_eur_reverse_exposure","GCST90671753","Gut microbiome order abundance (RF39)","taxon:rf39","primary","GCST90671753","EUR","reverse_sensitivity","microbiome_trait_units_per_standardized_ED_exposure",17,"estimable","reverse",TRUE,TRUE,"mr_ivw_mre",17,-0.0501027613917862,0.20988738111779,-0.461474469192087,0.361268946408515,0.811328449713528,"estimated","","",1572,0.996794553908997,FALSE
"reverse|GCST90670588","ed_2025_eur_reverse_exposure","GCST90670588","Gut microbiome species abundance (Faecalibacterium sp900539945, GCA_900539945.1)","taxon:faecalibacterium sp900539945","primary","GCST90670588","EUR","reverse_sensitivity","microbiome_trait_units_per_standardized_ED_exposure",17,"estimable","reverse",TRUE,TRUE,"mr_ivw_mre",17,-0.0599425923975542,0.25163089487526,-0.553130083750648,0.43324489895554,0.811713299481019,"estimated","","",1572,0.996794553908997,FALSE
"reverse|GCST90670724","ed_2025_eur_reverse_exposure","GCST90670724","Gut microbiome species presence (Cloacibacillus evryensis, GCF_000585335.1)","taxon:cloacibacillus evryensis","primary","GCST90670724","EUR","reverse_sensitivity","microbiome_trait_units_per_standardized_ED_exposure",15,"estimable","reverse",TRUE,TRUE,"mr_ivw_mre",15,0.174047482499075,0.730815910583588,-1.2583253815736,1.60642034657175,0.811760857321883,"estimated","","",1572,0.996794553908997,FALSE
"reverse|GCST90671518","ed_2025_eur_reverse_exposure","GCST90671518","Gut microbiome genus presence (Caccenecus)","taxon:caccenecus","primary","GCST90671518","EUR","reverse_sensitivity","microbiome_trait_units_per_standardized_ED_exposure",15,"estimable","reverse",TRUE,TRUE,"mr_ivw_mre",15,0.207381352481741,0.874273248704642,-1.50616272762619,1.92092543258967,0.812498319649899,"estimated","","",1572,0.996794553908997,FALSE
"reverse|GCST90671664","ed_2025_eur_reverse_exposure","GCST90671664","Gut microbiome family abundance (Coprobacillaceae)","taxon:coprobacillaceae","primary","GCST90671664","EUR","reverse_sensitivity","microbiome_trait_units_per_standardized_ED_exposure",17,"estimable","reverse",TRUE,TRUE,"mr_ivw_mre",17,0.0583601833648648,0.248217957883385,-0.42813807440265,0.54485844113238,0.814118169047167,"estimated","","",1572,0.996794553908997,FALSE
"reverse|GCST90670978","ed_2025_eur_reverse_exposure","GCST90670978","Gut microbiome species presence (Eisenbergiella sp900555195, GCA_900555195.1)","taxon:eisenbergiella sp900555195","primary","GCST90670978","EUR","reverse_sensitivity","microbiome_trait_units_per_standardized_ED_exposure",15,"estimable","reverse",TRUE,TRUE,"mr_ivw_mre",15,-0.127707883335109,0.543531601858342,-1.19301024743682,0.937594480766604,0.814240210564507,"estimated","","",1572,0.996794553908997,FALSE
"reverse|GCST90670529","ed_2025_eur_reverse_exposure","GCST90670529","Gut microbiome species presence (Butyribacter intestini, GCA_001414325.1)","taxon:butyribacter intestini","primary","GCST90670529","EUR","reverse_sensitivity","microbiome_trait_units_per_standardized_ED_exposure",15,"estimable","reverse",TRUE,TRUE,"mr_ivw_mre",15,-0.122202893505955,0.527669885679445,-1.15641686516404,0.912011078152125,0.816856733305455,"estimated","","",1572,0.996794553908997,FALSE
"reverse|GCST90671845","ed_2025_eur_reverse_exposure","GCST90671845","Gut microbiome function abundance (Tryptophan degradation, MF0025)","function:mf0025","primary","GCST90671845","EUR","reverse_sensitivity","microbiome_trait_units_per_standardized_ED_exposure",17,"estimable","reverse",TRUE,TRUE,"mr_ivw_mre",17,0.0536878296777284,0.232870542412874,-0.402730046511811,0.510105705867268,0.81766599638251,"estimated","","",1572,0.996794553908997,FALSE
"reverse|GCST90670975","ed_2025_eur_reverse_exposure","GCST90670975","Gut microbiome species presence (Dysosmobacter sp900550685, GCA_900550685.1)","taxon:dysosmobacter sp900550685","primary","GCST90670975","EUR","reverse_sensitivity","microbiome_trait_units_per_standardized_ED_exposure",15,"estimable","reverse",TRUE,TRUE,"mr_ivw_mre",15,0.147860606240966,0.64193774469192,-1.11031425367207,1.406035466154,0.81783161590691,"estimated","","",1572,0.996794553908997,FALSE
"reverse|GCST90670748","ed_2025_eur_reverse_exposure","GCST90670748","Gut microbiome species presence (Faecousia sp000435995, GCA_900545515.1)","taxon:faecousia sp000435995","primary","GCST90670748","EUR","reverse_sensitivity","microbiome_trait_units_per_standardized_ED_exposure",15,"estimable","reverse",TRUE,TRUE,"mr_ivw_mre",15,0.121018987393674,0.526459403464407,-0.910822482719004,1.15286045750635,0.81819018443561,"estimated","","",1572,0.996794553908997,FALSE
"reverse|GCST90670711","ed_2025_eur_reverse_exposure","GCST90670711","Gut microbiome species abundance (Egerieenecus merdigallinarum, GCA_900553295.1)","taxon:egerieenecus merdigallinarum","primary","GCST90670711","EUR","reverse_sensitivity","microbiome_trait_units_per_standardized_ED_exposure",17,"estimable","reverse",TRUE,TRUE,"mr_ivw_mre",17,-0.0470387820271458,0.206366211242144,-0.451509123687733,0.357431559633441,0.81969413695735,"estimated","","",1572,0.996794553908997,FALSE
"reverse|GCST90670411","ed_2025_eur_reverse_exposure","GCST90670411","Gut microbiome species abundance (Roseburia hominis, GCF_000225345.1)","taxon:roseburia hominis","primary","GCST90670411","EUR","reverse_sensitivity","microbiome_trait_units_per_standardized_ED_exposure",17,"estimable","reverse",TRUE,TRUE,"mr_ivw_mre",17,0.0654205081809706,0.287170515652818,-0.497423359920348,0.628264376282289,0.819793429688341,"estimated","","",1572,0.996794553908997,FALSE
"reverse|GCST90670954","ed_2025_eur_reverse_exposure","GCST90670954","Gut microbiome species presence (UMGS1783 sp900555065, GCA_900555065.1)","taxon:umgs1783 sp900555065","primary","GCST90670954","EUR","reverse_sensitivity","microbiome_trait_units_per_standardized_ED_exposure",15,"estimable","reverse",TRUE,TRUE,"mr_ivw_mre",15,-0.141523680422753,0.628282997725342,-1.37293572806328,1.08988836721778,0.821781160193258,"estimated","","",1572,0.996794553908997,FALSE
"reverse|GCST90671417","ed_2025_eur_reverse_exposure","GCST90671417","Gut microbiome genus presence (UBA6398)","taxon:uba6398","primary","GCST90671417","EUR","reverse_sensitivity","microbiome_trait_units_per_standardized_ED_exposure",15,"estimable","reverse",TRUE,TRUE,"mr_ivw_mre",15,0.19793740623965,0.881102893217389,-1.52899253114047,1.92486734361977,0.822253647252117,"estimated","","",1572,0.996794553908997,FALSE
"reverse|GCST90671592","ed_2025_eur_reverse_exposure","GCST90671592","Gut microbiome genus abundance (Parachristensenella)","taxon:parachristensenella","primary","GCST90671592","EUR","reverse_sensitivity","microbiome_trait_units_per_standardized_ED_exposure",17,"estimable","reverse",TRUE,TRUE,"mr_ivw_mre",17,0.0473321507770414,0.210805645999255,-0.365839323119199,0.460503624673282,0.822345077144377,"estimated","","",1572,0.996794553908997,FALSE
"reverse|GCST90671734","ed_2025_eur_reverse_exposure","GCST90671734","Gut microbiome family abundance (UMGS416)","taxon:umgs416","primary","GCST90671734","EUR","reverse_sensitivity","microbiome_trait_units_per_standardized_ED_exposure",17,"estimable","reverse",TRUE,TRUE,"mr_ivw_mre",17,0.0473321507770414,0.210805645999255,-0.365839323119199,0.460503624673282,0.822345077144377,"estimated","","",1572,0.996794553908997,FALSE
"reverse|GCST90671646","ed_2025_eur_reverse_exposure","GCST90671646","Gut microbiome genus presence (JAJEQR01)","taxon:jajeqr01","primary","GCST90671646","EUR","reverse_sensitivity","microbiome_trait_units_per_standardized_ED_exposure",15,"estimable","reverse",TRUE,TRUE,"mr_ivw_mre",15,0.126039231391433,0.564924328603088,-0.981192106661089,1.23327056944396,0.823451322284158,"estimated","","",1572,0.996794553908997,FALSE
"reverse|GCST90670443","ed_2025_eur_reverse_exposure","GCST90670443","Gut microbiome species abundance (Alistipes finegoldii, GCF_000265365.1)","taxon:alistipes finegoldii","primary","GCST90670443","EUR","reverse_sensitivity","microbiome_trait_units_per_standardized_ED_exposure",17,"estimable","reverse",TRUE,TRUE,"mr_ivw_mre",17,0.0484879369279396,0.217684938372687,-0.378166702259348,0.475142576115227,0.823735029732861,"estimated","","",1572,0.996794553908997,FALSE
"reverse|GCST90671091","ed_2025_eur_reverse_exposure","GCST90671091","Gut microbiome species abundance (QAKW01 sp003343605, GCA_003343605.1)","taxon:qakw01 sp003343605","primary","GCST90671091","EUR","reverse_sensitivity","microbiome_trait_units_per_standardized_ED_exposure",17,"estimable","reverse",TRUE,TRUE,"mr_ivw_mre",17,0.0453277941663504,0.20370185496921,-0.353920505157302,0.444576093490003,0.823908886438078,"estimated","","",1572,0.996794553908997,FALSE
"reverse|GCST90671597","ed_2025_eur_reverse_exposure","GCST90671597","Gut microbiome genus abundance (QAKW01)","taxon:qakw01","primary","GCST90671597","EUR","reverse_sensitivity","microbiome_trait_units_per_standardized_ED_exposure",17,"estimable","reverse",TRUE,TRUE,"mr_ivw_mre",17,0.0453277941663504,0.20370185496921,-0.353920505157302,0.444576093490003,0.823908886438078,"estimated","","",1572,0.996794553908997,FALSE
"reverse|GCST90670847","ed_2025_eur_reverse_exposure","GCST90670847","Gut microbiome species abundance (Anaerotruncus colihominis, GCA_025146135.1)","taxon:anaerotruncus colihominis","primary","GCST90670847","EUR","reverse_sensitivity","microbiome_trait_units_per_standardized_ED_exposure",17,"estimable","reverse",TRUE,TRUE,"mr_ivw_mre",17,-0.0655548559507777,0.295110070265439,-0.643959965146122,0.512850253244567,0.824207261132935,"estimated","","",1572,0.996794553908997,FALSE
"reverse|GCST90670581","ed_2025_eur_reverse_exposure","GCST90670581","Gut microbiome species presence (Desulfovibrio fairfieldensis, GCF_001553605.1)","taxon:desulfovibrio fairfieldensis","primary","GCST90670581","EUR","reverse_sensitivity","microbiome_trait_units_per_standardized_ED_exposure",15,"estimable","reverse",TRUE,TRUE,"mr_ivw_mre",15,0.231079788641396,1.04090318577439,-1.80905296686941,2.2712125441522,0.824314420753304,"estimated","","",1572,0.996794553908997,FALSE
"reverse|GCST90671325","ed_2025_eur_reverse_exposure","GCST90671325","Gut microbiome genus abundance (Faecousia)","taxon:faecousia","primary","GCST90671325","EUR","reverse_sensitivity","microbiome_trait_units_per_standardized_ED_exposure",17,"estimable","reverse",TRUE,TRUE,"mr_ivw_mre",17,-0.0487192572924192,0.220398169846289,-0.480691732449688,0.38325321786485,0.825052646997725,"estimated","","",1572,0.996794553908997,FALSE
"reverse|GCST90670736","ed_2025_eur_reverse_exposure","GCST90670736","Gut microbiome species abundance (UMGS856 sp900546265, GCA_900546265.1)","taxon:umgs856 sp900546265","primary","GCST90670736","EUR","reverse_sensitivity","microbiome_trait_units_per_standardized_ED_exposure",17,"estimable","reverse",TRUE,TRUE,"mr_ivw_mre",17,0.0551216231529074,0.249533805830325,-0.43395564919974,0.544198895505555,0.82517152860134,"estimated","","",1572,0.996794553908997,FALSE
"reverse|GCST90671356","ed_2025_eur_reverse_exposure","GCST90671356","Gut microbiome genus abundance (Dysosmobacter)","taxon:dysosmobacter","primary","GCST90671356","EUR","reverse_sensitivity","microbiome_trait_units_per_standardized_ED_exposure",17,"estimable","reverse",TRUE,TRUE,"mr_ivw_mre",17,0.0485084364234401,0.219686159965459,-0.382068525010765,0.479085397857645,0.825242023496066,"estimated","","",1572,0.996794553908997,FALSE
"reverse|GCST90671201","ed_2025_eur_reverse_exposure","GCST90671201","Gut microbiome species presence (Copromonas faecavium, GCA_018712915.1)","taxon:copromonas faecavium","primary","GCST90671201","EUR","reverse_sensitivity","microbiome_trait_units_per_standardized_ED_exposure",15,"estimable","reverse",TRUE,TRUE,"mr_ivw_mre",15,-0.125770111348799,0.570177632438397,-1.24329773571837,0.991757513020774,0.825419025608272,"estimated","","",1572,0.996794553908997,FALSE
"reverse|GCST90671918","ed_2025_eur_reverse_exposure","GCST90671918","Gut microbiome function abundance (Histamine synthesis, MGB009)","function:mgb009","primary","GCST90671918","EUR","reverse_sensitivity","microbiome_trait_units_per_standardized_ED_exposure",17,"estimable","reverse",TRUE,TRUE,"mr_ivw_mre",17,-0.0490477049856395,0.222510906591091,-0.485161068071534,0.387065658100255,0.825537592769551,"estimated","","",1572,0.996794553908997,FALSE
"reverse|GCST90671777","ed_2025_eur_reverse_exposure","GCST90671777","Gut microbiome order presence (UMGS1883)","taxon:umgs1883","primary","GCST90671777","EUR","reverse_sensitivity","microbiome_trait_units_per_standardized_ED_exposure",15,"estimable","reverse",TRUE,TRUE,"mr_ivw_mre",15,-0.144749615463491,0.657109641593829,-1.43266084688142,1.14316161595444,0.825651313343017,"estimated","","",1572,0.996794553908997,FALSE
"reverse|GCST90671519","ed_2025_eur_reverse_exposure","GCST90671519","Gut microbiome genus presence (HGM11507)","taxon:hgm11507","primary","GCST90671519","EUR","reverse_sensitivity","microbiome_trait_units_per_standardized_ED_exposure",15,"estimable","reverse",TRUE,TRUE,"mr_ivw_mre",15,0.167589177786145,0.761028064979389,-1.32399842079766,1.65917677636995,0.825704346989285,"estimated","","",1572,0.996794553908997,FALSE
"reverse|GCST90671721","ed_2025_eur_reverse_exposure","GCST90671721","Gut microbiome family presence (HGM11507)","taxon:hgm11507","primary","GCST90671721","EUR","reverse_sensitivity","microbiome_trait_units_per_standardized_ED_exposure",15,"estimable","reverse",TRUE,TRUE,"mr_ivw_mre",15,0.167589177786145,0.761028064979389,-1.32399842079766,1.65917677636995,0.825704346989285,"estimated","","",1572,0.996794553908997,FALSE
"reverse|GCST90671930","ed_2025_eur_reverse_exposure","GCST90671930","Gut microbiome function abundance (Isovaleric acid synthesis I (KADH pathway), MGB034)","function:mgb034","primary","GCST90671930","EUR","reverse_sensitivity","microbiome_trait_units_per_standardized_ED_exposure",17,"estimable","reverse",TRUE,TRUE,"mr_ivw_mre",17,-0.0482053152320186,0.218986528966218,-0.477411025105244,0.381000394641207,0.825770584702613,"estimated","","",1572,0.996794553908997,FALSE
"reverse|GCST90671215","ed_2025_eur_reverse_exposure","GCST90671215","Gut microbiome species presence (Marvinbryantia shaoxingensis, GCF_014385005.1)","taxon:marvinbryantia shaoxingensis","primary","GCST90671215","EUR","reverse_sensitivity","microbiome_trait_units_per_standardized_ED_exposure",15,"estimable","reverse",TRUE,TRUE,"mr_ivw_mre",15,-0.122096695043862,0.555822020298622,-1.21148783664345,0.967294446555728,0.826129190860951,"estimated","","",1572,0.996794553908997,FALSE
"reverse|GCST90671434","ed_2025_eur_reverse_exposure","GCST90671434","Gut microbiome genus presence (UBA10281)","taxon:uba10281","primary","GCST90671434","EUR","reverse_sensitivity","microbiome_trait_units_per_standardized_ED_exposure",15,"estimable","reverse",TRUE,TRUE,"mr_ivw_mre",15,-0.149234265748988,0.684030783727702,-1.48990996617199,1.19144143467401,0.827297490463181,"estimated","","",1572,0.996794553908997,FALSE
"reverse|GCST90671886","ed_2025_eur_reverse_exposure","GCST90671886","Gut microbiome function abundance (Pentose phosphate pathway (non-oxidative branch), MF0071)","function:mf0071","primary","GCST90671886","EUR","reverse_sensitivity","microbiome_trait_units_per_standardized_ED_exposure",17,"estimable","reverse",TRUE,TRUE,"mr_ivw_mre",17,-0.0502785043271708,0.230670252222592,-0.502383890988222,0.40182688233388,0.827454818490802,"estimated","","",1572,0.996794553908997,FALSE
"reverse|GCST90670754","ed_2025_eur_reverse_exposure","GCST90670754","Gut microbiome species presence (CAG-269 sp001916065, GCA_001916065.1)","taxon:cag-269 sp001916065","primary","GCST90670754","EUR","reverse_sensitivity","microbiome_trait_units_per_standardized_ED_exposure",15,"estimable","reverse",TRUE,TRUE,"mr_ivw_mre",15,-0.149654444373366,0.689214317755929,-1.50048968480433,1.2011807960576,0.82810099755694,"estimated","","",1572,0.996794553908997,FALSE
"reverse|GCST90670859","ed_2025_eur_reverse_exposure","GCST90670859","Gut microbiome species presence (Eubacterium I ramulus A, GCF_003122485.1)","taxon:eubacterium i ramulus a","primary","GCST90670859","EUR","reverse_sensitivity","microbiome_trait_units_per_standardized_ED_exposure",15,"estimable","reverse",TRUE,TRUE,"mr_ivw_mre",15,-0.140945732781097,0.649817004474328,-1.41456365809248,1.13267219253029,0.828285768482281,"estimated","","",1572,0.996794553908997,FALSE
"reverse|GCST90671280","ed_2025_eur_reverse_exposure","GCST90671280","Gut microbiome species presence (JAJEQR01 sp020687485, GCA_020687485.1)","taxon:jajeqr01 sp020687485","primary","GCST90671280","EUR","reverse_sensitivity","microbiome_trait_units_per_standardized_ED_exposure",15,"estimable","reverse",TRUE,TRUE,"mr_ivw_mre",15,0.120280228689813,0.555445312213944,-0.968372578631122,1.20893303601075,0.828561095010726,"estimated","","",1572,0.996794553908997,FALSE
"reverse|GCST90671588","ed_2025_eur_reverse_exposure","GCST90671588","Gut microbiome genus presence (HGM14224)","taxon:hgm14224","primary","GCST90671588","EUR","reverse_sensitivity","microbiome_trait_units_per_standardized_ED_exposure",15,"estimable","reverse",TRUE,TRUE,"mr_ivw_mre",15,0.114474334218285,0.529702980350713,-0.92372442977264,1.15267309820921,0.828901676673849,"estimated","","",1572,0.996794553908997,FALSE
"reverse|GCST90671733","ed_2025_eur_reverse_exposure","GCST90671733","Gut microbiome family presence (HGM14224)","taxon:hgm14224","primary","GCST90671733","EUR","reverse_sensitivity","microbiome_trait_units_per_standardized_ED_exposure",15,"estimable","reverse",TRUE,TRUE,"mr_ivw_mre",15,0.114474334218285,0.529702980350713,-0.92372442977264,1.15267309820921,0.828901676673849,"estimated","","",1572,0.996794553908997,FALSE
"reverse|GCST90671784","ed_2025_eur_reverse_exposure","GCST90671784","Gut microbiome order presence (DTUO25)","taxon:dtuo25","primary","GCST90671784","EUR","reverse_sensitivity","microbiome_trait_units_per_standardized_ED_exposure",15,"estimable","reverse",TRUE,TRUE,"mr_ivw_mre",15,0.114474334218285,0.529702980350713,-0.92372442977264,1.15267309820921,0.828901676673849,"estimated","","",1572,0.996794553908997,FALSE
"reverse|GCST90671230","ed_2025_eur_reverse_exposure","GCST90671230","Gut microbiome species abundance (Scatomonas hejianensis, GCF_014337215.1)","taxon:scatomonas hejianensis","primary","GCST90671230","EUR","reverse_sensitivity","microbiome_trait_units_per_standardized_ED_exposure",17,"estimable","reverse",TRUE,TRUE,"mr_ivw_mre",17,0.0569810548959328,0.264247291718386,-0.460934119884352,0.574896229676218,0.829272005567451,"estimated","","",1572,0.996794553908997,FALSE
"reverse|GCST90670792","ed_2025_eur_reverse_exposure","GCST90670792","Gut microbiome species abundance (CAG-317 sp000433215, GCF_003435815.1)","taxon:cag-317 sp000433215","primary","GCST90670792","EUR","reverse_sensitivity","microbiome_trait_units_per_standardized_ED_exposure",17,"estimable","reverse",TRUE,TRUE,"mr_ivw_mre",17,-0.0454214906449103,0.213050763052888,-0.462993313107346,0.372150331817526,0.831174380357439,"estimated","","",1572,0.996794553908997,FALSE
"reverse|GCST90671063","ed_2025_eur_reverse_exposure","GCST90671063","Gut microbiome species presence (Faecimorpha stercoravium, GCA_002305315.1)","taxon:faecimorpha stercoravium","primary","GCST90671063","EUR","reverse_sensitivity","microbiome_trait_units_per_standardized_ED_exposure",15,"estimable","reverse",TRUE,TRUE,"mr_ivw_mre",15,-0.113524253962282,0.53264253119234,-1.15748443173352,0.930435923808955,0.831222415349483,"estimated","","",1572,0.996794553908997,FALSE
"reverse|GCST90671435","ed_2025_eur_reverse_exposure","GCST90671435","Gut microbiome genus abundance (UMGS1071)","taxon:umgs1071","primary","GCST90671435","EUR","reverse_sensitivity","microbiome_trait_units_per_standardized_ED_exposure",17,"estimable","reverse",TRUE,TRUE,"mr_ivw_mre",17,0.0444451172463315,0.208703971864312,-0.364607151038181,0.453497385530844,0.831359958530885,"estimated","","",1572,0.996794553908997,FALSE
"reverse|GCST90671846","ed_2025_eur_reverse_exposure","GCST90671846","Gut microbiome function abundance (Tyrosine degradation I, MF0026)","function:mf0026","primary","GCST90671846","EUR","reverse_sensitivity","microbiome_trait_units_per_standardized_ED_exposure",17,"estimable","reverse",TRUE,TRUE,"mr_ivw_mre",17,0.0490266016353252,0.230366375720866,-0.402483198026594,0.500536401297244,0.831467263267367,"estimated","","",1572,0.996794553908997,FALSE
"reverse|GCST90670453","ed_2025_eur_reverse_exposure","GCST90670453","Gut microbiome species presence (Parasutterella gallistercoris, GCA_000980495.1)","taxon:parasutterella gallistercoris","primary","GCST90670453","EUR","reverse_sensitivity","microbiome_trait_units_per_standardized_ED_exposure",15,"estimable","reverse",TRUE,TRUE,"mr_ivw_mre",15,-0.178213062759801,0.841598763119541,-1.82771632790756,1.47129020238796,0.832297883556796,"estimated","","",1572,0.996794553908997,FALSE
"reverse|GCST90670889","ed_2025_eur_reverse_exposure","GCST90670889","Gut microbiome species presence (Pauljensenia sp902373545, GCA_902373545.1)","taxon:pauljensenia sp902373545","primary","GCST90670889","EUR","reverse_sensitivity","microbiome_trait_units_per_standardized_ED_exposure",15,"estimable","reverse",TRUE,TRUE,"mr_ivw_mre",15,0.119130267409739,0.570913912285749,-0.999840438943188,1.23810097376267,0.834709059130957,"estimated","","",1572,0.996794553908997,FALSE
"reverse|GCST90670650","ed_2025_eur_reverse_exposure","GCST90670650","Gut microbiome species presence (CAG-238 sp900551415, GCA_900551415.1)","taxon:cag-238 sp900551415","primary","GCST90670650","EUR","reverse_sensitivity","microbiome_trait_units_per_standardized_ED_exposure",15,"estimable","reverse",TRUE,TRUE,"mr_ivw_mre",15,-0.126775953857499,0.608295301423769,-1.31901283661302,1.06546092889802,0.834907398424962,"estimated","","",1572,0.996794553908997,FALSE
"reverse|GCST90671004","ed_2025_eur_reverse_exposure","GCST90671004","Gut microbiome species presence (Massilioclostridium methylpentosum, GCA_000158655.1)","taxon:massilioclostridium methylpentosum","primary","GCST90671004","EUR","reverse_sensitivity","microbiome_trait_units_per_standardized_ED_exposure",15,"estimable","reverse",TRUE,TRUE,"mr_ivw_mre",15,0.142097566543436,0.68370237705898,-1.19793446863659,1.48212960172346,0.835357480009948,"estimated","","",1572,0.996794553908997,FALSE
"reverse|GCST90671935","ed_2025_eur_reverse_exposure","GCST90671935","Gut microbiome function abundance (Menaquinone synthesis (vitamin K2) I, MGB040)","function:mgb040","primary","GCST90671935","EUR","reverse_sensitivity","microbiome_trait_units_per_standardized_ED_exposure",17,"estimable","reverse",TRUE,TRUE,"mr_ivw_mre",17,-0.047484146140691,0.22854085249076,-0.495415986018661,0.400447693737279,0.835407829466135,"estimated","","",1572,0.996794553908997,FALSE
"reverse|GCST90671917","ed_2025_eur_reverse_exposure","GCST90671917","Gut microbiome function abundance (Acetylcholine synthesis, MGB008)","function:mgb008","primary","GCST90671917","EUR","reverse_sensitivity","microbiome_trait_units_per_standardized_ED_exposure",17,"estimable","reverse",TRUE,TRUE,"mr_ivw_mre",17,0.0471639886579855,0.227184183227667,-0.398108828325391,0.492436805641362,0.83553940628068,"estimated","","",1572,0.996794553908997,FALSE
"reverse|GCST90671007","ed_2025_eur_reverse_exposure","GCST90671007","Gut microbiome species presence (Mediterraneibacter sp900541505, GCA_900541505.1)","taxon:mediterraneibacter sp900541505","primary","GCST90671007","EUR","reverse_sensitivity","microbiome_trait_units_per_standardized_ED_exposure",15,"estimable","reverse",TRUE,TRUE,"mr_ivw_mre",15,-0.131986085993158,0.635884006145721,-1.37829583638382,1.1143236643975,0.835570081383612,"estimated","","",1572,0.996794553908997,FALSE
"reverse|GCST90671133","ed_2025_eur_reverse_exposure","GCST90671133","Gut microbiome species abundance (Faecalibacterium duncaniae, GCF_010509575.1)","taxon:faecalibacterium duncaniae","primary","GCST90671133","EUR","reverse_sensitivity","microbiome_trait_units_per_standardized_ED_exposure",17,"estimable","reverse",TRUE,TRUE,"mr_ivw_mre",17,0.0462687809209163,0.223820019172325,-0.392410395675906,0.484947957517738,0.836226071497559,"estimated","","",1572,0.996794553908997,FALSE
"reverse|GCST90671926","ed_2025_eur_reverse_exposure","GCST90671926","Gut microbiome function abundance (ClpB (ATP-dependent chaperone protein), MGB029)","function:mgb029","primary","GCST90671926","EUR","reverse_sensitivity","microbiome_trait_units_per_standardized_ED_exposure",17,"estimable","reverse",TRUE,TRUE,"mr_ivw_mre",17,0.0470712318689926,0.22952580502168,-0.402791079496062,0.496933543234048,0.837509350477523,"estimated","","",1572,0.996794553908997,FALSE
"reverse|GCST90670854","ed_2025_eur_reverse_exposure","GCST90670854","Gut microbiome species presence (Butyricimonas faecihominis, GCF_014647335.1)","taxon:butyricimonas faecihominis","primary","GCST90670854","EUR","reverse_sensitivity","microbiome_trait_units_per_standardized_ED_exposure",15,"estimable","reverse",TRUE,TRUE,"mr_ivw_mre",15,-0.119357923879332,0.583156707898254,-1.26232406870285,1.02360822094419,0.837825618967777,"estimated","","",1572,0.996794553908997,FALSE
"reverse|GCST90671337","ed_2025_eur_reverse_exposure","GCST90671337","Gut microbiome genus abundance (Eggerthella)","taxon:eggerthella","primary","GCST90671337","EUR","reverse_sensitivity","microbiome_trait_units_per_standardized_ED_exposure",17,"estimable","reverse",TRUE,TRUE,"mr_ivw_mre",17,-0.0470606974454281,0.231641890312877,-0.501070459769444,0.406949064878588,0.839008859336408,"estimated","","",1572,0.996794553908997,FALSE
"reverse|GCST90671879","ed_2025_eur_reverse_exposure","GCST90671879","Gut microbiome function abundance (Glyoxylate bypass, MF0063)","function:mf0063","primary","GCST90671879","EUR","reverse_sensitivity","microbiome_trait_units_per_standardized_ED_exposure",17,"estimable","reverse",TRUE,TRUE,"mr_ivw_mre",17,-0.0510400961478701,0.252772539994996,-0.546465170818772,0.444384978523032,0.839978447164829,"estimated","","",1572,0.996794553908997,FALSE
"reverse|GCST90670678","ed_2025_eur_reverse_exposure","GCST90670678","Gut microbiome species presence (Scatomorpha merdavium, GCA_004553625.1)","taxon:scatomorpha merdavium","primary","GCST90670678","EUR","reverse_sensitivity","microbiome_trait_units_per_standardized_ED_exposure",15,"estimable","reverse",TRUE,TRUE,"mr_ivw_mre",15,0.133361836614433,0.661456912973831,-1.16306989013932,1.42979356336819,0.840215116061389,"estimated","","",1572,0.996794553908997,FALSE
"reverse|GCST90670851","ed_2025_eur_reverse_exposure","GCST90670851","Gut microbiome species presence (Blautia A sp003474435, GCF_003474435.1)","taxon:blautia a sp003474435","primary","GCST90670851","EUR","reverse_sensitivity","microbiome_trait_units_per_standardized_ED_exposure",15,"estimable","reverse",TRUE,TRUE,"mr_ivw_mre",15,0.181453617739099,0.912091050468934,-1.60621199180132,1.96911922727951,0.842307771819785,"estimated","","",1572,0.996794553908997,FALSE
"reverse|GCST90671938","ed_2025_eur_reverse_exposure","GCST90671938","Gut microbiome function abundance (Acetate synthesis II, MGB044)","function:mgb044","primary","GCST90671938","EUR","reverse_sensitivity","microbiome_trait_units_per_standardized_ED_exposure",17,"estimable","reverse",TRUE,TRUE,"mr_ivw_mre",17,-0.0550705067358134,0.277604930739346,-0.599166172915667,0.48902515944404,0.842749904355619,"estimated","","",1572,0.996794553908997,FALSE
"reverse|GCST90671870","ed_2025_eur_reverse_exposure","GCST90671870","Gut microbiome function abundance (Arginine degradation II, MF0052)","function:mf0052","primary","GCST90671870","EUR","reverse_sensitivity","microbiome_trait_units_per_standardized_ED_exposure",17,"estimable","reverse",TRUE,TRUE,"mr_ivw_mre",17,-0.0480539572170963,0.242896410341881,-0.524122173461246,0.428014259027053,0.843172402908726,"estimated","","",1572,0.996794553908997,FALSE
"reverse|GCST90671351","ed_2025_eur_reverse_exposure","GCST90671351","Gut microbiome genus abundance (KLE1615)","taxon:kle1615","primary","GCST90671351","EUR","reverse_sensitivity","microbiome_trait_units_per_standardized_ED_exposure",17,"estimable","reverse",TRUE,TRUE,"mr_ivw_mre",17,0.0534376701456595,0.270676929812492,-0.4770793637327,0.583954704024019,0.843497056711044,"estimated","","",1572,0.996794553908997,FALSE
"reverse|GCST90671132","ed_2025_eur_reverse_exposure","GCST90671132","Gut microbiome species presence (Veillonella parvula hMGS.05759, )","taxon:veillonella parvula hmgs.05759,","primary","GCST90671132","EUR","reverse_sensitivity","microbiome_trait_units_per_standardized_ED_exposure",15,"estimable","reverse",TRUE,TRUE,"mr_ivw_mre",15,-0.158337669891233,0.806462061954069,-1.73897426621912,1.42229892643665,0.844347055241299,"estimated","","",1572,0.996794553908997,FALSE
"reverse|GCST90670928","ed_2025_eur_reverse_exposure","GCST90670928","Gut microbiome species presence (Fimisoma sp900545135, GCA_900545135.1)","taxon:fimisoma sp900545135","primary","GCST90670928","EUR","reverse_sensitivity","microbiome_trait_units_per_standardized_ED_exposure",15,"estimable","reverse",TRUE,TRUE,"mr_ivw_mre",15,-0.175461413644,0.898159251091148,-1.93582119816412,1.58489837087612,0.845113723823027,"estimated","","",1572,0.996794553908997,FALSE
"reverse|GCST90671911","ed_2025_eur_reverse_exposure","GCST90671911","Gut microbiome function abundance (Nitrate reduction (dissimilatory), MF0101)","function:mf0101","primary","GCST90671911","EUR","reverse_sensitivity","microbiome_trait_units_per_standardized_ED_exposure",17,"estimable","reverse",TRUE,TRUE,"mr_ivw_mre",17,0.0439316996994066,0.225303532287085,-0.397655109172937,0.48551850857175,0.845401596449145,"estimated","","",1572,0.996794553908997,FALSE
"reverse|GCST90670476","ed_2025_eur_reverse_exposure","GCST90670476","Gut microbiome species presence (Methanobrevibacter A smithii A, GCF_023617305.1)","taxon:methanobrevibacter a smithii a","primary","GCST90670476","EUR","reverse_sensitivity","microbiome_trait_units_per_standardized_ED_exposure",15,"estimable","reverse",TRUE,TRUE,"mr_ivw_mre",15,-0.134192440871742,0.688755868025971,-1.48412913634327,1.21574425459978,0.845523608804519,"estimated","","",1572,0.996794553908997,FALSE
"reverse|GCST90671252","ed_2025_eur_reverse_exposure","GCST90671252","Gut microbiome species presence (Ructibacterium sp900550775, GCA_900550775.1)","taxon:ructibacterium sp900550775","primary","GCST90671252","EUR","reverse_sensitivity","microbiome_trait_units_per_standardized_ED_exposure",15,"estimable","reverse",TRUE,TRUE,"mr_ivw_mre",15,-0.217686691974267,1.11834609750312,-2.40960476533129,1.97423138138276,0.845666520388453,"estimated","","",1572,0.996794553908997,FALSE
"reverse|GCST90671072","ed_2025_eur_reverse_exposure","GCST90671072","Gut microbiome species presence (HGM14224 sp900761905, GCA_900761905.1)","taxon:hgm14224 sp900761905","primary","GCST90671072","EUR","reverse_sensitivity","microbiome_trait_units_per_standardized_ED_exposure",15,"estimable","reverse",TRUE,TRUE,"mr_ivw_mre",15,0.102450165332612,0.526749891697089,-0.929960651254057,1.13486098191928,0.845788391931433,"estimated","","",1572,0.996794553908997,FALSE
"reverse|GCST90671416","ed_2025_eur_reverse_exposure","GCST90671416","Gut microbiome genus presence (Varibaculum)","taxon:varibaculum","primary","GCST90671416","EUR","reverse_sensitivity","microbiome_trait_units_per_standardized_ED_exposure",15,"estimable","reverse",TRUE,TRUE,"mr_ivw_mre",15,0.161766169962542,0.835583740194065,-1.4759478668851,1.79948020681018,0.846491761715471,"estimated","","",1572,0.996794553908997,FALSE
"reverse|GCST90671371","ed_2025_eur_reverse_exposure","GCST90671371","Gut microbiome genus presence (Faecalimonas)","taxon:faecalimonas","primary","GCST90671371","EUR","reverse_sensitivity","microbiome_trait_units_per_standardized_ED_exposure",15,"estimable","reverse",TRUE,TRUE,"mr_ivw_mre",15,-0.187514528821048,0.969429788608956,-2.08756200003488,1.71253294239278,0.846624060340054,"estimated","","",1572,0.996794553908997,FALSE
"reverse|GCST90671347","ed_2025_eur_reverse_exposure","GCST90671347","Gut microbiome genus presence (Duodenibacillus)","taxon:duodenibacillus","primary","GCST90671347","EUR","reverse_sensitivity","microbiome_trait_units_per_standardized_ED_exposure",15,"estimable","reverse",TRUE,TRUE,"mr_ivw_mre",15,0.105506750694958,0.547337792621775,-0.967255610221374,1.17826911161129,0.84714418708577,"estimated","","",1572,0.996794553908997,FALSE
"reverse|GCST90670652","ed_2025_eur_reverse_exposure","GCST90670652","Gut microbiome species presence (Faecalitalea cylindroides, GCF_000469305.1)","taxon:faecalitalea cylindroides","primary","GCST90670652","EUR","reverse_sensitivity","microbiome_trait_units_per_standardized_ED_exposure",15,"estimable","reverse",TRUE,TRUE,"mr_ivw_mre",15,0.147997531515212,0.76782295643779,-1.35690780960592,1.65290287263635,0.847155113496119,"estimated","","",1572,0.996794553908997,FALSE
"reverse|GCST90671896","ed_2025_eur_reverse_exposure","GCST90671896","Gut microbiome function abundance (Succinate consumption, MF0083)","function:mf0083","primary","GCST90671896","EUR","reverse_sensitivity","microbiome_trait_units_per_standardized_ED_exposure",17,"estimable","reverse",TRUE,TRUE,"mr_ivw_mre",17,0.0436689128278412,0.22673394840301,-0.400721460114622,0.488059285770304,0.847272402566193,"estimated","","",1572,0.996794553908997,FALSE
"reverse|GCST90671430","ed_2025_eur_reverse_exposure","GCST90671430","Gut microbiome genus presence (Enorma)","taxon:enorma","primary","GCST90671430","EUR","reverse_sensitivity","microbiome_trait_units_per_standardized_ED_exposure",15,"estimable","reverse",TRUE,TRUE,"mr_ivw_mre",15,-0.15212611255032,0.79029593110394,-1.70107767464259,1.39682544954195,0.847356369814746,"estimated","","",1572,0.996794553908997,FALSE
"reverse|GCST90671067","ed_2025_eur_reverse_exposure","GCST90671067","Gut microbiome species presence (Gemmiger variabilis B, GCA_004554775.1)","taxon:gemmiger variabilis b","primary","GCST90671067","EUR","reverse_sensitivity","microbiome_trait_units_per_standardized_ED_exposure",15,"estimable","reverse",TRUE,TRUE,"mr_ivw_mre",15,-0.145602980863738,0.756868197832853,-1.62903738965987,1.33783142793239,0.847447996370046,"estimated","","",1572,0.996794553908997,FALSE
"reverse|GCST90671638","ed_2025_eur_reverse_exposure","GCST90671638","Gut microbiome genus presence (Intestinibacillus)","taxon:intestinibacillus","primary","GCST90671638","EUR","reverse_sensitivity","microbiome_trait_units_per_standardized_ED_exposure",15,"estimable","reverse",TRUE,TRUE,"mr_ivw_mre",15,0.145627247056908,0.757678291077666,-1.33939491532317,1.63064940943699,0.847584016393258,"estimated","","",1572,0.996794553908997,FALSE
"reverse|GCST90671473","ed_2025_eur_reverse_exposure","GCST90671473","Gut microbiome genus presence (Longicatena)","taxon:longicatena","primary","GCST90671473","EUR","reverse_sensitivity","microbiome_trait_units_per_standardized_ED_exposure",15,"estimable","reverse",TRUE,TRUE,"mr_ivw_mre",15,0.127398316822186,0.663253783115764,-1.17255521069465,1.42735184433902,0.847678914774785,"estimated","","",1572,0.996794553908997,FALSE
"reverse|GCST90670822","ed_2025_eur_reverse_exposure","GCST90670822","Gut microbiome species presence (Eubacterium G sp900548465, GCA_900548465.1)","taxon:eubacterium g sp900548465","primary","GCST90670822","EUR","reverse_sensitivity","microbiome_trait_units_per_standardized_ED_exposure",15,"estimable","reverse",TRUE,TRUE,"mr_ivw_mre",15,0.183285493468855,0.957119024921809,-1.69263332429598,2.05920431123369,0.848136172137222,"estimated","","",1572,0.996794553908997,FALSE
"reverse|GCST90670566","ed_2025_eur_reverse_exposure","GCST90670566","Gut microbiome species presence (Agathobaculum sp003481705, GCF_003481705.1)","taxon:agathobaculum sp003481705","primary","GCST90670566","EUR","reverse_sensitivity","microbiome_trait_units_per_standardized_ED_exposure",15,"estimable","reverse",TRUE,TRUE,"mr_ivw_mre",15,0.0982911942914143,0.5135056259107,-0.908161338352255,1.10474372693508,0.84820273468725,"estimated","","",1572,0.996794553908997,FALSE
"reverse|GCST90670718","ed_2025_eur_reverse_exposure","GCST90670718","Gut microbiome species presence (Bacteroides sp900552405, GCF_020091405.1)","taxon:bacteroides sp900552405","primary","GCST90670718","EUR","reverse_sensitivity","microbiome_trait_units_per_standardized_ED_exposure",15,"estimable","reverse",TRUE,TRUE,"mr_ivw_mre",15,-0.210897554307904,1.10213736391695,-2.37104709360104,1.94925198498523,0.848248852996916,"estimated","","",1572,0.996794553908997,FALSE
"reverse|GCST90671491","ed_2025_eur_reverse_exposure","GCST90671491","Gut microbiome genus presence (Faecivicinus)","taxon:faecivicinus","primary","GCST90671491","EUR","reverse_sensitivity","microbiome_trait_units_per_standardized_ED_exposure",15,"estimable","reverse",TRUE,TRUE,"mr_ivw_mre",15,-0.104362407917198,0.54900838295422,-1.18039906571804,0.971674249883646,0.849236601559883,"estimated","","",1572,0.996794553908997,FALSE
"reverse|GCST90671438","ed_2025_eur_reverse_exposure","GCST90671438","Gut microbiome genus presence (Succiniclasticum)","taxon:succiniclasticum","primary","GCST90671438","EUR","reverse_sensitivity","microbiome_trait_units_per_standardized_ED_exposure",15,"estimable","reverse",TRUE,TRUE,"mr_ivw_mre",15,0.221218441743238,1.16432076127939,-2.06080831681663,2.5032452003031,0.849310815034092,"estimated","","",1572,0.996794553908997,FALSE
"reverse|GCST90670769","ed_2025_eur_reverse_exposure","GCST90670769","Gut microbiome species presence (Coprobacillus cateniformis, GCF_009767585.1)","taxon:coprobacillus cateniformis","primary","GCST90670769","EUR","reverse_sensitivity","microbiome_trait_units_per_standardized_ED_exposure",15,"estimable","reverse",TRUE,TRUE,"mr_ivw_mre",15,-0.166602682907695,0.885465318027795,-1.90208281580148,1.56887744998609,0.850756956698813,"estimated","","",1572,0.996794553908997,FALSE
"reverse|GCST90670559","ed_2025_eur_reverse_exposure","GCST90670559","Gut microbiome species presence (Actinomyces sp000220835, GCF_000220835.1)","taxon:actinomyces sp000220835","primary","GCST90670559","EUR","reverse_sensitivity","microbiome_trait_units_per_standardized_ED_exposure",15,"estimable","reverse",TRUE,TRUE,"mr_ivw_mre",15,0.131190429875059,0.698961384675181,-1.23874871067254,1.50112957042266,0.851117014322296,"estimated","","",1572,0.996794553908997,FALSE
"reverse|GCST90670665","ed_2025_eur_reverse_exposure","GCST90670665","Gut microbiome species presence (Merdibacter merdipullorum, GCA_900543035.1)","taxon:merdibacter merdipullorum","primary","GCST90670665","EUR","reverse_sensitivity","microbiome_trait_units_per_standardized_ED_exposure",15,"estimable","reverse",TRUE,TRUE,"mr_ivw_mre",15,0.100205941668857,0.533964120100557,-0.946344502764854,1.14675638610257,0.851139907250345,"estimated","","",1572,0.996794553908997,FALSE
"reverse|GCST90671156","ed_2025_eur_reverse_exposure","GCST90671156","Gut microbiome species presence (Thomasclavelia ramosa, GCF_014131695.1)","taxon:thomasclavelia ramosa","primary","GCST90671156","EUR","reverse_sensitivity","microbiome_trait_units_per_standardized_ED_exposure",15,"estimable","reverse",TRUE,TRUE,"mr_ivw_mre",15,0.149272751539438,0.800101528628951,-1.41889742854875,1.71744293162762,0.851999937121627,"estimated","","",1572,0.996794553908997,FALSE
"reverse|GCST90671386","ed_2025_eur_reverse_exposure","GCST90671386","Gut microbiome genus abundance (Pauljensenia)","taxon:pauljensenia","primary","GCST90671386","EUR","reverse_sensitivity","microbiome_trait_units_per_standardized_ED_exposure",17,"estimable","reverse",TRUE,TRUE,"mr_ivw_mre",17,-0.0416535620267548,0.22390847291559,-0.480506104774673,0.397198980721163,0.852421694818224,"estimated","","",1572,0.996794553908997,FALSE
"reverse|GCST90670941","ed_2025_eur_reverse_exposure","GCST90670941","Gut microbiome species abundance (Muricomes sp000509105, GCA_000509105.1)","taxon:muricomes sp000509105","primary","GCST90670941","EUR","reverse_sensitivity","microbiome_trait_units_per_standardized_ED_exposure",17,"estimable","reverse",TRUE,TRUE,"mr_ivw_mre",17,0.0389803630407473,0.209922104165555,-0.372459400682606,0.450420126764101,0.852688141564005,"estimated","","",1572,0.996794553908997,FALSE
"reverse|GCST90671534","ed_2025_eur_reverse_exposure","GCST90671534","Gut microbiome genus presence (Mailhella)","taxon:mailhella","primary","GCST90671534","EUR","reverse_sensitivity","microbiome_trait_units_per_standardized_ED_exposure",15,"estimable","reverse",TRUE,TRUE,"mr_ivw_mre",15,-0.102326511784037,0.552564710610803,-1.18533344370901,0.980680420140933,0.853084195262744,"estimated","","",1572,0.996794553908997,FALSE
"reverse|GCST90670999","ed_2025_eur_reverse_exposure","GCST90670999","Gut microbiome species presence (Mailhella merdigallinarum, GCA_900541395.1)","taxon:mailhella merdigallinarum","primary","GCST90670999","EUR","reverse_sensitivity","microbiome_trait_units_per_standardized_ED_exposure",15,"estimable","reverse",TRUE,TRUE,"mr_ivw_mre",15,-0.0965954458579087,0.525257415092925,-1.12608106205265,0.932890170336829,0.854090997882653,"estimated","","",1572,0.996794553908997,FALSE
"reverse|GCST90671937","ed_2025_eur_reverse_exposure","GCST90671937","Gut microbiome function abundance (Acetate synthesis I, MGB043)","function:mgb043","primary","GCST90671937","EUR","reverse_sensitivity","microbiome_trait_units_per_standardized_ED_exposure",17,"estimable","reverse",TRUE,TRUE,"mr_ivw_mre",17,-0.041408420941156,0.227104004600788,-0.486524090703519,0.403707248821207,0.85532186387234,"estimated","","",1572,0.996794553908997,FALSE
"reverse|GCST90670836","ed_2025_eur_reverse_exposure","GCST90670836","Gut microbiome species presence (Fimadaptatus sp900553645, GCA_900553645.1)","taxon:fimadaptatus sp900553645","primary","GCST90670836","EUR","reverse_sensitivity","microbiome_trait_units_per_standardized_ED_exposure",15,"estimable","reverse",TRUE,TRUE,"mr_ivw_mre",15,-0.110002390359294,0.603384982268659,-1.29261522441821,1.07261044369962,0.855340395219384,"estimated","","",1572,0.996794553908997,FALSE
"reverse|GCST90670790","ed_2025_eur_reverse_exposure","GCST90670790","Gut microbiome species abundance (CAG-170 sp900553545, GCA_900553545.1)","taxon:cag-170 sp900553545","primary","GCST90670790","EUR","reverse_sensitivity","microbiome_trait_units_per_standardized_ED_exposure",17,"estimable","reverse",TRUE,TRUE,"mr_ivw_mre",17,-0.0381918537643701,0.210150479441659,-0.450079224803847,0.373695517275107,0.85579011328266,"estimated","","",1572,0.996794553908997,FALSE
"reverse|GCST90671932","ed_2025_eur_reverse_exposure","GCST90671932","Gut microbiome function abundance (Inositol synthesis, MGB037)","function:mgb037","primary","GCST90671932","EUR","reverse_sensitivity","microbiome_trait_units_per_standardized_ED_exposure",17,"estimable","reverse",TRUE,TRUE,"mr_ivw_mre",17,0.0411504475605725,0.227033092187519,-0.403826236425726,0.486127131546871,0.856168931515469,"estimated","","",1572,0.996794553908997,FALSE
"reverse|GCST90671361","ed_2025_eur_reverse_exposure","GCST90671361","Gut microbiome genus presence (Enterobacter)","taxon:enterobacter","primary","GCST90671361","EUR","reverse_sensitivity","microbiome_trait_units_per_standardized_ED_exposure",15,"estimable","reverse",TRUE,TRUE,"mr_ivw_mre",15,0.177510968264159,0.991001834093411,-1.76481693517206,2.11983887170038,0.857841323342751,"estimated","","",1572,0.996794553908997,FALSE
"reverse|GCST90670637","ed_2025_eur_reverse_exposure","GCST90670637","Gut microbiome species presence (Onthousia sp000438295, GCA_000438295.1)","taxon:onthousia sp000438295","primary","GCST90670637","EUR","reverse_sensitivity","microbiome_trait_units_per_standardized_ED_exposure",15,"estimable","reverse",TRUE,TRUE,"mr_ivw_mre",15,-0.193242974374808,1.07895667065293,-2.3079591897338,1.92147324098418,0.857857846867857,"estimated","","",1572,0.996794553908997,FALSE
"reverse|GCST90670738","ed_2025_eur_reverse_exposure","GCST90670738","Gut microbiome species presence (Anaerostipes caccae, GCF_014467075.1)","taxon:anaerostipes caccae","primary","GCST90670738","EUR","reverse_sensitivity","microbiome_trait_units_per_standardized_ED_exposure",15,"estimable","reverse",TRUE,TRUE,"mr_ivw_mre",15,0.169048855162422,0.948606254723224,-1.69018523960453,2.02828294992937,0.858559932083373,"estimated","","",1572,0.996794553908997,FALSE
"reverse|GCST90671499","ed_2025_eur_reverse_exposure","GCST90671499","Gut microbiome genus presence (UMGS1484)","taxon:umgs1484","primary","GCST90671499","EUR","reverse_sensitivity","microbiome_trait_units_per_standardized_ED_exposure",15,"estimable","reverse",TRUE,TRUE,"mr_ivw_mre",15,0.0931337107533734,0.523551925001511,-0.933009206286204,1.11927662779295,0.858810776268071,"estimated","","",1572,0.996794553908997,FALSE
"reverse|GCST90671703","ed_2025_eur_reverse_exposure","GCST90671703","Gut microbiome family presence (UBA1829)","taxon:uba1829","primary","GCST90671703","EUR","reverse_sensitivity","microbiome_trait_units_per_standardized_ED_exposure",15,"estimable","reverse",TRUE,TRUE,"mr_ivw_mre",15,0.128705608947512,0.726335297109177,-1.29488541408667,1.5522966319817,0.859352383223563,"estimated","","",1572,0.996794553908997,FALSE
"reverse|GCST90670955","ed_2025_eur_reverse_exposure","GCST90670955","Gut microbiome species presence (UMGS1795 sp900555125, GCA_900555125.1)","taxon:umgs1795 sp900555125","primary","GCST90670955","EUR","reverse_sensitivity","microbiome_trait_units_per_standardized_ED_exposure",15,"estimable","reverse",TRUE,TRUE,"mr_ivw_mre",15,-0.151776339835558,0.860878925945638,-1.83906802973853,1.53551535006742,0.860055172934739,"estimated","","",1572,0.996794553908997,FALSE
"reverse|GCST90671513","ed_2025_eur_reverse_exposure","GCST90671513","Gut microbiome genus presence (Fimivivens)","taxon:fimivivens","primary","GCST90671513","EUR","reverse_sensitivity","microbiome_trait_units_per_standardized_ED_exposure",15,"estimable","reverse",TRUE,TRUE,"mr_ivw_mre",15,0.0937169408480151,0.533138215311442,-0.951214759944371,1.1386486416404,0.860463974849953,"estimated","","",1572,0.996794553908997,FALSE
"reverse|GCST90671492","ed_2025_eur_reverse_exposure","GCST90671492","Gut microbiome genus presence (Fimadaptatus)","taxon:fimadaptatus","primary","GCST90671492","EUR","reverse_sensitivity","microbiome_trait_units_per_standardized_ED_exposure",15,"estimable","reverse",TRUE,TRUE,"mr_ivw_mre",15,-0.0907733037522167,0.518460485688837,-1.10693718310948,0.925390575605047,0.86101489104412,"estimated","","",1572,0.996794553908997,FALSE
"reverse|GCST90670796","ed_2025_eur_reverse_exposure","GCST90670796","Gut microbiome species presence (Longicatena caecimuris, GCF_004341945.1)","taxon:longicatena caecimuris","primary","GCST90670796","EUR","reverse_sensitivity","microbiome_trait_units_per_standardized_ED_exposure",15,"estimable","reverse",TRUE,TRUE,"mr_ivw_mre",15,0.124651718139073,0.7143275109203,-1.27540447643086,1.524707912709,0.861470806385104,"estimated","","",1572,0.996794553908997,FALSE
"reverse|GCST90670950","ed_2025_eur_reverse_exposure","GCST90670950","Gut microbiome species presence (UBA4636 sp900770945, GCA_900770945.1)","taxon:uba4636 sp900770945","primary","GCST90670950","EUR","reverse_sensitivity","microbiome_trait_units_per_standardized_ED_exposure",15,"estimable","reverse",TRUE,TRUE,"mr_ivw_mre",15,-0.18503643132258,1.06884847037185,-2.27994093818213,1.90986807553697,0.862559028256238,"estimated","","",1572,0.996794553908997,FALSE
"reverse|GCST90671836","ed_2025_eur_reverse_exposure","GCST90671836","Gut microbiome function abundance (Arabinose degradation, MF0014)","function:mf0014","primary","GCST90671836","EUR","reverse_sensitivity","microbiome_trait_units_per_standardized_ED_exposure",17,"estimable","reverse",TRUE,TRUE,"mr_ivw_mre",17,0.0496148517218228,0.289697988395488,-0.518182771927036,0.617412475370682,0.864016144141287,"estimated","","",1572,0.996794553908997,FALSE
"reverse|GCST90670968","ed_2025_eur_reverse_exposure","GCST90670968","Gut microbiome species presence (CAG-269 sp000438255, GCA_000438255.1)","taxon:cag-269 sp000438255","primary","GCST90670968","EUR","reverse_sensitivity","microbiome_trait_units_per_standardized_ED_exposure",15,"estimable","reverse",TRUE,TRUE,"mr_ivw_mre",15,-0.14444504590801,0.857466172198947,-1.82504786137937,1.53615776956335,0.866224808691051,"estimated","","",1572,0.996794553908997,FALSE
"reverse|GCST90671706","ed_2025_eur_reverse_exposure","GCST90671706","Gut microbiome family abundance (Borkfalkiaceae)","taxon:borkfalkiaceae","primary","GCST90671706","EUR","reverse_sensitivity","microbiome_trait_units_per_standardized_ED_exposure",17,"estimable","reverse",TRUE,TRUE,"mr_ivw_mre",17,0.0367019802542866,0.218606216458853,-0.391758330801631,0.465162291310205,0.866669160263852,"estimated","","",1572,0.996794553908997,FALSE
"reverse|GCST90671607","ed_2025_eur_reverse_exposure","GCST90671607","Gut microbiome genus presence (RGIG7265)","taxon:rgig7265","primary","GCST90671607","EUR","reverse_sensitivity","microbiome_trait_units_per_standardized_ED_exposure",15,"estimable","reverse",TRUE,TRUE,"mr_ivw_mre",15,-0.110342358089887,0.658423384503082,-1.4008284782949,1.18014376211512,0.866909204745174,"estimated","","",1572,0.996794553908997,FALSE
"reverse|GCST90671003","ed_2025_eur_reverse_exposure","GCST90671003","Gut microbiome species abundance (Massilioclostridium coli, GCF_900095865.1)","taxon:massilioclostridium coli","primary","GCST90671003","EUR","reverse_sensitivity","microbiome_trait_units_per_standardized_ED_exposure",17,"estimable","reverse",TRUE,TRUE,"mr_ivw_mre",17,0.0363889329894345,0.217230287319894,-0.389374606508845,0.462152472487714,0.866966289618374,"estimated","","",1572,0.996794553908997,FALSE
"reverse|GCST90671427","ed_2025_eur_reverse_exposure","GCST90671427","Gut microbiome genus presence (UMGS872)","taxon:umgs872","primary","GCST90671427","EUR","reverse_sensitivity","microbiome_trait_units_per_standardized_ED_exposure",15,"estimable","reverse",TRUE,TRUE,"mr_ivw_mre",15,0.170001699520545,1.01505664987743,-1.8194727765071,2.15947617554819,0.866992373807231,"estimated","","",1572,0.996794553908997,FALSE
"reverse|GCST90670452","ed_2025_eur_reverse_exposure","GCST90670452","Gut microbiome species abundance (Eggerthella lenta, GCF_000024265.1)","taxon:eggerthella lenta","primary","GCST90670452","EUR","reverse_sensitivity","microbiome_trait_units_per_standardized_ED_exposure",17,"estimable","reverse",TRUE,TRUE,"mr_ivw_mre",17,-0.0368899750794469,0.220475245489929,-0.469013515722334,0.39523356556344,0.867118064814785,"estimated","","",1572,0.996794553908997,FALSE
"reverse|GCST90670886","ed_2025_eur_reverse_exposure","GCST90670886","Gut microbiome species presence (Eubacterium I sp900546495, GCA_900546495.1)","taxon:eubacterium i sp900546495","primary","GCST90670886","EUR","reverse_sensitivity","microbiome_trait_units_per_standardized_ED_exposure",15,"estimable","reverse",TRUE,TRUE,"mr_ivw_mre",15,0.106393739352567,0.644725184183184,-1.15724440157243,1.37003188027756,0.868926788026714,"estimated","","",1572,0.996794553908997,FALSE
"reverse|GCST90671096","ed_2025_eur_reverse_exposure","GCST90671096","Gut microbiome species presence (RGIG4076 sp905198155, GCA_905198155.1)","taxon:rgig4076 sp905198155","primary","GCST90671096","EUR","reverse_sensitivity","microbiome_trait_units_per_standardized_ED_exposure",15,"estimable","reverse",TRUE,TRUE,"mr_ivw_mre",15,-0.0949924708355758,0.576845454252089,-1.22558878581532,1.03560384414417,0.869199187294049,"estimated","","",1572,0.996794553908997,FALSE
"reverse|GCST90671637","ed_2025_eur_reverse_exposure","GCST90671637","Gut microbiome genus presence (Gehongia)","taxon:gehongia","primary","GCST90671637","EUR","reverse_sensitivity","microbiome_trait_units_per_standardized_ED_exposure",15,"estimable","reverse",TRUE,TRUE,"mr_ivw_mre",15,0.0982254294973892,0.596591904748054,-1.07107321727695,1.26752407627172,0.869223996334081,"estimated","","",1572,0.996794553908997,FALSE
"reverse|GCST90671301","ed_2025_eur_reverse_exposure","GCST90671301","Gut microbiome genus abundance (Phocaeicola)","taxon:phocaeicola","primary","GCST90671301","EUR","reverse_sensitivity","microbiome_trait_units_per_standardized_ED_exposure",17,"estimable","reverse",TRUE,TRUE,"mr_ivw_mre",17,-0.0362452698711475,0.222371592449544,-0.472085582257072,0.399595042514777,0.870523036538044,"estimated","","",1572,0.996794553908997,FALSE
"reverse|GCST90670444","ed_2025_eur_reverse_exposure","GCST90670444","Gut microbiome species presence (Enterococcus faecalis, GCF_000392875.1)","taxon:enterococcus faecalis","primary","GCST90670444","EUR","reverse_sensitivity","microbiome_trait_units_per_standardized_ED_exposure",15,"estimable","reverse",TRUE,TRUE,"mr_ivw_mre",15,0.202838986286365,1.2705641609152,-2.28742100915478,2.69309898172751,0.873160870789219,"estimated","","",1572,0.996794553908997,FALSE
"reverse|GCST90670967","ed_2025_eur_reverse_exposure","GCST90670967","Gut microbiome species presence (CAG-238 sp900754805, GCA_900754805.1)","taxon:cag-238 sp900754805","primary","GCST90670967","EUR","reverse_sensitivity","microbiome_trait_units_per_standardized_ED_exposure",15,"estimable","reverse",TRUE,TRUE,"mr_ivw_mre",15,0.123674824218781,0.775175389544578,-1.3956410209904,1.64299066942796,0.873240049448106,"estimated","","",1572,0.996794553908997,FALSE
"reverse|GCST90671136","ed_2025_eur_reverse_exposure","GCST90671136","Gut microbiome species presence (Vescimonas sp000435555, GCA_000435555.1)","taxon:vescimonas sp000435555","primary","GCST90671136","EUR","reverse_sensitivity","microbiome_trait_units_per_standardized_ED_exposure",15,"estimable","reverse",TRUE,TRUE,"mr_ivw_mre",15,-0.0962937660510895,0.611658113197434,-1.29512163876978,1.1025341066676,0.874905418560973,"estimated","","",1572,0.996794553908997,FALSE
"reverse|GCST90670894","ed_2025_eur_reverse_exposure","GCST90670894","Gut microbiome species presence (Acetatifactor sp900755865, GCA_900755865.1)","taxon:acetatifactor sp900755865","primary","GCST90670894","EUR","reverse_sensitivity","microbiome_trait_units_per_standardized_ED_exposure",15,"estimable","reverse",TRUE,TRUE,"mr_ivw_mre",15,0.0891355487098212,0.56644539880216,-1.02107703215084,1.19934812957048,0.87496155235378,"estimated","","",1572,0.996794553908997,FALSE
"reverse|GCST90670647","ed_2025_eur_reverse_exposure","GCST90670647","Gut microbiome species abundance (Romboutsia timonensis, GCF_900106845.1)","taxon:romboutsia timonensis","primary","GCST90670647","EUR","reverse_sensitivity","microbiome_trait_units_per_standardized_ED_exposure",17,"estimable","reverse",TRUE,TRUE,"mr_ivw_mre",17,-0.0419471482646044,0.266967102043392,-0.565193053326682,0.481298756797473,0.87514650531288,"estimated","","",1572,0.996794553908997,FALSE
"reverse|GCST90671408","ed_2025_eur_reverse_exposure","GCST90671408","Gut microbiome genus abundance (Romboutsia)","taxon:romboutsia","primary","GCST90671408","EUR","reverse_sensitivity","microbiome_trait_units_per_standardized_ED_exposure",17,"estimable","reverse",TRUE,TRUE,"mr_ivw_mre",17,-0.0419471482646044,0.266967102043392,-0.565193053326682,0.481298756797473,0.87514650531288,"estimated","","",1572,0.996794553908997,FALSE
"reverse|GCST90670620","ed_2025_eur_reverse_exposure","GCST90670620","Gut microbiome species presence (Faecalimonas umbilicata, GCF_004346095.1)","taxon:faecalimonas umbilicata","primary","GCST90670620","EUR","reverse_sensitivity","microbiome_trait_units_per_standardized_ED_exposure",15,"estimable","reverse",TRUE,TRUE,"mr_ivw_mre",15,-0.185617969809203,1.18769470349893,-2.51345681329609,2.14222087367769,0.875808974555276,"estimated","","",1572,0.996794553908997,FALSE
"reverse|GCST90670392","ed_2025_eur_reverse_exposure","GCST90670392","Gut microbiome species presence (Bifidobacterium pseudocatenulatum, GCF_001025215.1)","taxon:bifidobacterium pseudocatenulatum","primary","GCST90670392","EUR","reverse_sensitivity","microbiome_trait_units_per_standardized_ED_exposure",15,"estimable","reverse",TRUE,TRUE,"mr_ivw_mre",15,-0.112366951590465,0.724065356239219,-1.5315089722725,1.30677506909157,0.876672349330852,"estimated","","",1572,0.996794553908997,FALSE
"reverse|GCST90671903","ed_2025_eur_reverse_exposure","GCST90671903","Gut microbiome function abundance (Ethanol production II, MF0091)","function:mf0091","primary","GCST90671903","EUR","reverse_sensitivity","microbiome_trait_units_per_standardized_ED_exposure",17,"estimable","reverse",TRUE,TRUE,"mr_ivw_mre",17,0.0352730053897345,0.228636116944391,-0.412845549386359,0.483391560165828,0.877392327531964,"estimated","","",1572,0.996794553908997,FALSE
"reverse|GCST90671571","ed_2025_eur_reverse_exposure","GCST90671571","Gut microbiome genus presence (UMGS1591)","taxon:umgs1591","primary","GCST90671571","EUR","reverse_sensitivity","microbiome_trait_units_per_standardized_ED_exposure",15,"estimable","reverse",TRUE,TRUE,"mr_ivw_mre",15,0.10138073256404,0.662118020617852,-1.1963467413619,1.39910820648998,0.878306953648874,"estimated","","",1572,0.996794553908997,FALSE
"reverse|GCST90671145","ed_2025_eur_reverse_exposure","GCST90671145","Gut microbiome species presence (Vescimonas sp000435975, GCA_000435975.1)","taxon:vescimonas sp000435975","primary","GCST90671145","EUR","reverse_sensitivity","microbiome_trait_units_per_standardized_ED_exposure",15,"estimable","reverse",TRUE,TRUE,"mr_ivw_mre",15,0.0858351721330782,0.568008849778431,-1.02744171633267,1.19911206059883,0.879884285163357,"estimated","","",1572,0.996794553908997,FALSE
"reverse|GCST90671275","ed_2025_eur_reverse_exposure","GCST90671275","Gut microbiome species presence (Blautia A sp900764225, GCA_900764225.1)","taxon:blautia a sp900764225","primary","GCST90671275","EUR","reverse_sensitivity","microbiome_trait_units_per_standardized_ED_exposure",15,"estimable","reverse",TRUE,TRUE,"mr_ivw_mre",15,0.134258669958899,0.889424983421661,-1.60898226449769,1.87749960441549,0.880015185794003,"estimated","","",1572,0.996794553908997,FALSE
"reverse|GCST90670995","ed_2025_eur_reverse_exposure","GCST90670995","Gut microbiome species presence (JAGZMM01 sp018364155, GCA_018364155.1)","taxon:jagzmm01 sp018364155","primary","GCST90670995","EUR","reverse_sensitivity","microbiome_trait_units_per_standardized_ED_exposure",15,"estimable","reverse",TRUE,TRUE,"mr_ivw_mre",15,0.0927520544097112,0.618077139639586,-1.11865687895141,1.30416098777083,0.880712939472738,"estimated","","",1572,0.996794553908997,FALSE
"reverse|GCST90671167","ed_2025_eur_reverse_exposure","GCST90671167","Gut microbiome species presence (Anaerotardibacter sp000434775, GCA_000434775.1)","taxon:anaerotardibacter sp000434775","primary","GCST90671167","EUR","reverse_sensitivity","microbiome_trait_units_per_standardized_ED_exposure",15,"estimable","reverse",TRUE,TRUE,"mr_ivw_mre",15,0.0940619975716011,0.629322057543324,-1.13938656988996,1.32751056503316,0.881186253342806,"estimated","","",1572,0.996794553908997,FALSE
"reverse|GCST90671819","ed_2025_eur_reverse_exposure","GCST90671819","Gut microbiome phylum presence (Ascomycota)","taxon:ascomycota","primary","GCST90671819","EUR","reverse_sensitivity","microbiome_trait_units_per_standardized_ED_exposure",15,"estimable","reverse",TRUE,TRUE,"mr_ivw_mre",15,0.0845502926499826,0.56844049069781,-1.029572596472,1.19867318177197,0.881758166528057,"estimated","","",1572,0.996794553908997,FALSE
"reverse|GCST90670904","ed_2025_eur_reverse_exposure","GCST90670904","Gut microbiome species presence (Merdicola sp900555085, GCA_900555085.1)","taxon:merdicola sp900555085","primary","GCST90670904","EUR","reverse_sensitivity","microbiome_trait_units_per_standardized_ED_exposure",15,"estimable","reverse",TRUE,TRUE,"mr_ivw_mre",15,0.131321176379064,0.882930613725792,-1.59919102737133,1.86183338012946,0.881764090555648,"estimated","","",1572,0.996794553908997,FALSE
"reverse|GCST90670833","ed_2025_eur_reverse_exposure","GCST90670833","Gut microbiome species presence (Copromonas sp900066055, GCF_003480435.1)","taxon:copromonas sp900066055","primary","GCST90670833","EUR","reverse_sensitivity","microbiome_trait_units_per_standardized_ED_exposure",15,"estimable","reverse",TRUE,TRUE,"mr_ivw_mre",15,0.0894770983006206,0.604465579015751,-1.0952536664644,1.27420786306564,0.882321627122368,"estimated","","",1572,0.996794553908997,FALSE
"reverse|GCST90670450","ed_2025_eur_reverse_exposure","GCST90670450","Gut microbiome species presence (Coprococcus eutactus, GCA_025149915.1)","taxon:coprococcus eutactus","primary","GCST90670450","EUR","reverse_sensitivity","microbiome_trait_units_per_standardized_ED_exposure",15,"estimable","reverse",TRUE,TRUE,"mr_ivw_mre",15,-0.154688343617535,1.04803578909449,-2.20880074475176,1.89942405751669,0.882659764572333,"estimated","","",1572,0.996794553908997,FALSE
"reverse|GCST90670862","ed_2025_eur_reverse_exposure","GCST90670862","Gut microbiome species presence (Limenecus avicola, GCA_000980375.1)","taxon:limenecus avicola","primary","GCST90670862","EUR","reverse_sensitivity","microbiome_trait_units_per_standardized_ED_exposure",15,"estimable","reverse",TRUE,TRUE,"mr_ivw_mre",15,-0.111682815733002,0.763341654670948,-1.60780496678727,1.38443933532127,0.883678431784895,"estimated","","",1572,0.996794553908997,FALSE
"reverse|GCST90670658","ed_2025_eur_reverse_exposure","GCST90670658","Gut microbiome species presence (UBA6398 sp003150315, GCA_003150315.1)","taxon:uba6398 sp003150315","primary","GCST90670658","EUR","reverse_sensitivity","microbiome_trait_units_per_standardized_ED_exposure",15,"estimable","reverse",TRUE,TRUE,"mr_ivw_mre",15,0.157899410744276,1.08485296772104,-1.96837333451035,2.2841721559989,0.884277324847398,"estimated","","",1572,0.996794553908997,FALSE
"reverse|GCST90671583","ed_2025_eur_reverse_exposure","GCST90671583","Gut microbiome genus presence (Faecaligallichristensenella)","taxon:faecaligallichristensenella","primary","GCST90671583","EUR","reverse_sensitivity","microbiome_trait_units_per_standardized_ED_exposure",15,"estimable","reverse",TRUE,TRUE,"mr_ivw_mre",15,-0.0966190843174625,0.669986404934127,-1.40976830811982,1.21653013948489,0.885334238184107,"estimated","","",1572,0.996794553908997,FALSE
"reverse|GCST90670610","ed_2025_eur_reverse_exposure","GCST90670610","Gut microbiome species abundance (Alistipes A indistinctus, GCA_025144995.1)","taxon:alistipes a indistinctus","primary","GCST90670610","EUR","reverse_sensitivity","microbiome_trait_units_per_standardized_ED_exposure",17,"estimable","reverse",TRUE,TRUE,"mr_ivw_mre",17,0.0302576971731309,0.211559555464812,-0.384391412123205,0.444906806469467,0.886272707650676,"estimated","","",1572,0.996794553908997,FALSE
"reverse|GCST90671863","ed_2025_eur_reverse_exposure","GCST90671863","Gut microbiome function abundance (Cysteine degradation II, MF0045)","function:mf0045","primary","GCST90671863","EUR","reverse_sensitivity","microbiome_trait_units_per_standardized_ED_exposure",17,"estimable","reverse",TRUE,TRUE,"mr_ivw_mre",17,-0.0345121106293648,0.241444744594553,-0.50773511429116,0.43871089303243,0.886337571289682,"estimated","","",1572,0.996794553908997,FALSE
"reverse|GCST90671423","ed_2025_eur_reverse_exposure","GCST90671423","Gut microbiome genus presence (Ruminococcus)","taxon:ruminococcus","primary","GCST90671423","EUR","reverse_sensitivity","microbiome_trait_units_per_standardized_ED_exposure",15,"estimable","reverse",TRUE,TRUE,"mr_ivw_mre",15,-0.101569736731403,0.716739451133192,-1.50635324725147,1.30321377378866,0.88730842654872,"estimated","","",1572,0.996794553908997,FALSE
"reverse|GCST90671256","ed_2025_eur_reverse_exposure","GCST90671256","Gut microbiome species abundance (CAKTXU01 sp934615635, GCA_934615635.1)","taxon:caktxu01 sp934615635","primary","GCST90671256","EUR","reverse_sensitivity","microbiome_trait_units_per_standardized_ED_exposure",17,"estimable","reverse",TRUE,TRUE,"mr_ivw_mre",17,0.0294489310742834,0.210775330965852,-0.383663126448297,0.442560988596864,0.888883466052798,"estimated","","",1572,0.996794553908997,FALSE
"reverse|GCST90670587","ed_2025_eur_reverse_exposure","GCST90670587","Gut microbiome species presence (CAG-448 sp003150135, GCA_022009675.1)","taxon:cag-448 sp003150135","primary","GCST90670587","EUR","reverse_sensitivity","microbiome_trait_units_per_standardized_ED_exposure",15,"estimable","reverse",TRUE,TRUE,"mr_ivw_mre",15,0.0867369505353882,0.623165082121614,-1.13464416684592,1.3081180679167,0.889301782177618,"estimated","","",1572,0.996794553908997,FALSE
"reverse|GCST90670636","ed_2025_eur_reverse_exposure","GCST90670636","Gut microbiome species presence (Desulfovibrio piger A, GCF_900116045.1)","taxon:desulfovibrio piger a","primary","GCST90670636","EUR","reverse_sensitivity","microbiome_trait_units_per_standardized_ED_exposure",15,"estimable","reverse",TRUE,TRUE,"mr_ivw_mre",15,0.144467241058485,1.0609680462104,-1.93499191826173,2.2239264003787,0.891690450672311,"estimated","","",1572,0.996794553908997,FALSE
"reverse|GCST90671626","ed_2025_eur_reverse_exposure","GCST90671626","Gut microbiome genus presence (RGIG8748)","taxon:rgig8748","primary","GCST90671626","EUR","reverse_sensitivity","microbiome_trait_units_per_standardized_ED_exposure",15,"estimable","reverse",TRUE,TRUE,"mr_ivw_mre",15,0.151880939506688,1.11943013555458,-2.04216180938908,2.34592368840245,0.892076618894998,"estimated","","",1572,0.996794553908997,FALSE
"reverse|GCST90670870","ed_2025_eur_reverse_exposure","GCST90670870","Gut microbiome species presence (UMGS1696 sp900753285, GCA_900753285.1)","taxon:umgs1696 sp900753285","primary","GCST90670870","EUR","reverse_sensitivity","microbiome_trait_units_per_standardized_ED_exposure",15,"estimable","reverse",TRUE,TRUE,"mr_ivw_mre",15,0.070172263537156,0.520041543433859,-0.94909043205783,1.08943495913214,0.892662570466719,"estimated","","",1572,0.996794553908997,FALSE
"reverse|GCST90670621","ed_2025_eur_reverse_exposure","GCST90670621","Gut microbiome species presence (Merdicola sp001915925, GCA_001915925.1)","taxon:merdicola sp001915925","primary","GCST90670621","EUR","reverse_sensitivity","microbiome_trait_units_per_standardized_ED_exposure",15,"estimable","reverse",TRUE,TRUE,"mr_ivw_mre",15,-0.093736544782272,0.697037052813225,-1.45990406418614,1.27243097462159,0.893024157311905,"estimated","","",1572,0.996794553908997,FALSE
"reverse|GCST90671648","ed_2025_eur_reverse_exposure","GCST90671648","Gut microbiome genus presence (HGM11808)","taxon:hgm11808","primary","GCST90671648","EUR","reverse_sensitivity","microbiome_trait_units_per_standardized_ED_exposure",15,"estimable","reverse",TRUE,TRUE,"mr_ivw_mre",15,-0.0774022921563426,0.58214759493424,-1.21839061191407,1.06358602760138,0.894225085668648,"estimated","","",1572,0.996794553908997,FALSE
"reverse|GCST90670782","ed_2025_eur_reverse_exposure","GCST90670782","Gut microbiome species presence (HGM12669 sp900761935, GCA_900761935.1)","taxon:hgm12669 sp900761935","primary","GCST90670782","EUR","reverse_sensitivity","microbiome_trait_units_per_standardized_ED_exposure",15,"estimable","reverse",TRUE,TRUE,"mr_ivw_mre",15,-0.0939193946544573,0.718075762983863,-1.50132202827395,1.31348323896503,0.89593893790514,"estimated","","",1572,0.996794553908997,FALSE
"reverse|GCST90671774","ed_2025_eur_reverse_exposure","GCST90671774","Gut microbiome order presence (Synergistales)","taxon:synergistales","primary","GCST90671774","EUR","reverse_sensitivity","microbiome_trait_units_per_standardized_ED_exposure",15,"estimable","reverse",TRUE,TRUE,"mr_ivw_mre",15,0.0884008497537819,0.677771527530453,-1.2400069339526,1.41680863346017,0.896227272276911,"estimated","","",1572,0.996794553908997,FALSE
"reverse|GCST90671804","ed_2025_eur_reverse_exposure","GCST90671804","Gut microbiome class presence (Synergistia)","taxon:synergistia","primary","GCST90671804","EUR","reverse_sensitivity","microbiome_trait_units_per_standardized_ED_exposure",15,"estimable","reverse",TRUE,TRUE,"mr_ivw_mre",15,0.0884008497537819,0.677771527530453,-1.2400069339526,1.41680863346017,0.896227272276911,"estimated","","",1572,0.996794553908997,FALSE
"reverse|GCST90671818","ed_2025_eur_reverse_exposure","GCST90671818","Gut microbiome phylum presence (Synergistota)","taxon:synergistota","primary","GCST90671818","EUR","reverse_sensitivity","microbiome_trait_units_per_standardized_ED_exposure",15,"estimable","reverse",TRUE,TRUE,"mr_ivw_mre",15,0.0884008497537819,0.677771527530453,-1.2400069339526,1.41680863346017,0.896227272276911,"estimated","","",1572,0.996794553908997,FALSE
"reverse|GCST90671704","ed_2025_eur_reverse_exposure","GCST90671704","Gut microbiome family abundance (QALW01)","taxon:qalw01","primary","GCST90671704","EUR","reverse_sensitivity","microbiome_trait_units_per_standardized_ED_exposure",17,"estimable","reverse",TRUE,TRUE,"mr_ivw_mre",17,0.0312121099073455,0.240116412183911,-0.439407410070094,0.501831629884785,0.896576389552922,"estimated","","",1572,0.996794553908997,FALSE
"reverse|GCST90670470","ed_2025_eur_reverse_exposure","GCST90670470","Gut microbiome species abundance (Eubacterium G ventriosum, GCA_025150745.1)","taxon:eubacterium g ventriosum","primary","GCST90670470","EUR","reverse_sensitivity","microbiome_trait_units_per_standardized_ED_exposure",17,"estimable","reverse",TRUE,TRUE,"mr_ivw_mre",17,0.0346210328648522,0.271593306662431,-0.497692066635655,0.566934132365359,0.898565402708744,"estimated","","",1572,0.996794553908997,FALSE
"reverse|GCST90671556","ed_2025_eur_reverse_exposure","GCST90671556","Gut microbiome genus abundance (Gordonibacter)","taxon:gordonibacter","primary","GCST90671556","EUR","reverse_sensitivity","microbiome_trait_units_per_standardized_ED_exposure",17,"estimable","reverse",TRUE,TRUE,"mr_ivw_mre",17,0.0352305941698611,0.276732545629965,-0.507155228614956,0.577616416954679,0.898695692819843,"estimated","","",1572,0.996794553908997,FALSE
"reverse|GCST90670626","ed_2025_eur_reverse_exposure","GCST90670626","Gut microbiome species presence (Faecousia sp900546075, GCA_900546075.1)","taxon:faecousia sp900546075","primary","GCST90670626","EUR","reverse_sensitivity","microbiome_trait_units_per_standardized_ED_exposure",15,"estimable","reverse",TRUE,TRUE,"mr_ivw_mre",15,-0.0714366592128911,0.561259405329064,-1.17148487964222,1.02861156121644,0.898719406733232,"estimated","","",1572,0.996794553908997,FALSE
"reverse|GCST90670843","ed_2025_eur_reverse_exposure","GCST90670843","Gut microbiome species presence (Terrisporobacter sp900557165, GCA_900557165.1)","taxon:terrisporobacter sp900557165","primary","GCST90670843","EUR","reverse_sensitivity","microbiome_trait_units_per_standardized_ED_exposure",15,"estimable","reverse",TRUE,TRUE,"mr_ivw_mre",15,0.0825520379770495,0.654302146994883,-1.19985660514015,1.36496068109425,0.899598887140465,"estimated","","",1572,0.996794553908997,FALSE
"reverse|GCST90670770","ed_2025_eur_reverse_exposure","GCST90670770","Gut microbiome species presence (Dysosmobacter sp905200545, GCA_905200545.1)","taxon:dysosmobacter sp905200545","primary","GCST90670770","EUR","reverse_sensitivity","microbiome_trait_units_per_standardized_ED_exposure",15,"estimable","reverse",TRUE,TRUE,"mr_ivw_mre",15,-0.0863041981660855,0.686544068251354,-1.43190584573835,1.25929744940618,0.899962934771394,"estimated","","",1572,0.996794553908997,FALSE
"reverse|GCST90671805","ed_2025_eur_reverse_exposure","GCST90671805","Gut microbiome class presence (Dehalobacteriia)","taxon:dehalobacteriia","primary","GCST90671805","EUR","reverse_sensitivity","microbiome_trait_units_per_standardized_ED_exposure",15,"estimable","reverse",TRUE,TRUE,"mr_ivw_mre",15,0.118288675586564,0.945025285599077,-1.73392684866731,1.97050419984043,0.900389083743744,"estimated","","",1572,0.996794553908997,FALSE
"reverse|GCST90671672","ed_2025_eur_reverse_exposure","GCST90671672","Gut microbiome family abundance (Anaerotignaceae)","taxon:anaerotignaceae","primary","GCST90671672","EUR","reverse_sensitivity","microbiome_trait_units_per_standardized_ED_exposure",17,"estimable","reverse",TRUE,TRUE,"mr_ivw_mre",17,-0.0318829196619355,0.254817628042206,-0.531316293250583,0.467550453926712,0.90042812114308,"estimated","","",1572,0.996794553908997,FALSE
"reverse|GCST90671830","ed_2025_eur_reverse_exposure","GCST90671830","Gut microbiome function abundance (Maltose degradation, MF0008)","function:mf0008","primary","GCST90671830","EUR","reverse_sensitivity","microbiome_trait_units_per_standardized_ED_exposure",17,"estimable","reverse",TRUE,TRUE,"mr_ivw_mre",17,0.0336196055723823,0.270895080290357,-0.497324995385804,0.564564206530569,0.901231637697399,"estimated","","",1572,0.996794553908997,FALSE
"reverse|GCST90671406","ed_2025_eur_reverse_exposure","GCST90671406","Gut microbiome genus presence (Fimivicinus)","taxon:fimivicinus","primary","GCST90671406","EUR","reverse_sensitivity","microbiome_trait_units_per_standardized_ED_exposure",15,"estimable","reverse",TRUE,TRUE,"mr_ivw_mre",15,0.0968312365093484,0.784067528549532,-1.43991288089506,1.63357535391376,0.901712288470837,"estimated","","",1572,0.996794553908997,FALSE
"reverse|GCST90671496","ed_2025_eur_reverse_exposure","GCST90671496","Gut microbiome genus abundance (Metalachnospira)","taxon:metalachnospira","primary","GCST90671496","EUR","reverse_sensitivity","microbiome_trait_units_per_standardized_ED_exposure",17,"estimable","reverse",TRUE,TRUE,"mr_ivw_mre",17,0.02739882251804,0.222230534025713,-0.408165020437461,0.462962665473541,0.901877388078304,"estimated","","",1572,0.996794553908997,FALSE
"reverse|GCST90670922","ed_2025_eur_reverse_exposure","GCST90670922","Gut microbiome species presence (CAG-269 sp900754285, GCA_900754285.1)","taxon:cag-269 sp900754285","primary","GCST90670922","EUR","reverse_sensitivity","microbiome_trait_units_per_standardized_ED_exposure",15,"estimable","reverse",TRUE,TRUE,"mr_ivw_mre",15,0.108069422850123,0.877108214765468,-1.61103108863442,1.82716993433466,0.90193997674094,"estimated","","",1572,0.996794553908997,FALSE
"reverse|GCST90671348","ed_2025_eur_reverse_exposure","GCST90671348","Gut microbiome genus presence (Alloprevotella)","taxon:alloprevotella","primary","GCST90671348","EUR","reverse_sensitivity","microbiome_trait_units_per_standardized_ED_exposure",15,"estimable","reverse",TRUE,TRUE,"mr_ivw_mre",15,-0.142177618111629,1.15436928359107,-2.40469983880943,2.12034460258618,0.901976628893071,"estimated","","",1572,0.996794553908997,FALSE
"reverse|GCST90671695","ed_2025_eur_reverse_exposure","GCST90671695","Gut microbiome family abundance (Pumilibacteraceae)","taxon:pumilibacteraceae","primary","GCST90671695","EUR","reverse_sensitivity","microbiome_trait_units_per_standardized_ED_exposure",17,"estimable","reverse",TRUE,TRUE,"mr_ivw_mre",17,0.0252782295189928,0.208298057481552,-0.382978461194503,0.433534920232489,0.903409026388287,"estimated","","",1572,0.996794553908997,FALSE
"reverse|GCST90671453","ed_2025_eur_reverse_exposure","GCST90671453","Gut microbiome genus presence (Fimimonas)","taxon:fimimonas","primary","GCST90671453","EUR","reverse_sensitivity","microbiome_trait_units_per_standardized_ED_exposure",15,"estimable","reverse",TRUE,TRUE,"mr_ivw_mre",15,0.0875992823839865,0.721968900460928,-1.32743376047742,1.50263232524539,0.903426591974927,"estimated","","",1572,0.996794553908997,FALSE
"reverse|GCST90671026","ed_2025_eur_reverse_exposure","GCST90671026","Gut microbiome species presence (UMGS1820 sp902797885, GCA_902797885.1)","taxon:umgs1820 sp902797885","primary","GCST90671026","EUR","reverse_sensitivity","microbiome_trait_units_per_standardized_ED_exposure",15,"estimable","reverse",TRUE,TRUE,"mr_ivw_mre",15,0.140311201710486,1.16075171331035,-2.13472035137096,2.41534275479194,0.903786401258662,"estimated","","",1572,0.996794553908997,FALSE
"reverse|GCST90671404","ed_2025_eur_reverse_exposure","GCST90671404","Gut microbiome genus presence (Onthousia)","taxon:onthousia","primary","GCST90671404","EUR","reverse_sensitivity","microbiome_trait_units_per_standardized_ED_exposure",15,"estimable","reverse",TRUE,TRUE,"mr_ivw_mre",15,-0.109400133968987,0.906031964830251,-1.88519015387834,1.66638988594036,0.903891874539999,"estimated","","",1572,0.996794553908997,FALSE
"reverse|GCST90670502","ed_2025_eur_reverse_exposure","GCST90670502","Gut microbiome species presence (CAG-194 sp000432915, GCA_000432915.1)","taxon:cag-194 sp000432915","primary","GCST90670502","EUR","reverse_sensitivity","microbiome_trait_units_per_standardized_ED_exposure",15,"estimable","reverse",TRUE,TRUE,"mr_ivw_mre",15,-0.075427455924383,0.625768349767545,-1.30191088413383,1.15105597228507,0.904058763498426,"estimated","","",1572,0.996794553908997,FALSE
"reverse|GCST90670829","ed_2025_eur_reverse_exposure","GCST90670829","Gut microbiome species abundance (Scatosoma sp900555925, GCA_900555925.1)","taxon:scatosoma sp900555925","primary","GCST90670829","EUR","reverse_sensitivity","microbiome_trait_units_per_standardized_ED_exposure",17,"estimable","reverse",TRUE,TRUE,"mr_ivw_mre",17,0.0244346387724798,0.202971481973126,-0.373382155783569,0.422251433328528,0.904178497498191,"estimated","","",1572,0.996794553908997,FALSE
"reverse|GCST90671318","ed_2025_eur_reverse_exposure","GCST90671318","Gut microbiome genus abundance (Prevotella)","taxon:prevotella","primary","GCST90671318","EUR","reverse_sensitivity","microbiome_trait_units_per_standardized_ED_exposure",17,"estimable","reverse",TRUE,TRUE,"mr_ivw_mre",17,-0.0258255003479247,0.215230322287923,-0.447669180413201,0.396018179717352,0.904491018126556,"estimated","","",1572,0.996794553908997,FALSE
"reverse|GCST90671916","ed_2025_eur_reverse_exposure","GCST90671916","Gut microbiome function abundance (Glutamate synthesis I, MGB006)","function:mgb006","primary","GCST90671916","EUR","reverse_sensitivity","microbiome_trait_units_per_standardized_ED_exposure",17,"estimable","reverse",TRUE,TRUE,"mr_ivw_mre",17,0.027064173641708,0.22696279452942,-0.417774729466519,0.471903076749935,0.905081272842407,"estimated","","",1572,0.996794553908997,FALSE
"reverse|GCST90671373","ed_2025_eur_reverse_exposure","GCST90671373","Gut microbiome genus abundance (Intestinibacter)","taxon:intestinibacter","primary","GCST90671373","EUR","reverse_sensitivity","microbiome_trait_units_per_standardized_ED_exposure",17,"estimable","reverse",TRUE,TRUE,"mr_ivw_mre",17,-0.0253203380145085,0.213241148385791,-0.443265308872621,0.392624632843604,0.905481032990302,"estimated","","",1572,0.996794553908997,FALSE
"reverse|GCST90670846","ed_2025_eur_reverse_exposure","GCST90670846","Gut microbiome species presence (Alectryocaccomicrobium faecavium, GCA_900754755.1)","taxon:alectryocaccomicrobium faecavium","primary","GCST90670846","EUR","reverse_sensitivity","microbiome_trait_units_per_standardized_ED_exposure",15,"estimable","reverse",TRUE,TRUE,"mr_ivw_mre",15,0.0696972195255572,0.588835075521834,-1.08439832133116,1.22379276038227,0.905778785311132,"estimated","","",1572,0.996794553908997,FALSE
"reverse|GCST90670679","ed_2025_eur_reverse_exposure","GCST90670679","Gut microbiome species presence (Senegalimassilia anaerobia, GCF_000236865.1)","taxon:senegalimassilia anaerobia","primary","GCST90670679","EUR","reverse_sensitivity","microbiome_trait_units_per_standardized_ED_exposure",15,"estimable","reverse",TRUE,TRUE,"mr_ivw_mre",15,0.0616634476565142,0.524725239218502,-0.966779122990913,1.09010601830394,0.906451412713298,"estimated","","",1572,0.996794553908997,FALSE
"reverse|GCST90671757","ed_2025_eur_reverse_exposure","GCST90671757","Gut microbiome order abundance (Coriobacteriales)","taxon:coriobacteriales","primary","GCST90671757","EUR","reverse_sensitivity","microbiome_trait_units_per_standardized_ED_exposure",17,"estimable","reverse",TRUE,TRUE,"mr_ivw_mre",17,-0.0250556554802607,0.214366735211076,-0.445206735977403,0.395095425016882,0.906953404313026,"estimated","","",1572,0.996794553908997,FALSE
"reverse|GCST90671797","ed_2025_eur_reverse_exposure","GCST90671797","Gut microbiome class abundance (Coriobacteriia)","taxon:coriobacteriia","primary","GCST90671797","EUR","reverse_sensitivity","microbiome_trait_units_per_standardized_ED_exposure",17,"estimable","reverse",TRUE,TRUE,"mr_ivw_mre",17,-0.0250556554802607,0.214366735211076,-0.445206735977403,0.395095425016882,0.906953404313026,"estimated","","",1572,0.996794553908997,FALSE
"reverse|GCST90670781","ed_2025_eur_reverse_exposure","GCST90670781","Gut microbiome species presence (Fimisoma avicola, GCA_900542565.1)","taxon:fimisoma avicola","primary","GCST90670781","EUR","reverse_sensitivity","microbiome_trait_units_per_standardized_ED_exposure",15,"estimable","reverse",TRUE,TRUE,"mr_ivw_mre",15,0.0635299120730067,0.550643330716689,-1.01571118445888,1.14277100860489,0.908148702965894,"estimated","","",1572,0.996794553908997,FALSE
"reverse|GCST90671448","ed_2025_eur_reverse_exposure","GCST90671448","Gut microbiome genus presence (Cloacibacillus)","taxon:cloacibacillus","primary","GCST90671448","EUR","reverse_sensitivity","microbiome_trait_units_per_standardized_ED_exposure",15,"estimable","reverse",TRUE,TRUE,"mr_ivw_mre",15,0.0819894503579513,0.716340706998548,-1.32201253601916,1.48599143673506,0.908876370065754,"estimated","","",1572,0.996794553908997,FALSE
"reverse|GCST90670548","ed_2025_eur_reverse_exposure","GCST90670548","Gut microbiome species abundance (Oliverpabstia intestinalis, GCF_009696065.1)","taxon:oliverpabstia intestinalis","primary","GCST90670548","EUR","reverse_sensitivity","microbiome_trait_units_per_standardized_ED_exposure",17,"estimable","reverse",TRUE,TRUE,"mr_ivw_mre",17,0.0247961008666042,0.216954417931277,-0.400426744565549,0.450018946298757,0.909006519375088,"estimated","","",1572,0.996794553908997,FALSE
"reverse|GCST90671585","ed_2025_eur_reverse_exposure","GCST90671585","Gut microbiome genus presence (HGM11327)","taxon:hgm11327","primary","GCST90671585","EUR","reverse_sensitivity","microbiome_trait_units_per_standardized_ED_exposure",15,"estimable","reverse",TRUE,TRUE,"mr_ivw_mre",15,0.0838911866873991,0.742116313471918,-1.3706300600572,1.538412433432,0.909996323312259,"estimated","","",1572,0.996794553908997,FALSE
"reverse|GCST90670468","ed_2025_eur_reverse_exposure","GCST90670468","Gut microbiome species presence (COE1 sp001916965, GCA_001916965.1)","taxon:coe1 sp001916965","primary","GCST90670468","EUR","reverse_sensitivity","microbiome_trait_units_per_standardized_ED_exposure",15,"estimable","reverse",TRUE,TRUE,"mr_ivw_mre",15,0.0601046955271027,0.532514836832871,-0.983605205898548,1.10381459695275,0.91013399915963,"estimated","","",1572,0.996794553908997,FALSE
"reverse|GCST90671099","ed_2025_eur_reverse_exposure","GCST90671099","Gut microbiome species presence (UBA866 sp904384225, GCA_904384225.1)","taxon:uba866 sp904384225","primary","GCST90671099","EUR","reverse_sensitivity","microbiome_trait_units_per_standardized_ED_exposure",15,"estimable","reverse",TRUE,TRUE,"mr_ivw_mre",15,0.0839752399929159,0.750689547952516,-1.38734923756467,1.5552997175505,0.910931130961195,"estimated","","",1572,0.996794553908997,FALSE
"reverse|GCST90671853","ed_2025_eur_reverse_exposure","GCST90671853","Gut microbiome function abundance (Alanine degradation I, MF0033)","function:mf0033","primary","GCST90671853","EUR","reverse_sensitivity","microbiome_trait_units_per_standardized_ED_exposure",17,"estimable","reverse",TRUE,TRUE,"mr_ivw_mre",17,0.0346296874316101,0.31271673289963,-0.578283846414697,0.647543221277917,0.911823954760615,"estimated","","",1572,0.996794553908997,FALSE
"reverse|GCST90671089","ed_2025_eur_reverse_exposure","GCST90671089","Gut microbiome species abundance (Pullichristensenella excrementipullorum, GCA_900754775.1)","taxon:pullichristensenella excrementipullorum","primary","GCST90671089","EUR","reverse_sensitivity","microbiome_trait_units_per_standardized_ED_exposure",17,"estimable","reverse",TRUE,TRUE,"mr_ivw_mre",17,-0.0224584163957974,0.206582846150983,-0.427353354675504,0.382436521883909,0.913429456845017,"estimated","","",1572,0.996794553908997,FALSE
"reverse|GCST90670907","ed_2025_eur_reverse_exposure","GCST90670907","Gut microbiome species presence (Rubneribacter badeniensis, GCF_002899695.1)","taxon:rubneribacter badeniensis","primary","GCST90670907","EUR","reverse_sensitivity","microbiome_trait_units_per_standardized_ED_exposure",15,"estimable","reverse",TRUE,TRUE,"mr_ivw_mre",15,0.0831942839848404,0.767865974127997,-1.4217953702598,1.58818393822948,0.913722187942803,"estimated","","",1572,0.996794553908997,FALSE
"reverse|GCST90671338","ed_2025_eur_reverse_exposure","GCST90671338","Gut microbiome genus abundance (Parasutterella)","taxon:parasutterella","primary","GCST90671338","EUR","reverse_sensitivity","microbiome_trait_units_per_standardized_ED_exposure",17,"estimable","reverse",TRUE,TRUE,"mr_ivw_mre",17,-0.0253281790050682,0.235273019852709,-0.486454824450355,0.435798466440218,0.914269831892709,"estimated","","",1572,0.996794553908997,FALSE
"reverse|GCST90670432","ed_2025_eur_reverse_exposure","GCST90670432","Gut microbiome species presence (Phocaeicola plebeius A, GCF_003437535.1)","taxon:phocaeicola plebeius a","primary","GCST90670432","EUR","reverse_sensitivity","microbiome_trait_units_per_standardized_ED_exposure",15,"estimable","reverse",TRUE,TRUE,"mr_ivw_mre",15,0.0846935079694411,0.789100569290054,-1.46191518801912,1.631302203958,0.914527845069219,"estimated","","",1572,0.996794553908997,FALSE
"reverse|GCST90671018","ed_2025_eur_reverse_exposure","GCST90671018","Gut microbiome species presence (RUG11247 sp902767315, GCA_902767315.1)","taxon:rug11247 sp902767315","primary","GCST90671018","EUR","reverse_sensitivity","microbiome_trait_units_per_standardized_ED_exposure",15,"estimable","reverse",TRUE,TRUE,"mr_ivw_mre",15,-0.0690761919148091,0.644702887778451,-1.33267063268954,1.19451824885992,0.91467456180454,"estimated","","",1572,0.996794553908997,FALSE
"reverse|GCST90671709","ed_2025_eur_reverse_exposure","GCST90671709","Gut microbiome family presence (Peptococcaceae)","taxon:peptococcaceae","primary","GCST90671709","EUR","reverse_sensitivity","microbiome_trait_units_per_standardized_ED_exposure",15,"estimable","reverse",TRUE,TRUE,"mr_ivw_mre",15,0.0560677157802567,0.527180336842706,-0.97718675778914,1.08932218934965,0.915301521443989,"estimated","","",1572,0.996794553908997,FALSE
"reverse|GCST90671773","ed_2025_eur_reverse_exposure","GCST90671773","Gut microbiome order presence (Peptococcales)","taxon:peptococcales","primary","GCST90671773","EUR","reverse_sensitivity","microbiome_trait_units_per_standardized_ED_exposure",15,"estimable","reverse",TRUE,TRUE,"mr_ivw_mre",15,0.0560677157802567,0.527180336842706,-0.97718675778914,1.08932218934965,0.915301521443989,"estimated","","",1572,0.996794553908997,FALSE
"reverse|GCST90671803","ed_2025_eur_reverse_exposure","GCST90671803","Gut microbiome class presence (Peptococcia)","taxon:peptococcia","primary","GCST90671803","EUR","reverse_sensitivity","microbiome_trait_units_per_standardized_ED_exposure",15,"estimable","reverse",TRUE,TRUE,"mr_ivw_mre",15,0.0560677157802567,0.527180336842706,-0.97718675778914,1.08932218934965,0.915301521443989,"estimated","","",1572,0.996794553908997,FALSE
"reverse|GCST90671395","ed_2025_eur_reverse_exposure","GCST90671395","Gut microbiome genus abundance (UBA737)","taxon:uba737","primary","GCST90671395","EUR","reverse_sensitivity","microbiome_trait_units_per_standardized_ED_exposure",17,"estimable","reverse",TRUE,TRUE,"mr_ivw_mre",17,-0.0217571832980067,0.206654204234919,-0.426791980852232,0.383277614256219,0.916151218577857,"estimated","","",1572,0.996794553908997,FALSE
"reverse|GCST90670687","ed_2025_eur_reverse_exposure","GCST90670687","Gut microbiome species abundance (UMGS1071 sp900542375, GCA_900542375.1)","taxon:umgs1071 sp900542375","primary","GCST90670687","EUR","reverse_sensitivity","microbiome_trait_units_per_standardized_ED_exposure",17,"estimable","reverse",TRUE,TRUE,"mr_ivw_mre",17,0.0213891561354164,0.20330110018432,-0.37707367824322,0.419851990514053,0.916209771564887,"estimated","","",1572,0.996794553908997,FALSE
"reverse|GCST90671019","ed_2025_eur_reverse_exposure","GCST90671019","Gut microbiome species presence (SFJ001 sp004555865, GCA_004555865.1)","taxon:sfj001 sp004555865","primary","GCST90671019","EUR","reverse_sensitivity","microbiome_trait_units_per_standardized_ED_exposure",15,"estimable","reverse",TRUE,TRUE,"mr_ivw_mre",15,-0.0832520439226354,0.79182079281398,-1.63519228004799,1.46868819220272,0.916264713993958,"estimated","","",1572,0.996794553908997,FALSE
"reverse|GCST90671604","ed_2025_eur_reverse_exposure","GCST90671604","Gut microbiome genus presence (Fumia)","taxon:fumia","primary","GCST90671604","EUR","reverse_sensitivity","microbiome_trait_units_per_standardized_ED_exposure",15,"estimable","reverse",TRUE,TRUE,"mr_ivw_mre",15,0.0594215681226728,0.584538811417494,-1.08625344982147,1.20509658606681,0.919030148061644,"estimated","","",1572,0.997656339205611,FALSE
"reverse|GCST90670994","ed_2025_eur_reverse_exposure","GCST90670994","Gut microbiome species abundance (Hydrogeniiclostridium mannosilyticum, GCF_003268275.1)","taxon:hydrogeniiclostridium mannosilyticum","primary","GCST90670994","EUR","reverse_sensitivity","microbiome_trait_units_per_standardized_ED_exposure",17,"estimable","reverse",TRUE,TRUE,"mr_ivw_mre",17,-0.0204934687261139,0.20441206885924,-0.421133761695545,0.380146824243318,0.920141351078601,"estimated","","",1572,0.997656339205611,FALSE
"reverse|GCST90671560","ed_2025_eur_reverse_exposure","GCST90671560","Gut microbiome genus abundance (Hydrogeniiclostridium)","taxon:hydrogeniiclostridium","primary","GCST90671560","EUR","reverse_sensitivity","microbiome_trait_units_per_standardized_ED_exposure",17,"estimable","reverse",TRUE,TRUE,"mr_ivw_mre",17,-0.0204934687261139,0.20441206885924,-0.421133761695545,0.380146824243318,0.920141351078601,"estimated","","",1572,0.997656339205611,FALSE
"reverse|GCST90670982","ed_2025_eur_reverse_exposure","GCST90670982","Gut microbiome species presence (Enteroscipio rubneri, GCF_002899715.1)","taxon:enteroscipio rubneri","primary","GCST90670982","EUR","reverse_sensitivity","microbiome_trait_units_per_standardized_ED_exposure",15,"estimable","reverse",TRUE,TRUE,"mr_ivw_mre",15,-0.0819659370770527,0.828927436335374,-1.7066338580915,1.5427019839374,0.921232023689635,"estimated","","",1572,0.997656339205611,FALSE
"reverse|GCST90671895","ed_2025_eur_reverse_exposure","GCST90671895","Gut microbiome function abundance (Putrescine degradation, MF0082)","function:mf0082","primary","GCST90671895","EUR","reverse_sensitivity","microbiome_trait_units_per_standardized_ED_exposure",17,"estimable","reverse",TRUE,TRUE,"mr_ivw_mre",17,-0.0220775994815119,0.225343722019812,-0.463743178782548,0.419587979819524,0.921953736588787,"estimated","","",1572,0.997656339205611,FALSE
"reverse|GCST90670533","ed_2025_eur_reverse_exposure","GCST90670533","Gut microbiome species presence (Onthocola B sp000437355, GCA_000437355.1)","taxon:onthocola b sp000437355","primary","GCST90670533","EUR","reverse_sensitivity","microbiome_trait_units_per_standardized_ED_exposure",15,"estimable","reverse",TRUE,TRUE,"mr_ivw_mre",15,0.109420653203761,1.12146943282496,-2.08861904489572,2.30746035130325,0.92227453994315,"estimated","","",1572,0.997656339205611,FALSE
"reverse|GCST90671080","ed_2025_eur_reverse_exposure","GCST90671080","Gut microbiome species presence (Mediterraneibacter norwichensis, GCA_019112765.1)","taxon:mediterraneibacter norwichensis","primary","GCST90671080","EUR","reverse_sensitivity","microbiome_trait_units_per_standardized_ED_exposure",15,"estimable","reverse",TRUE,TRUE,"mr_ivw_mre",15,-0.0990874812283425,1.01628621792133,-2.09097186633857,1.89279690388188,0.922329666330913,"estimated","","",1572,0.997656339205611,FALSE
"reverse|GCST90670794","ed_2025_eur_reverse_exposure","GCST90670794","Gut microbiome species abundance (Intestinimonas butyriciproducens, GCF_004154955.1)","taxon:intestinimonas butyriciproducens","primary","GCST90670794","EUR","reverse_sensitivity","microbiome_trait_units_per_standardized_ED_exposure",17,"estimable","reverse",TRUE,TRUE,"mr_ivw_mre",17,-0.0255500204266271,0.263413209543079,-0.541830424183163,0.490730383329909,0.92272959285592,"estimated","","",1572,0.997656339205611,FALSE
"reverse|GCST90670743","ed_2025_eur_reverse_exposure","GCST90670743","Gut microbiome species presence (Lawsonibacter sp900545895, GCF_016899775.1)","taxon:lawsonibacter sp900545895","primary","GCST90670743","EUR","reverse_sensitivity","microbiome_trait_units_per_standardized_ED_exposure",15,"estimable","reverse",TRUE,TRUE,"mr_ivw_mre",15,0.0529076812918438,0.549667202167528,-1.02442023843941,1.1302356010231,0.923318823241249,"estimated","","",1572,0.997656339205611,FALSE
"reverse|GCST90671025","ed_2025_eur_reverse_exposure","GCST90671025","Gut microbiome species presence (UMGS1795 sp900553555, GCA_900553555.1)","taxon:umgs1795 sp900553555","primary","GCST90671025","EUR","reverse_sensitivity","microbiome_trait_units_per_standardized_ED_exposure",15,"estimable","reverse",TRUE,TRUE,"mr_ivw_mre",15,0.0737784987047052,0.773608632810942,-1.44246655973401,1.59002355714342,0.924021515440796,"estimated","","",1572,0.997656339205611,FALSE
"reverse|GCST90671001","ed_2025_eur_reverse_exposure","GCST90671001","Gut microbiome species presence (Marvinbryantia sp900066075, GCA_003435055.1)","taxon:marvinbryantia sp900066075","primary","GCST90671001","EUR","reverse_sensitivity","microbiome_trait_units_per_standardized_ED_exposure",15,"estimable","reverse",TRUE,TRUE,"mr_ivw_mre",15,0.0494870093790395,0.519800711654038,-0.969303664601165,1.06827768335924,0.924152941976388,"estimated","","",1572,0.997656339205611,FALSE
"reverse|GCST90670861","ed_2025_eur_reverse_exposure","GCST90670861","Gut microbiome species abundance (Intestinimonas massiliensis, GCF_001244995.1)","taxon:intestinimonas massiliensis","primary","GCST90670861","EUR","reverse_sensitivity","microbiome_trait_units_per_standardized_ED_exposure",17,"estimable","reverse",TRUE,TRUE,"mr_ivw_mre",17,0.0198478488296106,0.209919938611217,-0.391587670485234,0.431283368144455,0.924672573932936,"estimated","","",1572,0.997656339205611,FALSE
"reverse|GCST90671154","ed_2025_eur_reverse_exposure","GCST90671154","Gut microbiome species presence (Vescimonas sp003487665, GCA_003487665.1)","taxon:vescimonas sp003487665","primary","GCST90671154","EUR","reverse_sensitivity","microbiome_trait_units_per_standardized_ED_exposure",15,"estimable","reverse",TRUE,TRUE,"mr_ivw_mre",15,0.0569159490700711,0.613958376559861,-1.14642035699394,1.26025225513408,0.926139299221364,"estimated","","",1572,0.998043248430531,FALSE
"reverse|GCST90670442","ed_2025_eur_reverse_exposure","GCST90670442","Gut microbiome species abundance (Gemmiger formicilis, GCF_900167555.1)","taxon:gemmiger formicilis","primary","GCST90670442","EUR","reverse_sensitivity","microbiome_trait_units_per_standardized_ED_exposure",17,"estimable","reverse",TRUE,TRUE,"mr_ivw_mre",17,0.0224646843601829,0.242861990000169,-0.453536069253875,0.498465437974241,0.926300953855054,"estimated","","",1572,0.998043248430531,FALSE
"reverse|GCST90671365","ed_2025_eur_reverse_exposure","GCST90671365","Gut microbiome genus abundance (Acutalibacter)","taxon:acutalibacter","primary","GCST90671365","EUR","reverse_sensitivity","microbiome_trait_units_per_standardized_ED_exposure",17,"estimable","reverse",TRUE,TRUE,"mr_ivw_mre",17,0.0197393652272917,0.220177755005407,-0.411801104780189,0.451279835234773,0.928563799930458,"estimated","","",1572,0.998455794478381,FALSE
"reverse|GCST90671068","ed_2025_eur_reverse_exposure","GCST90671068","Gut microbiome species presence (HGM11327 sp900759935, GCA_900759935.1)","taxon:hgm11327 sp900759935","primary","GCST90671068","EUR","reverse_sensitivity","microbiome_trait_units_per_standardized_ED_exposure",15,"estimable","reverse",TRUE,TRUE,"mr_ivw_mre",15,0.069556214801046,0.780864339456009,-1.46090976734439,1.60002219694648,0.929021568899453,"estimated","","",1572,0.998455794478381,FALSE
"reverse|GCST90671233","ed_2025_eur_reverse_exposure","GCST90671233","Gut microbiome species presence (Clostridium disporicum B, GCF_001405015.1)","taxon:clostridium disporicum b","primary","GCST90671233","EUR","reverse_sensitivity","microbiome_trait_units_per_standardized_ED_exposure",15,"estimable","reverse",TRUE,TRUE,"mr_ivw_mre",15,-0.0707938235554945,0.795939053071454,-1.63080570146446,1.48921805435347,0.929126594465329,"estimated","","",1572,0.998455794478381,FALSE
"reverse|GCST90670856","ed_2025_eur_reverse_exposure","GCST90670856","Gut microbiome species presence (CAG-269 sp900556695, GCA_900556695.1)","taxon:cag-269 sp900556695","primary","GCST90670856","EUR","reverse_sensitivity","microbiome_trait_units_per_standardized_ED_exposure",15,"estimable","reverse",TRUE,TRUE,"mr_ivw_mre",15,0.0679615364108864,0.778812381844181,-1.45848268271756,1.59440575553934,0.930462431332052,"estimated","","",1572,0.998455794478381,FALSE
"reverse|GCST90670956","ed_2025_eur_reverse_exposure","GCST90670956","Gut microbiome species presence (UMGS1975 sp900751745, GCA_905188085.1)","taxon:umgs1975 sp900751745","primary","GCST90670956","EUR","reverse_sensitivity","microbiome_trait_units_per_standardized_ED_exposure",15,"estimable","reverse",TRUE,TRUE,"mr_ivw_mre",15,0.0561216477348233,0.644867486551777,-1.20779540070753,1.32003869617717,0.930649107701896,"estimated","","",1572,0.998455794478381,FALSE
"reverse|GCST90671322","ed_2025_eur_reverse_exposure","GCST90671322","Gut microbiome genus abundance (Odoribacter)","taxon:odoribacter","primary","GCST90671322","EUR","reverse_sensitivity","microbiome_trait_units_per_standardized_ED_exposure",17,"estimable","reverse",TRUE,TRUE,"mr_ivw_mre",17,-0.0190807678383987,0.219789105445227,-0.449859498705319,0.411697963028522,0.930819372130417,"estimated","","",1572,0.998455794478381,FALSE
"reverse|GCST90670503","ed_2025_eur_reverse_exposure","GCST90670503","Gut microbiome species abundance (Dysosmobacter sp001916835, GCF_014297285.1)","taxon:dysosmobacter sp001916835","primary","GCST90670503","EUR","reverse_sensitivity","microbiome_trait_units_per_standardized_ED_exposure",17,"estimable","reverse",TRUE,TRUE,"mr_ivw_mre",17,-0.0186712578781396,0.216641296528541,-0.443280396638142,0.405937880881863,0.931319252827602,"estimated","","",1572,0.998455794478381,FALSE
"reverse|GCST90670819","ed_2025_eur_reverse_exposure","GCST90670819","Gut microbiome species presence (Alistipes timonensis, GCF_900107675.1)","taxon:alistipes timonensis","primary","GCST90670819","EUR","reverse_sensitivity","microbiome_trait_units_per_standardized_ED_exposure",15,"estimable","reverse",TRUE,TRUE,"mr_ivw_mre",15,0.0836209222331835,0.976602180432711,-1.83048417863822,1.99772602310458,0.931765044847191,"estimated","","",1572,0.998455794478381,FALSE
"reverse|GCST90671331","ed_2025_eur_reverse_exposure","GCST90671331","Gut microbiome genus presence (Phil1)","taxon:phil1","primary","GCST90671331","EUR","reverse_sensitivity","microbiome_trait_units_per_standardized_ED_exposure",15,"estimable","reverse",TRUE,TRUE,"mr_ivw_mre",15,0.0492350140948709,0.587680384876497,-1.1025973746837,1.20106740287344,0.933232497820335,"estimated","","",1572,0.999106157009199,FALSE
"reverse|GCST90670707","ed_2025_eur_reverse_exposure","GCST90670707","Gut microbiome species abundance (Blautia A sp900066355, GCA_900066355.1)","taxon:blautia a sp900066355","primary","GCST90670707","EUR","reverse_sensitivity","microbiome_trait_units_per_standardized_ED_exposure",17,"estimable","reverse",TRUE,TRUE,"mr_ivw_mre",17,-0.0180524138615526,0.218761750745103,-0.446817566516882,0.410712738793777,0.93423250901413,"estimated","","",1572,0.999106157009199,FALSE
"reverse|GCST90670788","ed_2025_eur_reverse_exposure","GCST90670788","Gut microbiome species presence (Acutalibacter stercoravium, GCA_900543555.1)","taxon:acutalibacter stercoravium","primary","GCST90670788","EUR","reverse_sensitivity","microbiome_trait_units_per_standardized_ED_exposure",15,"estimable","reverse",TRUE,TRUE,"mr_ivw_mre",15,-0.0483245738581873,0.588321242491462,-1.20141302048131,1.10476387276493,0.934535564943729,"estimated","","",1572,0.999106157009199,FALSE
"reverse|GCST90671568","ed_2025_eur_reverse_exposure","GCST90671568","Gut microbiome genus abundance (Scatomonas)","taxon:scatomonas","primary","GCST90671568","EUR","reverse_sensitivity","microbiome_trait_units_per_standardized_ED_exposure",17,"estimable","reverse",TRUE,TRUE,"mr_ivw_mre",17,0.0204715630654868,0.259327195319161,-0.487800399971853,0.528743526102827,0.937079505871011,"estimated","","",1572,0.999106157009199,FALSE
"reverse|GCST90670700","ed_2025_eur_reverse_exposure","GCST90670700","Gut microbiome species presence (Schaedlerella glycyrrhizinilytica A, GCF_015560805.1)","taxon:schaedlerella glycyrrhizinilytica a","primary","GCST90670700","EUR","reverse_sensitivity","microbiome_trait_units_per_standardized_ED_exposure",15,"estimable","reverse",TRUE,TRUE,"mr_ivw_mre",15,-0.0452738284354905,0.582944845702207,-1.18782473098507,1.09727707411409,0.93809533149894,"estimated","","",1572,0.999106157009199,FALSE
"reverse|GCST90671172","ed_2025_eur_reverse_exposure","GCST90671172","Gut microbiome species abundance (UMGS1623 sp934647945, GCA_934647945.1)","taxon:umgs1623 sp934647945","primary","GCST90671172","EUR","reverse_sensitivity","microbiome_trait_units_per_standardized_ED_exposure",17,"estimable","reverse",TRUE,TRUE,"mr_ivw_mre",17,0.0161684356867823,0.20920144309485,-0.393858858292929,0.426195729666494,0.938395674503649,"estimated","","",1572,0.999106157009199,FALSE
"reverse|GCST90670710","ed_2025_eur_reverse_exposure","GCST90670710","Gut microbiome species presence (Dialister sp900541485, GCA_900541485.1)","taxon:dialister sp900541485","primary","GCST90670710","EUR","reverse_sensitivity","microbiome_trait_units_per_standardized_ED_exposure",15,"estimable","reverse",TRUE,TRUE,"mr_ivw_mre",15,-0.0914484585287507,1.19769122872742,-2.43888013143402,2.25598321437652,0.93913750362855,"estimated","","",1572,0.999106157009199,FALSE
"reverse|GCST90670396","ed_2025_eur_reverse_exposure","GCST90670396","Gut microbiome species presence (CAG-217 sp000436335, GCA_000436335.1)","taxon:cag-217 sp000436335","primary","GCST90670396","EUR","reverse_sensitivity","microbiome_trait_units_per_standardized_ED_exposure",15,"estimable","reverse",TRUE,TRUE,"mr_ivw_mre",15,0.0423154255778047,0.558848287271317,-1.05300709029587,1.13763794145148,0.939642670800728,"estimated","","",1572,0.999106157009199,FALSE
"reverse|GCST90670424","ed_2025_eur_reverse_exposure","GCST90670424","Gut microbiome species abundance (Odoribacter splanchnicus, GCF_000190535.1)","taxon:odoribacter splanchnicus","primary","GCST90670424","EUR","reverse_sensitivity","microbiome_trait_units_per_standardized_ED_exposure",17,"estimable","reverse",TRUE,TRUE,"mr_ivw_mre",17,0.0162020347992612,0.218597525180967,-0.412241241665022,0.444645311263544,0.940916407447668,"estimated","","",1572,0.999106157009199,FALSE
"reverse|GCST90670483","ed_2025_eur_reverse_exposure","GCST90670483","Gut microbiome species presence (CAG-273 sp003534295, GCA_003534295.1)","taxon:cag-273 sp003534295","primary","GCST90670483","EUR","reverse_sensitivity","microbiome_trait_units_per_standardized_ED_exposure",15,"estimable","reverse",TRUE,TRUE,"mr_ivw_mre",15,0.0525151759115886,0.70928700386928,-1.33766180637452,1.4426921581977,0.940979043903819,"estimated","","",1572,0.999106157009199,FALSE
"reverse|GCST90671554","ed_2025_eur_reverse_exposure","GCST90671554","Gut microbiome genus presence (Gallimonas)","taxon:gallimonas","primary","GCST90671554","EUR","reverse_sensitivity","microbiome_trait_units_per_standardized_ED_exposure",15,"estimable","reverse",TRUE,TRUE,"mr_ivw_mre",15,0.0753558698692313,1.03017562833439,-1.94375125941709,2.09446299915556,0.941687895116795,"estimated","","",1572,0.999106157009199,FALSE
"reverse|GCST90670388","ed_2025_eur_reverse_exposure","GCST90670388","Gut microbiome species abundance (Acetatifactor intestinalis, GCF_009695995.1)","taxon:acetatifactor intestinalis","primary","GCST90670388","EUR","reverse_sensitivity","microbiome_trait_units_per_standardized_ED_exposure",17,"estimable","reverse",TRUE,TRUE,"mr_ivw_mre",17,-0.0181870570168709,0.25607715129701,-0.520089050822625,0.483714936788883,0.943380415375888,"estimated","","",1572,0.999106157009199,FALSE
"reverse|GCST90671006","ed_2025_eur_reverse_exposure","GCST90671006","Gut microbiome species presence (Mediterraneibacter massiliensis, GCF_001487105.1)","taxon:mediterraneibacter massiliensis","primary","GCST90671006","EUR","reverse_sensitivity","microbiome_trait_units_per_standardized_ED_exposure",15,"estimable","reverse",TRUE,TRUE,"mr_ivw_mre",15,-0.040636973334749,0.576282336619574,-1.1701295980357,1.0888556513662,0.943783175900807,"estimated","","",1572,0.999106157009199,FALSE
"reverse|GCST90671551","ed_2025_eur_reverse_exposure","GCST90671551","Gut microbiome genus presence (Enteroscipio)","taxon:enteroscipio","primary","GCST90671551","EUR","reverse_sensitivity","microbiome_trait_units_per_standardized_ED_exposure",15,"estimable","reverse",TRUE,TRUE,"mr_ivw_mre",15,-0.0498015972325558,0.712322346922242,-1.44592774258319,1.34632454811808,0.944261782984322,"estimated","","",1572,0.999106157009199,FALSE
"reverse|GCST90671101","ed_2025_eur_reverse_exposure","GCST90671101","Gut microbiome species presence (UMGS1766 sp900554855, GCA_900554855.1)","taxon:umgs1766 sp900554855","primary","GCST90671101","EUR","reverse_sensitivity","microbiome_trait_units_per_standardized_ED_exposure",15,"estimable","reverse",TRUE,TRUE,"mr_ivw_mre",15,-0.0516351618647578,0.741099504482902,-1.50416349961172,1.40089317588221,0.94445335665539,"estimated","","",1572,0.999106157009199,FALSE
"reverse|GCST90671736","ed_2025_eur_reverse_exposure","GCST90671736","Gut microbiome family presence (RGIG6154)","taxon:rgig6154","primary","GCST90671736","EUR","reverse_sensitivity","microbiome_trait_units_per_standardized_ED_exposure",15,"estimable","reverse",TRUE,TRUE,"mr_ivw_mre",15,0.0649240942696463,0.954496902436157,-1.80585545786026,1.93570364639955,0.945770368167729,"estimated","","",1572,0.999106157009199,FALSE
"reverse|GCST90671785","ed_2025_eur_reverse_exposure","GCST90671785","Gut microbiome order presence (RGIG6154)","taxon:rgig6154","primary","GCST90671785","EUR","reverse_sensitivity","microbiome_trait_units_per_standardized_ED_exposure",15,"estimable","reverse",TRUE,TRUE,"mr_ivw_mre",15,0.0649240942696463,0.954496902436157,-1.80585545786026,1.93570364639955,0.945770368167729,"estimated","","",1572,0.999106157009199,FALSE
"reverse|GCST90671077","ed_2025_eur_reverse_exposure","GCST90671077","Gut microbiome species presence (Leuconostoc carnosum, GCF_014207505.1)","taxon:leuconostoc carnosum","primary","GCST90671077","EUR","reverse_sensitivity","microbiome_trait_units_per_standardized_ED_exposure",15,"estimable","reverse",TRUE,TRUE,"mr_ivw_mre",15,-0.0661807369348211,0.980182233625872,-1.98730261312756,1.85494113925791,0.946168688842769,"estimated","","",1572,0.999106157009199,FALSE
"reverse|GCST90670927","ed_2025_eur_reverse_exposure","GCST90670927","Gut microbiome species presence (Enterocloster asparagiformis, GCA_025149125.1)","taxon:enterocloster asparagiformis","primary","GCST90670927","EUR","reverse_sensitivity","microbiome_trait_units_per_standardized_ED_exposure",15,"estimable","reverse",TRUE,TRUE,"mr_ivw_mre",15,0.0409533730806741,0.63501031957793,-1.20364398310334,1.28555072926469,0.948578116373703,"estimated","","",1572,0.999106157009199,FALSE
"reverse|GCST90670940","ed_2025_eur_reverse_exposure","GCST90670940","Gut microbiome species abundance (Muricomes contortus B, GCF_001404335.1)","taxon:muricomes contortus b","primary","GCST90670940","EUR","reverse_sensitivity","microbiome_trait_units_per_standardized_ED_exposure",17,"estimable","reverse",TRUE,TRUE,"mr_ivw_mre",17,0.013937800640117,0.219277389882491,-0.415837986153512,0.443713587433746,0.949318659011817,"estimated","","",1572,0.999106157009199,FALSE
"reverse|GCST90671507","ed_2025_eur_reverse_exposure","GCST90671507","Gut microbiome genus presence (UMGS995)","taxon:umgs995","primary","GCST90671507","EUR","reverse_sensitivity","microbiome_trait_units_per_standardized_ED_exposure",15,"estimable","reverse",TRUE,TRUE,"mr_ivw_mre",15,0.0547718530582539,0.873152816548327,-1.65657622037618,1.76611992649268,0.949982440975455,"estimated","","",1572,0.999106157009199,FALSE
"reverse|GCST90671479","ed_2025_eur_reverse_exposure","GCST90671479","Gut microbiome genus presence (UMGS902)","taxon:umgs902","primary","GCST90671479","EUR","reverse_sensitivity","microbiome_trait_units_per_standardized_ED_exposure",15,"estimable","reverse",TRUE,TRUE,"mr_ivw_mre",15,0.0421736147320301,0.673933344190037,-1.27871146786108,1.36305869732514,0.950102295762948,"estimated","","",1572,0.999106157009199,FALSE
"reverse|GCST90671738","ed_2025_eur_reverse_exposure","GCST90671738","Gut microbiome family presence (Saccharomycetaceae)","taxon:saccharomycetaceae","primary","GCST90671738","EUR","reverse_sensitivity","microbiome_trait_units_per_standardized_ED_exposure",15,"estimable","reverse",TRUE,TRUE,"mr_ivw_mre",15,0.0390330074282167,0.623997171678506,-1.18397897551651,1.26204499037295,0.950122313267455,"estimated","","",1572,0.999106157009199,FALSE
"reverse|GCST90671900","ed_2025_eur_reverse_exposure","GCST90671900","Gut microbiome function abundance (Butyrate production I, MF0088)","function:mf0088","primary","GCST90671900","EUR","reverse_sensitivity","microbiome_trait_units_per_standardized_ED_exposure",17,"estimable","reverse",TRUE,TRUE,"mr_ivw_mre",17,0.0164236001191168,0.264949960878401,-0.502868780907846,0.535715981146079,0.950572743073767,"estimated","","",1572,0.999106157009199,FALSE
"reverse|GCST90671174","ed_2025_eur_reverse_exposure","GCST90671174","Gut microbiome species presence (CAG-269 sp934130935, GCA_934130935.1)","taxon:cag-269 sp934130935","primary","GCST90671174","EUR","reverse_sensitivity","microbiome_trait_units_per_standardized_ED_exposure",15,"estimable","reverse",TRUE,TRUE,"mr_ivw_mre",15,-0.06971408577253,1.12877545713724,-2.28207332839425,2.14264515684919,0.950753313510004,"estimated","","",1572,0.999106157009199,FALSE
"reverse|GCST90671720","ed_2025_eur_reverse_exposure","GCST90671720","Gut microbiome family abundance (QAKW01)","taxon:qakw01","primary","GCST90671720","EUR","reverse_sensitivity","microbiome_trait_units_per_standardized_ED_exposure",17,"estimable","reverse",TRUE,TRUE,"mr_ivw_mre",17,0.0128531917499039,0.208148925444237,-0.395111205541514,0.420817589041322,0.950761938488594,"estimated","","",1572,0.999106157009199,FALSE
"reverse|GCST90670417","ed_2025_eur_reverse_exposure","GCST90670417","Gut microbiome species abundance (Alistipes onderdonkii, GCA_025145285.1)","taxon:alistipes onderdonkii","primary","GCST90670417","EUR","reverse_sensitivity","microbiome_trait_units_per_standardized_ED_exposure",17,"estimable","reverse",TRUE,TRUE,"mr_ivw_mre",17,-0.0134696297590029,0.221597655955886,-0.447793054491037,0.420853794973031,0.95153109691503,"estimated","","",1572,0.999106157009199,FALSE
"reverse|GCST90671564","ed_2025_eur_reverse_exposure","GCST90671564","Gut microbiome genus presence (Protoclostridium)","taxon:protoclostridium","primary","GCST90671564","EUR","reverse_sensitivity","microbiome_trait_units_per_standardized_ED_exposure",15,"estimable","reverse",TRUE,TRUE,"mr_ivw_mre",15,-0.0502078316790522,0.826513893316559,-1.67014529530149,1.56972963194338,0.951561093130361,"estimated","","",1572,0.999106157009199,FALSE
"reverse|GCST90671079","ed_2025_eur_reverse_exposure","GCST90671079","Gut microbiome species presence (Mediterraneibacter intestinigallinarum, GCA_019119265.1)","taxon:mediterraneibacter intestinigallinarum","primary","GCST90671079","EUR","reverse_sensitivity","microbiome_trait_units_per_standardized_ED_exposure",15,"estimable","reverse",TRUE,TRUE,"mr_ivw_mre",15,0.0569795335909001,0.94369693741151,-1.79263247605641,1.90659154323821,0.951853736274036,"estimated","","",1572,0.999106157009199,FALSE
"reverse|GCST90670645","ed_2025_eur_reverse_exposure","GCST90670645","Gut microbiome species presence (Fimivicinus sp900544375, GCA_900544375.1)","taxon:fimivicinus sp900544375","primary","GCST90670645","EUR","reverse_sensitivity","microbiome_trait_units_per_standardized_ED_exposure",15,"estimable","reverse",TRUE,TRUE,"mr_ivw_mre",15,0.0516310630916899,0.859164233252782,-1.63229989088873,1.73556201707211,0.952080353655471,"estimated","","",1572,0.999106157009199,FALSE
"reverse|GCST90671530","ed_2025_eur_reverse_exposure","GCST90671530","Gut microbiome genus abundance (JAGZMM01)","taxon:jagzmm01","primary","GCST90671530","EUR","reverse_sensitivity","microbiome_trait_units_per_standardized_ED_exposure",17,"estimable","reverse",TRUE,TRUE,"mr_ivw_mre",17,-0.0129058313188808,0.21610547391431,-0.436464777052889,0.410653114415128,0.952378596704866,"estimated","","",1572,0.999106157009199,FALSE
"reverse|GCST90670526","ed_2025_eur_reverse_exposure","GCST90670526","Gut microbiome species presence (CAG-417 sp000432835, GCA_000432835.1)","taxon:cag-417 sp000432835","primary","GCST90670526","EUR","reverse_sensitivity","microbiome_trait_units_per_standardized_ED_exposure",15,"estimable","reverse",TRUE,TRUE,"mr_ivw_mre",15,0.0490779323893238,0.845347288454767,-1.60777230741061,1.70592817218926,0.953703597938744,"estimated","","",1572,0.999106157009199,FALSE
"reverse|GCST90670655","ed_2025_eur_reverse_exposure","GCST90670655","Gut microbiome species presence (Scatomorpha intestinigallinarum, GCA_900544295.1)","taxon:scatomorpha intestinigallinarum","primary","GCST90670655","EUR","reverse_sensitivity","microbiome_trait_units_per_standardized_ED_exposure",15,"estimable","reverse",TRUE,TRUE,"mr_ivw_mre",15,0.032574509646637,0.564468908191751,-1.07376422080184,1.13891324009511,0.953981026650576,"estimated","","",1572,0.999106157009199,FALSE
"reverse|GCST90671645","ed_2025_eur_reverse_exposure","GCST90671645","Gut microbiome genus presence (Excrementavichristensenella)","taxon:excrementavichristensenella","primary","GCST90671645","EUR","reverse_sensitivity","microbiome_trait_units_per_standardized_ED_exposure",15,"estimable","reverse",TRUE,TRUE,"mr_ivw_mre",15,-0.0318713767557109,0.561262273957356,-1.13192521959318,1.06818246608176,0.954716323080341,"estimated","","",1572,0.999106157009199,FALSE
"reverse|GCST90670809","ed_2025_eur_reverse_exposure","GCST90670809","Gut microbiome species presence (CAG-269 sp001916005, GCA_001916005.1)","taxon:cag-269 sp001916005","primary","GCST90670809","EUR","reverse_sensitivity","microbiome_trait_units_per_standardized_ED_exposure",15,"estimable","reverse",TRUE,TRUE,"mr_ivw_mre",15,0.0325994437866941,0.62031948901414,-1.18320441358931,1.2484033011627,0.958088330762992,"estimated","","",1572,0.999106157009199,FALSE
"reverse|GCST90670734","ed_2025_eur_reverse_exposure","GCST90670734","Gut microbiome species presence (UBA1394 sp900538575, GCA_900538575.1)","taxon:uba1394 sp900538575","primary","GCST90670734","EUR","reverse_sensitivity","microbiome_trait_units_per_standardized_ED_exposure",15,"estimable","reverse",TRUE,TRUE,"mr_ivw_mre",15,0.0548503901363346,1.06829902385508,-2.03897722133893,2.1486780016116,0.959051672139503,"estimated","","",1572,0.999106157009199,FALSE
"reverse|GCST90671650","ed_2025_eur_reverse_exposure","GCST90671650","Gut microbiome genus presence (Saccharomyces)","taxon:saccharomyces","primary","GCST90671650","EUR","reverse_sensitivity","microbiome_trait_units_per_standardized_ED_exposure",15,"estimable","reverse",TRUE,TRUE,"mr_ivw_mre",15,-0.0318822761013686,0.626957429387941,-1.26069625754155,1.19693170533881,0.959443153338079,"estimated","","",1572,0.999106157009199,FALSE
"reverse|GCST90671104","ed_2025_eur_reverse_exposure","GCST90671104","Gut microbiome species presence (UBA7185 hMGS.04654, )","taxon:uba7185 hmgs.04654,","primary","GCST90671104","EUR","reverse_sensitivity","microbiome_trait_units_per_standardized_ED_exposure",15,"estimable","reverse",TRUE,TRUE,"mr_ivw_mre",15,-0.0421172795077052,0.838758167447066,-1.68605307944277,1.60181852042736,0.959951972207199,"estimated","","",1572,0.999106157009199,FALSE
"reverse|GCST90670544","ed_2025_eur_reverse_exposure","GCST90670544","Gut microbiome species abundance (Dorea A longicatena B, GCF_024168045.1)","taxon:dorea a longicatena b","primary","GCST90670544","EUR","reverse_sensitivity","microbiome_trait_units_per_standardized_ED_exposure",17,"estimable","reverse",TRUE,TRUE,"mr_ivw_mre",17,-0.0123998880885109,0.260091030638956,-0.522168940842767,0.497369164665746,0.961975110846136,"estimated","","",1572,0.999106157009199,FALSE
"reverse|GCST90671139","ed_2025_eur_reverse_exposure","GCST90671139","Gut microbiome species abundance (Actinomyces graevenitzii hMGS.05799, )","taxon:actinomyces graevenitzii hmgs.05799,","primary","GCST90671139","EUR","reverse_sensitivity","microbiome_trait_units_per_standardized_ED_exposure",17,"estimable","reverse",TRUE,TRUE,"mr_ivw_mre",17,0.00977689377386807,0.206721862855615,-0.395390512240166,0.414944299787902,0.962278177547466,"estimated","","",1572,0.999106157009199,FALSE
"reverse|GCST90670633","ed_2025_eur_reverse_exposure","GCST90670633","Gut microbiome species presence (Bacteroides clarus, GCF_900129655.1)","taxon:bacteroides clarus","primary","GCST90670633","EUR","reverse_sensitivity","microbiome_trait_units_per_standardized_ED_exposure",15,"estimable","reverse",TRUE,TRUE,"mr_ivw_mre",15,-0.0310660710220712,0.663473500735419,-1.3314502371602,1.26931809511606,0.962653995910381,"estimated","","",1572,0.999106157009199,FALSE
"reverse|GCST90671768","ed_2025_eur_reverse_exposure","GCST90671768","Gut microbiome order abundance (Peptostreptococcales)","taxon:peptostreptococcales","primary","GCST90671768","EUR","reverse_sensitivity","microbiome_trait_units_per_standardized_ED_exposure",17,"estimable","reverse",TRUE,TRUE,"mr_ivw_mre",17,0.00997024725771294,0.227121311165532,-0.435179342748245,0.45511983726367,0.96498544301124,"estimated","","",1572,0.999106157009199,FALSE
"reverse|GCST90671780","ed_2025_eur_reverse_exposure","GCST90671780","Gut microbiome order presence (UMGS1840)","taxon:umgs1840","primary","GCST90671780","EUR","reverse_sensitivity","microbiome_trait_units_per_standardized_ED_exposure",15,"estimable","reverse",TRUE,TRUE,"mr_ivw_mre",15,0.0329248207128663,0.776294691585619,-1.48858481618458,1.55443445761031,0.966169635679523,"estimated","","",1572,0.999106157009199,FALSE
"reverse|GCST90671198","ed_2025_eur_reverse_exposure","GCST90671198","Gut microbiome species presence (Dysosmobacter pullicola, GCA_019118935.1)","taxon:dysosmobacter pullicola","primary","GCST90671198","EUR","reverse_sensitivity","microbiome_trait_units_per_standardized_ED_exposure",15,"estimable","reverse",TRUE,TRUE,"mr_ivw_mre",15,0.0251682039777776,0.60927676564404,-1.16899231330159,1.21932872125715,0.967050094609375,"estimated","","",1572,0.999106157009199,FALSE
"reverse|GCST90671732","ed_2025_eur_reverse_exposure","GCST90671732","Gut microbiome family presence (HGM11327)","taxon:hgm11327","primary","GCST90671732","EUR","reverse_sensitivity","microbiome_trait_units_per_standardized_ED_exposure",15,"estimable","reverse",TRUE,TRUE,"mr_ivw_mre",15,0.0285246068955166,0.691390376351871,-1.32657563001174,1.38362484380278,0.967091111893034,"estimated","","",1572,0.999106157009199,FALSE
"reverse|GCST90671783","ed_2025_eur_reverse_exposure","GCST90671783","Gut microbiome order presence (HGM11327)","taxon:hgm11327","primary","GCST90671783","EUR","reverse_sensitivity","microbiome_trait_units_per_standardized_ED_exposure",15,"estimable","reverse",TRUE,TRUE,"mr_ivw_mre",15,0.0285246068955166,0.691390376351871,-1.32657563001174,1.38362484380278,0.967091111893034,"estimated","","",1572,0.999106157009199,FALSE
"reverse|GCST90671253","ed_2025_eur_reverse_exposure","GCST90671253","Gut microbiome species abundance (RGIG7067 sp944384895, GCA_944384895.1)","taxon:rgig7067 sp944384895","primary","GCST90671253","EUR","reverse_sensitivity","microbiome_trait_units_per_standardized_ED_exposure",17,"estimable","reverse",TRUE,TRUE,"mr_ivw_mre",17,0.00841866909664227,0.205535879214459,-0.394424251694472,0.411261589887756,0.967328096757198,"estimated","","",1572,0.999106157009199,FALSE
"reverse|GCST90671639","ed_2025_eur_reverse_exposure","GCST90671639","Gut microbiome genus abundance (RGIG7067)","taxon:rgig7067","primary","GCST90671639","EUR","reverse_sensitivity","microbiome_trait_units_per_standardized_ED_exposure",17,"estimable","reverse",TRUE,TRUE,"mr_ivw_mre",17,0.00841866909664227,0.205535879214459,-0.394424251694472,0.411261589887756,0.967328096757198,"estimated","","",1572,0.999106157009199,FALSE
"reverse|GCST90670422","ed_2025_eur_reverse_exposure","GCST90670422","Gut microbiome species presence (Sutterella wadsworthensis A, GCF_000297775.1)","taxon:sutterella wadsworthensis a","primary","GCST90670422","EUR","reverse_sensitivity","microbiome_trait_units_per_standardized_ED_exposure",15,"estimable","reverse",TRUE,TRUE,"mr_ivw_mre",15,-0.0226029562920958,0.553344440228955,-1.10713813018632,1.06193221760213,0.967417155503413,"estimated","","",1572,0.999106157009199,FALSE
"reverse|GCST90671469","ed_2025_eur_reverse_exposure","GCST90671469","Gut microbiome genus presence (UMGS1994)","taxon:umgs1994","primary","GCST90671469","EUR","reverse_sensitivity","microbiome_trait_units_per_standardized_ED_exposure",15,"estimable","reverse",TRUE,TRUE,"mr_ivw_mre",15,-0.0364626532653631,0.901421097577844,-1.8032155394225,1.73029023289178,0.967734218372057,"estimated","","",1572,0.999106157009199,FALSE
"reverse|GCST90671490","ed_2025_eur_reverse_exposure","GCST90671490","Gut microbiome genus abundance (Anaerotruncus)","taxon:anaerotruncus","primary","GCST90671490","EUR","reverse_sensitivity","microbiome_trait_units_per_standardized_ED_exposure",17,"estimable","reverse",TRUE,TRUE,"mr_ivw_mre",17,0.0118813210914735,0.294809323651039,-0.565934335571174,0.589696977754121,0.96785258719432,"estimated","","",1572,0.999106157009199,FALSE
"reverse|GCST90670455","ed_2025_eur_reverse_exposure","GCST90670455","Gut microbiome species presence (CAG-269 sp003525075, GCA_003525075.1)","taxon:cag-269 sp003525075","primary","GCST90670455","EUR","reverse_sensitivity","microbiome_trait_units_per_standardized_ED_exposure",15,"estimable","reverse",TRUE,TRUE,"mr_ivw_mre",15,-0.0217031628363174,0.538950876801391,-1.07802747080333,1.03462114513069,0.967878446285842,"estimated","","",1572,0.999106157009199,FALSE
"reverse|GCST90671327","ed_2025_eur_reverse_exposure","GCST90671327","Gut microbiome genus abundance (Akkermansia)","taxon:akkermansia","primary","GCST90671327","EUR","reverse_sensitivity","microbiome_trait_units_per_standardized_ED_exposure",17,"estimable","reverse",TRUE,TRUE,"mr_ivw_mre",17,0.00900144602377018,0.226750701134078,-0.435421761668228,0.453424653715768,0.968334259428193,"estimated","","",1572,0.999106157009199,FALSE
"reverse|GCST90671671","ed_2025_eur_reverse_exposure","GCST90671671","Gut microbiome family abundance (Akkermansiaceae)","taxon:akkermansiaceae","primary","GCST90671671","EUR","reverse_sensitivity","microbiome_trait_units_per_standardized_ED_exposure",17,"estimable","reverse",TRUE,TRUE,"mr_ivw_mre",17,0.00900144602377018,0.226750701134078,-0.435421761668228,0.453424653715768,0.968334259428193,"estimated","","",1572,0.999106157009199,FALSE
"reverse|GCST90671752","ed_2025_eur_reverse_exposure","GCST90671752","Gut microbiome order abundance (Verrucomicrobiales)","taxon:verrucomicrobiales","primary","GCST90671752","EUR","reverse_sensitivity","microbiome_trait_units_per_standardized_ED_exposure",17,"estimable","reverse",TRUE,TRUE,"mr_ivw_mre",17,0.00900144602377018,0.226750701134078,-0.435421761668228,0.453424653715768,0.968334259428193,"estimated","","",1572,0.999106157009199,FALSE
"reverse|GCST90670653","ed_2025_eur_reverse_exposure","GCST90670653","Gut microbiome species presence (Onthomonas sp900545815, GCA_900545815.1)","taxon:onthomonas sp900545815","primary","GCST90670653","EUR","reverse_sensitivity","microbiome_trait_units_per_standardized_ED_exposure",15,"estimable","reverse",TRUE,TRUE,"mr_ivw_mre",15,0.0249365232667946,0.643759235695213,-1.23680839341085,1.28668143994444,0.969101037648456,"estimated","","",1572,0.999106157009199,FALSE
"reverse|GCST90671412","ed_2025_eur_reverse_exposure","GCST90671412","Gut microbiome genus presence (Faecalitalea)","taxon:faecalitalea","primary","GCST90671412","EUR","reverse_sensitivity","microbiome_trait_units_per_standardized_ED_exposure",15,"estimable","reverse",TRUE,TRUE,"mr_ivw_mre",15,0.0281241326959862,0.735030149232641,-1.41250848735109,1.46875675274306,0.969478344406869,"estimated","","",1572,0.999106157009199,FALSE
"reverse|GCST90670759","ed_2025_eur_reverse_exposure","GCST90670759","Gut microbiome species presence (QALW01 sp900552055, GCA_900552055.1)","taxon:qalw01 sp900552055","primary","GCST90670759","EUR","reverse_sensitivity","microbiome_trait_units_per_standardized_ED_exposure",15,"estimable","reverse",TRUE,TRUE,"mr_ivw_mre",15,-0.0318364982671714,0.859588195533028,-1.71659840304768,1.65292540651334,0.970455568914848,"estimated","","",1572,0.999106157009199,FALSE
"reverse|GCST90671075","ed_2025_eur_reverse_exposure","GCST90671075","Gut microbiome species presence (Lachnoclostridium B sp000765215, GCF_000765215.1)","taxon:lachnoclostridium b sp000765215","primary","GCST90671075","EUR","reverse_sensitivity","microbiome_trait_units_per_standardized_ED_exposure",15,"estimable","reverse",TRUE,TRUE,"mr_ivw_mre",15,0.0365811290023944,1.01018383896797,-1.94334281313923,2.01650507114402,0.97111303994543,"estimated","","",1572,0.999106157009199,FALSE
"reverse|GCST90671059","ed_2025_eur_reverse_exposure","GCST90671059","Gut microbiome species presence (Enterocloster sp900543885, GCA_900543885.1)","taxon:enterocloster sp900543885","primary","GCST90671059","EUR","reverse_sensitivity","microbiome_trait_units_per_standardized_ED_exposure",15,"estimable","reverse",TRUE,TRUE,"mr_ivw_mre",15,0.02861820314847,0.816605392204695,-1.57189895515394,1.62913536145088,0.9720435971892,"estimated","","",1572,0.999106157009199,FALSE
"reverse|GCST90670662","ed_2025_eur_reverse_exposure","GCST90670662","Gut microbiome species presence (Evtepia sp004556345, GCA_004556345.1)","taxon:evtepia sp004556345","primary","GCST90670662","EUR","reverse_sensitivity","microbiome_trait_units_per_standardized_ED_exposure",15,"estimable","reverse",TRUE,TRUE,"mr_ivw_mre",15,-0.0202602269153705,0.578271551758371,-1.15365164164587,1.11313118781513,0.972051165871766,"estimated","","",1572,0.999106157009199,FALSE
"reverse|GCST90670688","ed_2025_eur_reverse_exposure","GCST90670688","Gut microbiome species abundance (Ventrimonas sp003480315, GCF_003480315.1)","taxon:ventrimonas sp003480315","primary","GCST90670688","EUR","reverse_sensitivity","microbiome_trait_units_per_standardized_ED_exposure",17,"estimable","reverse",TRUE,TRUE,"mr_ivw_mre",17,-0.00728883161658737,0.20983921386769,-0.418566133341457,0.403988470108282,0.972290799002046,"estimated","","",1572,0.999106157009199,FALSE
"reverse|GCST90671540","ed_2025_eur_reverse_exposure","GCST90671540","Gut microbiome genus presence (UBA4636)","taxon:uba4636","primary","GCST90671540","EUR","reverse_sensitivity","microbiome_trait_units_per_standardized_ED_exposure",15,"estimable","reverse",TRUE,TRUE,"mr_ivw_mre",15,-0.0375551638080765,1.13350239555316,-2.25917903548214,2.18406870786599,0.973569350866994,"estimated","","",1572,0.999106157009199,FALSE
"reverse|GCST90671795","ed_2025_eur_reverse_exposure","GCST90671795","Gut microbiome class abundance (Verrucomicrobiae)","taxon:verrucomicrobiae","primary","GCST90671795","EUR","reverse_sensitivity","microbiome_trait_units_per_standardized_ED_exposure",17,"estimable","reverse",TRUE,TRUE,"mr_ivw_mre",17,-0.00731178546800018,0.230303603493613,-0.458698553825275,0.444074982889274,0.974672646345029,"estimated","","",1572,0.999106157009199,FALSE
"reverse|GCST90670473","ed_2025_eur_reverse_exposure","GCST90670473","Gut microbiome species abundance (Blautia A obeum, GCA_025147765.1)","taxon:blautia a obeum","primary","GCST90670473","EUR","reverse_sensitivity","microbiome_trait_units_per_standardized_ED_exposure",17,"estimable","reverse",TRUE,TRUE,"mr_ivw_mre",17,0.00767364781161193,0.243049047524014,-0.468693731812219,0.484041027435443,0.97481303412669,"estimated","","",1572,0.999106157009199,FALSE
"reverse|GCST90671384","ed_2025_eur_reverse_exposure","GCST90671384","Gut microbiome genus abundance (UBA644)","taxon:uba644","primary","GCST90671384","EUR","reverse_sensitivity","microbiome_trait_units_per_standardized_ED_exposure",17,"estimable","reverse",TRUE,TRUE,"mr_ivw_mre",17,-0.00622785895962756,0.20370185496921,-0.40547615828328,0.393020440364025,0.975609753343709,"estimated","","",1572,0.999106157009199,FALSE
"reverse|GCST90670690","ed_2025_eur_reverse_exposure","GCST90670690","Gut microbiome species presence (CAG-170 sp000436735, GCA_000436735.1)","taxon:cag-170 sp000436735","primary","GCST90670690","EUR","reverse_sensitivity","microbiome_trait_units_per_standardized_ED_exposure",15,"estimable","reverse",TRUE,TRUE,"mr_ivw_mre",15,-0.0166786888027438,0.545956631139328,-1.08673402295665,1.05337664535116,0.97562883592085,"estimated","","",1572,0.999106157009199,FALSE
"reverse|GCST90670926","ed_2025_eur_reverse_exposure","GCST90670926","Gut microbiome species presence (Dysosmobacter sp900763685, GCA_900763685.1)","taxon:dysosmobacter sp900763685","primary","GCST90670926","EUR","reverse_sensitivity","microbiome_trait_units_per_standardized_ED_exposure",15,"estimable","reverse",TRUE,TRUE,"mr_ivw_mre",15,-0.0174557006185902,0.58207366265004,-1.15829911576199,1.12338771452481,0.976075971807637,"estimated","","",1572,0.999106157009199,FALSE
"reverse|GCST90670640","ed_2025_eur_reverse_exposure","GCST90670640","Gut microbiome species presence (Alistipes dispar, GCF_006542685.1)","taxon:alistipes dispar","primary","GCST90670640","EUR","reverse_sensitivity","microbiome_trait_units_per_standardized_ED_exposure",15,"estimable","reverse",TRUE,TRUE,"mr_ivw_mre",15,-0.0207602019356494,0.713095163297295,-1.41840103954806,1.37688063567676,0.976774621536354,"estimated","","",1572,0.999106157009199,FALSE
"reverse|GCST90671286","ed_2025_eur_reverse_exposure","GCST90671286","Gut microbiome species presence (Bittarella massiliensis A, GCF_017566145.1)","taxon:bittarella massiliensis a","primary","GCST90671286","EUR","reverse_sensitivity","microbiome_trait_units_per_standardized_ED_exposure",15,"estimable","reverse",TRUE,TRUE,"mr_ivw_mre",15,-0.018380502102438,0.646442254434806,-1.28538403887954,1.24862303467466,0.977316546187493,"estimated","","",1572,0.999106157009199,FALSE
"reverse|GCST90671426","ed_2025_eur_reverse_exposure","GCST90671426","Gut microbiome genus presence (UBA7597)","taxon:uba7597","primary","GCST90671426","EUR","reverse_sensitivity","microbiome_trait_units_per_standardized_ED_exposure",15,"estimable","reverse",TRUE,TRUE,"mr_ivw_mre",15,-0.0171577493948962,0.642397120665516,-1.27623296967154,1.24191747088175,0.978691878562017,"estimated","","",1572,0.999106157009199,FALSE
"reverse|GCST90671472","ed_2025_eur_reverse_exposure","GCST90671472","Gut microbiome genus abundance (Intestinimonas)","taxon:intestinimonas","primary","GCST90671472","EUR","reverse_sensitivity","microbiome_trait_units_per_standardized_ED_exposure",17,"estimable","reverse",TRUE,TRUE,"mr_ivw_mre",17,-0.00646842912815886,0.245176705259633,-0.487005941285232,0.474069083028915,0.978952074314069,"estimated","","",1572,0.999106157009199,FALSE
"reverse|GCST90671011","ed_2025_eur_reverse_exposure","GCST90671011","Gut microbiome species presence (Pelethomonas sp900549475, GCA_900549475.1)","taxon:pelethomonas sp900549475","primary","GCST90671011","EUR","reverse_sensitivity","microbiome_trait_units_per_standardized_ED_exposure",15,"estimable","reverse",TRUE,TRUE,"mr_ivw_mre",15,-0.019738151761017,0.760122441248308,-1.50955076044836,1.47007445692633,0.979283604845414,"estimated","","",1572,0.999106157009199,FALSE
"reverse|GCST90671843","ed_2025_eur_reverse_exposure","GCST90671843","Gut microbiome function abundance (Xylose degradation, MF0021)","function:mf0021","primary","GCST90671843","EUR","reverse_sensitivity","microbiome_trait_units_per_standardized_ED_exposure",17,"estimable","reverse",TRUE,TRUE,"mr_ivw_mre",17,0.0058797976234179,0.227753263643564,-0.440508396479422,0.452267991726258,0.979403681902783,"estimated","","",1572,0.999106157009199,FALSE
"reverse|GCST90671023","ed_2025_eur_reverse_exposure","GCST90671023","Gut microbiome species presence (UMGS1696 sp900554225, GCA_900554225.1)","taxon:umgs1696 sp900554225","primary","GCST90671023","EUR","reverse_sensitivity","microbiome_trait_units_per_standardized_ED_exposure",15,"estimable","reverse",TRUE,TRUE,"mr_ivw_mre",15,0.0177007898063626,0.714400810958211,-1.38249907019794,1.41790064981066,0.980232746426125,"estimated","","",1572,0.999188582379113,FALSE
"reverse|GCST90671107","ed_2025_eur_reverse_exposure","GCST90671107","Gut microbiome species presence (UBA7185 hMGS.04790, )","taxon:uba7185 hmgs.04790,","primary","GCST90671107","EUR","reverse_sensitivity","microbiome_trait_units_per_standardized_ED_exposure",15,"estimable","reverse",TRUE,TRUE,"mr_ivw_mre",15,-0.0231798365551322,0.991903145487409,-1.96727427786245,1.92091460475218,0.981355890890845,"estimated","","",1572,0.999188582379113,FALSE
"reverse|GCST90671502","ed_2025_eur_reverse_exposure","GCST90671502","Gut microbiome genus presence (Limenecus)","taxon:limenecus","primary","GCST90671502","EUR","reverse_sensitivity","microbiome_trait_units_per_standardized_ED_exposure",15,"estimable","reverse",TRUE,TRUE,"mr_ivw_mre",15,-0.0167056955437698,0.718549430273319,-1.42503669999125,1.39162530890371,0.981451497570289,"estimated","","",1572,0.999188582379113,FALSE
"reverse|GCST90671476","ed_2025_eur_reverse_exposure","GCST90671476","Gut microbiome genus presence (UBA4285)","taxon:uba4285","primary","GCST90671476","EUR","reverse_sensitivity","microbiome_trait_units_per_standardized_ED_exposure",15,"estimable","reverse",TRUE,TRUE,"mr_ivw_mre",15,-0.0132682849975704,0.677804114280009,-1.34173993755946,1.31520336756432,0.984382089984153,"estimated","","",1572,0.999188582379113,FALSE
"reverse|GCST90671485","ed_2025_eur_reverse_exposure","GCST90671485","Gut microbiome genus presence (Fournierella)","taxon:fournierella","primary","GCST90671485","EUR","reverse_sensitivity","microbiome_trait_units_per_standardized_ED_exposure",15,"estimable","reverse",TRUE,TRUE,"mr_ivw_mre",15,-0.0101175145890244,0.524828088871248,-1.03876166685166,1.01852663767361,0.984619518512446,"estimated","","",1572,0.999188582379113,FALSE
"reverse|GCST90671277","ed_2025_eur_reverse_exposure","GCST90671277","Gut microbiome species presence (Excrementavichristensenella intestinipullorum, GCA_018711685.1)","taxon:excrementavichristensenella intestinipullorum","primary","GCST90671277","EUR","reverse_sensitivity","microbiome_trait_units_per_standardized_ED_exposure",15,"estimable","reverse",TRUE,TRUE,"mr_ivw_mre",15,0.0117091146212009,0.618831611883354,-1.20117855716504,1.22459678640744,0.984903866957458,"estimated","","",1572,0.999188582379113,FALSE
"reverse|GCST90671813","ed_2025_eur_reverse_exposure","GCST90671813","Gut microbiome phylum abundance (Verrucomicrobiota)","taxon:verrucomicrobiota","primary","GCST90671813","EUR","reverse_sensitivity","microbiome_trait_units_per_standardized_ED_exposure",17,"estimable","reverse",TRUE,TRUE,"mr_ivw_mre",17,0.00434094404647174,0.235702996972679,-0.457628441068132,0.466310329161076,0.985306184099823,"estimated","","",1572,0.999188582379113,FALSE
"reverse|GCST90671220","ed_2025_eur_reverse_exposure","GCST90671220","Gut microbiome species abundance (Dysosmobacter faecalis, GCF_018408705.1)","taxon:dysosmobacter faecalis","primary","GCST90671220","EUR","reverse_sensitivity","microbiome_trait_units_per_standardized_ED_exposure",17,"estimable","reverse",TRUE,TRUE,"mr_ivw_mre",17,-0.00428397977291752,0.241121130331385,-0.476872711134021,0.468304751588186,0.98582479480708,"estimated","","",1572,0.999188582379113,FALSE
"reverse|GCST90670498","ed_2025_eur_reverse_exposure","GCST90670498","Gut microbiome species presence (CAG-103 sp900757655, GCA_900757655.1)","taxon:cag-103 sp900757655","primary","GCST90670498","EUR","reverse_sensitivity","microbiome_trait_units_per_standardized_ED_exposure",15,"estimable","reverse",TRUE,TRUE,"mr_ivw_mre",15,0.0133186045793522,0.805549919829984,-1.56553022603654,1.59216743519525,0.986808732055675,"estimated","","",1572,0.999188582379113,FALSE
"reverse|GCST90670675","ed_2025_eur_reverse_exposure","GCST90670675","Gut microbiome species presence (UMGS911 sp900545935, GCA_900545935.1)","taxon:umgs911 sp900545935","primary","GCST90670675","EUR","reverse_sensitivity","microbiome_trait_units_per_standardized_ED_exposure",15,"estimable","reverse",TRUE,TRUE,"mr_ivw_mre",15,0.0137253647132148,0.862095084171341,-1.67594995151164,1.70340068093807,0.987297463856033,"estimated","","",1572,0.999188582379113,FALSE
"reverse|GCST90670945","ed_2025_eur_reverse_exposure","GCST90670945","Gut microbiome species presence (QAMM01 sp900552945, GCA_900552945.1)","taxon:qamm01 sp900552945","primary","GCST90670945","EUR","reverse_sensitivity","microbiome_trait_units_per_standardized_ED_exposure",15,"estimable","reverse",TRUE,TRUE,"mr_ivw_mre",15,0.0156294854895314,1.10052183035056,-2.14135366619766,2.17261263717672,0.988668915390811,"estimated","","",1572,0.999188582379113,FALSE
"reverse|GCST90670439","ed_2025_eur_reverse_exposure","GCST90670439","Gut microbiome species presence (Phil1 sp001940855, GCA_001940855.1)","taxon:phil1 sp001940855","primary","GCST90670439","EUR","reverse_sensitivity","microbiome_trait_units_per_standardized_ED_exposure",15,"estimable","reverse",TRUE,TRUE,"mr_ivw_mre",15,0.0073772127773386,0.54753344670659,-1.06576862309866,1.08052304865334,0.989249997191878,"estimated","","",1572,0.999188582379113,FALSE
"reverse|GCST90670500","ed_2025_eur_reverse_exposure","GCST90670500","Gut microbiome species presence (Ruminococcus C callidus, GCF_000468015.1)","taxon:ruminococcus c callidus","primary","GCST90670500","EUR","reverse_sensitivity","microbiome_trait_units_per_standardized_ED_exposure",15,"estimable","reverse",TRUE,TRUE,"mr_ivw_mre",15,0.00789994702437205,0.602732236247126,-1.17343352834128,1.18923342239003,0.989542511725123,"estimated","","",1572,0.999188582379113,FALSE
"reverse|GCST90670864","ed_2025_eur_reverse_exposure","GCST90670864","Gut microbiome species presence (Limiplasma sp004556545, GCA_004556545.1)","taxon:limiplasma sp004556545","primary","GCST90670864","EUR","reverse_sensitivity","microbiome_trait_units_per_standardized_ED_exposure",15,"estimable","reverse",TRUE,TRUE,"mr_ivw_mre",15,0.00758648064662692,0.617538467542205,-1.20276667480415,1.21793963609741,0.990198208141256,"estimated","","",1572,0.999188582379113,FALSE
"reverse|GCST90670579","ed_2025_eur_reverse_exposure","GCST90670579","Gut microbiome species presence (CAG-288 sp000437395, GCA_000437395.1)","taxon:cag-288 sp000437395","primary","GCST90670579","EUR","reverse_sensitivity","microbiome_trait_units_per_standardized_ED_exposure",15,"estimable","reverse",TRUE,TRUE,"mr_ivw_mre",15,-0.00725468103089434,0.630645440885734,-1.24329703218132,1.22878767011953,0.990821672607209,"estimated","","",1572,0.999188582379113,FALSE
"reverse|GCST90670885","ed_2025_eur_reverse_exposure","GCST90670885","Gut microbiome species presence (ER4 sp900552015, GCA_900552015.1)","taxon:er4 sp900552015","primary","GCST90670885","EUR","reverse_sensitivity","microbiome_trait_units_per_standardized_ED_exposure",15,"estimable","reverse",TRUE,TRUE,"mr_ivw_mre",15,0.00993325945404477,0.884701391307072,-1.72404960458029,1.74391612348838,0.991041691675637,"estimated","","",1572,0.999188582379113,FALSE
"reverse|GCST90671242","ed_2025_eur_reverse_exposure","GCST90671242","Gut microbiome species presence (Merdiplasma excrementigallinarum, GCA_018713435.1)","taxon:merdiplasma excrementigallinarum","primary","GCST90671242","EUR","reverse_sensitivity","microbiome_trait_units_per_standardized_ED_exposure",15,"estimable","reverse",TRUE,TRUE,"mr_ivw_mre",15,0.00885739047980145,0.791530731069699,-1.54251433507347,1.56022911603307,0.99107169520339,"estimated","","",1572,0.999188582379113,FALSE
"reverse|GCST90670959","ed_2025_eur_reverse_exposure","GCST90670959","Gut microbiome species presence (Ventrimonas sp003481825, GCF_003481825.1)","taxon:ventrimonas sp003481825","primary","GCST90670959","EUR","reverse_sensitivity","microbiome_trait_units_per_standardized_ED_exposure",15,"estimable","reverse",TRUE,TRUE,"mr_ivw_mre",15,0.0106642263982911,1.06892095703609,-2.08438235171253,2.10571080450911,0.992039934860817,"estimated","","",1572,0.999188582379113,FALSE
"reverse|GCST90671440","ed_2025_eur_reverse_exposure","GCST90671440","Gut microbiome genus presence (Parvimonas)","taxon:parvimonas","primary","GCST90671440","EUR","reverse_sensitivity","microbiome_trait_units_per_standardized_ED_exposure",15,"estimable","reverse",TRUE,TRUE,"mr_ivw_mre",15,-0.00687175259456561,0.733687155315733,-1.44487215293305,1.43112864774392,0.992527080377501,"estimated","","",1572,0.999188582379113,FALSE
"reverse|GCST90671195","ed_2025_eur_reverse_exposure","GCST90671195","Gut microbiome species abundance (Yeguia hominis, GCF_014384705.1)","taxon:yeguia hominis","primary","GCST90671195","EUR","reverse_sensitivity","microbiome_trait_units_per_standardized_ED_exposure",17,"estimable","reverse",TRUE,TRUE,"mr_ivw_mre",17,0.00187060305986887,0.208230032554479,-0.406252761246514,0.409993967366251,0.992832420913597,"estimated","","",1572,0.999188582379113,FALSE
"reverse|GCST90671624","ed_2025_eur_reverse_exposure","GCST90671624","Gut microbiome genus abundance (Yeguia)","taxon:yeguia","primary","GCST90671624","EUR","reverse_sensitivity","microbiome_trait_units_per_standardized_ED_exposure",17,"estimable","reverse",TRUE,TRUE,"mr_ivw_mre",17,0.00187060305986887,0.208230032554479,-0.406252761246514,0.409993967366251,0.992832420913597,"estimated","","",1572,0.999188582379113,FALSE
"reverse|GCST90671261","ed_2025_eur_reverse_exposure","GCST90671261","Gut microbiome species presence (Protoclostridium sp900761765, GCA_900761765.1)","taxon:protoclostridium sp900761765","primary","GCST90671261","EUR","reverse_sensitivity","microbiome_trait_units_per_standardized_ED_exposure",15,"estimable","reverse",TRUE,TRUE,"mr_ivw_mre",15,-0.00608141774754453,0.841152413433318,-1.65470985358579,1.6425470180907,0.994231453207185,"estimated","","",1572,0.999314370952993,FALSE
"reverse|GCST90670923","ed_2025_eur_reverse_exposure","GCST90670923","Gut microbiome species abundance (Choladocola sp018223365, GCA_018223365.1)","taxon:choladocola sp018223365","primary","GCST90670923","EUR","reverse_sensitivity","microbiome_trait_units_per_standardized_ED_exposure",17,"estimable","reverse",TRUE,TRUE,"mr_ivw_mre",17,-0.00120548047748025,0.216542978609069,-0.425621919656282,0.423210958701321,0.995558252225322,"estimated","","",1572,0.999314370952993,FALSE
"reverse|GCST90670721","ed_2025_eur_reverse_exposure","GCST90670721","Gut microbiome species presence (CAG-317 sp000433535, GCA_000433535.1)","taxon:cag-317 sp000433535","primary","GCST90670721","EUR","reverse_sensitivity","microbiome_trait_units_per_standardized_ED_exposure",15,"estimable","reverse",TRUE,TRUE,"mr_ivw_mre",15,-0.00379141630226897,0.722571817191643,-1.42000615424155,1.41242332163701,0.995813428398525,"estimated","","",1572,0.999314370952993,FALSE
"reverse|GCST90670917","ed_2025_eur_reverse_exposure","GCST90670917","Gut microbiome species presence (Acutalibacter timonensis, GCF_900048895.1)","taxon:acutalibacter timonensis","primary","GCST90670917","EUR","reverse_sensitivity","microbiome_trait_units_per_standardized_ED_exposure",15,"estimable","reverse",TRUE,TRUE,"mr_ivw_mre",15,0.00355840366950043,0.781715120354198,-1.52857507839512,1.53569188573412,0.996368004826975,"estimated","","",1572,0.999314370952993,FALSE
"reverse|GCST90671431","ed_2025_eur_reverse_exposure","GCST90671431","Gut microbiome genus presence (Senegalimassilia)","taxon:senegalimassilia","primary","GCST90671431","EUR","reverse_sensitivity","microbiome_trait_units_per_standardized_ED_exposure",15,"estimable","reverse",TRUE,TRUE,"mr_ivw_mre",15,-0.00234764044994874,0.532332206951629,-1.04569959388586,1.04100431298597,0.996481257430833,"estimated","","",1572,0.999314370952993,FALSE
"reverse|GCST90670839","ed_2025_eur_reverse_exposure","GCST90670839","Gut microbiome species presence (Metalachnospira sp900548595, GCA_900548595.1)","taxon:metalachnospira sp900548595","primary","GCST90670839","EUR","reverse_sensitivity","microbiome_trait_units_per_standardized_ED_exposure",15,"estimable","reverse",TRUE,TRUE,"mr_ivw_mre",15,0.0029480470751793,0.728591513271941,-1.42506507837936,1.43096117252972,0.996771586294079,"estimated","","",1572,0.999314370952993,FALSE
"reverse|GCST90671055","ed_2025_eur_reverse_exposure","GCST90671055","Gut microbiome species presence (Dysosmobacter sp900544105, GCA_900544105.1)","taxon:dysosmobacter sp900544105","primary","GCST90671055","EUR","reverse_sensitivity","microbiome_trait_units_per_standardized_ED_exposure",15,"estimable","reverse",TRUE,TRUE,"mr_ivw_mre",15,-0.0022648498521338,0.924675462125116,-1.81459545300529,1.81006575330102,0.998045706848837,"estimated","","",1572,0.999343398022405,FALSE
"reverse|GCST90671529","ed_2025_eur_reverse_exposure","GCST90671529","Gut microbiome genus presence (UMGS775)","taxon:umgs775","primary","GCST90671529","EUR","reverse_sensitivity","microbiome_trait_units_per_standardized_ED_exposure",15,"estimable","reverse",TRUE,TRUE,"mr_ivw_mre",15,0.00143725314045486,0.594783400088359,-1.164316789635,1.16719129591591,0.998071968762834,"estimated","","",1572,0.999343398022405,FALSE
"reverse|GCST90671682","ed_2025_eur_reverse_exposure","GCST90671682","Gut microbiome family presence (Porphyromonadaceae)","taxon:porphyromonadaceae","primary","GCST90671682","EUR","reverse_sensitivity","microbiome_trait_units_per_standardized_ED_exposure",15,"estimable","reverse",TRUE,TRUE,"mr_ivw_mre",15,-0.000294510419310994,0.694525243747012,-1.36153897451736,1.36094995367873,0.999661660520424,"estimated","","",1572,0.999962161252223,FALSE
"reverse|GCST90670896","ed_2025_eur_reverse_exposure","GCST90670896","Gut microbiome species abundance (Blautia A sp900120195, GCF_900120195.1)","taxon:blautia a sp900120195","primary","GCST90670896","EUR","reverse_sensitivity","microbiome_trait_units_per_standardized_ED_exposure",17,"estimable","reverse",TRUE,TRUE,"mr_ivw_mre",17,9.65103818567723e-06,0.203506056982492,-0.398854891283254,0.398874193359625,0.999962161252223,"estimated","","",1572,0.999962161252223,FALSE
