"pair_id","dataset","source_id","trait","canonical_trait_id","tier","outcome_id","outcome_ancestry","analysis_role","effect_scale","harmonised_snps","pair_harmonisation_status","family","eligible","eligibility_frozen"
"reverse|GCST90670368","ed_2025_eur_reverse_exposure","GCST90670368","Gut microbiome alpha diversity abundance (Richness)","alpha:richness","primary","GCST90670368","EUR","reverse_sensitivity","microbiome_trait_units_per_standardized_ED_exposure",17,"estimable","reverse",TRUE,TRUE
"reverse|GCST90670369","ed_2025_eur_reverse_exposure","GCST90670369","Gut microbiome alpha diversity abundance (Shannon diversity)","alpha:shannon","primary","GCST90670369","EUR","reverse_sensitivity","microbiome_trait_units_per_standardized_ED_exposure",17,"estimable","reverse",TRUE,TRUE
"reverse|GCST90670370","ed_2025_eur_reverse_exposure","GCST90670370","Gut microbiome alpha diversity abundance (Inverse Simpson diversity)","alpha:inverse_simpson_diversity","primary","GCST90670370","EUR","reverse_sensitivity","microbiome_trait_units_per_standardized_ED_exposure",17,"estimable","reverse",TRUE,TRUE
"reverse|GCST90670371","ed_2025_eur_reverse_exposure","GCST90670371","Gut microbiome species abundance (Agathobacter rectalis, GCA_000020605.1)","taxon:agathobacter rectalis","primary","GCST90670371","EUR","reverse_sensitivity","microbiome_trait_units_per_standardized_ED_exposure",17,"estimable","reverse",TRUE,TRUE
"reverse|GCST90670372","ed_2025_eur_reverse_exposure","GCST90670372","Gut microbiome species abundance (Bifidobacterium longum, GCF_000196555.1)","taxon:bifidobacterium longum","primary","GCST90670372","EUR","reverse_sensitivity","microbiome_trait_units_per_standardized_ED_exposure",17,"estimable","reverse",TRUE,TRUE
"reverse|GCST90670373","ed_2025_eur_reverse_exposure","GCST90670373","Gut microbiome species abundance (Gemmiger qucibialis, GCA_004000625.1)","taxon:gemmiger qucibialis","primary","GCST90670373","EUR","reverse_sensitivity","microbiome_trait_units_per_standardized_ED_exposure",17,"estimable","reverse",TRUE,TRUE
"reverse|GCST90670374","ed_2025_eur_reverse_exposure","GCST90670374","Gut microbiome species abundance (Bifidobacterium adolescentis, GCF_000010425.1)","taxon:bifidobacterium adolescentis","primary","GCST90670374","EUR","reverse_sensitivity","microbiome_trait_units_per_standardized_ED_exposure",17,"estimable","reverse",TRUE,TRUE
"reverse|GCST90670375","ed_2025_eur_reverse_exposure","GCST90670375","Gut microbiome species abundance (Ruminococcus E bromii B, GCF_002834235.1)","taxon:ruminococcus e bromii b","primary","GCST90670375","EUR","reverse_sensitivity","microbiome_trait_units_per_standardized_ED_exposure",17,"estimable","reverse",TRUE,TRUE
"reverse|GCST90670376","ed_2025_eur_reverse_exposure","GCST90670376","Gut microbiome species abundance (Agathobacter faecis, GCF_001406815.1)","taxon:agathobacter faecis","primary","GCST90670376","EUR","reverse_sensitivity","microbiome_trait_units_per_standardized_ED_exposure",17,"estimable","reverse",TRUE,TRUE
"reverse|GCST90670377","ed_2025_eur_reverse_exposure","GCST90670377","Gut microbiome species abundance (Anaerostipes hadrus, GCF_000332875.2)","taxon:anaerostipes hadrus","primary","GCST90670377","EUR","reverse_sensitivity","microbiome_trait_units_per_standardized_ED_exposure",17,"estimable","reverse",TRUE,TRUE
"reverse|GCST90670378","ed_2025_eur_reverse_exposure","GCST90670378","Gut microbiome species abundance (Lachnospira eligens A, GCF_009680455.1)","taxon:lachnospira eligens a","primary","GCST90670378","EUR","reverse_sensitivity","microbiome_trait_units_per_standardized_ED_exposure",17,"estimable","reverse",TRUE,TRUE
"reverse|GCST90670379","ed_2025_eur_reverse_exposure","GCST90670379","Gut microbiome species abundance (UBA11524 sp000437595, GCA_000437595.1)","taxon:uba11524 sp000437595","primary","GCST90670379","EUR","reverse_sensitivity","microbiome_trait_units_per_standardized_ED_exposure",17,"estimable","reverse",TRUE,TRUE
"reverse|GCST90670380","ed_2025_eur_reverse_exposure","GCST90670380","Gut microbiome species abundance (Ruminococcus D bicirculans, GCF_000723465.1)","taxon:ruminococcus d bicirculans","primary","GCST90670380","EUR","reverse_sensitivity","microbiome_trait_units_per_standardized_ED_exposure",17,"estimable","reverse",TRUE,TRUE
"reverse|GCST90670381","ed_2025_eur_reverse_exposure","GCST90670381","Gut microbiome species abundance (Fusicatenibacter saccharivorans, GCF_015557635.1)","taxon:fusicatenibacter saccharivorans","primary","GCST90670381","EUR","reverse_sensitivity","microbiome_trait_units_per_standardized_ED_exposure",17,"estimable","reverse",TRUE,TRUE
"reverse|GCST90670382","ed_2025_eur_reverse_exposure","GCST90670382","Gut microbiome species abundance (Acetatifactor sp900066565, GCA_003584705.1)","taxon:acetatifactor sp900066565","primary","GCST90670382","EUR","reverse_sensitivity","microbiome_trait_units_per_standardized_ED_exposure",17,"estimable","reverse",TRUE,TRUE
"reverse|GCST90670383","ed_2025_eur_reverse_exposure","GCST90670383","Gut microbiome species abundance (Blautia A wexlerae, GCA_025148125.1)","taxon:blautia a wexlerae","primary","GCST90670383","EUR","reverse_sensitivity","microbiome_trait_units_per_standardized_ED_exposure",17,"estimable","reverse",TRUE,TRUE
"reverse|GCST90670384","ed_2025_eur_reverse_exposure","GCST90670384","Gut microbiome species presence (Coprococcus eutactus A, GCF_001404675.1)","taxon:coprococcus eutactus a","primary","GCST90670384","EUR","reverse_sensitivity","microbiome_trait_units_per_standardized_ED_exposure",15,"estimable","reverse",TRUE,TRUE
"reverse|GCST90670385","ed_2025_eur_reverse_exposure","GCST90670385","Gut microbiome species presence (Bifidobacterium bifidum, GCF_001025135.1)","taxon:bifidobacterium bifidum","primary","GCST90670385","EUR","reverse_sensitivity","microbiome_trait_units_per_standardized_ED_exposure",15,"estimable","reverse",TRUE,TRUE
"reverse|GCST90670386","ed_2025_eur_reverse_exposure","GCST90670386","Gut microbiome species presence (CAG-177 sp003514385, GCA_003514385.1)","taxon:cag-177 sp003514385","primary","GCST90670386","EUR","reverse_sensitivity","microbiome_trait_units_per_standardized_ED_exposure",15,"estimable","reverse",TRUE,TRUE
"reverse|GCST90670387","ed_2025_eur_reverse_exposure","GCST90670387","Gut microbiome species abundance (Ruminiclostridium E siraeum, GCA_025150425.1)","taxon:ruminiclostridium e siraeum","primary","GCST90670387","EUR","reverse_sensitivity","microbiome_trait_units_per_standardized_ED_exposure",17,"estimable","reverse",TRUE,TRUE
"reverse|GCST90670388","ed_2025_eur_reverse_exposure","GCST90670388","Gut microbiome species abundance (Acetatifactor intestinalis, GCF_009695995.1)","taxon:acetatifactor intestinalis","primary","GCST90670388","EUR","reverse_sensitivity","microbiome_trait_units_per_standardized_ED_exposure",17,"estimable","reverse",TRUE,TRUE
"reverse|GCST90670389","ed_2025_eur_reverse_exposure","GCST90670389","Gut microbiome species abundance (Phocaeicola vulgatus, GCF_000012825.1)","taxon:phocaeicola vulgatus","primary","GCST90670389","EUR","reverse_sensitivity","microbiome_trait_units_per_standardized_ED_exposure",17,"estimable","reverse",TRUE,TRUE
"reverse|GCST90670390","ed_2025_eur_reverse_exposure","GCST90670390","Gut microbiome species presence (Phascolarctobacterium A succinatutens, GCF_000188175.1)","taxon:phascolarctobacterium a succinatutens","primary","GCST90670390","EUR","reverse_sensitivity","microbiome_trait_units_per_standardized_ED_exposure",15,"estimable","reverse",TRUE,TRUE
"reverse|GCST90670391","ed_2025_eur_reverse_exposure","GCST90670391","Gut microbiome species abundance (ER4 sp000765235, GCF_000765235.1)","taxon:er4 sp000765235","primary","GCST90670391","EUR","reverse_sensitivity","microbiome_trait_units_per_standardized_ED_exposure",17,"estimable","reverse",TRUE,TRUE
"reverse|GCST90670392","ed_2025_eur_reverse_exposure","GCST90670392","Gut microbiome species presence (Bifidobacterium pseudocatenulatum, GCF_001025215.1)","taxon:bifidobacterium pseudocatenulatum","primary","GCST90670392","EUR","reverse_sensitivity","microbiome_trait_units_per_standardized_ED_exposure",15,"estimable","reverse",TRUE,TRUE
"reverse|GCST90670393","ed_2025_eur_reverse_exposure","GCST90670393","Gut microbiome species abundance (RUG115 sp900066395, GCF_003479605.1)","taxon:rug115 sp900066395","primary","GCST90670393","EUR","reverse_sensitivity","microbiome_trait_units_per_standardized_ED_exposure",17,"estimable","reverse",TRUE,TRUE
"reverse|GCST90670394","ed_2025_eur_reverse_exposure","GCST90670394","Gut microbiome species abundance (Alistipes putredinis, GCF_000154465.1)","taxon:alistipes putredinis","primary","GCST90670394","EUR","reverse_sensitivity","microbiome_trait_units_per_standardized_ED_exposure",17,"estimable","reverse",TRUE,TRUE
"reverse|GCST90670395","ed_2025_eur_reverse_exposure","GCST90670395","Gut microbiome species abundance (Streptococcus salivarius, GCF_000785515.1)","taxon:streptococcus salivarius","primary","GCST90670395","EUR","reverse_sensitivity","microbiome_trait_units_per_standardized_ED_exposure",17,"estimable","reverse",TRUE,TRUE
"reverse|GCST90670396","ed_2025_eur_reverse_exposure","GCST90670396","Gut microbiome species presence (CAG-217 sp000436335, GCA_000436335.1)","taxon:cag-217 sp000436335","primary","GCST90670396","EUR","reverse_sensitivity","microbiome_trait_units_per_standardized_ED_exposure",15,"estimable","reverse",TRUE,TRUE
"reverse|GCST90670397","ed_2025_eur_reverse_exposure","GCST90670397","Gut microbiome species abundance (Escherichia coli, GCF_003697165.2)","taxon:escherichia coli","primary","GCST90670397","EUR","reverse_sensitivity","microbiome_trait_units_per_standardized_ED_exposure",17,"estimable","reverse",TRUE,TRUE
"reverse|GCST90670398","ed_2025_eur_reverse_exposure","GCST90670398","Gut microbiome species presence (PeH17 sp000435055, GCA_000435055.1)","taxon:peh17 sp000435055","primary","GCST90670398","EUR","reverse_sensitivity","microbiome_trait_units_per_standardized_ED_exposure",15,"estimable","reverse",TRUE,TRUE
"reverse|GCST90670399","ed_2025_eur_reverse_exposure","GCST90670399","Gut microbiome species presence (Methanobrevibacter A smithii, GCF_000016525.1)","taxon:methanobrevibacter a smithii","primary","GCST90670399","EUR","reverse_sensitivity","microbiome_trait_units_per_standardized_ED_exposure",15,"estimable","reverse",TRUE,TRUE
"reverse|GCST90670400","ed_2025_eur_reverse_exposure","GCST90670400","Gut microbiome species abundance (Ruminococcus B gnavus, GCF_008121495.1)","taxon:ruminococcus b gnavus","primary","GCST90670400","EUR","reverse_sensitivity","microbiome_trait_units_per_standardized_ED_exposure",17,"estimable","reverse",TRUE,TRUE
"reverse|GCST90670401","ed_2025_eur_reverse_exposure","GCST90670401","Gut microbiome species presence (Ruminococcus E sp003526955, GCF_023921805.1)","taxon:ruminococcus e sp003526955","primary","GCST90670401","EUR","reverse_sensitivity","microbiome_trait_units_per_standardized_ED_exposure",15,"estimable","reverse",TRUE,TRUE
"reverse|GCST90670402","ed_2025_eur_reverse_exposure","GCST90670402","Gut microbiome species abundance (Parabacteroides distasonis, GCF_000012845.1)","taxon:parabacteroides distasonis","primary","GCST90670402","EUR","reverse_sensitivity","microbiome_trait_units_per_standardized_ED_exposure",17,"estimable","reverse",TRUE,TRUE
"reverse|GCST90670403","ed_2025_eur_reverse_exposure","GCST90670403","Gut microbiome species abundance (Roseburia intestinalis, GCF_900537995.1)","taxon:roseburia intestinalis","primary","GCST90670403","EUR","reverse_sensitivity","microbiome_trait_units_per_standardized_ED_exposure",17,"estimable","reverse",TRUE,TRUE
"reverse|GCST90670404","ed_2025_eur_reverse_exposure","GCST90670404","Gut microbiome species abundance (Bacteroides uniformis, GCA_025147485.1)","taxon:bacteroides uniformis","primary","GCST90670404","EUR","reverse_sensitivity","microbiome_trait_units_per_standardized_ED_exposure",17,"estimable","reverse",TRUE,TRUE
"reverse|GCST90670405","ed_2025_eur_reverse_exposure","GCST90670405","Gut microbiome species abundance (Faecalibacillus intestinalis, GCF_003024685.1)","taxon:faecalibacillus intestinalis","primary","GCST90670405","EUR","reverse_sensitivity","microbiome_trait_units_per_standardized_ED_exposure",17,"estimable","reverse",TRUE,TRUE
"reverse|GCST90670406","ed_2025_eur_reverse_exposure","GCST90670406","Gut microbiome species abundance (Lachnospira sp000437735, GCF_020564355.1)","taxon:lachnospira sp000437735","primary","GCST90670406","EUR","reverse_sensitivity","microbiome_trait_units_per_standardized_ED_exposure",17,"estimable","reverse",TRUE,TRUE
"reverse|GCST90670407","ed_2025_eur_reverse_exposure","GCST90670407","Gut microbiome species presence (SFEL01 sp004557245, GCA_004557245.1)","taxon:sfel01 sp004557245","primary","GCST90670407","EUR","reverse_sensitivity","microbiome_trait_units_per_standardized_ED_exposure",15,"estimable","reverse",TRUE,TRUE
"reverse|GCST90670408","ed_2025_eur_reverse_exposure","GCST90670408","Gut microbiome species presence (Fimenecus sp000432435, GCA_000432435.1)","taxon:fimenecus sp000432435","primary","GCST90670408","EUR","reverse_sensitivity","microbiome_trait_units_per_standardized_ED_exposure",15,"estimable","reverse",TRUE,TRUE
"reverse|GCST90670409","ed_2025_eur_reverse_exposure","GCST90670409","Gut microbiome species presence (Faecalibacterium prausnitzii A, GCF_023347235.1)","taxon:faecalibacterium prausnitzii a","primary","GCST90670409","EUR","reverse_sensitivity","microbiome_trait_units_per_standardized_ED_exposure",15,"estimable","reverse",TRUE,TRUE
"reverse|GCST90670410","ed_2025_eur_reverse_exposure","GCST90670410","Gut microbiome species abundance (Eisenbergiella sp900066775, GCA_003481005.1)","taxon:eisenbergiella sp900066775","primary","GCST90670410","EUR","reverse_sensitivity","microbiome_trait_units_per_standardized_ED_exposure",17,"estimable","reverse",TRUE,TRUE
"reverse|GCST90670411","ed_2025_eur_reverse_exposure","GCST90670411","Gut microbiome species abundance (Roseburia hominis, GCF_000225345.1)","taxon:roseburia hominis","primary","GCST90670411","EUR","reverse_sensitivity","microbiome_trait_units_per_standardized_ED_exposure",17,"estimable","reverse",TRUE,TRUE
"reverse|GCST90670412","ed_2025_eur_reverse_exposure","GCST90670412","Gut microbiome species abundance (Faecalibacterium prausnitzii D, GCF_023347255.1)","taxon:faecalibacterium prausnitzii d","primary","GCST90670412","EUR","reverse_sensitivity","microbiome_trait_units_per_standardized_ED_exposure",17,"estimable","reverse",TRUE,TRUE
"reverse|GCST90670413","ed_2025_eur_reverse_exposure","GCST90670413","Gut microbiome species abundance (Roseburia inulinivorans, GCF_000174195.1)","taxon:roseburia inulinivorans","primary","GCST90670413","EUR","reverse_sensitivity","microbiome_trait_units_per_standardized_ED_exposure",17,"estimable","reverse",TRUE,TRUE
"reverse|GCST90670414","ed_2025_eur_reverse_exposure","GCST90670414","Gut microbiome species presence (Coprococcus sp900066115, GCF_003461625.1)","taxon:coprococcus sp900066115","primary","GCST90670414","EUR","reverse_sensitivity","microbiome_trait_units_per_standardized_ED_exposure",15,"estimable","reverse",TRUE,TRUE
"reverse|GCST90670415","ed_2025_eur_reverse_exposure","GCST90670415","Gut microbiome species abundance (CAG-41 sp900066215, GCA_003460745.1)","taxon:cag-41 sp900066215","primary","GCST90670415","EUR","reverse_sensitivity","microbiome_trait_units_per_standardized_ED_exposure",17,"estimable","reverse",TRUE,TRUE
"reverse|GCST90670416","ed_2025_eur_reverse_exposure","GCST90670416","Gut microbiome species abundance (Eubacterium F sp003491505, GCF_003477605.1)","taxon:eubacterium f sp003491505","primary","GCST90670416","EUR","reverse_sensitivity","microbiome_trait_units_per_standardized_ED_exposure",17,"estimable","reverse",TRUE,TRUE
"reverse|GCST90670417","ed_2025_eur_reverse_exposure","GCST90670417","Gut microbiome species abundance (Alistipes onderdonkii, GCA_025145285.1)","taxon:alistipes onderdonkii","primary","GCST90670417","EUR","reverse_sensitivity","microbiome_trait_units_per_standardized_ED_exposure",17,"estimable","reverse",TRUE,TRUE
"reverse|GCST90670418","ed_2025_eur_reverse_exposure","GCST90670418","Gut microbiome species presence (Catenibacterium sp000437715, GCF_004168205.1)","taxon:catenibacterium sp000437715","primary","GCST90670418","EUR","reverse_sensitivity","microbiome_trait_units_per_standardized_ED_exposure",15,"estimable","reverse",TRUE,TRUE
"reverse|GCST90670419","ed_2025_eur_reverse_exposure","GCST90670419","Gut microbiome species presence (Prevotella sp003447235, GCA_003447235.1)","taxon:prevotella sp003447235","primary","GCST90670419","EUR","reverse_sensitivity","microbiome_trait_units_per_standardized_ED_exposure",15,"estimable","reverse",TRUE,TRUE
"reverse|GCST90670420","ed_2025_eur_reverse_exposure","GCST90670420","Gut microbiome species abundance (UBA1417 sp003531055, GCA_021029595.1)","taxon:uba1417 sp003531055","primary","GCST90670420","EUR","reverse_sensitivity","microbiome_trait_units_per_standardized_ED_exposure",17,"estimable","reverse",TRUE,TRUE
"reverse|GCST90670421","ed_2025_eur_reverse_exposure","GCST90670421","Gut microbiome species abundance (Alistipes shahii, GCA_025145845.1)","taxon:alistipes shahii","primary","GCST90670421","EUR","reverse_sensitivity","microbiome_trait_units_per_standardized_ED_exposure",17,"estimable","reverse",TRUE,TRUE
"reverse|GCST90670422","ed_2025_eur_reverse_exposure","GCST90670422","Gut microbiome species presence (Sutterella wadsworthensis A, GCF_000297775.1)","taxon:sutterella wadsworthensis a","primary","GCST90670422","EUR","reverse_sensitivity","microbiome_trait_units_per_standardized_ED_exposure",15,"estimable","reverse",TRUE,TRUE
"reverse|GCST90670423","ed_2025_eur_reverse_exposure","GCST90670423","Gut microbiome species presence (Butyrivibrio A crossotus, GCA_025148445.1)","taxon:butyrivibrio a crossotus","primary","GCST90670423","EUR","reverse_sensitivity","microbiome_trait_units_per_standardized_ED_exposure",15,"estimable","reverse",TRUE,TRUE
"reverse|GCST90670424","ed_2025_eur_reverse_exposure","GCST90670424","Gut microbiome species abundance (Odoribacter splanchnicus, GCF_000190535.1)","taxon:odoribacter splanchnicus","primary","GCST90670424","EUR","reverse_sensitivity","microbiome_trait_units_per_standardized_ED_exposure",17,"estimable","reverse",TRUE,TRUE
"reverse|GCST90670425","ed_2025_eur_reverse_exposure","GCST90670425","Gut microbiome species presence (Eubacterium R sp000436835, GCA_000436835.1)","taxon:eubacterium r sp000436835","primary","GCST90670425","EUR","reverse_sensitivity","microbiome_trait_units_per_standardized_ED_exposure",15,"estimable","reverse",TRUE,TRUE
"reverse|GCST90670426","ed_2025_eur_reverse_exposure","GCST90670426","Gut microbiome species abundance (Agathobaculum butyriciproducens, GCA_003096535.1)","taxon:agathobaculum butyriciproducens","primary","GCST90670426","EUR","reverse_sensitivity","microbiome_trait_units_per_standardized_ED_exposure",17,"estimable","reverse",TRUE,TRUE
"reverse|GCST90670427","ed_2025_eur_reverse_exposure","GCST90670427","Gut microbiome species presence (Phascolarctobacterium faecium, GCF_003269275.1)","taxon:phascolarctobacterium faecium","primary","GCST90670427","EUR","reverse_sensitivity","microbiome_trait_units_per_standardized_ED_exposure",15,"estimable","reverse",TRUE,TRUE
"reverse|GCST90670428","ed_2025_eur_reverse_exposure","GCST90670428","Gut microbiome species abundance (Faecousia sp000434635, GCA_000434635.1)","taxon:faecousia sp000434635","primary","GCST90670428","EUR","reverse_sensitivity","microbiome_trait_units_per_standardized_ED_exposure",17,"estimable","reverse",TRUE,TRUE
"reverse|GCST90670429","ed_2025_eur_reverse_exposure","GCST90670429","Gut microbiome species abundance (Barnesiella intestinihominis, GCF_000296465.1)","taxon:barnesiella intestinihominis","primary","GCST90670429","EUR","reverse_sensitivity","microbiome_trait_units_per_standardized_ED_exposure",17,"estimable","reverse",TRUE,TRUE
"reverse|GCST90670430","ed_2025_eur_reverse_exposure","GCST90670430","Gut microbiome species presence (CAG-349 sp003539515, GCA_022009995.1)","taxon:cag-349 sp003539515","primary","GCST90670430","EUR","reverse_sensitivity","microbiome_trait_units_per_standardized_ED_exposure",15,"estimable","reverse",TRUE,TRUE
"reverse|GCST90670431","ed_2025_eur_reverse_exposure","GCST90670431","Gut microbiome species abundance (Akkermansia muciniphila, GCF_000020225.1)","taxon:akkermansia muciniphila","primary","GCST90670431","EUR","reverse_sensitivity","microbiome_trait_units_per_standardized_ED_exposure",17,"estimable","reverse",TRUE,TRUE
"reverse|GCST90670432","ed_2025_eur_reverse_exposure","GCST90670432","Gut microbiome species presence (Phocaeicola plebeius A, GCF_003437535.1)","taxon:phocaeicola plebeius a","primary","GCST90670432","EUR","reverse_sensitivity","microbiome_trait_units_per_standardized_ED_exposure",15,"estimable","reverse",TRUE,TRUE
"reverse|GCST90670433","ed_2025_eur_reverse_exposure","GCST90670433","Gut microbiome species abundance (Clostridium Q fessum, GCF_003024715.1)","taxon:clostridium q fessum","primary","GCST90670433","EUR","reverse_sensitivity","microbiome_trait_units_per_standardized_ED_exposure",17,"estimable","reverse",TRUE,TRUE
"reverse|GCST90670434","ed_2025_eur_reverse_exposure","GCST90670434","Gut microbiome species presence (Lachnospira sp000436475, GCA_000436475.1)","taxon:lachnospira sp000436475","primary","GCST90670434","EUR","reverse_sensitivity","microbiome_trait_units_per_standardized_ED_exposure",15,"estimable","reverse",TRUE,TRUE
"reverse|GCST90670435","ed_2025_eur_reverse_exposure","GCST90670435","Gut microbiome species abundance (CAG-115 sp003531585, GCA_003531585.1)","taxon:cag-115 sp003531585","primary","GCST90670435","EUR","reverse_sensitivity","microbiome_trait_units_per_standardized_ED_exposure",17,"estimable","reverse",TRUE,TRUE
"reverse|GCST90670436","ed_2025_eur_reverse_exposure","GCST90670436","Gut microbiome species abundance (Anaerotignum faecicola, GCF_003865035.1)","taxon:anaerotignum faecicola","primary","GCST90670436","EUR","reverse_sensitivity","microbiome_trait_units_per_standardized_ED_exposure",17,"estimable","reverse",TRUE,TRUE
"reverse|GCST90670437","ed_2025_eur_reverse_exposure","GCST90670437","Gut microbiome species abundance (Blautia A massiliensis, GCF_001487165.1)","taxon:blautia a massiliensis","primary","GCST90670437","EUR","reverse_sensitivity","microbiome_trait_units_per_standardized_ED_exposure",17,"estimable","reverse",TRUE,TRUE
"reverse|GCST90670438","ed_2025_eur_reverse_exposure","GCST90670438","Gut microbiome species abundance (Copromonas sp900066535, GCF_003435375.1)","taxon:copromonas sp900066535","primary","GCST90670438","EUR","reverse_sensitivity","microbiome_trait_units_per_standardized_ED_exposure",17,"estimable","reverse",TRUE,TRUE
"reverse|GCST90670439","ed_2025_eur_reverse_exposure","GCST90670439","Gut microbiome species presence (Phil1 sp001940855, GCA_001940855.1)","taxon:phil1 sp001940855","primary","GCST90670439","EUR","reverse_sensitivity","microbiome_trait_units_per_standardized_ED_exposure",15,"estimable","reverse",TRUE,TRUE
"reverse|GCST90670440","ed_2025_eur_reverse_exposure","GCST90670440","Gut microbiome species presence (Ligilactobacillus ruminis, GCF_900113455.1)","taxon:ligilactobacillus ruminis","primary","GCST90670440","EUR","reverse_sensitivity","microbiome_trait_units_per_standardized_ED_exposure",15,"estimable","reverse",TRUE,TRUE
"reverse|GCST90670441","ed_2025_eur_reverse_exposure","GCST90670441","Gut microbiome species abundance (Ruthenibacterium lactatiformans, GCF_000949455.1)","taxon:ruthenibacterium lactatiformans","primary","GCST90670441","EUR","reverse_sensitivity","microbiome_trait_units_per_standardized_ED_exposure",17,"estimable","reverse",TRUE,TRUE
"reverse|GCST90670442","ed_2025_eur_reverse_exposure","GCST90670442","Gut microbiome species abundance (Gemmiger formicilis, GCF_900167555.1)","taxon:gemmiger formicilis","primary","GCST90670442","EUR","reverse_sensitivity","microbiome_trait_units_per_standardized_ED_exposure",17,"estimable","reverse",TRUE,TRUE
"reverse|GCST90670443","ed_2025_eur_reverse_exposure","GCST90670443","Gut microbiome species abundance (Alistipes finegoldii, GCF_000265365.1)","taxon:alistipes finegoldii","primary","GCST90670443","EUR","reverse_sensitivity","microbiome_trait_units_per_standardized_ED_exposure",17,"estimable","reverse",TRUE,TRUE
"reverse|GCST90670444","ed_2025_eur_reverse_exposure","GCST90670444","Gut microbiome species presence (Enterococcus faecalis, GCF_000392875.1)","taxon:enterococcus faecalis","primary","GCST90670444","EUR","reverse_sensitivity","microbiome_trait_units_per_standardized_ED_exposure",15,"estimable","reverse",TRUE,TRUE
"reverse|GCST90670445","ed_2025_eur_reverse_exposure","GCST90670445","Gut microbiome species abundance (CAG-170 sp000432135, GCA_000432135.1)","taxon:cag-170 sp000432135","primary","GCST90670445","EUR","reverse_sensitivity","microbiome_trait_units_per_standardized_ED_exposure",17,"estimable","reverse",TRUE,TRUE
"reverse|GCST90670446","ed_2025_eur_reverse_exposure","GCST90670446","Gut microbiome species abundance (ER4 sp900317525, GCF_018918025.1)","taxon:er4 sp900317525","primary","GCST90670446","EUR","reverse_sensitivity","microbiome_trait_units_per_standardized_ED_exposure",17,"estimable","reverse",TRUE,TRUE
"reverse|GCST90670447","ed_2025_eur_reverse_exposure","GCST90670447","Gut microbiome species presence (Dialister invisus, GCF_000160055.1)","taxon:dialister invisus","primary","GCST90670447","EUR","reverse_sensitivity","microbiome_trait_units_per_standardized_ED_exposure",15,"estimable","reverse",TRUE,TRUE
"reverse|GCST90670448","ed_2025_eur_reverse_exposure","GCST90670448","Gut microbiome species presence (Sutterella wadsworthensis, GCF_003315195.1)","taxon:sutterella wadsworthensis","primary","GCST90670448","EUR","reverse_sensitivity","microbiome_trait_units_per_standardized_ED_exposure",15,"estimable","reverse",TRUE,TRUE
"reverse|GCST90670449","ed_2025_eur_reverse_exposure","GCST90670449","Gut microbiome species abundance (Mediterraneibacter faecis, GCA_001312505.1)","taxon:mediterraneibacter faecis","primary","GCST90670449","EUR","reverse_sensitivity","microbiome_trait_units_per_standardized_ED_exposure",17,"estimable","reverse",TRUE,TRUE
"reverse|GCST90670450","ed_2025_eur_reverse_exposure","GCST90670450","Gut microbiome species presence (Coprococcus eutactus, GCA_025149915.1)","taxon:coprococcus eutactus","primary","GCST90670450","EUR","reverse_sensitivity","microbiome_trait_units_per_standardized_ED_exposure",15,"estimable","reverse",TRUE,TRUE
"reverse|GCST90670451","ed_2025_eur_reverse_exposure","GCST90670451","Gut microbiome species presence (Ruminococcus E bromii, GCF_002834225.1)","taxon:ruminococcus e bromii","primary","GCST90670451","EUR","reverse_sensitivity","microbiome_trait_units_per_standardized_ED_exposure",15,"estimable","reverse",TRUE,TRUE
"reverse|GCST90670452","ed_2025_eur_reverse_exposure","GCST90670452","Gut microbiome species abundance (Eggerthella lenta, GCF_000024265.1)","taxon:eggerthella lenta","primary","GCST90670452","EUR","reverse_sensitivity","microbiome_trait_units_per_standardized_ED_exposure",17,"estimable","reverse",TRUE,TRUE
"reverse|GCST90670453","ed_2025_eur_reverse_exposure","GCST90670453","Gut microbiome species presence (Parasutterella gallistercoris, GCA_000980495.1)","taxon:parasutterella gallistercoris","primary","GCST90670453","EUR","reverse_sensitivity","microbiome_trait_units_per_standardized_ED_exposure",15,"estimable","reverse",TRUE,TRUE
"reverse|GCST90670454","ed_2025_eur_reverse_exposure","GCST90670454","Gut microbiome species abundance (Lachnospira sp900316325, GCF_014287955.1)","taxon:lachnospira sp900316325","primary","GCST90670454","EUR","reverse_sensitivity","microbiome_trait_units_per_standardized_ED_exposure",17,"estimable","reverse",TRUE,TRUE
"reverse|GCST90670455","ed_2025_eur_reverse_exposure","GCST90670455","Gut microbiome species presence (CAG-269 sp003525075, GCA_003525075.1)","taxon:cag-269 sp003525075","primary","GCST90670455","EUR","reverse_sensitivity","microbiome_trait_units_per_standardized_ED_exposure",15,"estimable","reverse",TRUE,TRUE
"reverse|GCST90670456","ed_2025_eur_reverse_exposure","GCST90670456","Gut microbiome species presence (CAG-302 sp000431795, GCA_000431795.1)","taxon:cag-302 sp000431795","primary","GCST90670456","EUR","reverse_sensitivity","microbiome_trait_units_per_standardized_ED_exposure",15,"estimable","reverse",TRUE,TRUE
"reverse|GCST90670457","ed_2025_eur_reverse_exposure","GCST90670457","Gut microbiome species presence (Parasutterella excrementihominis, GCF_000205025.1)","taxon:parasutterella excrementihominis","primary","GCST90670457","EUR","reverse_sensitivity","microbiome_trait_units_per_standardized_ED_exposure",15,"estimable","reverse",TRUE,TRUE
"reverse|GCST90670458","ed_2025_eur_reverse_exposure","GCST90670458","Gut microbiome species presence (CAG-103 sp000432375, GCA_000432375.1)","taxon:cag-103 sp000432375","primary","GCST90670458","EUR","reverse_sensitivity","microbiome_trait_units_per_standardized_ED_exposure",15,"estimable","reverse",TRUE,TRUE
"reverse|GCST90670459","ed_2025_eur_reverse_exposure","GCST90670459","Gut microbiome species presence (CAG-103 sp900543625, GCA_900543625.1)","taxon:cag-103 sp900543625","primary","GCST90670459","EUR","reverse_sensitivity","microbiome_trait_units_per_standardized_ED_exposure",15,"estimable","reverse",TRUE,TRUE
"reverse|GCST90670460","ed_2025_eur_reverse_exposure","GCST90670460","Gut microbiome species presence (Eubacterium R sp000434995, GCA_000434995.1)","taxon:eubacterium r sp000434995","primary","GCST90670460","EUR","reverse_sensitivity","microbiome_trait_units_per_standardized_ED_exposure",15,"estimable","reverse",TRUE,TRUE
"reverse|GCST90670461","ed_2025_eur_reverse_exposure","GCST90670461","Gut microbiome species presence (Veillonella atypica, GCF_002959915.1)","taxon:veillonella atypica","primary","GCST90670461","EUR","reverse_sensitivity","microbiome_trait_units_per_standardized_ED_exposure",15,"estimable","reverse",TRUE,TRUE
"reverse|GCST90670462","ed_2025_eur_reverse_exposure","GCST90670462","Gut microbiome species abundance (Butyribacter sp003529475, GCF_003478335.1)","taxon:butyribacter sp003529475","primary","GCST90670462","EUR","reverse_sensitivity","microbiome_trait_units_per_standardized_ED_exposure",17,"estimable","reverse",TRUE,TRUE
"reverse|GCST90670463","ed_2025_eur_reverse_exposure","GCST90670463","Gut microbiome species presence (Ruminococcus C sp000433635, GCA_000433635.1)","taxon:ruminococcus c sp000433635","primary","GCST90670463","EUR","reverse_sensitivity","microbiome_trait_units_per_standardized_ED_exposure",15,"estimable","reverse",TRUE,TRUE
"reverse|GCST90670464","ed_2025_eur_reverse_exposure","GCST90670464","Gut microbiome species presence (Limisoma sp000437795, GCA_022009815.1)","taxon:limisoma sp000437795","primary","GCST90670464","EUR","reverse_sensitivity","microbiome_trait_units_per_standardized_ED_exposure",15,"estimable","reverse",TRUE,TRUE
"reverse|GCST90670465","ed_2025_eur_reverse_exposure","GCST90670465","Gut microbiome species abundance (Mediterraneibacter lactaris, GCA_025152405.1)","taxon:mediterraneibacter lactaris","primary","GCST90670465","EUR","reverse_sensitivity","microbiome_trait_units_per_standardized_ED_exposure",17,"estimable","reverse",TRUE,TRUE
"reverse|GCST90670466","ed_2025_eur_reverse_exposure","GCST90670466","Gut microbiome species presence (Bifidobacterium catenulatum, GCF_001025195.1)","taxon:bifidobacterium catenulatum","primary","GCST90670466","EUR","reverse_sensitivity","microbiome_trait_units_per_standardized_ED_exposure",15,"estimable","reverse",TRUE,TRUE
"reverse|GCST90670467","ed_2025_eur_reverse_exposure","GCST90670467","Gut microbiome species abundance (Faecousia sp003525905, GCA_003525905.1)","taxon:faecousia sp003525905","primary","GCST90670467","EUR","reverse_sensitivity","microbiome_trait_units_per_standardized_ED_exposure",17,"estimable","reverse",TRUE,TRUE
"reverse|GCST90670468","ed_2025_eur_reverse_exposure","GCST90670468","Gut microbiome species presence (COE1 sp001916965, GCA_001916965.1)","taxon:coe1 sp001916965","primary","GCST90670468","EUR","reverse_sensitivity","microbiome_trait_units_per_standardized_ED_exposure",15,"estimable","reverse",TRUE,TRUE
"reverse|GCST90670469","ed_2025_eur_reverse_exposure","GCST90670469","Gut microbiome species presence (Paraprevotella clara, GCF_000233955.1)","taxon:paraprevotella clara","primary","GCST90670469","EUR","reverse_sensitivity","microbiome_trait_units_per_standardized_ED_exposure",15,"estimable","reverse",TRUE,TRUE
"reverse|GCST90670470","ed_2025_eur_reverse_exposure","GCST90670470","Gut microbiome species abundance (Eubacterium G ventriosum, GCA_025150745.1)","taxon:eubacterium g ventriosum","primary","GCST90670470","EUR","reverse_sensitivity","microbiome_trait_units_per_standardized_ED_exposure",17,"estimable","reverse",TRUE,TRUE
"reverse|GCST90670471","ed_2025_eur_reverse_exposure","GCST90670471","Gut microbiome species presence (Holdemanella biformis, GCF_000156655.1)","taxon:holdemanella biformis","primary","GCST90670471","EUR","reverse_sensitivity","microbiome_trait_units_per_standardized_ED_exposure",15,"estimable","reverse",TRUE,TRUE
"reverse|GCST90670472","ed_2025_eur_reverse_exposure","GCST90670472","Gut microbiome species abundance (Dorea A longicatena, GCA_025150085.1)","taxon:dorea a longicatena","primary","GCST90670472","EUR","reverse_sensitivity","microbiome_trait_units_per_standardized_ED_exposure",17,"estimable","reverse",TRUE,TRUE
"reverse|GCST90670473","ed_2025_eur_reverse_exposure","GCST90670473","Gut microbiome species abundance (Blautia A obeum, GCA_025147765.1)","taxon:blautia a obeum","primary","GCST90670473","EUR","reverse_sensitivity","microbiome_trait_units_per_standardized_ED_exposure",17,"estimable","reverse",TRUE,TRUE
"reverse|GCST90670474","ed_2025_eur_reverse_exposure","GCST90670474","Gut microbiome species abundance (Bacteroides thetaiotaomicron, GCF_000011065.1)","taxon:bacteroides thetaiotaomicron","primary","GCST90670474","EUR","reverse_sensitivity","microbiome_trait_units_per_standardized_ED_exposure",17,"estimable","reverse",TRUE,TRUE
"reverse|GCST90670475","ed_2025_eur_reverse_exposure","GCST90670475","Gut microbiome species presence (CAG-353 sp900066885, GCA_902363145.1)","taxon:cag-353 sp900066885","primary","GCST90670475","EUR","reverse_sensitivity","microbiome_trait_units_per_standardized_ED_exposure",15,"estimable","reverse",TRUE,TRUE
"reverse|GCST90670476","ed_2025_eur_reverse_exposure","GCST90670476","Gut microbiome species presence (Methanobrevibacter A smithii A, GCF_023617305.1)","taxon:methanobrevibacter a smithii a","primary","GCST90670476","EUR","reverse_sensitivity","microbiome_trait_units_per_standardized_ED_exposure",15,"estimable","reverse",TRUE,TRUE
"reverse|GCST90670477","ed_2025_eur_reverse_exposure","GCST90670477","Gut microbiome species abundance (Enterocloster sp000431375, GCF_003473545.1)","taxon:enterocloster sp000431375","primary","GCST90670477","EUR","reverse_sensitivity","microbiome_trait_units_per_standardized_ED_exposure",17,"estimable","reverse",TRUE,TRUE
"reverse|GCST90670478","ed_2025_eur_reverse_exposure","GCST90670478","Gut microbiome species presence (CAG-882 sp003486385, GCA_003486385.1)","taxon:cag-882 sp003486385","primary","GCST90670478","EUR","reverse_sensitivity","microbiome_trait_units_per_standardized_ED_exposure",15,"estimable","reverse",TRUE,TRUE
"reverse|GCST90670479","ed_2025_eur_reverse_exposure","GCST90670479","Gut microbiome species presence (Duodenibacillus massiliensis, GCF_900128485.1)","taxon:duodenibacillus massiliensis","primary","GCST90670479","EUR","reverse_sensitivity","microbiome_trait_units_per_standardized_ED_exposure",15,"estimable","reverse",TRUE,TRUE
"reverse|GCST90670480","ed_2025_eur_reverse_exposure","GCST90670480","Gut microbiome species presence (Bacteroides fragilis, GCF_000025985.1)","taxon:bacteroides fragilis","primary","GCST90670480","EUR","reverse_sensitivity","microbiome_trait_units_per_standardized_ED_exposure",15,"estimable","reverse",TRUE,TRUE
"reverse|GCST90670481","ed_2025_eur_reverse_exposure","GCST90670481","Gut microbiome species abundance (Flavonifractor plautii, GCF_000239295.1)","taxon:flavonifractor plautii","primary","GCST90670481","EUR","reverse_sensitivity","microbiome_trait_units_per_standardized_ED_exposure",17,"estimable","reverse",TRUE,TRUE
"reverse|GCST90670482","ed_2025_eur_reverse_exposure","GCST90670482","Gut microbiome species abundance (Anaerobutyricum hallii, GCF_000173975.1)","taxon:anaerobutyricum hallii","primary","GCST90670482","EUR","reverse_sensitivity","microbiome_trait_units_per_standardized_ED_exposure",17,"estimable","reverse",TRUE,TRUE
"reverse|GCST90670483","ed_2025_eur_reverse_exposure","GCST90670483","Gut microbiome species presence (CAG-273 sp003534295, GCA_003534295.1)","taxon:cag-273 sp003534295","primary","GCST90670483","EUR","reverse_sensitivity","microbiome_trait_units_per_standardized_ED_exposure",15,"estimable","reverse",TRUE,TRUE
"reverse|GCST90670484","ed_2025_eur_reverse_exposure","GCST90670484","Gut microbiome species abundance (KLE1615 sp900066985, GCA_003478935.1)","taxon:kle1615 sp900066985","primary","GCST90670484","EUR","reverse_sensitivity","microbiome_trait_units_per_standardized_ED_exposure",17,"estimable","reverse",TRUE,TRUE
"reverse|GCST90670485","ed_2025_eur_reverse_exposure","GCST90670485","Gut microbiome species abundance (Bacteroides ovatus, GCF_001314995.1)","taxon:bacteroides ovatus","primary","GCST90670485","EUR","reverse_sensitivity","microbiome_trait_units_per_standardized_ED_exposure",17,"estimable","reverse",TRUE,TRUE
"reverse|GCST90670486","ed_2025_eur_reverse_exposure","GCST90670486","Gut microbiome species presence (Scatacola A faecigallinarum, GCA_000436375.1)","taxon:scatacola a faecigallinarum","primary","GCST90670486","EUR","reverse_sensitivity","microbiome_trait_units_per_standardized_ED_exposure",15,"estimable","reverse",TRUE,TRUE
"reverse|GCST90670487","ed_2025_eur_reverse_exposure","GCST90670487","Gut microbiome species presence (Lachnospira sp000436535, GCA_000436535.1)","taxon:lachnospira sp000436535","primary","GCST90670487","EUR","reverse_sensitivity","microbiome_trait_units_per_standardized_ED_exposure",15,"estimable","reverse",TRUE,TRUE
"reverse|GCST90670488","ed_2025_eur_reverse_exposure","GCST90670488","Gut microbiome species presence (Peptidiphaga sp000466165, GCF_000466165.1)","taxon:peptidiphaga sp000466165","primary","GCST90670488","EUR","reverse_sensitivity","microbiome_trait_units_per_standardized_ED_exposure",15,"estimable","reverse",TRUE,TRUE
"reverse|GCST90670489","ed_2025_eur_reverse_exposure","GCST90670489","Gut microbiome species presence (CAG-273 sp000435755, GCA_000435755.1)","taxon:cag-273 sp000435755","primary","GCST90670489","EUR","reverse_sensitivity","microbiome_trait_units_per_standardized_ED_exposure",15,"estimable","reverse",TRUE,TRUE
"reverse|GCST90670490","ed_2025_eur_reverse_exposure","GCST90670490","Gut microbiome species presence (Faecalibacterium prausnitzii E, GCF_019967995.1)","taxon:faecalibacterium prausnitzii e","primary","GCST90670490","EUR","reverse_sensitivity","microbiome_trait_units_per_standardized_ED_exposure",15,"estimable","reverse",TRUE,TRUE
"reverse|GCST90670491","ed_2025_eur_reverse_exposure","GCST90670491","Gut microbiome species presence (Bacteroides stercoris, GCA_025147325.1)","taxon:bacteroides stercoris","primary","GCST90670491","EUR","reverse_sensitivity","microbiome_trait_units_per_standardized_ED_exposure",15,"estimable","reverse",TRUE,TRUE
"reverse|GCST90670492","ed_2025_eur_reverse_exposure","GCST90670492","Gut microbiome species presence (CAG-313 sp003539625, GCA_003539625.1)","taxon:cag-313 sp003539625","primary","GCST90670492","EUR","reverse_sensitivity","microbiome_trait_units_per_standardized_ED_exposure",15,"estimable","reverse",TRUE,TRUE
"reverse|GCST90670493","ed_2025_eur_reverse_exposure","GCST90670493","Gut microbiome species abundance (CAG-95 sp000438155, GCA_000438155.1)","taxon:cag-95 sp000438155","primary","GCST90670493","EUR","reverse_sensitivity","microbiome_trait_units_per_standardized_ED_exposure",17,"estimable","reverse",TRUE,TRUE
"reverse|GCST90670494","ed_2025_eur_reverse_exposure","GCST90670494","Gut microbiome species presence (Clostridium sp900540255, GCA_900540255.1)","taxon:clostridium sp900540255","primary","GCST90670494","EUR","reverse_sensitivity","microbiome_trait_units_per_standardized_ED_exposure",15,"estimable","reverse",TRUE,TRUE
"reverse|GCST90670495","ed_2025_eur_reverse_exposure","GCST90670495","Gut microbiome species abundance (Streptococcus thermophilus, GCF_010120595.1)","taxon:streptococcus thermophilus","primary","GCST90670495","EUR","reverse_sensitivity","microbiome_trait_units_per_standardized_ED_exposure",17,"estimable","reverse",TRUE,TRUE
"reverse|GCST90670496","ed_2025_eur_reverse_exposure","GCST90670496","Gut microbiome species presence (CAG-269 sp000431335, GCA_000431335.1)","taxon:cag-269 sp000431335","primary","GCST90670496","EUR","reverse_sensitivity","microbiome_trait_units_per_standardized_ED_exposure",15,"estimable","reverse",TRUE,TRUE
"reverse|GCST90670497","ed_2025_eur_reverse_exposure","GCST90670497","Gut microbiome species abundance (Blautia A sp900066335, GCF_003461955.1)","taxon:blautia a sp900066335","primary","GCST90670497","EUR","reverse_sensitivity","microbiome_trait_units_per_standardized_ED_exposure",17,"estimable","reverse",TRUE,TRUE
"reverse|GCST90670498","ed_2025_eur_reverse_exposure","GCST90670498","Gut microbiome species presence (CAG-103 sp900757655, GCA_900757655.1)","taxon:cag-103 sp900757655","primary","GCST90670498","EUR","reverse_sensitivity","microbiome_trait_units_per_standardized_ED_exposure",15,"estimable","reverse",TRUE,TRUE
"reverse|GCST90670499","ed_2025_eur_reverse_exposure","GCST90670499","Gut microbiome species presence (Prevotella bivia, GCF_000262545.1)","taxon:prevotella bivia","primary","GCST90670499","EUR","reverse_sensitivity","microbiome_trait_units_per_standardized_ED_exposure",15,"estimable","reverse",TRUE,TRUE
"reverse|GCST90670500","ed_2025_eur_reverse_exposure","GCST90670500","Gut microbiome species presence (Ruminococcus C callidus, GCF_000468015.1)","taxon:ruminococcus c callidus","primary","GCST90670500","EUR","reverse_sensitivity","microbiome_trait_units_per_standardized_ED_exposure",15,"estimable","reverse",TRUE,TRUE
"reverse|GCST90670501","ed_2025_eur_reverse_exposure","GCST90670501","Gut microbiome species abundance (UBA11774 sp003507655, GCA_003507655.1)","taxon:uba11774 sp003507655","primary","GCST90670501","EUR","reverse_sensitivity","microbiome_trait_units_per_standardized_ED_exposure",17,"estimable","reverse",TRUE,TRUE
"reverse|GCST90670502","ed_2025_eur_reverse_exposure","GCST90670502","Gut microbiome species presence (CAG-194 sp000432915, GCA_000432915.1)","taxon:cag-194 sp000432915","primary","GCST90670502","EUR","reverse_sensitivity","microbiome_trait_units_per_standardized_ED_exposure",15,"estimable","reverse",TRUE,TRUE
"reverse|GCST90670503","ed_2025_eur_reverse_exposure","GCST90670503","Gut microbiome species abundance (Dysosmobacter sp001916835, GCF_014297285.1)","taxon:dysosmobacter sp001916835","primary","GCST90670503","EUR","reverse_sensitivity","microbiome_trait_units_per_standardized_ED_exposure",17,"estimable","reverse",TRUE,TRUE
"reverse|GCST90670504","ed_2025_eur_reverse_exposure","GCST90670504","Gut microbiome species presence (CAG-314 sp000437915, GCA_000437915.1)","taxon:cag-314 sp000437915","primary","GCST90670504","EUR","reverse_sensitivity","microbiome_trait_units_per_standardized_ED_exposure",15,"estimable","reverse",TRUE,TRUE
"reverse|GCST90670505","ed_2025_eur_reverse_exposure","GCST90670505","Gut microbiome species abundance (Acetatifactor sp003447295, GCA_003447295.1)","taxon:acetatifactor sp003447295","primary","GCST90670505","EUR","reverse_sensitivity","microbiome_trait_units_per_standardized_ED_exposure",17,"estimable","reverse",TRUE,TRUE
"reverse|GCST90670506","ed_2025_eur_reverse_exposure","GCST90670506","Gut microbiome species abundance (Bilophila wadsworthia, GCF_000701705.1)","taxon:bilophila wadsworthia","primary","GCST90670506","EUR","reverse_sensitivity","microbiome_trait_units_per_standardized_ED_exposure",17,"estimable","reverse",TRUE,TRUE
"reverse|GCST90670507","ed_2025_eur_reverse_exposure","GCST90670507","Gut microbiome species presence (Eubacterium F sp900539115, GCA_900539115.1)","taxon:eubacterium f sp900539115","primary","GCST90670507","EUR","reverse_sensitivity","microbiome_trait_units_per_standardized_ED_exposure",15,"estimable","reverse",TRUE,TRUE
"reverse|GCST90670508","ed_2025_eur_reverse_exposure","GCST90670508","Gut microbiome species presence (Faecalibacillus faecis, GCF_003024675.1)","taxon:faecalibacillus faecis","primary","GCST90670508","EUR","reverse_sensitivity","microbiome_trait_units_per_standardized_ED_exposure",15,"estimable","reverse",TRUE,TRUE
"reverse|GCST90670509","ed_2025_eur_reverse_exposure","GCST90670509","Gut microbiome species presence (Dialister hominis, GCF_007164725.1)","taxon:dialister hominis","primary","GCST90670509","EUR","reverse_sensitivity","microbiome_trait_units_per_standardized_ED_exposure",15,"estimable","reverse",TRUE,TRUE
"reverse|GCST90670510","ed_2025_eur_reverse_exposure","GCST90670510","Gut microbiome species presence (CAG-452 sp000434035, GCA_000434035.1)","taxon:cag-452 sp000434035","primary","GCST90670510","EUR","reverse_sensitivity","microbiome_trait_units_per_standardized_ED_exposure",15,"estimable","reverse",TRUE,TRUE
"reverse|GCST90670511","ed_2025_eur_reverse_exposure","GCST90670511","Gut microbiome species presence (F23-B02 sp001916715, GCA_001916715.1)","taxon:f23-b02 sp001916715","primary","GCST90670511","EUR","reverse_sensitivity","microbiome_trait_units_per_standardized_ED_exposure",15,"estimable","reverse",TRUE,TRUE
"reverse|GCST90670512","ed_2025_eur_reverse_exposure","GCST90670512","Gut microbiome species presence (Phocaeicola coprocola, GCF_000154845.1)","taxon:phocaeicola coprocola","primary","GCST90670512","EUR","reverse_sensitivity","microbiome_trait_units_per_standardized_ED_exposure",15,"estimable","reverse",TRUE,TRUE
"reverse|GCST90670513","ed_2025_eur_reverse_exposure","GCST90670513","Gut microbiome species abundance (CAG-170 sp002404795, GCA_002404795.1)","taxon:cag-170 sp002404795","primary","GCST90670513","EUR","reverse_sensitivity","microbiome_trait_units_per_standardized_ED_exposure",17,"estimable","reverse",TRUE,TRUE
"reverse|GCST90670514","ed_2025_eur_reverse_exposure","GCST90670514","Gut microbiome species abundance (Bacteroides xylanisolvens, GCF_000210075.1)","taxon:bacteroides xylanisolvens","primary","GCST90670514","EUR","reverse_sensitivity","microbiome_trait_units_per_standardized_ED_exposure",17,"estimable","reverse",TRUE,TRUE
"reverse|GCST90670515","ed_2025_eur_reverse_exposure","GCST90670515","Gut microbiome species abundance (CAG-170 sp900545925, GCA_900545925.1)","taxon:cag-170 sp900545925","primary","GCST90670515","EUR","reverse_sensitivity","microbiome_trait_units_per_standardized_ED_exposure",17,"estimable","reverse",TRUE,TRUE
"reverse|GCST90670516","ed_2025_eur_reverse_exposure","GCST90670516","Gut microbiome species presence (Slackia A isoflavoniconvertens, GCF_003725955.1)","taxon:slackia a isoflavoniconvertens","primary","GCST90670516","EUR","reverse_sensitivity","microbiome_trait_units_per_standardized_ED_exposure",15,"estimable","reverse",TRUE,TRUE
"reverse|GCST90670517","ed_2025_eur_reverse_exposure","GCST90670517","Gut microbiome species presence (Ventricola sp900542395, GCA_900542395.1)","taxon:ventricola sp900542395","primary","GCST90670517","EUR","reverse_sensitivity","microbiome_trait_units_per_standardized_ED_exposure",15,"estimable","reverse",TRUE,TRUE
"reverse|GCST90670518","ed_2025_eur_reverse_exposure","GCST90670518","Gut microbiome species presence (51-20 sp001917175, GCA_001917175.1)","taxon:51-20 sp001917175","primary","GCST90670518","EUR","reverse_sensitivity","microbiome_trait_units_per_standardized_ED_exposure",15,"estimable","reverse",TRUE,TRUE
"reverse|GCST90670519","ed_2025_eur_reverse_exposure","GCST90670519","Gut microbiome species presence (CAG-273 sp003507395, GCA_003507395.1)","taxon:cag-273 sp003507395","primary","GCST90670519","EUR","reverse_sensitivity","microbiome_trait_units_per_standardized_ED_exposure",15,"estimable","reverse",TRUE,TRUE
"reverse|GCST90670520","ed_2025_eur_reverse_exposure","GCST90670520","Gut microbiome species abundance (Alistipes communis, GCF_006542665.1)","taxon:alistipes communis","primary","GCST90670520","EUR","reverse_sensitivity","microbiome_trait_units_per_standardized_ED_exposure",17,"estimable","reverse",TRUE,TRUE
"reverse|GCST90670521","ed_2025_eur_reverse_exposure","GCST90670521","Gut microbiome species presence (Scatocola faecipullorum, GCA_001917125.1)","taxon:scatocola faecipullorum","primary","GCST90670521","EUR","reverse_sensitivity","microbiome_trait_units_per_standardized_ED_exposure",15,"estimable","reverse",TRUE,TRUE
"reverse|GCST90670522","ed_2025_eur_reverse_exposure","GCST90670522","Gut microbiome species presence (CAG-245 sp000435175, GCA_000435175.1)","taxon:cag-245 sp000435175","primary","GCST90670522","EUR","reverse_sensitivity","microbiome_trait_units_per_standardized_ED_exposure",15,"estimable","reverse",TRUE,TRUE
"reverse|GCST90670523","ed_2025_eur_reverse_exposure","GCST90670523","Gut microbiome species abundance (Dysosmobacter welbionis, GCF_005121165.3)","taxon:dysosmobacter welbionis","primary","GCST90670523","EUR","reverse_sensitivity","microbiome_trait_units_per_standardized_ED_exposure",17,"estimable","reverse",TRUE,TRUE
"reverse|GCST90670524","ed_2025_eur_reverse_exposure","GCST90670524","Gut microbiome species abundance (Mediterraneibacter torques, GCF_000153925.1)","taxon:mediterraneibacter torques","primary","GCST90670524","EUR","reverse_sensitivity","microbiome_trait_units_per_standardized_ED_exposure",17,"estimable","reverse",TRUE,TRUE
"reverse|GCST90670525","ed_2025_eur_reverse_exposure","GCST90670525","Gut microbiome species abundance (Anaerostipes hadrus A, GCF_001404655.1)","taxon:anaerostipes hadrus a","primary","GCST90670525","EUR","reverse_sensitivity","microbiome_trait_units_per_standardized_ED_exposure",17,"estimable","reverse",TRUE,TRUE
"reverse|GCST90670526","ed_2025_eur_reverse_exposure","GCST90670526","Gut microbiome species presence (CAG-417 sp000432835, GCA_000432835.1)","taxon:cag-417 sp000432835","primary","GCST90670526","EUR","reverse_sensitivity","microbiome_trait_units_per_standardized_ED_exposure",15,"estimable","reverse",TRUE,TRUE
"reverse|GCST90670527","ed_2025_eur_reverse_exposure","GCST90670527","Gut microbiome species presence (Coprococcus sp000154245, GCA_020735665.1)","taxon:coprococcus sp000154245","primary","GCST90670527","EUR","reverse_sensitivity","microbiome_trait_units_per_standardized_ED_exposure",15,"estimable","reverse",TRUE,TRUE
"reverse|GCST90670528","ed_2025_eur_reverse_exposure","GCST90670528","Gut microbiome species abundance (Bacteroides cellulosilyticus, GCF_000158035.1)","taxon:bacteroides cellulosilyticus","primary","GCST90670528","EUR","reverse_sensitivity","microbiome_trait_units_per_standardized_ED_exposure",17,"estimable","reverse",TRUE,TRUE
"reverse|GCST90670529","ed_2025_eur_reverse_exposure","GCST90670529","Gut microbiome species presence (Butyribacter intestini, GCA_001414325.1)","taxon:butyribacter intestini","primary","GCST90670529","EUR","reverse_sensitivity","microbiome_trait_units_per_standardized_ED_exposure",15,"estimable","reverse",TRUE,TRUE
"reverse|GCST90670530","ed_2025_eur_reverse_exposure","GCST90670530","Gut microbiome species abundance (Parabacteroides merdae, GCA_025151215.1)","taxon:parabacteroides merdae","primary","GCST90670530","EUR","reverse_sensitivity","microbiome_trait_units_per_standardized_ED_exposure",17,"estimable","reverse",TRUE,TRUE
"reverse|GCST90670531","ed_2025_eur_reverse_exposure","GCST90670531","Gut microbiome species presence (Ellagibacter isourolithinifaciens, GCF_008831035.1)","taxon:ellagibacter isourolithinifaciens","primary","GCST90670531","EUR","reverse_sensitivity","microbiome_trait_units_per_standardized_ED_exposure",15,"estimable","reverse",TRUE,TRUE
"reverse|GCST90670532","ed_2025_eur_reverse_exposure","GCST90670532","Gut microbiome species abundance (Blautia A sp000436615, GCF_003461245.1)","taxon:blautia a sp000436615","primary","GCST90670532","EUR","reverse_sensitivity","microbiome_trait_units_per_standardized_ED_exposure",17,"estimable","reverse",TRUE,TRUE
"reverse|GCST90670533","ed_2025_eur_reverse_exposure","GCST90670533","Gut microbiome species presence (Onthocola B sp000437355, GCA_000437355.1)","taxon:onthocola b sp000437355","primary","GCST90670533","EUR","reverse_sensitivity","microbiome_trait_units_per_standardized_ED_exposure",15,"estimable","reverse",TRUE,TRUE
"reverse|GCST90670534","ed_2025_eur_reverse_exposure","GCST90670534","Gut microbiome species abundance (Acutalibacter ornithocaccae, GCA_000435395.1)","taxon:acutalibacter ornithocaccae","primary","GCST90670534","EUR","reverse_sensitivity","microbiome_trait_units_per_standardized_ED_exposure",17,"estimable","reverse",TRUE,TRUE
"reverse|GCST90670535","ed_2025_eur_reverse_exposure","GCST90670535","Gut microbiome species abundance (Bacteroides caccae, GCF_002222615.2)","taxon:bacteroides caccae","primary","GCST90670535","EUR","reverse_sensitivity","microbiome_trait_units_per_standardized_ED_exposure",17,"estimable","reverse",TRUE,TRUE
"reverse|GCST90670536","ed_2025_eur_reverse_exposure","GCST90670536","Gut microbiome species abundance (Blautia A faecis, GCF_020554845.1)","taxon:blautia a faecis","primary","GCST90670536","EUR","reverse_sensitivity","microbiome_trait_units_per_standardized_ED_exposure",17,"estimable","reverse",TRUE,TRUE
"reverse|GCST90670537","ed_2025_eur_reverse_exposure","GCST90670537","Gut microbiome species presence (Alistipes avistercoris, GCA_000434235.1)","taxon:alistipes avistercoris","primary","GCST90670537","EUR","reverse_sensitivity","microbiome_trait_units_per_standardized_ED_exposure",15,"estimable","reverse",TRUE,TRUE
"reverse|GCST90670538","ed_2025_eur_reverse_exposure","GCST90670538","Gut microbiome species presence (Faecalibacterium prausnitzii J, GCF_003287405.1)","taxon:faecalibacterium prausnitzii j","primary","GCST90670538","EUR","reverse_sensitivity","microbiome_trait_units_per_standardized_ED_exposure",15,"estimable","reverse",TRUE,TRUE
"reverse|GCST90670539","ed_2025_eur_reverse_exposure","GCST90670539","Gut microbiome species abundance (Gemmiger sp900539695, GCA_900539695.1)","taxon:gemmiger sp900539695","primary","GCST90670539","EUR","reverse_sensitivity","microbiome_trait_units_per_standardized_ED_exposure",17,"estimable","reverse",TRUE,TRUE
"reverse|GCST90670540","ed_2025_eur_reverse_exposure","GCST90670540","Gut microbiome species presence (CAG-302 sp900543825, GCA_900543825.1)","taxon:cag-302 sp900543825","primary","GCST90670540","EUR","reverse_sensitivity","microbiome_trait_units_per_standardized_ED_exposure",15,"estimable","reverse",TRUE,TRUE
"reverse|GCST90670541","ed_2025_eur_reverse_exposure","GCST90670541","Gut microbiome species presence (CAZU01 sp000432275, GCA_000432275.1)","taxon:cazu01 sp000432275","primary","GCST90670541","EUR","reverse_sensitivity","microbiome_trait_units_per_standardized_ED_exposure",15,"estimable","reverse",TRUE,TRUE
"reverse|GCST90670542","ed_2025_eur_reverse_exposure","GCST90670542","Gut microbiome species abundance (Phocaeicola dorei, GCF_013009555.1)","taxon:phocaeicola dorei","primary","GCST90670542","EUR","reverse_sensitivity","microbiome_trait_units_per_standardized_ED_exposure",17,"estimable","reverse",TRUE,TRUE
"reverse|GCST90670543","ed_2025_eur_reverse_exposure","GCST90670543","Gut microbiome species presence (CAG-533 sp000434495, GCA_900547775.1)","taxon:cag-533 sp000434495","primary","GCST90670543","EUR","reverse_sensitivity","microbiome_trait_units_per_standardized_ED_exposure",15,"estimable","reverse",TRUE,TRUE
"reverse|GCST90670544","ed_2025_eur_reverse_exposure","GCST90670544","Gut microbiome species abundance (Dorea A longicatena B, GCF_024168045.1)","taxon:dorea a longicatena b","primary","GCST90670544","EUR","reverse_sensitivity","microbiome_trait_units_per_standardized_ED_exposure",17,"estimable","reverse",TRUE,TRUE
"reverse|GCST90670545","ed_2025_eur_reverse_exposure","GCST90670545","Gut microbiome species presence (Gemmiger sp900540595, GCA_900540595.1)","taxon:gemmiger sp900540595","primary","GCST90670545","EUR","reverse_sensitivity","microbiome_trait_units_per_standardized_ED_exposure",15,"estimable","reverse",TRUE,TRUE
"reverse|GCST90670546","ed_2025_eur_reverse_exposure","GCST90670546","Gut microbiome species presence (Gemmiger sp900540775, GCF_018784445.1)","taxon:gemmiger sp900540775","primary","GCST90670546","EUR","reverse_sensitivity","microbiome_trait_units_per_standardized_ED_exposure",15,"estimable","reverse",TRUE,TRUE
"reverse|GCST90670547","ed_2025_eur_reverse_exposure","GCST90670547","Gut microbiome species presence (Lactiplantibacillus plantarum, GCF_014131735.1)","taxon:lactiplantibacillus plantarum","primary","GCST90670547","EUR","reverse_sensitivity","microbiome_trait_units_per_standardized_ED_exposure",15,"estimable","reverse",TRUE,TRUE
"reverse|GCST90670548","ed_2025_eur_reverse_exposure","GCST90670548","Gut microbiome species abundance (Oliverpabstia intestinalis, GCF_009696065.1)","taxon:oliverpabstia intestinalis","primary","GCST90670548","EUR","reverse_sensitivity","microbiome_trait_units_per_standardized_ED_exposure",17,"estimable","reverse",TRUE,TRUE
"reverse|GCST90670549","ed_2025_eur_reverse_exposure","GCST90670549","Gut microbiome species abundance (Faecalibacterium sp900758465, GCF_023347275.1)","taxon:faecalibacterium sp900758465","primary","GCST90670549","EUR","reverse_sensitivity","microbiome_trait_units_per_standardized_ED_exposure",17,"estimable","reverse",TRUE,TRUE
"reverse|GCST90670550","ed_2025_eur_reverse_exposure","GCST90670550","Gut microbiome species presence (Negativibacillus sp000435195, GCA_000435195.1)","taxon:negativibacillus sp000435195","primary","GCST90670550","EUR","reverse_sensitivity","microbiome_trait_units_per_standardized_ED_exposure",15,"estimable","reverse",TRUE,TRUE
"reverse|GCST90670551","ed_2025_eur_reverse_exposure","GCST90670551","Gut microbiome species presence (Enterocloster sp001517625, GCF_001517625.2)","taxon:enterocloster sp001517625","primary","GCST90670551","EUR","reverse_sensitivity","microbiome_trait_units_per_standardized_ED_exposure",15,"estimable","reverse",TRUE,TRUE
"reverse|GCST90670552","ed_2025_eur_reverse_exposure","GCST90670552","Gut microbiome species presence (CAG-628 sp003524085, GCA_003524085.1)","taxon:cag-628 sp003524085","primary","GCST90670552","EUR","reverse_sensitivity","microbiome_trait_units_per_standardized_ED_exposure",15,"estimable","reverse",TRUE,TRUE
"reverse|GCST90670553","ed_2025_eur_reverse_exposure","GCST90670553","Gut microbiome species presence (ER4 sp003522105, GCA_003522105.1)","taxon:er4 sp003522105","primary","GCST90670553","EUR","reverse_sensitivity","microbiome_trait_units_per_standardized_ED_exposure",15,"estimable","reverse",TRUE,TRUE
"reverse|GCST90670554","ed_2025_eur_reverse_exposure","GCST90670554","Gut microbiome species presence (Faecalimonas phoceensis, GCF_900104635.1)","taxon:faecalimonas phoceensis","primary","GCST90670554","EUR","reverse_sensitivity","microbiome_trait_units_per_standardized_ED_exposure",15,"estimable","reverse",TRUE,TRUE
"reverse|GCST90670555","ed_2025_eur_reverse_exposure","GCST90670555","Gut microbiome species abundance (Limiplasma merdipullorum, GCA_900540045.1)","taxon:limiplasma merdipullorum","primary","GCST90670555","EUR","reverse_sensitivity","microbiome_trait_units_per_standardized_ED_exposure",17,"estimable","reverse",TRUE,TRUE
"reverse|GCST90670556","ed_2025_eur_reverse_exposure","GCST90670556","Gut microbiome species abundance (Intestinibacter bartlettii, GCA_025148965.1)","taxon:intestinibacter bartlettii","primary","GCST90670556","EUR","reverse_sensitivity","microbiome_trait_units_per_standardized_ED_exposure",17,"estimable","reverse",TRUE,TRUE
"reverse|GCST90670557","ed_2025_eur_reverse_exposure","GCST90670557","Gut microbiome species abundance (Copromonas sp900066785, GCF_003478035.1)","taxon:copromonas sp900066785","primary","GCST90670557","EUR","reverse_sensitivity","microbiome_trait_units_per_standardized_ED_exposure",17,"estimable","reverse",TRUE,TRUE
"reverse|GCST90670558","ed_2025_eur_reverse_exposure","GCST90670558","Gut microbiome species abundance (Enterocloster sp900541315, GCA_900541315.1)","taxon:enterocloster sp900541315","primary","GCST90670558","EUR","reverse_sensitivity","microbiome_trait_units_per_standardized_ED_exposure",17,"estimable","reverse",TRUE,TRUE
"reverse|GCST90670559","ed_2025_eur_reverse_exposure","GCST90670559","Gut microbiome species presence (Actinomyces sp000220835, GCF_000220835.1)","taxon:actinomyces sp000220835","primary","GCST90670559","EUR","reverse_sensitivity","microbiome_trait_units_per_standardized_ED_exposure",15,"estimable","reverse",TRUE,TRUE
"reverse|GCST90670560","ed_2025_eur_reverse_exposure","GCST90670560","Gut microbiome species presence (Angelakisella sp900547385, GCA_900547385.1)","taxon:angelakisella sp900547385","primary","GCST90670560","EUR","reverse_sensitivity","microbiome_trait_units_per_standardized_ED_exposure",15,"estimable","reverse",TRUE,TRUE
"reverse|GCST90670561","ed_2025_eur_reverse_exposure","GCST90670561","Gut microbiome species presence (Butyribacter sp003524945, GCF_003478445.1)","taxon:butyribacter sp003524945","primary","GCST90670561","EUR","reverse_sensitivity","microbiome_trait_units_per_standardized_ED_exposure",15,"estimable","reverse",TRUE,TRUE
"reverse|GCST90670562","ed_2025_eur_reverse_exposure","GCST90670562","Gut microbiome species presence (CAG-273 sp000437855, GCA_000437855.1)","taxon:cag-273 sp000437855","primary","GCST90670562","EUR","reverse_sensitivity","microbiome_trait_units_per_standardized_ED_exposure",15,"estimable","reverse",TRUE,TRUE
"reverse|GCST90670563","ed_2025_eur_reverse_exposure","GCST90670563","Gut microbiome species abundance (Enterocloster bolteae, GCF_002234575.2)","taxon:enterocloster bolteae","primary","GCST90670563","EUR","reverse_sensitivity","microbiome_trait_units_per_standardized_ED_exposure",17,"estimable","reverse",TRUE,TRUE
"reverse|GCST90670564","ed_2025_eur_reverse_exposure","GCST90670564","Gut microbiome species presence (UBA738 sp003522945, GCA_003522945.1)","taxon:uba738 sp003522945","primary","GCST90670564","EUR","reverse_sensitivity","microbiome_trait_units_per_standardized_ED_exposure",15,"estimable","reverse",TRUE,TRUE
"reverse|GCST90670565","ed_2025_eur_reverse_exposure","GCST90670565","Gut microbiome species presence (Adlercreutzia equolifaciens, GCF_000478885.1)","taxon:adlercreutzia equolifaciens","primary","GCST90670565","EUR","reverse_sensitivity","microbiome_trait_units_per_standardized_ED_exposure",15,"estimable","reverse",TRUE,TRUE
"reverse|GCST90670566","ed_2025_eur_reverse_exposure","GCST90670566","Gut microbiome species presence (Agathobaculum sp003481705, GCF_003481705.1)","taxon:agathobaculum sp003481705","primary","GCST90670566","EUR","reverse_sensitivity","microbiome_trait_units_per_standardized_ED_exposure",15,"estimable","reverse",TRUE,TRUE
"reverse|GCST90670567","ed_2025_eur_reverse_exposure","GCST90670567","Gut microbiome species presence (Bifidobacterium dentium, GCF_001042595.1)","taxon:bifidobacterium dentium","primary","GCST90670567","EUR","reverse_sensitivity","microbiome_trait_units_per_standardized_ED_exposure",15,"estimable","reverse",TRUE,TRUE
"reverse|GCST90670568","ed_2025_eur_reverse_exposure","GCST90670568","Gut microbiome species presence (SFMI01 sp004556155, GCA_004556155.1)","taxon:sfmi01 sp004556155","primary","GCST90670568","EUR","reverse_sensitivity","microbiome_trait_units_per_standardized_ED_exposure",15,"estimable","reverse",TRUE,TRUE
"reverse|GCST90670569","ed_2025_eur_reverse_exposure","GCST90670569","Gut microbiome species presence (CAG-1000 sp000434555, GCA_000434555.1)","taxon:cag-1000 sp000434555","primary","GCST90670569","EUR","reverse_sensitivity","microbiome_trait_units_per_standardized_ED_exposure",15,"estimable","reverse",TRUE,TRUE
"reverse|GCST90670570","ed_2025_eur_reverse_exposure","GCST90670570","Gut microbiome species abundance (Clostridium A leptum, GCA_000154345.1)","taxon:clostridium a leptum","primary","GCST90670570","EUR","reverse_sensitivity","microbiome_trait_units_per_standardized_ED_exposure",17,"estimable","reverse",TRUE,TRUE
"reverse|GCST90670571","ed_2025_eur_reverse_exposure","GCST90670571","Gut microbiome species abundance (Scatomorpha sp900545405, GCA_900545405.1)","taxon:scatomorpha sp900545405","primary","GCST90670571","EUR","reverse_sensitivity","microbiome_trait_units_per_standardized_ED_exposure",17,"estimable","reverse",TRUE,TRUE
"reverse|GCST90670572","ed_2025_eur_reverse_exposure","GCST90670572","Gut microbiome species abundance (Alistipes A ihumii, GCA_025144665.1)","taxon:alistipes a ihumii","primary","GCST90670572","EUR","reverse_sensitivity","microbiome_trait_units_per_standardized_ED_exposure",17,"estimable","reverse",TRUE,TRUE
"reverse|GCST90670573","ed_2025_eur_reverse_exposure","GCST90670573","Gut microbiome species presence (Blautia A caecimuris, GCF_024622975.1)","taxon:blautia a caecimuris","primary","GCST90670573","EUR","reverse_sensitivity","microbiome_trait_units_per_standardized_ED_exposure",15,"estimable","reverse",TRUE,TRUE
"reverse|GCST90670574","ed_2025_eur_reverse_exposure","GCST90670574","Gut microbiome species presence (Eubacterium R sp003526845, GCA_003526845.1)","taxon:eubacterium r sp003526845","primary","GCST90670574","EUR","reverse_sensitivity","microbiome_trait_units_per_standardized_ED_exposure",15,"estimable","reverse",TRUE,TRUE
"reverse|GCST90670575","ed_2025_eur_reverse_exposure","GCST90670575","Gut microbiome species presence (Pelethousia gallinarum, GCA_900543475.1)","taxon:pelethousia gallinarum","primary","GCST90670575","EUR","reverse_sensitivity","microbiome_trait_units_per_standardized_ED_exposure",15,"estimable","reverse",TRUE,TRUE
"reverse|GCST90670576","ed_2025_eur_reverse_exposure","GCST90670576","Gut microbiome species presence (Phocaeicola massiliensis, GCF_000382445.1)","taxon:phocaeicola massiliensis","primary","GCST90670576","EUR","reverse_sensitivity","microbiome_trait_units_per_standardized_ED_exposure",15,"estimable","reverse",TRUE,TRUE
"reverse|GCST90670577","ed_2025_eur_reverse_exposure","GCST90670577","Gut microbiome species presence (Butyricimonas virosa, GCA_025148635.1)","taxon:butyricimonas virosa","primary","GCST90670577","EUR","reverse_sensitivity","microbiome_trait_units_per_standardized_ED_exposure",15,"estimable","reverse",TRUE,TRUE
"reverse|GCST90670578","ed_2025_eur_reverse_exposure","GCST90670578","Gut microbiome species abundance (Clostridium AQ innocuum, GCF_012317185.1)","taxon:clostridium aq innocuum","primary","GCST90670578","EUR","reverse_sensitivity","microbiome_trait_units_per_standardized_ED_exposure",17,"estimable","reverse",TRUE,TRUE
"reverse|GCST90670579","ed_2025_eur_reverse_exposure","GCST90670579","Gut microbiome species presence (CAG-288 sp000437395, GCA_000437395.1)","taxon:cag-288 sp000437395","primary","GCST90670579","EUR","reverse_sensitivity","microbiome_trait_units_per_standardized_ED_exposure",15,"estimable","reverse",TRUE,TRUE
"reverse|GCST90670580","ed_2025_eur_reverse_exposure","GCST90670580","Gut microbiome species presence (CAG-238 sp000435615, GCA_000435615.1)","taxon:cag-238 sp000435615","primary","GCST90670580","EUR","reverse_sensitivity","microbiome_trait_units_per_standardized_ED_exposure",15,"estimable","reverse",TRUE,TRUE
"reverse|GCST90670581","ed_2025_eur_reverse_exposure","GCST90670581","Gut microbiome species presence (Desulfovibrio fairfieldensis, GCF_001553605.1)","taxon:desulfovibrio fairfieldensis","primary","GCST90670581","EUR","reverse_sensitivity","microbiome_trait_units_per_standardized_ED_exposure",15,"estimable","reverse",TRUE,TRUE
"reverse|GCST90670582","ed_2025_eur_reverse_exposure","GCST90670582","Gut microbiome species presence (CAG-170 sp003516765, GCA_003516765.1)","taxon:cag-170 sp003516765","primary","GCST90670582","EUR","reverse_sensitivity","microbiome_trait_units_per_standardized_ED_exposure",15,"estimable","reverse",TRUE,TRUE
"reverse|GCST90670583","ed_2025_eur_reverse_exposure","GCST90670583","Gut microbiome species presence (CAG-273 sp000438355, GCA_000438355.1)","taxon:cag-273 sp000438355","primary","GCST90670583","EUR","reverse_sensitivity","microbiome_trait_units_per_standardized_ED_exposure",15,"estimable","reverse",TRUE,TRUE
"reverse|GCST90670584","ed_2025_eur_reverse_exposure","GCST90670584","Gut microbiome species presence (F23-B02 sp002472405, GCA_002472405.1)","taxon:f23-b02 sp002472405","primary","GCST90670584","EUR","reverse_sensitivity","microbiome_trait_units_per_standardized_ED_exposure",15,"estimable","reverse",TRUE,TRUE
"reverse|GCST90670585","ed_2025_eur_reverse_exposure","GCST90670585","Gut microbiome species presence (Lachnospira sp003451515, GCF_003464165.1)","taxon:lachnospira sp003451515","primary","GCST90670585","EUR","reverse_sensitivity","microbiome_trait_units_per_standardized_ED_exposure",15,"estimable","reverse",TRUE,TRUE
"reverse|GCST90670586","ed_2025_eur_reverse_exposure","GCST90670586","Gut microbiome species presence (UBA644 sp900547165, GCA_900547165.1)","taxon:uba644 sp900547165","primary","GCST90670586","EUR","reverse_sensitivity","microbiome_trait_units_per_standardized_ED_exposure",15,"estimable","reverse",TRUE,TRUE
"reverse|GCST90670587","ed_2025_eur_reverse_exposure","GCST90670587","Gut microbiome species presence (CAG-448 sp003150135, GCA_022009675.1)","taxon:cag-448 sp003150135","primary","GCST90670587","EUR","reverse_sensitivity","microbiome_trait_units_per_standardized_ED_exposure",15,"estimable","reverse",TRUE,TRUE
"reverse|GCST90670588","ed_2025_eur_reverse_exposure","GCST90670588","Gut microbiome species abundance (Faecalibacterium sp900539945, GCA_900539945.1)","taxon:faecalibacterium sp900539945","primary","GCST90670588","EUR","reverse_sensitivity","microbiome_trait_units_per_standardized_ED_exposure",17,"estimable","reverse",TRUE,TRUE
"reverse|GCST90670589","ed_2025_eur_reverse_exposure","GCST90670589","Gut microbiome species presence (Alloscardovia omnicolens, GCF_000420505.1)","taxon:alloscardovia omnicolens","primary","GCST90670589","EUR","reverse_sensitivity","microbiome_trait_units_per_standardized_ED_exposure",15,"estimable","reverse",TRUE,TRUE
"reverse|GCST90670590","ed_2025_eur_reverse_exposure","GCST90670590","Gut microbiome species presence (Coprococcus A catus, GCF_019734885.1)","taxon:coprococcus a catus","primary","GCST90670590","EUR","reverse_sensitivity","microbiome_trait_units_per_standardized_ED_exposure",15,"estimable","reverse",TRUE,TRUE
"reverse|GCST90670591","ed_2025_eur_reverse_exposure","GCST90670591","Gut microbiome species abundance (Copromonas sp000435795, GCA_014385265.1)","taxon:copromonas sp000435795","primary","GCST90670591","EUR","reverse_sensitivity","microbiome_trait_units_per_standardized_ED_exposure",17,"estimable","reverse",TRUE,TRUE
"reverse|GCST90670592","ed_2025_eur_reverse_exposure","GCST90670592","Gut microbiome species presence (CAG-628 sp000438415, GCA_000438415.1)","taxon:cag-628 sp000438415","primary","GCST90670592","EUR","reverse_sensitivity","microbiome_trait_units_per_standardized_ED_exposure",15,"estimable","reverse",TRUE,TRUE
"reverse|GCST90670593","ed_2025_eur_reverse_exposure","GCST90670593","Gut microbiome species abundance (Dorea formicigenerans, GCA_025150245.1)","taxon:dorea formicigenerans","primary","GCST90670593","EUR","reverse_sensitivity","microbiome_trait_units_per_standardized_ED_exposure",17,"estimable","reverse",TRUE,TRUE
"reverse|GCST90670594","ed_2025_eur_reverse_exposure","GCST90670594","Gut microbiome species abundance (Anaerobutyricum soehngenii, GCF_900209925.1)","taxon:anaerobutyricum soehngenii","primary","GCST90670594","EUR","reverse_sensitivity","microbiome_trait_units_per_standardized_ED_exposure",17,"estimable","reverse",TRUE,TRUE
"reverse|GCST90670595","ed_2025_eur_reverse_exposure","GCST90670595","Gut microbiome species presence (Clostridium Q symbiosum, GCF_000466485.1)","taxon:clostridium q symbiosum","primary","GCST90670595","EUR","reverse_sensitivity","microbiome_trait_units_per_standardized_ED_exposure",15,"estimable","reverse",TRUE,TRUE
"reverse|GCST90670596","ed_2025_eur_reverse_exposure","GCST90670596","Gut microbiome species presence (Clostridium sp000435835, GCA_000435835.1)","taxon:clostridium sp000435835","primary","GCST90670596","EUR","reverse_sensitivity","microbiome_trait_units_per_standardized_ED_exposure",15,"estimable","reverse",TRUE,TRUE
"reverse|GCST90670597","ed_2025_eur_reverse_exposure","GCST90670597","Gut microbiome species presence (Lacticaseibacillus paracasei, GCF_000829035.1)","taxon:lacticaseibacillus paracasei","primary","GCST90670597","EUR","reverse_sensitivity","microbiome_trait_units_per_standardized_ED_exposure",15,"estimable","reverse",TRUE,TRUE
"reverse|GCST90670598","ed_2025_eur_reverse_exposure","GCST90670598","Gut microbiome species presence (Limivicinus sp900547315, GCA_900547315.1)","taxon:limivicinus sp900547315","primary","GCST90670598","EUR","reverse_sensitivity","microbiome_trait_units_per_standardized_ED_exposure",15,"estimable","reverse",TRUE,TRUE
"reverse|GCST90670599","ed_2025_eur_reverse_exposure","GCST90670599","Gut microbiome species presence (Bacteroides eggerthii, GCA_025146565.1)","taxon:bacteroides eggerthii","primary","GCST90670599","EUR","reverse_sensitivity","microbiome_trait_units_per_standardized_ED_exposure",15,"estimable","reverse",TRUE,TRUE
"reverse|GCST90670600","ed_2025_eur_reverse_exposure","GCST90670600","Gut microbiome species presence (Blautia A sp003471165, GCF_003471165.1)","taxon:blautia a sp003471165","primary","GCST90670600","EUR","reverse_sensitivity","microbiome_trait_units_per_standardized_ED_exposure",15,"estimable","reverse",TRUE,TRUE
"reverse|GCST90670601","ed_2025_eur_reverse_exposure","GCST90670601","Gut microbiome species presence (Blautia stercoris, GCA_003481745.1)","taxon:blautia stercoris","primary","GCST90670601","EUR","reverse_sensitivity","microbiome_trait_units_per_standardized_ED_exposure",15,"estimable","reverse",TRUE,TRUE
"reverse|GCST90670602","ed_2025_eur_reverse_exposure","GCST90670602","Gut microbiome species abundance (Coprobacter fastidiosus, GCF_003634345.1)","taxon:coprobacter fastidiosus","primary","GCST90670602","EUR","reverse_sensitivity","microbiome_trait_units_per_standardized_ED_exposure",17,"estimable","reverse",TRUE,TRUE
"reverse|GCST90670603","ed_2025_eur_reverse_exposure","GCST90670603","Gut microbiome species presence (UBA1394 sp900066845, GCA_902362965.1)","taxon:uba1394 sp900066845","primary","GCST90670603","EUR","reverse_sensitivity","microbiome_trait_units_per_standardized_ED_exposure",15,"estimable","reverse",TRUE,TRUE
"reverse|GCST90670604","ed_2025_eur_reverse_exposure","GCST90670604","Gut microbiome species abundance (Bariatricus comes, GCA_025149785.1)","taxon:bariatricus comes","primary","GCST90670604","EUR","reverse_sensitivity","microbiome_trait_units_per_standardized_ED_exposure",17,"estimable","reverse",TRUE,TRUE
"reverse|GCST90670605","ed_2025_eur_reverse_exposure","GCST90670605","Gut microbiome species presence (CAG-45 sp000438375, GCA_902363825.1)","taxon:cag-45 sp000438375","primary","GCST90670605","EUR","reverse_sensitivity","microbiome_trait_units_per_standardized_ED_exposure",15,"estimable","reverse",TRUE,TRUE
"reverse|GCST90670606","ed_2025_eur_reverse_exposure","GCST90670606","Gut microbiome species presence (UBA737 sp900549055, GCA_900549055.1)","taxon:uba737 sp900549055","primary","GCST90670606","EUR","reverse_sensitivity","microbiome_trait_units_per_standardized_ED_exposure",15,"estimable","reverse",TRUE,TRUE
"reverse|GCST90670607","ed_2025_eur_reverse_exposure","GCST90670607","Gut microbiome species presence (Bacteroides intestinalis, GCF_000172175.1)","taxon:bacteroides intestinalis","primary","GCST90670607","EUR","reverse_sensitivity","microbiome_trait_units_per_standardized_ED_exposure",15,"estimable","reverse",TRUE,TRUE
"reverse|GCST90670608","ed_2025_eur_reverse_exposure","GCST90670608","Gut microbiome species presence (CAG-267 sp001917135, GCA_001917135.1)","taxon:cag-267 sp001917135","primary","GCST90670608","EUR","reverse_sensitivity","microbiome_trait_units_per_standardized_ED_exposure",15,"estimable","reverse",TRUE,TRUE
"reverse|GCST90670609","ed_2025_eur_reverse_exposure","GCST90670609","Gut microbiome species presence (CAG-475 sp000434435, GCA_000434435.1)","taxon:cag-475 sp000434435","primary","GCST90670609","EUR","reverse_sensitivity","microbiome_trait_units_per_standardized_ED_exposure",15,"estimable","reverse",TRUE,TRUE
"reverse|GCST90670610","ed_2025_eur_reverse_exposure","GCST90670610","Gut microbiome species abundance (Alistipes A indistinctus, GCA_025144995.1)","taxon:alistipes a indistinctus","primary","GCST90670610","EUR","reverse_sensitivity","microbiome_trait_units_per_standardized_ED_exposure",17,"estimable","reverse",TRUE,TRUE
"reverse|GCST90670611","ed_2025_eur_reverse_exposure","GCST90670611","Gut microbiome species abundance (CAG-95 sp900066375, GCA_003490145.1)","taxon:cag-95 sp900066375","primary","GCST90670611","EUR","reverse_sensitivity","microbiome_trait_units_per_standardized_ED_exposure",17,"estimable","reverse",TRUE,TRUE
"reverse|GCST90670612","ed_2025_eur_reverse_exposure","GCST90670612","Gut microbiome species abundance (Faecalibacterium prausnitzii I, GCF_003287495.1)","taxon:faecalibacterium prausnitzii i","primary","GCST90670612","EUR","reverse_sensitivity","microbiome_trait_units_per_standardized_ED_exposure",17,"estimable","reverse",TRUE,TRUE
"reverse|GCST90670613","ed_2025_eur_reverse_exposure","GCST90670613","Gut microbiome species presence (Paratractidigestivibacter faecalis, GCF_003416765.1)","taxon:paratractidigestivibacter faecalis","primary","GCST90670613","EUR","reverse_sensitivity","microbiome_trait_units_per_standardized_ED_exposure",15,"estimable","reverse",TRUE,TRUE
"reverse|GCST90670614","ed_2025_eur_reverse_exposure","GCST90670614","Gut microbiome species abundance (Ruthenibacterium merdipullorum, GCA_900546885.1)","taxon:ruthenibacterium merdipullorum","primary","GCST90670614","EUR","reverse_sensitivity","microbiome_trait_units_per_standardized_ED_exposure",17,"estimable","reverse",TRUE,TRUE
"reverse|GCST90670615","ed_2025_eur_reverse_exposure","GCST90670615","Gut microbiome species presence (CAG-196 sp002102975, GCA_900552525.1)","taxon:cag-196 sp002102975","primary","GCST90670615","EUR","reverse_sensitivity","microbiome_trait_units_per_standardized_ED_exposure",15,"estimable","reverse",TRUE,TRUE
"reverse|GCST90670616","ed_2025_eur_reverse_exposure","GCST90670616","Gut microbiome species presence (Akkermansia muciniphila B, GCF_018847375.1)","taxon:akkermansia muciniphila b","primary","GCST90670616","EUR","reverse_sensitivity","microbiome_trait_units_per_standardized_ED_exposure",15,"estimable","reverse",TRUE,TRUE
"reverse|GCST90670617","ed_2025_eur_reverse_exposure","GCST90670617","Gut microbiome species presence (CAG-103 sp900317855, GCA_900317855.1)","taxon:cag-103 sp900317855","primary","GCST90670617","EUR","reverse_sensitivity","microbiome_trait_units_per_standardized_ED_exposure",15,"estimable","reverse",TRUE,TRUE
"reverse|GCST90670618","ed_2025_eur_reverse_exposure","GCST90670618","Gut microbiome species presence (CAG-274 sp000432155, GCA_000432155.1)","taxon:cag-274 sp000432155","primary","GCST90670618","EUR","reverse_sensitivity","microbiome_trait_units_per_standardized_ED_exposure",15,"estimable","reverse",TRUE,TRUE
"reverse|GCST90670619","ed_2025_eur_reverse_exposure","GCST90670619","Gut microbiome species presence (Desulfovibrio sp900556755, GCF_012843875.1)","taxon:desulfovibrio sp900556755","primary","GCST90670619","EUR","reverse_sensitivity","microbiome_trait_units_per_standardized_ED_exposure",15,"estimable","reverse",TRUE,TRUE
"reverse|GCST90670620","ed_2025_eur_reverse_exposure","GCST90670620","Gut microbiome species presence (Faecalimonas umbilicata, GCF_004346095.1)","taxon:faecalimonas umbilicata","primary","GCST90670620","EUR","reverse_sensitivity","microbiome_trait_units_per_standardized_ED_exposure",15,"estimable","reverse",TRUE,TRUE
"reverse|GCST90670621","ed_2025_eur_reverse_exposure","GCST90670621","Gut microbiome species presence (Merdicola sp001915925, GCA_001915925.1)","taxon:merdicola sp001915925","primary","GCST90670621","EUR","reverse_sensitivity","microbiome_trait_units_per_standardized_ED_exposure",15,"estimable","reverse",TRUE,TRUE
"reverse|GCST90670622","ed_2025_eur_reverse_exposure","GCST90670622","Gut microbiome species abundance (Fimisoma sp000435715, GCA_000435715.1)","taxon:fimisoma sp000435715","primary","GCST90670622","EUR","reverse_sensitivity","microbiome_trait_units_per_standardized_ED_exposure",17,"estimable","reverse",TRUE,TRUE
"reverse|GCST90670623","ed_2025_eur_reverse_exposure","GCST90670623","Gut microbiome species abundance (Lawsonibacter asaccharolyticus, GCA_003112755.1)","taxon:lawsonibacter asaccharolyticus","primary","GCST90670623","EUR","reverse_sensitivity","microbiome_trait_units_per_standardized_ED_exposure",17,"estimable","reverse",TRUE,TRUE
"reverse|GCST90670624","ed_2025_eur_reverse_exposure","GCST90670624","Gut microbiome species presence (UMGS1312 sp900550625, GCA_900550625.1)","taxon:umgs1312 sp900550625","primary","GCST90670624","EUR","reverse_sensitivity","microbiome_trait_units_per_standardized_ED_exposure",15,"estimable","reverse",TRUE,TRUE
"reverse|GCST90670625","ed_2025_eur_reverse_exposure","GCST90670625","Gut microbiome species presence (CAG-1193 sp900550145, GCA_900550145.1)","taxon:cag-1193 sp900550145","primary","GCST90670625","EUR","reverse_sensitivity","microbiome_trait_units_per_standardized_ED_exposure",15,"estimable","reverse",TRUE,TRUE
"reverse|GCST90670626","ed_2025_eur_reverse_exposure","GCST90670626","Gut microbiome species presence (Faecousia sp900546075, GCA_900546075.1)","taxon:faecousia sp900546075","primary","GCST90670626","EUR","reverse_sensitivity","microbiome_trait_units_per_standardized_ED_exposure",15,"estimable","reverse",TRUE,TRUE
"reverse|GCST90670627","ed_2025_eur_reverse_exposure","GCST90670627","Gut microbiome species presence (Nanogingivalis sp015257795, GCA_015257795.3)","taxon:nanogingivalis sp015257795","primary","GCST90670627","EUR","reverse_sensitivity","microbiome_trait_units_per_standardized_ED_exposure",15,"estimable","reverse",TRUE,TRUE
"reverse|GCST90670628","ed_2025_eur_reverse_exposure","GCST90670628","Gut microbiome species presence (Rothia mucilaginosa A, GCF_001061665.1)","taxon:rothia mucilaginosa a","primary","GCST90670628","EUR","reverse_sensitivity","microbiome_trait_units_per_standardized_ED_exposure",15,"estimable","reverse",TRUE,TRUE
"reverse|GCST90670629","ed_2025_eur_reverse_exposure","GCST90670629","Gut microbiome species presence (Streptococcus mutans, GCF_006739205.1)","taxon:streptococcus mutans","primary","GCST90670629","EUR","reverse_sensitivity","microbiome_trait_units_per_standardized_ED_exposure",15,"estimable","reverse",TRUE,TRUE
"reverse|GCST90670630","ed_2025_eur_reverse_exposure","GCST90670630","Gut microbiome species presence (Clostridium sp001916075, GCF_014287815.1)","taxon:clostridium sp001916075","primary","GCST90670630","EUR","reverse_sensitivity","microbiome_trait_units_per_standardized_ED_exposure",15,"estimable","reverse",TRUE,TRUE
"reverse|GCST90670631","ed_2025_eur_reverse_exposure","GCST90670631","Gut microbiome species presence (Eubacterium F sp000433735, GCA_000433735.1)","taxon:eubacterium f sp000433735","primary","GCST90670631","EUR","reverse_sensitivity","microbiome_trait_units_per_standardized_ED_exposure",15,"estimable","reverse",TRUE,TRUE
"reverse|GCST90670632","ed_2025_eur_reverse_exposure","GCST90670632","Gut microbiome species presence (UBA1685 sp002320595, GCA_002320595.1)","taxon:uba1685 sp002320595","primary","GCST90670632","EUR","reverse_sensitivity","microbiome_trait_units_per_standardized_ED_exposure",15,"estimable","reverse",TRUE,TRUE
"reverse|GCST90670633","ed_2025_eur_reverse_exposure","GCST90670633","Gut microbiome species presence (Bacteroides clarus, GCF_900129655.1)","taxon:bacteroides clarus","primary","GCST90670633","EUR","reverse_sensitivity","microbiome_trait_units_per_standardized_ED_exposure",15,"estimable","reverse",TRUE,TRUE
"reverse|GCST90670634","ed_2025_eur_reverse_exposure","GCST90670634","Gut microbiome species presence (CAG-245 sp000434195, GCA_000434195.1)","taxon:cag-245 sp000434195","primary","GCST90670634","EUR","reverse_sensitivity","microbiome_trait_units_per_standardized_ED_exposure",15,"estimable","reverse",TRUE,TRUE
"reverse|GCST90670635","ed_2025_eur_reverse_exposure","GCST90670635","Gut microbiome species presence (Agathobacter sp000434275, GCA_902363675.1)","taxon:agathobacter sp000434275","primary","GCST90670635","EUR","reverse_sensitivity","microbiome_trait_units_per_standardized_ED_exposure",15,"estimable","reverse",TRUE,TRUE
"reverse|GCST90670636","ed_2025_eur_reverse_exposure","GCST90670636","Gut microbiome species presence (Desulfovibrio piger A, GCF_900116045.1)","taxon:desulfovibrio piger a","primary","GCST90670636","EUR","reverse_sensitivity","microbiome_trait_units_per_standardized_ED_exposure",15,"estimable","reverse",TRUE,TRUE
"reverse|GCST90670637","ed_2025_eur_reverse_exposure","GCST90670637","Gut microbiome species presence (Onthousia sp000438295, GCA_000438295.1)","taxon:onthousia sp000438295","primary","GCST90670637","EUR","reverse_sensitivity","microbiome_trait_units_per_standardized_ED_exposure",15,"estimable","reverse",TRUE,TRUE
"reverse|GCST90670638","ed_2025_eur_reverse_exposure","GCST90670638","Gut microbiome species presence (UBA737 sp900549755, GCA_900549755.1)","taxon:uba737 sp900549755","primary","GCST90670638","EUR","reverse_sensitivity","microbiome_trait_units_per_standardized_ED_exposure",15,"estimable","reverse",TRUE,TRUE
"reverse|GCST90670639","ed_2025_eur_reverse_exposure","GCST90670639","Gut microbiome species presence (Veillonella rogosae, GCF_002959775.1)","taxon:veillonella rogosae","primary","GCST90670639","EUR","reverse_sensitivity","microbiome_trait_units_per_standardized_ED_exposure",15,"estimable","reverse",TRUE,TRUE
"reverse|GCST90670640","ed_2025_eur_reverse_exposure","GCST90670640","Gut microbiome species presence (Alistipes dispar, GCF_006542685.1)","taxon:alistipes dispar","primary","GCST90670640","EUR","reverse_sensitivity","microbiome_trait_units_per_standardized_ED_exposure",15,"estimable","reverse",TRUE,TRUE
"reverse|GCST90670641","ed_2025_eur_reverse_exposure","GCST90670641","Gut microbiome species abundance (Blautia A sp900066145, GCF_003460605.1)","taxon:blautia a sp900066145","primary","GCST90670641","EUR","reverse_sensitivity","microbiome_trait_units_per_standardized_ED_exposure",17,"estimable","reverse",TRUE,TRUE
"reverse|GCST90670642","ed_2025_eur_reverse_exposure","GCST90670642","Gut microbiome species presence (Parabacteroides goldsteinii, GCF_000969835.1)","taxon:parabacteroides goldsteinii","primary","GCST90670642","EUR","reverse_sensitivity","microbiome_trait_units_per_standardized_ED_exposure",15,"estimable","reverse",TRUE,TRUE
"reverse|GCST90670643","ed_2025_eur_reverse_exposure","GCST90670643","Gut microbiome species presence (Rothia dentocariosa, GCF_000164695.2)","taxon:rothia dentocariosa","primary","GCST90670643","EUR","reverse_sensitivity","microbiome_trait_units_per_standardized_ED_exposure",15,"estimable","reverse",TRUE,TRUE
"reverse|GCST90670644","ed_2025_eur_reverse_exposure","GCST90670644","Gut microbiome species presence (CAG-345 sp000433315, GCA_000433315.1)","taxon:cag-345 sp000433315","primary","GCST90670644","EUR","reverse_sensitivity","microbiome_trait_units_per_standardized_ED_exposure",15,"estimable","reverse",TRUE,TRUE
"reverse|GCST90670645","ed_2025_eur_reverse_exposure","GCST90670645","Gut microbiome species presence (Fimivicinus sp900544375, GCA_900544375.1)","taxon:fimivicinus sp900544375","primary","GCST90670645","EUR","reverse_sensitivity","microbiome_trait_units_per_standardized_ED_exposure",15,"estimable","reverse",TRUE,TRUE
"reverse|GCST90670646","ed_2025_eur_reverse_exposure","GCST90670646","Gut microbiome species presence (QAMH01 sp900544245, GCA_900544245.1)","taxon:qamh01 sp900544245","primary","GCST90670646","EUR","reverse_sensitivity","microbiome_trait_units_per_standardized_ED_exposure",15,"estimable","reverse",TRUE,TRUE
"reverse|GCST90670647","ed_2025_eur_reverse_exposure","GCST90670647","Gut microbiome species abundance (Romboutsia timonensis, GCF_900106845.1)","taxon:romboutsia timonensis","primary","GCST90670647","EUR","reverse_sensitivity","microbiome_trait_units_per_standardized_ED_exposure",17,"estimable","reverse",TRUE,TRUE
"reverse|GCST90670648","ed_2025_eur_reverse_exposure","GCST90670648","Gut microbiome species presence (Ventrimonas sp900538475, GCA_900538475.1)","taxon:ventrimonas sp900538475","primary","GCST90670648","EUR","reverse_sensitivity","microbiome_trait_units_per_standardized_ED_exposure",15,"estimable","reverse",TRUE,TRUE
"reverse|GCST90670649","ed_2025_eur_reverse_exposure","GCST90670649","Gut microbiome species presence (Woodwardibium sp900760275, GCA_900760275.1)","taxon:woodwardibium sp900760275","primary","GCST90670649","EUR","reverse_sensitivity","microbiome_trait_units_per_standardized_ED_exposure",15,"estimable","reverse",TRUE,TRUE
"reverse|GCST90670650","ed_2025_eur_reverse_exposure","GCST90670650","Gut microbiome species presence (CAG-238 sp900551415, GCA_900551415.1)","taxon:cag-238 sp900551415","primary","GCST90670650","EUR","reverse_sensitivity","microbiome_trait_units_per_standardized_ED_exposure",15,"estimable","reverse",TRUE,TRUE
"reverse|GCST90670651","ed_2025_eur_reverse_exposure","GCST90670651","Gut microbiome species presence (Evtepia excrementipullorum, GCA_900546255.1)","taxon:evtepia excrementipullorum","primary","GCST90670651","EUR","reverse_sensitivity","microbiome_trait_units_per_standardized_ED_exposure",15,"estimable","reverse",TRUE,TRUE
"reverse|GCST90670652","ed_2025_eur_reverse_exposure","GCST90670652","Gut microbiome species presence (Faecalitalea cylindroides, GCF_000469305.1)","taxon:faecalitalea cylindroides","primary","GCST90670652","EUR","reverse_sensitivity","microbiome_trait_units_per_standardized_ED_exposure",15,"estimable","reverse",TRUE,TRUE
"reverse|GCST90670653","ed_2025_eur_reverse_exposure","GCST90670653","Gut microbiome species presence (Onthomonas sp900545815, GCA_900545815.1)","taxon:onthomonas sp900545815","primary","GCST90670653","EUR","reverse_sensitivity","microbiome_trait_units_per_standardized_ED_exposure",15,"estimable","reverse",TRUE,TRUE
"reverse|GCST90670654","ed_2025_eur_reverse_exposure","GCST90670654","Gut microbiome species presence (Ruminococcus C sp000980705, GCA_000980705.1)","taxon:ruminococcus c sp000980705","primary","GCST90670654","EUR","reverse_sensitivity","microbiome_trait_units_per_standardized_ED_exposure",15,"estimable","reverse",TRUE,TRUE
"reverse|GCST90670655","ed_2025_eur_reverse_exposure","GCST90670655","Gut microbiome species presence (Scatomorpha intestinigallinarum, GCA_900544295.1)","taxon:scatomorpha intestinigallinarum","primary","GCST90670655","EUR","reverse_sensitivity","microbiome_trait_units_per_standardized_ED_exposure",15,"estimable","reverse",TRUE,TRUE
"reverse|GCST90670656","ed_2025_eur_reverse_exposure","GCST90670656","Gut microbiome species presence (Sellimonas intestinalis, GCF_001280875.1)","taxon:sellimonas intestinalis","primary","GCST90670656","EUR","reverse_sensitivity","microbiome_trait_units_per_standardized_ED_exposure",15,"estimable","reverse",TRUE,TRUE
"reverse|GCST90670657","ed_2025_eur_reverse_exposure","GCST90670657","Gut microbiome species presence (Limiplasma sp900548145, GCA_900548145.1)","taxon:limiplasma sp900548145","primary","GCST90670657","EUR","reverse_sensitivity","microbiome_trait_units_per_standardized_ED_exposure",15,"estimable","reverse",TRUE,TRUE
"reverse|GCST90670658","ed_2025_eur_reverse_exposure","GCST90670658","Gut microbiome species presence (UBA6398 sp003150315, GCA_003150315.1)","taxon:uba6398 sp003150315","primary","GCST90670658","EUR","reverse_sensitivity","microbiome_trait_units_per_standardized_ED_exposure",15,"estimable","reverse",TRUE,TRUE
"reverse|GCST90670659","ed_2025_eur_reverse_exposure","GCST90670659","Gut microbiome species presence (Holdemanella sp900556915, GCF_024460475.1)","taxon:holdemanella sp900556915","primary","GCST90670659","EUR","reverse_sensitivity","microbiome_trait_units_per_standardized_ED_exposure",15,"estimable","reverse",TRUE,TRUE
"reverse|GCST90670660","ed_2025_eur_reverse_exposure","GCST90670660","Gut microbiome species presence (Acidaminococcus intestini, GCF_000425045.1)","taxon:acidaminococcus intestini","primary","GCST90670660","EUR","reverse_sensitivity","microbiome_trait_units_per_standardized_ED_exposure",15,"estimable","reverse",TRUE,TRUE
"reverse|GCST90670661","ed_2025_eur_reverse_exposure","GCST90670661","Gut microbiome species presence (Alistipes A pullistercoris, GCF_009557455.1)","taxon:alistipes a pullistercoris","primary","GCST90670661","EUR","reverse_sensitivity","microbiome_trait_units_per_standardized_ED_exposure",15,"estimable","reverse",TRUE,TRUE
"reverse|GCST90670662","ed_2025_eur_reverse_exposure","GCST90670662","Gut microbiome species presence (Evtepia sp004556345, GCA_004556345.1)","taxon:evtepia sp004556345","primary","GCST90670662","EUR","reverse_sensitivity","microbiome_trait_units_per_standardized_ED_exposure",15,"estimable","reverse",TRUE,TRUE
"reverse|GCST90670663","ed_2025_eur_reverse_exposure","GCST90670663","Gut microbiome species presence (Faecalibacterium prausnitzii, GCF_003324185.1)","taxon:faecalibacterium prausnitzii","primary","GCST90670663","EUR","reverse_sensitivity","microbiome_trait_units_per_standardized_ED_exposure",15,"estimable","reverse",TRUE,TRUE
"reverse|GCST90670664","ed_2025_eur_reverse_exposure","GCST90670664","Gut microbiome species presence (Hungatella effluvii, GCF_003201875.1)","taxon:hungatella effluvii","primary","GCST90670664","EUR","reverse_sensitivity","microbiome_trait_units_per_standardized_ED_exposure",15,"estimable","reverse",TRUE,TRUE
"reverse|GCST90670665","ed_2025_eur_reverse_exposure","GCST90670665","Gut microbiome species presence (Merdibacter merdipullorum, GCA_900543035.1)","taxon:merdibacter merdipullorum","primary","GCST90670665","EUR","reverse_sensitivity","microbiome_trait_units_per_standardized_ED_exposure",15,"estimable","reverse",TRUE,TRUE
"reverse|GCST90670666","ed_2025_eur_reverse_exposure","GCST90670666","Gut microbiome species presence (Merdimorpha sp002314265, GCA_002314265.1)","taxon:merdimorpha sp002314265","primary","GCST90670666","EUR","reverse_sensitivity","microbiome_trait_units_per_standardized_ED_exposure",15,"estimable","reverse",TRUE,TRUE
"reverse|GCST90670667","ed_2025_eur_reverse_exposure","GCST90670667","Gut microbiome species abundance (Faecalibacterium sp900539885, GCF_023347535.1)","taxon:faecalibacterium sp900539885","primary","GCST90670667","EUR","reverse_sensitivity","microbiome_trait_units_per_standardized_ED_exposure",17,"estimable","reverse",TRUE,TRUE
"reverse|GCST90670668","ed_2025_eur_reverse_exposure","GCST90670668","Gut microbiome species presence (Lactobacillus delbrueckii, GCF_001433875.1)","taxon:lactobacillus delbrueckii","primary","GCST90670668","EUR","reverse_sensitivity","microbiome_trait_units_per_standardized_ED_exposure",15,"estimable","reverse",TRUE,TRUE
"reverse|GCST90670669","ed_2025_eur_reverse_exposure","GCST90670669","Gut microbiome species abundance (Lactococcus lactis, GCF_900099625.1)","taxon:lactococcus lactis","primary","GCST90670669","EUR","reverse_sensitivity","microbiome_trait_units_per_standardized_ED_exposure",17,"estimable","reverse",TRUE,TRUE
"reverse|GCST90670670","ed_2025_eur_reverse_exposure","GCST90670670","Gut microbiome species presence (Ruminococcus sp900540005, GCA_900540005.1)","taxon:ruminococcus sp900540005","primary","GCST90670670","EUR","reverse_sensitivity","microbiome_trait_units_per_standardized_ED_exposure",15,"estimable","reverse",TRUE,TRUE
"reverse|GCST90670671","ed_2025_eur_reverse_exposure","GCST90670671","Gut microbiome species presence (CAG-269 sp900555615, GCA_900555615.1)","taxon:cag-269 sp900555615","primary","GCST90670671","EUR","reverse_sensitivity","microbiome_trait_units_per_standardized_ED_exposure",15,"estimable","reverse",TRUE,TRUE
"reverse|GCST90670672","ed_2025_eur_reverse_exposure","GCST90670672","Gut microbiome species presence (UBA11471 sp000434215, GCA_000434215.1)","taxon:uba11471 sp000434215","primary","GCST90670672","EUR","reverse_sensitivity","microbiome_trait_units_per_standardized_ED_exposure",15,"estimable","reverse",TRUE,TRUE
"reverse|GCST90670673","ed_2025_eur_reverse_exposure","GCST90670673","Gut microbiome species presence (UBA7597 sp900542935, GCA_900542935.1)","taxon:uba7597 sp900542935","primary","GCST90670673","EUR","reverse_sensitivity","microbiome_trait_units_per_standardized_ED_exposure",15,"estimable","reverse",TRUE,TRUE
"reverse|GCST90670674","ed_2025_eur_reverse_exposure","GCST90670674","Gut microbiome species presence (UMGS872 sp900546275, GCA_900546275.1)","taxon:umgs872 sp900546275","primary","GCST90670674","EUR","reverse_sensitivity","microbiome_trait_units_per_standardized_ED_exposure",15,"estimable","reverse",TRUE,TRUE
"reverse|GCST90670675","ed_2025_eur_reverse_exposure","GCST90670675","Gut microbiome species presence (UMGS911 sp900545935, GCA_900545935.1)","taxon:umgs911 sp900545935","primary","GCST90670675","EUR","reverse_sensitivity","microbiome_trait_units_per_standardized_ED_exposure",15,"estimable","reverse",TRUE,TRUE
"reverse|GCST90670676","ed_2025_eur_reverse_exposure","GCST90670676","Gut microbiome species presence (Butyricimonas paravirosa, GCF_011927845.1)","taxon:butyricimonas paravirosa","primary","GCST90670676","EUR","reverse_sensitivity","microbiome_trait_units_per_standardized_ED_exposure",15,"estimable","reverse",TRUE,TRUE
"reverse|GCST90670677","ed_2025_eur_reverse_exposure","GCST90670677","Gut microbiome species presence (Clostridium AP sp000509125, GCF_019597925.1)","taxon:clostridium ap sp000509125","primary","GCST90670677","EUR","reverse_sensitivity","microbiome_trait_units_per_standardized_ED_exposure",15,"estimable","reverse",TRUE,TRUE
"reverse|GCST90670678","ed_2025_eur_reverse_exposure","GCST90670678","Gut microbiome species presence (Scatomorpha merdavium, GCA_004553625.1)","taxon:scatomorpha merdavium","primary","GCST90670678","EUR","reverse_sensitivity","microbiome_trait_units_per_standardized_ED_exposure",15,"estimable","reverse",TRUE,TRUE
"reverse|GCST90670679","ed_2025_eur_reverse_exposure","GCST90670679","Gut microbiome species presence (Senegalimassilia anaerobia, GCF_000236865.1)","taxon:senegalimassilia anaerobia","primary","GCST90670679","EUR","reverse_sensitivity","microbiome_trait_units_per_standardized_ED_exposure",15,"estimable","reverse",TRUE,TRUE
"reverse|GCST90670680","ed_2025_eur_reverse_exposure","GCST90670680","Gut microbiome species presence (Spyradocola merdavium, GCA_904393115.1)","taxon:spyradocola merdavium","primary","GCST90670680","EUR","reverse_sensitivity","microbiome_trait_units_per_standardized_ED_exposure",15,"estimable","reverse",TRUE,TRUE
"reverse|GCST90670681","ed_2025_eur_reverse_exposure","GCST90670681","Gut microbiome species presence (UBA737 sp002431945, GCA_002431945.1)","taxon:uba737 sp002431945","primary","GCST90670681","EUR","reverse_sensitivity","microbiome_trait_units_per_standardized_ED_exposure",15,"estimable","reverse",TRUE,TRUE
"reverse|GCST90670682","ed_2025_eur_reverse_exposure","GCST90670682","Gut microbiome species abundance (Ventrimonas sp003478505, GCF_003478505.1)","taxon:ventrimonas sp003478505","primary","GCST90670682","EUR","reverse_sensitivity","microbiome_trait_units_per_standardized_ED_exposure",17,"estimable","reverse",TRUE,TRUE
"reverse|GCST90670683","ed_2025_eur_reverse_exposure","GCST90670683","Gut microbiome species presence (Clostridium Q saccharolyticum A, GCF_020736365.1)","taxon:clostridium q saccharolyticum a","primary","GCST90670683","EUR","reverse_sensitivity","microbiome_trait_units_per_standardized_ED_exposure",15,"estimable","reverse",TRUE,TRUE
"reverse|GCST90670684","ed_2025_eur_reverse_exposure","GCST90670684","Gut microbiome species presence (Clostridium saudiense, GCF_000577815.1)","taxon:clostridium saudiense","primary","GCST90670684","EUR","reverse_sensitivity","microbiome_trait_units_per_standardized_ED_exposure",15,"estimable","reverse",TRUE,TRUE
"reverse|GCST90670685","ed_2025_eur_reverse_exposure","GCST90670685","Gut microbiome species presence (Eubacterium G sp000435815, GCF_003460505.1)","taxon:eubacterium g sp000435815","primary","GCST90670685","EUR","reverse_sensitivity","microbiome_trait_units_per_standardized_ED_exposure",15,"estimable","reverse",TRUE,TRUE
"reverse|GCST90670686","ed_2025_eur_reverse_exposure","GCST90670686","Gut microbiome species presence (Faecousia gallistercoris, GCA_900546915.1)","taxon:faecousia gallistercoris","primary","GCST90670686","EUR","reverse_sensitivity","microbiome_trait_units_per_standardized_ED_exposure",15,"estimable","reverse",TRUE,TRUE
"reverse|GCST90670687","ed_2025_eur_reverse_exposure","GCST90670687","Gut microbiome species abundance (UMGS1071 sp900542375, GCA_900542375.1)","taxon:umgs1071 sp900542375","primary","GCST90670687","EUR","reverse_sensitivity","microbiome_trait_units_per_standardized_ED_exposure",17,"estimable","reverse",TRUE,TRUE
"reverse|GCST90670688","ed_2025_eur_reverse_exposure","GCST90670688","Gut microbiome species abundance (Ventrimonas sp003480315, GCF_003480315.1)","taxon:ventrimonas sp003480315","primary","GCST90670688","EUR","reverse_sensitivity","microbiome_trait_units_per_standardized_ED_exposure",17,"estimable","reverse",TRUE,TRUE
"reverse|GCST90670689","ed_2025_eur_reverse_exposure","GCST90670689","Gut microbiome species presence (Butyribacter sp000436755, GCA_000436755.1)","taxon:butyribacter sp000436755","primary","GCST90670689","EUR","reverse_sensitivity","microbiome_trait_units_per_standardized_ED_exposure",15,"estimable","reverse",TRUE,TRUE
"reverse|GCST90670690","ed_2025_eur_reverse_exposure","GCST90670690","Gut microbiome species presence (CAG-170 sp000436735, GCA_000436735.1)","taxon:cag-170 sp000436735","primary","GCST90670690","EUR","reverse_sensitivity","microbiome_trait_units_per_standardized_ED_exposure",15,"estimable","reverse",TRUE,TRUE
"reverse|GCST90670691","ed_2025_eur_reverse_exposure","GCST90670691","Gut microbiome species presence (CAG-313 sp000433035, GCA_000433035.1)","taxon:cag-313 sp000433035","primary","GCST90670691","EUR","reverse_sensitivity","microbiome_trait_units_per_standardized_ED_exposure",15,"estimable","reverse",TRUE,TRUE
"reverse|GCST90670692","ed_2025_eur_reverse_exposure","GCST90670692","Gut microbiome species presence (CAG-582 sp000435515, GCA_000435515.1)","taxon:cag-582 sp000435515","primary","GCST90670692","EUR","reverse_sensitivity","microbiome_trait_units_per_standardized_ED_exposure",15,"estimable","reverse",TRUE,TRUE
"reverse|GCST90670693","ed_2025_eur_reverse_exposure","GCST90670693","Gut microbiome species abundance (Evtepia gabavorous, GCF_003425665.1)","taxon:evtepia gabavorous","primary","GCST90670693","EUR","reverse_sensitivity","microbiome_trait_units_per_standardized_ED_exposure",17,"estimable","reverse",TRUE,TRUE
"reverse|GCST90670694","ed_2025_eur_reverse_exposure","GCST90670694","Gut microbiome species presence (Parolsenella catena, GCF_003966955.1)","taxon:parolsenella catena","primary","GCST90670694","EUR","reverse_sensitivity","microbiome_trait_units_per_standardized_ED_exposure",15,"estimable","reverse",TRUE,TRUE
"reverse|GCST90670695","ed_2025_eur_reverse_exposure","GCST90670695","Gut microbiome species abundance (CAG-170 sp900549635, GCA_916988195.3)","taxon:cag-170 sp900549635","primary","GCST90670695","EUR","reverse_sensitivity","microbiome_trait_units_per_standardized_ED_exposure",17,"estimable","reverse",TRUE,TRUE
"reverse|GCST90670696","ed_2025_eur_reverse_exposure","GCST90670696","Gut microbiome species presence (CAG-272 sp000433515, GCA_000433515.1)","taxon:cag-272 sp000433515","primary","GCST90670696","EUR","reverse_sensitivity","microbiome_trait_units_per_standardized_ED_exposure",15,"estimable","reverse",TRUE,TRUE
"reverse|GCST90670697","ed_2025_eur_reverse_exposure","GCST90670697","Gut microbiome species abundance (Eisenbergiella porci, GCF_009696275.1)","taxon:eisenbergiella porci","primary","GCST90670697","EUR","reverse_sensitivity","microbiome_trait_units_per_standardized_ED_exposure",17,"estimable","reverse",TRUE,TRUE
"reverse|GCST90670698","ed_2025_eur_reverse_exposure","GCST90670698","Gut microbiome species presence (Negativibacillus faecipullorum, GCA_900547455.1)","taxon:negativibacillus faecipullorum","primary","GCST90670698","EUR","reverse_sensitivity","microbiome_trait_units_per_standardized_ED_exposure",15,"estimable","reverse",TRUE,TRUE
"reverse|GCST90670699","ed_2025_eur_reverse_exposure","GCST90670699","Gut microbiome species presence (Ruminococcus C sp000437175, GCF_020709055.1)","taxon:ruminococcus c sp000437175","primary","GCST90670699","EUR","reverse_sensitivity","microbiome_trait_units_per_standardized_ED_exposure",15,"estimable","reverse",TRUE,TRUE
"reverse|GCST90670700","ed_2025_eur_reverse_exposure","GCST90670700","Gut microbiome species presence (Schaedlerella glycyrrhizinilytica A, GCF_015560805.1)","taxon:schaedlerella glycyrrhizinilytica a","primary","GCST90670700","EUR","reverse_sensitivity","microbiome_trait_units_per_standardized_ED_exposure",15,"estimable","reverse",TRUE,TRUE
"reverse|GCST90670701","ed_2025_eur_reverse_exposure","GCST90670701","Gut microbiome species presence (CAG-793 sp000433915, GCA_000433915.1)","taxon:cag-793 sp000433915","primary","GCST90670701","EUR","reverse_sensitivity","microbiome_trait_units_per_standardized_ED_exposure",15,"estimable","reverse",TRUE,TRUE
"reverse|GCST90670702","ed_2025_eur_reverse_exposure","GCST90670702","Gut microbiome species presence (Enterocloster clostridioformis, GCF_020297485.1)","taxon:enterocloster clostridioformis","primary","GCST90670702","EUR","reverse_sensitivity","microbiome_trait_units_per_standardized_ED_exposure",15,"estimable","reverse",TRUE,TRUE
"reverse|GCST90670703","ed_2025_eur_reverse_exposure","GCST90670703","Gut microbiome species presence (Oliverpabstia faecicola, GCF_004123145.1)","taxon:oliverpabstia faecicola","primary","GCST90670703","EUR","reverse_sensitivity","microbiome_trait_units_per_standardized_ED_exposure",15,"estimable","reverse",TRUE,TRUE
"reverse|GCST90670704","ed_2025_eur_reverse_exposure","GCST90670704","Gut microbiome species abundance (UBA3402 sp003478355, GCA_003478355.1)","taxon:uba3402 sp003478355","primary","GCST90670704","EUR","reverse_sensitivity","microbiome_trait_units_per_standardized_ED_exposure",17,"estimable","reverse",TRUE,TRUE
"reverse|GCST90670705","ed_2025_eur_reverse_exposure","GCST90670705","Gut microbiome species presence (Bacteroides faecis, GCF_900106755.1)","taxon:bacteroides faecis","primary","GCST90670705","EUR","reverse_sensitivity","microbiome_trait_units_per_standardized_ED_exposure",15,"estimable","reverse",TRUE,TRUE
"reverse|GCST90670706","ed_2025_eur_reverse_exposure","GCST90670706","Gut microbiome species presence (Bacteroides salyersiae, GCF_000381365.1)","taxon:bacteroides salyersiae","primary","GCST90670706","EUR","reverse_sensitivity","microbiome_trait_units_per_standardized_ED_exposure",15,"estimable","reverse",TRUE,TRUE
"reverse|GCST90670707","ed_2025_eur_reverse_exposure","GCST90670707","Gut microbiome species abundance (Blautia A sp900066355, GCA_900066355.1)","taxon:blautia a sp900066355","primary","GCST90670707","EUR","reverse_sensitivity","microbiome_trait_units_per_standardized_ED_exposure",17,"estimable","reverse",TRUE,TRUE
"reverse|GCST90670708","ed_2025_eur_reverse_exposure","GCST90670708","Gut microbiome species presence (CAG-269 sp001916055, GCA_001916055.1)","taxon:cag-269 sp001916055","primary","GCST90670708","EUR","reverse_sensitivity","microbiome_trait_units_per_standardized_ED_exposure",15,"estimable","reverse",TRUE,TRUE
"reverse|GCST90670709","ed_2025_eur_reverse_exposure","GCST90670709","Gut microbiome species presence (CAG-492 sp000434335, GCA_000434335.1)","taxon:cag-492 sp000434335","primary","GCST90670709","EUR","reverse_sensitivity","microbiome_trait_units_per_standardized_ED_exposure",15,"estimable","reverse",TRUE,TRUE
"reverse|GCST90670710","ed_2025_eur_reverse_exposure","GCST90670710","Gut microbiome species presence (Dialister sp900541485, GCA_900541485.1)","taxon:dialister sp900541485","primary","GCST90670710","EUR","reverse_sensitivity","microbiome_trait_units_per_standardized_ED_exposure",15,"estimable","reverse",TRUE,TRUE
"reverse|GCST90670711","ed_2025_eur_reverse_exposure","GCST90670711","Gut microbiome species abundance (Egerieenecus merdigallinarum, GCA_900553295.1)","taxon:egerieenecus merdigallinarum","primary","GCST90670711","EUR","reverse_sensitivity","microbiome_trait_units_per_standardized_ED_exposure",17,"estimable","reverse",TRUE,TRUE
"reverse|GCST90670712","ed_2025_eur_reverse_exposure","GCST90670712","Gut microbiome species abundance (Enterocloster aldenensis, GCF_003434055.1)","taxon:enterocloster aldenensis","primary","GCST90670712","EUR","reverse_sensitivity","microbiome_trait_units_per_standardized_ED_exposure",17,"estimable","reverse",TRUE,TRUE
"reverse|GCST90670713","ed_2025_eur_reverse_exposure","GCST90670713","Gut microbiome species presence (Eubacterium G sp000434315, GCA_902363805.1)","taxon:eubacterium g sp000434315","primary","GCST90670713","EUR","reverse_sensitivity","microbiome_trait_units_per_standardized_ED_exposure",15,"estimable","reverse",TRUE,TRUE
"reverse|GCST90670714","ed_2025_eur_reverse_exposure","GCST90670714","Gut microbiome species abundance (Eubacterium I ramulus, GCF_000469345.1)","taxon:eubacterium i ramulus","primary","GCST90670714","EUR","reverse_sensitivity","microbiome_trait_units_per_standardized_ED_exposure",17,"estimable","reverse",TRUE,TRUE
"reverse|GCST90670715","ed_2025_eur_reverse_exposure","GCST90670715","Gut microbiome species presence (Parabacteroides johnsonii, GCA_025151045.1)","taxon:parabacteroides johnsonii","primary","GCST90670715","EUR","reverse_sensitivity","microbiome_trait_units_per_standardized_ED_exposure",15,"estimable","reverse",TRUE,TRUE
"reverse|GCST90670716","ed_2025_eur_reverse_exposure","GCST90670716","Gut microbiome species presence (UBA11452 sp003526375, GCA_003526375.1)","taxon:uba11452 sp003526375","primary","GCST90670716","EUR","reverse_sensitivity","microbiome_trait_units_per_standardized_ED_exposure",15,"estimable","reverse",TRUE,TRUE
"reverse|GCST90670717","ed_2025_eur_reverse_exposure","GCST90670717","Gut microbiome species presence (Bacteroides nordii, GCA_000613465.1)","taxon:bacteroides nordii","primary","GCST90670717","EUR","reverse_sensitivity","microbiome_trait_units_per_standardized_ED_exposure",15,"estimable","reverse",TRUE,TRUE
"reverse|GCST90670718","ed_2025_eur_reverse_exposure","GCST90670718","Gut microbiome species presence (Bacteroides sp900552405, GCF_020091405.1)","taxon:bacteroides sp900552405","primary","GCST90670718","EUR","reverse_sensitivity","microbiome_trait_units_per_standardized_ED_exposure",15,"estimable","reverse",TRUE,TRUE
"reverse|GCST90670719","ed_2025_eur_reverse_exposure","GCST90670719","Gut microbiome species presence (Caccosoma faecigallinarum, GCA_000433015.1)","taxon:caccosoma faecigallinarum","primary","GCST90670719","EUR","reverse_sensitivity","microbiome_trait_units_per_standardized_ED_exposure",15,"estimable","reverse",TRUE,TRUE
"reverse|GCST90670720","ed_2025_eur_reverse_exposure","GCST90670720","Gut microbiome species presence (CAG-269 sp000437215, GCA_000437215.1)","taxon:cag-269 sp000437215","primary","GCST90670720","EUR","reverse_sensitivity","microbiome_trait_units_per_standardized_ED_exposure",15,"estimable","reverse",TRUE,TRUE
"reverse|GCST90670721","ed_2025_eur_reverse_exposure","GCST90670721","Gut microbiome species presence (CAG-317 sp000433535, GCA_000433535.1)","taxon:cag-317 sp000433535","primary","GCST90670721","EUR","reverse_sensitivity","microbiome_trait_units_per_standardized_ED_exposure",15,"estimable","reverse",TRUE,TRUE
"reverse|GCST90670722","ed_2025_eur_reverse_exposure","GCST90670722","Gut microbiome species presence (CAG-557 sp000435275, GCA_000435275.1)","taxon:cag-557 sp000435275","primary","GCST90670722","EUR","reverse_sensitivity","microbiome_trait_units_per_standardized_ED_exposure",15,"estimable","reverse",TRUE,TRUE
"reverse|GCST90670723","ed_2025_eur_reverse_exposure","GCST90670723","Gut microbiome species abundance (Choladocola sp003480725, GCA_003480725.1)","taxon:choladocola sp003480725","primary","GCST90670723","EUR","reverse_sensitivity","microbiome_trait_units_per_standardized_ED_exposure",17,"estimable","reverse",TRUE,TRUE
"reverse|GCST90670724","ed_2025_eur_reverse_exposure","GCST90670724","Gut microbiome species presence (Cloacibacillus evryensis, GCF_000585335.1)","taxon:cloacibacillus evryensis","primary","GCST90670724","EUR","reverse_sensitivity","microbiome_trait_units_per_standardized_ED_exposure",15,"estimable","reverse",TRUE,TRUE
"reverse|GCST90670725","ed_2025_eur_reverse_exposure","GCST90670725","Gut microbiome species presence (Faeciplasma sp900553675, GCA_900553675.1)","taxon:faeciplasma sp900553675","primary","GCST90670725","EUR","reverse_sensitivity","microbiome_trait_units_per_standardized_ED_exposure",15,"estimable","reverse",TRUE,TRUE
"reverse|GCST90670726","ed_2025_eur_reverse_exposure","GCST90670726","Gut microbiome species presence (Lawsonibacter sp900066825, GCA_003573975.1)","taxon:lawsonibacter sp900066825","primary","GCST90670726","EUR","reverse_sensitivity","microbiome_trait_units_per_standardized_ED_exposure",15,"estimable","reverse",TRUE,TRUE
"reverse|GCST90670727","ed_2025_eur_reverse_exposure","GCST90670727","Gut microbiome species presence (UBA11512 sp003522145, GCA_003522145.1)","taxon:uba11512 sp003522145","primary","GCST90670727","EUR","reverse_sensitivity","microbiome_trait_units_per_standardized_ED_exposure",15,"estimable","reverse",TRUE,TRUE
"reverse|GCST90670728","ed_2025_eur_reverse_exposure","GCST90670728","Gut microbiome species presence (UMGS1820 sp900545865, GCA_900545865.1)","taxon:umgs1820 sp900545865","primary","GCST90670728","EUR","reverse_sensitivity","microbiome_trait_units_per_standardized_ED_exposure",15,"estimable","reverse",TRUE,TRUE
"reverse|GCST90670729","ed_2025_eur_reverse_exposure","GCST90670729","Gut microbiome species presence (Victivallis lenta, GCF_009695545.1)","taxon:victivallis lenta","primary","GCST90670729","EUR","reverse_sensitivity","microbiome_trait_units_per_standardized_ED_exposure",15,"estimable","reverse",TRUE,TRUE
"reverse|GCST90670730","ed_2025_eur_reverse_exposure","GCST90670730","Gut microbiome species presence (Agathobacter sp905209075, GCA_905209075.1)","taxon:agathobacter sp905209075","primary","GCST90670730","EUR","reverse_sensitivity","microbiome_trait_units_per_standardized_ED_exposure",15,"estimable","reverse",TRUE,TRUE
"reverse|GCST90670731","ed_2025_eur_reverse_exposure","GCST90670731","Gut microbiome species presence (CAG-269 sp900551615, GCA_900551615.1)","taxon:cag-269 sp900551615","primary","GCST90670731","EUR","reverse_sensitivity","microbiome_trait_units_per_standardized_ED_exposure",15,"estimable","reverse",TRUE,TRUE
"reverse|GCST90670732","ed_2025_eur_reverse_exposure","GCST90670732","Gut microbiome species presence (CAG-269 sp905213875, GCA_905213875.1)","taxon:cag-269 sp905213875","primary","GCST90670732","EUR","reverse_sensitivity","microbiome_trait_units_per_standardized_ED_exposure",15,"estimable","reverse",TRUE,TRUE
"reverse|GCST90670733","ed_2025_eur_reverse_exposure","GCST90670733","Gut microbiome species presence (Faecousia sp900544705, GCA_900544705.1)","taxon:faecousia sp900544705","primary","GCST90670733","EUR","reverse_sensitivity","microbiome_trait_units_per_standardized_ED_exposure",15,"estimable","reverse",TRUE,TRUE
"reverse|GCST90670734","ed_2025_eur_reverse_exposure","GCST90670734","Gut microbiome species presence (UBA1394 sp900538575, GCA_900538575.1)","taxon:uba1394 sp900538575","primary","GCST90670734","EUR","reverse_sensitivity","microbiome_trait_units_per_standardized_ED_exposure",15,"estimable","reverse",TRUE,TRUE
"reverse|GCST90670735","ed_2025_eur_reverse_exposure","GCST90670735","Gut microbiome species presence (UMGS1865 sp900547725, GCA_900547725.1)","taxon:umgs1865 sp900547725","primary","GCST90670735","EUR","reverse_sensitivity","microbiome_trait_units_per_standardized_ED_exposure",15,"estimable","reverse",TRUE,TRUE
"reverse|GCST90670736","ed_2025_eur_reverse_exposure","GCST90670736","Gut microbiome species abundance (UMGS856 sp900546265, GCA_900546265.1)","taxon:umgs856 sp900546265","primary","GCST90670736","EUR","reverse_sensitivity","microbiome_trait_units_per_standardized_ED_exposure",17,"estimable","reverse",TRUE,TRUE
"reverse|GCST90670737","ed_2025_eur_reverse_exposure","GCST90670737","Gut microbiome species presence (Victivallis vadensis, GCF_003096415.1)","taxon:victivallis vadensis","primary","GCST90670737","EUR","reverse_sensitivity","microbiome_trait_units_per_standardized_ED_exposure",15,"estimable","reverse",TRUE,TRUE
"reverse|GCST90670738","ed_2025_eur_reverse_exposure","GCST90670738","Gut microbiome species presence (Anaerostipes caccae, GCF_014467075.1)","taxon:anaerostipes caccae","primary","GCST90670738","EUR","reverse_sensitivity","microbiome_trait_units_per_standardized_ED_exposure",15,"estimable","reverse",TRUE,TRUE
"reverse|GCST90670739","ed_2025_eur_reverse_exposure","GCST90670739","Gut microbiome species abundance (Blautia A sp900066205, GCF_013304735.1)","taxon:blautia a sp900066205","primary","GCST90670739","EUR","reverse_sensitivity","microbiome_trait_units_per_standardized_ED_exposure",17,"estimable","reverse",TRUE,TRUE
"reverse|GCST90670740","ed_2025_eur_reverse_exposure","GCST90670740","Gut microbiome species presence (CAG-269 sp900556345, GCA_900556345.1)","taxon:cag-269 sp900556345","primary","GCST90670740","EUR","reverse_sensitivity","microbiome_trait_units_per_standardized_ED_exposure",15,"estimable","reverse",TRUE,TRUE
"reverse|GCST90670741","ed_2025_eur_reverse_exposure","GCST90670741","Gut microbiome species presence (Clostridium sp900539375, GCA_900539375.1)","taxon:clostridium sp900539375","primary","GCST90670741","EUR","reverse_sensitivity","microbiome_trait_units_per_standardized_ED_exposure",15,"estimable","reverse",TRUE,TRUE
"reverse|GCST90670742","ed_2025_eur_reverse_exposure","GCST90670742","Gut microbiome species presence (Lawsonibacter sp000177015, GCF_008727735.1)","taxon:lawsonibacter sp000177015","primary","GCST90670742","EUR","reverse_sensitivity","microbiome_trait_units_per_standardized_ED_exposure",15,"estimable","reverse",TRUE,TRUE
"reverse|GCST90670743","ed_2025_eur_reverse_exposure","GCST90670743","Gut microbiome species presence (Lawsonibacter sp900545895, GCF_016899775.1)","taxon:lawsonibacter sp900545895","primary","GCST90670743","EUR","reverse_sensitivity","microbiome_trait_units_per_standardized_ED_exposure",15,"estimable","reverse",TRUE,TRUE
"reverse|GCST90670744","ed_2025_eur_reverse_exposure","GCST90670744","Gut microbiome species presence (Scatomorpha pullicola, GCA_900543085.1)","taxon:scatomorpha pullicola","primary","GCST90670744","EUR","reverse_sensitivity","microbiome_trait_units_per_standardized_ED_exposure",15,"estimable","reverse",TRUE,TRUE
"reverse|GCST90670745","ed_2025_eur_reverse_exposure","GCST90670745","Gut microbiome species presence (Schaedlerella sp900066545, GCA_003480425.1)","taxon:schaedlerella sp900066545","primary","GCST90670745","EUR","reverse_sensitivity","microbiome_trait_units_per_standardized_ED_exposure",15,"estimable","reverse",TRUE,TRUE
"reverse|GCST90670746","ed_2025_eur_reverse_exposure","GCST90670746","Gut microbiome species abundance (Ventricola sp900542445, GCA_900542445.1)","taxon:ventricola sp900542445","primary","GCST90670746","EUR","reverse_sensitivity","microbiome_trait_units_per_standardized_ED_exposure",17,"estimable","reverse",TRUE,TRUE
"reverse|GCST90670747","ed_2025_eur_reverse_exposure","GCST90670747","Gut microbiome species presence (CAG-269 sp001916035, GCA_001916035.1)","taxon:cag-269 sp001916035","primary","GCST90670747","EUR","reverse_sensitivity","microbiome_trait_units_per_standardized_ED_exposure",15,"estimable","reverse",TRUE,TRUE
"reverse|GCST90670748","ed_2025_eur_reverse_exposure","GCST90670748","Gut microbiome species presence (Faecousia sp000435995, GCA_900545515.1)","taxon:faecousia sp000435995","primary","GCST90670748","EUR","reverse_sensitivity","microbiome_trait_units_per_standardized_ED_exposure",15,"estimable","reverse",TRUE,TRUE
"reverse|GCST90670749","ed_2025_eur_reverse_exposure","GCST90670749","Gut microbiome species abundance (Lachnoclostridium B sp900066555, GCF_003477705.1)","taxon:lachnoclostridium b sp900066555","primary","GCST90670749","EUR","reverse_sensitivity","microbiome_trait_units_per_standardized_ED_exposure",17,"estimable","reverse",TRUE,TRUE
"reverse|GCST90670750","ed_2025_eur_reverse_exposure","GCST90670750","Gut microbiome species presence (Limivicinus sp003150355, GCA_003150355.1)","taxon:limivicinus sp003150355","primary","GCST90670750","EUR","reverse_sensitivity","microbiome_trait_units_per_standardized_ED_exposure",15,"estimable","reverse",TRUE,TRUE
"reverse|GCST90670751","ed_2025_eur_reverse_exposure","GCST90670751","Gut microbiome species presence (QALW01 sp003150515, GCA_003150515.1)","taxon:qalw01 sp003150515","primary","GCST90670751","EUR","reverse_sensitivity","microbiome_trait_units_per_standardized_ED_exposure",15,"estimable","reverse",TRUE,TRUE
"reverse|GCST90670752","ed_2025_eur_reverse_exposure","GCST90670752","Gut microbiome species abundance (Ruthenibacterium sp018380115, GCA_018380115.1)","taxon:ruthenibacterium sp018380115","primary","GCST90670752","EUR","reverse_sensitivity","microbiome_trait_units_per_standardized_ED_exposure",17,"estimable","reverse",TRUE,TRUE
"reverse|GCST90670753","ed_2025_eur_reverse_exposure","GCST90670753","Gut microbiome species presence (Bacteroides sp902362375, GCA_902362375.1)","taxon:bacteroides sp902362375","primary","GCST90670753","EUR","reverse_sensitivity","microbiome_trait_units_per_standardized_ED_exposure",15,"estimable","reverse",TRUE,TRUE
"reverse|GCST90670754","ed_2025_eur_reverse_exposure","GCST90670754","Gut microbiome species presence (CAG-269 sp001916065, GCA_001916065.1)","taxon:cag-269 sp001916065","primary","GCST90670754","EUR","reverse_sensitivity","microbiome_trait_units_per_standardized_ED_exposure",15,"estimable","reverse",TRUE,TRUE
"reverse|GCST90670755","ed_2025_eur_reverse_exposure","GCST90670755","Gut microbiome species presence (Campylobacter B hominis, GCF_000017585.1)","taxon:campylobacter b hominis","primary","GCST90670755","EUR","reverse_sensitivity","microbiome_trait_units_per_standardized_ED_exposure",15,"estimable","reverse",TRUE,TRUE
"reverse|GCST90670756","ed_2025_eur_reverse_exposure","GCST90670756","Gut microbiome species abundance (Intestinibacter sp900540355, GCF_015667935.1)","taxon:intestinibacter sp900540355","primary","GCST90670756","EUR","reverse_sensitivity","microbiome_trait_units_per_standardized_ED_exposure",17,"estimable","reverse",TRUE,TRUE
"reverse|GCST90670757","ed_2025_eur_reverse_exposure","GCST90670757","Gut microbiome species abundance (Limivivens sp900543575, GCA_018223435.1)","taxon:limivivens sp900543575","primary","GCST90670757","EUR","reverse_sensitivity","microbiome_trait_units_per_standardized_ED_exposure",17,"estimable","reverse",TRUE,TRUE
"reverse|GCST90670758","ed_2025_eur_reverse_exposure","GCST90670758","Gut microbiome species presence (Negativibacillus massiliensis, GCF_900148495.1)","taxon:negativibacillus massiliensis","primary","GCST90670758","EUR","reverse_sensitivity","microbiome_trait_units_per_standardized_ED_exposure",15,"estimable","reverse",TRUE,TRUE
"reverse|GCST90670759","ed_2025_eur_reverse_exposure","GCST90670759","Gut microbiome species presence (QALW01 sp900552055, GCA_900552055.1)","taxon:qalw01 sp900552055","primary","GCST90670759","EUR","reverse_sensitivity","microbiome_trait_units_per_standardized_ED_exposure",15,"estimable","reverse",TRUE,TRUE
"reverse|GCST90670760","ed_2025_eur_reverse_exposure","GCST90670760","Gut microbiome species abundance (Streptococcus sp001556435, GCF_009738225.1)","taxon:streptococcus sp001556435","primary","GCST90670760","EUR","reverse_sensitivity","microbiome_trait_units_per_standardized_ED_exposure",17,"estimable","reverse",TRUE,TRUE
"reverse|GCST90670761","ed_2025_eur_reverse_exposure","GCST90670761","Gut microbiome species presence (UBA1417 sp900552925, GCA_900552925.1)","taxon:uba1417 sp900552925","primary","GCST90670761","EUR","reverse_sensitivity","microbiome_trait_units_per_standardized_ED_exposure",15,"estimable","reverse",TRUE,TRUE
"reverse|GCST90670762","ed_2025_eur_reverse_exposure","GCST90670762","Gut microbiome species presence (UMGS1279 sp900550315, GCA_900550315.1)","taxon:umgs1279 sp900550315","primary","GCST90670762","EUR","reverse_sensitivity","microbiome_trait_units_per_standardized_ED_exposure",15,"estimable","reverse",TRUE,TRUE
"reverse|GCST90670763","ed_2025_eur_reverse_exposure","GCST90670763","Gut microbiome species abundance (UMGS1975 sp900546685, GCA_900546685.1)","taxon:umgs1975 sp900546685","primary","GCST90670763","EUR","reverse_sensitivity","microbiome_trait_units_per_standardized_ED_exposure",17,"estimable","reverse",TRUE,TRUE
"reverse|GCST90670764","ed_2025_eur_reverse_exposure","GCST90670764","Gut microbiome species presence (UMGS973 sp900547295, GCA_900547295.1)","taxon:umgs973 sp900547295","primary","GCST90670764","EUR","reverse_sensitivity","microbiome_trait_units_per_standardized_ED_exposure",15,"estimable","reverse",TRUE,TRUE
"reverse|GCST90670765","ed_2025_eur_reverse_exposure","GCST90670765","Gut microbiome species presence (Porphyromonas hMGS.01029, )","taxon:porphyromonas hmgs.01029,","primary","GCST90670765","EUR","reverse_sensitivity","microbiome_trait_units_per_standardized_ED_exposure",15,"estimable","reverse",TRUE,TRUE
"reverse|GCST90670766","ed_2025_eur_reverse_exposure","GCST90670766","Gut microbiome species presence (Alistipes senegalensis, GCA_025145645.1)","taxon:alistipes senegalensis","primary","GCST90670766","EUR","reverse_sensitivity","microbiome_trait_units_per_standardized_ED_exposure",15,"estimable","reverse",TRUE,TRUE
"reverse|GCST90670767","ed_2025_eur_reverse_exposure","GCST90670767","Gut microbiome species presence (Bifidobacterium animalis, GCF_000260715.1)","taxon:bifidobacterium animalis","primary","GCST90670767","EUR","reverse_sensitivity","microbiome_trait_units_per_standardized_ED_exposure",15,"estimable","reverse",TRUE,TRUE
"reverse|GCST90670768","ed_2025_eur_reverse_exposure","GCST90670768","Gut microbiome species presence (Blautia A sp900548245, GCF_009883055.1)","taxon:blautia a sp900548245","primary","GCST90670768","EUR","reverse_sensitivity","microbiome_trait_units_per_standardized_ED_exposure",15,"estimable","reverse",TRUE,TRUE
"reverse|GCST90670769","ed_2025_eur_reverse_exposure","GCST90670769","Gut microbiome species presence (Coprobacillus cateniformis, GCF_009767585.1)","taxon:coprobacillus cateniformis","primary","GCST90670769","EUR","reverse_sensitivity","microbiome_trait_units_per_standardized_ED_exposure",15,"estimable","reverse",TRUE,TRUE
"reverse|GCST90670770","ed_2025_eur_reverse_exposure","GCST90670770","Gut microbiome species presence (Dysosmobacter sp905200545, GCA_905200545.1)","taxon:dysosmobacter sp905200545","primary","GCST90670770","EUR","reverse_sensitivity","microbiome_trait_units_per_standardized_ED_exposure",15,"estimable","reverse",TRUE,TRUE
"reverse|GCST90670771","ed_2025_eur_reverse_exposure","GCST90670771","Gut microbiome species abundance (Eubacterium G sp000432355, GCF_003479405.1)","taxon:eubacterium g sp000432355","primary","GCST90670771","EUR","reverse_sensitivity","microbiome_trait_units_per_standardized_ED_exposure",17,"estimable","reverse",TRUE,TRUE
"reverse|GCST90670772","ed_2025_eur_reverse_exposure","GCST90670772","Gut microbiome species presence (Fimisoma sp900540145, GCA_900540145.1)","taxon:fimisoma sp900540145","primary","GCST90670772","EUR","reverse_sensitivity","microbiome_trait_units_per_standardized_ED_exposure",15,"estimable","reverse",TRUE,TRUE
"reverse|GCST90670773","ed_2025_eur_reverse_exposure","GCST90670773","Gut microbiome species presence (HGM13006 sp900756575, GCA_900756575.1)","taxon:hgm13006 sp900756575","primary","GCST90670773","EUR","reverse_sensitivity","microbiome_trait_units_per_standardized_ED_exposure",15,"estimable","reverse",TRUE,TRUE
"reverse|GCST90670774","ed_2025_eur_reverse_exposure","GCST90670774","Gut microbiome species abundance (Pauljensenia sp000278725, GCF_000278725.1)","taxon:pauljensenia sp000278725","primary","GCST90670774","EUR","reverse_sensitivity","microbiome_trait_units_per_standardized_ED_exposure",17,"estimable","reverse",TRUE,TRUE
"reverse|GCST90670775","ed_2025_eur_reverse_exposure","GCST90670775","Gut microbiome species presence (UBA1417 sp900549945, GCA_900549945.1)","taxon:uba1417 sp900549945","primary","GCST90670775","EUR","reverse_sensitivity","microbiome_trait_units_per_standardized_ED_exposure",15,"estimable","reverse",TRUE,TRUE
"reverse|GCST90670776","ed_2025_eur_reverse_exposure","GCST90670776","Gut microbiome species presence (Alistipes sp900541585, GCA_900541585.1)","taxon:alistipes sp900541585","primary","GCST90670776","EUR","reverse_sensitivity","microbiome_trait_units_per_standardized_ED_exposure",15,"estimable","reverse",TRUE,TRUE
"reverse|GCST90670777","ed_2025_eur_reverse_exposure","GCST90670777","Gut microbiome species presence (Bacteroides finegoldii, GCF_000156195.1)","taxon:bacteroides finegoldii","primary","GCST90670777","EUR","reverse_sensitivity","microbiome_trait_units_per_standardized_ED_exposure",15,"estimable","reverse",TRUE,TRUE
"reverse|GCST90670778","ed_2025_eur_reverse_exposure","GCST90670778","Gut microbiome species abundance (Dysosmobacter sp900542115, GCA_900542115.1)","taxon:dysosmobacter sp900542115","primary","GCST90670778","EUR","reverse_sensitivity","microbiome_trait_units_per_standardized_ED_exposure",17,"estimable","reverse",TRUE,TRUE
"reverse|GCST90670779","ed_2025_eur_reverse_exposure","GCST90670779","Gut microbiome species abundance (Eisenbergiella tayi, GCF_001881565.1)","taxon:eisenbergiella tayi","primary","GCST90670779","EUR","reverse_sensitivity","microbiome_trait_units_per_standardized_ED_exposure",17,"estimable","reverse",TRUE,TRUE
"reverse|GCST90670780","ed_2025_eur_reverse_exposure","GCST90670780","Gut microbiome species presence (Faecalibacterium prausnitzii F, GCF_002549775.1)","taxon:faecalibacterium prausnitzii f","primary","GCST90670780","EUR","reverse_sensitivity","microbiome_trait_units_per_standardized_ED_exposure",15,"estimable","reverse",TRUE,TRUE
"reverse|GCST90670781","ed_2025_eur_reverse_exposure","GCST90670781","Gut microbiome species presence (Fimisoma avicola, GCA_900542565.1)","taxon:fimisoma avicola","primary","GCST90670781","EUR","reverse_sensitivity","microbiome_trait_units_per_standardized_ED_exposure",15,"estimable","reverse",TRUE,TRUE
"reverse|GCST90670782","ed_2025_eur_reverse_exposure","GCST90670782","Gut microbiome species presence (HGM12669 sp900761935, GCA_900761935.1)","taxon:hgm12669 sp900761935","primary","GCST90670782","EUR","reverse_sensitivity","microbiome_trait_units_per_standardized_ED_exposure",15,"estimable","reverse",TRUE,TRUE
"reverse|GCST90670783","ed_2025_eur_reverse_exposure","GCST90670783","Gut microbiome species presence (Merdivicinus sp900555435, GCA_900555435.1)","taxon:merdivicinus sp900555435","primary","GCST90670783","EUR","reverse_sensitivity","microbiome_trait_units_per_standardized_ED_exposure",15,"estimable","reverse",TRUE,TRUE
"reverse|GCST90670784","ed_2025_eur_reverse_exposure","GCST90670784","Gut microbiome species presence (Oribacterium sinus, GCF_014202695.1)","taxon:oribacterium sinus","primary","GCST90670784","EUR","reverse_sensitivity","microbiome_trait_units_per_standardized_ED_exposure",15,"estimable","reverse",TRUE,TRUE
"reverse|GCST90670785","ed_2025_eur_reverse_exposure","GCST90670785","Gut microbiome species presence (UMGS172 sp900539855, GCA_900539855.1)","taxon:umgs172 sp900539855","primary","GCST90670785","EUR","reverse_sensitivity","microbiome_trait_units_per_standardized_ED_exposure",15,"estimable","reverse",TRUE,TRUE
"reverse|GCST90670786","ed_2025_eur_reverse_exposure","GCST90670786","Gut microbiome species presence (V9D3004 sp900760345, GCA_900760345.1)","taxon:v9d3004 sp900760345","primary","GCST90670786","EUR","reverse_sensitivity","microbiome_trait_units_per_standardized_ED_exposure",15,"estimable","reverse",TRUE,TRUE
"reverse|GCST90670787","ed_2025_eur_reverse_exposure","GCST90670787","Gut microbiome species presence (Ventrimonas sp900540335, GCA_900540335.1)","taxon:ventrimonas sp900540335","primary","GCST90670787","EUR","reverse_sensitivity","microbiome_trait_units_per_standardized_ED_exposure",15,"estimable","reverse",TRUE,TRUE
"reverse|GCST90670788","ed_2025_eur_reverse_exposure","GCST90670788","Gut microbiome species presence (Acutalibacter stercoravium, GCA_900543555.1)","taxon:acutalibacter stercoravium","primary","GCST90670788","EUR","reverse_sensitivity","microbiome_trait_units_per_standardized_ED_exposure",15,"estimable","reverse",TRUE,TRUE
"reverse|GCST90670789","ed_2025_eur_reverse_exposure","GCST90670789","Gut microbiome species presence (Blautia coccoides, GCF_900461125.1)","taxon:blautia coccoides","primary","GCST90670789","EUR","reverse_sensitivity","microbiome_trait_units_per_standardized_ED_exposure",15,"estimable","reverse",TRUE,TRUE
"reverse|GCST90670790","ed_2025_eur_reverse_exposure","GCST90670790","Gut microbiome species abundance (CAG-170 sp900553545, GCA_900553545.1)","taxon:cag-170 sp900553545","primary","GCST90670790","EUR","reverse_sensitivity","microbiome_trait_units_per_standardized_ED_exposure",17,"estimable","reverse",TRUE,TRUE
"reverse|GCST90670791","ed_2025_eur_reverse_exposure","GCST90670791","Gut microbiome species presence (CAG-274 sp900545305, GCA_900545305.1)","taxon:cag-274 sp900545305","primary","GCST90670791","EUR","reverse_sensitivity","microbiome_trait_units_per_standardized_ED_exposure",15,"estimable","reverse",TRUE,TRUE
"reverse|GCST90670792","ed_2025_eur_reverse_exposure","GCST90670792","Gut microbiome species abundance (CAG-317 sp000433215, GCF_003435815.1)","taxon:cag-317 sp000433215","primary","GCST90670792","EUR","reverse_sensitivity","microbiome_trait_units_per_standardized_ED_exposure",17,"estimable","reverse",TRUE,TRUE
"reverse|GCST90670793","ed_2025_eur_reverse_exposure","GCST90670793","Gut microbiome species presence (CAG-317 sp900543415, GCA_900543415.1)","taxon:cag-317 sp900543415","primary","GCST90670793","EUR","reverse_sensitivity","microbiome_trait_units_per_standardized_ED_exposure",15,"estimable","reverse",TRUE,TRUE
"reverse|GCST90670794","ed_2025_eur_reverse_exposure","GCST90670794","Gut microbiome species abundance (Intestinimonas butyriciproducens, GCF_004154955.1)","taxon:intestinimonas butyriciproducens","primary","GCST90670794","EUR","reverse_sensitivity","microbiome_trait_units_per_standardized_ED_exposure",17,"estimable","reverse",TRUE,TRUE
"reverse|GCST90670795","ed_2025_eur_reverse_exposure","GCST90670795","Gut microbiome species presence (Lawsonibacter sp902363045, GCA_902363045.1)","taxon:lawsonibacter sp902363045","primary","GCST90670795","EUR","reverse_sensitivity","microbiome_trait_units_per_standardized_ED_exposure",15,"estimable","reverse",TRUE,TRUE
"reverse|GCST90670796","ed_2025_eur_reverse_exposure","GCST90670796","Gut microbiome species presence (Longicatena caecimuris, GCF_004341945.1)","taxon:longicatena caecimuris","primary","GCST90670796","EUR","reverse_sensitivity","microbiome_trait_units_per_standardized_ED_exposure",15,"estimable","reverse",TRUE,TRUE
"reverse|GCST90670797","ed_2025_eur_reverse_exposure","GCST90670797","Gut microbiome species presence (Massilistercora timonensis, GCF_900312975.1)","taxon:massilistercora timonensis","primary","GCST90670797","EUR","reverse_sensitivity","microbiome_trait_units_per_standardized_ED_exposure",15,"estimable","reverse",TRUE,TRUE
"reverse|GCST90670798","ed_2025_eur_reverse_exposure","GCST90670798","Gut microbiome species abundance (NSJ-51 sp900549795, GCF_014287895.1)","taxon:nsj-51 sp900549795","primary","GCST90670798","EUR","reverse_sensitivity","microbiome_trait_units_per_standardized_ED_exposure",17,"estimable","reverse",TRUE,TRUE
"reverse|GCST90670799","ed_2025_eur_reverse_exposure","GCST90670799","Gut microbiome species presence (Olsenella F sp001189515, GCF_001189515.2)","taxon:olsenella f sp001189515","primary","GCST90670799","EUR","reverse_sensitivity","microbiome_trait_units_per_standardized_ED_exposure",15,"estimable","reverse",TRUE,TRUE
"reverse|GCST90670800","ed_2025_eur_reverse_exposure","GCST90670800","Gut microbiome species presence (Scatosoma sp003150575, GCA_900540805.1)","taxon:scatosoma sp003150575","primary","GCST90670800","EUR","reverse_sensitivity","microbiome_trait_units_per_standardized_ED_exposure",15,"estimable","reverse",TRUE,TRUE
"reverse|GCST90670801","ed_2025_eur_reverse_exposure","GCST90670801","Gut microbiome species presence (UBA4285 sp900545225, GCA_900545225.1)","taxon:uba4285 sp900545225","primary","GCST90670801","EUR","reverse_sensitivity","microbiome_trait_units_per_standardized_ED_exposure",15,"estimable","reverse",TRUE,TRUE
"reverse|GCST90670802","ed_2025_eur_reverse_exposure","GCST90670802","Gut microbiome species presence (UMGS1071 sp900541905, GCA_900541905.1)","taxon:umgs1071 sp900541905","primary","GCST90670802","EUR","reverse_sensitivity","microbiome_trait_units_per_standardized_ED_exposure",15,"estimable","reverse",TRUE,TRUE
"reverse|GCST90670803","ed_2025_eur_reverse_exposure","GCST90670803","Gut microbiome species presence (UMGS1370 sp900542035, GCA_900542035.1)","taxon:umgs1370 sp900542035","primary","GCST90670803","EUR","reverse_sensitivity","microbiome_trait_units_per_standardized_ED_exposure",15,"estimable","reverse",TRUE,TRUE
"reverse|GCST90670804","ed_2025_eur_reverse_exposure","GCST90670804","Gut microbiome species presence (UMGS621 sp900543915, GCA_900543915.1)","taxon:umgs621 sp900543915","primary","GCST90670804","EUR","reverse_sensitivity","microbiome_trait_units_per_standardized_ED_exposure",15,"estimable","reverse",TRUE,TRUE
"reverse|GCST90670805","ed_2025_eur_reverse_exposure","GCST90670805","Gut microbiome species presence (UMGS902 sp003343845, GCA_003343845.1)","taxon:umgs902 sp003343845","primary","GCST90670805","EUR","reverse_sensitivity","microbiome_trait_units_per_standardized_ED_exposure",15,"estimable","reverse",TRUE,TRUE
"reverse|GCST90670806","ed_2025_eur_reverse_exposure","GCST90670806","Gut microbiome species presence (Allisonella histaminiformans, GCF_900103425.1)","taxon:allisonella histaminiformans","primary","GCST90670806","EUR","reverse_sensitivity","microbiome_trait_units_per_standardized_ED_exposure",15,"estimable","reverse",TRUE,TRUE
"reverse|GCST90670807","ed_2025_eur_reverse_exposure","GCST90670807","Gut microbiome species abundance (Anaeromassilibacillus stercoravium, GCF_002159845.1)","taxon:anaeromassilibacillus stercoravium","primary","GCST90670807","EUR","reverse_sensitivity","microbiome_trait_units_per_standardized_ED_exposure",17,"estimable","reverse",TRUE,TRUE
"reverse|GCST90670808","ed_2025_eur_reverse_exposure","GCST90670808","Gut microbiome species abundance (Borkfalkia ceftriaxoniphila, GCF_004134775.1)","taxon:borkfalkia ceftriaxoniphila","primary","GCST90670808","EUR","reverse_sensitivity","microbiome_trait_units_per_standardized_ED_exposure",17,"estimable","reverse",TRUE,TRUE
"reverse|GCST90670809","ed_2025_eur_reverse_exposure","GCST90670809","Gut microbiome species presence (CAG-269 sp001916005, GCA_001916005.1)","taxon:cag-269 sp001916005","primary","GCST90670809","EUR","reverse_sensitivity","microbiome_trait_units_per_standardized_ED_exposure",15,"estimable","reverse",TRUE,TRUE
"reverse|GCST90670810","ed_2025_eur_reverse_exposure","GCST90670810","Gut microbiome species presence (Faecousia sp900544405, GCA_900544405.1)","taxon:faecousia sp900544405","primary","GCST90670810","EUR","reverse_sensitivity","microbiome_trait_units_per_standardized_ED_exposure",15,"estimable","reverse",TRUE,TRUE
"reverse|GCST90670811","ed_2025_eur_reverse_exposure","GCST90670811","Gut microbiome species presence (Galloscillospira B excrementipullorum, GCA_018714125.1)","taxon:galloscillospira b excrementipullorum","primary","GCST90670811","EUR","reverse_sensitivity","microbiome_trait_units_per_standardized_ED_exposure",15,"estimable","reverse",TRUE,TRUE
"reverse|GCST90670812","ed_2025_eur_reverse_exposure","GCST90670812","Gut microbiome species abundance (Lawsonibacter sp014287875, GCF_014287875.1)","taxon:lawsonibacter sp014287875","primary","GCST90670812","EUR","reverse_sensitivity","microbiome_trait_units_per_standardized_ED_exposure",17,"estimable","reverse",TRUE,TRUE
"reverse|GCST90670813","ed_2025_eur_reverse_exposure","GCST90670813","Gut microbiome species abundance (Lawsonibacter sp900066645, GCA_902362775.1)","taxon:lawsonibacter sp900066645","primary","GCST90670813","EUR","reverse_sensitivity","microbiome_trait_units_per_standardized_ED_exposure",17,"estimable","reverse",TRUE,TRUE
"reverse|GCST90670814","ed_2025_eur_reverse_exposure","GCST90670814","Gut microbiome species presence (Pauljensenia sp000466265, GCF_000466265.1)","taxon:pauljensenia sp000466265","primary","GCST90670814","EUR","reverse_sensitivity","microbiome_trait_units_per_standardized_ED_exposure",15,"estimable","reverse",TRUE,TRUE
"reverse|GCST90670815","ed_2025_eur_reverse_exposure","GCST90670815","Gut microbiome species presence (Scatenecus faecavium, GCA_900551915.1)","taxon:scatenecus faecavium","primary","GCST90670815","EUR","reverse_sensitivity","microbiome_trait_units_per_standardized_ED_exposure",15,"estimable","reverse",TRUE,TRUE
"reverse|GCST90670816","ed_2025_eur_reverse_exposure","GCST90670816","Gut microbiome species presence (Senegalimassilia faecalis, GCF_004135645.1)","taxon:senegalimassilia faecalis","primary","GCST90670816","EUR","reverse_sensitivity","microbiome_trait_units_per_standardized_ED_exposure",15,"estimable","reverse",TRUE,TRUE
"reverse|GCST90670817","ed_2025_eur_reverse_exposure","GCST90670817","Gut microbiome species presence (Spyradocola sp905193155, GCA_905193155.1)","taxon:spyradocola sp905193155","primary","GCST90670817","EUR","reverse_sensitivity","microbiome_trait_units_per_standardized_ED_exposure",15,"estimable","reverse",TRUE,TRUE
"reverse|GCST90670818","ed_2025_eur_reverse_exposure","GCST90670818","Gut microbiome species presence (Streptococcus gordonii, GCF_001553855.1)","taxon:streptococcus gordonii","primary","GCST90670818","EUR","reverse_sensitivity","microbiome_trait_units_per_standardized_ED_exposure",15,"estimable","reverse",TRUE,TRUE
"reverse|GCST90670819","ed_2025_eur_reverse_exposure","GCST90670819","Gut microbiome species presence (Alistipes timonensis, GCF_900107675.1)","taxon:alistipes timonensis","primary","GCST90670819","EUR","reverse_sensitivity","microbiome_trait_units_per_standardized_ED_exposure",15,"estimable","reverse",TRUE,TRUE
"reverse|GCST90670820","ed_2025_eur_reverse_exposure","GCST90670820","Gut microbiome species presence (Blautia A sp003477525, GCF_003477525.1)","taxon:blautia a sp003477525","primary","GCST90670820","EUR","reverse_sensitivity","microbiome_trait_units_per_standardized_ED_exposure",15,"estimable","reverse",TRUE,TRUE
"reverse|GCST90670821","ed_2025_eur_reverse_exposure","GCST90670821","Gut microbiome species abundance (Enterenecus sp900549885, GCA_900549885.1)","taxon:enterenecus sp900549885","primary","GCST90670821","EUR","reverse_sensitivity","microbiome_trait_units_per_standardized_ED_exposure",17,"estimable","reverse",TRUE,TRUE
"reverse|GCST90670822","ed_2025_eur_reverse_exposure","GCST90670822","Gut microbiome species presence (Eubacterium G sp900548465, GCA_900548465.1)","taxon:eubacterium g sp900548465","primary","GCST90670822","EUR","reverse_sensitivity","microbiome_trait_units_per_standardized_ED_exposure",15,"estimable","reverse",TRUE,TRUE
"reverse|GCST90670823","ed_2025_eur_reverse_exposure","GCST90670823","Gut microbiome species presence (Fournierella excrementavium, GCA_004558145.1)","taxon:fournierella excrementavium","primary","GCST90670823","EUR","reverse_sensitivity","microbiome_trait_units_per_standardized_ED_exposure",15,"estimable","reverse",TRUE,TRUE
"reverse|GCST90670824","ed_2025_eur_reverse_exposure","GCST90670824","Gut microbiome species presence (HGM11501 sp900766735, GCA_900766735.1)","taxon:hgm11501 sp900766735","primary","GCST90670824","EUR","reverse_sensitivity","microbiome_trait_units_per_standardized_ED_exposure",15,"estimable","reverse",TRUE,TRUE
"reverse|GCST90670825","ed_2025_eur_reverse_exposure","GCST90670825","Gut microbiome species presence (HGM13222 sp900757485, GCA_900757485.1)","taxon:hgm13222 sp900757485","primary","GCST90670825","EUR","reverse_sensitivity","microbiome_trait_units_per_standardized_ED_exposure",15,"estimable","reverse",TRUE,TRUE
"reverse|GCST90670826","ed_2025_eur_reverse_exposure","GCST90670826","Gut microbiome species presence (Merdicola sp018371855, GCA_018371855.1)","taxon:merdicola sp018371855","primary","GCST90670826","EUR","reverse_sensitivity","microbiome_trait_units_per_standardized_ED_exposure",15,"estimable","reverse",TRUE,TRUE
"reverse|GCST90670827","ed_2025_eur_reverse_exposure","GCST90670827","Gut microbiome species presence (Merdimonas faecis, GCF_001754075.1)","taxon:merdimonas faecis","primary","GCST90670827","EUR","reverse_sensitivity","microbiome_trait_units_per_standardized_ED_exposure",15,"estimable","reverse",TRUE,TRUE
"reverse|GCST90670828","ed_2025_eur_reverse_exposure","GCST90670828","Gut microbiome species presence (Ruminococcus C sp000437255, GCA_000437255.1)","taxon:ruminococcus c sp000437255","primary","GCST90670828","EUR","reverse_sensitivity","microbiome_trait_units_per_standardized_ED_exposure",15,"estimable","reverse",TRUE,TRUE
"reverse|GCST90670829","ed_2025_eur_reverse_exposure","GCST90670829","Gut microbiome species abundance (Scatosoma sp900555925, GCA_900555925.1)","taxon:scatosoma sp900555925","primary","GCST90670829","EUR","reverse_sensitivity","microbiome_trait_units_per_standardized_ED_exposure",17,"estimable","reverse",TRUE,TRUE
"reverse|GCST90670830","ed_2025_eur_reverse_exposure","GCST90670830","Gut microbiome species presence (Veillonella sp900757715, GCA_900757715.1)","taxon:veillonella sp900757715","primary","GCST90670830","EUR","reverse_sensitivity","microbiome_trait_units_per_standardized_ED_exposure",15,"estimable","reverse",TRUE,TRUE
"reverse|GCST90670831","ed_2025_eur_reverse_exposure","GCST90670831","Gut microbiome species presence (Anaerotruncus massiliensis, GCF_900199635.1)","taxon:anaerotruncus massiliensis","primary","GCST90670831","EUR","reverse_sensitivity","microbiome_trait_units_per_standardized_ED_exposure",15,"estimable","reverse",TRUE,TRUE
"reverse|GCST90670832","ed_2025_eur_reverse_exposure","GCST90670832","Gut microbiome species presence (Blautia sp001304935, GCF_020215665.1)","taxon:blautia sp001304935","primary","GCST90670832","EUR","reverse_sensitivity","microbiome_trait_units_per_standardized_ED_exposure",15,"estimable","reverse",TRUE,TRUE
"reverse|GCST90670833","ed_2025_eur_reverse_exposure","GCST90670833","Gut microbiome species presence (Copromonas sp900066055, GCF_003480435.1)","taxon:copromonas sp900066055","primary","GCST90670833","EUR","reverse_sensitivity","microbiome_trait_units_per_standardized_ED_exposure",15,"estimable","reverse",TRUE,TRUE
"reverse|GCST90670834","ed_2025_eur_reverse_exposure","GCST90670834","Gut microbiome species presence (Egerieisoma faecipullorum, GCA_904420095.1)","taxon:egerieisoma faecipullorum","primary","GCST90670834","EUR","reverse_sensitivity","microbiome_trait_units_per_standardized_ED_exposure",15,"estimable","reverse",TRUE,TRUE
"reverse|GCST90670835","ed_2025_eur_reverse_exposure","GCST90670835","Gut microbiome species presence (Faecivicinus sp900553265, GCA_900553265.1)","taxon:faecivicinus sp900553265","primary","GCST90670835","EUR","reverse_sensitivity","microbiome_trait_units_per_standardized_ED_exposure",15,"estimable","reverse",TRUE,TRUE
"reverse|GCST90670836","ed_2025_eur_reverse_exposure","GCST90670836","Gut microbiome species presence (Fimadaptatus sp900553645, GCA_900553645.1)","taxon:fimadaptatus sp900553645","primary","GCST90670836","EUR","reverse_sensitivity","microbiome_trait_units_per_standardized_ED_exposure",15,"estimable","reverse",TRUE,TRUE
"reverse|GCST90670837","ed_2025_eur_reverse_exposure","GCST90670837","Gut microbiome species presence (Frisingicoccus sp900757195, GCA_900757195.1)","taxon:frisingicoccus sp900757195","primary","GCST90670837","EUR","reverse_sensitivity","microbiome_trait_units_per_standardized_ED_exposure",15,"estimable","reverse",TRUE,TRUE
"reverse|GCST90670838","ed_2025_eur_reverse_exposure","GCST90670838","Gut microbiome species presence (Massilicoli timonensis, GCF_900199515.1)","taxon:massilicoli timonensis","primary","GCST90670838","EUR","reverse_sensitivity","microbiome_trait_units_per_standardized_ED_exposure",15,"estimable","reverse",TRUE,TRUE
"reverse|GCST90670839","ed_2025_eur_reverse_exposure","GCST90670839","Gut microbiome species presence (Metalachnospira sp900548595, GCA_900548595.1)","taxon:metalachnospira sp900548595","primary","GCST90670839","EUR","reverse_sensitivity","microbiome_trait_units_per_standardized_ED_exposure",15,"estimable","reverse",TRUE,TRUE
"reverse|GCST90670840","ed_2025_eur_reverse_exposure","GCST90670840","Gut microbiome species abundance (Mogibacterium diversum, GCF_002998925.1)","taxon:mogibacterium diversum","primary","GCST90670840","EUR","reverse_sensitivity","microbiome_trait_units_per_standardized_ED_exposure",17,"estimable","reverse",TRUE,TRUE
"reverse|GCST90670841","ed_2025_eur_reverse_exposure","GCST90670841","Gut microbiome species presence (Scatomorpha gallistercoris, GCA_900544765.1)","taxon:scatomorpha gallistercoris","primary","GCST90670841","EUR","reverse_sensitivity","microbiome_trait_units_per_standardized_ED_exposure",15,"estimable","reverse",TRUE,TRUE
"reverse|GCST90670842","ed_2025_eur_reverse_exposure","GCST90670842","Gut microbiome species presence (Streptococcus parasanguinis, GCF_000164675.2)","taxon:streptococcus parasanguinis","primary","GCST90670842","EUR","reverse_sensitivity","microbiome_trait_units_per_standardized_ED_exposure",15,"estimable","reverse",TRUE,TRUE
"reverse|GCST90670843","ed_2025_eur_reverse_exposure","GCST90670843","Gut microbiome species presence (Terrisporobacter sp900557165, GCA_900557165.1)","taxon:terrisporobacter sp900557165","primary","GCST90670843","EUR","reverse_sensitivity","microbiome_trait_units_per_standardized_ED_exposure",15,"estimable","reverse",TRUE,TRUE
"reverse|GCST90670844","ed_2025_eur_reverse_exposure","GCST90670844","Gut microbiome species presence (UMGS1484 sp902388225, GCA_902388225.1)","taxon:umgs1484 sp902388225","primary","GCST90670844","EUR","reverse_sensitivity","microbiome_trait_units_per_standardized_ED_exposure",15,"estimable","reverse",TRUE,TRUE
"reverse|GCST90670845","ed_2025_eur_reverse_exposure","GCST90670845","Gut microbiome species presence (Woodwardibium gallinarum, GCA_904419545.1)","taxon:woodwardibium gallinarum","primary","GCST90670845","EUR","reverse_sensitivity","microbiome_trait_units_per_standardized_ED_exposure",15,"estimable","reverse",TRUE,TRUE
"reverse|GCST90670846","ed_2025_eur_reverse_exposure","GCST90670846","Gut microbiome species presence (Alectryocaccomicrobium faecavium, GCA_900754755.1)","taxon:alectryocaccomicrobium faecavium","primary","GCST90670846","EUR","reverse_sensitivity","microbiome_trait_units_per_standardized_ED_exposure",15,"estimable","reverse",TRUE,TRUE
"reverse|GCST90670847","ed_2025_eur_reverse_exposure","GCST90670847","Gut microbiome species abundance (Anaerotruncus colihominis, GCA_025146135.1)","taxon:anaerotruncus colihominis","primary","GCST90670847","EUR","reverse_sensitivity","microbiome_trait_units_per_standardized_ED_exposure",17,"estimable","reverse",TRUE,TRUE
"reverse|GCST90670848","ed_2025_eur_reverse_exposure","GCST90670848","Gut microbiome species abundance (Avimicrobium caecorum, GCF_016901815.1)","taxon:avimicrobium caecorum","primary","GCST90670848","EUR","reverse_sensitivity","microbiome_trait_units_per_standardized_ED_exposure",17,"estimable","reverse",TRUE,TRUE
"reverse|GCST90670849","ed_2025_eur_reverse_exposure","GCST90670849","Gut microbiome species presence (Bariatricus comes A, GCF_013300725.1)","taxon:bariatricus comes a","primary","GCST90670849","EUR","reverse_sensitivity","microbiome_trait_units_per_standardized_ED_exposure",15,"estimable","reverse",TRUE,TRUE
"reverse|GCST90670850","ed_2025_eur_reverse_exposure","GCST90670850","Gut microbiome species presence (Blautia A schinkii, GCF_013304825.1)","taxon:blautia a schinkii","primary","GCST90670850","EUR","reverse_sensitivity","microbiome_trait_units_per_standardized_ED_exposure",15,"estimable","reverse",TRUE,TRUE
"reverse|GCST90670851","ed_2025_eur_reverse_exposure","GCST90670851","Gut microbiome species presence (Blautia A sp003474435, GCF_003474435.1)","taxon:blautia a sp003474435","primary","GCST90670851","EUR","reverse_sensitivity","microbiome_trait_units_per_standardized_ED_exposure",15,"estimable","reverse",TRUE,TRUE
"reverse|GCST90670852","ed_2025_eur_reverse_exposure","GCST90670852","Gut microbiome species abundance (Blautia A sp900066505, GCF_013304385.1)","taxon:blautia a sp900066505","primary","GCST90670852","EUR","reverse_sensitivity","microbiome_trait_units_per_standardized_ED_exposure",17,"estimable","reverse",TRUE,TRUE
"reverse|GCST90670853","ed_2025_eur_reverse_exposure","GCST90670853","Gut microbiome species presence (Blautia A sp905209435, GCA_905209435.1)","taxon:blautia a sp905209435","primary","GCST90670853","EUR","reverse_sensitivity","microbiome_trait_units_per_standardized_ED_exposure",15,"estimable","reverse",TRUE,TRUE
"reverse|GCST90670854","ed_2025_eur_reverse_exposure","GCST90670854","Gut microbiome species presence (Butyricimonas faecihominis, GCF_014647335.1)","taxon:butyricimonas faecihominis","primary","GCST90670854","EUR","reverse_sensitivity","microbiome_trait_units_per_standardized_ED_exposure",15,"estimable","reverse",TRUE,TRUE
"reverse|GCST90670855","ed_2025_eur_reverse_exposure","GCST90670855","Gut microbiome species abundance (CAG-238 sp900542245, GCA_900542245.1)","taxon:cag-238 sp900542245","primary","GCST90670855","EUR","reverse_sensitivity","microbiome_trait_units_per_standardized_ED_exposure",17,"estimable","reverse",TRUE,TRUE
"reverse|GCST90670856","ed_2025_eur_reverse_exposure","GCST90670856","Gut microbiome species presence (CAG-269 sp900556695, GCA_900556695.1)","taxon:cag-269 sp900556695","primary","GCST90670856","EUR","reverse_sensitivity","microbiome_trait_units_per_standardized_ED_exposure",15,"estimable","reverse",TRUE,TRUE
"reverse|GCST90670857","ed_2025_eur_reverse_exposure","GCST90670857","Gut microbiome species presence (Collinsella bouchesdurhonensis, GCF_900155365.1)","taxon:collinsella bouchesdurhonensis","primary","GCST90670857","EUR","reverse_sensitivity","microbiome_trait_units_per_standardized_ED_exposure",15,"estimable","reverse",TRUE,TRUE
"reverse|GCST90670858","ed_2025_eur_reverse_exposure","GCST90670858","Gut microbiome species abundance (Enterocloster lavalensis, GCF_902364025.1)","taxon:enterocloster lavalensis","primary","GCST90670858","EUR","reverse_sensitivity","microbiome_trait_units_per_standardized_ED_exposure",17,"estimable","reverse",TRUE,TRUE
"reverse|GCST90670859","ed_2025_eur_reverse_exposure","GCST90670859","Gut microbiome species presence (Eubacterium I ramulus A, GCF_003122485.1)","taxon:eubacterium i ramulus a","primary","GCST90670859","EUR","reverse_sensitivity","microbiome_trait_units_per_standardized_ED_exposure",15,"estimable","reverse",TRUE,TRUE
"reverse|GCST90670860","ed_2025_eur_reverse_exposure","GCST90670860","Gut microbiome species presence (Fimimonas sp900769665, GCA_900769665.1)","taxon:fimimonas sp900769665","primary","GCST90670860","EUR","reverse_sensitivity","microbiome_trait_units_per_standardized_ED_exposure",15,"estimable","reverse",TRUE,TRUE
"reverse|GCST90670861","ed_2025_eur_reverse_exposure","GCST90670861","Gut microbiome species abundance (Intestinimonas massiliensis, GCF_001244995.1)","taxon:intestinimonas massiliensis","primary","GCST90670861","EUR","reverse_sensitivity","microbiome_trait_units_per_standardized_ED_exposure",17,"estimable","reverse",TRUE,TRUE
"reverse|GCST90670862","ed_2025_eur_reverse_exposure","GCST90670862","Gut microbiome species presence (Limenecus avicola, GCA_000980375.1)","taxon:limenecus avicola","primary","GCST90670862","EUR","reverse_sensitivity","microbiome_trait_units_per_standardized_ED_exposure",15,"estimable","reverse",TRUE,TRUE
"reverse|GCST90670863","ed_2025_eur_reverse_exposure","GCST90670863","Gut microbiome species presence (Limiplasma pullistercoris, GCA_900553905.1)","taxon:limiplasma pullistercoris","primary","GCST90670863","EUR","reverse_sensitivity","microbiome_trait_units_per_standardized_ED_exposure",15,"estimable","reverse",TRUE,TRUE
"reverse|GCST90670864","ed_2025_eur_reverse_exposure","GCST90670864","Gut microbiome species presence (Limiplasma sp004556545, GCA_004556545.1)","taxon:limiplasma sp004556545","primary","GCST90670864","EUR","reverse_sensitivity","microbiome_trait_units_per_standardized_ED_exposure",15,"estimable","reverse",TRUE,TRUE
"reverse|GCST90670865","ed_2025_eur_reverse_exposure","GCST90670865","Gut microbiome species presence (Marvinbryantia sp900550755, GCA_905201705.1)","taxon:marvinbryantia sp900550755","primary","GCST90670865","EUR","reverse_sensitivity","microbiome_trait_units_per_standardized_ED_exposure",15,"estimable","reverse",TRUE,TRUE
"reverse|GCST90670866","ed_2025_eur_reverse_exposure","GCST90670866","Gut microbiome species presence (Merdibacter sp900759455, GCA_900759455.1)","taxon:merdibacter sp900759455","primary","GCST90670866","EUR","reverse_sensitivity","microbiome_trait_units_per_standardized_ED_exposure",15,"estimable","reverse",TRUE,TRUE
"reverse|GCST90670867","ed_2025_eur_reverse_exposure","GCST90670867","Gut microbiome species presence (Merdisoma sp900553635, GCA_900553635.1)","taxon:merdisoma sp900553635","primary","GCST90670867","EUR","reverse_sensitivity","microbiome_trait_units_per_standardized_ED_exposure",15,"estimable","reverse",TRUE,TRUE
"reverse|GCST90670868","ed_2025_eur_reverse_exposure","GCST90670868","Gut microbiome species presence (Monoglobus pectinilyticus, GCF_002874775.1)","taxon:monoglobus pectinilyticus","primary","GCST90670868","EUR","reverse_sensitivity","microbiome_trait_units_per_standardized_ED_exposure",15,"estimable","reverse",TRUE,TRUE
"reverse|GCST90670869","ed_2025_eur_reverse_exposure","GCST90670869","Gut microbiome species presence (Propionibacterium freudenreichii, GCF_000940845.1)","taxon:propionibacterium freudenreichii","primary","GCST90670869","EUR","reverse_sensitivity","microbiome_trait_units_per_standardized_ED_exposure",15,"estimable","reverse",TRUE,TRUE
"reverse|GCST90670870","ed_2025_eur_reverse_exposure","GCST90670870","Gut microbiome species presence (UMGS1696 sp900753285, GCA_900753285.1)","taxon:umgs1696 sp900753285","primary","GCST90670870","EUR","reverse_sensitivity","microbiome_trait_units_per_standardized_ED_exposure",15,"estimable","reverse",TRUE,TRUE
"reverse|GCST90670871","ed_2025_eur_reverse_exposure","GCST90670871","Gut microbiome species presence (Varibaculum timonense A, GCA_900120415.1)","taxon:varibaculum timonense a","primary","GCST90670871","EUR","reverse_sensitivity","microbiome_trait_units_per_standardized_ED_exposure",15,"estimable","reverse",TRUE,TRUE
"reverse|GCST90670872","ed_2025_eur_reverse_exposure","GCST90670872","Gut microbiome species presence (Agathobaculum sp900544475, GCA_900544475.1)","taxon:agathobaculum sp900544475","primary","GCST90670872","EUR","reverse_sensitivity","microbiome_trait_units_per_standardized_ED_exposure",15,"estimable","reverse",TRUE,TRUE
"reverse|GCST90670873","ed_2025_eur_reverse_exposure","GCST90670873","Gut microbiome species abundance (Alangreenwoodia sp905206455, GCA_905206455.1)","taxon:alangreenwoodia sp905206455","primary","GCST90670873","EUR","reverse_sensitivity","microbiome_trait_units_per_standardized_ED_exposure",17,"estimable","reverse",TRUE,TRUE
"reverse|GCST90670874","ed_2025_eur_reverse_exposure","GCST90670874","Gut microbiome species presence (Anaeromassilibacillus sp001305115, GCA_001305115.1)","taxon:anaeromassilibacillus sp001305115","primary","GCST90670874","EUR","reverse_sensitivity","microbiome_trait_units_per_standardized_ED_exposure",15,"estimable","reverse",TRUE,TRUE
"reverse|GCST90670875","ed_2025_eur_reverse_exposure","GCST90670875","Gut microbiome species presence (Blautia A luti, GCF_009707925.1)","taxon:blautia a luti","primary","GCST90670875","EUR","reverse_sensitivity","microbiome_trait_units_per_standardized_ED_exposure",15,"estimable","reverse",TRUE,TRUE
"reverse|GCST90670876","ed_2025_eur_reverse_exposure","GCST90670876","Gut microbiome species presence (Caccousia sp900752115, GCA_900752115.1)","taxon:caccousia sp900752115","primary","GCST90670876","EUR","reverse_sensitivity","microbiome_trait_units_per_standardized_ED_exposure",15,"estimable","reverse",TRUE,TRUE
"reverse|GCST90670877","ed_2025_eur_reverse_exposure","GCST90670877","Gut microbiome species presence (CAG-269 sp900554565, GCA_900554565.1)","taxon:cag-269 sp900554565","primary","GCST90670877","EUR","reverse_sensitivity","microbiome_trait_units_per_standardized_ED_exposure",15,"estimable","reverse",TRUE,TRUE
"reverse|GCST90670878","ed_2025_eur_reverse_exposure","GCST90670878","Gut microbiome species abundance (Choladousia sp902363665, GCA_902363665.1)","taxon:choladousia sp902363665","primary","GCST90670878","EUR","reverse_sensitivity","microbiome_trait_units_per_standardized_ED_exposure",17,"estimable","reverse",TRUE,TRUE
"reverse|GCST90670879","ed_2025_eur_reverse_exposure","GCST90670879","Gut microbiome species presence (Clostridium AQ sp000165065, GCA_017161075.1)","taxon:clostridium aq sp000165065","primary","GCST90670879","EUR","reverse_sensitivity","microbiome_trait_units_per_standardized_ED_exposure",15,"estimable","reverse",TRUE,TRUE
"reverse|GCST90670880","ed_2025_eur_reverse_exposure","GCST90670880","Gut microbiome species abundance (Dielma fastidiosa, GCF_000313565.1)","taxon:dielma fastidiosa","primary","GCST90670880","EUR","reverse_sensitivity","microbiome_trait_units_per_standardized_ED_exposure",17,"estimable","reverse",TRUE,TRUE
"reverse|GCST90670881","ed_2025_eur_reverse_exposure","GCST90670881","Gut microbiome species presence (Dysosmobacter excrementavium, GCA_019118505.1)","taxon:dysosmobacter excrementavium","primary","GCST90670881","EUR","reverse_sensitivity","microbiome_trait_units_per_standardized_ED_exposure",15,"estimable","reverse",TRUE,TRUE
"reverse|GCST90670882","ed_2025_eur_reverse_exposure","GCST90670882","Gut microbiome species presence (Dysosmobacter sp900551885, GCA_900551885.1)","taxon:dysosmobacter sp900551885","primary","GCST90670882","EUR","reverse_sensitivity","microbiome_trait_units_per_standardized_ED_exposure",15,"estimable","reverse",TRUE,TRUE
"reverse|GCST90670883","ed_2025_eur_reverse_exposure","GCST90670883","Gut microbiome species abundance (Enterocloster citroniae, GCF_000233455.1)","taxon:enterocloster citroniae","primary","GCST90670883","EUR","reverse_sensitivity","microbiome_trait_units_per_standardized_ED_exposure",17,"estimable","reverse",TRUE,TRUE
"reverse|GCST90670884","ed_2025_eur_reverse_exposure","GCST90670884","Gut microbiome species abundance (Enterocloster excrementigallinarum, GCA_900547035.1)","taxon:enterocloster excrementigallinarum","primary","GCST90670884","EUR","reverse_sensitivity","microbiome_trait_units_per_standardized_ED_exposure",17,"estimable","reverse",TRUE,TRUE
"reverse|GCST90670885","ed_2025_eur_reverse_exposure","GCST90670885","Gut microbiome species presence (ER4 sp900552015, GCA_900552015.1)","taxon:er4 sp900552015","primary","GCST90670885","EUR","reverse_sensitivity","microbiome_trait_units_per_standardized_ED_exposure",15,"estimable","reverse",TRUE,TRUE
"reverse|GCST90670886","ed_2025_eur_reverse_exposure","GCST90670886","Gut microbiome species presence (Eubacterium I sp900546495, GCA_900546495.1)","taxon:eubacterium i sp900546495","primary","GCST90670886","EUR","reverse_sensitivity","microbiome_trait_units_per_standardized_ED_exposure",15,"estimable","reverse",TRUE,TRUE
"reverse|GCST90670887","ed_2025_eur_reverse_exposure","GCST90670887","Gut microbiome species presence (Fimivivens sp900113995, GCA_900113995.1)","taxon:fimivivens sp900113995","primary","GCST90670887","EUR","reverse_sensitivity","microbiome_trait_units_per_standardized_ED_exposure",15,"estimable","reverse",TRUE,TRUE
"reverse|GCST90670888","ed_2025_eur_reverse_exposure","GCST90670888","Gut microbiome species abundance (Holdemania filiformis, GCF_000157995.1)","taxon:holdemania filiformis","primary","GCST90670888","EUR","reverse_sensitivity","microbiome_trait_units_per_standardized_ED_exposure",17,"estimable","reverse",TRUE,TRUE
"reverse|GCST90670889","ed_2025_eur_reverse_exposure","GCST90670889","Gut microbiome species presence (Pauljensenia sp902373545, GCA_902373545.1)","taxon:pauljensenia sp902373545","primary","GCST90670889","EUR","reverse_sensitivity","microbiome_trait_units_per_standardized_ED_exposure",15,"estimable","reverse",TRUE,TRUE
"reverse|GCST90670890","ed_2025_eur_reverse_exposure","GCST90670890","Gut microbiome species presence (Pseudobutyricicoccus sp003477405, GCA_003477405.1)","taxon:pseudobutyricicoccus sp003477405","primary","GCST90670890","EUR","reverse_sensitivity","microbiome_trait_units_per_standardized_ED_exposure",15,"estimable","reverse",TRUE,TRUE
"reverse|GCST90670891","ed_2025_eur_reverse_exposure","GCST90670891","Gut microbiome species presence (QALW01 sp900547955, GCA_900547955.1)","taxon:qalw01 sp900547955","primary","GCST90670891","EUR","reverse_sensitivity","microbiome_trait_units_per_standardized_ED_exposure",15,"estimable","reverse",TRUE,TRUE
"reverse|GCST90670892","ed_2025_eur_reverse_exposure","GCST90670892","Gut microbiome species presence (Scatosoma sp900552625, GCA_905209085.1)","taxon:scatosoma sp900552625","primary","GCST90670892","EUR","reverse_sensitivity","microbiome_trait_units_per_standardized_ED_exposure",15,"estimable","reverse",TRUE,TRUE
"reverse|GCST90670893","ed_2025_eur_reverse_exposure","GCST90670893","Gut microbiome species presence (UMGS1322 sp900550765, GCA_900550765.1)","taxon:umgs1322 sp900550765","primary","GCST90670893","EUR","reverse_sensitivity","microbiome_trait_units_per_standardized_ED_exposure",15,"estimable","reverse",TRUE,TRUE
"reverse|GCST90670894","ed_2025_eur_reverse_exposure","GCST90670894","Gut microbiome species presence (Acetatifactor sp900755865, GCA_900755865.1)","taxon:acetatifactor sp900755865","primary","GCST90670894","EUR","reverse_sensitivity","microbiome_trait_units_per_standardized_ED_exposure",15,"estimable","reverse",TRUE,TRUE
"reverse|GCST90670895","ed_2025_eur_reverse_exposure","GCST90670895","Gut microbiome species presence (Bacteroides intestinigallinarum, GCF_014334015.1)","taxon:bacteroides intestinigallinarum","primary","GCST90670895","EUR","reverse_sensitivity","microbiome_trait_units_per_standardized_ED_exposure",15,"estimable","reverse",TRUE,TRUE
"reverse|GCST90670896","ed_2025_eur_reverse_exposure","GCST90670896","Gut microbiome species abundance (Blautia A sp900120195, GCF_900120195.1)","taxon:blautia a sp900120195","primary","GCST90670896","EUR","reverse_sensitivity","microbiome_trait_units_per_standardized_ED_exposure",17,"estimable","reverse",TRUE,TRUE
"reverse|GCST90670897","ed_2025_eur_reverse_exposure","GCST90670897","Gut microbiome species presence (CAG-269 sp905203195, GCA_905203195.1)","taxon:cag-269 sp905203195","primary","GCST90670897","EUR","reverse_sensitivity","microbiome_trait_units_per_standardized_ED_exposure",15,"estimable","reverse",TRUE,TRUE
"reverse|GCST90670898","ed_2025_eur_reverse_exposure","GCST90670898","Gut microbiome species abundance (Choladousia sp902363135, GCA_902363135.1)","taxon:choladousia sp902363135","primary","GCST90670898","EUR","reverse_sensitivity","microbiome_trait_units_per_standardized_ED_exposure",17,"estimable","reverse",TRUE,TRUE
"reverse|GCST90670899","ed_2025_eur_reverse_exposure","GCST90670899","Gut microbiome species presence (Dysosmobacter sp900544615, GCA_900544615.1)","taxon:dysosmobacter sp900544615","primary","GCST90670899","EUR","reverse_sensitivity","microbiome_trait_units_per_standardized_ED_exposure",15,"estimable","reverse",TRUE,TRUE
"reverse|GCST90670900","ed_2025_eur_reverse_exposure","GCST90670900","Gut microbiome species presence (Gemmiger stercorigallinarum, GCA_019119495.1)","taxon:gemmiger stercorigallinarum","primary","GCST90670900","EUR","reverse_sensitivity","microbiome_trait_units_per_standardized_ED_exposure",15,"estimable","reverse",TRUE,TRUE
"reverse|GCST90670901","ed_2025_eur_reverse_exposure","GCST90670901","Gut microbiome species presence (HGM11507 sp900761005, GCF_018918095.1)","taxon:hgm11507 sp900761005","primary","GCST90670901","EUR","reverse_sensitivity","microbiome_trait_units_per_standardized_ED_exposure",15,"estimable","reverse",TRUE,TRUE
"reverse|GCST90670902","ed_2025_eur_reverse_exposure","GCST90670902","Gut microbiome species presence (Lachnoclostridium B faecipullorum, GCF_020892095.1)","taxon:lachnoclostridium b faecipullorum","primary","GCST90670902","EUR","reverse_sensitivity","microbiome_trait_units_per_standardized_ED_exposure",15,"estimable","reverse",TRUE,TRUE
"reverse|GCST90670903","ed_2025_eur_reverse_exposure","GCST90670903","Gut microbiome species presence (Lactobacillus acidophilus, GCF_001591845.1)","taxon:lactobacillus acidophilus","primary","GCST90670903","EUR","reverse_sensitivity","microbiome_trait_units_per_standardized_ED_exposure",15,"estimable","reverse",TRUE,TRUE
"reverse|GCST90670904","ed_2025_eur_reverse_exposure","GCST90670904","Gut microbiome species presence (Merdicola sp900555085, GCA_900555085.1)","taxon:merdicola sp900555085","primary","GCST90670904","EUR","reverse_sensitivity","microbiome_trait_units_per_standardized_ED_exposure",15,"estimable","reverse",TRUE,TRUE
"reverse|GCST90670905","ed_2025_eur_reverse_exposure","GCST90670905","Gut microbiome species abundance (Merdisoma sp900066385, GCA_902362725.1)","taxon:merdisoma sp900066385","primary","GCST90670905","EUR","reverse_sensitivity","microbiome_trait_units_per_standardized_ED_exposure",17,"estimable","reverse",TRUE,TRUE
"reverse|GCST90670906","ed_2025_eur_reverse_exposure","GCST90670906","Gut microbiome species presence (Onthomonas sp900752305, GCA_900752305.1)","taxon:onthomonas sp900752305","primary","GCST90670906","EUR","reverse_sensitivity","microbiome_trait_units_per_standardized_ED_exposure",15,"estimable","reverse",TRUE,TRUE
"reverse|GCST90670907","ed_2025_eur_reverse_exposure","GCST90670907","Gut microbiome species presence (Rubneribacter badeniensis, GCF_002899695.1)","taxon:rubneribacter badeniensis","primary","GCST90670907","EUR","reverse_sensitivity","microbiome_trait_units_per_standardized_ED_exposure",15,"estimable","reverse",TRUE,TRUE
"reverse|GCST90670908","ed_2025_eur_reverse_exposure","GCST90670908","Gut microbiome species presence (Scatomorpha sp900759385, GCA_900759385.1)","taxon:scatomorpha sp900759385","primary","GCST90670908","EUR","reverse_sensitivity","microbiome_trait_units_per_standardized_ED_exposure",15,"estimable","reverse",TRUE,TRUE
"reverse|GCST90670909","ed_2025_eur_reverse_exposure","GCST90670909","Gut microbiome species presence (Scybalosoma faecavium, GCA_900545085.1)","taxon:scybalosoma faecavium","primary","GCST90670909","EUR","reverse_sensitivity","microbiome_trait_units_per_standardized_ED_exposure",15,"estimable","reverse",TRUE,TRUE
"reverse|GCST90670910","ed_2025_eur_reverse_exposure","GCST90670910","Gut microbiome species abundance (Turicibacter sanguinis, GCF_013046825.1)","taxon:turicibacter sanguinis","primary","GCST90670910","EUR","reverse_sensitivity","microbiome_trait_units_per_standardized_ED_exposure",17,"estimable","reverse",TRUE,TRUE
"reverse|GCST90670911","ed_2025_eur_reverse_exposure","GCST90670911","Gut microbiome species abundance (UBA3818 sp900557155, GCA_934875375.1)","taxon:uba3818 sp900557155","primary","GCST90670911","EUR","reverse_sensitivity","microbiome_trait_units_per_standardized_ED_exposure",17,"estimable","reverse",TRUE,TRUE
"reverse|GCST90670912","ed_2025_eur_reverse_exposure","GCST90670912","Gut microbiome species abundance (UMGS1264 sp904399395, GCA_904399395.1)","taxon:umgs1264 sp904399395","primary","GCST90670912","EUR","reverse_sensitivity","microbiome_trait_units_per_standardized_ED_exposure",17,"estimable","reverse",TRUE,TRUE
"reverse|GCST90670913","ed_2025_eur_reverse_exposure","GCST90670913","Gut microbiome species presence (UMGS1484 sp900552285, GCA_900552285.1)","taxon:umgs1484 sp900552285","primary","GCST90670913","EUR","reverse_sensitivity","microbiome_trait_units_per_standardized_ED_exposure",15,"estimable","reverse",TRUE,TRUE
"reverse|GCST90670914","ed_2025_eur_reverse_exposure","GCST90670914","Gut microbiome species presence (UMGS775 sp900545325, GCA_900545325.1)","taxon:umgs775 sp900545325","primary","GCST90670914","EUR","reverse_sensitivity","microbiome_trait_units_per_standardized_ED_exposure",15,"estimable","reverse",TRUE,TRUE
"reverse|GCST90670915","ed_2025_eur_reverse_exposure","GCST90670915","Gut microbiome species presence (JAGZMM01 hMGS.02059, )","taxon:jagzmm01 hmgs.02059,","primary","GCST90670915","EUR","reverse_sensitivity","microbiome_trait_units_per_standardized_ED_exposure",15,"estimable","reverse",TRUE,TRUE
"reverse|GCST90670916","ed_2025_eur_reverse_exposure","GCST90670916","Gut microbiome species abundance (Acutalibacter sp900548545, GCA_900548545.1)","taxon:acutalibacter sp900548545","primary","GCST90670916","EUR","reverse_sensitivity","microbiome_trait_units_per_standardized_ED_exposure",17,"estimable","reverse",TRUE,TRUE
"reverse|GCST90670917","ed_2025_eur_reverse_exposure","GCST90670917","Gut microbiome species presence (Acutalibacter timonensis, GCF_900048895.1)","taxon:acutalibacter timonensis","primary","GCST90670917","EUR","reverse_sensitivity","microbiome_trait_units_per_standardized_ED_exposure",15,"estimable","reverse",TRUE,TRUE
"reverse|GCST90670918","ed_2025_eur_reverse_exposure","GCST90670918","Gut microbiome species abundance (AF33-28 sp003477885, GCF_003477885.1)","taxon:af33-28 sp003477885","primary","GCST90670918","EUR","reverse_sensitivity","microbiome_trait_units_per_standardized_ED_exposure",17,"estimable","reverse",TRUE,TRUE
"reverse|GCST90670919","ed_2025_eur_reverse_exposure","GCST90670919","Gut microbiome species abundance (Anaerotruncus rubiinfantis, GCF_900078395.1)","taxon:anaerotruncus rubiinfantis","primary","GCST90670919","EUR","reverse_sensitivity","microbiome_trait_units_per_standardized_ED_exposure",17,"estimable","reverse",TRUE,TRUE
"reverse|GCST90670920","ed_2025_eur_reverse_exposure","GCST90670920","Gut microbiome species presence (Blautia A hydrogenotrophica, GCF_000157975.1)","taxon:blautia a hydrogenotrophica","primary","GCST90670920","EUR","reverse_sensitivity","microbiome_trait_units_per_standardized_ED_exposure",15,"estimable","reverse",TRUE,TRUE
"reverse|GCST90670921","ed_2025_eur_reverse_exposure","GCST90670921","Gut microbiome species presence (Butyricimonas faecalis, GCF_003991565.1)","taxon:butyricimonas faecalis","primary","GCST90670921","EUR","reverse_sensitivity","microbiome_trait_units_per_standardized_ED_exposure",15,"estimable","reverse",TRUE,TRUE
"reverse|GCST90670922","ed_2025_eur_reverse_exposure","GCST90670922","Gut microbiome species presence (CAG-269 sp900754285, GCA_900754285.1)","taxon:cag-269 sp900754285","primary","GCST90670922","EUR","reverse_sensitivity","microbiome_trait_units_per_standardized_ED_exposure",15,"estimable","reverse",TRUE,TRUE
"reverse|GCST90670923","ed_2025_eur_reverse_exposure","GCST90670923","Gut microbiome species abundance (Choladocola sp018223365, GCA_018223365.1)","taxon:choladocola sp018223365","primary","GCST90670923","EUR","reverse_sensitivity","microbiome_trait_units_per_standardized_ED_exposure",17,"estimable","reverse",TRUE,TRUE
"reverse|GCST90670924","ed_2025_eur_reverse_exposure","GCST90670924","Gut microbiome species presence (Coprobacter secundus, GCA_000803105.1)","taxon:coprobacter secundus","primary","GCST90670924","EUR","reverse_sensitivity","microbiome_trait_units_per_standardized_ED_exposure",15,"estimable","reverse",TRUE,TRUE
"reverse|GCST90670925","ed_2025_eur_reverse_exposure","GCST90670925","Gut microbiome species presence (Copromonas sp900541255, GCA_018223415.1)","taxon:copromonas sp900541255","primary","GCST90670925","EUR","reverse_sensitivity","microbiome_trait_units_per_standardized_ED_exposure",15,"estimable","reverse",TRUE,TRUE
"reverse|GCST90670926","ed_2025_eur_reverse_exposure","GCST90670926","Gut microbiome species presence (Dysosmobacter sp900763685, GCA_900763685.1)","taxon:dysosmobacter sp900763685","primary","GCST90670926","EUR","reverse_sensitivity","microbiome_trait_units_per_standardized_ED_exposure",15,"estimable","reverse",TRUE,TRUE
"reverse|GCST90670927","ed_2025_eur_reverse_exposure","GCST90670927","Gut microbiome species presence (Enterocloster asparagiformis, GCA_025149125.1)","taxon:enterocloster asparagiformis","primary","GCST90670927","EUR","reverse_sensitivity","microbiome_trait_units_per_standardized_ED_exposure",15,"estimable","reverse",TRUE,TRUE
"reverse|GCST90670928","ed_2025_eur_reverse_exposure","GCST90670928","Gut microbiome species presence (Fimisoma sp900545135, GCA_900545135.1)","taxon:fimisoma sp900545135","primary","GCST90670928","EUR","reverse_sensitivity","microbiome_trait_units_per_standardized_ED_exposure",15,"estimable","reverse",TRUE,TRUE
"reverse|GCST90670929","ed_2025_eur_reverse_exposure","GCST90670929","Gut microbiome species presence (HGM13006 sp900757695, GCA_900757695.1)","taxon:hgm13006 sp900757695","primary","GCST90670929","EUR","reverse_sensitivity","microbiome_trait_units_per_standardized_ED_exposure",15,"estimable","reverse",TRUE,TRUE
"reverse|GCST90670930","ed_2025_eur_reverse_exposure","GCST90670930","Gut microbiome species abundance (Holdemania sp900120005, GCF_900120005.1)","taxon:holdemania sp900120005","primary","GCST90670930","EUR","reverse_sensitivity","microbiome_trait_units_per_standardized_ED_exposure",17,"estimable","reverse",TRUE,TRUE
"reverse|GCST90670931","ed_2025_eur_reverse_exposure","GCST90670931","Gut microbiome species presence (Howiella sp900543525, GCA_900543525.1)","taxon:howiella sp900543525","primary","GCST90670931","EUR","reverse_sensitivity","microbiome_trait_units_per_standardized_ED_exposure",15,"estimable","reverse",TRUE,TRUE
"reverse|GCST90670932","ed_2025_eur_reverse_exposure","GCST90670932","Gut microbiome species presence (Lactococcus cremoris, GCF_001591705.1)","taxon:lactococcus cremoris","primary","GCST90670932","EUR","reverse_sensitivity","microbiome_trait_units_per_standardized_ED_exposure",15,"estimable","reverse",TRUE,TRUE
"reverse|GCST90670933","ed_2025_eur_reverse_exposure","GCST90670933","Gut microbiome species presence (Latilactobacillus sakei, GCF_002370355.1)","taxon:latilactobacillus sakei","primary","GCST90670933","EUR","reverse_sensitivity","microbiome_trait_units_per_standardized_ED_exposure",15,"estimable","reverse",TRUE,TRUE
"reverse|GCST90670934","ed_2025_eur_reverse_exposure","GCST90670934","Gut microbiome species presence (Leuconostoc mesenteroides, GCF_000014445.1)","taxon:leuconostoc mesenteroides","primary","GCST90670934","EUR","reverse_sensitivity","microbiome_trait_units_per_standardized_ED_exposure",15,"estimable","reverse",TRUE,TRUE
"reverse|GCST90670935","ed_2025_eur_reverse_exposure","GCST90670935","Gut microbiome species abundance (Limivivens sp900066135, GCF_003463065.1)","taxon:limivivens sp900066135","primary","GCST90670935","EUR","reverse_sensitivity","microbiome_trait_units_per_standardized_ED_exposure",17,"estimable","reverse",TRUE,TRUE
"reverse|GCST90670936","ed_2025_eur_reverse_exposure","GCST90670936","Gut microbiome species presence (Mailhella excrementigallinarum, GCA_944324075.1)","taxon:mailhella excrementigallinarum","primary","GCST90670936","EUR","reverse_sensitivity","microbiome_trait_units_per_standardized_ED_exposure",15,"estimable","reverse",TRUE,TRUE
"reverse|GCST90670937","ed_2025_eur_reverse_exposure","GCST90670937","Gut microbiome species presence (Massilistercora sp902406105, GCA_902406105.1)","taxon:massilistercora sp902406105","primary","GCST90670937","EUR","reverse_sensitivity","microbiome_trait_units_per_standardized_ED_exposure",15,"estimable","reverse",TRUE,TRUE
"reverse|GCST90670938","ed_2025_eur_reverse_exposure","GCST90670938","Gut microbiome species abundance (Merdibacter merdigallinarum, GCA_019118705.1)","taxon:merdibacter merdigallinarum","primary","GCST90670938","EUR","reverse_sensitivity","microbiome_trait_units_per_standardized_ED_exposure",17,"estimable","reverse",TRUE,TRUE
"reverse|GCST90670939","ed_2025_eur_reverse_exposure","GCST90670939","Gut microbiome species abundance (Merdisoma faecalis, GCF_002160765.1)","taxon:merdisoma faecalis","primary","GCST90670939","EUR","reverse_sensitivity","microbiome_trait_units_per_standardized_ED_exposure",17,"estimable","reverse",TRUE,TRUE
"reverse|GCST90670940","ed_2025_eur_reverse_exposure","GCST90670940","Gut microbiome species abundance (Muricomes contortus B, GCF_001404335.1)","taxon:muricomes contortus b","primary","GCST90670940","EUR","reverse_sensitivity","microbiome_trait_units_per_standardized_ED_exposure",17,"estimable","reverse",TRUE,TRUE
"reverse|GCST90670941","ed_2025_eur_reverse_exposure","GCST90670941","Gut microbiome species abundance (Muricomes sp000509105, GCA_000509105.1)","taxon:muricomes sp000509105","primary","GCST90670941","EUR","reverse_sensitivity","microbiome_trait_units_per_standardized_ED_exposure",17,"estimable","reverse",TRUE,TRUE
"reverse|GCST90670942","ed_2025_eur_reverse_exposure","GCST90670942","Gut microbiome species presence (Oxalobacter formigenes, GCF_002127965.1)","taxon:oxalobacter formigenes","primary","GCST90670942","EUR","reverse_sensitivity","microbiome_trait_units_per_standardized_ED_exposure",15,"estimable","reverse",TRUE,TRUE
"reverse|GCST90670943","ed_2025_eur_reverse_exposure","GCST90670943","Gut microbiome species presence (Pauljensenia bouchesdurhonensis, GCF_900128465.1)","taxon:pauljensenia bouchesdurhonensis","primary","GCST90670943","EUR","reverse_sensitivity","microbiome_trait_units_per_standardized_ED_exposure",15,"estimable","reverse",TRUE,TRUE
"reverse|GCST90670944","ed_2025_eur_reverse_exposure","GCST90670944","Gut microbiome species presence (Pelethomonas sp900555795, GCA_900555795.1)","taxon:pelethomonas sp900555795","primary","GCST90670944","EUR","reverse_sensitivity","microbiome_trait_units_per_standardized_ED_exposure",15,"estimable","reverse",TRUE,TRUE
"reverse|GCST90670945","ed_2025_eur_reverse_exposure","GCST90670945","Gut microbiome species presence (QAMM01 sp900552945, GCA_900552945.1)","taxon:qamm01 sp900552945","primary","GCST90670945","EUR","reverse_sensitivity","microbiome_trait_units_per_standardized_ED_exposure",15,"estimable","reverse",TRUE,TRUE
"reverse|GCST90670946","ed_2025_eur_reverse_exposure","GCST90670946","Gut microbiome species presence (Scatomorpha stercorigallinarum, GCA_018713375.1)","taxon:scatomorpha stercorigallinarum","primary","GCST90670946","EUR","reverse_sensitivity","microbiome_trait_units_per_standardized_ED_exposure",15,"estimable","reverse",TRUE,TRUE
"reverse|GCST90670947","ed_2025_eur_reverse_exposure","GCST90670947","Gut microbiome species presence (Traorella massiliensis, GCF_900104665.1)","taxon:traorella massiliensis","primary","GCST90670947","EUR","reverse_sensitivity","microbiome_trait_units_per_standardized_ED_exposure",15,"estimable","reverse",TRUE,TRUE
"reverse|GCST90670948","ed_2025_eur_reverse_exposure","GCST90670948","Gut microbiome species presence (UBA10677 sp003533505, GCA_003533505.1)","taxon:uba10677 sp003533505","primary","GCST90670948","EUR","reverse_sensitivity","microbiome_trait_units_per_standardized_ED_exposure",15,"estimable","reverse",TRUE,TRUE
"reverse|GCST90670949","ed_2025_eur_reverse_exposure","GCST90670949","Gut microbiome species presence (UBA10677 sp900553005, GCA_900553005.1)","taxon:uba10677 sp900553005","primary","GCST90670949","EUR","reverse_sensitivity","microbiome_trait_units_per_standardized_ED_exposure",15,"estimable","reverse",TRUE,TRUE
"reverse|GCST90670950","ed_2025_eur_reverse_exposure","GCST90670950","Gut microbiome species presence (UBA4636 sp900770945, GCA_900770945.1)","taxon:uba4636 sp900770945","primary","GCST90670950","EUR","reverse_sensitivity","microbiome_trait_units_per_standardized_ED_exposure",15,"estimable","reverse",TRUE,TRUE
"reverse|GCST90670951","ed_2025_eur_reverse_exposure","GCST90670951","Gut microbiome species presence (UBA644 sp014872655, GCA_014872655.1)","taxon:uba644 sp014872655","primary","GCST90670951","EUR","reverse_sensitivity","microbiome_trait_units_per_standardized_ED_exposure",15,"estimable","reverse",TRUE,TRUE
"reverse|GCST90670952","ed_2025_eur_reverse_exposure","GCST90670952","Gut microbiome species abundance (UBA866 sp900543295, GCA_900543295.1)","taxon:uba866 sp900543295","primary","GCST90670952","EUR","reverse_sensitivity","microbiome_trait_units_per_standardized_ED_exposure",17,"estimable","reverse",TRUE,TRUE
"reverse|GCST90670953","ed_2025_eur_reverse_exposure","GCST90670953","Gut microbiome species presence (UMGS1494 sp900552305, GCA_900552305.1)","taxon:umgs1494 sp900552305","primary","GCST90670953","EUR","reverse_sensitivity","microbiome_trait_units_per_standardized_ED_exposure",15,"estimable","reverse",TRUE,TRUE
"reverse|GCST90670954","ed_2025_eur_reverse_exposure","GCST90670954","Gut microbiome species presence (UMGS1783 sp900555065, GCA_900555065.1)","taxon:umgs1783 sp900555065","primary","GCST90670954","EUR","reverse_sensitivity","microbiome_trait_units_per_standardized_ED_exposure",15,"estimable","reverse",TRUE,TRUE
"reverse|GCST90670955","ed_2025_eur_reverse_exposure","GCST90670955","Gut microbiome species presence (UMGS1795 sp900555125, GCA_900555125.1)","taxon:umgs1795 sp900555125","primary","GCST90670955","EUR","reverse_sensitivity","microbiome_trait_units_per_standardized_ED_exposure",15,"estimable","reverse",TRUE,TRUE
"reverse|GCST90670956","ed_2025_eur_reverse_exposure","GCST90670956","Gut microbiome species presence (UMGS1975 sp900751745, GCA_905188085.1)","taxon:umgs1975 sp900751745","primary","GCST90670956","EUR","reverse_sensitivity","microbiome_trait_units_per_standardized_ED_exposure",15,"estimable","reverse",TRUE,TRUE
"reverse|GCST90670957","ed_2025_eur_reverse_exposure","GCST90670957","Gut microbiome species presence (UMGS882 sp900546385, GCA_900546385.1)","taxon:umgs882 sp900546385","primary","GCST90670957","EUR","reverse_sensitivity","microbiome_trait_units_per_standardized_ED_exposure",15,"estimable","reverse",TRUE,TRUE
"reverse|GCST90670958","ed_2025_eur_reverse_exposure","GCST90670958","Gut microbiome species presence (UMGS911 sp003343545, GCA_905205065.1)","taxon:umgs911 sp003343545","primary","GCST90670958","EUR","reverse_sensitivity","microbiome_trait_units_per_standardized_ED_exposure",15,"estimable","reverse",TRUE,TRUE
"reverse|GCST90670959","ed_2025_eur_reverse_exposure","GCST90670959","Gut microbiome species presence (Ventrimonas sp003481825, GCF_003481825.1)","taxon:ventrimonas sp003481825","primary","GCST90670959","EUR","reverse_sensitivity","microbiome_trait_units_per_standardized_ED_exposure",15,"estimable","reverse",TRUE,TRUE
"reverse|GCST90670960","ed_2025_eur_reverse_exposure","GCST90670960","Gut microbiome species abundance (Ventrisoma faecale, GCA_001304875.1)","taxon:ventrisoma faecale","primary","GCST90670960","EUR","reverse_sensitivity","microbiome_trait_units_per_standardized_ED_exposure",17,"estimable","reverse",TRUE,TRUE
"reverse|GCST90670961","ed_2025_eur_reverse_exposure","GCST90670961","Gut microbiome species presence (Acetatifactor sp900760705, GCA_900760705.1)","taxon:acetatifactor sp900760705","primary","GCST90670961","EUR","reverse_sensitivity","microbiome_trait_units_per_standardized_ED_exposure",15,"estimable","reverse",TRUE,TRUE
"reverse|GCST90670962","ed_2025_eur_reverse_exposure","GCST90670962","Gut microbiome species abundance (Agathobaculum sp900291975, GCF_900291975.1)","taxon:agathobaculum sp900291975","primary","GCST90670962","EUR","reverse_sensitivity","microbiome_trait_units_per_standardized_ED_exposure",17,"estimable","reverse",TRUE,TRUE
"reverse|GCST90670963","ed_2025_eur_reverse_exposure","GCST90670963","Gut microbiome species abundance (Avimonas A narfia, GCA_904395335.1)","taxon:avimonas a narfia","primary","GCST90670963","EUR","reverse_sensitivity","microbiome_trait_units_per_standardized_ED_exposure",17,"estimable","reverse",TRUE,TRUE
"reverse|GCST90670964","ed_2025_eur_reverse_exposure","GCST90670964","Gut microbiome species presence (Avispirillum faecium, GCA_904396155.1)","taxon:avispirillum faecium","primary","GCST90670964","EUR","reverse_sensitivity","microbiome_trait_units_per_standardized_ED_exposure",15,"estimable","reverse",TRUE,TRUE
"reverse|GCST90670965","ed_2025_eur_reverse_exposure","GCST90670965","Gut microbiome species presence (Blautia A sp900763175, GCA_900763175.1)","taxon:blautia a sp900763175","primary","GCST90670965","EUR","reverse_sensitivity","microbiome_trait_units_per_standardized_ED_exposure",15,"estimable","reverse",TRUE,TRUE
"reverse|GCST90670966","ed_2025_eur_reverse_exposure","GCST90670966","Gut microbiome species presence (Caccousia avistercoris, GCA_018715025.1)","taxon:caccousia avistercoris","primary","GCST90670966","EUR","reverse_sensitivity","microbiome_trait_units_per_standardized_ED_exposure",15,"estimable","reverse",TRUE,TRUE
"reverse|GCST90670967","ed_2025_eur_reverse_exposure","GCST90670967","Gut microbiome species presence (CAG-238 sp900754805, GCA_900754805.1)","taxon:cag-238 sp900754805","primary","GCST90670967","EUR","reverse_sensitivity","microbiome_trait_units_per_standardized_ED_exposure",15,"estimable","reverse",TRUE,TRUE
"reverse|GCST90670968","ed_2025_eur_reverse_exposure","GCST90670968","Gut microbiome species presence (CAG-269 sp000438255, GCA_000438255.1)","taxon:cag-269 sp000438255","primary","GCST90670968","EUR","reverse_sensitivity","microbiome_trait_units_per_standardized_ED_exposure",15,"estimable","reverse",TRUE,TRUE
"reverse|GCST90670969","ed_2025_eur_reverse_exposure","GCST90670969","Gut microbiome species abundance (Choladocola sp003481535, GCA_018228645.1)","taxon:choladocola sp003481535","primary","GCST90670969","EUR","reverse_sensitivity","microbiome_trait_units_per_standardized_ED_exposure",17,"estimable","reverse",TRUE,TRUE
"reverse|GCST90670970","ed_2025_eur_reverse_exposure","GCST90670970","Gut microbiome species presence (Clostridium celatum, GCF_000320405.1)","taxon:clostridium celatum","primary","GCST90670970","EUR","reverse_sensitivity","microbiome_trait_units_per_standardized_ED_exposure",15,"estimable","reverse",TRUE,TRUE
"reverse|GCST90670971","ed_2025_eur_reverse_exposure","GCST90670971","Gut microbiome species presence (Copromonas avistercoris, GCA_018713185.1)","taxon:copromonas avistercoris","primary","GCST90670971","EUR","reverse_sensitivity","microbiome_trait_units_per_standardized_ED_exposure",15,"estimable","reverse",TRUE,TRUE
"reverse|GCST90670972","ed_2025_eur_reverse_exposure","GCST90670972","Gut microbiome species presence (Dysosmobacter avistercoris, GCF_016902445.1)","taxon:dysosmobacter avistercoris","primary","GCST90670972","EUR","reverse_sensitivity","microbiome_trait_units_per_standardized_ED_exposure",15,"estimable","reverse",TRUE,TRUE
"reverse|GCST90670973","ed_2025_eur_reverse_exposure","GCST90670973","Gut microbiome species presence (Dysosmobacter sp004553545, GCA_004553545.1)","taxon:dysosmobacter sp004553545","primary","GCST90670973","EUR","reverse_sensitivity","microbiome_trait_units_per_standardized_ED_exposure",15,"estimable","reverse",TRUE,TRUE
"reverse|GCST90670974","ed_2025_eur_reverse_exposure","GCST90670974","Gut microbiome species presence (Dysosmobacter sp900548505, GCA_900548505.1)","taxon:dysosmobacter sp900548505","primary","GCST90670974","EUR","reverse_sensitivity","microbiome_trait_units_per_standardized_ED_exposure",15,"estimable","reverse",TRUE,TRUE
"reverse|GCST90670975","ed_2025_eur_reverse_exposure","GCST90670975","Gut microbiome species presence (Dysosmobacter sp900550685, GCA_900550685.1)","taxon:dysosmobacter sp900550685","primary","GCST90670975","EUR","reverse_sensitivity","microbiome_trait_units_per_standardized_ED_exposure",15,"estimable","reverse",TRUE,TRUE
"reverse|GCST90670976","ed_2025_eur_reverse_exposure","GCST90670976","Gut microbiome species presence (Egerieimonas sp900552095, GCA_900552095.1)","taxon:egerieimonas sp900552095","primary","GCST90670976","EUR","reverse_sensitivity","microbiome_trait_units_per_standardized_ED_exposure",15,"estimable","reverse",TRUE,TRUE
"reverse|GCST90670977","ed_2025_eur_reverse_exposure","GCST90670977","Gut microbiome species presence (Eisenbergiella intestinigallinarum, GCA_900544445.1)","taxon:eisenbergiella intestinigallinarum","primary","GCST90670977","EUR","reverse_sensitivity","microbiome_trait_units_per_standardized_ED_exposure",15,"estimable","reverse",TRUE,TRUE
"reverse|GCST90670978","ed_2025_eur_reverse_exposure","GCST90670978","Gut microbiome species presence (Eisenbergiella sp900555195, GCA_900555195.1)","taxon:eisenbergiella sp900555195","primary","GCST90670978","EUR","reverse_sensitivity","microbiome_trait_units_per_standardized_ED_exposure",15,"estimable","reverse",TRUE,TRUE
"reverse|GCST90670979","ed_2025_eur_reverse_exposure","GCST90670979","Gut microbiome species presence (Eisenbergiella stercoravium, GCA_019113175.1)","taxon:eisenbergiella stercoravium","primary","GCST90670979","EUR","reverse_sensitivity","microbiome_trait_units_per_standardized_ED_exposure",15,"estimable","reverse",TRUE,TRUE
"reverse|GCST90670980","ed_2025_eur_reverse_exposure","GCST90670980","Gut microbiome species presence (Emergencia timonensis, GCF_900086585.1)","taxon:emergencia timonensis","primary","GCST90670980","EUR","reverse_sensitivity","microbiome_trait_units_per_standardized_ED_exposure",15,"estimable","reverse",TRUE,TRUE
"reverse|GCST90670981","ed_2025_eur_reverse_exposure","GCST90670981","Gut microbiome species presence (Enterocloster sp005845215, GCF_005845215.1)","taxon:enterocloster sp005845215","primary","GCST90670981","EUR","reverse_sensitivity","microbiome_trait_units_per_standardized_ED_exposure",15,"estimable","reverse",TRUE,TRUE
"reverse|GCST90670982","ed_2025_eur_reverse_exposure","GCST90670982","Gut microbiome species presence (Enteroscipio rubneri, GCF_002899715.1)","taxon:enteroscipio rubneri","primary","GCST90670982","EUR","reverse_sensitivity","microbiome_trait_units_per_standardized_ED_exposure",15,"estimable","reverse",TRUE,TRUE
"reverse|GCST90670983","ed_2025_eur_reverse_exposure","GCST90670983","Gut microbiome species presence (Fimivivens sp014385025, GCA_014385025.1)","taxon:fimivivens sp014385025","primary","GCST90670983","EUR","reverse_sensitivity","microbiome_trait_units_per_standardized_ED_exposure",15,"estimable","reverse",TRUE,TRUE
"reverse|GCST90670984","ed_2025_eur_reverse_exposure","GCST90670984","Gut microbiome species abundance (Flemingibacterium sp900546315, GCA_900546315.1)","taxon:flemingibacterium sp900546315","primary","GCST90670984","EUR","reverse_sensitivity","microbiome_trait_units_per_standardized_ED_exposure",17,"estimable","reverse",TRUE,TRUE
"reverse|GCST90670985","ed_2025_eur_reverse_exposure","GCST90670985","Gut microbiome species presence (Gabonibacter massiliensis, GCA_001487125.1)","taxon:gabonibacter massiliensis","primary","GCST90670985","EUR","reverse_sensitivity","microbiome_trait_units_per_standardized_ED_exposure",15,"estimable","reverse",TRUE,TRUE
"reverse|GCST90670986","ed_2025_eur_reverse_exposure","GCST90670986","Gut microbiome species presence (GCA-900066495 sp902362365, GCA_902362365.1)","taxon:gca-900066495 sp902362365","primary","GCST90670986","EUR","reverse_sensitivity","microbiome_trait_units_per_standardized_ED_exposure",15,"estimable","reverse",TRUE,TRUE
"reverse|GCST90670987","ed_2025_eur_reverse_exposure","GCST90670987","Gut microbiome species presence (Geddesella stercoravicola, GCA_904398665.1)","taxon:geddesella stercoravicola","primary","GCST90670987","EUR","reverse_sensitivity","microbiome_trait_units_per_standardized_ED_exposure",15,"estimable","reverse",TRUE,TRUE
"reverse|GCST90670988","ed_2025_eur_reverse_exposure","GCST90670988","Gut microbiome species abundance (Gordonibacter pamelaeae, GCF_000210055.1)","taxon:gordonibacter pamelaeae","primary","GCST90670988","EUR","reverse_sensitivity","microbiome_trait_units_per_standardized_ED_exposure",17,"estimable","reverse",TRUE,TRUE
"reverse|GCST90670989","ed_2025_eur_reverse_exposure","GCST90670989","Gut microbiome species presence (Gordonibacter urolithinfaciens, GCF_900199375.1)","taxon:gordonibacter urolithinfaciens","primary","GCST90670989","EUR","reverse_sensitivity","microbiome_trait_units_per_standardized_ED_exposure",15,"estimable","reverse",TRUE,TRUE
"reverse|GCST90670990","ed_2025_eur_reverse_exposure","GCST90670990","Gut microbiome species presence (Harryflintia acetispora, GCA_004340125.1)","taxon:harryflintia acetispora","primary","GCST90670990","EUR","reverse_sensitivity","microbiome_trait_units_per_standardized_ED_exposure",15,"estimable","reverse",TRUE,TRUE
"reverse|GCST90670991","ed_2025_eur_reverse_exposure","GCST90670991","Gut microbiome species presence (HGM11417 sp900761895, GCA_900761895.1)","taxon:hgm11417 sp900761895","primary","GCST90670991","EUR","reverse_sensitivity","microbiome_trait_units_per_standardized_ED_exposure",15,"estimable","reverse",TRUE,TRUE
"reverse|GCST90670992","ed_2025_eur_reverse_exposure","GCST90670992","Gut microbiome species presence (HGM11514 sp900757255, GCA_900757255.1)","taxon:hgm11514 sp900757255","primary","GCST90670992","EUR","reverse_sensitivity","microbiome_trait_units_per_standardized_ED_exposure",15,"estimable","reverse",TRUE,TRUE
"reverse|GCST90670993","ed_2025_eur_reverse_exposure","GCST90670993","Gut microbiome species presence (Holdemania massiliensis, GCF_000327285.1)","taxon:holdemania massiliensis","primary","GCST90670993","EUR","reverse_sensitivity","microbiome_trait_units_per_standardized_ED_exposure",15,"estimable","reverse",TRUE,TRUE
"reverse|GCST90670994","ed_2025_eur_reverse_exposure","GCST90670994","Gut microbiome species abundance (Hydrogeniiclostridium mannosilyticum, GCF_003268275.1)","taxon:hydrogeniiclostridium mannosilyticum","primary","GCST90670994","EUR","reverse_sensitivity","microbiome_trait_units_per_standardized_ED_exposure",17,"estimable","reverse",TRUE,TRUE
"reverse|GCST90670995","ed_2025_eur_reverse_exposure","GCST90670995","Gut microbiome species presence (JAGZMM01 sp018364155, GCA_018364155.1)","taxon:jagzmm01 sp018364155","primary","GCST90670995","EUR","reverse_sensitivity","microbiome_trait_units_per_standardized_ED_exposure",15,"estimable","reverse",TRUE,TRUE
"reverse|GCST90670996","ed_2025_eur_reverse_exposure","GCST90670996","Gut microbiome species presence (Lachnoclostridium A edouardi, GCF_900240245.1)","taxon:lachnoclostridium a edouardi","primary","GCST90670996","EUR","reverse_sensitivity","microbiome_trait_units_per_standardized_ED_exposure",15,"estimable","reverse",TRUE,TRUE
"reverse|GCST90670997","ed_2025_eur_reverse_exposure","GCST90670997","Gut microbiome species presence (Lachnoclostridium B sp900066765, GCA_902362865.1)","taxon:lachnoclostridium b sp900066765","primary","GCST90670997","EUR","reverse_sensitivity","microbiome_trait_units_per_standardized_ED_exposure",15,"estimable","reverse",TRUE,TRUE
"reverse|GCST90670998","ed_2025_eur_reverse_exposure","GCST90670998","Gut microbiome species abundance (Lawsonibacter sp900549405, GCA_900549405.1)","taxon:lawsonibacter sp900549405","primary","GCST90670998","EUR","reverse_sensitivity","microbiome_trait_units_per_standardized_ED_exposure",17,"estimable","reverse",TRUE,TRUE
"reverse|GCST90670999","ed_2025_eur_reverse_exposure","GCST90670999","Gut microbiome species presence (Mailhella merdigallinarum, GCA_900541395.1)","taxon:mailhella merdigallinarum","primary","GCST90670999","EUR","reverse_sensitivity","microbiome_trait_units_per_standardized_ED_exposure",15,"estimable","reverse",TRUE,TRUE
"reverse|GCST90671000","ed_2025_eur_reverse_exposure","GCST90671000","Gut microbiome species presence (Marseille-P3106 sp900543935, GCA_022846075.1)","taxon:marseille-p3106 sp900543935","primary","GCST90671000","EUR","reverse_sensitivity","microbiome_trait_units_per_standardized_ED_exposure",15,"estimable","reverse",TRUE,TRUE
"reverse|GCST90671001","ed_2025_eur_reverse_exposure","GCST90671001","Gut microbiome species presence (Marvinbryantia sp900066075, GCA_003435055.1)","taxon:marvinbryantia sp900066075","primary","GCST90671001","EUR","reverse_sensitivity","microbiome_trait_units_per_standardized_ED_exposure",15,"estimable","reverse",TRUE,TRUE
"reverse|GCST90671002","ed_2025_eur_reverse_exposure","GCST90671002","Gut microbiome species presence (Marvinbryantia sp900544685, GCA_900544685.1)","taxon:marvinbryantia sp900544685","primary","GCST90671002","EUR","reverse_sensitivity","microbiome_trait_units_per_standardized_ED_exposure",15,"estimable","reverse",TRUE,TRUE
"reverse|GCST90671003","ed_2025_eur_reverse_exposure","GCST90671003","Gut microbiome species abundance (Massilioclostridium coli, GCF_900095865.1)","taxon:massilioclostridium coli","primary","GCST90671003","EUR","reverse_sensitivity","microbiome_trait_units_per_standardized_ED_exposure",17,"estimable","reverse",TRUE,TRUE
"reverse|GCST90671004","ed_2025_eur_reverse_exposure","GCST90671004","Gut microbiome species presence (Massilioclostridium methylpentosum, GCA_000158655.1)","taxon:massilioclostridium methylpentosum","primary","GCST90671004","EUR","reverse_sensitivity","microbiome_trait_units_per_standardized_ED_exposure",15,"estimable","reverse",TRUE,TRUE
"reverse|GCST90671005","ed_2025_eur_reverse_exposure","GCST90671005","Gut microbiome species abundance (Mediterraneibacter A butyricigenes, GCF_003574295.1)","taxon:mediterraneibacter a butyricigenes","primary","GCST90671005","EUR","reverse_sensitivity","microbiome_trait_units_per_standardized_ED_exposure",17,"estimable","reverse",TRUE,TRUE
"reverse|GCST90671006","ed_2025_eur_reverse_exposure","GCST90671006","Gut microbiome species presence (Mediterraneibacter massiliensis, GCF_001487105.1)","taxon:mediterraneibacter massiliensis","primary","GCST90671006","EUR","reverse_sensitivity","microbiome_trait_units_per_standardized_ED_exposure",15,"estimable","reverse",TRUE,TRUE
"reverse|GCST90671007","ed_2025_eur_reverse_exposure","GCST90671007","Gut microbiome species presence (Mediterraneibacter sp900541505, GCA_900541505.1)","taxon:mediterraneibacter sp900541505","primary","GCST90671007","EUR","reverse_sensitivity","microbiome_trait_units_per_standardized_ED_exposure",15,"estimable","reverse",TRUE,TRUE
"reverse|GCST90671008","ed_2025_eur_reverse_exposure","GCST90671008","Gut microbiome species presence (Mediterraneibacter sp900553885, GCA_900553885.1)","taxon:mediterraneibacter sp900553885","primary","GCST90671008","EUR","reverse_sensitivity","microbiome_trait_units_per_standardized_ED_exposure",15,"estimable","reverse",TRUE,TRUE
"reverse|GCST90671009","ed_2025_eur_reverse_exposure","GCST90671009","Gut microbiome species abundance (Metalachnospira sp900553995, GCF_018918145.1)","taxon:metalachnospira sp900553995","primary","GCST90671009","EUR","reverse_sensitivity","microbiome_trait_units_per_standardized_ED_exposure",17,"estimable","reverse",TRUE,TRUE
"reverse|GCST90671010","ed_2025_eur_reverse_exposure","GCST90671010","Gut microbiome species presence (Oxalobacter sp900760095, GCA_900760095.1)","taxon:oxalobacter sp900760095","primary","GCST90671010","EUR","reverse_sensitivity","microbiome_trait_units_per_standardized_ED_exposure",15,"estimable","reverse",TRUE,TRUE
"reverse|GCST90671011","ed_2025_eur_reverse_exposure","GCST90671011","Gut microbiome species presence (Pelethomonas sp900549475, GCA_900549475.1)","taxon:pelethomonas sp900549475","primary","GCST90671011","EUR","reverse_sensitivity","microbiome_trait_units_per_standardized_ED_exposure",15,"estimable","reverse",TRUE,TRUE
"reverse|GCST90671012","ed_2025_eur_reverse_exposure","GCST90671012","Gut microbiome species abundance (Phocea massiliensis, GCF_900104615.1)","taxon:phocea massiliensis","primary","GCST90671012","EUR","reverse_sensitivity","microbiome_trait_units_per_standardized_ED_exposure",17,"estimable","reverse",TRUE,TRUE
"reverse|GCST90671013","ed_2025_eur_reverse_exposure","GCST90671013","Gut microbiome species presence (Prevotella corporis, GCF_000430525.1)","taxon:prevotella corporis","primary","GCST90671013","EUR","reverse_sensitivity","microbiome_trait_units_per_standardized_ED_exposure",15,"estimable","reverse",TRUE,TRUE
"reverse|GCST90671014","ed_2025_eur_reverse_exposure","GCST90671014","Gut microbiome species presence (Protoclostridium gallicola, GCA_904387375.1)","taxon:protoclostridium gallicola","primary","GCST90671014","EUR","reverse_sensitivity","microbiome_trait_units_per_standardized_ED_exposure",15,"estimable","reverse",TRUE,TRUE
"reverse|GCST90671015","ed_2025_eur_reverse_exposure","GCST90671015","Gut microbiome species presence (Pseudoflavonifractor capillosus, GCF_000169255.2)","taxon:pseudoflavonifractor capillosus","primary","GCST90671015","EUR","reverse_sensitivity","microbiome_trait_units_per_standardized_ED_exposure",15,"estimable","reverse",TRUE,TRUE
"reverse|GCST90671016","ed_2025_eur_reverse_exposure","GCST90671016","Gut microbiome species presence (Pseudoflavonifractor sp014287675, GCF_014287675.1)","taxon:pseudoflavonifractor sp014287675","primary","GCST90671016","EUR","reverse_sensitivity","microbiome_trait_units_per_standardized_ED_exposure",15,"estimable","reverse",TRUE,TRUE
"reverse|GCST90671017","ed_2025_eur_reverse_exposure","GCST90671017","Gut microbiome species presence (RGIG9041 sp017937065, GCA_017937065.1)","taxon:rgig9041 sp017937065","primary","GCST90671017","EUR","reverse_sensitivity","microbiome_trait_units_per_standardized_ED_exposure",15,"estimable","reverse",TRUE,TRUE
"reverse|GCST90671018","ed_2025_eur_reverse_exposure","GCST90671018","Gut microbiome species presence (RUG11247 sp902767315, GCA_902767315.1)","taxon:rug11247 sp902767315","primary","GCST90671018","EUR","reverse_sensitivity","microbiome_trait_units_per_standardized_ED_exposure",15,"estimable","reverse",TRUE,TRUE
"reverse|GCST90671019","ed_2025_eur_reverse_exposure","GCST90671019","Gut microbiome species presence (SFJ001 sp004555865, GCA_004555865.1)","taxon:sfj001 sp004555865","primary","GCST90671019","EUR","reverse_sensitivity","microbiome_trait_units_per_standardized_ED_exposure",15,"estimable","reverse",TRUE,TRUE
"reverse|GCST90671020","ed_2025_eur_reverse_exposure","GCST90671020","Gut microbiome species presence (Streptococcus rubneri, GCF_004785935.1)","taxon:streptococcus rubneri","primary","GCST90671020","EUR","reverse_sensitivity","microbiome_trait_units_per_standardized_ED_exposure",15,"estimable","reverse",TRUE,TRUE
"reverse|GCST90671021","ed_2025_eur_reverse_exposure","GCST90671021","Gut microbiome species presence (UMGS1384 sp900551265, GCA_900551265.1)","taxon:umgs1384 sp900551265","primary","GCST90671021","EUR","reverse_sensitivity","microbiome_trait_units_per_standardized_ED_exposure",15,"estimable","reverse",TRUE,TRUE
"reverse|GCST90671022","ed_2025_eur_reverse_exposure","GCST90671022","Gut microbiome species presence (UMGS1591 sp900553255, GCA_900553255.1)","taxon:umgs1591 sp900553255","primary","GCST90671022","EUR","reverse_sensitivity","microbiome_trait_units_per_standardized_ED_exposure",15,"estimable","reverse",TRUE,TRUE
"reverse|GCST90671023","ed_2025_eur_reverse_exposure","GCST90671023","Gut microbiome species presence (UMGS1696 sp900554225, GCA_900554225.1)","taxon:umgs1696 sp900554225","primary","GCST90671023","EUR","reverse_sensitivity","microbiome_trait_units_per_standardized_ED_exposure",15,"estimable","reverse",TRUE,TRUE
"reverse|GCST90671024","ed_2025_eur_reverse_exposure","GCST90671024","Gut microbiome species presence (UMGS1783 sp905209135, GCA_905209135.1)","taxon:umgs1783 sp905209135","primary","GCST90671024","EUR","reverse_sensitivity","microbiome_trait_units_per_standardized_ED_exposure",15,"estimable","reverse",TRUE,TRUE
"reverse|GCST90671025","ed_2025_eur_reverse_exposure","GCST90671025","Gut microbiome species presence (UMGS1795 sp900553555, GCA_900553555.1)","taxon:umgs1795 sp900553555","primary","GCST90671025","EUR","reverse_sensitivity","microbiome_trait_units_per_standardized_ED_exposure",15,"estimable","reverse",TRUE,TRUE
"reverse|GCST90671026","ed_2025_eur_reverse_exposure","GCST90671026","Gut microbiome species presence (UMGS1820 sp902797885, GCA_902797885.1)","taxon:umgs1820 sp902797885","primary","GCST90671026","EUR","reverse_sensitivity","microbiome_trait_units_per_standardized_ED_exposure",15,"estimable","reverse",TRUE,TRUE
"reverse|GCST90671027","ed_2025_eur_reverse_exposure","GCST90671027","Gut microbiome species presence (RGIG9041 hMGS.03151, )","taxon:rgig9041 hmgs.03151,","primary","GCST90671027","EUR","reverse_sensitivity","microbiome_trait_units_per_standardized_ED_exposure",15,"estimable","reverse",TRUE,TRUE
"reverse|GCST90671028","ed_2025_eur_reverse_exposure","GCST90671028","Gut microbiome species presence (UMGS911 hMGS.03156, )","taxon:umgs911 hmgs.03156,","primary","GCST90671028","EUR","reverse_sensitivity","microbiome_trait_units_per_standardized_ED_exposure",15,"estimable","reverse",TRUE,TRUE
"reverse|GCST90671029","ed_2025_eur_reverse_exposure","GCST90671029","Gut microbiome species presence (UMGS1766 hMGS.03161, )","taxon:umgs1766 hmgs.03161,","primary","GCST90671029","EUR","reverse_sensitivity","microbiome_trait_units_per_standardized_ED_exposure",15,"estimable","reverse",TRUE,TRUE
"reverse|GCST90671030","ed_2025_eur_reverse_exposure","GCST90671030","Gut microbiome species presence (Clostridium A hMGS.03194, )","taxon:clostridium a hmgs.03194,","primary","GCST90671030","EUR","reverse_sensitivity","microbiome_trait_units_per_standardized_ED_exposure",15,"estimable","reverse",TRUE,TRUE
"reverse|GCST90671031","ed_2025_eur_reverse_exposure","GCST90671031","Gut microbiome species presence (Faecimorpha hMGS.03197, )","taxon:faecimorpha hmgs.03197,","primary","GCST90671031","EUR","reverse_sensitivity","microbiome_trait_units_per_standardized_ED_exposure",15,"estimable","reverse",TRUE,TRUE
"reverse|GCST90671032","ed_2025_eur_reverse_exposure","GCST90671032","Gut microbiome species presence (Dysosmobacter hMGS.03207, )","taxon:dysosmobacter hmgs.03207,","primary","GCST90671032","EUR","reverse_sensitivity","microbiome_trait_units_per_standardized_ED_exposure",15,"estimable","reverse",TRUE,TRUE
"reverse|GCST90671033","ed_2025_eur_reverse_exposure","GCST90671033","Gut microbiome species presence (Ventricola sp900548125, GCA_900548125.1)","taxon:ventricola sp900548125","primary","GCST90671033","EUR","reverse_sensitivity","microbiome_trait_units_per_standardized_ED_exposure",15,"estimable","reverse",TRUE,TRUE
"reverse|GCST90671034","ed_2025_eur_reverse_exposure","GCST90671034","Gut microbiome species presence (Ventrimonas sp900770535, GCA_900770535.1)","taxon:ventrimonas sp900770535","primary","GCST90671034","EUR","reverse_sensitivity","microbiome_trait_units_per_standardized_ED_exposure",15,"estimable","reverse",TRUE,TRUE
"reverse|GCST90671035","ed_2025_eur_reverse_exposure","GCST90671035","Gut microbiome species presence (1XD42-69 sp014287635, GCF_014287635.1)","taxon:1xd42-69 sp014287635","primary","GCST90671035","EUR","reverse_sensitivity","microbiome_trait_units_per_standardized_ED_exposure",15,"estimable","reverse",TRUE,TRUE
"reverse|GCST90671036","ed_2025_eur_reverse_exposure","GCST90671036","Gut microbiome species presence (Alangreenwoodia gallinarii, GCA_904398315.1)","taxon:alangreenwoodia gallinarii","primary","GCST90671036","EUR","reverse_sensitivity","microbiome_trait_units_per_standardized_ED_exposure",15,"estimable","reverse",TRUE,TRUE
"reverse|GCST90671037","ed_2025_eur_reverse_exposure","GCST90671037","Gut microbiome species presence (Alectryocaccomicrobium excrementavium, GCA_018716755.1)","taxon:alectryocaccomicrobium excrementavium","primary","GCST90671037","EUR","reverse_sensitivity","microbiome_trait_units_per_standardized_ED_exposure",15,"estimable","reverse",TRUE,TRUE
"reverse|GCST90671038","ed_2025_eur_reverse_exposure","GCST90671038","Gut microbiome species presence (Aphodomonas sp004557805, GCA_004557805.1)","taxon:aphodomonas sp004557805","primary","GCST90671038","EUR","reverse_sensitivity","microbiome_trait_units_per_standardized_ED_exposure",15,"estimable","reverse",TRUE,TRUE
"reverse|GCST90671039","ed_2025_eur_reverse_exposure","GCST90671039","Gut microbiome species presence (Avimonas sp900551425, GCA_905192745.1)","taxon:avimonas sp900551425","primary","GCST90671039","EUR","reverse_sensitivity","microbiome_trait_units_per_standardized_ED_exposure",15,"estimable","reverse",TRUE,TRUE
"reverse|GCST90671040","ed_2025_eur_reverse_exposure","GCST90671040","Gut microbiome species abundance (Bittarella massiliensis, GCF_001486165.1)","taxon:bittarella massiliensis","primary","GCST90671040","EUR","reverse_sensitivity","microbiome_trait_units_per_standardized_ED_exposure",17,"estimable","reverse",TRUE,TRUE
"reverse|GCST90671041","ed_2025_eur_reverse_exposure","GCST90671041","Gut microbiome species presence (Blautia A gallistercoris, GCA_900542045.1)","taxon:blautia a gallistercoris","primary","GCST90671041","EUR","reverse_sensitivity","microbiome_trait_units_per_standardized_ED_exposure",15,"estimable","reverse",TRUE,TRUE
"reverse|GCST90671042","ed_2025_eur_reverse_exposure","GCST90671042","Gut microbiome species abundance (Blautia A sp000285855, GCA_000285855.2)","taxon:blautia a sp000285855","primary","GCST90671042","EUR","reverse_sensitivity","microbiome_trait_units_per_standardized_ED_exposure",17,"estimable","reverse",TRUE,TRUE
"reverse|GCST90671043","ed_2025_eur_reverse_exposure","GCST90671043","Gut microbiome species presence (Blautia A sp900551715, GCA_900551715.1)","taxon:blautia a sp900551715","primary","GCST90671043","EUR","reverse_sensitivity","microbiome_trait_units_per_standardized_ED_exposure",15,"estimable","reverse",TRUE,TRUE
"reverse|GCST90671044","ed_2025_eur_reverse_exposure","GCST90671044","Gut microbiome species presence (Borkfalkia excrementavium, GCA_019115945.1)","taxon:borkfalkia excrementavium","primary","GCST90671044","EUR","reverse_sensitivity","microbiome_trait_units_per_standardized_ED_exposure",15,"estimable","reverse",TRUE,TRUE
"reverse|GCST90671045","ed_2025_eur_reverse_exposure","GCST90671045","Gut microbiome species presence (Butyricicoccus sp900547195, GCA_900547195.1)","taxon:butyricicoccus sp900547195","primary","GCST90671045","EUR","reverse_sensitivity","microbiome_trait_units_per_standardized_ED_exposure",15,"estimable","reverse",TRUE,TRUE
"reverse|GCST90671046","ed_2025_eur_reverse_exposure","GCST90671046","Gut microbiome species presence (CAG-170 sp905214155, GCA_905214155.1)","taxon:cag-170 sp905214155","primary","GCST90671046","EUR","reverse_sensitivity","microbiome_trait_units_per_standardized_ED_exposure",15,"estimable","reverse",TRUE,TRUE
"reverse|GCST90671047","ed_2025_eur_reverse_exposure","GCST90671047","Gut microbiome species presence (CAG-272 sp900556615, GCA_900556615.1)","taxon:cag-272 sp900556615","primary","GCST90671047","EUR","reverse_sensitivity","microbiome_trait_units_per_standardized_ED_exposure",15,"estimable","reverse",TRUE,TRUE
"reverse|GCST90671048","ed_2025_eur_reverse_exposure","GCST90671048","Gut microbiome species presence (CAG-273 sp905214245, GCA_905214245.1)","taxon:cag-273 sp905214245","primary","GCST90671048","EUR","reverse_sensitivity","microbiome_trait_units_per_standardized_ED_exposure",15,"estimable","reverse",TRUE,TRUE
"reverse|GCST90671049","ed_2025_eur_reverse_exposure","GCST90671049","Gut microbiome species abundance (CAJFUR01 sp904420575, GCA_904420575.1)","taxon:cajfur01 sp904420575","primary","GCST90671049","EUR","reverse_sensitivity","microbiome_trait_units_per_standardized_ED_exposure",17,"estimable","reverse",TRUE,TRUE
"reverse|GCST90671050","ed_2025_eur_reverse_exposure","GCST90671050","Gut microbiome species abundance (CAJJPW01 sp905193725, GCA_905193725.1)","taxon:cajjpw01 sp905193725","primary","GCST90671050","EUR","reverse_sensitivity","microbiome_trait_units_per_standardized_ED_exposure",17,"estimable","reverse",TRUE,TRUE
"reverse|GCST90671051","ed_2025_eur_reverse_exposure","GCST90671051","Gut microbiome species presence (Catenibacillus sp018369015, GCA_018369015.1)","taxon:catenibacillus sp018369015","primary","GCST90671051","EUR","reverse_sensitivity","microbiome_trait_units_per_standardized_ED_exposure",15,"estimable","reverse",TRUE,TRUE
"reverse|GCST90671052","ed_2025_eur_reverse_exposure","GCST90671052","Gut microbiome species presence (Catenibacillus sp900553975, GCA_905199445.1)","taxon:catenibacillus sp900553975","primary","GCST90671052","EUR","reverse_sensitivity","microbiome_trait_units_per_standardized_ED_exposure",15,"estimable","reverse",TRUE,TRUE
"reverse|GCST90671053","ed_2025_eur_reverse_exposure","GCST90671053","Gut microbiome species presence (Christensenella hongkongensis, GCF_000981035.1)","taxon:christensenella hongkongensis","primary","GCST90671053","EUR","reverse_sensitivity","microbiome_trait_units_per_standardized_ED_exposure",15,"estimable","reverse",TRUE,TRUE
"reverse|GCST90671054","ed_2025_eur_reverse_exposure","GCST90671054","Gut microbiome species presence (Christensenella minuta, GCF_003628755.1)","taxon:christensenella minuta","primary","GCST90671054","EUR","reverse_sensitivity","microbiome_trait_units_per_standardized_ED_exposure",15,"estimable","reverse",TRUE,TRUE
"reverse|GCST90671055","ed_2025_eur_reverse_exposure","GCST90671055","Gut microbiome species presence (Dysosmobacter sp900544105, GCA_900544105.1)","taxon:dysosmobacter sp900544105","primary","GCST90671055","EUR","reverse_sensitivity","microbiome_trait_units_per_standardized_ED_exposure",15,"estimable","reverse",TRUE,TRUE
"reverse|GCST90671056","ed_2025_eur_reverse_exposure","GCST90671056","Gut microbiome species presence (Egerieisoma sp900552695, GCA_900761125.1)","taxon:egerieisoma sp900552695","primary","GCST90671056","EUR","reverse_sensitivity","microbiome_trait_units_per_standardized_ED_exposure",15,"estimable","reverse",TRUE,TRUE
"reverse|GCST90671057","ed_2025_eur_reverse_exposure","GCST90671057","Gut microbiome species presence (Emergencia sp904420065, GCA_904420065.1)","taxon:emergencia sp904420065","primary","GCST90671057","EUR","reverse_sensitivity","microbiome_trait_units_per_standardized_ED_exposure",15,"estimable","reverse",TRUE,TRUE
"reverse|GCST90671058","ed_2025_eur_reverse_exposure","GCST90671058","Gut microbiome species presence (Enterocloster faecavium, GCA_019118585.1)","taxon:enterocloster faecavium","primary","GCST90671058","EUR","reverse_sensitivity","microbiome_trait_units_per_standardized_ED_exposure",15,"estimable","reverse",TRUE,TRUE
"reverse|GCST90671059","ed_2025_eur_reverse_exposure","GCST90671059","Gut microbiome species presence (Enterocloster sp900543885, GCA_900543885.1)","taxon:enterocloster sp900543885","primary","GCST90671059","EUR","reverse_sensitivity","microbiome_trait_units_per_standardized_ED_exposure",15,"estimable","reverse",TRUE,TRUE
"reverse|GCST90671060","ed_2025_eur_reverse_exposure","GCST90671060","Gut microbiome species presence (Enterocloster sp900753815, GCF_020554865.1)","taxon:enterocloster sp900753815","primary","GCST90671060","EUR","reverse_sensitivity","microbiome_trait_units_per_standardized_ED_exposure",15,"estimable","reverse",TRUE,TRUE
"reverse|GCST90671061","ed_2025_eur_reverse_exposure","GCST90671061","Gut microbiome species presence (Faecaligallichristensenella faecipullorum, GCA_018716505.1)","taxon:faecaligallichristensenella faecipullorum","primary","GCST90671061","EUR","reverse_sensitivity","microbiome_trait_units_per_standardized_ED_exposure",15,"estimable","reverse",TRUE,TRUE
"reverse|GCST90671062","ed_2025_eur_reverse_exposure","GCST90671062","Gut microbiome species presence (Faecimorpha sp900764045, GCA_900764045.1)","taxon:faecimorpha sp900764045","primary","GCST90671062","EUR","reverse_sensitivity","microbiome_trait_units_per_standardized_ED_exposure",15,"estimable","reverse",TRUE,TRUE
"reverse|GCST90671063","ed_2025_eur_reverse_exposure","GCST90671063","Gut microbiome species presence (Faecimorpha stercoravium, GCA_002305315.1)","taxon:faecimorpha stercoravium","primary","GCST90671063","EUR","reverse_sensitivity","microbiome_trait_units_per_standardized_ED_exposure",15,"estimable","reverse",TRUE,TRUE
"reverse|GCST90671064","ed_2025_eur_reverse_exposure","GCST90671064","Gut microbiome species presence (Flavonifractor avistercoris, GCF_002161215.1)","taxon:flavonifractor avistercoris","primary","GCST90671064","EUR","reverse_sensitivity","microbiome_trait_units_per_standardized_ED_exposure",15,"estimable","reverse",TRUE,TRUE
"reverse|GCST90671065","ed_2025_eur_reverse_exposure","GCST90671065","Gut microbiome species presence (Flavonifractor intestinigallinarum, GCA_019119165.1)","taxon:flavonifractor intestinigallinarum","primary","GCST90671065","EUR","reverse_sensitivity","microbiome_trait_units_per_standardized_ED_exposure",15,"estimable","reverse",TRUE,TRUE
"reverse|GCST90671066","ed_2025_eur_reverse_exposure","GCST90671066","Gut microbiome species presence (Gallacutalibacter pullicola, GCA_018712265.1)","taxon:gallacutalibacter pullicola","primary","GCST90671066","EUR","reverse_sensitivity","microbiome_trait_units_per_standardized_ED_exposure",15,"estimable","reverse",TRUE,TRUE
"reverse|GCST90671067","ed_2025_eur_reverse_exposure","GCST90671067","Gut microbiome species presence (Gemmiger variabilis B, GCA_004554775.1)","taxon:gemmiger variabilis b","primary","GCST90671067","EUR","reverse_sensitivity","microbiome_trait_units_per_standardized_ED_exposure",15,"estimable","reverse",TRUE,TRUE
"reverse|GCST90671068","ed_2025_eur_reverse_exposure","GCST90671068","Gut microbiome species presence (HGM11327 sp900759935, GCA_900759935.1)","taxon:hgm11327 sp900759935","primary","GCST90671068","EUR","reverse_sensitivity","microbiome_trait_units_per_standardized_ED_exposure",15,"estimable","reverse",TRUE,TRUE
"reverse|GCST90671069","ed_2025_eur_reverse_exposure","GCST90671069","Gut microbiome species abundance (HGM11616 sp900761075, GCA_900761075.1)","taxon:hgm11616 sp900761075","primary","GCST90671069","EUR","reverse_sensitivity","microbiome_trait_units_per_standardized_ED_exposure",17,"estimable","reverse",TRUE,TRUE
"reverse|GCST90671070","ed_2025_eur_reverse_exposure","GCST90671070","Gut microbiome species abundance (HGM12998 sp900756495, GCA_900756495.1)","taxon:hgm12998 sp900756495","primary","GCST90671070","EUR","reverse_sensitivity","microbiome_trait_units_per_standardized_ED_exposure",17,"estimable","reverse",TRUE,TRUE
"reverse|GCST90671071","ed_2025_eur_reverse_exposure","GCST90671071","Gut microbiome species presence (HGM13006 sp905201305, GCA_905201305.1)","taxon:hgm13006 sp905201305","primary","GCST90671071","EUR","reverse_sensitivity","microbiome_trait_units_per_standardized_ED_exposure",15,"estimable","reverse",TRUE,TRUE
"reverse|GCST90671072","ed_2025_eur_reverse_exposure","GCST90671072","Gut microbiome species presence (HGM14224 sp900761905, GCA_900761905.1)","taxon:hgm14224 sp900761905","primary","GCST90671072","EUR","reverse_sensitivity","microbiome_trait_units_per_standardized_ED_exposure",15,"estimable","reverse",TRUE,TRUE
"reverse|GCST90671073","ed_2025_eur_reverse_exposure","GCST90671073","Gut microbiome species presence (Howiella intestinavium, GCA_904420585.1)","taxon:howiella intestinavium","primary","GCST90671073","EUR","reverse_sensitivity","microbiome_trait_units_per_standardized_ED_exposure",15,"estimable","reverse",TRUE,TRUE
"reverse|GCST90671074","ed_2025_eur_reverse_exposure","GCST90671074","Gut microbiome species abundance (JAGTTR01 sp018223385, GCA_018223385.1)","taxon:jagttr01 sp018223385","primary","GCST90671074","EUR","reverse_sensitivity","microbiome_trait_units_per_standardized_ED_exposure",17,"estimable","reverse",TRUE,TRUE
"reverse|GCST90671075","ed_2025_eur_reverse_exposure","GCST90671075","Gut microbiome species presence (Lachnoclostridium B sp000765215, GCF_000765215.1)","taxon:lachnoclostridium b sp000765215","primary","GCST90671075","EUR","reverse_sensitivity","microbiome_trait_units_per_standardized_ED_exposure",15,"estimable","reverse",TRUE,TRUE
"reverse|GCST90671076","ed_2025_eur_reverse_exposure","GCST90671076","Gut microbiome species presence (Lawsonibacter sp003478995, GCF_003478995.1)","taxon:lawsonibacter sp003478995","primary","GCST90671076","EUR","reverse_sensitivity","microbiome_trait_units_per_standardized_ED_exposure",15,"estimable","reverse",TRUE,TRUE
"reverse|GCST90671077","ed_2025_eur_reverse_exposure","GCST90671077","Gut microbiome species presence (Leuconostoc carnosum, GCF_014207505.1)","taxon:leuconostoc carnosum","primary","GCST90671077","EUR","reverse_sensitivity","microbiome_trait_units_per_standardized_ED_exposure",15,"estimable","reverse",TRUE,TRUE
"reverse|GCST90671078","ed_2025_eur_reverse_exposure","GCST90671078","Gut microbiome species presence (Leuconostoc pseudomesenteroides, GCF_014634745.1)","taxon:leuconostoc pseudomesenteroides","primary","GCST90671078","EUR","reverse_sensitivity","microbiome_trait_units_per_standardized_ED_exposure",15,"estimable","reverse",TRUE,TRUE
"reverse|GCST90671079","ed_2025_eur_reverse_exposure","GCST90671079","Gut microbiome species presence (Mediterraneibacter intestinigallinarum, GCA_019119265.1)","taxon:mediterraneibacter intestinigallinarum","primary","GCST90671079","EUR","reverse_sensitivity","microbiome_trait_units_per_standardized_ED_exposure",15,"estimable","reverse",TRUE,TRUE
"reverse|GCST90671080","ed_2025_eur_reverse_exposure","GCST90671080","Gut microbiome species presence (Mediterraneibacter norwichensis, GCA_019112765.1)","taxon:mediterraneibacter norwichensis","primary","GCST90671080","EUR","reverse_sensitivity","microbiome_trait_units_per_standardized_ED_exposure",15,"estimable","reverse",TRUE,TRUE
"reverse|GCST90671081","ed_2025_eur_reverse_exposure","GCST90671081","Gut microbiome species presence (Merdicola sp905200315, GCA_905200315.1)","taxon:merdicola sp905200315","primary","GCST90671081","EUR","reverse_sensitivity","microbiome_trait_units_per_standardized_ED_exposure",15,"estimable","reverse",TRUE,TRUE
"reverse|GCST90671082","ed_2025_eur_reverse_exposure","GCST90671082","Gut microbiome species presence (Merdisoma merdipullorum, GCA_018715645.1)","taxon:merdisoma merdipullorum","primary","GCST90671082","EUR","reverse_sensitivity","microbiome_trait_units_per_standardized_ED_exposure",15,"estimable","reverse",TRUE,TRUE
"reverse|GCST90671083","ed_2025_eur_reverse_exposure","GCST90671083","Gut microbiome species presence (Metalachnospira gallinarum, GCA_904378045.1)","taxon:metalachnospira gallinarum","primary","GCST90671083","EUR","reverse_sensitivity","microbiome_trait_units_per_standardized_ED_exposure",15,"estimable","reverse",TRUE,TRUE
"reverse|GCST90671084","ed_2025_eur_reverse_exposure","GCST90671084","Gut microbiome species presence (Neobittarella massiliensis, GCF_900289145.1)","taxon:neobittarella massiliensis","primary","GCST90671084","EUR","reverse_sensitivity","microbiome_trait_units_per_standardized_ED_exposure",15,"estimable","reverse",TRUE,TRUE
"reverse|GCST90671085","ed_2025_eur_reverse_exposure","GCST90671085","Gut microbiome species presence (Parachristensenella sp900542005, GCA_900542005.1)","taxon:parachristensenella sp900542005","primary","GCST90671085","EUR","reverse_sensitivity","microbiome_trait_units_per_standardized_ED_exposure",15,"estimable","reverse",TRUE,TRUE
"reverse|GCST90671086","ed_2025_eur_reverse_exposure","GCST90671086","Gut microbiome species presence (Prevotella sp900548585, GCA_900548585.1)","taxon:prevotella sp900548585","primary","GCST90671086","EUR","reverse_sensitivity","microbiome_trait_units_per_standardized_ED_exposure",15,"estimable","reverse",TRUE,TRUE
"reverse|GCST90671087","ed_2025_eur_reverse_exposure","GCST90671087","Gut microbiome species abundance (Pseudobutyricicoccus lothianensis, GCA_904419295.1)","taxon:pseudobutyricicoccus lothianensis","primary","GCST90671087","EUR","reverse_sensitivity","microbiome_trait_units_per_standardized_ED_exposure",17,"estimable","reverse",TRUE,TRUE
"reverse|GCST90671088","ed_2025_eur_reverse_exposure","GCST90671088","Gut microbiome species abundance (Pseudoscilispira sp018369915, GCA_020555865.1)","taxon:pseudoscilispira sp018369915","primary","GCST90671088","EUR","reverse_sensitivity","microbiome_trait_units_per_standardized_ED_exposure",17,"estimable","reverse",TRUE,TRUE
"reverse|GCST90671089","ed_2025_eur_reverse_exposure","GCST90671089","Gut microbiome species abundance (Pullichristensenella excrementipullorum, GCA_900754775.1)","taxon:pullichristensenella excrementipullorum","primary","GCST90671089","EUR","reverse_sensitivity","microbiome_trait_units_per_standardized_ED_exposure",17,"estimable","reverse",TRUE,TRUE
"reverse|GCST90671090","ed_2025_eur_reverse_exposure","GCST90671090","Gut microbiome species presence (QAKD01 sp003343965, GCA_944383465.1)","taxon:qakd01 sp003343965","primary","GCST90671090","EUR","reverse_sensitivity","microbiome_trait_units_per_standardized_ED_exposure",15,"estimable","reverse",TRUE,TRUE
"reverse|GCST90671091","ed_2025_eur_reverse_exposure","GCST90671091","Gut microbiome species abundance (QAKW01 sp003343605, GCA_003343605.1)","taxon:qakw01 sp003343605","primary","GCST90671091","EUR","reverse_sensitivity","microbiome_trait_units_per_standardized_ED_exposure",17,"estimable","reverse",TRUE,TRUE
"reverse|GCST90671092","ed_2025_eur_reverse_exposure","GCST90671092","Gut microbiome species presence (QALR01 sp900552255, GCA_900552255.1)","taxon:qalr01 sp900552255","primary","GCST90671092","EUR","reverse_sensitivity","microbiome_trait_units_per_standardized_ED_exposure",15,"estimable","reverse",TRUE,TRUE
"reverse|GCST90671093","ed_2025_eur_reverse_exposure","GCST90671093","Gut microbiome species presence (QAMM01 sp003150405, GCA_003150405.1)","taxon:qamm01 sp003150405","primary","GCST90671093","EUR","reverse_sensitivity","microbiome_trait_units_per_standardized_ED_exposure",15,"estimable","reverse",TRUE,TRUE
"reverse|GCST90671094","ed_2025_eur_reverse_exposure","GCST90671094","Gut microbiome species presence (QAMM01 sp902766785, GCA_902766785.1)","taxon:qamm01 sp902766785","primary","GCST90671094","EUR","reverse_sensitivity","microbiome_trait_units_per_standardized_ED_exposure",15,"estimable","reverse",TRUE,TRUE
"reverse|GCST90671095","ed_2025_eur_reverse_exposure","GCST90671095","Gut microbiome species presence (QANA01 sp900554725, GCA_900554725.1)","taxon:qana01 sp900554725","primary","GCST90671095","EUR","reverse_sensitivity","microbiome_trait_units_per_standardized_ED_exposure",15,"estimable","reverse",TRUE,TRUE
"reverse|GCST90671096","ed_2025_eur_reverse_exposure","GCST90671096","Gut microbiome species presence (RGIG4076 sp905198155, GCA_905198155.1)","taxon:rgig4076 sp905198155","primary","GCST90671096","EUR","reverse_sensitivity","microbiome_trait_units_per_standardized_ED_exposure",15,"estimable","reverse",TRUE,TRUE
"reverse|GCST90671097","ed_2025_eur_reverse_exposure","GCST90671097","Gut microbiome species abundance (Solibaculum mannosilyticum, GCF_015140235.1)","taxon:solibaculum mannosilyticum","primary","GCST90671097","EUR","reverse_sensitivity","microbiome_trait_units_per_standardized_ED_exposure",17,"estimable","reverse",TRUE,TRUE
"reverse|GCST90671098","ed_2025_eur_reverse_exposure","GCST90671098","Gut microbiome species presence (UBA3818 sp904397845, GCA_904397845.1)","taxon:uba3818 sp904397845","primary","GCST90671098","EUR","reverse_sensitivity","microbiome_trait_units_per_standardized_ED_exposure",15,"estimable","reverse",TRUE,TRUE
"reverse|GCST90671099","ed_2025_eur_reverse_exposure","GCST90671099","Gut microbiome species presence (UBA866 sp904384225, GCA_904384225.1)","taxon:uba866 sp904384225","primary","GCST90671099","EUR","reverse_sensitivity","microbiome_trait_units_per_standardized_ED_exposure",15,"estimable","reverse",TRUE,TRUE
"reverse|GCST90671100","ed_2025_eur_reverse_exposure","GCST90671100","Gut microbiome species presence (UMGS1591 sp905198295, GCA_905198295.1)","taxon:umgs1591 sp905198295","primary","GCST90671100","EUR","reverse_sensitivity","microbiome_trait_units_per_standardized_ED_exposure",15,"estimable","reverse",TRUE,TRUE
"reverse|GCST90671101","ed_2025_eur_reverse_exposure","GCST90671101","Gut microbiome species presence (UMGS1766 sp900554855, GCA_900554855.1)","taxon:umgs1766 sp900554855","primary","GCST90671101","EUR","reverse_sensitivity","microbiome_trait_units_per_standardized_ED_exposure",15,"estimable","reverse",TRUE,TRUE
"reverse|GCST90671102","ed_2025_eur_reverse_exposure","GCST90671102","Gut microbiome species presence (UMGS882 sp900757905, GCA_900757905.1)","taxon:umgs882 sp900757905","primary","GCST90671102","EUR","reverse_sensitivity","microbiome_trait_units_per_standardized_ED_exposure",15,"estimable","reverse",TRUE,TRUE
"reverse|GCST90671103","ed_2025_eur_reverse_exposure","GCST90671103","Gut microbiome species presence (Parachristensenella hMGS.04635, )","taxon:parachristensenella hmgs.04635,","primary","GCST90671103","EUR","reverse_sensitivity","microbiome_trait_units_per_standardized_ED_exposure",15,"estimable","reverse",TRUE,TRUE
"reverse|GCST90671104","ed_2025_eur_reverse_exposure","GCST90671104","Gut microbiome species presence (UBA7185 hMGS.04654, )","taxon:uba7185 hmgs.04654,","primary","GCST90671104","EUR","reverse_sensitivity","microbiome_trait_units_per_standardized_ED_exposure",15,"estimable","reverse",TRUE,TRUE
"reverse|GCST90671105","ed_2025_eur_reverse_exposure","GCST90671105","Gut microbiome species presence (Gallacutalibacter A hMGS.04728, )","taxon:gallacutalibacter a hmgs.04728,","primary","GCST90671105","EUR","reverse_sensitivity","microbiome_trait_units_per_standardized_ED_exposure",15,"estimable","reverse",TRUE,TRUE
"reverse|GCST90671106","ed_2025_eur_reverse_exposure","GCST90671106","Gut microbiome species presence (Aphodoplasma hMGS.04788, )","taxon:aphodoplasma hmgs.04788,","primary","GCST90671106","EUR","reverse_sensitivity","microbiome_trait_units_per_standardized_ED_exposure",15,"estimable","reverse",TRUE,TRUE
"reverse|GCST90671107","ed_2025_eur_reverse_exposure","GCST90671107","Gut microbiome species presence (UBA7185 hMGS.04790, )","taxon:uba7185 hmgs.04790,","primary","GCST90671107","EUR","reverse_sensitivity","microbiome_trait_units_per_standardized_ED_exposure",15,"estimable","reverse",TRUE,TRUE
"reverse|GCST90671108","ed_2025_eur_reverse_exposure","GCST90671108","Gut microbiome species presence (CAKTXU01 hMGS.04791, )","taxon:caktxu01 hmgs.04791,","primary","GCST90671108","EUR","reverse_sensitivity","microbiome_trait_units_per_standardized_ED_exposure",15,"estimable","reverse",TRUE,TRUE
"reverse|GCST90671109","ed_2025_eur_reverse_exposure","GCST90671109","Gut microbiome species presence (UMGS1623 hMGS.04797, )","taxon:umgs1623 hmgs.04797,","primary","GCST90671109","EUR","reverse_sensitivity","microbiome_trait_units_per_standardized_ED_exposure",15,"estimable","reverse",TRUE,TRUE
"reverse|GCST90671110","ed_2025_eur_reverse_exposure","GCST90671110","Gut microbiome species presence (Fumia hMGS.04802, )","taxon:fumia hmgs.04802,","primary","GCST90671110","EUR","reverse_sensitivity","microbiome_trait_units_per_standardized_ED_exposure",15,"estimable","reverse",TRUE,TRUE
"reverse|GCST90671111","ed_2025_eur_reverse_exposure","GCST90671111","Gut microbiome species presence (Ruminococcaceae hMGS.05315, )","taxon:ruminococcaceae hmgs.05315,","primary","GCST90671111","EUR","reverse_sensitivity","microbiome_trait_units_per_standardized_ED_exposure",15,"estimable","reverse",TRUE,TRUE
"reverse|GCST90671112","ed_2025_eur_reverse_exposure","GCST90671112","Gut microbiome species presence (Merdiplasma hMGS.05331, )","taxon:merdiplasma hmgs.05331,","primary","GCST90671112","EUR","reverse_sensitivity","microbiome_trait_units_per_standardized_ED_exposure",15,"estimable","reverse",TRUE,TRUE
"reverse|GCST90671113","ed_2025_eur_reverse_exposure","GCST90671113","Gut microbiome species presence (Lawsonibacter hMGS.05355, )","taxon:lawsonibacter hmgs.05355,","primary","GCST90671113","EUR","reverse_sensitivity","microbiome_trait_units_per_standardized_ED_exposure",15,"estimable","reverse",TRUE,TRUE
"reverse|GCST90671114","ed_2025_eur_reverse_exposure","GCST90671114","Gut microbiome species presence (Agathobaculum hMGS.05437, )","taxon:agathobaculum hmgs.05437,","primary","GCST90671114","EUR","reverse_sensitivity","microbiome_trait_units_per_standardized_ED_exposure",15,"estimable","reverse",TRUE,TRUE
"reverse|GCST90671115","ed_2025_eur_reverse_exposure","GCST90671115","Gut microbiome species presence (Lawsonibacter hMGS.05443, )","taxon:lawsonibacter hmgs.05443,","primary","GCST90671115","EUR","reverse_sensitivity","microbiome_trait_units_per_standardized_ED_exposure",15,"estimable","reverse",TRUE,TRUE
"reverse|GCST90671116","ed_2025_eur_reverse_exposure","GCST90671116","Gut microbiome species presence (Lawsonibacter hMGS.05444, )","taxon:lawsonibacter hmgs.05444,","primary","GCST90671116","EUR","reverse_sensitivity","microbiome_trait_units_per_standardized_ED_exposure",15,"estimable","reverse",TRUE,TRUE
"reverse|GCST90671117","ed_2025_eur_reverse_exposure","GCST90671117","Gut microbiome species presence (RGIG7265 hMGS.05468, )","taxon:rgig7265 hmgs.05468,","primary","GCST90671117","EUR","reverse_sensitivity","microbiome_trait_units_per_standardized_ED_exposure",15,"estimable","reverse",TRUE,TRUE
"reverse|GCST90671118","ed_2025_eur_reverse_exposure","GCST90671118","Gut microbiome species presence (Pullichristensenella hMGS.05500, )","taxon:pullichristensenella hmgs.05500,","primary","GCST90671118","EUR","reverse_sensitivity","microbiome_trait_units_per_standardized_ED_exposure",15,"estimable","reverse",TRUE,TRUE
"reverse|GCST90671119","ed_2025_eur_reverse_exposure","GCST90671119","Gut microbiome species presence (Avispirillum hMGS.05502, )","taxon:avispirillum hmgs.05502,","primary","GCST90671119","EUR","reverse_sensitivity","microbiome_trait_units_per_standardized_ED_exposure",15,"estimable","reverse",TRUE,TRUE
"reverse|GCST90671120","ed_2025_eur_reverse_exposure","GCST90671120","Gut microbiome species presence (Dysosmobacter hMGS.05507, )","taxon:dysosmobacter hmgs.05507,","primary","GCST90671120","EUR","reverse_sensitivity","microbiome_trait_units_per_standardized_ED_exposure",15,"estimable","reverse",TRUE,TRUE
"reverse|GCST90671121","ed_2025_eur_reverse_exposure","GCST90671121","Gut microbiome species presence (Flavonifractor hMGS.05537, )","taxon:flavonifractor hmgs.05537,","primary","GCST90671121","EUR","reverse_sensitivity","microbiome_trait_units_per_standardized_ED_exposure",15,"estimable","reverse",TRUE,TRUE
"reverse|GCST90671122","ed_2025_eur_reverse_exposure","GCST90671122","Gut microbiome species abundance (Pullichristensenella hMGS.05548, )","taxon:pullichristensenella hmgs.05548,","primary","GCST90671122","EUR","reverse_sensitivity","microbiome_trait_units_per_standardized_ED_exposure",17,"estimable","reverse",TRUE,TRUE
"reverse|GCST90671123","ed_2025_eur_reverse_exposure","GCST90671123","Gut microbiome species presence (Intestinimonas hMGS.05574, )","taxon:intestinimonas hmgs.05574,","primary","GCST90671123","EUR","reverse_sensitivity","microbiome_trait_units_per_standardized_ED_exposure",15,"estimable","reverse",TRUE,TRUE
"reverse|GCST90671124","ed_2025_eur_reverse_exposure","GCST90671124","Gut microbiome species presence (JAHZGC01 hMGS.05639, )","taxon:jahzgc01 hmgs.05639,","primary","GCST90671124","EUR","reverse_sensitivity","microbiome_trait_units_per_standardized_ED_exposure",15,"estimable","reverse",TRUE,TRUE
"reverse|GCST90671125","ed_2025_eur_reverse_exposure","GCST90671125","Gut microbiome species presence (Ventricola intestinavium, GCA_018715105.1)","taxon:ventricola intestinavium","primary","GCST90671125","EUR","reverse_sensitivity","microbiome_trait_units_per_standardized_ED_exposure",15,"estimable","reverse",TRUE,TRUE
"reverse|GCST90671126","ed_2025_eur_reverse_exposure","GCST90671126","Gut microbiome species presence (Ventrimonas sp900555625, GCA_020686985.1)","taxon:ventrimonas sp900555625","primary","GCST90671126","EUR","reverse_sensitivity","microbiome_trait_units_per_standardized_ED_exposure",15,"estimable","reverse",TRUE,TRUE
"reverse|GCST90671127","ed_2025_eur_reverse_exposure","GCST90671127","Gut microbiome species presence (Prevotella copri hMGS.05753, )","taxon:prevotella copri hmgs.05753,","primary","GCST90671127","EUR","reverse_sensitivity","microbiome_trait_units_per_standardized_ED_exposure",15,"estimable","reverse",TRUE,TRUE
"reverse|GCST90671128","ed_2025_eur_reverse_exposure","GCST90671128","Gut microbiome species presence (Wujia chipingensis, GCF_014337155.1)","taxon:wujia chipingensis","primary","GCST90671128","EUR","reverse_sensitivity","microbiome_trait_units_per_standardized_ED_exposure",15,"estimable","reverse",TRUE,TRUE
"reverse|GCST90671129","ed_2025_eur_reverse_exposure","GCST90671129","Gut microbiome species presence (Collinsella aerofaciens hMGS.05755, )","taxon:collinsella aerofaciens hmgs.05755,","primary","GCST90671129","EUR","reverse_sensitivity","microbiome_trait_units_per_standardized_ED_exposure",15,"estimable","reverse",TRUE,TRUE
"reverse|GCST90671130","ed_2025_eur_reverse_exposure","GCST90671130","Gut microbiome species abundance (Faecalibacterium longum, GCF_020687245.1)","taxon:faecalibacterium longum","primary","GCST90671130","EUR","reverse_sensitivity","microbiome_trait_units_per_standardized_ED_exposure",17,"estimable","reverse",TRUE,TRUE
"reverse|GCST90671131","ed_2025_eur_reverse_exposure","GCST90671131","Gut microbiome species abundance (Lachnospira rogosae, GCA_900112995.1)","taxon:lachnospira rogosae","primary","GCST90671131","EUR","reverse_sensitivity","microbiome_trait_units_per_standardized_ED_exposure",17,"estimable","reverse",TRUE,TRUE
"reverse|GCST90671132","ed_2025_eur_reverse_exposure","GCST90671132","Gut microbiome species presence (Veillonella parvula hMGS.05759, )","taxon:veillonella parvula hmgs.05759,","primary","GCST90671132","EUR","reverse_sensitivity","microbiome_trait_units_per_standardized_ED_exposure",15,"estimable","reverse",TRUE,TRUE
"reverse|GCST90671133","ed_2025_eur_reverse_exposure","GCST90671133","Gut microbiome species abundance (Faecalibacterium duncaniae, GCF_010509575.1)","taxon:faecalibacterium duncaniae","primary","GCST90671133","EUR","reverse_sensitivity","microbiome_trait_units_per_standardized_ED_exposure",17,"estimable","reverse",TRUE,TRUE
"reverse|GCST90671134","ed_2025_eur_reverse_exposure","GCST90671134","Gut microbiome species presence (CAG-302 sp934162325, GCA_934162325.1)","taxon:cag-302 sp934162325","primary","GCST90671134","EUR","reverse_sensitivity","microbiome_trait_units_per_standardized_ED_exposure",15,"estimable","reverse",TRUE,TRUE
"reverse|GCST90671135","ed_2025_eur_reverse_exposure","GCST90671135","Gut microbiome species abundance (Vescimonas coprocola, GCF_018408575.1)","taxon:vescimonas coprocola","primary","GCST90671135","EUR","reverse_sensitivity","microbiome_trait_units_per_standardized_ED_exposure",17,"estimable","reverse",TRUE,TRUE
"reverse|GCST90671136","ed_2025_eur_reverse_exposure","GCST90671136","Gut microbiome species presence (Vescimonas sp000435555, GCA_000435555.1)","taxon:vescimonas sp000435555","primary","GCST90671136","EUR","reverse_sensitivity","microbiome_trait_units_per_standardized_ED_exposure",15,"estimable","reverse",TRUE,TRUE
"reverse|GCST90671137","ed_2025_eur_reverse_exposure","GCST90671137","Gut microbiome species presence (Anaerotardibacter sp000436075, GCA_000436075.1)","taxon:anaerotardibacter sp000436075","primary","GCST90671137","EUR","reverse_sensitivity","microbiome_trait_units_per_standardized_ED_exposure",15,"estimable","reverse",TRUE,TRUE
"reverse|GCST90671138","ed_2025_eur_reverse_exposure","GCST90671138","Gut microbiome species presence (Pseudoruminococcus massiliensis, GCF_900291955.1)","taxon:pseudoruminococcus massiliensis","primary","GCST90671138","EUR","reverse_sensitivity","microbiome_trait_units_per_standardized_ED_exposure",15,"estimable","reverse",TRUE,TRUE
"reverse|GCST90671139","ed_2025_eur_reverse_exposure","GCST90671139","Gut microbiome species abundance (Actinomyces graevenitzii hMGS.05799, )","taxon:actinomyces graevenitzii hmgs.05799,","primary","GCST90671139","EUR","reverse_sensitivity","microbiome_trait_units_per_standardized_ED_exposure",17,"estimable","reverse",TRUE,TRUE
"reverse|GCST90671140","ed_2025_eur_reverse_exposure","GCST90671140","Gut microbiome species presence (Anaerotardibacter sp000435675, GCA_000435675.1)","taxon:anaerotardibacter sp000435675","primary","GCST90671140","EUR","reverse_sensitivity","microbiome_trait_units_per_standardized_ED_exposure",15,"estimable","reverse",TRUE,TRUE
"reverse|GCST90671141","ed_2025_eur_reverse_exposure","GCST90671141","Gut microbiome species presence (Vescimonas sp001916855, GCA_018228685.1)","taxon:vescimonas sp001916855","primary","GCST90671141","EUR","reverse_sensitivity","microbiome_trait_units_per_standardized_ED_exposure",15,"estimable","reverse",TRUE,TRUE
"reverse|GCST90671142","ed_2025_eur_reverse_exposure","GCST90671142","Gut microbiome species abundance (Hominisplanchenecus faecis, GCF_020687205.1)","taxon:hominisplanchenecus faecis","primary","GCST90671142","EUR","reverse_sensitivity","microbiome_trait_units_per_standardized_ED_exposure",17,"estimable","reverse",TRUE,TRUE
"reverse|GCST90671143","ed_2025_eur_reverse_exposure","GCST90671143","Gut microbiome species presence (Faecalibacterium hattorii, GCF_003287455.1)","taxon:faecalibacterium hattorii","primary","GCST90671143","EUR","reverse_sensitivity","microbiome_trait_units_per_standardized_ED_exposure",15,"estimable","reverse",TRUE,TRUE
"reverse|GCST90671144","ed_2025_eur_reverse_exposure","GCST90671144","Gut microbiome species presence (Holdemanella porci A, GCF_019052655.1)","taxon:holdemanella porci a","primary","GCST90671144","EUR","reverse_sensitivity","microbiome_trait_units_per_standardized_ED_exposure",15,"estimable","reverse",TRUE,TRUE
"reverse|GCST90671145","ed_2025_eur_reverse_exposure","GCST90671145","Gut microbiome species presence (Vescimonas sp000435975, GCA_000435975.1)","taxon:vescimonas sp000435975","primary","GCST90671145","EUR","reverse_sensitivity","microbiome_trait_units_per_standardized_ED_exposure",15,"estimable","reverse",TRUE,TRUE
"reverse|GCST90671146","ed_2025_eur_reverse_exposure","GCST90671146","Gut microbiome species presence (Vescimonas sp900545585, GCA_900545585.1)","taxon:vescimonas sp900545585","primary","GCST90671146","EUR","reverse_sensitivity","microbiome_trait_units_per_standardized_ED_exposure",15,"estimable","reverse",TRUE,TRUE
"reverse|GCST90671147","ed_2025_eur_reverse_exposure","GCST90671147","Gut microbiome species presence (Cag-433 hMGS.05835, )","taxon:cag-433 hmgs.05835,","primary","GCST90671147","EUR","reverse_sensitivity","microbiome_trait_units_per_standardized_ED_exposure",15,"estimable","reverse",TRUE,TRUE
"reverse|GCST90671148","ed_2025_eur_reverse_exposure","GCST90671148","Gut microbiome species presence (Vescimonas sp900548615, GCA_900548615.1)","taxon:vescimonas sp900548615","primary","GCST90671148","EUR","reverse_sensitivity","microbiome_trait_units_per_standardized_ED_exposure",15,"estimable","reverse",TRUE,TRUE
"reverse|GCST90671149","ed_2025_eur_reverse_exposure","GCST90671149","Gut microbiome species abundance (Adlercreutzia hattorii, GCF_011405655.1)","taxon:adlercreutzia hattorii","primary","GCST90671149","EUR","reverse_sensitivity","microbiome_trait_units_per_standardized_ED_exposure",17,"estimable","reverse",TRUE,TRUE
"reverse|GCST90671150","ed_2025_eur_reverse_exposure","GCST90671150","Gut microbiome species abundance (Coprococcus A catus A, GCF_902381825.1)","taxon:coprococcus a catus a","primary","GCST90671150","EUR","reverse_sensitivity","microbiome_trait_units_per_standardized_ED_exposure",17,"estimable","reverse",TRUE,TRUE
"reverse|GCST90671151","ed_2025_eur_reverse_exposure","GCST90671151","Gut microbiome species presence (Butyribacter huaianensis, GCF_014384985.1)","taxon:butyribacter huaianensis","primary","GCST90671151","EUR","reverse_sensitivity","microbiome_trait_units_per_standardized_ED_exposure",15,"estimable","reverse",TRUE,TRUE
"reverse|GCST90671152","ed_2025_eur_reverse_exposure","GCST90671152","Gut microbiome species presence (Vescimonas sp003539495, GCA_003539495.1)","taxon:vescimonas sp003539495","primary","GCST90671152","EUR","reverse_sensitivity","microbiome_trait_units_per_standardized_ED_exposure",15,"estimable","reverse",TRUE,TRUE
"reverse|GCST90671153","ed_2025_eur_reverse_exposure","GCST90671153","Gut microbiome species presence (Butyricicoccus A intestinisimiae, GCF_018918345.1)","taxon:butyricicoccus a intestinisimiae","primary","GCST90671153","EUR","reverse_sensitivity","microbiome_trait_units_per_standardized_ED_exposure",15,"estimable","reverse",TRUE,TRUE
"reverse|GCST90671154","ed_2025_eur_reverse_exposure","GCST90671154","Gut microbiome species presence (Vescimonas sp003487665, GCA_003487665.1)","taxon:vescimonas sp003487665","primary","GCST90671154","EUR","reverse_sensitivity","microbiome_trait_units_per_standardized_ED_exposure",15,"estimable","reverse",TRUE,TRUE
"reverse|GCST90671155","ed_2025_eur_reverse_exposure","GCST90671155","Gut microbiome species presence (Tidjanibacter inops, GCF_900104605.1)","taxon:tidjanibacter inops","primary","GCST90671155","EUR","reverse_sensitivity","microbiome_trait_units_per_standardized_ED_exposure",15,"estimable","reverse",TRUE,TRUE
"reverse|GCST90671156","ed_2025_eur_reverse_exposure","GCST90671156","Gut microbiome species presence (Thomasclavelia ramosa, GCF_014131695.1)","taxon:thomasclavelia ramosa","primary","GCST90671156","EUR","reverse_sensitivity","microbiome_trait_units_per_standardized_ED_exposure",15,"estimable","reverse",TRUE,TRUE
"reverse|GCST90671157","ed_2025_eur_reverse_exposure","GCST90671157","Gut microbiome species presence (Pararoseburia lenta, GCF_014287435.1)","taxon:pararoseburia lenta","primary","GCST90671157","EUR","reverse_sensitivity","microbiome_trait_units_per_standardized_ED_exposure",15,"estimable","reverse",TRUE,TRUE
"reverse|GCST90671158","ed_2025_eur_reverse_exposure","GCST90671158","Gut microbiome species presence (Vescimonas sp900547745, GCA_900547745.1)","taxon:vescimonas sp900547745","primary","GCST90671158","EUR","reverse_sensitivity","microbiome_trait_units_per_standardized_ED_exposure",15,"estimable","reverse",TRUE,TRUE
"reverse|GCST90671159","ed_2025_eur_reverse_exposure","GCST90671159","Gut microbiome species presence (Butyribacter hominis, GCF_014384965.1)","taxon:butyribacter hominis","primary","GCST90671159","EUR","reverse_sensitivity","microbiome_trait_units_per_standardized_ED_exposure",15,"estimable","reverse",TRUE,TRUE
"reverse|GCST90671160","ed_2025_eur_reverse_exposure","GCST90671160","Gut microbiome species presence (Prevotella timonensis hMGS.05908, )","taxon:prevotella timonensis hmgs.05908,","primary","GCST90671160","EUR","reverse_sensitivity","microbiome_trait_units_per_standardized_ED_exposure",15,"estimable","reverse",TRUE,TRUE
"reverse|GCST90671161","ed_2025_eur_reverse_exposure","GCST90671161","Gut microbiome species presence (UMGS1271 sp900550255, GCA_900550255.1)","taxon:umgs1271 sp900550255","primary","GCST90671161","EUR","reverse_sensitivity","microbiome_trait_units_per_standardized_ED_exposure",15,"estimable","reverse",TRUE,TRUE
"reverse|GCST90671162","ed_2025_eur_reverse_exposure","GCST90671162","Gut microbiome species abundance (Vescimonas sp900552475, GCA_900552475.1)","taxon:vescimonas sp900552475","primary","GCST90671162","EUR","reverse_sensitivity","microbiome_trait_units_per_standardized_ED_exposure",17,"estimable","reverse",TRUE,TRUE
"reverse|GCST90671163","ed_2025_eur_reverse_exposure","GCST90671163","Gut microbiome species abundance (Lentihominibacter faecis, GCF_014306095.1)","taxon:lentihominibacter faecis","primary","GCST90671163","EUR","reverse_sensitivity","microbiome_trait_units_per_standardized_ED_exposure",17,"estimable","reverse",TRUE,TRUE
"reverse|GCST90671164","ed_2025_eur_reverse_exposure","GCST90671164","Gut microbiome species presence (Vescimonas fastidiosa, GCF_018326305.1)","taxon:vescimonas fastidiosa","primary","GCST90671164","EUR","reverse_sensitivity","microbiome_trait_units_per_standardized_ED_exposure",15,"estimable","reverse",TRUE,TRUE
"reverse|GCST90671165","ed_2025_eur_reverse_exposure","GCST90671165","Gut microbiome species presence (Parasutterella sp900552195, GCA_900552195.1)","taxon:parasutterella sp900552195","primary","GCST90671165","EUR","reverse_sensitivity","microbiome_trait_units_per_standardized_ED_exposure",15,"estimable","reverse",TRUE,TRUE
"reverse|GCST90671166","ed_2025_eur_reverse_exposure","GCST90671166","Gut microbiome species presence (Anaerotardibacter sp900538545, GCA_900538545.1)","taxon:anaerotardibacter sp900538545","primary","GCST90671166","EUR","reverse_sensitivity","microbiome_trait_units_per_standardized_ED_exposure",15,"estimable","reverse",TRUE,TRUE
"reverse|GCST90671167","ed_2025_eur_reverse_exposure","GCST90671167","Gut microbiome species presence (Anaerotardibacter sp000434775, GCA_000434775.1)","taxon:anaerotardibacter sp000434775","primary","GCST90671167","EUR","reverse_sensitivity","microbiome_trait_units_per_standardized_ED_exposure",15,"estimable","reverse",TRUE,TRUE
"reverse|GCST90671168","ed_2025_eur_reverse_exposure","GCST90671168","Gut microbiome species presence (Thomasclavelia spiroformis, GCA_025149465.1)","taxon:thomasclavelia spiroformis","primary","GCST90671168","EUR","reverse_sensitivity","microbiome_trait_units_per_standardized_ED_exposure",15,"estimable","reverse",TRUE,TRUE
"reverse|GCST90671169","ed_2025_eur_reverse_exposure","GCST90671169","Gut microbiome species presence (Bacteroides zhangwenhongii, GCF_009193325.2)","taxon:bacteroides zhangwenhongii","primary","GCST90671169","EUR","reverse_sensitivity","microbiome_trait_units_per_standardized_ED_exposure",15,"estimable","reverse",TRUE,TRUE
"reverse|GCST90671170","ed_2025_eur_reverse_exposure","GCST90671170","Gut microbiome species presence (CAG-269 sp934149075, GCA_934149075.1)","taxon:cag-269 sp934149075","primary","GCST90671170","EUR","reverse_sensitivity","microbiome_trait_units_per_standardized_ED_exposure",15,"estimable","reverse",TRUE,TRUE
"reverse|GCST90671171","ed_2025_eur_reverse_exposure","GCST90671171","Gut microbiome species presence (Blautia A intestinalis, GCF_014297355.1)","taxon:blautia a intestinalis","primary","GCST90671171","EUR","reverse_sensitivity","microbiome_trait_units_per_standardized_ED_exposure",15,"estimable","reverse",TRUE,TRUE
"reverse|GCST90671172","ed_2025_eur_reverse_exposure","GCST90671172","Gut microbiome species abundance (UMGS1623 sp934647945, GCA_934647945.1)","taxon:umgs1623 sp934647945","primary","GCST90671172","EUR","reverse_sensitivity","microbiome_trait_units_per_standardized_ED_exposure",17,"estimable","reverse",TRUE,TRUE
"reverse|GCST90671173","ed_2025_eur_reverse_exposure","GCST90671173","Gut microbiome species abundance (Hungatella hathewayi, GCA_025149285.1)","taxon:hungatella hathewayi","primary","GCST90671173","EUR","reverse_sensitivity","microbiome_trait_units_per_standardized_ED_exposure",17,"estimable","reverse",TRUE,TRUE
"reverse|GCST90671174","ed_2025_eur_reverse_exposure","GCST90671174","Gut microbiome species presence (CAG-269 sp934130935, GCA_934130935.1)","taxon:cag-269 sp934130935","primary","GCST90671174","EUR","reverse_sensitivity","microbiome_trait_units_per_standardized_ED_exposure",15,"estimable","reverse",TRUE,TRUE
"reverse|GCST90671175","ed_2025_eur_reverse_exposure","GCST90671175","Gut microbiome species presence (KLE1615 sp934292725, GCA_934292725.1)","taxon:kle1615 sp934292725","primary","GCST90671175","EUR","reverse_sensitivity","microbiome_trait_units_per_standardized_ED_exposure",15,"estimable","reverse",TRUE,TRUE
"reverse|GCST90671176","ed_2025_eur_reverse_exposure","GCST90671176","Gut microbiome species abundance (Turicibacter bilis, GCF_024499055.1)","taxon:turicibacter bilis","primary","GCST90671176","EUR","reverse_sensitivity","microbiome_trait_units_per_standardized_ED_exposure",17,"estimable","reverse",TRUE,TRUE
"reverse|GCST90671177","ed_2025_eur_reverse_exposure","GCST90671177","Gut microbiome species presence (Massilimicrobiota merdigallinarum, GCF_002160815.1)","taxon:massilimicrobiota merdigallinarum","primary","GCST90671177","EUR","reverse_sensitivity","microbiome_trait_units_per_standardized_ED_exposure",15,"estimable","reverse",TRUE,TRUE
"reverse|GCST90671178","ed_2025_eur_reverse_exposure","GCST90671178","Gut microbiome species presence (Congzhengia minquanensis, GCF_014384785.1)","taxon:congzhengia minquanensis","primary","GCST90671178","EUR","reverse_sensitivity","microbiome_trait_units_per_standardized_ED_exposure",15,"estimable","reverse",TRUE,TRUE
"reverse|GCST90671179","ed_2025_eur_reverse_exposure","GCST90671179","Gut microbiome species presence (Lactonifactor sp009677585, GCF_009677585.1)","taxon:lactonifactor sp009677585","primary","GCST90671179","EUR","reverse_sensitivity","microbiome_trait_units_per_standardized_ED_exposure",15,"estimable","reverse",TRUE,TRUE
"reverse|GCST90671180","ed_2025_eur_reverse_exposure","GCST90671180","Gut microbiome species presence (Novisyntrophococcus sp900539175, GCA_900539175.1)","taxon:novisyntrophococcus sp900539175","primary","GCST90671180","EUR","reverse_sensitivity","microbiome_trait_units_per_standardized_ED_exposure",15,"estimable","reverse",TRUE,TRUE
"reverse|GCST90671181","ed_2025_eur_reverse_exposure","GCST90671181","Gut microbiome species presence (Blautia A wexlerae B, GCF_013300825.1)","taxon:blautia a wexlerae b","primary","GCST90671181","EUR","reverse_sensitivity","microbiome_trait_units_per_standardized_ED_exposure",15,"estimable","reverse",TRUE,TRUE
"reverse|GCST90671182","ed_2025_eur_reverse_exposure","GCST90671182","Gut microbiome species presence (Enterocloster pacaense, GCA_000155435.1)","taxon:enterocloster pacaense","primary","GCST90671182","EUR","reverse_sensitivity","microbiome_trait_units_per_standardized_ED_exposure",15,"estimable","reverse",TRUE,TRUE
"reverse|GCST90671183","ed_2025_eur_reverse_exposure","GCST90671183","Gut microbiome species presence (Merdivicinus sp934539585, GCA_934539585.1)","taxon:merdivicinus sp934539585","primary","GCST90671183","EUR","reverse_sensitivity","microbiome_trait_units_per_standardized_ED_exposure",15,"estimable","reverse",TRUE,TRUE
"reverse|GCST90671184","ed_2025_eur_reverse_exposure","GCST90671184","Gut microbiome species presence (Intestinimonas pullistercoris, GCA_019119795.1)","taxon:intestinimonas pullistercoris","primary","GCST90671184","EUR","reverse_sensitivity","microbiome_trait_units_per_standardized_ED_exposure",15,"estimable","reverse",TRUE,TRUE
"reverse|GCST90671185","ed_2025_eur_reverse_exposure","GCST90671185","Gut microbiome species presence (Granulicatella hMGS.06388, )","taxon:granulicatella hmgs.06388,","primary","GCST90671185","EUR","reverse_sensitivity","microbiome_trait_units_per_standardized_ED_exposure",15,"estimable","reverse",TRUE,TRUE
"reverse|GCST90671186","ed_2025_eur_reverse_exposure","GCST90671186","Gut microbiome species abundance (Merdisoma sp014290175, GCF_014290175.1)","taxon:merdisoma sp014290175","primary","GCST90671186","EUR","reverse_sensitivity","microbiome_trait_units_per_standardized_ED_exposure",17,"estimable","reverse",TRUE,TRUE
"reverse|GCST90671187","ed_2025_eur_reverse_exposure","GCST90671187","Gut microbiome species presence (Vescimonas sp900554275, GCA_900554275.1)","taxon:vescimonas sp900554275","primary","GCST90671187","EUR","reverse_sensitivity","microbiome_trait_units_per_standardized_ED_exposure",15,"estimable","reverse",TRUE,TRUE
"reverse|GCST90671188","ed_2025_eur_reverse_exposure","GCST90671188","Gut microbiome species presence (Thomasclavelia sp000508865, GCA_000508865.1)","taxon:thomasclavelia sp000508865","primary","GCST90671188","EUR","reverse_sensitivity","microbiome_trait_units_per_standardized_ED_exposure",15,"estimable","reverse",TRUE,TRUE
"reverse|GCST90671189","ed_2025_eur_reverse_exposure","GCST90671189","Gut microbiome species abundance (Dysosmobacter sp944387015, GCA_944387015.1)","taxon:dysosmobacter sp944387015","primary","GCST90671189","EUR","reverse_sensitivity","microbiome_trait_units_per_standardized_ED_exposure",17,"estimable","reverse",TRUE,TRUE
"reverse|GCST90671190","ed_2025_eur_reverse_exposure","GCST90671190","Gut microbiome species presence (Pauljensenia sp019425105, GCA_019425105.1)","taxon:pauljensenia sp019425105","primary","GCST90671190","EUR","reverse_sensitivity","microbiome_trait_units_per_standardized_ED_exposure",15,"estimable","reverse",TRUE,TRUE
"reverse|GCST90671191","ed_2025_eur_reverse_exposure","GCST90671191","Gut microbiome species presence (Massilimicrobiota sp002160865, GCF_002160865.1)","taxon:massilimicrobiota sp002160865","primary","GCST90671191","EUR","reverse_sensitivity","microbiome_trait_units_per_standardized_ED_exposure",15,"estimable","reverse",TRUE,TRUE
"reverse|GCST90671192","ed_2025_eur_reverse_exposure","GCST90671192","Gut microbiome species presence (RGIG3102 sp934526065, GCA_934526065.1)","taxon:rgig3102 sp934526065","primary","GCST90671192","EUR","reverse_sensitivity","microbiome_trait_units_per_standardized_ED_exposure",15,"estimable","reverse",TRUE,TRUE
"reverse|GCST90671193","ed_2025_eur_reverse_exposure","GCST90671193","Gut microbiome species presence (Lachnoclostridium A avicola, GCA_019114465.1)","taxon:lachnoclostridium a avicola","primary","GCST90671193","EUR","reverse_sensitivity","microbiome_trait_units_per_standardized_ED_exposure",15,"estimable","reverse",TRUE,TRUE
"reverse|GCST90671194","ed_2025_eur_reverse_exposure","GCST90671194","Gut microbiome species presence (UBA1685 sp944366945, GCA_944366945.1)","taxon:uba1685 sp944366945","primary","GCST90671194","EUR","reverse_sensitivity","microbiome_trait_units_per_standardized_ED_exposure",15,"estimable","reverse",TRUE,TRUE
"reverse|GCST90671195","ed_2025_eur_reverse_exposure","GCST90671195","Gut microbiome species abundance (Yeguia hominis, GCF_014384705.1)","taxon:yeguia hominis","primary","GCST90671195","EUR","reverse_sensitivity","microbiome_trait_units_per_standardized_ED_exposure",17,"estimable","reverse",TRUE,TRUE
"reverse|GCST90671196","ed_2025_eur_reverse_exposure","GCST90671196","Gut microbiome species presence (Aphodomonas sp934615235, GCA_934615235.1)","taxon:aphodomonas sp934615235","primary","GCST90671196","EUR","reverse_sensitivity","microbiome_trait_units_per_standardized_ED_exposure",15,"estimable","reverse",TRUE,TRUE
"reverse|GCST90671197","ed_2025_eur_reverse_exposure","GCST90671197","Gut microbiome species presence (Senegalimassilia sp900550055, GCA_900550055.1)","taxon:senegalimassilia sp900550055","primary","GCST90671197","EUR","reverse_sensitivity","microbiome_trait_units_per_standardized_ED_exposure",15,"estimable","reverse",TRUE,TRUE
"reverse|GCST90671198","ed_2025_eur_reverse_exposure","GCST90671198","Gut microbiome species presence (Dysosmobacter pullicola, GCA_019118935.1)","taxon:dysosmobacter pullicola","primary","GCST90671198","EUR","reverse_sensitivity","microbiome_trait_units_per_standardized_ED_exposure",15,"estimable","reverse",TRUE,TRUE
"reverse|GCST90671199","ed_2025_eur_reverse_exposure","GCST90671199","Gut microbiome species abundance (Dysosmobacter sp944387035, GCA_944387035.1)","taxon:dysosmobacter sp944387035","primary","GCST90671199","EUR","reverse_sensitivity","microbiome_trait_units_per_standardized_ED_exposure",17,"estimable","reverse",TRUE,TRUE
"reverse|GCST90671200","ed_2025_eur_reverse_exposure","GCST90671200","Gut microbiome species presence (Pauljensenia sp916439125, GCA_916439125.1)","taxon:pauljensenia sp916439125","primary","GCST90671200","EUR","reverse_sensitivity","microbiome_trait_units_per_standardized_ED_exposure",15,"estimable","reverse",TRUE,TRUE
"reverse|GCST90671201","ed_2025_eur_reverse_exposure","GCST90671201","Gut microbiome species presence (Copromonas faecavium, GCA_018712915.1)","taxon:copromonas faecavium","primary","GCST90671201","EUR","reverse_sensitivity","microbiome_trait_units_per_standardized_ED_exposure",15,"estimable","reverse",TRUE,TRUE
"reverse|GCST90671202","ed_2025_eur_reverse_exposure","GCST90671202","Gut microbiome species presence (UBA5905 sp002437905, GCA_002437905.1)","taxon:uba5905 sp002437905","primary","GCST90671202","EUR","reverse_sensitivity","microbiome_trait_units_per_standardized_ED_exposure",15,"estimable","reverse",TRUE,TRUE
"reverse|GCST90671203","ed_2025_eur_reverse_exposure","GCST90671203","Gut microbiome species presence (RGIG8748 sp934500705, GCA_934500705.1)","taxon:rgig8748 sp934500705","primary","GCST90671203","EUR","reverse_sensitivity","microbiome_trait_units_per_standardized_ED_exposure",15,"estimable","reverse",TRUE,TRUE
"reverse|GCST90671204","ed_2025_eur_reverse_exposure","GCST90671204","Gut microbiome species presence (Lentihominibacter hominis, GCF_014385065.1)","taxon:lentihominibacter hominis","primary","GCST90671204","EUR","reverse_sensitivity","microbiome_trait_units_per_standardized_ED_exposure",15,"estimable","reverse",TRUE,TRUE
"reverse|GCST90671205","ed_2025_eur_reverse_exposure","GCST90671205","Gut microbiome species presence (Actinomyces dentalis, GCF_000429225.1)","taxon:actinomyces dentalis","primary","GCST90671205","EUR","reverse_sensitivity","microbiome_trait_units_per_standardized_ED_exposure",15,"estimable","reverse",TRUE,TRUE
"reverse|GCST90671206","ed_2025_eur_reverse_exposure","GCST90671206","Gut microbiome species presence (Merdisoma sp944383645, GCA_944383645.1)","taxon:merdisoma sp944383645","primary","GCST90671206","EUR","reverse_sensitivity","microbiome_trait_units_per_standardized_ED_exposure",15,"estimable","reverse",TRUE,TRUE
"reverse|GCST90671207","ed_2025_eur_reverse_exposure","GCST90671207","Gut microbiome species abundance (Mediterraneibacter sp014287475, GCF_014287475.1)","taxon:mediterraneibacter sp014287475","primary","GCST90671207","EUR","reverse_sensitivity","microbiome_trait_units_per_standardized_ED_exposure",17,"estimable","reverse",TRUE,TRUE
"reverse|GCST90671208","ed_2025_eur_reverse_exposure","GCST90671208","Gut microbiome species presence (CAKTXU01 sp934630995, GCA_934630995.1)","taxon:caktxu01 sp934630995","primary","GCST90671208","EUR","reverse_sensitivity","microbiome_trait_units_per_standardized_ED_exposure",15,"estimable","reverse",TRUE,TRUE
"reverse|GCST90671209","ed_2025_eur_reverse_exposure","GCST90671209","Gut microbiome species presence (UMGS882 sp934479825, GCA_934479825.1)","taxon:umgs882 sp934479825","primary","GCST90671209","EUR","reverse_sensitivity","microbiome_trait_units_per_standardized_ED_exposure",15,"estimable","reverse",TRUE,TRUE
"reverse|GCST90671210","ed_2025_eur_reverse_exposure","GCST90671210","Gut microbiome species abundance (Zhenpiania hominis, GCF_014333425.1)","taxon:zhenpiania hominis","primary","GCST90671210","EUR","reverse_sensitivity","microbiome_trait_units_per_standardized_ED_exposure",17,"estimable","reverse",TRUE,TRUE
"reverse|GCST90671211","ed_2025_eur_reverse_exposure","GCST90671211","Gut microbiome species presence (Pseudoscilispira falkowii, GCA_904374485.1)","taxon:pseudoscilispira falkowii","primary","GCST90671211","EUR","reverse_sensitivity","microbiome_trait_units_per_standardized_ED_exposure",15,"estimable","reverse",TRUE,TRUE
"reverse|GCST90671212","ed_2025_eur_reverse_exposure","GCST90671212","Gut microbiome species presence (JAHZIE01 sp019419895, GCA_019419895.1)","taxon:jahzie01 sp019419895","primary","GCST90671212","EUR","reverse_sensitivity","microbiome_trait_units_per_standardized_ED_exposure",15,"estimable","reverse",TRUE,TRUE
"reverse|GCST90671213","ed_2025_eur_reverse_exposure","GCST90671213","Gut microbiome species presence (Lachnoclostridium B monacensis, GCF_014982975.1)","taxon:lachnoclostridium b monacensis","primary","GCST90671213","EUR","reverse_sensitivity","microbiome_trait_units_per_standardized_ED_exposure",15,"estimable","reverse",TRUE,TRUE
"reverse|GCST90671214","ed_2025_eur_reverse_exposure","GCST90671214","Gut microbiome species abundance (Lentihominibacter sp900066305, GCA_902362435.1)","taxon:lentihominibacter sp900066305","primary","GCST90671214","EUR","reverse_sensitivity","microbiome_trait_units_per_standardized_ED_exposure",17,"estimable","reverse",TRUE,TRUE
"reverse|GCST90671215","ed_2025_eur_reverse_exposure","GCST90671215","Gut microbiome species presence (Marvinbryantia shaoxingensis, GCF_014385005.1)","taxon:marvinbryantia shaoxingensis","primary","GCST90671215","EUR","reverse_sensitivity","microbiome_trait_units_per_standardized_ED_exposure",15,"estimable","reverse",TRUE,TRUE
"reverse|GCST90671216","ed_2025_eur_reverse_exposure","GCST90671216","Gut microbiome species presence (Ligaoa zhengdingensis, GCF_014384885.1)","taxon:ligaoa zhengdingensis","primary","GCST90671216","EUR","reverse_sensitivity","microbiome_trait_units_per_standardized_ED_exposure",15,"estimable","reverse",TRUE,TRUE
"reverse|GCST90671217","ed_2025_eur_reverse_exposure","GCST90671217","Gut microbiome species presence (Faecousia sp934667815, GCA_934667815.1)","taxon:faecousia sp934667815","primary","GCST90671217","EUR","reverse_sensitivity","microbiome_trait_units_per_standardized_ED_exposure",15,"estimable","reverse",TRUE,TRUE
"reverse|GCST90671218","ed_2025_eur_reverse_exposure","GCST90671218","Gut microbiome species abundance (Lentihominibacter excrementipullorum, GCA_900543485.1)","taxon:lentihominibacter excrementipullorum","primary","GCST90671218","EUR","reverse_sensitivity","microbiome_trait_units_per_standardized_ED_exposure",17,"estimable","reverse",TRUE,TRUE
"reverse|GCST90671219","ed_2025_eur_reverse_exposure","GCST90671219","Gut microbiome species presence (UMGS1449 sp934087515, GCA_934087515.1)","taxon:umgs1449 sp934087515","primary","GCST90671219","EUR","reverse_sensitivity","microbiome_trait_units_per_standardized_ED_exposure",15,"estimable","reverse",TRUE,TRUE
"reverse|GCST90671220","ed_2025_eur_reverse_exposure","GCST90671220","Gut microbiome species abundance (Dysosmobacter faecalis, GCF_018408705.1)","taxon:dysosmobacter faecalis","primary","GCST90671220","EUR","reverse_sensitivity","microbiome_trait_units_per_standardized_ED_exposure",17,"estimable","reverse",TRUE,TRUE
"reverse|GCST90671221","ed_2025_eur_reverse_exposure","GCST90671221","Gut microbiome species presence (Pelethomonas sp944387775, GCA_944387775.1)","taxon:pelethomonas sp944387775","primary","GCST90671221","EUR","reverse_sensitivity","microbiome_trait_units_per_standardized_ED_exposure",15,"estimable","reverse",TRUE,TRUE
"reverse|GCST90671222","ed_2025_eur_reverse_exposure","GCST90671222","Gut microbiome species abundance (Luoshenia tenuis, GCF_014384745.1)","taxon:luoshenia tenuis","primary","GCST90671222","EUR","reverse_sensitivity","microbiome_trait_units_per_standardized_ED_exposure",17,"estimable","reverse",TRUE,TRUE
"reverse|GCST90671223","ed_2025_eur_reverse_exposure","GCST90671223","Gut microbiome species presence (Fumia xinanensis, GCF_014384905.1)","taxon:fumia xinanensis","primary","GCST90671223","EUR","reverse_sensitivity","microbiome_trait_units_per_standardized_ED_exposure",15,"estimable","reverse",TRUE,TRUE
"reverse|GCST90671224","ed_2025_eur_reverse_exposure","GCST90671224","Gut microbiome species presence (Heritagella sp019422525, GCA_019422525.1)","taxon:heritagella sp019422525","primary","GCST90671224","EUR","reverse_sensitivity","microbiome_trait_units_per_standardized_ED_exposure",15,"estimable","reverse",TRUE,TRUE
"reverse|GCST90671225","ed_2025_eur_reverse_exposure","GCST90671225","Gut microbiome species presence (Thomasclavelia saccharogumia, GCF_000686665.1)","taxon:thomasclavelia saccharogumia","primary","GCST90671225","EUR","reverse_sensitivity","microbiome_trait_units_per_standardized_ED_exposure",15,"estimable","reverse",TRUE,TRUE
"reverse|GCST90671226","ed_2025_eur_reverse_exposure","GCST90671226","Gut microbiome species presence (Merdisoma sp002160825, GCF_002160825.1)","taxon:merdisoma sp002160825","primary","GCST90671226","EUR","reverse_sensitivity","microbiome_trait_units_per_standardized_ED_exposure",15,"estimable","reverse",TRUE,TRUE
"reverse|GCST90671227","ed_2025_eur_reverse_exposure","GCST90671227","Gut microbiome species presence (Egerieenecus sp900553315, GCA_900553315.1)","taxon:egerieenecus sp900553315","primary","GCST90671227","EUR","reverse_sensitivity","microbiome_trait_units_per_standardized_ED_exposure",15,"estimable","reverse",TRUE,TRUE
"reverse|GCST90671228","ed_2025_eur_reverse_exposure","GCST90671228","Gut microbiome species presence (Lactococcus A laudensis, GCF_013449735.1)","taxon:lactococcus a laudensis","primary","GCST90671228","EUR","reverse_sensitivity","microbiome_trait_units_per_standardized_ED_exposure",15,"estimable","reverse",TRUE,TRUE
"reverse|GCST90671229","ed_2025_eur_reverse_exposure","GCST90671229","Gut microbiome species presence (Anaerofustis stercorihominis A, GCF_005844425.1)","taxon:anaerofustis stercorihominis a","primary","GCST90671229","EUR","reverse_sensitivity","microbiome_trait_units_per_standardized_ED_exposure",15,"estimable","reverse",TRUE,TRUE
"reverse|GCST90671230","ed_2025_eur_reverse_exposure","GCST90671230","Gut microbiome species abundance (Scatomonas hejianensis, GCF_014337215.1)","taxon:scatomonas hejianensis","primary","GCST90671230","EUR","reverse_sensitivity","microbiome_trait_units_per_standardized_ED_exposure",17,"estimable","reverse",TRUE,TRUE
"reverse|GCST90671231","ed_2025_eur_reverse_exposure","GCST90671231","Gut microbiome species presence (Raoultibacter timonensis, GCF_900240215.1)","taxon:raoultibacter timonensis","primary","GCST90671231","EUR","reverse_sensitivity","microbiome_trait_units_per_standardized_ED_exposure",15,"estimable","reverse",TRUE,TRUE
"reverse|GCST90671232","ed_2025_eur_reverse_exposure","GCST90671232","Gut microbiome species abundance (Pararuminococcus gallinarum, GCA_904419775.1)","taxon:pararuminococcus gallinarum","primary","GCST90671232","EUR","reverse_sensitivity","microbiome_trait_units_per_standardized_ED_exposure",17,"estimable","reverse",TRUE,TRUE
"reverse|GCST90671233","ed_2025_eur_reverse_exposure","GCST90671233","Gut microbiome species presence (Clostridium disporicum B, GCF_001405015.1)","taxon:clostridium disporicum b","primary","GCST90671233","EUR","reverse_sensitivity","microbiome_trait_units_per_standardized_ED_exposure",15,"estimable","reverse",TRUE,TRUE
"reverse|GCST90671234","ed_2025_eur_reverse_exposure","GCST90671234","Gut microbiome species abundance (Diplocloster agilis, GCF_019042275.1)","taxon:diplocloster agilis","primary","GCST90671234","EUR","reverse_sensitivity","microbiome_trait_units_per_standardized_ED_exposure",17,"estimable","reverse",TRUE,TRUE
"reverse|GCST90671235","ed_2025_eur_reverse_exposure","GCST90671235","Gut microbiome species presence (Dysosmobacter A sp014334055, GCF_014334055.1)","taxon:dysosmobacter a sp014334055","primary","GCST90671235","EUR","reverse_sensitivity","microbiome_trait_units_per_standardized_ED_exposure",15,"estimable","reverse",TRUE,TRUE
"reverse|GCST90671236","ed_2025_eur_reverse_exposure","GCST90671236","Gut microbiome species abundance (Instestinimonas A gabonensis, GCF_014281125.1)","taxon:instestinimonas a gabonensis","primary","GCST90671236","EUR","reverse_sensitivity","microbiome_trait_units_per_standardized_ED_exposure",17,"estimable","reverse",TRUE,TRUE
"reverse|GCST90671237","ed_2025_eur_reverse_exposure","GCST90671237","Gut microbiome species presence (Marseille-P3106 sp900169975, GCA_900169975.1)","taxon:marseille-p3106 sp900169975","primary","GCST90671237","EUR","reverse_sensitivity","microbiome_trait_units_per_standardized_ED_exposure",15,"estimable","reverse",TRUE,TRUE
"reverse|GCST90671238","ed_2025_eur_reverse_exposure","GCST90671238","Gut microbiome species abundance (Guopingia tenuis, GCF_014384805.1)","taxon:guopingia tenuis","primary","GCST90671238","EUR","reverse_sensitivity","microbiome_trait_units_per_standardized_ED_exposure",17,"estimable","reverse",TRUE,TRUE
"reverse|GCST90671239","ed_2025_eur_reverse_exposure","GCST90671239","Gut microbiome species presence (Intestinimonas timonensis, GCF_900626145.1)","taxon:intestinimonas timonensis","primary","GCST90671239","EUR","reverse_sensitivity","microbiome_trait_units_per_standardized_ED_exposure",15,"estimable","reverse",TRUE,TRUE
"reverse|GCST90671240","ed_2025_eur_reverse_exposure","GCST90671240","Gut microbiome species presence (Merdisoma sp934373375, GCA_934373375.1)","taxon:merdisoma sp934373375","primary","GCST90671240","EUR","reverse_sensitivity","microbiome_trait_units_per_standardized_ED_exposure",15,"estimable","reverse",TRUE,TRUE
"reverse|GCST90671241","ed_2025_eur_reverse_exposure","GCST90671241","Gut microbiome species abundance (Massiliimalia massiliensis, GCF_900155615.1)","taxon:massiliimalia massiliensis","primary","GCST90671241","EUR","reverse_sensitivity","microbiome_trait_units_per_standardized_ED_exposure",17,"estimable","reverse",TRUE,TRUE
"reverse|GCST90671242","ed_2025_eur_reverse_exposure","GCST90671242","Gut microbiome species presence (Merdiplasma excrementigallinarum, GCA_018713435.1)","taxon:merdiplasma excrementigallinarum","primary","GCST90671242","EUR","reverse_sensitivity","microbiome_trait_units_per_standardized_ED_exposure",15,"estimable","reverse",TRUE,TRUE
"reverse|GCST90671243","ed_2025_eur_reverse_exposure","GCST90671243","Gut microbiome species presence (Pseudoflavonifractor A gallinarum, GCF_014982855.1)","taxon:pseudoflavonifractor a gallinarum","primary","GCST90671243","EUR","reverse_sensitivity","microbiome_trait_units_per_standardized_ED_exposure",15,"estimable","reverse",TRUE,TRUE
"reverse|GCST90671244","ed_2025_eur_reverse_exposure","GCST90671244","Gut microbiome species presence (QANA01 sp019420265, GCA_019420265.1)","taxon:qana01 sp019420265","primary","GCST90671244","EUR","reverse_sensitivity","microbiome_trait_units_per_standardized_ED_exposure",15,"estimable","reverse",TRUE,TRUE
"reverse|GCST90671245","ed_2025_eur_reverse_exposure","GCST90671245","Gut microbiome species presence (Gehongia tenuis, GCF_014384795.1)","taxon:gehongia tenuis","primary","GCST90671245","EUR","reverse_sensitivity","microbiome_trait_units_per_standardized_ED_exposure",15,"estimable","reverse",TRUE,TRUE
"reverse|GCST90671246","ed_2025_eur_reverse_exposure","GCST90671246","Gut microbiome species abundance (Anaerotruncus sp014385085, GCA_014385085.1)","taxon:anaerotruncus sp014385085","primary","GCST90671246","EUR","reverse_sensitivity","microbiome_trait_units_per_standardized_ED_exposure",17,"estimable","reverse",TRUE,TRUE
"reverse|GCST90671247","ed_2025_eur_reverse_exposure","GCST90671247","Gut microbiome species presence (Intestinibacillus massiliensis, GCF_900155735.1)","taxon:intestinibacillus massiliensis","primary","GCST90671247","EUR","reverse_sensitivity","microbiome_trait_units_per_standardized_ED_exposure",15,"estimable","reverse",TRUE,TRUE
"reverse|GCST90671248","ed_2025_eur_reverse_exposure","GCST90671248","Gut microbiome species presence (Pseudoscilispira sp020555605, GCA_020555605.1)","taxon:pseudoscilispira sp020555605","primary","GCST90671248","EUR","reverse_sensitivity","microbiome_trait_units_per_standardized_ED_exposure",15,"estimable","reverse",TRUE,TRUE
"reverse|GCST90671249","ed_2025_eur_reverse_exposure","GCST90671249","Gut microbiome species presence (Dysosmobacter sp934636905, GCA_934636905.1)","taxon:dysosmobacter sp934636905","primary","GCST90671249","EUR","reverse_sensitivity","microbiome_trait_units_per_standardized_ED_exposure",15,"estimable","reverse",TRUE,TRUE
"reverse|GCST90671250","ed_2025_eur_reverse_exposure","GCST90671250","Gut microbiome species presence (Acutalibacter sp905215055, GCA_905215055.1)","taxon:acutalibacter sp905215055","primary","GCST90671250","EUR","reverse_sensitivity","microbiome_trait_units_per_standardized_ED_exposure",15,"estimable","reverse",TRUE,TRUE
"reverse|GCST90671251","ed_2025_eur_reverse_exposure","GCST90671251","Gut microbiome species presence (Angelakisella massiliensis, GCF_900104675.1)","taxon:angelakisella massiliensis","primary","GCST90671251","EUR","reverse_sensitivity","microbiome_trait_units_per_standardized_ED_exposure",15,"estimable","reverse",TRUE,TRUE
"reverse|GCST90671252","ed_2025_eur_reverse_exposure","GCST90671252","Gut microbiome species presence (Ructibacterium sp900550775, GCA_900550775.1)","taxon:ructibacterium sp900550775","primary","GCST90671252","EUR","reverse_sensitivity","microbiome_trait_units_per_standardized_ED_exposure",15,"estimable","reverse",TRUE,TRUE
"reverse|GCST90671253","ed_2025_eur_reverse_exposure","GCST90671253","Gut microbiome species abundance (RGIG7067 sp944384895, GCA_944384895.1)","taxon:rgig7067 sp944384895","primary","GCST90671253","EUR","reverse_sensitivity","microbiome_trait_units_per_standardized_ED_exposure",17,"estimable","reverse",TRUE,TRUE
"reverse|GCST90671254","ed_2025_eur_reverse_exposure","GCST90671254","Gut microbiome species presence (Paralachnospira dongpingensis, GCF_014337195.1)","taxon:paralachnospira dongpingensis","primary","GCST90671254","EUR","reverse_sensitivity","microbiome_trait_units_per_standardized_ED_exposure",15,"estimable","reverse",TRUE,TRUE
"reverse|GCST90671255","ed_2025_eur_reverse_exposure","GCST90671255","Gut microbiome species presence (UMGS856 sp900760305, GCA_900760305.1)","taxon:umgs856 sp900760305","primary","GCST90671255","EUR","reverse_sensitivity","microbiome_trait_units_per_standardized_ED_exposure",15,"estimable","reverse",TRUE,TRUE
"reverse|GCST90671256","ed_2025_eur_reverse_exposure","GCST90671256","Gut microbiome species abundance (CAKTXU01 sp934615635, GCA_934615635.1)","taxon:caktxu01 sp934615635","primary","GCST90671256","EUR","reverse_sensitivity","microbiome_trait_units_per_standardized_ED_exposure",17,"estimable","reverse",TRUE,TRUE
"reverse|GCST90671257","ed_2025_eur_reverse_exposure","GCST90671257","Gut microbiome species presence (Blautia A sp934364795, GCA_934364795.1)","taxon:blautia a sp934364795","primary","GCST90671257","EUR","reverse_sensitivity","microbiome_trait_units_per_standardized_ED_exposure",15,"estimable","reverse",TRUE,TRUE
"reverse|GCST90671258","ed_2025_eur_reverse_exposure","GCST90671258","Gut microbiome species presence (Avoscillospira A sp019422005, GCA_019422005.1)","taxon:avoscillospira a sp019422005","primary","GCST90671258","EUR","reverse_sensitivity","microbiome_trait_units_per_standardized_ED_exposure",15,"estimable","reverse",TRUE,TRUE
"reverse|GCST90671259","ed_2025_eur_reverse_exposure","GCST90671259","Gut microbiome species abundance (JAHZGC01 sp019421015, GCA_019421015.1)","taxon:jahzgc01 sp019421015","primary","GCST90671259","EUR","reverse_sensitivity","microbiome_trait_units_per_standardized_ED_exposure",17,"estimable","reverse",TRUE,TRUE
"reverse|GCST90671260","ed_2025_eur_reverse_exposure","GCST90671260","Gut microbiome species presence (Vescimonas sp900757415, GCA_900757415.1)","taxon:vescimonas sp900757415","primary","GCST90671260","EUR","reverse_sensitivity","microbiome_trait_units_per_standardized_ED_exposure",15,"estimable","reverse",TRUE,TRUE
"reverse|GCST90671261","ed_2025_eur_reverse_exposure","GCST90671261","Gut microbiome species presence (Protoclostridium sp900761765, GCA_900761765.1)","taxon:protoclostridium sp900761765","primary","GCST90671261","EUR","reverse_sensitivity","microbiome_trait_units_per_standardized_ED_exposure",15,"estimable","reverse",TRUE,TRUE
"reverse|GCST90671262","ed_2025_eur_reverse_exposure","GCST90671262","Gut microbiome species presence (CALXCR01 sp944386855, GCA_944386855.1)","taxon:calxcr01 sp944386855","primary","GCST90671262","EUR","reverse_sensitivity","microbiome_trait_units_per_standardized_ED_exposure",15,"estimable","reverse",TRUE,TRUE
"reverse|GCST90671263","ed_2025_eur_reverse_exposure","GCST90671263","Gut microbiome species presence (Diplocloster modestus, GCF_019042245.1)","taxon:diplocloster modestus","primary","GCST90671263","EUR","reverse_sensitivity","microbiome_trait_units_per_standardized_ED_exposure",15,"estimable","reverse",TRUE,TRUE
"reverse|GCST90671264","ed_2025_eur_reverse_exposure","GCST90671264","Gut microbiome species presence (HGM11386 sp900761915, GCA_900761915.1)","taxon:hgm11386 sp900761915","primary","GCST90671264","EUR","reverse_sensitivity","microbiome_trait_units_per_standardized_ED_exposure",15,"estimable","reverse",TRUE,TRUE
"reverse|GCST90671265","ed_2025_eur_reverse_exposure","GCST90671265","Gut microbiome species presence (UBA7185 sp900556545, GCA_900556545.1)","taxon:uba7185 sp900556545","primary","GCST90671265","EUR","reverse_sensitivity","microbiome_trait_units_per_standardized_ED_exposure",15,"estimable","reverse",TRUE,TRUE
"reverse|GCST90671266","ed_2025_eur_reverse_exposure","GCST90671266","Gut microbiome species presence (Massilimicrobiota sp944325245, GCA_944325245.1)","taxon:massilimicrobiota sp944325245","primary","GCST90671266","EUR","reverse_sensitivity","microbiome_trait_units_per_standardized_ED_exposure",15,"estimable","reverse",TRUE,TRUE
"reverse|GCST90671267","ed_2025_eur_reverse_exposure","GCST90671267","Gut microbiome species presence (Gemmiger faecavium, GCA_019114415.1)","taxon:gemmiger faecavium","primary","GCST90671267","EUR","reverse_sensitivity","microbiome_trait_units_per_standardized_ED_exposure",15,"estimable","reverse",TRUE,TRUE
"reverse|GCST90671268","ed_2025_eur_reverse_exposure","GCST90671268","Gut microbiome species abundance (Limivivens sp905214955, GCA_905214955.1)","taxon:limivivens sp905214955","primary","GCST90671268","EUR","reverse_sensitivity","microbiome_trait_units_per_standardized_ED_exposure",17,"estimable","reverse",TRUE,TRUE
"reverse|GCST90671269","ed_2025_eur_reverse_exposure","GCST90671269","Gut microbiome species presence (Zhenpiania massiliensis, GCA_902363595.1)","taxon:zhenpiania massiliensis","primary","GCST90671269","EUR","reverse_sensitivity","microbiome_trait_units_per_standardized_ED_exposure",15,"estimable","reverse",TRUE,TRUE
"reverse|GCST90671270","ed_2025_eur_reverse_exposure","GCST90671270","Gut microbiome species abundance (Pygmaiobacter sp014287275, GCF_014287275.1)","taxon:pygmaiobacter sp014287275","primary","GCST90671270","EUR","reverse_sensitivity","microbiome_trait_units_per_standardized_ED_exposure",17,"estimable","reverse",TRUE,TRUE
"reverse|GCST90671271","ed_2025_eur_reverse_exposure","GCST90671271","Gut microbiome species presence (RGIG1902 sp944375715, GCA_944375715.1)","taxon:rgig1902 sp944375715","primary","GCST90671271","EUR","reverse_sensitivity","microbiome_trait_units_per_standardized_ED_exposure",15,"estimable","reverse",TRUE,TRUE
"reverse|GCST90671272","ed_2025_eur_reverse_exposure","GCST90671272","Gut microbiome species presence (Faecivicinus sp934663595, GCA_934663595.1)","taxon:faecivicinus sp934663595","primary","GCST90671272","EUR","reverse_sensitivity","microbiome_trait_units_per_standardized_ED_exposure",15,"estimable","reverse",TRUE,TRUE
"reverse|GCST90671273","ed_2025_eur_reverse_exposure","GCST90671273","Gut microbiome species presence (HGM12545 sp900761925, GCA_900761925.1)","taxon:hgm12545 sp900761925","primary","GCST90671273","EUR","reverse_sensitivity","microbiome_trait_units_per_standardized_ED_exposure",15,"estimable","reverse",TRUE,TRUE
"reverse|GCST90671274","ed_2025_eur_reverse_exposure","GCST90671274","Gut microbiome species presence (Bianquea sp019423265, GCA_019423265.1)","taxon:bianquea sp019423265","primary","GCST90671274","EUR","reverse_sensitivity","microbiome_trait_units_per_standardized_ED_exposure",15,"estimable","reverse",TRUE,TRUE
"reverse|GCST90671275","ed_2025_eur_reverse_exposure","GCST90671275","Gut microbiome species presence (Blautia A sp900764225, GCA_900764225.1)","taxon:blautia a sp900764225","primary","GCST90671275","EUR","reverse_sensitivity","microbiome_trait_units_per_standardized_ED_exposure",15,"estimable","reverse",TRUE,TRUE
"reverse|GCST90671276","ed_2025_eur_reverse_exposure","GCST90671276","Gut microbiome species presence (Heritagella sp905200265, GCA_905200265.1)","taxon:heritagella sp905200265","primary","GCST90671276","EUR","reverse_sensitivity","microbiome_trait_units_per_standardized_ED_exposure",15,"estimable","reverse",TRUE,TRUE
"reverse|GCST90671277","ed_2025_eur_reverse_exposure","GCST90671277","Gut microbiome species presence (Excrementavichristensenella intestinipullorum, GCA_018711685.1)","taxon:excrementavichristensenella intestinipullorum","primary","GCST90671277","EUR","reverse_sensitivity","microbiome_trait_units_per_standardized_ED_exposure",15,"estimable","reverse",TRUE,TRUE
"reverse|GCST90671278","ed_2025_eur_reverse_exposure","GCST90671278","Gut microbiome species presence (Avispirillum sp018370615, GCA_018370615.1)","taxon:avispirillum sp018370615","primary","GCST90671278","EUR","reverse_sensitivity","microbiome_trait_units_per_standardized_ED_exposure",15,"estimable","reverse",TRUE,TRUE
"reverse|GCST90671279","ed_2025_eur_reverse_exposure","GCST90671279","Gut microbiome species presence (Blautia A sp905206915, GCF_020537505.1)","taxon:blautia a sp905206915","primary","GCST90671279","EUR","reverse_sensitivity","microbiome_trait_units_per_standardized_ED_exposure",15,"estimable","reverse",TRUE,TRUE
"reverse|GCST90671280","ed_2025_eur_reverse_exposure","GCST90671280","Gut microbiome species presence (JAJEQR01 sp020687485, GCA_020687485.1)","taxon:jajeqr01 sp020687485","primary","GCST90671280","EUR","reverse_sensitivity","microbiome_trait_units_per_standardized_ED_exposure",15,"estimable","reverse",TRUE,TRUE
"reverse|GCST90671281","ed_2025_eur_reverse_exposure","GCST90671281","Gut microbiome species presence (Feifania hominis, GCF_014384765.1)","taxon:feifania hominis","primary","GCST90671281","EUR","reverse_sensitivity","microbiome_trait_units_per_standardized_ED_exposure",15,"estimable","reverse",TRUE,TRUE
"reverse|GCST90671282","ed_2025_eur_reverse_exposure","GCST90671282","Gut microbiome species presence (HGM11808 sp900757025, GCA_900757025.1)","taxon:hgm11808 sp900757025","primary","GCST90671282","EUR","reverse_sensitivity","microbiome_trait_units_per_standardized_ED_exposure",15,"estimable","reverse",TRUE,TRUE
"reverse|GCST90671283","ed_2025_eur_reverse_exposure","GCST90671283","Gut microbiome species presence (Bianquea renquensis, GCF_014384895.1)","taxon:bianquea renquensis","primary","GCST90671283","EUR","reverse_sensitivity","microbiome_trait_units_per_standardized_ED_exposure",15,"estimable","reverse",TRUE,TRUE
"reverse|GCST90671284","ed_2025_eur_reverse_exposure","GCST90671284","Gut microbiome species abundance (Massiliimalia timonensis, GCF_900186585.1)","taxon:massiliimalia timonensis","primary","GCST90671284","EUR","reverse_sensitivity","microbiome_trait_units_per_standardized_ED_exposure",17,"estimable","reverse",TRUE,TRUE
"reverse|GCST90671285","ed_2025_eur_reverse_exposure","GCST90671285","Gut microbiome species presence (Lentihominibacter sp905193765, GCA_905193765.1)","taxon:lentihominibacter sp905193765","primary","GCST90671285","EUR","reverse_sensitivity","microbiome_trait_units_per_standardized_ED_exposure",15,"estimable","reverse",TRUE,TRUE
"reverse|GCST90671286","ed_2025_eur_reverse_exposure","GCST90671286","Gut microbiome species presence (Bittarella massiliensis A, GCF_017566145.1)","taxon:bittarella massiliensis a","primary","GCST90671286","EUR","reverse_sensitivity","microbiome_trait_units_per_standardized_ED_exposure",15,"estimable","reverse",TRUE,TRUE
"reverse|GCST90671287","ed_2025_eur_reverse_exposure","GCST90671287","Gut microbiome species presence (Pullichristensenella sp904420265, GCA_904420265.1)","taxon:pullichristensenella sp904420265","primary","GCST90671287","EUR","reverse_sensitivity","microbiome_trait_units_per_standardized_ED_exposure",15,"estimable","reverse",TRUE,TRUE
"reverse|GCST90671288","ed_2025_eur_reverse_exposure","GCST90671288","Gut microbiome species presence (CALWSW01 sp944384305, GCA_944384305.1)","taxon:calwsw01 sp944384305","primary","GCST90671288","EUR","reverse_sensitivity","microbiome_trait_units_per_standardized_ED_exposure",15,"estimable","reverse",TRUE,TRUE
"reverse|GCST90671289","ed_2025_eur_reverse_exposure","GCST90671289","Gut microbiome species presence (Avispirillum sp900555345, GCA_900555345.1)","taxon:avispirillum sp900555345","primary","GCST90671289","EUR","reverse_sensitivity","microbiome_trait_units_per_standardized_ED_exposure",15,"estimable","reverse",TRUE,TRUE
"reverse|GCST90671290","ed_2025_eur_reverse_exposure","GCST90671290","Gut microbiome species presence (Saccharomyces cerevisiae, )","taxon:saccharomyces cerevisiae,","primary","GCST90671290","EUR","reverse_sensitivity","microbiome_trait_units_per_standardized_ED_exposure",15,"estimable","reverse",TRUE,TRUE
"reverse|GCST90671291","ed_2025_eur_reverse_exposure","GCST90671291","Gut microbiome species presence (Blastocystis sp. subtype 4, )","taxon:blastocystis sp. subtype 4,","primary","GCST90671291","EUR","reverse_sensitivity","microbiome_trait_units_per_standardized_ED_exposure",15,"estimable","reverse",TRUE,TRUE
"reverse|GCST90671292","ed_2025_eur_reverse_exposure","GCST90671292","Gut microbiome genus abundance (Agathobacter)","taxon:agathobacter","primary","GCST90671292","EUR","reverse_sensitivity","microbiome_trait_units_per_standardized_ED_exposure",17,"estimable","reverse",TRUE,TRUE
"reverse|GCST90671293","ed_2025_eur_reverse_exposure","GCST90671293","Gut microbiome genus abundance (Bifidobacterium)","taxon:bifidobacterium","primary","GCST90671293","EUR","reverse_sensitivity","microbiome_trait_units_per_standardized_ED_exposure",17,"estimable","reverse",TRUE,TRUE
"reverse|GCST90671294","ed_2025_eur_reverse_exposure","GCST90671294","Gut microbiome genus abundance (Gemmiger)","taxon:gemmiger","primary","GCST90671294","EUR","reverse_sensitivity","microbiome_trait_units_per_standardized_ED_exposure",17,"estimable","reverse",TRUE,TRUE
"reverse|GCST90671295","ed_2025_eur_reverse_exposure","GCST90671295","Gut microbiome genus abundance (Anaerostipes)","taxon:anaerostipes","primary","GCST90671295","EUR","reverse_sensitivity","microbiome_trait_units_per_standardized_ED_exposure",17,"estimable","reverse",TRUE,TRUE
"reverse|GCST90671296","ed_2025_eur_reverse_exposure","GCST90671296","Gut microbiome genus abundance (Lachnospira)","taxon:lachnospira","primary","GCST90671296","EUR","reverse_sensitivity","microbiome_trait_units_per_standardized_ED_exposure",17,"estimable","reverse",TRUE,TRUE
"reverse|GCST90671297","ed_2025_eur_reverse_exposure","GCST90671297","Gut microbiome genus abundance (UBA11524)","taxon:uba11524","primary","GCST90671297","EUR","reverse_sensitivity","microbiome_trait_units_per_standardized_ED_exposure",17,"estimable","reverse",TRUE,TRUE
"reverse|GCST90671298","ed_2025_eur_reverse_exposure","GCST90671298","Gut microbiome genus abundance (Fusicatenibacter)","taxon:fusicatenibacter","primary","GCST90671298","EUR","reverse_sensitivity","microbiome_trait_units_per_standardized_ED_exposure",17,"estimable","reverse",TRUE,TRUE
"reverse|GCST90671299","ed_2025_eur_reverse_exposure","GCST90671299","Gut microbiome genus abundance (Acetatifactor)","taxon:acetatifactor","primary","GCST90671299","EUR","reverse_sensitivity","microbiome_trait_units_per_standardized_ED_exposure",17,"estimable","reverse",TRUE,TRUE
"reverse|GCST90671300","ed_2025_eur_reverse_exposure","GCST90671300","Gut microbiome genus abundance (Coprococcus)","taxon:coprococcus","primary","GCST90671300","EUR","reverse_sensitivity","microbiome_trait_units_per_standardized_ED_exposure",17,"estimable","reverse",TRUE,TRUE
"reverse|GCST90671301","ed_2025_eur_reverse_exposure","GCST90671301","Gut microbiome genus abundance (Phocaeicola)","taxon:phocaeicola","primary","GCST90671301","EUR","reverse_sensitivity","microbiome_trait_units_per_standardized_ED_exposure",17,"estimable","reverse",TRUE,TRUE
"reverse|GCST90671302","ed_2025_eur_reverse_exposure","GCST90671302","Gut microbiome genus abundance (ER4)","taxon:er4","primary","GCST90671302","EUR","reverse_sensitivity","microbiome_trait_units_per_standardized_ED_exposure",17,"estimable","reverse",TRUE,TRUE
"reverse|GCST90671303","ed_2025_eur_reverse_exposure","GCST90671303","Gut microbiome genus abundance (RUG115)","taxon:rug115","primary","GCST90671303","EUR","reverse_sensitivity","microbiome_trait_units_per_standardized_ED_exposure",17,"estimable","reverse",TRUE,TRUE
"reverse|GCST90671304","ed_2025_eur_reverse_exposure","GCST90671304","Gut microbiome genus abundance (Alistipes)","taxon:alistipes","primary","GCST90671304","EUR","reverse_sensitivity","microbiome_trait_units_per_standardized_ED_exposure",17,"estimable","reverse",TRUE,TRUE
"reverse|GCST90671305","ed_2025_eur_reverse_exposure","GCST90671305","Gut microbiome genus abundance (Streptococcus)","taxon:streptococcus","primary","GCST90671305","EUR","reverse_sensitivity","microbiome_trait_units_per_standardized_ED_exposure",17,"estimable","reverse",TRUE,TRUE
"reverse|GCST90671306","ed_2025_eur_reverse_exposure","GCST90671306","Gut microbiome genus abundance (Escherichia)","taxon:escherichia","primary","GCST90671306","EUR","reverse_sensitivity","microbiome_trait_units_per_standardized_ED_exposure",17,"estimable","reverse",TRUE,TRUE
"reverse|GCST90671307","ed_2025_eur_reverse_exposure","GCST90671307","Gut microbiome genus presence (PeH17)","taxon:peh17","primary","GCST90671307","EUR","reverse_sensitivity","microbiome_trait_units_per_standardized_ED_exposure",15,"estimable","reverse",TRUE,TRUE
"reverse|GCST90671308","ed_2025_eur_reverse_exposure","GCST90671308","Gut microbiome genus abundance (Parabacteroides)","taxon:parabacteroides","primary","GCST90671308","EUR","reverse_sensitivity","microbiome_trait_units_per_standardized_ED_exposure",17,"estimable","reverse",TRUE,TRUE
"reverse|GCST90671309","ed_2025_eur_reverse_exposure","GCST90671309","Gut microbiome genus abundance (Roseburia)","taxon:roseburia","primary","GCST90671309","EUR","reverse_sensitivity","microbiome_trait_units_per_standardized_ED_exposure",17,"estimable","reverse",TRUE,TRUE
"reverse|GCST90671310","ed_2025_eur_reverse_exposure","GCST90671310","Gut microbiome genus abundance (Bacteroides)","taxon:bacteroides","primary","GCST90671310","EUR","reverse_sensitivity","microbiome_trait_units_per_standardized_ED_exposure",17,"estimable","reverse",TRUE,TRUE
"reverse|GCST90671311","ed_2025_eur_reverse_exposure","GCST90671311","Gut microbiome genus abundance (Faecalibacillus)","taxon:faecalibacillus","primary","GCST90671311","EUR","reverse_sensitivity","microbiome_trait_units_per_standardized_ED_exposure",17,"estimable","reverse",TRUE,TRUE
"reverse|GCST90671312","ed_2025_eur_reverse_exposure","GCST90671312","Gut microbiome genus presence (Cryptobacteroides)","taxon:cryptobacteroides","primary","GCST90671312","EUR","reverse_sensitivity","microbiome_trait_units_per_standardized_ED_exposure",15,"estimable","reverse",TRUE,TRUE
"reverse|GCST90671313","ed_2025_eur_reverse_exposure","GCST90671313","Gut microbiome genus presence (SFEL01)","taxon:sfel01","primary","GCST90671313","EUR","reverse_sensitivity","microbiome_trait_units_per_standardized_ED_exposure",15,"estimable","reverse",TRUE,TRUE
"reverse|GCST90671314","ed_2025_eur_reverse_exposure","GCST90671314","Gut microbiome genus presence (Fimenecus)","taxon:fimenecus","primary","GCST90671314","EUR","reverse_sensitivity","microbiome_trait_units_per_standardized_ED_exposure",15,"estimable","reverse",TRUE,TRUE
"reverse|GCST90671315","ed_2025_eur_reverse_exposure","GCST90671315","Gut microbiome genus abundance (Faecalibacterium)","taxon:faecalibacterium","primary","GCST90671315","EUR","reverse_sensitivity","microbiome_trait_units_per_standardized_ED_exposure",17,"estimable","reverse",TRUE,TRUE
"reverse|GCST90671316","ed_2025_eur_reverse_exposure","GCST90671316","Gut microbiome genus abundance (Eisenbergiella)","taxon:eisenbergiella","primary","GCST90671316","EUR","reverse_sensitivity","microbiome_trait_units_per_standardized_ED_exposure",17,"estimable","reverse",TRUE,TRUE
"reverse|GCST90671317","ed_2025_eur_reverse_exposure","GCST90671317","Gut microbiome genus presence (Catenibacterium)","taxon:catenibacterium","primary","GCST90671317","EUR","reverse_sensitivity","microbiome_trait_units_per_standardized_ED_exposure",15,"estimable","reverse",TRUE,TRUE
"reverse|GCST90671318","ed_2025_eur_reverse_exposure","GCST90671318","Gut microbiome genus abundance (Prevotella)","taxon:prevotella","primary","GCST90671318","EUR","reverse_sensitivity","microbiome_trait_units_per_standardized_ED_exposure",17,"estimable","reverse",TRUE,TRUE
"reverse|GCST90671319","ed_2025_eur_reverse_exposure","GCST90671319","Gut microbiome genus abundance (UBA1417)","taxon:uba1417","primary","GCST90671319","EUR","reverse_sensitivity","microbiome_trait_units_per_standardized_ED_exposure",17,"estimable","reverse",TRUE,TRUE
"reverse|GCST90671320","ed_2025_eur_reverse_exposure","GCST90671320","Gut microbiome genus abundance (Sutterella)","taxon:sutterella","primary","GCST90671320","EUR","reverse_sensitivity","microbiome_trait_units_per_standardized_ED_exposure",17,"estimable","reverse",TRUE,TRUE
"reverse|GCST90671321","ed_2025_eur_reverse_exposure","GCST90671321","Gut microbiome genus presence (Holdemanella)","taxon:holdemanella","primary","GCST90671321","EUR","reverse_sensitivity","microbiome_trait_units_per_standardized_ED_exposure",15,"estimable","reverse",TRUE,TRUE
"reverse|GCST90671322","ed_2025_eur_reverse_exposure","GCST90671322","Gut microbiome genus abundance (Odoribacter)","taxon:odoribacter","primary","GCST90671322","EUR","reverse_sensitivity","microbiome_trait_units_per_standardized_ED_exposure",17,"estimable","reverse",TRUE,TRUE
"reverse|GCST90671323","ed_2025_eur_reverse_exposure","GCST90671323","Gut microbiome genus abundance (Agathobaculum)","taxon:agathobaculum","primary","GCST90671323","EUR","reverse_sensitivity","microbiome_trait_units_per_standardized_ED_exposure",17,"estimable","reverse",TRUE,TRUE
"reverse|GCST90671324","ed_2025_eur_reverse_exposure","GCST90671324","Gut microbiome genus presence (Phascolarctobacterium)","taxon:phascolarctobacterium","primary","GCST90671324","EUR","reverse_sensitivity","microbiome_trait_units_per_standardized_ED_exposure",15,"estimable","reverse",TRUE,TRUE
"reverse|GCST90671325","ed_2025_eur_reverse_exposure","GCST90671325","Gut microbiome genus abundance (Faecousia)","taxon:faecousia","primary","GCST90671325","EUR","reverse_sensitivity","microbiome_trait_units_per_standardized_ED_exposure",17,"estimable","reverse",TRUE,TRUE
"reverse|GCST90671326","ed_2025_eur_reverse_exposure","GCST90671326","Gut microbiome genus abundance (Barnesiella)","taxon:barnesiella","primary","GCST90671326","EUR","reverse_sensitivity","microbiome_trait_units_per_standardized_ED_exposure",17,"estimable","reverse",TRUE,TRUE
"reverse|GCST90671327","ed_2025_eur_reverse_exposure","GCST90671327","Gut microbiome genus abundance (Akkermansia)","taxon:akkermansia","primary","GCST90671327","EUR","reverse_sensitivity","microbiome_trait_units_per_standardized_ED_exposure",17,"estimable","reverse",TRUE,TRUE
"reverse|GCST90671328","ed_2025_eur_reverse_exposure","GCST90671328","Gut microbiome genus presence (Klebsiella)","taxon:klebsiella","primary","GCST90671328","EUR","reverse_sensitivity","microbiome_trait_units_per_standardized_ED_exposure",15,"estimable","reverse",TRUE,TRUE
"reverse|GCST90671329","ed_2025_eur_reverse_exposure","GCST90671329","Gut microbiome genus abundance (Anaerotignum)","taxon:anaerotignum","primary","GCST90671329","EUR","reverse_sensitivity","microbiome_trait_units_per_standardized_ED_exposure",17,"estimable","reverse",TRUE,TRUE
"reverse|GCST90671330","ed_2025_eur_reverse_exposure","GCST90671330","Gut microbiome genus abundance (Copromonas)","taxon:copromonas","primary","GCST90671330","EUR","reverse_sensitivity","microbiome_trait_units_per_standardized_ED_exposure",17,"estimable","reverse",TRUE,TRUE
"reverse|GCST90671331","ed_2025_eur_reverse_exposure","GCST90671331","Gut microbiome genus presence (Phil1)","taxon:phil1","primary","GCST90671331","EUR","reverse_sensitivity","microbiome_trait_units_per_standardized_ED_exposure",15,"estimable","reverse",TRUE,TRUE
"reverse|GCST90671332","ed_2025_eur_reverse_exposure","GCST90671332","Gut microbiome genus presence (Ligilactobacillus)","taxon:ligilactobacillus","primary","GCST90671332","EUR","reverse_sensitivity","microbiome_trait_units_per_standardized_ED_exposure",15,"estimable","reverse",TRUE,TRUE
"reverse|GCST90671333","ed_2025_eur_reverse_exposure","GCST90671333","Gut microbiome genus abundance (Ruthenibacterium)","taxon:ruthenibacterium","primary","GCST90671333","EUR","reverse_sensitivity","microbiome_trait_units_per_standardized_ED_exposure",17,"estimable","reverse",TRUE,TRUE
"reverse|GCST90671334","ed_2025_eur_reverse_exposure","GCST90671334","Gut microbiome genus presence (Enterococcus)","taxon:enterococcus","primary","GCST90671334","EUR","reverse_sensitivity","microbiome_trait_units_per_standardized_ED_exposure",15,"estimable","reverse",TRUE,TRUE
"reverse|GCST90671335","ed_2025_eur_reverse_exposure","GCST90671335","Gut microbiome genus abundance (Dialister)","taxon:dialister","primary","GCST90671335","EUR","reverse_sensitivity","microbiome_trait_units_per_standardized_ED_exposure",17,"estimable","reverse",TRUE,TRUE
"reverse|GCST90671336","ed_2025_eur_reverse_exposure","GCST90671336","Gut microbiome genus abundance (Mediterraneibacter)","taxon:mediterraneibacter","primary","GCST90671336","EUR","reverse_sensitivity","microbiome_trait_units_per_standardized_ED_exposure",17,"estimable","reverse",TRUE,TRUE
"reverse|GCST90671337","ed_2025_eur_reverse_exposure","GCST90671337","Gut microbiome genus abundance (Eggerthella)","taxon:eggerthella","primary","GCST90671337","EUR","reverse_sensitivity","microbiome_trait_units_per_standardized_ED_exposure",17,"estimable","reverse",TRUE,TRUE
"reverse|GCST90671338","ed_2025_eur_reverse_exposure","GCST90671338","Gut microbiome genus abundance (Parasutterella)","taxon:parasutterella","primary","GCST90671338","EUR","reverse_sensitivity","microbiome_trait_units_per_standardized_ED_exposure",17,"estimable","reverse",TRUE,TRUE
"reverse|GCST90671339","ed_2025_eur_reverse_exposure","GCST90671339","Gut microbiome genus abundance (Veillonella)","taxon:veillonella","primary","GCST90671339","EUR","reverse_sensitivity","microbiome_trait_units_per_standardized_ED_exposure",17,"estimable","reverse",TRUE,TRUE
"reverse|GCST90671340","ed_2025_eur_reverse_exposure","GCST90671340","Gut microbiome genus abundance (Butyribacter)","taxon:butyribacter","primary","GCST90671340","EUR","reverse_sensitivity","microbiome_trait_units_per_standardized_ED_exposure",17,"estimable","reverse",TRUE,TRUE
"reverse|GCST90671341","ed_2025_eur_reverse_exposure","GCST90671341","Gut microbiome genus presence (Porphyromonas)","taxon:porphyromonas","primary","GCST90671341","EUR","reverse_sensitivity","microbiome_trait_units_per_standardized_ED_exposure",15,"estimable","reverse",TRUE,TRUE
"reverse|GCST90671342","ed_2025_eur_reverse_exposure","GCST90671342","Gut microbiome genus presence (Limisoma)","taxon:limisoma","primary","GCST90671342","EUR","reverse_sensitivity","microbiome_trait_units_per_standardized_ED_exposure",15,"estimable","reverse",TRUE,TRUE
"reverse|GCST90671343","ed_2025_eur_reverse_exposure","GCST90671343","Gut microbiome genus presence (COE1)","taxon:coe1","primary","GCST90671343","EUR","reverse_sensitivity","microbiome_trait_units_per_standardized_ED_exposure",15,"estimable","reverse",TRUE,TRUE
"reverse|GCST90671344","ed_2025_eur_reverse_exposure","GCST90671344","Gut microbiome genus presence (Paraprevotella)","taxon:paraprevotella","primary","GCST90671344","EUR","reverse_sensitivity","microbiome_trait_units_per_standardized_ED_exposure",15,"estimable","reverse",TRUE,TRUE
"reverse|GCST90671345","ed_2025_eur_reverse_exposure","GCST90671345","Gut microbiome genus presence (Lactobacillus)","taxon:lactobacillus","primary","GCST90671345","EUR","reverse_sensitivity","microbiome_trait_units_per_standardized_ED_exposure",15,"estimable","reverse",TRUE,TRUE
"reverse|GCST90671346","ed_2025_eur_reverse_exposure","GCST90671346","Gut microbiome genus abundance (Enterocloster)","taxon:enterocloster","primary","GCST90671346","EUR","reverse_sensitivity","microbiome_trait_units_per_standardized_ED_exposure",17,"estimable","reverse",TRUE,TRUE
"reverse|GCST90671347","ed_2025_eur_reverse_exposure","GCST90671347","Gut microbiome genus presence (Duodenibacillus)","taxon:duodenibacillus","primary","GCST90671347","EUR","reverse_sensitivity","microbiome_trait_units_per_standardized_ED_exposure",15,"estimable","reverse",TRUE,TRUE
"reverse|GCST90671348","ed_2025_eur_reverse_exposure","GCST90671348","Gut microbiome genus presence (Alloprevotella)","taxon:alloprevotella","primary","GCST90671348","EUR","reverse_sensitivity","microbiome_trait_units_per_standardized_ED_exposure",15,"estimable","reverse",TRUE,TRUE
"reverse|GCST90671349","ed_2025_eur_reverse_exposure","GCST90671349","Gut microbiome genus abundance (Flavonifractor)","taxon:flavonifractor","primary","GCST90671349","EUR","reverse_sensitivity","microbiome_trait_units_per_standardized_ED_exposure",17,"estimable","reverse",TRUE,TRUE
"reverse|GCST90671350","ed_2025_eur_reverse_exposure","GCST90671350","Gut microbiome genus abundance (Anaerobutyricum)","taxon:anaerobutyricum","primary","GCST90671350","EUR","reverse_sensitivity","microbiome_trait_units_per_standardized_ED_exposure",17,"estimable","reverse",TRUE,TRUE
"reverse|GCST90671351","ed_2025_eur_reverse_exposure","GCST90671351","Gut microbiome genus abundance (KLE1615)","taxon:kle1615","primary","GCST90671351","EUR","reverse_sensitivity","microbiome_trait_units_per_standardized_ED_exposure",17,"estimable","reverse",TRUE,TRUE
"reverse|GCST90671352","ed_2025_eur_reverse_exposure","GCST90671352","Gut microbiome genus presence (Corynebacterium)","taxon:corynebacterium","primary","GCST90671352","EUR","reverse_sensitivity","microbiome_trait_units_per_standardized_ED_exposure",15,"estimable","reverse",TRUE,TRUE
"reverse|GCST90671353","ed_2025_eur_reverse_exposure","GCST90671353","Gut microbiome genus presence (Peptidiphaga)","taxon:peptidiphaga","primary","GCST90671353","EUR","reverse_sensitivity","microbiome_trait_units_per_standardized_ED_exposure",15,"estimable","reverse",TRUE,TRUE
"reverse|GCST90671354","ed_2025_eur_reverse_exposure","GCST90671354","Gut microbiome genus abundance (Clostridium)","taxon:clostridium","primary","GCST90671354","EUR","reverse_sensitivity","microbiome_trait_units_per_standardized_ED_exposure",17,"estimable","reverse",TRUE,TRUE
"reverse|GCST90671355","ed_2025_eur_reverse_exposure","GCST90671355","Gut microbiome genus abundance (UBA11774)","taxon:uba11774","primary","GCST90671355","EUR","reverse_sensitivity","microbiome_trait_units_per_standardized_ED_exposure",17,"estimable","reverse",TRUE,TRUE
"reverse|GCST90671356","ed_2025_eur_reverse_exposure","GCST90671356","Gut microbiome genus abundance (Dysosmobacter)","taxon:dysosmobacter","primary","GCST90671356","EUR","reverse_sensitivity","microbiome_trait_units_per_standardized_ED_exposure",17,"estimable","reverse",TRUE,TRUE
"reverse|GCST90671357","ed_2025_eur_reverse_exposure","GCST90671357","Gut microbiome genus abundance (Bilophila)","taxon:bilophila","primary","GCST90671357","EUR","reverse_sensitivity","microbiome_trait_units_per_standardized_ED_exposure",17,"estimable","reverse",TRUE,TRUE
"reverse|GCST90671358","ed_2025_eur_reverse_exposure","GCST90671358","Gut microbiome genus presence (Mesosutterella)","taxon:mesosutterella","primary","GCST90671358","EUR","reverse_sensitivity","microbiome_trait_units_per_standardized_ED_exposure",15,"estimable","reverse",TRUE,TRUE
"reverse|GCST90671359","ed_2025_eur_reverse_exposure","GCST90671359","Gut microbiome genus abundance (Ventricola)","taxon:ventricola","primary","GCST90671359","EUR","reverse_sensitivity","microbiome_trait_units_per_standardized_ED_exposure",17,"estimable","reverse",TRUE,TRUE
"reverse|GCST90671360","ed_2025_eur_reverse_exposure","GCST90671360","Gut microbiome genus presence (Scatocola)","taxon:scatocola","primary","GCST90671360","EUR","reverse_sensitivity","microbiome_trait_units_per_standardized_ED_exposure",15,"estimable","reverse",TRUE,TRUE
"reverse|GCST90671361","ed_2025_eur_reverse_exposure","GCST90671361","Gut microbiome genus presence (Enterobacter)","taxon:enterobacter","primary","GCST90671361","EUR","reverse_sensitivity","microbiome_trait_units_per_standardized_ED_exposure",15,"estimable","reverse",TRUE,TRUE
"reverse|GCST90671362","ed_2025_eur_reverse_exposure","GCST90671362","Gut microbiome genus presence (Limosilactobacillus)","taxon:limosilactobacillus","primary","GCST90671362","EUR","reverse_sensitivity","microbiome_trait_units_per_standardized_ED_exposure",15,"estimable","reverse",TRUE,TRUE
"reverse|GCST90671363","ed_2025_eur_reverse_exposure","GCST90671363","Gut microbiome genus presence (Desulfovibrio)","taxon:desulfovibrio","primary","GCST90671363","EUR","reverse_sensitivity","microbiome_trait_units_per_standardized_ED_exposure",15,"estimable","reverse",TRUE,TRUE
"reverse|GCST90671364","ed_2025_eur_reverse_exposure","GCST90671364","Gut microbiome genus presence (Ellagibacter)","taxon:ellagibacter","primary","GCST90671364","EUR","reverse_sensitivity","microbiome_trait_units_per_standardized_ED_exposure",15,"estimable","reverse",TRUE,TRUE
"reverse|GCST90671365","ed_2025_eur_reverse_exposure","GCST90671365","Gut microbiome genus abundance (Acutalibacter)","taxon:acutalibacter","primary","GCST90671365","EUR","reverse_sensitivity","microbiome_trait_units_per_standardized_ED_exposure",17,"estimable","reverse",TRUE,TRUE
"reverse|GCST90671366","ed_2025_eur_reverse_exposure","GCST90671366","Gut microbiome genus presence (CAZU01)","taxon:cazu01","primary","GCST90671366","EUR","reverse_sensitivity","microbiome_trait_units_per_standardized_ED_exposure",15,"estimable","reverse",TRUE,TRUE
"reverse|GCST90671367","ed_2025_eur_reverse_exposure","GCST90671367","Gut microbiome genus abundance (Collinsella)","taxon:collinsella","primary","GCST90671367","EUR","reverse_sensitivity","microbiome_trait_units_per_standardized_ED_exposure",17,"estimable","reverse",TRUE,TRUE
"reverse|GCST90671368","ed_2025_eur_reverse_exposure","GCST90671368","Gut microbiome genus presence (Lactiplantibacillus)","taxon:lactiplantibacillus","primary","GCST90671368","EUR","reverse_sensitivity","microbiome_trait_units_per_standardized_ED_exposure",15,"estimable","reverse",TRUE,TRUE
"reverse|GCST90671369","ed_2025_eur_reverse_exposure","GCST90671369","Gut microbiome genus abundance (Oliverpabstia)","taxon:oliverpabstia","primary","GCST90671369","EUR","reverse_sensitivity","microbiome_trait_units_per_standardized_ED_exposure",17,"estimable","reverse",TRUE,TRUE
"reverse|GCST90671370","ed_2025_eur_reverse_exposure","GCST90671370","Gut microbiome genus abundance (Negativibacillus)","taxon:negativibacillus","primary","GCST90671370","EUR","reverse_sensitivity","microbiome_trait_units_per_standardized_ED_exposure",17,"estimable","reverse",TRUE,TRUE
"reverse|GCST90671371","ed_2025_eur_reverse_exposure","GCST90671371","Gut microbiome genus presence (Faecalimonas)","taxon:faecalimonas","primary","GCST90671371","EUR","reverse_sensitivity","microbiome_trait_units_per_standardized_ED_exposure",15,"estimable","reverse",TRUE,TRUE
"reverse|GCST90671372","ed_2025_eur_reverse_exposure","GCST90671372","Gut microbiome genus abundance (Limiplasma)","taxon:limiplasma","primary","GCST90671372","EUR","reverse_sensitivity","microbiome_trait_units_per_standardized_ED_exposure",17,"estimable","reverse",TRUE,TRUE
"reverse|GCST90671373","ed_2025_eur_reverse_exposure","GCST90671373","Gut microbiome genus abundance (Intestinibacter)","taxon:intestinibacter","primary","GCST90671373","EUR","reverse_sensitivity","microbiome_trait_units_per_standardized_ED_exposure",17,"estimable","reverse",TRUE,TRUE
"reverse|GCST90671374","ed_2025_eur_reverse_exposure","GCST90671374","Gut microbiome genus presence (Bulleidia)","taxon:bulleidia","primary","GCST90671374","EUR","reverse_sensitivity","microbiome_trait_units_per_standardized_ED_exposure",15,"estimable","reverse",TRUE,TRUE
"reverse|GCST90671375","ed_2025_eur_reverse_exposure","GCST90671375","Gut microbiome genus abundance (Actinomyces)","taxon:actinomyces","primary","GCST90671375","EUR","reverse_sensitivity","microbiome_trait_units_per_standardized_ED_exposure",17,"estimable","reverse",TRUE,TRUE
"reverse|GCST90671376","ed_2025_eur_reverse_exposure","GCST90671376","Gut microbiome genus abundance (Angelakisella)","taxon:angelakisella","primary","GCST90671376","EUR","reverse_sensitivity","microbiome_trait_units_per_standardized_ED_exposure",17,"estimable","reverse",TRUE,TRUE
"reverse|GCST90671377","ed_2025_eur_reverse_exposure","GCST90671377","Gut microbiome genus presence (UBA738)","taxon:uba738","primary","GCST90671377","EUR","reverse_sensitivity","microbiome_trait_units_per_standardized_ED_exposure",15,"estimable","reverse",TRUE,TRUE
"reverse|GCST90671378","ed_2025_eur_reverse_exposure","GCST90671378","Gut microbiome genus abundance (Adlercreutzia)","taxon:adlercreutzia","primary","GCST90671378","EUR","reverse_sensitivity","microbiome_trait_units_per_standardized_ED_exposure",17,"estimable","reverse",TRUE,TRUE
"reverse|GCST90671379","ed_2025_eur_reverse_exposure","GCST90671379","Gut microbiome genus presence (SFMI01)","taxon:sfmi01","primary","GCST90671379","EUR","reverse_sensitivity","microbiome_trait_units_per_standardized_ED_exposure",15,"estimable","reverse",TRUE,TRUE
"reverse|GCST90671380","ed_2025_eur_reverse_exposure","GCST90671380","Gut microbiome genus abundance (Scatomorpha)","taxon:scatomorpha","primary","GCST90671380","EUR","reverse_sensitivity","microbiome_trait_units_per_standardized_ED_exposure",17,"estimable","reverse",TRUE,TRUE
"reverse|GCST90671381","ed_2025_eur_reverse_exposure","GCST90671381","Gut microbiome genus presence (Pelethousia)","taxon:pelethousia","primary","GCST90671381","EUR","reverse_sensitivity","microbiome_trait_units_per_standardized_ED_exposure",15,"estimable","reverse",TRUE,TRUE
"reverse|GCST90671382","ed_2025_eur_reverse_exposure","GCST90671382","Gut microbiome genus abundance (Butyricimonas)","taxon:butyricimonas","primary","GCST90671382","EUR","reverse_sensitivity","microbiome_trait_units_per_standardized_ED_exposure",17,"estimable","reverse",TRUE,TRUE
"reverse|GCST90671383","ed_2025_eur_reverse_exposure","GCST90671383","Gut microbiome genus presence (Aphodocola)","taxon:aphodocola","primary","GCST90671383","EUR","reverse_sensitivity","microbiome_trait_units_per_standardized_ED_exposure",15,"estimable","reverse",TRUE,TRUE
"reverse|GCST90671384","ed_2025_eur_reverse_exposure","GCST90671384","Gut microbiome genus abundance (UBA644)","taxon:uba644","primary","GCST90671384","EUR","reverse_sensitivity","microbiome_trait_units_per_standardized_ED_exposure",17,"estimable","reverse",TRUE,TRUE
"reverse|GCST90671385","ed_2025_eur_reverse_exposure","GCST90671385","Gut microbiome genus presence (Alloscardovia)","taxon:alloscardovia","primary","GCST90671385","EUR","reverse_sensitivity","microbiome_trait_units_per_standardized_ED_exposure",15,"estimable","reverse",TRUE,TRUE
"reverse|GCST90671386","ed_2025_eur_reverse_exposure","GCST90671386","Gut microbiome genus abundance (Pauljensenia)","taxon:pauljensenia","primary","GCST90671386","EUR","reverse_sensitivity","microbiome_trait_units_per_standardized_ED_exposure",17,"estimable","reverse",TRUE,TRUE
"reverse|GCST90671387","ed_2025_eur_reverse_exposure","GCST90671387","Gut microbiome genus abundance (Dorea)","taxon:dorea","primary","GCST90671387","EUR","reverse_sensitivity","microbiome_trait_units_per_standardized_ED_exposure",17,"estimable","reverse",TRUE,TRUE
"reverse|GCST90671388","ed_2025_eur_reverse_exposure","GCST90671388","Gut microbiome genus presence (Lacticaseibacillus)","taxon:lacticaseibacillus","primary","GCST90671388","EUR","reverse_sensitivity","microbiome_trait_units_per_standardized_ED_exposure",15,"estimable","reverse",TRUE,TRUE
"reverse|GCST90671389","ed_2025_eur_reverse_exposure","GCST90671389","Gut microbiome genus presence (Limivicinus)","taxon:limivicinus","primary","GCST90671389","EUR","reverse_sensitivity","microbiome_trait_units_per_standardized_ED_exposure",15,"estimable","reverse",TRUE,TRUE
"reverse|GCST90671390","ed_2025_eur_reverse_exposure","GCST90671390","Gut microbiome genus presence (Merdousia)","taxon:merdousia","primary","GCST90671390","EUR","reverse_sensitivity","microbiome_trait_units_per_standardized_ED_exposure",15,"estimable","reverse",TRUE,TRUE
"reverse|GCST90671391","ed_2025_eur_reverse_exposure","GCST90671391","Gut microbiome genus abundance (Blautia)","taxon:blautia","primary","GCST90671391","EUR","reverse_sensitivity","microbiome_trait_units_per_standardized_ED_exposure",17,"estimable","reverse",TRUE,TRUE
"reverse|GCST90671392","ed_2025_eur_reverse_exposure","GCST90671392","Gut microbiome genus abundance (Coprobacter)","taxon:coprobacter","primary","GCST90671392","EUR","reverse_sensitivity","microbiome_trait_units_per_standardized_ED_exposure",17,"estimable","reverse",TRUE,TRUE
"reverse|GCST90671393","ed_2025_eur_reverse_exposure","GCST90671393","Gut microbiome genus presence (UBA1394)","taxon:uba1394","primary","GCST90671393","EUR","reverse_sensitivity","microbiome_trait_units_per_standardized_ED_exposure",15,"estimable","reverse",TRUE,TRUE
"reverse|GCST90671394","ed_2025_eur_reverse_exposure","GCST90671394","Gut microbiome genus abundance (Bariatricus)","taxon:bariatricus","primary","GCST90671394","EUR","reverse_sensitivity","microbiome_trait_units_per_standardized_ED_exposure",17,"estimable","reverse",TRUE,TRUE
"reverse|GCST90671395","ed_2025_eur_reverse_exposure","GCST90671395","Gut microbiome genus abundance (UBA737)","taxon:uba737","primary","GCST90671395","EUR","reverse_sensitivity","microbiome_trait_units_per_standardized_ED_exposure",17,"estimable","reverse",TRUE,TRUE
"reverse|GCST90671396","ed_2025_eur_reverse_exposure","GCST90671396","Gut microbiome genus presence (Paratractidigestivibacter)","taxon:paratractidigestivibacter","primary","GCST90671396","EUR","reverse_sensitivity","microbiome_trait_units_per_standardized_ED_exposure",15,"estimable","reverse",TRUE,TRUE
"reverse|GCST90671397","ed_2025_eur_reverse_exposure","GCST90671397","Gut microbiome genus presence (Merdicola)","taxon:merdicola","primary","GCST90671397","EUR","reverse_sensitivity","microbiome_trait_units_per_standardized_ED_exposure",15,"estimable","reverse",TRUE,TRUE
"reverse|GCST90671398","ed_2025_eur_reverse_exposure","GCST90671398","Gut microbiome genus abundance (Fimisoma)","taxon:fimisoma","primary","GCST90671398","EUR","reverse_sensitivity","microbiome_trait_units_per_standardized_ED_exposure",17,"estimable","reverse",TRUE,TRUE
"reverse|GCST90671399","ed_2025_eur_reverse_exposure","GCST90671399","Gut microbiome genus abundance (Lawsonibacter)","taxon:lawsonibacter","primary","GCST90671399","EUR","reverse_sensitivity","microbiome_trait_units_per_standardized_ED_exposure",17,"estimable","reverse",TRUE,TRUE
"reverse|GCST90671400","ed_2025_eur_reverse_exposure","GCST90671400","Gut microbiome genus abundance (Rothia)","taxon:rothia","primary","GCST90671400","EUR","reverse_sensitivity","microbiome_trait_units_per_standardized_ED_exposure",17,"estimable","reverse",TRUE,TRUE
"reverse|GCST90671401","ed_2025_eur_reverse_exposure","GCST90671401","Gut microbiome genus presence (UMGS1312)","taxon:umgs1312","primary","GCST90671401","EUR","reverse_sensitivity","microbiome_trait_units_per_standardized_ED_exposure",15,"estimable","reverse",TRUE,TRUE
"reverse|GCST90671402","ed_2025_eur_reverse_exposure","GCST90671402","Gut microbiome genus presence (Nanogingivalis)","taxon:nanogingivalis","primary","GCST90671402","EUR","reverse_sensitivity","microbiome_trait_units_per_standardized_ED_exposure",15,"estimable","reverse",TRUE,TRUE
"reverse|GCST90671403","ed_2025_eur_reverse_exposure","GCST90671403","Gut microbiome genus presence (UBA1685)","taxon:uba1685","primary","GCST90671403","EUR","reverse_sensitivity","microbiome_trait_units_per_standardized_ED_exposure",15,"estimable","reverse",TRUE,TRUE
"reverse|GCST90671404","ed_2025_eur_reverse_exposure","GCST90671404","Gut microbiome genus presence (Onthousia)","taxon:onthousia","primary","GCST90671404","EUR","reverse_sensitivity","microbiome_trait_units_per_standardized_ED_exposure",15,"estimable","reverse",TRUE,TRUE
"reverse|GCST90671405","ed_2025_eur_reverse_exposure","GCST90671405","Gut microbiome genus presence (UMGS1781)","taxon:umgs1781","primary","GCST90671405","EUR","reverse_sensitivity","microbiome_trait_units_per_standardized_ED_exposure",15,"estimable","reverse",TRUE,TRUE
"reverse|GCST90671406","ed_2025_eur_reverse_exposure","GCST90671406","Gut microbiome genus presence (Fimivicinus)","taxon:fimivicinus","primary","GCST90671406","EUR","reverse_sensitivity","microbiome_trait_units_per_standardized_ED_exposure",15,"estimable","reverse",TRUE,TRUE
"reverse|GCST90671407","ed_2025_eur_reverse_exposure","GCST90671407","Gut microbiome genus presence (QAMH01)","taxon:qamh01","primary","GCST90671407","EUR","reverse_sensitivity","microbiome_trait_units_per_standardized_ED_exposure",15,"estimable","reverse",TRUE,TRUE
"reverse|GCST90671408","ed_2025_eur_reverse_exposure","GCST90671408","Gut microbiome genus abundance (Romboutsia)","taxon:romboutsia","primary","GCST90671408","EUR","reverse_sensitivity","microbiome_trait_units_per_standardized_ED_exposure",17,"estimable","reverse",TRUE,TRUE
"reverse|GCST90671409","ed_2025_eur_reverse_exposure","GCST90671409","Gut microbiome genus abundance (Ventrimonas)","taxon:ventrimonas","primary","GCST90671409","EUR","reverse_sensitivity","microbiome_trait_units_per_standardized_ED_exposure",17,"estimable","reverse",TRUE,TRUE
"reverse|GCST90671410","ed_2025_eur_reverse_exposure","GCST90671410","Gut microbiome genus presence (Woodwardibium)","taxon:woodwardibium","primary","GCST90671410","EUR","reverse_sensitivity","microbiome_trait_units_per_standardized_ED_exposure",15,"estimable","reverse",TRUE,TRUE
"reverse|GCST90671411","ed_2025_eur_reverse_exposure","GCST90671411","Gut microbiome genus abundance (Evtepia)","taxon:evtepia","primary","GCST90671411","EUR","reverse_sensitivity","microbiome_trait_units_per_standardized_ED_exposure",17,"estimable","reverse",TRUE,TRUE
"reverse|GCST90671412","ed_2025_eur_reverse_exposure","GCST90671412","Gut microbiome genus presence (Faecalitalea)","taxon:faecalitalea","primary","GCST90671412","EUR","reverse_sensitivity","microbiome_trait_units_per_standardized_ED_exposure",15,"estimable","reverse",TRUE,TRUE
"reverse|GCST90671413","ed_2025_eur_reverse_exposure","GCST90671413","Gut microbiome genus abundance (Onthomonas)","taxon:onthomonas","primary","GCST90671413","EUR","reverse_sensitivity","microbiome_trait_units_per_standardized_ED_exposure",17,"estimable","reverse",TRUE,TRUE
"reverse|GCST90671414","ed_2025_eur_reverse_exposure","GCST90671414","Gut microbiome genus presence (Sellimonas)","taxon:sellimonas","primary","GCST90671414","EUR","reverse_sensitivity","microbiome_trait_units_per_standardized_ED_exposure",15,"estimable","reverse",TRUE,TRUE
"reverse|GCST90671415","ed_2025_eur_reverse_exposure","GCST90671415","Gut microbiome genus presence (UBA7173)","taxon:uba7173","primary","GCST90671415","EUR","reverse_sensitivity","microbiome_trait_units_per_standardized_ED_exposure",15,"estimable","reverse",TRUE,TRUE
"reverse|GCST90671416","ed_2025_eur_reverse_exposure","GCST90671416","Gut microbiome genus presence (Varibaculum)","taxon:varibaculum","primary","GCST90671416","EUR","reverse_sensitivity","microbiome_trait_units_per_standardized_ED_exposure",15,"estimable","reverse",TRUE,TRUE
"reverse|GCST90671417","ed_2025_eur_reverse_exposure","GCST90671417","Gut microbiome genus presence (UBA6398)","taxon:uba6398","primary","GCST90671417","EUR","reverse_sensitivity","microbiome_trait_units_per_standardized_ED_exposure",15,"estimable","reverse",TRUE,TRUE
"reverse|GCST90671418","ed_2025_eur_reverse_exposure","GCST90671418","Gut microbiome genus presence (Acidaminococcus)","taxon:acidaminococcus","primary","GCST90671418","EUR","reverse_sensitivity","microbiome_trait_units_per_standardized_ED_exposure",15,"estimable","reverse",TRUE,TRUE
"reverse|GCST90671419","ed_2025_eur_reverse_exposure","GCST90671419","Gut microbiome genus abundance (Hungatella)","taxon:hungatella","primary","GCST90671419","EUR","reverse_sensitivity","microbiome_trait_units_per_standardized_ED_exposure",17,"estimable","reverse",TRUE,TRUE
"reverse|GCST90671420","ed_2025_eur_reverse_exposure","GCST90671420","Gut microbiome genus abundance (Merdibacter)","taxon:merdibacter","primary","GCST90671420","EUR","reverse_sensitivity","microbiome_trait_units_per_standardized_ED_exposure",17,"estimable","reverse",TRUE,TRUE
"reverse|GCST90671421","ed_2025_eur_reverse_exposure","GCST90671421","Gut microbiome genus presence (Merdimorpha)","taxon:merdimorpha","primary","GCST90671421","EUR","reverse_sensitivity","microbiome_trait_units_per_standardized_ED_exposure",15,"estimable","reverse",TRUE,TRUE
"reverse|GCST90671422","ed_2025_eur_reverse_exposure","GCST90671422","Gut microbiome genus abundance (Lactococcus)","taxon:lactococcus","primary","GCST90671422","EUR","reverse_sensitivity","microbiome_trait_units_per_standardized_ED_exposure",17,"estimable","reverse",TRUE,TRUE
"reverse|GCST90671423","ed_2025_eur_reverse_exposure","GCST90671423","Gut microbiome genus presence (Ruminococcus)","taxon:ruminococcus","primary","GCST90671423","EUR","reverse_sensitivity","microbiome_trait_units_per_standardized_ED_exposure",15,"estimable","reverse",TRUE,TRUE
"reverse|GCST90671424","ed_2025_eur_reverse_exposure","GCST90671424","Gut microbiome genus presence (UBA1829)","taxon:uba1829","primary","GCST90671424","EUR","reverse_sensitivity","microbiome_trait_units_per_standardized_ED_exposure",15,"estimable","reverse",TRUE,TRUE
"reverse|GCST90671425","ed_2025_eur_reverse_exposure","GCST90671425","Gut microbiome genus presence (UBA11471)","taxon:uba11471","primary","GCST90671425","EUR","reverse_sensitivity","microbiome_trait_units_per_standardized_ED_exposure",15,"estimable","reverse",TRUE,TRUE
"reverse|GCST90671426","ed_2025_eur_reverse_exposure","GCST90671426","Gut microbiome genus presence (UBA7597)","taxon:uba7597","primary","GCST90671426","EUR","reverse_sensitivity","microbiome_trait_units_per_standardized_ED_exposure",15,"estimable","reverse",TRUE,TRUE
"reverse|GCST90671427","ed_2025_eur_reverse_exposure","GCST90671427","Gut microbiome genus presence (UMGS872)","taxon:umgs872","primary","GCST90671427","EUR","reverse_sensitivity","microbiome_trait_units_per_standardized_ED_exposure",15,"estimable","reverse",TRUE,TRUE
"reverse|GCST90671428","ed_2025_eur_reverse_exposure","GCST90671428","Gut microbiome genus presence (UMGS911)","taxon:umgs911","primary","GCST90671428","EUR","reverse_sensitivity","microbiome_trait_units_per_standardized_ED_exposure",15,"estimable","reverse",TRUE,TRUE
"reverse|GCST90671429","ed_2025_eur_reverse_exposure","GCST90671429","Gut microbiome genus presence (Aphodomorpha)","taxon:aphodomorpha","primary","GCST90671429","EUR","reverse_sensitivity","microbiome_trait_units_per_standardized_ED_exposure",15,"estimable","reverse",TRUE,TRUE
"reverse|GCST90671430","ed_2025_eur_reverse_exposure","GCST90671430","Gut microbiome genus presence (Enorma)","taxon:enorma","primary","GCST90671430","EUR","reverse_sensitivity","microbiome_trait_units_per_standardized_ED_exposure",15,"estimable","reverse",TRUE,TRUE
"reverse|GCST90671431","ed_2025_eur_reverse_exposure","GCST90671431","Gut microbiome genus presence (Senegalimassilia)","taxon:senegalimassilia","primary","GCST90671431","EUR","reverse_sensitivity","microbiome_trait_units_per_standardized_ED_exposure",15,"estimable","reverse",TRUE,TRUE
"reverse|GCST90671432","ed_2025_eur_reverse_exposure","GCST90671432","Gut microbiome genus abundance (Spyradocola)","taxon:spyradocola","primary","GCST90671432","EUR","reverse_sensitivity","microbiome_trait_units_per_standardized_ED_exposure",17,"estimable","reverse",TRUE,TRUE
"reverse|GCST90671433","ed_2025_eur_reverse_exposure","GCST90671433","Gut microbiome genus presence (Stercorousia)","taxon:stercorousia","primary","GCST90671433","EUR","reverse_sensitivity","microbiome_trait_units_per_standardized_ED_exposure",15,"estimable","reverse",TRUE,TRUE
"reverse|GCST90671434","ed_2025_eur_reverse_exposure","GCST90671434","Gut microbiome genus presence (UBA10281)","taxon:uba10281","primary","GCST90671434","EUR","reverse_sensitivity","microbiome_trait_units_per_standardized_ED_exposure",15,"estimable","reverse",TRUE,TRUE
"reverse|GCST90671435","ed_2025_eur_reverse_exposure","GCST90671435","Gut microbiome genus abundance (UMGS1071)","taxon:umgs1071","primary","GCST90671435","EUR","reverse_sensitivity","microbiome_trait_units_per_standardized_ED_exposure",17,"estimable","reverse",TRUE,TRUE
"reverse|GCST90671436","ed_2025_eur_reverse_exposure","GCST90671436","Gut microbiome genus presence (Parolsenella)","taxon:parolsenella","primary","GCST90671436","EUR","reverse_sensitivity","microbiome_trait_units_per_standardized_ED_exposure",15,"estimable","reverse",TRUE,TRUE
"reverse|GCST90671437","ed_2025_eur_reverse_exposure","GCST90671437","Gut microbiome genus presence (Propionibacterium)","taxon:propionibacterium","primary","GCST90671437","EUR","reverse_sensitivity","microbiome_trait_units_per_standardized_ED_exposure",15,"estimable","reverse",TRUE,TRUE
"reverse|GCST90671438","ed_2025_eur_reverse_exposure","GCST90671438","Gut microbiome genus presence (Succiniclasticum)","taxon:succiniclasticum","primary","GCST90671438","EUR","reverse_sensitivity","microbiome_trait_units_per_standardized_ED_exposure",15,"estimable","reverse",TRUE,TRUE
"reverse|GCST90671439","ed_2025_eur_reverse_exposure","GCST90671439","Gut microbiome genus abundance (Schaedlerella)","taxon:schaedlerella","primary","GCST90671439","EUR","reverse_sensitivity","microbiome_trait_units_per_standardized_ED_exposure",17,"estimable","reverse",TRUE,TRUE
"reverse|GCST90671440","ed_2025_eur_reverse_exposure","GCST90671440","Gut microbiome genus presence (Parvimonas)","taxon:parvimonas","primary","GCST90671440","EUR","reverse_sensitivity","microbiome_trait_units_per_standardized_ED_exposure",15,"estimable","reverse",TRUE,TRUE
"reverse|GCST90671441","ed_2025_eur_reverse_exposure","GCST90671441","Gut microbiome genus presence (Scardovia)","taxon:scardovia","primary","GCST90671441","EUR","reverse_sensitivity","microbiome_trait_units_per_standardized_ED_exposure",15,"estimable","reverse",TRUE,TRUE
"reverse|GCST90671442","ed_2025_eur_reverse_exposure","GCST90671442","Gut microbiome genus abundance (UBA3402)","taxon:uba3402","primary","GCST90671442","EUR","reverse_sensitivity","microbiome_trait_units_per_standardized_ED_exposure",17,"estimable","reverse",TRUE,TRUE
"reverse|GCST90671443","ed_2025_eur_reverse_exposure","GCST90671443","Gut microbiome genus abundance (Egerieenecus)","taxon:egerieenecus","primary","GCST90671443","EUR","reverse_sensitivity","microbiome_trait_units_per_standardized_ED_exposure",17,"estimable","reverse",TRUE,TRUE
"reverse|GCST90671444","ed_2025_eur_reverse_exposure","GCST90671444","Gut microbiome genus abundance (Enterenecus)","taxon:enterenecus","primary","GCST90671444","EUR","reverse_sensitivity","microbiome_trait_units_per_standardized_ED_exposure",17,"estimable","reverse",TRUE,TRUE
"reverse|GCST90671445","ed_2025_eur_reverse_exposure","GCST90671445","Gut microbiome genus presence (UBA11452)","taxon:uba11452","primary","GCST90671445","EUR","reverse_sensitivity","microbiome_trait_units_per_standardized_ED_exposure",15,"estimable","reverse",TRUE,TRUE
"reverse|GCST90671446","ed_2025_eur_reverse_exposure","GCST90671446","Gut microbiome genus presence (Caccosoma)","taxon:caccosoma","primary","GCST90671446","EUR","reverse_sensitivity","microbiome_trait_units_per_standardized_ED_exposure",15,"estimable","reverse",TRUE,TRUE
"reverse|GCST90671447","ed_2025_eur_reverse_exposure","GCST90671447","Gut microbiome genus abundance (Choladocola)","taxon:choladocola","primary","GCST90671447","EUR","reverse_sensitivity","microbiome_trait_units_per_standardized_ED_exposure",17,"estimable","reverse",TRUE,TRUE
"reverse|GCST90671448","ed_2025_eur_reverse_exposure","GCST90671448","Gut microbiome genus presence (Cloacibacillus)","taxon:cloacibacillus","primary","GCST90671448","EUR","reverse_sensitivity","microbiome_trait_units_per_standardized_ED_exposure",15,"estimable","reverse",TRUE,TRUE
"reverse|GCST90671449","ed_2025_eur_reverse_exposure","GCST90671449","Gut microbiome genus presence (Faeciplasma)","taxon:faeciplasma","primary","GCST90671449","EUR","reverse_sensitivity","microbiome_trait_units_per_standardized_ED_exposure",15,"estimable","reverse",TRUE,TRUE
"reverse|GCST90671450","ed_2025_eur_reverse_exposure","GCST90671450","Gut microbiome genus presence (UBA11512)","taxon:uba11512","primary","GCST90671450","EUR","reverse_sensitivity","microbiome_trait_units_per_standardized_ED_exposure",15,"estimable","reverse",TRUE,TRUE
"reverse|GCST90671451","ed_2025_eur_reverse_exposure","GCST90671451","Gut microbiome genus presence (UMGS1820)","taxon:umgs1820","primary","GCST90671451","EUR","reverse_sensitivity","microbiome_trait_units_per_standardized_ED_exposure",15,"estimable","reverse",TRUE,TRUE
"reverse|GCST90671452","ed_2025_eur_reverse_exposure","GCST90671452","Gut microbiome genus presence (Victivallis)","taxon:victivallis","primary","GCST90671452","EUR","reverse_sensitivity","microbiome_trait_units_per_standardized_ED_exposure",15,"estimable","reverse",TRUE,TRUE
"reverse|GCST90671453","ed_2025_eur_reverse_exposure","GCST90671453","Gut microbiome genus presence (Fimimonas)","taxon:fimimonas","primary","GCST90671453","EUR","reverse_sensitivity","microbiome_trait_units_per_standardized_ED_exposure",15,"estimable","reverse",TRUE,TRUE
"reverse|GCST90671454","ed_2025_eur_reverse_exposure","GCST90671454","Gut microbiome genus presence (UMGS1865)","taxon:umgs1865","primary","GCST90671454","EUR","reverse_sensitivity","microbiome_trait_units_per_standardized_ED_exposure",15,"estimable","reverse",TRUE,TRUE
"reverse|GCST90671455","ed_2025_eur_reverse_exposure","GCST90671455","Gut microbiome genus abundance (UMGS856)","taxon:umgs856","primary","GCST90671455","EUR","reverse_sensitivity","microbiome_trait_units_per_standardized_ED_exposure",17,"estimable","reverse",TRUE,TRUE
"reverse|GCST90671456","ed_2025_eur_reverse_exposure","GCST90671456","Gut microbiome genus presence (Oribacterium)","taxon:oribacterium","primary","GCST90671456","EUR","reverse_sensitivity","microbiome_trait_units_per_standardized_ED_exposure",15,"estimable","reverse",TRUE,TRUE
"reverse|GCST90671457","ed_2025_eur_reverse_exposure","GCST90671457","Gut microbiome genus presence (Pediococcus)","taxon:pediococcus","primary","GCST90671457","EUR","reverse_sensitivity","microbiome_trait_units_per_standardized_ED_exposure",15,"estimable","reverse",TRUE,TRUE
"reverse|GCST90671458","ed_2025_eur_reverse_exposure","GCST90671458","Gut microbiome genus presence (QALW01)","taxon:qalw01","primary","GCST90671458","EUR","reverse_sensitivity","microbiome_trait_units_per_standardized_ED_exposure",15,"estimable","reverse",TRUE,TRUE
"reverse|GCST90671459","ed_2025_eur_reverse_exposure","GCST90671459","Gut microbiome genus abundance (Limivivens)","taxon:limivivens","primary","GCST90671459","EUR","reverse_sensitivity","microbiome_trait_units_per_standardized_ED_exposure",17,"estimable","reverse",TRUE,TRUE
"reverse|GCST90671460","ed_2025_eur_reverse_exposure","GCST90671460","Gut microbiome genus presence (UMGS1279)","taxon:umgs1279","primary","GCST90671460","EUR","reverse_sensitivity","microbiome_trait_units_per_standardized_ED_exposure",15,"estimable","reverse",TRUE,TRUE
"reverse|GCST90671461","ed_2025_eur_reverse_exposure","GCST90671461","Gut microbiome genus abundance (UMGS1975)","taxon:umgs1975","primary","GCST90671461","EUR","reverse_sensitivity","microbiome_trait_units_per_standardized_ED_exposure",17,"estimable","reverse",TRUE,TRUE
"reverse|GCST90671462","ed_2025_eur_reverse_exposure","GCST90671462","Gut microbiome genus presence (UMGS973)","taxon:umgs973","primary","GCST90671462","EUR","reverse_sensitivity","microbiome_trait_units_per_standardized_ED_exposure",15,"estimable","reverse",TRUE,TRUE
"reverse|GCST90671463","ed_2025_eur_reverse_exposure","GCST90671463","Gut microbiome genus presence (Coprobacillus)","taxon:coprobacillus","primary","GCST90671463","EUR","reverse_sensitivity","microbiome_trait_units_per_standardized_ED_exposure",15,"estimable","reverse",TRUE,TRUE
"reverse|GCST90671464","ed_2025_eur_reverse_exposure","GCST90671464","Gut microbiome genus abundance (HGM13006)","taxon:hgm13006","primary","GCST90671464","EUR","reverse_sensitivity","microbiome_trait_units_per_standardized_ED_exposure",17,"estimable","reverse",TRUE,TRUE
"reverse|GCST90671465","ed_2025_eur_reverse_exposure","GCST90671465","Gut microbiome genus abundance (Mogibacterium)","taxon:mogibacterium","primary","GCST90671465","EUR","reverse_sensitivity","microbiome_trait_units_per_standardized_ED_exposure",17,"estimable","reverse",TRUE,TRUE
"reverse|GCST90671466","ed_2025_eur_reverse_exposure","GCST90671466","Gut microbiome genus presence (HGM12669)","taxon:hgm12669","primary","GCST90671466","EUR","reverse_sensitivity","microbiome_trait_units_per_standardized_ED_exposure",15,"estimable","reverse",TRUE,TRUE
"reverse|GCST90671467","ed_2025_eur_reverse_exposure","GCST90671467","Gut microbiome genus presence (Merdivicinus)","taxon:merdivicinus","primary","GCST90671467","EUR","reverse_sensitivity","microbiome_trait_units_per_standardized_ED_exposure",15,"estimable","reverse",TRUE,TRUE
"reverse|GCST90671468","ed_2025_eur_reverse_exposure","GCST90671468","Gut microbiome genus presence (UMGS172)","taxon:umgs172","primary","GCST90671468","EUR","reverse_sensitivity","microbiome_trait_units_per_standardized_ED_exposure",15,"estimable","reverse",TRUE,TRUE
"reverse|GCST90671469","ed_2025_eur_reverse_exposure","GCST90671469","Gut microbiome genus presence (UMGS1994)","taxon:umgs1994","primary","GCST90671469","EUR","reverse_sensitivity","microbiome_trait_units_per_standardized_ED_exposure",15,"estimable","reverse",TRUE,TRUE
"reverse|GCST90671470","ed_2025_eur_reverse_exposure","GCST90671470","Gut microbiome genus presence (V9D3004)","taxon:v9d3004","primary","GCST90671470","EUR","reverse_sensitivity","microbiome_trait_units_per_standardized_ED_exposure",15,"estimable","reverse",TRUE,TRUE
"reverse|GCST90671471","ed_2025_eur_reverse_exposure","GCST90671471","Gut microbiome genus presence (Eubacterium)","taxon:eubacterium","primary","GCST90671471","EUR","reverse_sensitivity","microbiome_trait_units_per_standardized_ED_exposure",15,"estimable","reverse",TRUE,TRUE
"reverse|GCST90671472","ed_2025_eur_reverse_exposure","GCST90671472","Gut microbiome genus abundance (Intestinimonas)","taxon:intestinimonas","primary","GCST90671472","EUR","reverse_sensitivity","microbiome_trait_units_per_standardized_ED_exposure",17,"estimable","reverse",TRUE,TRUE
"reverse|GCST90671473","ed_2025_eur_reverse_exposure","GCST90671473","Gut microbiome genus presence (Longicatena)","taxon:longicatena","primary","GCST90671473","EUR","reverse_sensitivity","microbiome_trait_units_per_standardized_ED_exposure",15,"estimable","reverse",TRUE,TRUE
"reverse|GCST90671474","ed_2025_eur_reverse_exposure","GCST90671474","Gut microbiome genus abundance (Massilistercora)","taxon:massilistercora","primary","GCST90671474","EUR","reverse_sensitivity","microbiome_trait_units_per_standardized_ED_exposure",17,"estimable","reverse",TRUE,TRUE
"reverse|GCST90671475","ed_2025_eur_reverse_exposure","GCST90671475","Gut microbiome genus abundance (Scatosoma)","taxon:scatosoma","primary","GCST90671475","EUR","reverse_sensitivity","microbiome_trait_units_per_standardized_ED_exposure",17,"estimable","reverse",TRUE,TRUE
"reverse|GCST90671476","ed_2025_eur_reverse_exposure","GCST90671476","Gut microbiome genus presence (UBA4285)","taxon:uba4285","primary","GCST90671476","EUR","reverse_sensitivity","microbiome_trait_units_per_standardized_ED_exposure",15,"estimable","reverse",TRUE,TRUE
"reverse|GCST90671477","ed_2025_eur_reverse_exposure","GCST90671477","Gut microbiome genus presence (UMGS1370)","taxon:umgs1370","primary","GCST90671477","EUR","reverse_sensitivity","microbiome_trait_units_per_standardized_ED_exposure",15,"estimable","reverse",TRUE,TRUE
"reverse|GCST90671478","ed_2025_eur_reverse_exposure","GCST90671478","Gut microbiome genus presence (UMGS621)","taxon:umgs621","primary","GCST90671478","EUR","reverse_sensitivity","microbiome_trait_units_per_standardized_ED_exposure",15,"estimable","reverse",TRUE,TRUE
"reverse|GCST90671479","ed_2025_eur_reverse_exposure","GCST90671479","Gut microbiome genus presence (UMGS902)","taxon:umgs902","primary","GCST90671479","EUR","reverse_sensitivity","microbiome_trait_units_per_standardized_ED_exposure",15,"estimable","reverse",TRUE,TRUE
"reverse|GCST90671480","ed_2025_eur_reverse_exposure","GCST90671480","Gut microbiome genus presence (Allisonella)","taxon:allisonella","primary","GCST90671480","EUR","reverse_sensitivity","microbiome_trait_units_per_standardized_ED_exposure",15,"estimable","reverse",TRUE,TRUE
"reverse|GCST90671481","ed_2025_eur_reverse_exposure","GCST90671481","Gut microbiome genus abundance (Anaeromassilibacillus)","taxon:anaeromassilibacillus","primary","GCST90671481","EUR","reverse_sensitivity","microbiome_trait_units_per_standardized_ED_exposure",17,"estimable","reverse",TRUE,TRUE
"reverse|GCST90671482","ed_2025_eur_reverse_exposure","GCST90671482","Gut microbiome genus abundance (Borkfalkia)","taxon:borkfalkia","primary","GCST90671482","EUR","reverse_sensitivity","microbiome_trait_units_per_standardized_ED_exposure",17,"estimable","reverse",TRUE,TRUE
"reverse|GCST90671483","ed_2025_eur_reverse_exposure","GCST90671483","Gut microbiome genus presence (Egerieisoma)","taxon:egerieisoma","primary","GCST90671483","EUR","reverse_sensitivity","microbiome_trait_units_per_standardized_ED_exposure",15,"estimable","reverse",TRUE,TRUE
"reverse|GCST90671484","ed_2025_eur_reverse_exposure","GCST90671484","Gut microbiome genus presence (Scatenecus)","taxon:scatenecus","primary","GCST90671484","EUR","reverse_sensitivity","microbiome_trait_units_per_standardized_ED_exposure",15,"estimable","reverse",TRUE,TRUE
"reverse|GCST90671485","ed_2025_eur_reverse_exposure","GCST90671485","Gut microbiome genus presence (Fournierella)","taxon:fournierella","primary","GCST90671485","EUR","reverse_sensitivity","microbiome_trait_units_per_standardized_ED_exposure",15,"estimable","reverse",TRUE,TRUE
"reverse|GCST90671486","ed_2025_eur_reverse_exposure","GCST90671486","Gut microbiome genus presence (HGM11501)","taxon:hgm11501","primary","GCST90671486","EUR","reverse_sensitivity","microbiome_trait_units_per_standardized_ED_exposure",15,"estimable","reverse",TRUE,TRUE
"reverse|GCST90671487","ed_2025_eur_reverse_exposure","GCST90671487","Gut microbiome genus presence (HGM13222)","taxon:hgm13222","primary","GCST90671487","EUR","reverse_sensitivity","microbiome_trait_units_per_standardized_ED_exposure",15,"estimable","reverse",TRUE,TRUE
"reverse|GCST90671488","ed_2025_eur_reverse_exposure","GCST90671488","Gut microbiome genus presence (Merdimonas)","taxon:merdimonas","primary","GCST90671488","EUR","reverse_sensitivity","microbiome_trait_units_per_standardized_ED_exposure",15,"estimable","reverse",TRUE,TRUE
"reverse|GCST90671489","ed_2025_eur_reverse_exposure","GCST90671489","Gut microbiome genus presence (Pelethomonas)","taxon:pelethomonas","primary","GCST90671489","EUR","reverse_sensitivity","microbiome_trait_units_per_standardized_ED_exposure",15,"estimable","reverse",TRUE,TRUE
"reverse|GCST90671490","ed_2025_eur_reverse_exposure","GCST90671490","Gut microbiome genus abundance (Anaerotruncus)","taxon:anaerotruncus","primary","GCST90671490","EUR","reverse_sensitivity","microbiome_trait_units_per_standardized_ED_exposure",17,"estimable","reverse",TRUE,TRUE
"reverse|GCST90671491","ed_2025_eur_reverse_exposure","GCST90671491","Gut microbiome genus presence (Faecivicinus)","taxon:faecivicinus","primary","GCST90671491","EUR","reverse_sensitivity","microbiome_trait_units_per_standardized_ED_exposure",15,"estimable","reverse",TRUE,TRUE
"reverse|GCST90671492","ed_2025_eur_reverse_exposure","GCST90671492","Gut microbiome genus presence (Fimadaptatus)","taxon:fimadaptatus","primary","GCST90671492","EUR","reverse_sensitivity","microbiome_trait_units_per_standardized_ED_exposure",15,"estimable","reverse",TRUE,TRUE
"reverse|GCST90671493","ed_2025_eur_reverse_exposure","GCST90671493","Gut microbiome genus presence (Frisingicoccus)","taxon:frisingicoccus","primary","GCST90671493","EUR","reverse_sensitivity","microbiome_trait_units_per_standardized_ED_exposure",15,"estimable","reverse",TRUE,TRUE
"reverse|GCST90671494","ed_2025_eur_reverse_exposure","GCST90671494","Gut microbiome genus abundance (Leuconostoc)","taxon:leuconostoc","primary","GCST90671494","EUR","reverse_sensitivity","microbiome_trait_units_per_standardized_ED_exposure",17,"estimable","reverse",TRUE,TRUE
"reverse|GCST90671495","ed_2025_eur_reverse_exposure","GCST90671495","Gut microbiome genus presence (Massilicoli)","taxon:massilicoli","primary","GCST90671495","EUR","reverse_sensitivity","microbiome_trait_units_per_standardized_ED_exposure",15,"estimable","reverse",TRUE,TRUE
"reverse|GCST90671496","ed_2025_eur_reverse_exposure","GCST90671496","Gut microbiome genus abundance (Metalachnospira)","taxon:metalachnospira","primary","GCST90671496","EUR","reverse_sensitivity","microbiome_trait_units_per_standardized_ED_exposure",17,"estimable","reverse",TRUE,TRUE
"reverse|GCST90671497","ed_2025_eur_reverse_exposure","GCST90671497","Gut microbiome genus presence (Scatousia)","taxon:scatousia","primary","GCST90671497","EUR","reverse_sensitivity","microbiome_trait_units_per_standardized_ED_exposure",15,"estimable","reverse",TRUE,TRUE
"reverse|GCST90671498","ed_2025_eur_reverse_exposure","GCST90671498","Gut microbiome genus presence (Terrisporobacter)","taxon:terrisporobacter","primary","GCST90671498","EUR","reverse_sensitivity","microbiome_trait_units_per_standardized_ED_exposure",15,"estimable","reverse",TRUE,TRUE
"reverse|GCST90671499","ed_2025_eur_reverse_exposure","GCST90671499","Gut microbiome genus presence (UMGS1484)","taxon:umgs1484","primary","GCST90671499","EUR","reverse_sensitivity","microbiome_trait_units_per_standardized_ED_exposure",15,"estimable","reverse",TRUE,TRUE
"reverse|GCST90671500","ed_2025_eur_reverse_exposure","GCST90671500","Gut microbiome genus presence (Alectryocaccomicrobium)","taxon:alectryocaccomicrobium","primary","GCST90671500","EUR","reverse_sensitivity","microbiome_trait_units_per_standardized_ED_exposure",15,"estimable","reverse",TRUE,TRUE
"reverse|GCST90671501","ed_2025_eur_reverse_exposure","GCST90671501","Gut microbiome genus abundance (Avimicrobium)","taxon:avimicrobium","primary","GCST90671501","EUR","reverse_sensitivity","microbiome_trait_units_per_standardized_ED_exposure",17,"estimable","reverse",TRUE,TRUE
"reverse|GCST90671502","ed_2025_eur_reverse_exposure","GCST90671502","Gut microbiome genus presence (Limenecus)","taxon:limenecus","primary","GCST90671502","EUR","reverse_sensitivity","microbiome_trait_units_per_standardized_ED_exposure",15,"estimable","reverse",TRUE,TRUE
"reverse|GCST90671503","ed_2025_eur_reverse_exposure","GCST90671503","Gut microbiome genus abundance (Marvinbryantia)","taxon:marvinbryantia","primary","GCST90671503","EUR","reverse_sensitivity","microbiome_trait_units_per_standardized_ED_exposure",17,"estimable","reverse",TRUE,TRUE
"reverse|GCST90671504","ed_2025_eur_reverse_exposure","GCST90671504","Gut microbiome genus abundance (Merdisoma)","taxon:merdisoma","primary","GCST90671504","EUR","reverse_sensitivity","microbiome_trait_units_per_standardized_ED_exposure",17,"estimable","reverse",TRUE,TRUE
"reverse|GCST90671505","ed_2025_eur_reverse_exposure","GCST90671505","Gut microbiome genus presence (Monoglobus)","taxon:monoglobus","primary","GCST90671505","EUR","reverse_sensitivity","microbiome_trait_units_per_standardized_ED_exposure",15,"estimable","reverse",TRUE,TRUE
"reverse|GCST90671506","ed_2025_eur_reverse_exposure","GCST90671506","Gut microbiome genus presence (UMGS1696)","taxon:umgs1696","primary","GCST90671506","EUR","reverse_sensitivity","microbiome_trait_units_per_standardized_ED_exposure",15,"estimable","reverse",TRUE,TRUE
"reverse|GCST90671507","ed_2025_eur_reverse_exposure","GCST90671507","Gut microbiome genus presence (UMGS995)","taxon:umgs995","primary","GCST90671507","EUR","reverse_sensitivity","microbiome_trait_units_per_standardized_ED_exposure",15,"estimable","reverse",TRUE,TRUE
"reverse|GCST90671508","ed_2025_eur_reverse_exposure","GCST90671508","Gut microbiome genus abundance (Alangreenwoodia)","taxon:alangreenwoodia","primary","GCST90671508","EUR","reverse_sensitivity","microbiome_trait_units_per_standardized_ED_exposure",17,"estimable","reverse",TRUE,TRUE
"reverse|GCST90671509","ed_2025_eur_reverse_exposure","GCST90671509","Gut microbiome genus presence (Butyricicoccus)","taxon:butyricicoccus","primary","GCST90671509","EUR","reverse_sensitivity","microbiome_trait_units_per_standardized_ED_exposure",15,"estimable","reverse",TRUE,TRUE
"reverse|GCST90671510","ed_2025_eur_reverse_exposure","GCST90671510","Gut microbiome genus presence (Caccousia)","taxon:caccousia","primary","GCST90671510","EUR","reverse_sensitivity","microbiome_trait_units_per_standardized_ED_exposure",15,"estimable","reverse",TRUE,TRUE
"reverse|GCST90671511","ed_2025_eur_reverse_exposure","GCST90671511","Gut microbiome genus abundance (Choladousia)","taxon:choladousia","primary","GCST90671511","EUR","reverse_sensitivity","microbiome_trait_units_per_standardized_ED_exposure",17,"estimable","reverse",TRUE,TRUE
"reverse|GCST90671512","ed_2025_eur_reverse_exposure","GCST90671512","Gut microbiome genus abundance (Dielma)","taxon:dielma","primary","GCST90671512","EUR","reverse_sensitivity","microbiome_trait_units_per_standardized_ED_exposure",17,"estimable","reverse",TRUE,TRUE
"reverse|GCST90671513","ed_2025_eur_reverse_exposure","GCST90671513","Gut microbiome genus presence (Fimivivens)","taxon:fimivivens","primary","GCST90671513","EUR","reverse_sensitivity","microbiome_trait_units_per_standardized_ED_exposure",15,"estimable","reverse",TRUE,TRUE
"reverse|GCST90671514","ed_2025_eur_reverse_exposure","GCST90671514","Gut microbiome genus abundance (Holdemania)","taxon:holdemania","primary","GCST90671514","EUR","reverse_sensitivity","microbiome_trait_units_per_standardized_ED_exposure",17,"estimable","reverse",TRUE,TRUE
"reverse|GCST90671515","ed_2025_eur_reverse_exposure","GCST90671515","Gut microbiome genus abundance (Pseudobutyricicoccus)","taxon:pseudobutyricicoccus","primary","GCST90671515","EUR","reverse_sensitivity","microbiome_trait_units_per_standardized_ED_exposure",17,"estimable","reverse",TRUE,TRUE
"reverse|GCST90671516","ed_2025_eur_reverse_exposure","GCST90671516","Gut microbiome genus presence (UBA10677)","taxon:uba10677","primary","GCST90671516","EUR","reverse_sensitivity","microbiome_trait_units_per_standardized_ED_exposure",15,"estimable","reverse",TRUE,TRUE
"reverse|GCST90671517","ed_2025_eur_reverse_exposure","GCST90671517","Gut microbiome genus presence (UMGS1322)","taxon:umgs1322","primary","GCST90671517","EUR","reverse_sensitivity","microbiome_trait_units_per_standardized_ED_exposure",15,"estimable","reverse",TRUE,TRUE
"reverse|GCST90671518","ed_2025_eur_reverse_exposure","GCST90671518","Gut microbiome genus presence (Caccenecus)","taxon:caccenecus","primary","GCST90671518","EUR","reverse_sensitivity","microbiome_trait_units_per_standardized_ED_exposure",15,"estimable","reverse",TRUE,TRUE
"reverse|GCST90671519","ed_2025_eur_reverse_exposure","GCST90671519","Gut microbiome genus presence (HGM11507)","taxon:hgm11507","primary","GCST90671519","EUR","reverse_sensitivity","microbiome_trait_units_per_standardized_ED_exposure",15,"estimable","reverse",TRUE,TRUE
"reverse|GCST90671520","ed_2025_eur_reverse_exposure","GCST90671520","Gut microbiome genus presence (Latilactobacillus)","taxon:latilactobacillus","primary","GCST90671520","EUR","reverse_sensitivity","microbiome_trait_units_per_standardized_ED_exposure",15,"estimable","reverse",TRUE,TRUE
"reverse|GCST90671521","ed_2025_eur_reverse_exposure","GCST90671521","Gut microbiome genus abundance (Pygmaiobacter)","taxon:pygmaiobacter","primary","GCST90671521","EUR","reverse_sensitivity","microbiome_trait_units_per_standardized_ED_exposure",17,"estimable","reverse",TRUE,TRUE
"reverse|GCST90671522","ed_2025_eur_reverse_exposure","GCST90671522","Gut microbiome genus presence (Rubneribacter)","taxon:rubneribacter","primary","GCST90671522","EUR","reverse_sensitivity","microbiome_trait_units_per_standardized_ED_exposure",15,"estimable","reverse",TRUE,TRUE
"reverse|GCST90671523","ed_2025_eur_reverse_exposure","GCST90671523","Gut microbiome genus presence (Scybalosoma)","taxon:scybalosoma","primary","GCST90671523","EUR","reverse_sensitivity","microbiome_trait_units_per_standardized_ED_exposure",15,"estimable","reverse",TRUE,TRUE
"reverse|GCST90671524","ed_2025_eur_reverse_exposure","GCST90671524","Gut microbiome genus abundance (Turicibacter)","taxon:turicibacter","primary","GCST90671524","EUR","reverse_sensitivity","microbiome_trait_units_per_standardized_ED_exposure",17,"estimable","reverse",TRUE,TRUE
"reverse|GCST90671525","ed_2025_eur_reverse_exposure","GCST90671525","Gut microbiome genus abundance (UBA3818)","taxon:uba3818","primary","GCST90671525","EUR","reverse_sensitivity","microbiome_trait_units_per_standardized_ED_exposure",17,"estimable","reverse",TRUE,TRUE
"reverse|GCST90671526","ed_2025_eur_reverse_exposure","GCST90671526","Gut microbiome genus presence (UBA5905)","taxon:uba5905","primary","GCST90671526","EUR","reverse_sensitivity","microbiome_trait_units_per_standardized_ED_exposure",15,"estimable","reverse",TRUE,TRUE
"reverse|GCST90671527","ed_2025_eur_reverse_exposure","GCST90671527","Gut microbiome genus abundance (UMGS1264)","taxon:umgs1264","primary","GCST90671527","EUR","reverse_sensitivity","microbiome_trait_units_per_standardized_ED_exposure",17,"estimable","reverse",TRUE,TRUE
"reverse|GCST90671528","ed_2025_eur_reverse_exposure","GCST90671528","Gut microbiome genus presence (UMGS1663)","taxon:umgs1663","primary","GCST90671528","EUR","reverse_sensitivity","microbiome_trait_units_per_standardized_ED_exposure",15,"estimable","reverse",TRUE,TRUE
"reverse|GCST90671529","ed_2025_eur_reverse_exposure","GCST90671529","Gut microbiome genus presence (UMGS775)","taxon:umgs775","primary","GCST90671529","EUR","reverse_sensitivity","microbiome_trait_units_per_standardized_ED_exposure",15,"estimable","reverse",TRUE,TRUE
"reverse|GCST90671530","ed_2025_eur_reverse_exposure","GCST90671530","Gut microbiome genus abundance (JAGZMM01)","taxon:jagzmm01","primary","GCST90671530","EUR","reverse_sensitivity","microbiome_trait_units_per_standardized_ED_exposure",17,"estimable","reverse",TRUE,TRUE
"reverse|GCST90671531","ed_2025_eur_reverse_exposure","GCST90671531","Gut microbiome genus presence (Coproplasma)","taxon:coproplasma","primary","GCST90671531","EUR","reverse_sensitivity","microbiome_trait_units_per_standardized_ED_exposure",15,"estimable","reverse",TRUE,TRUE
"reverse|GCST90671532","ed_2025_eur_reverse_exposure","GCST90671532","Gut microbiome genus presence (Granulicatella)","taxon:granulicatella","primary","GCST90671532","EUR","reverse_sensitivity","microbiome_trait_units_per_standardized_ED_exposure",15,"estimable","reverse",TRUE,TRUE
"reverse|GCST90671533","ed_2025_eur_reverse_exposure","GCST90671533","Gut microbiome genus presence (Howiella)","taxon:howiella","primary","GCST90671533","EUR","reverse_sensitivity","microbiome_trait_units_per_standardized_ED_exposure",15,"estimable","reverse",TRUE,TRUE
"reverse|GCST90671534","ed_2025_eur_reverse_exposure","GCST90671534","Gut microbiome genus presence (Mailhella)","taxon:mailhella","primary","GCST90671534","EUR","reverse_sensitivity","microbiome_trait_units_per_standardized_ED_exposure",15,"estimable","reverse",TRUE,TRUE
"reverse|GCST90671535","ed_2025_eur_reverse_exposure","GCST90671535","Gut microbiome genus abundance (Muricomes)","taxon:muricomes","primary","GCST90671535","EUR","reverse_sensitivity","microbiome_trait_units_per_standardized_ED_exposure",17,"estimable","reverse",TRUE,TRUE
"reverse|GCST90671536","ed_2025_eur_reverse_exposure","GCST90671536","Gut microbiome genus presence (Oxalobacter)","taxon:oxalobacter","primary","GCST90671536","EUR","reverse_sensitivity","microbiome_trait_units_per_standardized_ED_exposure",15,"estimable","reverse",TRUE,TRUE
"reverse|GCST90671537","ed_2025_eur_reverse_exposure","GCST90671537","Gut microbiome genus presence (QALR01)","taxon:qalr01","primary","GCST90671537","EUR","reverse_sensitivity","microbiome_trait_units_per_standardized_ED_exposure",15,"estimable","reverse",TRUE,TRUE
"reverse|GCST90671538","ed_2025_eur_reverse_exposure","GCST90671538","Gut microbiome genus abundance (QAMM01)","taxon:qamm01","primary","GCST90671538","EUR","reverse_sensitivity","microbiome_trait_units_per_standardized_ED_exposure",17,"estimable","reverse",TRUE,TRUE
"reverse|GCST90671539","ed_2025_eur_reverse_exposure","GCST90671539","Gut microbiome genus presence (Traorella)","taxon:traorella","primary","GCST90671539","EUR","reverse_sensitivity","microbiome_trait_units_per_standardized_ED_exposure",15,"estimable","reverse",TRUE,TRUE
"reverse|GCST90671540","ed_2025_eur_reverse_exposure","GCST90671540","Gut microbiome genus presence (UBA4636)","taxon:uba4636","primary","GCST90671540","EUR","reverse_sensitivity","microbiome_trait_units_per_standardized_ED_exposure",15,"estimable","reverse",TRUE,TRUE
"reverse|GCST90671541","ed_2025_eur_reverse_exposure","GCST90671541","Gut microbiome genus abundance (UBA866)","taxon:uba866","primary","GCST90671541","EUR","reverse_sensitivity","microbiome_trait_units_per_standardized_ED_exposure",17,"estimable","reverse",TRUE,TRUE
"reverse|GCST90671542","ed_2025_eur_reverse_exposure","GCST90671542","Gut microbiome genus presence (UMGS1494)","taxon:umgs1494","primary","GCST90671542","EUR","reverse_sensitivity","microbiome_trait_units_per_standardized_ED_exposure",15,"estimable","reverse",TRUE,TRUE
"reverse|GCST90671543","ed_2025_eur_reverse_exposure","GCST90671543","Gut microbiome genus presence (UMGS1783)","taxon:umgs1783","primary","GCST90671543","EUR","reverse_sensitivity","microbiome_trait_units_per_standardized_ED_exposure",15,"estimable","reverse",TRUE,TRUE
"reverse|GCST90671544","ed_2025_eur_reverse_exposure","GCST90671544","Gut microbiome genus presence (UMGS1795)","taxon:umgs1795","primary","GCST90671544","EUR","reverse_sensitivity","microbiome_trait_units_per_standardized_ED_exposure",15,"estimable","reverse",TRUE,TRUE
"reverse|GCST90671545","ed_2025_eur_reverse_exposure","GCST90671545","Gut microbiome genus presence (UMGS882)","taxon:umgs882","primary","GCST90671545","EUR","reverse_sensitivity","microbiome_trait_units_per_standardized_ED_exposure",15,"estimable","reverse",TRUE,TRUE
"reverse|GCST90671546","ed_2025_eur_reverse_exposure","GCST90671546","Gut microbiome genus abundance (Ventrisoma)","taxon:ventrisoma","primary","GCST90671546","EUR","reverse_sensitivity","microbiome_trait_units_per_standardized_ED_exposure",17,"estimable","reverse",TRUE,TRUE
"reverse|GCST90671547","ed_2025_eur_reverse_exposure","GCST90671547","Gut microbiome genus presence (Anaerofustis)","taxon:anaerofustis","primary","GCST90671547","EUR","reverse_sensitivity","microbiome_trait_units_per_standardized_ED_exposure",15,"estimable","reverse",TRUE,TRUE
"reverse|GCST90671548","ed_2025_eur_reverse_exposure","GCST90671548","Gut microbiome genus abundance (Avispirillum)","taxon:avispirillum","primary","GCST90671548","EUR","reverse_sensitivity","microbiome_trait_units_per_standardized_ED_exposure",17,"estimable","reverse",TRUE,TRUE
"reverse|GCST90671549","ed_2025_eur_reverse_exposure","GCST90671549","Gut microbiome genus presence (Egerieimonas)","taxon:egerieimonas","primary","GCST90671549","EUR","reverse_sensitivity","microbiome_trait_units_per_standardized_ED_exposure",15,"estimable","reverse",TRUE,TRUE
"reverse|GCST90671550","ed_2025_eur_reverse_exposure","GCST90671550","Gut microbiome genus abundance (Emergencia)","taxon:emergencia","primary","GCST90671550","EUR","reverse_sensitivity","microbiome_trait_units_per_standardized_ED_exposure",17,"estimable","reverse",TRUE,TRUE
"reverse|GCST90671551","ed_2025_eur_reverse_exposure","GCST90671551","Gut microbiome genus presence (Enteroscipio)","taxon:enteroscipio","primary","GCST90671551","EUR","reverse_sensitivity","microbiome_trait_units_per_standardized_ED_exposure",15,"estimable","reverse",TRUE,TRUE
"reverse|GCST90671552","ed_2025_eur_reverse_exposure","GCST90671552","Gut microbiome genus abundance (Flemingibacterium)","taxon:flemingibacterium","primary","GCST90671552","EUR","reverse_sensitivity","microbiome_trait_units_per_standardized_ED_exposure",17,"estimable","reverse",TRUE,TRUE
"reverse|GCST90671553","ed_2025_eur_reverse_exposure","GCST90671553","Gut microbiome genus presence (Gabonibacter)","taxon:gabonibacter","primary","GCST90671553","EUR","reverse_sensitivity","microbiome_trait_units_per_standardized_ED_exposure",15,"estimable","reverse",TRUE,TRUE
"reverse|GCST90671554","ed_2025_eur_reverse_exposure","GCST90671554","Gut microbiome genus presence (Gallimonas)","taxon:gallimonas","primary","GCST90671554","EUR","reverse_sensitivity","microbiome_trait_units_per_standardized_ED_exposure",15,"estimable","reverse",TRUE,TRUE
"reverse|GCST90671555","ed_2025_eur_reverse_exposure","GCST90671555","Gut microbiome genus presence (Geddesella)","taxon:geddesella","primary","GCST90671555","EUR","reverse_sensitivity","microbiome_trait_units_per_standardized_ED_exposure",15,"estimable","reverse",TRUE,TRUE
"reverse|GCST90671556","ed_2025_eur_reverse_exposure","GCST90671556","Gut microbiome genus abundance (Gordonibacter)","taxon:gordonibacter","primary","GCST90671556","EUR","reverse_sensitivity","microbiome_trait_units_per_standardized_ED_exposure",17,"estimable","reverse",TRUE,TRUE
"reverse|GCST90671557","ed_2025_eur_reverse_exposure","GCST90671557","Gut microbiome genus presence (Harryflintia)","taxon:harryflintia","primary","GCST90671557","EUR","reverse_sensitivity","microbiome_trait_units_per_standardized_ED_exposure",15,"estimable","reverse",TRUE,TRUE
"reverse|GCST90671558","ed_2025_eur_reverse_exposure","GCST90671558","Gut microbiome genus presence (HGM11417)","taxon:hgm11417","primary","GCST90671558","EUR","reverse_sensitivity","microbiome_trait_units_per_standardized_ED_exposure",15,"estimable","reverse",TRUE,TRUE
"reverse|GCST90671559","ed_2025_eur_reverse_exposure","GCST90671559","Gut microbiome genus presence (HGM11514)","taxon:hgm11514","primary","GCST90671559","EUR","reverse_sensitivity","microbiome_trait_units_per_standardized_ED_exposure",15,"estimable","reverse",TRUE,TRUE
"reverse|GCST90671560","ed_2025_eur_reverse_exposure","GCST90671560","Gut microbiome genus abundance (Hydrogeniiclostridium)","taxon:hydrogeniiclostridium","primary","GCST90671560","EUR","reverse_sensitivity","microbiome_trait_units_per_standardized_ED_exposure",17,"estimable","reverse",TRUE,TRUE
"reverse|GCST90671561","ed_2025_eur_reverse_exposure","GCST90671561","Gut microbiome genus abundance (Massilioclostridium)","taxon:massilioclostridium","primary","GCST90671561","EUR","reverse_sensitivity","microbiome_trait_units_per_standardized_ED_exposure",17,"estimable","reverse",TRUE,TRUE
"reverse|GCST90671562","ed_2025_eur_reverse_exposure","GCST90671562","Gut microbiome genus presence (Merdiplasma)","taxon:merdiplasma","primary","GCST90671562","EUR","reverse_sensitivity","microbiome_trait_units_per_standardized_ED_exposure",15,"estimable","reverse",TRUE,TRUE
"reverse|GCST90671563","ed_2025_eur_reverse_exposure","GCST90671563","Gut microbiome genus abundance (Phocea)","taxon:phocea","primary","GCST90671563","EUR","reverse_sensitivity","microbiome_trait_units_per_standardized_ED_exposure",17,"estimable","reverse",TRUE,TRUE
"reverse|GCST90671564","ed_2025_eur_reverse_exposure","GCST90671564","Gut microbiome genus presence (Protoclostridium)","taxon:protoclostridium","primary","GCST90671564","EUR","reverse_sensitivity","microbiome_trait_units_per_standardized_ED_exposure",15,"estimable","reverse",TRUE,TRUE
"reverse|GCST90671565","ed_2025_eur_reverse_exposure","GCST90671565","Gut microbiome genus abundance (Pseudoflavonifractor)","taxon:pseudoflavonifractor","primary","GCST90671565","EUR","reverse_sensitivity","microbiome_trait_units_per_standardized_ED_exposure",17,"estimable","reverse",TRUE,TRUE
"reverse|GCST90671566","ed_2025_eur_reverse_exposure","GCST90671566","Gut microbiome genus presence (RGIG9041)","taxon:rgig9041","primary","GCST90671566","EUR","reverse_sensitivity","microbiome_trait_units_per_standardized_ED_exposure",15,"estimable","reverse",TRUE,TRUE
"reverse|GCST90671567","ed_2025_eur_reverse_exposure","GCST90671567","Gut microbiome genus presence (RUG11247)","taxon:rug11247","primary","GCST90671567","EUR","reverse_sensitivity","microbiome_trait_units_per_standardized_ED_exposure",15,"estimable","reverse",TRUE,TRUE
"reverse|GCST90671568","ed_2025_eur_reverse_exposure","GCST90671568","Gut microbiome genus abundance (Scatomonas)","taxon:scatomonas","primary","GCST90671568","EUR","reverse_sensitivity","microbiome_trait_units_per_standardized_ED_exposure",17,"estimable","reverse",TRUE,TRUE
"reverse|GCST90671569","ed_2025_eur_reverse_exposure","GCST90671569","Gut microbiome genus presence (SFJ001)","taxon:sfj001","primary","GCST90671569","EUR","reverse_sensitivity","microbiome_trait_units_per_standardized_ED_exposure",15,"estimable","reverse",TRUE,TRUE
"reverse|GCST90671570","ed_2025_eur_reverse_exposure","GCST90671570","Gut microbiome genus presence (UMGS1384)","taxon:umgs1384","primary","GCST90671570","EUR","reverse_sensitivity","microbiome_trait_units_per_standardized_ED_exposure",15,"estimable","reverse",TRUE,TRUE
"reverse|GCST90671571","ed_2025_eur_reverse_exposure","GCST90671571","Gut microbiome genus presence (UMGS1591)","taxon:umgs1591","primary","GCST90671571","EUR","reverse_sensitivity","microbiome_trait_units_per_standardized_ED_exposure",15,"estimable","reverse",TRUE,TRUE
"reverse|GCST90671572","ed_2025_eur_reverse_exposure","GCST90671572","Gut microbiome genus abundance (UMGS1766)","taxon:umgs1766","primary","GCST90671572","EUR","reverse_sensitivity","microbiome_trait_units_per_standardized_ED_exposure",17,"estimable","reverse",TRUE,TRUE
"reverse|GCST90671573","ed_2025_eur_reverse_exposure","GCST90671573","Gut microbiome genus abundance (Lentihominibacter)","taxon:lentihominibacter","primary","GCST90671573","EUR","reverse_sensitivity","microbiome_trait_units_per_standardized_ED_exposure",17,"estimable","reverse",TRUE,TRUE
"reverse|GCST90671574","ed_2025_eur_reverse_exposure","GCST90671574","Gut microbiome genus abundance (Faecimorpha)","taxon:faecimorpha","primary","GCST90671574","EUR","reverse_sensitivity","microbiome_trait_units_per_standardized_ED_exposure",17,"estimable","reverse",TRUE,TRUE
"reverse|GCST90671575","ed_2025_eur_reverse_exposure","GCST90671575","Gut microbiome genus presence (Aphodomonas)","taxon:aphodomonas","primary","GCST90671575","EUR","reverse_sensitivity","microbiome_trait_units_per_standardized_ED_exposure",15,"estimable","reverse",TRUE,TRUE
"reverse|GCST90671576","ed_2025_eur_reverse_exposure","GCST90671576","Gut microbiome genus presence (Aphodoplasma)","taxon:aphodoplasma","primary","GCST90671576","EUR","reverse_sensitivity","microbiome_trait_units_per_standardized_ED_exposure",15,"estimable","reverse",TRUE,TRUE
"reverse|GCST90671577","ed_2025_eur_reverse_exposure","GCST90671577","Gut microbiome genus presence (Avimonas)","taxon:avimonas","primary","GCST90671577","EUR","reverse_sensitivity","microbiome_trait_units_per_standardized_ED_exposure",15,"estimable","reverse",TRUE,TRUE
"reverse|GCST90671578","ed_2025_eur_reverse_exposure","GCST90671578","Gut microbiome genus abundance (Bittarella)","taxon:bittarella","primary","GCST90671578","EUR","reverse_sensitivity","microbiome_trait_units_per_standardized_ED_exposure",17,"estimable","reverse",TRUE,TRUE
"reverse|GCST90671579","ed_2025_eur_reverse_exposure","GCST90671579","Gut microbiome genus abundance (CAJFUR01)","taxon:cajfur01","primary","GCST90671579","EUR","reverse_sensitivity","microbiome_trait_units_per_standardized_ED_exposure",17,"estimable","reverse",TRUE,TRUE
"reverse|GCST90671580","ed_2025_eur_reverse_exposure","GCST90671580","Gut microbiome genus abundance (CAJJPW01)","taxon:cajjpw01","primary","GCST90671580","EUR","reverse_sensitivity","microbiome_trait_units_per_standardized_ED_exposure",17,"estimable","reverse",TRUE,TRUE
"reverse|GCST90671581","ed_2025_eur_reverse_exposure","GCST90671581","Gut microbiome genus presence (Catenibacillus)","taxon:catenibacillus","primary","GCST90671581","EUR","reverse_sensitivity","microbiome_trait_units_per_standardized_ED_exposure",15,"estimable","reverse",TRUE,TRUE
"reverse|GCST90671582","ed_2025_eur_reverse_exposure","GCST90671582","Gut microbiome genus abundance (Christensenella)","taxon:christensenella","primary","GCST90671582","EUR","reverse_sensitivity","microbiome_trait_units_per_standardized_ED_exposure",17,"estimable","reverse",TRUE,TRUE
"reverse|GCST90671583","ed_2025_eur_reverse_exposure","GCST90671583","Gut microbiome genus presence (Faecaligallichristensenella)","taxon:faecaligallichristensenella","primary","GCST90671583","EUR","reverse_sensitivity","microbiome_trait_units_per_standardized_ED_exposure",15,"estimable","reverse",TRUE,TRUE
"reverse|GCST90671584","ed_2025_eur_reverse_exposure","GCST90671584","Gut microbiome genus presence (Gallacutalibacter)","taxon:gallacutalibacter","primary","GCST90671584","EUR","reverse_sensitivity","microbiome_trait_units_per_standardized_ED_exposure",15,"estimable","reverse",TRUE,TRUE
"reverse|GCST90671585","ed_2025_eur_reverse_exposure","GCST90671585","Gut microbiome genus presence (HGM11327)","taxon:hgm11327","primary","GCST90671585","EUR","reverse_sensitivity","microbiome_trait_units_per_standardized_ED_exposure",15,"estimable","reverse",TRUE,TRUE
"reverse|GCST90671586","ed_2025_eur_reverse_exposure","GCST90671586","Gut microbiome genus abundance (HGM11616)","taxon:hgm11616","primary","GCST90671586","EUR","reverse_sensitivity","microbiome_trait_units_per_standardized_ED_exposure",17,"estimable","reverse",TRUE,TRUE
"reverse|GCST90671587","ed_2025_eur_reverse_exposure","GCST90671587","Gut microbiome genus abundance (HGM12998)","taxon:hgm12998","primary","GCST90671587","EUR","reverse_sensitivity","microbiome_trait_units_per_standardized_ED_exposure",17,"estimable","reverse",TRUE,TRUE
"reverse|GCST90671588","ed_2025_eur_reverse_exposure","GCST90671588","Gut microbiome genus presence (HGM14224)","taxon:hgm14224","primary","GCST90671588","EUR","reverse_sensitivity","microbiome_trait_units_per_standardized_ED_exposure",15,"estimable","reverse",TRUE,TRUE
"reverse|GCST90671589","ed_2025_eur_reverse_exposure","GCST90671589","Gut microbiome genus abundance (JAGTTR01)","taxon:jagttr01","primary","GCST90671589","EUR","reverse_sensitivity","microbiome_trait_units_per_standardized_ED_exposure",17,"estimable","reverse",TRUE,TRUE
"reverse|GCST90671590","ed_2025_eur_reverse_exposure","GCST90671590","Gut microbiome genus presence (Lactonifactor)","taxon:lactonifactor","primary","GCST90671590","EUR","reverse_sensitivity","microbiome_trait_units_per_standardized_ED_exposure",15,"estimable","reverse",TRUE,TRUE
"reverse|GCST90671591","ed_2025_eur_reverse_exposure","GCST90671591","Gut microbiome genus presence (Neobittarella)","taxon:neobittarella","primary","GCST90671591","EUR","reverse_sensitivity","microbiome_trait_units_per_standardized_ED_exposure",15,"estimable","reverse",TRUE,TRUE
"reverse|GCST90671592","ed_2025_eur_reverse_exposure","GCST90671592","Gut microbiome genus abundance (Parachristensenella)","taxon:parachristensenella","primary","GCST90671592","EUR","reverse_sensitivity","microbiome_trait_units_per_standardized_ED_exposure",17,"estimable","reverse",TRUE,TRUE
"reverse|GCST90671593","ed_2025_eur_reverse_exposure","GCST90671593","Gut microbiome genus presence (Paralachnospira)","taxon:paralachnospira","primary","GCST90671593","EUR","reverse_sensitivity","microbiome_trait_units_per_standardized_ED_exposure",15,"estimable","reverse",TRUE,TRUE
"reverse|GCST90671594","ed_2025_eur_reverse_exposure","GCST90671594","Gut microbiome genus abundance (Pseudoscilispira)","taxon:pseudoscilispira","primary","GCST90671594","EUR","reverse_sensitivity","microbiome_trait_units_per_standardized_ED_exposure",17,"estimable","reverse",TRUE,TRUE
"reverse|GCST90671595","ed_2025_eur_reverse_exposure","GCST90671595","Gut microbiome genus abundance (Pullichristensenella)","taxon:pullichristensenella","primary","GCST90671595","EUR","reverse_sensitivity","microbiome_trait_units_per_standardized_ED_exposure",17,"estimable","reverse",TRUE,TRUE
"reverse|GCST90671596","ed_2025_eur_reverse_exposure","GCST90671596","Gut microbiome genus abundance (QAKD01)","taxon:qakd01","primary","GCST90671596","EUR","reverse_sensitivity","microbiome_trait_units_per_standardized_ED_exposure",17,"estimable","reverse",TRUE,TRUE
"reverse|GCST90671597","ed_2025_eur_reverse_exposure","GCST90671597","Gut microbiome genus abundance (QAKW01)","taxon:qakw01","primary","GCST90671597","EUR","reverse_sensitivity","microbiome_trait_units_per_standardized_ED_exposure",17,"estimable","reverse",TRUE,TRUE
"reverse|GCST90671598","ed_2025_eur_reverse_exposure","GCST90671598","Gut microbiome genus abundance (QANA01)","taxon:qana01","primary","GCST90671598","EUR","reverse_sensitivity","microbiome_trait_units_per_standardized_ED_exposure",17,"estimable","reverse",TRUE,TRUE
"reverse|GCST90671599","ed_2025_eur_reverse_exposure","GCST90671599","Gut microbiome genus presence (RGIG4076)","taxon:rgig4076","primary","GCST90671599","EUR","reverse_sensitivity","microbiome_trait_units_per_standardized_ED_exposure",15,"estimable","reverse",TRUE,TRUE
"reverse|GCST90671600","ed_2025_eur_reverse_exposure","GCST90671600","Gut microbiome genus abundance (Solibaculum)","taxon:solibaculum","primary","GCST90671600","EUR","reverse_sensitivity","microbiome_trait_units_per_standardized_ED_exposure",17,"estimable","reverse",TRUE,TRUE
"reverse|GCST90671601","ed_2025_eur_reverse_exposure","GCST90671601","Gut microbiome genus abundance (UMGS1623)","taxon:umgs1623","primary","GCST90671601","EUR","reverse_sensitivity","microbiome_trait_units_per_standardized_ED_exposure",17,"estimable","reverse",TRUE,TRUE
"reverse|GCST90671602","ed_2025_eur_reverse_exposure","GCST90671602","Gut microbiome genus presence (UBA7185)","taxon:uba7185","primary","GCST90671602","EUR","reverse_sensitivity","microbiome_trait_units_per_standardized_ED_exposure",15,"estimable","reverse",TRUE,TRUE
"reverse|GCST90671603","ed_2025_eur_reverse_exposure","GCST90671603","Gut microbiome genus abundance (CAKTXU01)","taxon:caktxu01","primary","GCST90671603","EUR","reverse_sensitivity","microbiome_trait_units_per_standardized_ED_exposure",17,"estimable","reverse",TRUE,TRUE
"reverse|GCST90671604","ed_2025_eur_reverse_exposure","GCST90671604","Gut microbiome genus presence (Fumia)","taxon:fumia","primary","GCST90671604","EUR","reverse_sensitivity","microbiome_trait_units_per_standardized_ED_exposure",15,"estimable","reverse",TRUE,TRUE
"reverse|GCST90671605","ed_2025_eur_reverse_exposure","GCST90671605","Gut microbiome genus presence (RUG13868)","taxon:rug13868","primary","GCST90671605","EUR","reverse_sensitivity","microbiome_trait_units_per_standardized_ED_exposure",15,"estimable","reverse",TRUE,TRUE
"reverse|GCST90671606","ed_2025_eur_reverse_exposure","GCST90671606","Gut microbiome genus presence (Ructibacterium)","taxon:ructibacterium","primary","GCST90671606","EUR","reverse_sensitivity","microbiome_trait_units_per_standardized_ED_exposure",15,"estimable","reverse",TRUE,TRUE
"reverse|GCST90671607","ed_2025_eur_reverse_exposure","GCST90671607","Gut microbiome genus presence (RGIG7265)","taxon:rgig7265","primary","GCST90671607","EUR","reverse_sensitivity","microbiome_trait_units_per_standardized_ED_exposure",15,"estimable","reverse",TRUE,TRUE
"reverse|GCST90671608","ed_2025_eur_reverse_exposure","GCST90671608","Gut microbiome genus presence (CAKTAA01)","taxon:caktaa01","primary","GCST90671608","EUR","reverse_sensitivity","microbiome_trait_units_per_standardized_ED_exposure",15,"estimable","reverse",TRUE,TRUE
"reverse|GCST90671609","ed_2025_eur_reverse_exposure","GCST90671609","Gut microbiome genus abundance (Anaerotardibacter)","taxon:anaerotardibacter","primary","GCST90671609","EUR","reverse_sensitivity","microbiome_trait_units_per_standardized_ED_exposure",17,"estimable","reverse",TRUE,TRUE
"reverse|GCST90671610","ed_2025_eur_reverse_exposure","GCST90671610","Gut microbiome genus presence (Congzhengia)","taxon:congzhengia","primary","GCST90671610","EUR","reverse_sensitivity","microbiome_trait_units_per_standardized_ED_exposure",15,"estimable","reverse",TRUE,TRUE
"reverse|GCST90671611","ed_2025_eur_reverse_exposure","GCST90671611","Gut microbiome genus abundance (JAHZGC01)","taxon:jahzgc01","primary","GCST90671611","EUR","reverse_sensitivity","microbiome_trait_units_per_standardized_ED_exposure",17,"estimable","reverse",TRUE,TRUE
"reverse|GCST90671612","ed_2025_eur_reverse_exposure","GCST90671612","Gut microbiome genus presence (Wujia)","taxon:wujia","primary","GCST90671612","EUR","reverse_sensitivity","microbiome_trait_units_per_standardized_ED_exposure",15,"estimable","reverse",TRUE,TRUE
"reverse|GCST90671613","ed_2025_eur_reverse_exposure","GCST90671613","Gut microbiome genus abundance (Vescimonas)","taxon:vescimonas","primary","GCST90671613","EUR","reverse_sensitivity","microbiome_trait_units_per_standardized_ED_exposure",17,"estimable","reverse",TRUE,TRUE
"reverse|GCST90671614","ed_2025_eur_reverse_exposure","GCST90671614","Gut microbiome genus presence (Pseudoruminococcus)","taxon:pseudoruminococcus","primary","GCST90671614","EUR","reverse_sensitivity","microbiome_trait_units_per_standardized_ED_exposure",15,"estimable","reverse",TRUE,TRUE
"reverse|GCST90671615","ed_2025_eur_reverse_exposure","GCST90671615","Gut microbiome genus abundance (Hominisplanchenecus)","taxon:hominisplanchenecus","primary","GCST90671615","EUR","reverse_sensitivity","microbiome_trait_units_per_standardized_ED_exposure",17,"estimable","reverse",TRUE,TRUE
"reverse|GCST90671616","ed_2025_eur_reverse_exposure","GCST90671616","Gut microbiome genus presence (Tidjanibacter)","taxon:tidjanibacter","primary","GCST90671616","EUR","reverse_sensitivity","microbiome_trait_units_per_standardized_ED_exposure",15,"estimable","reverse",TRUE,TRUE
"reverse|GCST90671617","ed_2025_eur_reverse_exposure","GCST90671617","Gut microbiome genus abundance (Thomasclavelia)","taxon:thomasclavelia","primary","GCST90671617","EUR","reverse_sensitivity","microbiome_trait_units_per_standardized_ED_exposure",17,"estimable","reverse",TRUE,TRUE
"reverse|GCST90671618","ed_2025_eur_reverse_exposure","GCST90671618","Gut microbiome genus presence (Pararoseburia)","taxon:pararoseburia","primary","GCST90671618","EUR","reverse_sensitivity","microbiome_trait_units_per_standardized_ED_exposure",15,"estimable","reverse",TRUE,TRUE
"reverse|GCST90671619","ed_2025_eur_reverse_exposure","GCST90671619","Gut microbiome genus presence (Gallibacter)","taxon:gallibacter","primary","GCST90671619","EUR","reverse_sensitivity","microbiome_trait_units_per_standardized_ED_exposure",15,"estimable","reverse",TRUE,TRUE
"reverse|GCST90671620","ed_2025_eur_reverse_exposure","GCST90671620","Gut microbiome genus presence (UMGS1271)","taxon:umgs1271","primary","GCST90671620","EUR","reverse_sensitivity","microbiome_trait_units_per_standardized_ED_exposure",15,"estimable","reverse",TRUE,TRUE
"reverse|GCST90671621","ed_2025_eur_reverse_exposure","GCST90671621","Gut microbiome genus abundance (Massilimicrobiota)","taxon:massilimicrobiota","primary","GCST90671621","EUR","reverse_sensitivity","microbiome_trait_units_per_standardized_ED_exposure",17,"estimable","reverse",TRUE,TRUE
"reverse|GCST90671622","ed_2025_eur_reverse_exposure","GCST90671622","Gut microbiome genus presence (Novisyntrophococcus)","taxon:novisyntrophococcus","primary","GCST90671622","EUR","reverse_sensitivity","microbiome_trait_units_per_standardized_ED_exposure",15,"estimable","reverse",TRUE,TRUE
"reverse|GCST90671623","ed_2025_eur_reverse_exposure","GCST90671623","Gut microbiome genus presence (RGIG3102)","taxon:rgig3102","primary","GCST90671623","EUR","reverse_sensitivity","microbiome_trait_units_per_standardized_ED_exposure",15,"estimable","reverse",TRUE,TRUE
"reverse|GCST90671624","ed_2025_eur_reverse_exposure","GCST90671624","Gut microbiome genus abundance (Yeguia)","taxon:yeguia","primary","GCST90671624","EUR","reverse_sensitivity","microbiome_trait_units_per_standardized_ED_exposure",17,"estimable","reverse",TRUE,TRUE
"reverse|GCST90671625","ed_2025_eur_reverse_exposure","GCST90671625","Gut microbiome genus abundance (Massiliimalia)","taxon:massiliimalia","primary","GCST90671625","EUR","reverse_sensitivity","microbiome_trait_units_per_standardized_ED_exposure",17,"estimable","reverse",TRUE,TRUE
"reverse|GCST90671626","ed_2025_eur_reverse_exposure","GCST90671626","Gut microbiome genus presence (RGIG8748)","taxon:rgig8748","primary","GCST90671626","EUR","reverse_sensitivity","microbiome_trait_units_per_standardized_ED_exposure",15,"estimable","reverse",TRUE,TRUE
"reverse|GCST90671627","ed_2025_eur_reverse_exposure","GCST90671627","Gut microbiome genus abundance (Zhenpiania)","taxon:zhenpiania","primary","GCST90671627","EUR","reverse_sensitivity","microbiome_trait_units_per_standardized_ED_exposure",17,"estimable","reverse",TRUE,TRUE
"reverse|GCST90671628","ed_2025_eur_reverse_exposure","GCST90671628","Gut microbiome genus presence (JAHZIE01)","taxon:jahzie01","primary","GCST90671628","EUR","reverse_sensitivity","microbiome_trait_units_per_standardized_ED_exposure",15,"estimable","reverse",TRUE,TRUE
"reverse|GCST90671629","ed_2025_eur_reverse_exposure","GCST90671629","Gut microbiome genus presence (Ligaoa)","taxon:ligaoa","primary","GCST90671629","EUR","reverse_sensitivity","microbiome_trait_units_per_standardized_ED_exposure",15,"estimable","reverse",TRUE,TRUE
"reverse|GCST90671630","ed_2025_eur_reverse_exposure","GCST90671630","Gut microbiome genus presence (UMGS1449)","taxon:umgs1449","primary","GCST90671630","EUR","reverse_sensitivity","microbiome_trait_units_per_standardized_ED_exposure",15,"estimable","reverse",TRUE,TRUE
"reverse|GCST90671631","ed_2025_eur_reverse_exposure","GCST90671631","Gut microbiome genus abundance (Luoshenia)","taxon:luoshenia","primary","GCST90671631","EUR","reverse_sensitivity","microbiome_trait_units_per_standardized_ED_exposure",17,"estimable","reverse",TRUE,TRUE
"reverse|GCST90671632","ed_2025_eur_reverse_exposure","GCST90671632","Gut microbiome genus presence (Heritagella)","taxon:heritagella","primary","GCST90671632","EUR","reverse_sensitivity","microbiome_trait_units_per_standardized_ED_exposure",15,"estimable","reverse",TRUE,TRUE
"reverse|GCST90671633","ed_2025_eur_reverse_exposure","GCST90671633","Gut microbiome genus presence (Raoultibacter)","taxon:raoultibacter","primary","GCST90671633","EUR","reverse_sensitivity","microbiome_trait_units_per_standardized_ED_exposure",15,"estimable","reverse",TRUE,TRUE
"reverse|GCST90671634","ed_2025_eur_reverse_exposure","GCST90671634","Gut microbiome genus abundance (Pararuminococcus)","taxon:pararuminococcus","primary","GCST90671634","EUR","reverse_sensitivity","microbiome_trait_units_per_standardized_ED_exposure",17,"estimable","reverse",TRUE,TRUE
"reverse|GCST90671635","ed_2025_eur_reverse_exposure","GCST90671635","Gut microbiome genus abundance (Diplocloster)","taxon:diplocloster","primary","GCST90671635","EUR","reverse_sensitivity","microbiome_trait_units_per_standardized_ED_exposure",17,"estimable","reverse",TRUE,TRUE
"reverse|GCST90671636","ed_2025_eur_reverse_exposure","GCST90671636","Gut microbiome genus abundance (Guopingia)","taxon:guopingia","primary","GCST90671636","EUR","reverse_sensitivity","microbiome_trait_units_per_standardized_ED_exposure",17,"estimable","reverse",TRUE,TRUE
"reverse|GCST90671637","ed_2025_eur_reverse_exposure","GCST90671637","Gut microbiome genus presence (Gehongia)","taxon:gehongia","primary","GCST90671637","EUR","reverse_sensitivity","microbiome_trait_units_per_standardized_ED_exposure",15,"estimable","reverse",TRUE,TRUE
"reverse|GCST90671638","ed_2025_eur_reverse_exposure","GCST90671638","Gut microbiome genus presence (Intestinibacillus)","taxon:intestinibacillus","primary","GCST90671638","EUR","reverse_sensitivity","microbiome_trait_units_per_standardized_ED_exposure",15,"estimable","reverse",TRUE,TRUE
"reverse|GCST90671639","ed_2025_eur_reverse_exposure","GCST90671639","Gut microbiome genus abundance (RGIG7067)","taxon:rgig7067","primary","GCST90671639","EUR","reverse_sensitivity","microbiome_trait_units_per_standardized_ED_exposure",17,"estimable","reverse",TRUE,TRUE
"reverse|GCST90671640","ed_2025_eur_reverse_exposure","GCST90671640","Gut microbiome genus presence (CALXCR01)","taxon:calxcr01","primary","GCST90671640","EUR","reverse_sensitivity","microbiome_trait_units_per_standardized_ED_exposure",15,"estimable","reverse",TRUE,TRUE
"reverse|GCST90671641","ed_2025_eur_reverse_exposure","GCST90671641","Gut microbiome genus presence (HGM11386)","taxon:hgm11386","primary","GCST90671641","EUR","reverse_sensitivity","microbiome_trait_units_per_standardized_ED_exposure",15,"estimable","reverse",TRUE,TRUE
"reverse|GCST90671642","ed_2025_eur_reverse_exposure","GCST90671642","Gut microbiome genus presence (RGIG1902)","taxon:rgig1902","primary","GCST90671642","EUR","reverse_sensitivity","microbiome_trait_units_per_standardized_ED_exposure",15,"estimable","reverse",TRUE,TRUE
"reverse|GCST90671643","ed_2025_eur_reverse_exposure","GCST90671643","Gut microbiome genus presence (HGM12545)","taxon:hgm12545","primary","GCST90671643","EUR","reverse_sensitivity","microbiome_trait_units_per_standardized_ED_exposure",15,"estimable","reverse",TRUE,TRUE
"reverse|GCST90671644","ed_2025_eur_reverse_exposure","GCST90671644","Gut microbiome genus abundance (Bianquea)","taxon:bianquea","primary","GCST90671644","EUR","reverse_sensitivity","microbiome_trait_units_per_standardized_ED_exposure",17,"estimable","reverse",TRUE,TRUE
"reverse|GCST90671645","ed_2025_eur_reverse_exposure","GCST90671645","Gut microbiome genus presence (Excrementavichristensenella)","taxon:excrementavichristensenella","primary","GCST90671645","EUR","reverse_sensitivity","microbiome_trait_units_per_standardized_ED_exposure",15,"estimable","reverse",TRUE,TRUE
"reverse|GCST90671646","ed_2025_eur_reverse_exposure","GCST90671646","Gut microbiome genus presence (JAJEQR01)","taxon:jajeqr01","primary","GCST90671646","EUR","reverse_sensitivity","microbiome_trait_units_per_standardized_ED_exposure",15,"estimable","reverse",TRUE,TRUE
"reverse|GCST90671647","ed_2025_eur_reverse_exposure","GCST90671647","Gut microbiome genus presence (Feifania)","taxon:feifania","primary","GCST90671647","EUR","reverse_sensitivity","microbiome_trait_units_per_standardized_ED_exposure",15,"estimable","reverse",TRUE,TRUE
"reverse|GCST90671648","ed_2025_eur_reverse_exposure","GCST90671648","Gut microbiome genus presence (HGM11808)","taxon:hgm11808","primary","GCST90671648","EUR","reverse_sensitivity","microbiome_trait_units_per_standardized_ED_exposure",15,"estimable","reverse",TRUE,TRUE
"reverse|GCST90671649","ed_2025_eur_reverse_exposure","GCST90671649","Gut microbiome genus presence (CALWSW01)","taxon:calwsw01","primary","GCST90671649","EUR","reverse_sensitivity","microbiome_trait_units_per_standardized_ED_exposure",15,"estimable","reverse",TRUE,TRUE
"reverse|GCST90671650","ed_2025_eur_reverse_exposure","GCST90671650","Gut microbiome genus presence (Saccharomyces)","taxon:saccharomyces","primary","GCST90671650","EUR","reverse_sensitivity","microbiome_trait_units_per_standardized_ED_exposure",15,"estimable","reverse",TRUE,TRUE
"reverse|GCST90671651","ed_2025_eur_reverse_exposure","GCST90671651","Gut microbiome genus presence (Blastocystis)","taxon:blastocystis","primary","GCST90671651","EUR","reverse_sensitivity","microbiome_trait_units_per_standardized_ED_exposure",15,"estimable","reverse",TRUE,TRUE
"reverse|GCST90671652","ed_2025_eur_reverse_exposure","GCST90671652","Gut microbiome family abundance (Lachnospiraceae)","taxon:lachnospiraceae","primary","GCST90671652","EUR","reverse_sensitivity","microbiome_trait_units_per_standardized_ED_exposure",17,"estimable","reverse",TRUE,TRUE
"reverse|GCST90671653","ed_2025_eur_reverse_exposure","GCST90671653","Gut microbiome family abundance (Bifidobacteriaceae)","taxon:bifidobacteriaceae","primary","GCST90671653","EUR","reverse_sensitivity","microbiome_trait_units_per_standardized_ED_exposure",17,"estimable","reverse",TRUE,TRUE
"reverse|GCST90671654","ed_2025_eur_reverse_exposure","GCST90671654","Gut microbiome family abundance (Ruminococcaceae)","taxon:ruminococcaceae","primary","GCST90671654","EUR","reverse_sensitivity","microbiome_trait_units_per_standardized_ED_exposure",17,"estimable","reverse",TRUE,TRUE
"reverse|GCST90671655","ed_2025_eur_reverse_exposure","GCST90671655","Gut microbiome family abundance (Acutalibacteraceae)","taxon:acutalibacteraceae","primary","GCST90671655","EUR","reverse_sensitivity","microbiome_trait_units_per_standardized_ED_exposure",17,"estimable","reverse",TRUE,TRUE
"reverse|GCST90671656","ed_2025_eur_reverse_exposure","GCST90671656","Gut microbiome family abundance (Bacteroidaceae)","taxon:bacteroidaceae","primary","GCST90671656","EUR","reverse_sensitivity","microbiome_trait_units_per_standardized_ED_exposure",17,"estimable","reverse",TRUE,TRUE
"reverse|GCST90671657","ed_2025_eur_reverse_exposure","GCST90671657","Gut microbiome family abundance (Acidaminococcaceae)","taxon:acidaminococcaceae","primary","GCST90671657","EUR","reverse_sensitivity","microbiome_trait_units_per_standardized_ED_exposure",17,"estimable","reverse",TRUE,TRUE
"reverse|GCST90671658","ed_2025_eur_reverse_exposure","GCST90671658","Gut microbiome family abundance (Oscillospiraceae)","taxon:oscillospiraceae","primary","GCST90671658","EUR","reverse_sensitivity","microbiome_trait_units_per_standardized_ED_exposure",17,"estimable","reverse",TRUE,TRUE
"reverse|GCST90671659","ed_2025_eur_reverse_exposure","GCST90671659","Gut microbiome family abundance (Rikenellaceae)","taxon:rikenellaceae","primary","GCST90671659","EUR","reverse_sensitivity","microbiome_trait_units_per_standardized_ED_exposure",17,"estimable","reverse",TRUE,TRUE
"reverse|GCST90671660","ed_2025_eur_reverse_exposure","GCST90671660","Gut microbiome family abundance (Streptococcaceae)","taxon:streptococcaceae","primary","GCST90671660","EUR","reverse_sensitivity","microbiome_trait_units_per_standardized_ED_exposure",17,"estimable","reverse",TRUE,TRUE
"reverse|GCST90671661","ed_2025_eur_reverse_exposure","GCST90671661","Gut microbiome family abundance (Enterobacteriaceae)","taxon:enterobacteriaceae","primary","GCST90671661","EUR","reverse_sensitivity","microbiome_trait_units_per_standardized_ED_exposure",17,"estimable","reverse",TRUE,TRUE
"reverse|GCST90671662","ed_2025_eur_reverse_exposure","GCST90671662","Gut microbiome family presence (Methanobacteriaceae)","taxon:methanobacteriaceae","primary","GCST90671662","EUR","reverse_sensitivity","microbiome_trait_units_per_standardized_ED_exposure",15,"estimable","reverse",TRUE,TRUE
"reverse|GCST90671663","ed_2025_eur_reverse_exposure","GCST90671663","Gut microbiome family abundance (Tannerellaceae)","taxon:tannerellaceae","primary","GCST90671663","EUR","reverse_sensitivity","microbiome_trait_units_per_standardized_ED_exposure",17,"estimable","reverse",TRUE,TRUE
"reverse|GCST90671664","ed_2025_eur_reverse_exposure","GCST90671664","Gut microbiome family abundance (Coprobacillaceae)","taxon:coprobacillaceae","primary","GCST90671664","EUR","reverse_sensitivity","microbiome_trait_units_per_standardized_ED_exposure",17,"estimable","reverse",TRUE,TRUE
"reverse|GCST90671665","ed_2025_eur_reverse_exposure","GCST90671665","Gut microbiome family presence (UBA932)","taxon:uba932","primary","GCST90671665","EUR","reverse_sensitivity","microbiome_trait_units_per_standardized_ED_exposure",15,"estimable","reverse",TRUE,TRUE
"reverse|GCST90671666","ed_2025_eur_reverse_exposure","GCST90671666","Gut microbiome family abundance (UBA1381)","taxon:uba1381","primary","GCST90671666","EUR","reverse_sensitivity","microbiome_trait_units_per_standardized_ED_exposure",17,"estimable","reverse",TRUE,TRUE
"reverse|GCST90671667","ed_2025_eur_reverse_exposure","GCST90671667","Gut microbiome family abundance (Erysipelotrichaceae)","taxon:erysipelotrichaceae","primary","GCST90671667","EUR","reverse_sensitivity","microbiome_trait_units_per_standardized_ED_exposure",17,"estimable","reverse",TRUE,TRUE
"reverse|GCST90671668","ed_2025_eur_reverse_exposure","GCST90671668","Gut microbiome family abundance (Marinifilaceae)","taxon:marinifilaceae","primary","GCST90671668","EUR","reverse_sensitivity","microbiome_trait_units_per_standardized_ED_exposure",17,"estimable","reverse",TRUE,TRUE
"reverse|GCST90671669","ed_2025_eur_reverse_exposure","GCST90671669","Gut microbiome family abundance (Butyricicoccaceae)","taxon:butyricicoccaceae","primary","GCST90671669","EUR","reverse_sensitivity","microbiome_trait_units_per_standardized_ED_exposure",17,"estimable","reverse",TRUE,TRUE
"reverse|GCST90671670","ed_2025_eur_reverse_exposure","GCST90671670","Gut microbiome family abundance (Barnesiellaceae)","taxon:barnesiellaceae","primary","GCST90671670","EUR","reverse_sensitivity","microbiome_trait_units_per_standardized_ED_exposure",17,"estimable","reverse",TRUE,TRUE
"reverse|GCST90671671","ed_2025_eur_reverse_exposure","GCST90671671","Gut microbiome family abundance (Akkermansiaceae)","taxon:akkermansiaceae","primary","GCST90671671","EUR","reverse_sensitivity","microbiome_trait_units_per_standardized_ED_exposure",17,"estimable","reverse",TRUE,TRUE
"reverse|GCST90671672","ed_2025_eur_reverse_exposure","GCST90671672","Gut microbiome family abundance (Anaerotignaceae)","taxon:anaerotignaceae","primary","GCST90671672","EUR","reverse_sensitivity","microbiome_trait_units_per_standardized_ED_exposure",17,"estimable","reverse",TRUE,TRUE
"reverse|GCST90671673","ed_2025_eur_reverse_exposure","GCST90671673","Gut microbiome family abundance (UBA660)","taxon:uba660","primary","GCST90671673","EUR","reverse_sensitivity","microbiome_trait_units_per_standardized_ED_exposure",17,"estimable","reverse",TRUE,TRUE
"reverse|GCST90671674","ed_2025_eur_reverse_exposure","GCST90671674","Gut microbiome family abundance (Lactobacillaceae)","taxon:lactobacillaceae","primary","GCST90671674","EUR","reverse_sensitivity","microbiome_trait_units_per_standardized_ED_exposure",17,"estimable","reverse",TRUE,TRUE
"reverse|GCST90671675","ed_2025_eur_reverse_exposure","GCST90671675","Gut microbiome family presence (Enterococcaceae)","taxon:enterococcaceae","primary","GCST90671675","EUR","reverse_sensitivity","microbiome_trait_units_per_standardized_ED_exposure",15,"estimable","reverse",TRUE,TRUE
"reverse|GCST90671676","ed_2025_eur_reverse_exposure","GCST90671676","Gut microbiome family presence (Megasphaeraceae)","taxon:megasphaeraceae","primary","GCST90671676","EUR","reverse_sensitivity","microbiome_trait_units_per_standardized_ED_exposure",15,"estimable","reverse",TRUE,TRUE
"reverse|GCST90671677","ed_2025_eur_reverse_exposure","GCST90671677","Gut microbiome family abundance (Dialisteraceae)","taxon:dialisteraceae","primary","GCST90671677","EUR","reverse_sensitivity","microbiome_trait_units_per_standardized_ED_exposure",17,"estimable","reverse",TRUE,TRUE
"reverse|GCST90671678","ed_2025_eur_reverse_exposure","GCST90671678","Gut microbiome family presence (Campylobacteraceae)","taxon:campylobacteraceae","primary","GCST90671678","EUR","reverse_sensitivity","microbiome_trait_units_per_standardized_ED_exposure",15,"estimable","reverse",TRUE,TRUE
"reverse|GCST90671679","ed_2025_eur_reverse_exposure","GCST90671679","Gut microbiome family abundance (Eggerthellaceae)","taxon:eggerthellaceae","primary","GCST90671679","EUR","reverse_sensitivity","microbiome_trait_units_per_standardized_ED_exposure",17,"estimable","reverse",TRUE,TRUE
"reverse|GCST90671680","ed_2025_eur_reverse_exposure","GCST90671680","Gut microbiome family presence (Selenomonadaceae)","taxon:selenomonadaceae","primary","GCST90671680","EUR","reverse_sensitivity","microbiome_trait_units_per_standardized_ED_exposure",15,"estimable","reverse",TRUE,TRUE
"reverse|GCST90671681","ed_2025_eur_reverse_exposure","GCST90671681","Gut microbiome family abundance (Veillonellaceae)","taxon:veillonellaceae","primary","GCST90671681","EUR","reverse_sensitivity","microbiome_trait_units_per_standardized_ED_exposure",17,"estimable","reverse",TRUE,TRUE
"reverse|GCST90671682","ed_2025_eur_reverse_exposure","GCST90671682","Gut microbiome family presence (Porphyromonadaceae)","taxon:porphyromonadaceae","primary","GCST90671682","EUR","reverse_sensitivity","microbiome_trait_units_per_standardized_ED_exposure",15,"estimable","reverse",TRUE,TRUE
"reverse|GCST90671683","ed_2025_eur_reverse_exposure","GCST90671683","Gut microbiome family presence (Muribaculaceae)","taxon:muribaculaceae","primary","GCST90671683","EUR","reverse_sensitivity","microbiome_trait_units_per_standardized_ED_exposure",15,"estimable","reverse",TRUE,TRUE
"reverse|GCST90671684","ed_2025_eur_reverse_exposure","GCST90671684","Gut microbiome family abundance (Micrococcaceae)","taxon:micrococcaceae","primary","GCST90671684","EUR","reverse_sensitivity","microbiome_trait_units_per_standardized_ED_exposure",17,"estimable","reverse",TRUE,TRUE
"reverse|GCST90671685","ed_2025_eur_reverse_exposure","GCST90671685","Gut microbiome family presence (Mycobacteriaceae)","taxon:mycobacteriaceae","primary","GCST90671685","EUR","reverse_sensitivity","microbiome_trait_units_per_standardized_ED_exposure",15,"estimable","reverse",TRUE,TRUE
"reverse|GCST90671686","ed_2025_eur_reverse_exposure","GCST90671686","Gut microbiome family abundance (Actinomycetaceae)","taxon:actinomycetaceae","primary","GCST90671686","EUR","reverse_sensitivity","microbiome_trait_units_per_standardized_ED_exposure",17,"estimable","reverse",TRUE,TRUE
"reverse|GCST90671687","ed_2025_eur_reverse_exposure","GCST90671687","Gut microbiome family abundance (Clostridiaceae)","taxon:clostridiaceae","primary","GCST90671687","EUR","reverse_sensitivity","microbiome_trait_units_per_standardized_ED_exposure",17,"estimable","reverse",TRUE,TRUE
"reverse|GCST90671688","ed_2025_eur_reverse_exposure","GCST90671688","Gut microbiome family abundance (Atopobiaceae)","taxon:atopobiaceae","primary","GCST90671688","EUR","reverse_sensitivity","microbiome_trait_units_per_standardized_ED_exposure",17,"estimable","reverse",TRUE,TRUE
"reverse|GCST90671689","ed_2025_eur_reverse_exposure","GCST90671689","Gut microbiome family presence (Propionibacteriaceae)","taxon:propionibacteriaceae","primary","GCST90671689","EUR","reverse_sensitivity","microbiome_trait_units_per_standardized_ED_exposure",15,"estimable","reverse",TRUE,TRUE
"reverse|GCST90671690","ed_2025_eur_reverse_exposure","GCST90671690","Gut microbiome family abundance (Desulfovibrionaceae)","taxon:desulfovibrionaceae","primary","GCST90671690","EUR","reverse_sensitivity","microbiome_trait_units_per_standardized_ED_exposure",17,"estimable","reverse",TRUE,TRUE
"reverse|GCST90671691","ed_2025_eur_reverse_exposure","GCST90671691","Gut microbiome family presence (Pasteurellaceae)","taxon:pasteurellaceae","primary","GCST90671691","EUR","reverse_sensitivity","microbiome_trait_units_per_standardized_ED_exposure",15,"estimable","reverse",TRUE,TRUE
"reverse|GCST90671692","ed_2025_eur_reverse_exposure","GCST90671692","Gut microbiome family abundance (Coriobacteriaceae)","taxon:coriobacteriaceae","primary","GCST90671692","EUR","reverse_sensitivity","microbiome_trait_units_per_standardized_ED_exposure",17,"estimable","reverse",TRUE,TRUE
"reverse|GCST90671693","ed_2025_eur_reverse_exposure","GCST90671693","Gut microbiome family abundance (Peptostreptococcaceae)","taxon:peptostreptococcaceae","primary","GCST90671693","EUR","reverse_sensitivity","microbiome_trait_units_per_standardized_ED_exposure",17,"estimable","reverse",TRUE,TRUE
"reverse|GCST90671694","ed_2025_eur_reverse_exposure","GCST90671694","Gut microbiome family abundance (Anaerovoracaceae)","taxon:anaerovoracaceae","primary","GCST90671694","EUR","reverse_sensitivity","microbiome_trait_units_per_standardized_ED_exposure",17,"estimable","reverse",TRUE,TRUE
"reverse|GCST90671695","ed_2025_eur_reverse_exposure","GCST90671695","Gut microbiome family abundance (Pumilibacteraceae)","taxon:pumilibacteraceae","primary","GCST90671695","EUR","reverse_sensitivity","microbiome_trait_units_per_standardized_ED_exposure",17,"estimable","reverse",TRUE,TRUE
"reverse|GCST90671696","ed_2025_eur_reverse_exposure","GCST90671696","Gut microbiome family abundance (UBA644)","taxon:uba644","primary","GCST90671696","EUR","reverse_sensitivity","microbiome_trait_units_per_standardized_ED_exposure",17,"estimable","reverse",TRUE,TRUE
"reverse|GCST90671697","ed_2025_eur_reverse_exposure","GCST90671697","Gut microbiome family abundance (Coprobacteraceae)","taxon:coprobacteraceae","primary","GCST90671697","EUR","reverse_sensitivity","microbiome_trait_units_per_standardized_ED_exposure",17,"estimable","reverse",TRUE,TRUE
"reverse|GCST90671698","ed_2025_eur_reverse_exposure","GCST90671698","Gut microbiome family abundance (Gastranaerophilaceae)","taxon:gastranaerophilaceae","primary","GCST90671698","EUR","reverse_sensitivity","microbiome_trait_units_per_standardized_ED_exposure",17,"estimable","reverse",TRUE,TRUE
"reverse|GCST90671699","ed_2025_eur_reverse_exposure","GCST90671699","Gut microbiome family presence (Nanogingivalaceae)","taxon:nanogingivalaceae","primary","GCST90671699","EUR","reverse_sensitivity","microbiome_trait_units_per_standardized_ED_exposure",15,"estimable","reverse",TRUE,TRUE
"reverse|GCST90671700","ed_2025_eur_reverse_exposure","GCST90671700","Gut microbiome family presence (QAMH01)","taxon:qamh01","primary","GCST90671700","EUR","reverse_sensitivity","microbiome_trait_units_per_standardized_ED_exposure",15,"estimable","reverse",TRUE,TRUE
"reverse|GCST90671701","ed_2025_eur_reverse_exposure","GCST90671701","Gut microbiome family presence (Aerococcaceae)","taxon:aerococcaceae","primary","GCST90671701","EUR","reverse_sensitivity","microbiome_trait_units_per_standardized_ED_exposure",15,"estimable","reverse",TRUE,TRUE
"reverse|GCST90671702","ed_2025_eur_reverse_exposure","GCST90671702","Gut microbiome family presence (UBA1820)","taxon:uba1820","primary","GCST90671702","EUR","reverse_sensitivity","microbiome_trait_units_per_standardized_ED_exposure",15,"estimable","reverse",TRUE,TRUE
"reverse|GCST90671703","ed_2025_eur_reverse_exposure","GCST90671703","Gut microbiome family presence (UBA1829)","taxon:uba1829","primary","GCST90671703","EUR","reverse_sensitivity","microbiome_trait_units_per_standardized_ED_exposure",15,"estimable","reverse",TRUE,TRUE
"reverse|GCST90671704","ed_2025_eur_reverse_exposure","GCST90671704","Gut microbiome family abundance (QALW01)","taxon:qalw01","primary","GCST90671704","EUR","reverse_sensitivity","microbiome_trait_units_per_standardized_ED_exposure",17,"estimable","reverse",TRUE,TRUE
"reverse|GCST90671705","ed_2025_eur_reverse_exposure","GCST90671705","Gut microbiome family presence (UBA11471)","taxon:uba11471","primary","GCST90671705","EUR","reverse_sensitivity","microbiome_trait_units_per_standardized_ED_exposure",15,"estimable","reverse",TRUE,TRUE
"reverse|GCST90671706","ed_2025_eur_reverse_exposure","GCST90671706","Gut microbiome family abundance (Borkfalkiaceae)","taxon:borkfalkiaceae","primary","GCST90671706","EUR","reverse_sensitivity","microbiome_trait_units_per_standardized_ED_exposure",17,"estimable","reverse",TRUE,TRUE
"reverse|GCST90671707","ed_2025_eur_reverse_exposure","GCST90671707","Gut microbiome family abundance (UBA1750)","taxon:uba1750","primary","GCST90671707","EUR","reverse_sensitivity","microbiome_trait_units_per_standardized_ED_exposure",17,"estimable","reverse",TRUE,TRUE
"reverse|GCST90671708","ed_2025_eur_reverse_exposure","GCST90671708","Gut microbiome family presence (Peptoniphilaceae)","taxon:peptoniphilaceae","primary","GCST90671708","EUR","reverse_sensitivity","microbiome_trait_units_per_standardized_ED_exposure",15,"estimable","reverse",TRUE,TRUE
"reverse|GCST90671709","ed_2025_eur_reverse_exposure","GCST90671709","Gut microbiome family presence (Peptococcaceae)","taxon:peptococcaceae","primary","GCST90671709","EUR","reverse_sensitivity","microbiome_trait_units_per_standardized_ED_exposure",15,"estimable","reverse",TRUE,TRUE
"reverse|GCST90671710","ed_2025_eur_reverse_exposure","GCST90671710","Gut microbiome family presence (Synergistaceae)","taxon:synergistaceae","primary","GCST90671710","EUR","reverse_sensitivity","microbiome_trait_units_per_standardized_ED_exposure",15,"estimable","reverse",TRUE,TRUE
"reverse|GCST90671711","ed_2025_eur_reverse_exposure","GCST90671711","Gut microbiome family abundance (Monoglobaceae)","taxon:monoglobaceae","primary","GCST90671711","EUR","reverse_sensitivity","microbiome_trait_units_per_standardized_ED_exposure",17,"estimable","reverse",TRUE,TRUE
"reverse|GCST90671712","ed_2025_eur_reverse_exposure","GCST90671712","Gut microbiome family presence (Victivallaceae)","taxon:victivallaceae","primary","GCST90671712","EUR","reverse_sensitivity","microbiome_trait_units_per_standardized_ED_exposure",15,"estimable","reverse",TRUE,TRUE
"reverse|GCST90671713","ed_2025_eur_reverse_exposure","GCST90671713","Gut microbiome family abundance (QAND01)","taxon:qand01","primary","GCST90671713","EUR","reverse_sensitivity","microbiome_trait_units_per_standardized_ED_exposure",17,"estimable","reverse",TRUE,TRUE
"reverse|GCST90671714","ed_2025_eur_reverse_exposure","GCST90671714","Gut microbiome family presence (Eubacteriaceae)","taxon:eubacteriaceae","primary","GCST90671714","EUR","reverse_sensitivity","microbiome_trait_units_per_standardized_ED_exposure",15,"estimable","reverse",TRUE,TRUE
"reverse|GCST90671715","ed_2025_eur_reverse_exposure","GCST90671715","Gut microbiome family presence (UBA1255)","taxon:uba1255","primary","GCST90671715","EUR","reverse_sensitivity","microbiome_trait_units_per_standardized_ED_exposure",15,"estimable","reverse",TRUE,TRUE
"reverse|GCST90671716","ed_2025_eur_reverse_exposure","GCST90671716","Gut microbiome family presence (Feifaniaceae)","taxon:feifaniaceae","primary","GCST90671716","EUR","reverse_sensitivity","microbiome_trait_units_per_standardized_ED_exposure",15,"estimable","reverse",TRUE,TRUE
"reverse|GCST90671717","ed_2025_eur_reverse_exposure","GCST90671717","Gut microbiome family presence (Burkholderiaceae)","taxon:burkholderiaceae","primary","GCST90671717","EUR","reverse_sensitivity","microbiome_trait_units_per_standardized_ED_exposure",15,"estimable","reverse",TRUE,TRUE
"reverse|GCST90671718","ed_2025_eur_reverse_exposure","GCST90671718","Gut microbiome family presence (HGM11501)","taxon:hgm11501","primary","GCST90671718","EUR","reverse_sensitivity","microbiome_trait_units_per_standardized_ED_exposure",15,"estimable","reverse",TRUE,TRUE
"reverse|GCST90671719","ed_2025_eur_reverse_exposure","GCST90671719","Gut microbiome family presence (UMGS1810)","taxon:umgs1810","primary","GCST90671719","EUR","reverse_sensitivity","microbiome_trait_units_per_standardized_ED_exposure",15,"estimable","reverse",TRUE,TRUE
"reverse|GCST90671720","ed_2025_eur_reverse_exposure","GCST90671720","Gut microbiome family abundance (QAKW01)","taxon:qakw01","primary","GCST90671720","EUR","reverse_sensitivity","microbiome_trait_units_per_standardized_ED_exposure",17,"estimable","reverse",TRUE,TRUE
"reverse|GCST90671721","ed_2025_eur_reverse_exposure","GCST90671721","Gut microbiome family presence (HGM11507)","taxon:hgm11507","primary","GCST90671721","EUR","reverse_sensitivity","microbiome_trait_units_per_standardized_ED_exposure",15,"estimable","reverse",TRUE,TRUE
"reverse|GCST90671722","ed_2025_eur_reverse_exposure","GCST90671722","Gut microbiome family abundance (Christensenellaceae)","taxon:christensenellaceae","primary","GCST90671722","EUR","reverse_sensitivity","microbiome_trait_units_per_standardized_ED_exposure",17,"estimable","reverse",TRUE,TRUE
"reverse|GCST90671723","ed_2025_eur_reverse_exposure","GCST90671723","Gut microbiome family abundance (Turicibacteraceae)","taxon:turicibacteraceae","primary","GCST90671723","EUR","reverse_sensitivity","microbiome_trait_units_per_standardized_ED_exposure",17,"estimable","reverse",TRUE,TRUE
"reverse|GCST90671724","ed_2025_eur_reverse_exposure","GCST90671724","Gut microbiome family presence (UBA9506)","taxon:uba9506","primary","GCST90671724","EUR","reverse_sensitivity","microbiome_trait_units_per_standardized_ED_exposure",15,"estimable","reverse",TRUE,TRUE
"reverse|GCST90671725","ed_2025_eur_reverse_exposure","GCST90671725","Gut microbiome family presence (UMGS1783)","taxon:umgs1783","primary","GCST90671725","EUR","reverse_sensitivity","microbiome_trait_units_per_standardized_ED_exposure",15,"estimable","reverse",TRUE,TRUE
"reverse|GCST90671726","ed_2025_eur_reverse_exposure","GCST90671726","Gut microbiome family presence (Anaerofustaceae)","taxon:anaerofustaceae","primary","GCST90671726","EUR","reverse_sensitivity","microbiome_trait_units_per_standardized_ED_exposure",15,"estimable","reverse",TRUE,TRUE
"reverse|GCST90671727","ed_2025_eur_reverse_exposure","GCST90671727","Gut microbiome family presence (HGM11417)","taxon:hgm11417","primary","GCST90671727","EUR","reverse_sensitivity","microbiome_trait_units_per_standardized_ED_exposure",15,"estimable","reverse",TRUE,TRUE
"reverse|GCST90671728","ed_2025_eur_reverse_exposure","GCST90671728","Gut microbiome family presence (HGM11514)","taxon:hgm11514","primary","GCST90671728","EUR","reverse_sensitivity","microbiome_trait_units_per_standardized_ED_exposure",15,"estimable","reverse",TRUE,TRUE
"reverse|GCST90671729","ed_2025_eur_reverse_exposure","GCST90671729","Gut microbiome family presence (UMGS1384)","taxon:umgs1384","primary","GCST90671729","EUR","reverse_sensitivity","microbiome_trait_units_per_standardized_ED_exposure",15,"estimable","reverse",TRUE,TRUE
"reverse|GCST90671730","ed_2025_eur_reverse_exposure","GCST90671730","Gut microbiome family abundance (Bianqueaceae)","taxon:bianqueaceae","primary","GCST90671730","EUR","reverse_sensitivity","microbiome_trait_units_per_standardized_ED_exposure",17,"estimable","reverse",TRUE,TRUE
"reverse|GCST90671731","ed_2025_eur_reverse_exposure","GCST90671731","Gut microbiome family presence (UMGS1253)","taxon:umgs1253","primary","GCST90671731","EUR","reverse_sensitivity","microbiome_trait_units_per_standardized_ED_exposure",15,"estimable","reverse",TRUE,TRUE
"reverse|GCST90671732","ed_2025_eur_reverse_exposure","GCST90671732","Gut microbiome family presence (HGM11327)","taxon:hgm11327","primary","GCST90671732","EUR","reverse_sensitivity","microbiome_trait_units_per_standardized_ED_exposure",15,"estimable","reverse",TRUE,TRUE
"reverse|GCST90671733","ed_2025_eur_reverse_exposure","GCST90671733","Gut microbiome family presence (HGM14224)","taxon:hgm14224","primary","GCST90671733","EUR","reverse_sensitivity","microbiome_trait_units_per_standardized_ED_exposure",15,"estimable","reverse",TRUE,TRUE
"reverse|GCST90671734","ed_2025_eur_reverse_exposure","GCST90671734","Gut microbiome family abundance (UMGS416)","taxon:umgs416","primary","GCST90671734","EUR","reverse_sensitivity","microbiome_trait_units_per_standardized_ED_exposure",17,"estimable","reverse",TRUE,TRUE
"reverse|GCST90671735","ed_2025_eur_reverse_exposure","GCST90671735","Gut microbiome family abundance (UMGS124)","taxon:umgs124","primary","GCST90671735","EUR","reverse_sensitivity","microbiome_trait_units_per_standardized_ED_exposure",17,"estimable","reverse",TRUE,TRUE
"reverse|GCST90671736","ed_2025_eur_reverse_exposure","GCST90671736","Gut microbiome family presence (RGIG6154)","taxon:rgig6154","primary","GCST90671736","EUR","reverse_sensitivity","microbiome_trait_units_per_standardized_ED_exposure",15,"estimable","reverse",TRUE,TRUE
"reverse|GCST90671737","ed_2025_eur_reverse_exposure","GCST90671737","Gut microbiome family presence (CALWSW01)","taxon:calwsw01","primary","GCST90671737","EUR","reverse_sensitivity","microbiome_trait_units_per_standardized_ED_exposure",15,"estimable","reverse",TRUE,TRUE
"reverse|GCST90671738","ed_2025_eur_reverse_exposure","GCST90671738","Gut microbiome family presence (Saccharomycetaceae)","taxon:saccharomycetaceae","primary","GCST90671738","EUR","reverse_sensitivity","microbiome_trait_units_per_standardized_ED_exposure",15,"estimable","reverse",TRUE,TRUE
"reverse|GCST90671739","ed_2025_eur_reverse_exposure","GCST90671739","Gut microbiome family presence (Blastocystidae)","taxon:blastocystidae","primary","GCST90671739","EUR","reverse_sensitivity","microbiome_trait_units_per_standardized_ED_exposure",15,"estimable","reverse",TRUE,TRUE
"reverse|GCST90671740","ed_2025_eur_reverse_exposure","GCST90671740","Gut microbiome order abundance (Lachnospirales)","taxon:lachnospirales","primary","GCST90671740","EUR","reverse_sensitivity","microbiome_trait_units_per_standardized_ED_exposure",17,"estimable","reverse",TRUE,TRUE
"reverse|GCST90671741","ed_2025_eur_reverse_exposure","GCST90671741","Gut microbiome order abundance (Actinomycetales)","taxon:actinomycetales","primary","GCST90671741","EUR","reverse_sensitivity","microbiome_trait_units_per_standardized_ED_exposure",17,"estimable","reverse",TRUE,TRUE
"reverse|GCST90671742","ed_2025_eur_reverse_exposure","GCST90671742","Gut microbiome order abundance (Oscillospirales)","taxon:oscillospirales","primary","GCST90671742","EUR","reverse_sensitivity","microbiome_trait_units_per_standardized_ED_exposure",17,"estimable","reverse",TRUE,TRUE
"reverse|GCST90671743","ed_2025_eur_reverse_exposure","GCST90671743","Gut microbiome order abundance (Christensenellales)","taxon:christensenellales","primary","GCST90671743","EUR","reverse_sensitivity","microbiome_trait_units_per_standardized_ED_exposure",17,"estimable","reverse",TRUE,TRUE
"reverse|GCST90671744","ed_2025_eur_reverse_exposure","GCST90671744","Gut microbiome order abundance (Bacteroidales)","taxon:bacteroidales","primary","GCST90671744","EUR","reverse_sensitivity","microbiome_trait_units_per_standardized_ED_exposure",17,"estimable","reverse",TRUE,TRUE
"reverse|GCST90671745","ed_2025_eur_reverse_exposure","GCST90671745","Gut microbiome order abundance (Acidaminococcales)","taxon:acidaminococcales","primary","GCST90671745","EUR","reverse_sensitivity","microbiome_trait_units_per_standardized_ED_exposure",17,"estimable","reverse",TRUE,TRUE
"reverse|GCST90671746","ed_2025_eur_reverse_exposure","GCST90671746","Gut microbiome order abundance (Lactobacillales)","taxon:lactobacillales","primary","GCST90671746","EUR","reverse_sensitivity","microbiome_trait_units_per_standardized_ED_exposure",17,"estimable","reverse",TRUE,TRUE
"reverse|GCST90671747","ed_2025_eur_reverse_exposure","GCST90671747","Gut microbiome order abundance (Enterobacterales)","taxon:enterobacterales","primary","GCST90671747","EUR","reverse_sensitivity","microbiome_trait_units_per_standardized_ED_exposure",17,"estimable","reverse",TRUE,TRUE
"reverse|GCST90671748","ed_2025_eur_reverse_exposure","GCST90671748","Gut microbiome order presence (Methanobacteriales)","taxon:methanobacteriales","primary","GCST90671748","EUR","reverse_sensitivity","microbiome_trait_units_per_standardized_ED_exposure",15,"estimable","reverse",TRUE,TRUE
"reverse|GCST90671749","ed_2025_eur_reverse_exposure","GCST90671749","Gut microbiome order abundance (Erysipelotrichales)","taxon:erysipelotrichales","primary","GCST90671749","EUR","reverse_sensitivity","microbiome_trait_units_per_standardized_ED_exposure",17,"estimable","reverse",TRUE,TRUE
"reverse|GCST90671750","ed_2025_eur_reverse_exposure","GCST90671750","Gut microbiome order abundance (UBA1381)","taxon:uba1381","primary","GCST90671750","EUR","reverse_sensitivity","microbiome_trait_units_per_standardized_ED_exposure",17,"estimable","reverse",TRUE,TRUE
"reverse|GCST90671751","ed_2025_eur_reverse_exposure","GCST90671751","Gut microbiome order abundance (Burkholderiales)","taxon:burkholderiales","primary","GCST90671751","EUR","reverse_sensitivity","microbiome_trait_units_per_standardized_ED_exposure",17,"estimable","reverse",TRUE,TRUE
"reverse|GCST90671752","ed_2025_eur_reverse_exposure","GCST90671752","Gut microbiome order abundance (Verrucomicrobiales)","taxon:verrucomicrobiales","primary","GCST90671752","EUR","reverse_sensitivity","microbiome_trait_units_per_standardized_ED_exposure",17,"estimable","reverse",TRUE,TRUE
"reverse|GCST90671753","ed_2025_eur_reverse_exposure","GCST90671753","Gut microbiome order abundance (RF39)","taxon:rf39","primary","GCST90671753","EUR","reverse_sensitivity","microbiome_trait_units_per_standardized_ED_exposure",17,"estimable","reverse",TRUE,TRUE
"reverse|GCST90671754","ed_2025_eur_reverse_exposure","GCST90671754","Gut microbiome order presence (Staphylococcales)","taxon:staphylococcales","primary","GCST90671754","EUR","reverse_sensitivity","microbiome_trait_units_per_standardized_ED_exposure",15,"estimable","reverse",TRUE,TRUE
"reverse|GCST90671755","ed_2025_eur_reverse_exposure","GCST90671755","Gut microbiome order abundance (Veillonellales)","taxon:veillonellales","primary","GCST90671755","EUR","reverse_sensitivity","microbiome_trait_units_per_standardized_ED_exposure",17,"estimable","reverse",TRUE,TRUE
"reverse|GCST90671756","ed_2025_eur_reverse_exposure","GCST90671756","Gut microbiome order presence (Campylobacterales)","taxon:campylobacterales","primary","GCST90671756","EUR","reverse_sensitivity","microbiome_trait_units_per_standardized_ED_exposure",15,"estimable","reverse",TRUE,TRUE
"reverse|GCST90671757","ed_2025_eur_reverse_exposure","GCST90671757","Gut microbiome order abundance (Coriobacteriales)","taxon:coriobacteriales","primary","GCST90671757","EUR","reverse_sensitivity","microbiome_trait_units_per_standardized_ED_exposure",17,"estimable","reverse",TRUE,TRUE
"reverse|GCST90671758","ed_2025_eur_reverse_exposure","GCST90671758","Gut microbiome order presence (Selenomonadales)","taxon:selenomonadales","primary","GCST90671758","EUR","reverse_sensitivity","microbiome_trait_units_per_standardized_ED_exposure",15,"estimable","reverse",TRUE,TRUE
"reverse|GCST90671759","ed_2025_eur_reverse_exposure","GCST90671759","Gut microbiome order abundance (TANB77)","taxon:tanb77","primary","GCST90671759","EUR","reverse_sensitivity","microbiome_trait_units_per_standardized_ED_exposure",17,"estimable","reverse",TRUE,TRUE
"reverse|GCST90671760","ed_2025_eur_reverse_exposure","GCST90671760","Gut microbiome order presence (RFN20)","taxon:rfn20","primary","GCST90671760","EUR","reverse_sensitivity","microbiome_trait_units_per_standardized_ED_exposure",15,"estimable","reverse",TRUE,TRUE
"reverse|GCST90671761","ed_2025_eur_reverse_exposure","GCST90671761","Gut microbiome order presence (Mycobacteriales)","taxon:mycobacteriales","primary","GCST90671761","EUR","reverse_sensitivity","microbiome_trait_units_per_standardized_ED_exposure",15,"estimable","reverse",TRUE,TRUE
"reverse|GCST90671762","ed_2025_eur_reverse_exposure","GCST90671762","Gut microbiome order abundance (RF32)","taxon:rf32","primary","GCST90671762","EUR","reverse_sensitivity","microbiome_trait_units_per_standardized_ED_exposure",17,"estimable","reverse",TRUE,TRUE
"reverse|GCST90671763","ed_2025_eur_reverse_exposure","GCST90671763","Gut microbiome order abundance (Clostridiales)","taxon:clostridiales","primary","GCST90671763","EUR","reverse_sensitivity","microbiome_trait_units_per_standardized_ED_exposure",17,"estimable","reverse",TRUE,TRUE
"reverse|GCST90671764","ed_2025_eur_reverse_exposure","GCST90671764","Gut microbiome order presence (Propionibacteriales)","taxon:propionibacteriales","primary","GCST90671764","EUR","reverse_sensitivity","microbiome_trait_units_per_standardized_ED_exposure",15,"estimable","reverse",TRUE,TRUE
"reverse|GCST90671765","ed_2025_eur_reverse_exposure","GCST90671765","Gut microbiome order abundance (Saccharimonadales)","taxon:saccharimonadales","primary","GCST90671765","EUR","reverse_sensitivity","microbiome_trait_units_per_standardized_ED_exposure",17,"estimable","reverse",TRUE,TRUE
"reverse|GCST90671766","ed_2025_eur_reverse_exposure","GCST90671766","Gut microbiome order abundance (Desulfovibrionales)","taxon:desulfovibrionales","primary","GCST90671766","EUR","reverse_sensitivity","microbiome_trait_units_per_standardized_ED_exposure",17,"estimable","reverse",TRUE,TRUE
"reverse|GCST90671767","ed_2025_eur_reverse_exposure","GCST90671767","Gut microbiome order presence (Flavobacteriales)","taxon:flavobacteriales","primary","GCST90671767","EUR","reverse_sensitivity","microbiome_trait_units_per_standardized_ED_exposure",15,"estimable","reverse",TRUE,TRUE
"reverse|GCST90671768","ed_2025_eur_reverse_exposure","GCST90671768","Gut microbiome order abundance (Peptostreptococcales)","taxon:peptostreptococcales","primary","GCST90671768","EUR","reverse_sensitivity","microbiome_trait_units_per_standardized_ED_exposure",17,"estimable","reverse",TRUE,TRUE
"reverse|GCST90671769","ed_2025_eur_reverse_exposure","GCST90671769","Gut microbiome order presence (Opitutales)","taxon:opitutales","primary","GCST90671769","EUR","reverse_sensitivity","microbiome_trait_units_per_standardized_ED_exposure",15,"estimable","reverse",TRUE,TRUE
"reverse|GCST90671770","ed_2025_eur_reverse_exposure","GCST90671770","Gut microbiome order abundance (Gastranaerophilales)","taxon:gastranaerophilales","primary","GCST90671770","EUR","reverse_sensitivity","microbiome_trait_units_per_standardized_ED_exposure",17,"estimable","reverse",TRUE,TRUE
"reverse|GCST90671771","ed_2025_eur_reverse_exposure","GCST90671771","Gut microbiome order presence (Victivallales)","taxon:victivallales","primary","GCST90671771","EUR","reverse_sensitivity","microbiome_trait_units_per_standardized_ED_exposure",15,"estimable","reverse",TRUE,TRUE
"reverse|GCST90671772","ed_2025_eur_reverse_exposure","GCST90671772","Gut microbiome order presence (Tissierellales)","taxon:tissierellales","primary","GCST90671772","EUR","reverse_sensitivity","microbiome_trait_units_per_standardized_ED_exposure",15,"estimable","reverse",TRUE,TRUE
"reverse|GCST90671773","ed_2025_eur_reverse_exposure","GCST90671773","Gut microbiome order presence (Peptococcales)","taxon:peptococcales","primary","GCST90671773","EUR","reverse_sensitivity","microbiome_trait_units_per_standardized_ED_exposure",15,"estimable","reverse",TRUE,TRUE
"reverse|GCST90671774","ed_2025_eur_reverse_exposure","GCST90671774","Gut microbiome order presence (Synergistales)","taxon:synergistales","primary","GCST90671774","EUR","reverse_sensitivity","microbiome_trait_units_per_standardized_ED_exposure",15,"estimable","reverse",TRUE,TRUE
"reverse|GCST90671775","ed_2025_eur_reverse_exposure","GCST90671775","Gut microbiome order abundance (Monoglobales)","taxon:monoglobales","primary","GCST90671775","EUR","reverse_sensitivity","microbiome_trait_units_per_standardized_ED_exposure",17,"estimable","reverse",TRUE,TRUE
"reverse|GCST90671776","ed_2025_eur_reverse_exposure","GCST90671776","Gut microbiome order presence (Eubacteriales)","taxon:eubacteriales","primary","GCST90671776","EUR","reverse_sensitivity","microbiome_trait_units_per_standardized_ED_exposure",15,"estimable","reverse",TRUE,TRUE
"reverse|GCST90671777","ed_2025_eur_reverse_exposure","GCST90671777","Gut microbiome order presence (UMGS1883)","taxon:umgs1883","primary","GCST90671777","EUR","reverse_sensitivity","microbiome_trait_units_per_standardized_ED_exposure",15,"estimable","reverse",TRUE,TRUE
"reverse|GCST90671778","ed_2025_eur_reverse_exposure","GCST90671778","Gut microbiome order presence (UBA1212)","taxon:uba1212","primary","GCST90671778","EUR","reverse_sensitivity","microbiome_trait_units_per_standardized_ED_exposure",15,"estimable","reverse",TRUE,TRUE
"reverse|GCST90671779","ed_2025_eur_reverse_exposure","GCST90671779","Gut microbiome order presence (UMGS1810)","taxon:umgs1810","primary","GCST90671779","EUR","reverse_sensitivity","microbiome_trait_units_per_standardized_ED_exposure",15,"estimable","reverse",TRUE,TRUE
"reverse|GCST90671780","ed_2025_eur_reverse_exposure","GCST90671780","Gut microbiome order presence (UMGS1840)","taxon:umgs1840","primary","GCST90671780","EUR","reverse_sensitivity","microbiome_trait_units_per_standardized_ED_exposure",15,"estimable","reverse",TRUE,TRUE
"reverse|GCST90671781","ed_2025_eur_reverse_exposure","GCST90671781","Gut microbiome order abundance (Haloplasmatales)","taxon:haloplasmatales","primary","GCST90671781","EUR","reverse_sensitivity","microbiome_trait_units_per_standardized_ED_exposure",17,"estimable","reverse",TRUE,TRUE
"reverse|GCST90671782","ed_2025_eur_reverse_exposure","GCST90671782","Gut microbiome order presence (HGM11514)","taxon:hgm11514","primary","GCST90671782","EUR","reverse_sensitivity","microbiome_trait_units_per_standardized_ED_exposure",15,"estimable","reverse",TRUE,TRUE
"reverse|GCST90671783","ed_2025_eur_reverse_exposure","GCST90671783","Gut microbiome order presence (HGM11327)","taxon:hgm11327","primary","GCST90671783","EUR","reverse_sensitivity","microbiome_trait_units_per_standardized_ED_exposure",15,"estimable","reverse",TRUE,TRUE
"reverse|GCST90671784","ed_2025_eur_reverse_exposure","GCST90671784","Gut microbiome order presence (DTUO25)","taxon:dtuo25","primary","GCST90671784","EUR","reverse_sensitivity","microbiome_trait_units_per_standardized_ED_exposure",15,"estimable","reverse",TRUE,TRUE
"reverse|GCST90671785","ed_2025_eur_reverse_exposure","GCST90671785","Gut microbiome order presence (RGIG6154)","taxon:rgig6154","primary","GCST90671785","EUR","reverse_sensitivity","microbiome_trait_units_per_standardized_ED_exposure",15,"estimable","reverse",TRUE,TRUE
"reverse|GCST90671786","ed_2025_eur_reverse_exposure","GCST90671786","Gut microbiome order presence (Saccharomycetales)","taxon:saccharomycetales","primary","GCST90671786","EUR","reverse_sensitivity","microbiome_trait_units_per_standardized_ED_exposure",15,"estimable","reverse",TRUE,TRUE
"reverse|GCST90671787","ed_2025_eur_reverse_exposure","GCST90671787","Gut microbiome order presence (Opalinata)","taxon:opalinata","primary","GCST90671787","EUR","reverse_sensitivity","microbiome_trait_units_per_standardized_ED_exposure",15,"estimable","reverse",TRUE,TRUE
"reverse|GCST90671788","ed_2025_eur_reverse_exposure","GCST90671788","Gut microbiome class abundance (Clostridia)","taxon:clostridia","primary","GCST90671788","EUR","reverse_sensitivity","microbiome_trait_units_per_standardized_ED_exposure",17,"estimable","reverse",TRUE,TRUE
"reverse|GCST90671789","ed_2025_eur_reverse_exposure","GCST90671789","Gut microbiome class abundance (Actinomycetia)","taxon:actinomycetia","primary","GCST90671789","EUR","reverse_sensitivity","microbiome_trait_units_per_standardized_ED_exposure",17,"estimable","reverse",TRUE,TRUE
"reverse|GCST90671790","ed_2025_eur_reverse_exposure","GCST90671790","Gut microbiome class abundance (Bacteroidia)","taxon:bacteroidia","primary","GCST90671790","EUR","reverse_sensitivity","microbiome_trait_units_per_standardized_ED_exposure",17,"estimable","reverse",TRUE,TRUE
"reverse|GCST90671791","ed_2025_eur_reverse_exposure","GCST90671791","Gut microbiome class abundance (Negativicutes)","taxon:negativicutes","primary","GCST90671791","EUR","reverse_sensitivity","microbiome_trait_units_per_standardized_ED_exposure",17,"estimable","reverse",TRUE,TRUE
"reverse|GCST90671792","ed_2025_eur_reverse_exposure","GCST90671792","Gut microbiome class abundance (Bacilli)","taxon:bacilli","primary","GCST90671792","EUR","reverse_sensitivity","microbiome_trait_units_per_standardized_ED_exposure",17,"estimable","reverse",TRUE,TRUE
"reverse|GCST90671793","ed_2025_eur_reverse_exposure","GCST90671793","Gut microbiome class abundance (Gammaproteobacteria)","taxon:gammaproteobacteria","primary","GCST90671793","EUR","reverse_sensitivity","microbiome_trait_units_per_standardized_ED_exposure",17,"estimable","reverse",TRUE,TRUE
"reverse|GCST90671794","ed_2025_eur_reverse_exposure","GCST90671794","Gut microbiome class presence (Methanobacteria)","taxon:methanobacteria","primary","GCST90671794","EUR","reverse_sensitivity","microbiome_trait_units_per_standardized_ED_exposure",15,"estimable","reverse",TRUE,TRUE
"reverse|GCST90671795","ed_2025_eur_reverse_exposure","GCST90671795","Gut microbiome class abundance (Verrucomicrobiae)","taxon:verrucomicrobiae","primary","GCST90671795","EUR","reverse_sensitivity","microbiome_trait_units_per_standardized_ED_exposure",17,"estimable","reverse",TRUE,TRUE
"reverse|GCST90671796","ed_2025_eur_reverse_exposure","GCST90671796","Gut microbiome class presence (Campylobacteria)","taxon:campylobacteria","primary","GCST90671796","EUR","reverse_sensitivity","microbiome_trait_units_per_standardized_ED_exposure",15,"estimable","reverse",TRUE,TRUE
"reverse|GCST90671797","ed_2025_eur_reverse_exposure","GCST90671797","Gut microbiome class abundance (Coriobacteriia)","taxon:coriobacteriia","primary","GCST90671797","EUR","reverse_sensitivity","microbiome_trait_units_per_standardized_ED_exposure",17,"estimable","reverse",TRUE,TRUE
"reverse|GCST90671798","ed_2025_eur_reverse_exposure","GCST90671798","Gut microbiome class abundance (Alphaproteobacteria)","taxon:alphaproteobacteria","primary","GCST90671798","EUR","reverse_sensitivity","microbiome_trait_units_per_standardized_ED_exposure",17,"estimable","reverse",TRUE,TRUE
"reverse|GCST90671799","ed_2025_eur_reverse_exposure","GCST90671799","Gut microbiome class abundance (Saccharimonadia)","taxon:saccharimonadia","primary","GCST90671799","EUR","reverse_sensitivity","microbiome_trait_units_per_standardized_ED_exposure",17,"estimable","reverse",TRUE,TRUE
"reverse|GCST90671800","ed_2025_eur_reverse_exposure","GCST90671800","Gut microbiome class abundance (Desulfovibrionia)","taxon:desulfovibrionia","primary","GCST90671800","EUR","reverse_sensitivity","microbiome_trait_units_per_standardized_ED_exposure",17,"estimable","reverse",TRUE,TRUE
"reverse|GCST90671801","ed_2025_eur_reverse_exposure","GCST90671801","Gut microbiome class abundance (Vampirovibrionia)","taxon:vampirovibrionia","primary","GCST90671801","EUR","reverse_sensitivity","microbiome_trait_units_per_standardized_ED_exposure",17,"estimable","reverse",TRUE,TRUE
"reverse|GCST90671802","ed_2025_eur_reverse_exposure","GCST90671802","Gut microbiome class presence (Lentisphaeria)","taxon:lentisphaeria","primary","GCST90671802","EUR","reverse_sensitivity","microbiome_trait_units_per_standardized_ED_exposure",15,"estimable","reverse",TRUE,TRUE
"reverse|GCST90671803","ed_2025_eur_reverse_exposure","GCST90671803","Gut microbiome class presence (Peptococcia)","taxon:peptococcia","primary","GCST90671803","EUR","reverse_sensitivity","microbiome_trait_units_per_standardized_ED_exposure",15,"estimable","reverse",TRUE,TRUE
"reverse|GCST90671804","ed_2025_eur_reverse_exposure","GCST90671804","Gut microbiome class presence (Synergistia)","taxon:synergistia","primary","GCST90671804","EUR","reverse_sensitivity","microbiome_trait_units_per_standardized_ED_exposure",15,"estimable","reverse",TRUE,TRUE
"reverse|GCST90671805","ed_2025_eur_reverse_exposure","GCST90671805","Gut microbiome class presence (Dehalobacteriia)","taxon:dehalobacteriia","primary","GCST90671805","EUR","reverse_sensitivity","microbiome_trait_units_per_standardized_ED_exposure",15,"estimable","reverse",TRUE,TRUE
"reverse|GCST90671806","ed_2025_eur_reverse_exposure","GCST90671806","Gut microbiome class presence (Saccharomycetes)","taxon:saccharomycetes","primary","GCST90671806","EUR","reverse_sensitivity","microbiome_trait_units_per_standardized_ED_exposure",15,"estimable","reverse",TRUE,TRUE
"reverse|GCST90671807","ed_2025_eur_reverse_exposure","GCST90671807","Gut microbiome class presence (Bigyra)","taxon:bigyra","primary","GCST90671807","EUR","reverse_sensitivity","microbiome_trait_units_per_standardized_ED_exposure",15,"estimable","reverse",TRUE,TRUE
"reverse|GCST90671808","ed_2025_eur_reverse_exposure","GCST90671808","Gut microbiome phylum abundance (Actinomycetota)","taxon:actinomycetota","primary","GCST90671808","EUR","reverse_sensitivity","microbiome_trait_units_per_standardized_ED_exposure",17,"estimable","reverse",TRUE,TRUE
"reverse|GCST90671809","ed_2025_eur_reverse_exposure","GCST90671809","Gut microbiome phylum abundance (Bacteroidota)","taxon:bacteroidota","primary","GCST90671809","EUR","reverse_sensitivity","microbiome_trait_units_per_standardized_ED_exposure",17,"estimable","reverse",TRUE,TRUE
"reverse|GCST90671810","ed_2025_eur_reverse_exposure","GCST90671810","Gut microbiome phylum abundance (Bacillota)","taxon:bacillota","primary","GCST90671810","EUR","reverse_sensitivity","microbiome_trait_units_per_standardized_ED_exposure",17,"estimable","reverse",TRUE,TRUE
"reverse|GCST90671811","ed_2025_eur_reverse_exposure","GCST90671811","Gut microbiome phylum abundance (Pseudomonadota)","taxon:pseudomonadota","primary","GCST90671811","EUR","reverse_sensitivity","microbiome_trait_units_per_standardized_ED_exposure",17,"estimable","reverse",TRUE,TRUE
"reverse|GCST90671812","ed_2025_eur_reverse_exposure","GCST90671812","Gut microbiome phylum presence (Methanobacteriota)","taxon:methanobacteriota","primary","GCST90671812","EUR","reverse_sensitivity","microbiome_trait_units_per_standardized_ED_exposure",15,"estimable","reverse",TRUE,TRUE
"reverse|GCST90671813","ed_2025_eur_reverse_exposure","GCST90671813","Gut microbiome phylum abundance (Verrucomicrobiota)","taxon:verrucomicrobiota","primary","GCST90671813","EUR","reverse_sensitivity","microbiome_trait_units_per_standardized_ED_exposure",17,"estimable","reverse",TRUE,TRUE
"reverse|GCST90671814","ed_2025_eur_reverse_exposure","GCST90671814","Gut microbiome phylum presence (Campylobacterota)","taxon:campylobacterota","primary","GCST90671814","EUR","reverse_sensitivity","microbiome_trait_units_per_standardized_ED_exposure",15,"estimable","reverse",TRUE,TRUE
"reverse|GCST90671815","ed_2025_eur_reverse_exposure","GCST90671815","Gut microbiome phylum abundance (Patescibacteria)","taxon:patescibacteria","primary","GCST90671815","EUR","reverse_sensitivity","microbiome_trait_units_per_standardized_ED_exposure",17,"estimable","reverse",TRUE,TRUE
"reverse|GCST90671816","ed_2025_eur_reverse_exposure","GCST90671816","Gut microbiome phylum abundance (Desulfobacterota)","taxon:desulfobacterota","primary","GCST90671816","EUR","reverse_sensitivity","microbiome_trait_units_per_standardized_ED_exposure",17,"estimable","reverse",TRUE,TRUE
"reverse|GCST90671817","ed_2025_eur_reverse_exposure","GCST90671817","Gut microbiome phylum abundance (Cyanobacteriota)","taxon:cyanobacteriota","primary","GCST90671817","EUR","reverse_sensitivity","microbiome_trait_units_per_standardized_ED_exposure",17,"estimable","reverse",TRUE,TRUE
"reverse|GCST90671818","ed_2025_eur_reverse_exposure","GCST90671818","Gut microbiome phylum presence (Synergistota)","taxon:synergistota","primary","GCST90671818","EUR","reverse_sensitivity","microbiome_trait_units_per_standardized_ED_exposure",15,"estimable","reverse",TRUE,TRUE
"reverse|GCST90671819","ed_2025_eur_reverse_exposure","GCST90671819","Gut microbiome phylum presence (Ascomycota)","taxon:ascomycota","primary","GCST90671819","EUR","reverse_sensitivity","microbiome_trait_units_per_standardized_ED_exposure",15,"estimable","reverse",TRUE,TRUE
"reverse|GCST90671820","ed_2025_eur_reverse_exposure","GCST90671820","Gut microbiome superkingdom abundance (Bacteria)","taxon:bacteria","primary","GCST90671820","EUR","reverse_sensitivity","microbiome_trait_units_per_standardized_ED_exposure",17,"estimable","reverse",TRUE,TRUE
"reverse|GCST90671821","ed_2025_eur_reverse_exposure","GCST90671821","Gut microbiome superkingdom presence (Archaea)","taxon:archaea","primary","GCST90671821","EUR","reverse_sensitivity","microbiome_trait_units_per_standardized_ED_exposure",15,"estimable","reverse",TRUE,TRUE
"reverse|GCST90671822","ed_2025_eur_reverse_exposure","GCST90671822","Gut microbiome superkingdom presence (Eukaryota)","taxon:eukaryota","primary","GCST90671822","EUR","reverse_sensitivity","microbiome_trait_units_per_standardized_ED_exposure",15,"estimable","reverse",TRUE,TRUE
"reverse|GCST90671823","ed_2025_eur_reverse_exposure","GCST90671823","Gut microbiome function abundance (Arabinoxylan degradation, MF0001)","function:mf0001","primary","GCST90671823","EUR","reverse_sensitivity","microbiome_trait_units_per_standardized_ED_exposure",17,"estimable","reverse",TRUE,TRUE
"reverse|GCST90671824","ed_2025_eur_reverse_exposure","GCST90671824","Gut microbiome function abundance (Fructan degradation, MF0002)","function:mf0002","primary","GCST90671824","EUR","reverse_sensitivity","microbiome_trait_units_per_standardized_ED_exposure",17,"estimable","reverse",TRUE,TRUE
"reverse|GCST90671825","ed_2025_eur_reverse_exposure","GCST90671825","Gut microbiome function abundance (Pectin degradation I, MF0003)","function:mf0003","primary","GCST90671825","EUR","reverse_sensitivity","microbiome_trait_units_per_standardized_ED_exposure",17,"estimable","reverse",TRUE,TRUE
"reverse|GCST90671826","ed_2025_eur_reverse_exposure","GCST90671826","Gut microbiome function abundance (Pectine degradation II, MF0004)","function:mf0004","primary","GCST90671826","EUR","reverse_sensitivity","microbiome_trait_units_per_standardized_ED_exposure",17,"estimable","reverse",TRUE,TRUE
"reverse|GCST90671827","ed_2025_eur_reverse_exposure","GCST90671827","Gut microbiome function abundance (Starch degradation, MF0005)","function:mf0005","primary","GCST90671827","EUR","reverse_sensitivity","microbiome_trait_units_per_standardized_ED_exposure",17,"estimable","reverse",TRUE,TRUE
"reverse|GCST90671828","ed_2025_eur_reverse_exposure","GCST90671828","Gut microbiome function abundance (Lactose degradation, MF0006)","function:mf0006","primary","GCST90671828","EUR","reverse_sensitivity","microbiome_trait_units_per_standardized_ED_exposure",17,"estimable","reverse",TRUE,TRUE
"reverse|GCST90671829","ed_2025_eur_reverse_exposure","GCST90671829","Gut microbiome function abundance (Lactose and galactose degradation, MF0007)","function:mf0007","primary","GCST90671829","EUR","reverse_sensitivity","microbiome_trait_units_per_standardized_ED_exposure",17,"estimable","reverse",TRUE,TRUE
"reverse|GCST90671830","ed_2025_eur_reverse_exposure","GCST90671830","Gut microbiome function abundance (Maltose degradation, MF0008)","function:mf0008","primary","GCST90671830","EUR","reverse_sensitivity","microbiome_trait_units_per_standardized_ED_exposure",17,"estimable","reverse",TRUE,TRUE
"reverse|GCST90671831","ed_2025_eur_reverse_exposure","GCST90671831","Gut microbiome function abundance (Melibiose degradation, MF0009)","function:mf0009","primary","GCST90671831","EUR","reverse_sensitivity","microbiome_trait_units_per_standardized_ED_exposure",17,"estimable","reverse",TRUE,TRUE
"reverse|GCST90671832","ed_2025_eur_reverse_exposure","GCST90671832","Gut microbiome function abundance (Sucrose degradation I, MF0010)","function:mf0010","primary","GCST90671832","EUR","reverse_sensitivity","microbiome_trait_units_per_standardized_ED_exposure",17,"estimable","reverse",TRUE,TRUE
"reverse|GCST90671833","ed_2025_eur_reverse_exposure","GCST90671833","Gut microbiome function abundance (Sucrose degradation II, MF0011)","function:mf0011","primary","GCST90671833","EUR","reverse_sensitivity","microbiome_trait_units_per_standardized_ED_exposure",17,"estimable","reverse",TRUE,TRUE
"reverse|GCST90671834","ed_2025_eur_reverse_exposure","GCST90671834","Gut microbiome function abundance (Trehalose degradation, MF0012)","function:mf0012","primary","GCST90671834","EUR","reverse_sensitivity","microbiome_trait_units_per_standardized_ED_exposure",17,"estimable","reverse",TRUE,TRUE
"reverse|GCST90671835","ed_2025_eur_reverse_exposure","GCST90671835","Gut microbiome function abundance (Allose degradation, MF0013)","function:mf0013","primary","GCST90671835","EUR","reverse_sensitivity","microbiome_trait_units_per_standardized_ED_exposure",17,"estimable","reverse",TRUE,TRUE
"reverse|GCST90671836","ed_2025_eur_reverse_exposure","GCST90671836","Gut microbiome function abundance (Arabinose degradation, MF0014)","function:mf0014","primary","GCST90671836","EUR","reverse_sensitivity","microbiome_trait_units_per_standardized_ED_exposure",17,"estimable","reverse",TRUE,TRUE
"reverse|GCST90671837","ed_2025_eur_reverse_exposure","GCST90671837","Gut microbiome function abundance (Fructose degradation, MF0015)","function:mf0015","primary","GCST90671837","EUR","reverse_sensitivity","microbiome_trait_units_per_standardized_ED_exposure",17,"estimable","reverse",TRUE,TRUE
"reverse|GCST90671838","ed_2025_eur_reverse_exposure","GCST90671838","Gut microbiome function abundance (Fucose degradation, MF0016)","function:mf0016","primary","GCST90671838","EUR","reverse_sensitivity","microbiome_trait_units_per_standardized_ED_exposure",17,"estimable","reverse",TRUE,TRUE
"reverse|GCST90671839","ed_2025_eur_reverse_exposure","GCST90671839","Gut microbiome function abundance (Galactose degradation, MF0017)","function:mf0017","primary","GCST90671839","EUR","reverse_sensitivity","microbiome_trait_units_per_standardized_ED_exposure",17,"estimable","reverse",TRUE,TRUE
"reverse|GCST90671840","ed_2025_eur_reverse_exposure","GCST90671840","Gut microbiome function abundance (Mannose degradation, MF0018)","function:mf0018","primary","GCST90671840","EUR","reverse_sensitivity","microbiome_trait_units_per_standardized_ED_exposure",17,"estimable","reverse",TRUE,TRUE
"reverse|GCST90671841","ed_2025_eur_reverse_exposure","GCST90671841","Gut microbiome function abundance (Rhamnose degradation, MF0019)","function:mf0019","primary","GCST90671841","EUR","reverse_sensitivity","microbiome_trait_units_per_standardized_ED_exposure",17,"estimable","reverse",TRUE,TRUE
"reverse|GCST90671842","ed_2025_eur_reverse_exposure","GCST90671842","Gut microbiome function abundance (Ribose degradation, MF0020)","function:mf0020","primary","GCST90671842","EUR","reverse_sensitivity","microbiome_trait_units_per_standardized_ED_exposure",17,"estimable","reverse",TRUE,TRUE
"reverse|GCST90671843","ed_2025_eur_reverse_exposure","GCST90671843","Gut microbiome function abundance (Xylose degradation, MF0021)","function:mf0021","primary","GCST90671843","EUR","reverse_sensitivity","microbiome_trait_units_per_standardized_ED_exposure",17,"estimable","reverse",TRUE,TRUE
"reverse|GCST90671844","ed_2025_eur_reverse_exposure","GCST90671844","Gut microbiome function abundance (Galacturonate degradation I, MF0022)","function:mf0022","primary","GCST90671844","EUR","reverse_sensitivity","microbiome_trait_units_per_standardized_ED_exposure",17,"estimable","reverse",TRUE,TRUE
"reverse|GCST90671845","ed_2025_eur_reverse_exposure","GCST90671845","Gut microbiome function abundance (Tryptophan degradation, MF0025)","function:mf0025","primary","GCST90671845","EUR","reverse_sensitivity","microbiome_trait_units_per_standardized_ED_exposure",17,"estimable","reverse",TRUE,TRUE
"reverse|GCST90671846","ed_2025_eur_reverse_exposure","GCST90671846","Gut microbiome function abundance (Tyrosine degradation I, MF0026)","function:mf0026","primary","GCST90671846","EUR","reverse_sensitivity","microbiome_trait_units_per_standardized_ED_exposure",17,"estimable","reverse",TRUE,TRUE
"reverse|GCST90671847","ed_2025_eur_reverse_exposure","GCST90671847","Gut microbiome function abundance (Tyrosine degradation II, MF0027)","function:mf0027","primary","GCST90671847","EUR","reverse_sensitivity","microbiome_trait_units_per_standardized_ED_exposure",17,"estimable","reverse",TRUE,TRUE
"reverse|GCST90671848","ed_2025_eur_reverse_exposure","GCST90671848","Gut microbiome function abundance (Aspartate degradation I, MF0028)","function:mf0028","primary","GCST90671848","EUR","reverse_sensitivity","microbiome_trait_units_per_standardized_ED_exposure",17,"estimable","reverse",TRUE,TRUE
"reverse|GCST90671849","ed_2025_eur_reverse_exposure","GCST90671849","Gut microbiome function abundance (Aspartate degradation II, MF0029)","function:mf0029","primary","GCST90671849","EUR","reverse_sensitivity","microbiome_trait_units_per_standardized_ED_exposure",17,"estimable","reverse",TRUE,TRUE
"reverse|GCST90671850","ed_2025_eur_reverse_exposure","GCST90671850","Gut microbiome function abundance (Glutamate degradation I, MF0030)","function:mf0030","primary","GCST90671850","EUR","reverse_sensitivity","microbiome_trait_units_per_standardized_ED_exposure",17,"estimable","reverse",TRUE,TRUE
"reverse|GCST90671851","ed_2025_eur_reverse_exposure","GCST90671851","Gut microbiome function abundance (Glutamate degradation II, MF0031)","function:mf0031","primary","GCST90671851","EUR","reverse_sensitivity","microbiome_trait_units_per_standardized_ED_exposure",17,"estimable","reverse",TRUE,TRUE
"reverse|GCST90671852","ed_2025_eur_reverse_exposure","GCST90671852","Gut microbiome function abundance (Glutamate degradation III, MF0032)","function:mf0032","primary","GCST90671852","EUR","reverse_sensitivity","microbiome_trait_units_per_standardized_ED_exposure",17,"estimable","reverse",TRUE,TRUE
"reverse|GCST90671853","ed_2025_eur_reverse_exposure","GCST90671853","Gut microbiome function abundance (Alanine degradation I, MF0033)","function:mf0033","primary","GCST90671853","EUR","reverse_sensitivity","microbiome_trait_units_per_standardized_ED_exposure",17,"estimable","reverse",TRUE,TRUE
"reverse|GCST90671854","ed_2025_eur_reverse_exposure","GCST90671854","Gut microbiome function abundance (Alanine degradation II, MF0034)","function:mf0034","primary","GCST90671854","EUR","reverse_sensitivity","microbiome_trait_units_per_standardized_ED_exposure",17,"estimable","reverse",TRUE,TRUE
"reverse|GCST90671855","ed_2025_eur_reverse_exposure","GCST90671855","Gut microbiome function abundance (Glycine degradation, MF0035)","function:mf0035","primary","GCST90671855","EUR","reverse_sensitivity","microbiome_trait_units_per_standardized_ED_exposure",17,"estimable","reverse",TRUE,TRUE
"reverse|GCST90671856","ed_2025_eur_reverse_exposure","GCST90671856","Gut microbiome function abundance (Isoleucine degradation, MF0036)","function:mf0036","primary","GCST90671856","EUR","reverse_sensitivity","microbiome_trait_units_per_standardized_ED_exposure",17,"estimable","reverse",TRUE,TRUE
"reverse|GCST90671857","ed_2025_eur_reverse_exposure","GCST90671857","Gut microbiome function abundance (Methionine degradation I, MF0038)","function:mf0038","primary","GCST90671857","EUR","reverse_sensitivity","microbiome_trait_units_per_standardized_ED_exposure",17,"estimable","reverse",TRUE,TRUE
"reverse|GCST90671858","ed_2025_eur_reverse_exposure","GCST90671858","Gut microbiome function abundance (Methionine degradation II, MF0039)","function:mf0039","primary","GCST90671858","EUR","reverse_sensitivity","microbiome_trait_units_per_standardized_ED_exposure",17,"estimable","reverse",TRUE,TRUE
"reverse|GCST90671859","ed_2025_eur_reverse_exposure","GCST90671859","Gut microbiome function abundance (Proline degradation, MF0040)","function:mf0040","primary","GCST90671859","EUR","reverse_sensitivity","microbiome_trait_units_per_standardized_ED_exposure",17,"estimable","reverse",TRUE,TRUE
"reverse|GCST90671860","ed_2025_eur_reverse_exposure","GCST90671860","Gut microbiome function abundance (Valine degradation I, MF0041)","function:mf0041","primary","GCST90671860","EUR","reverse_sensitivity","microbiome_trait_units_per_standardized_ED_exposure",17,"estimable","reverse",TRUE,TRUE
"reverse|GCST90671861","ed_2025_eur_reverse_exposure","GCST90671861","Gut microbiome function abundance (Asparagine degradation, MF0042)","function:mf0042","primary","GCST90671861","EUR","reverse_sensitivity","microbiome_trait_units_per_standardized_ED_exposure",17,"estimable","reverse",TRUE,TRUE
"reverse|GCST90671862","ed_2025_eur_reverse_exposure","GCST90671862","Gut microbiome function abundance (Cysteine degradation I, MF0044)","function:mf0044","primary","GCST90671862","EUR","reverse_sensitivity","microbiome_trait_units_per_standardized_ED_exposure",17,"estimable","reverse",TRUE,TRUE
"reverse|GCST90671863","ed_2025_eur_reverse_exposure","GCST90671863","Gut microbiome function abundance (Cysteine degradation II, MF0045)","function:mf0045","primary","GCST90671863","EUR","reverse_sensitivity","microbiome_trait_units_per_standardized_ED_exposure",17,"estimable","reverse",TRUE,TRUE
"reverse|GCST90671864","ed_2025_eur_reverse_exposure","GCST90671864","Gut microbiome function abundance (Glutamine degradation I, MF0046)","function:mf0046","primary","GCST90671864","EUR","reverse_sensitivity","microbiome_trait_units_per_standardized_ED_exposure",17,"estimable","reverse",TRUE,TRUE
"reverse|GCST90671865","ed_2025_eur_reverse_exposure","GCST90671865","Gut microbiome function abundance (Glutamine degradation II, MF0047)","function:mf0047","primary","GCST90671865","EUR","reverse_sensitivity","microbiome_trait_units_per_standardized_ED_exposure",17,"estimable","reverse",TRUE,TRUE
"reverse|GCST90671866","ed_2025_eur_reverse_exposure","GCST90671866","Gut microbiome function abundance (Serine degradation, MF0048)","function:mf0048","primary","GCST90671866","EUR","reverse_sensitivity","microbiome_trait_units_per_standardized_ED_exposure",17,"estimable","reverse",TRUE,TRUE
"reverse|GCST90671867","ed_2025_eur_reverse_exposure","GCST90671867","Gut microbiome function abundance (Threonine degradation I, MF0049)","function:mf0049","primary","GCST90671867","EUR","reverse_sensitivity","microbiome_trait_units_per_standardized_ED_exposure",17,"estimable","reverse",TRUE,TRUE
"reverse|GCST90671868","ed_2025_eur_reverse_exposure","GCST90671868","Gut microbiome function abundance (Threonine degradation II, MF0050)","function:mf0050","primary","GCST90671868","EUR","reverse_sensitivity","microbiome_trait_units_per_standardized_ED_exposure",17,"estimable","reverse",TRUE,TRUE
"reverse|GCST90671869","ed_2025_eur_reverse_exposure","GCST90671869","Gut microbiome function abundance (Arginine degradation I, MF0051)","function:mf0051","primary","GCST90671869","EUR","reverse_sensitivity","microbiome_trait_units_per_standardized_ED_exposure",17,"estimable","reverse",TRUE,TRUE
"reverse|GCST90671870","ed_2025_eur_reverse_exposure","GCST90671870","Gut microbiome function abundance (Arginine degradation II, MF0052)","function:mf0052","primary","GCST90671870","EUR","reverse_sensitivity","microbiome_trait_units_per_standardized_ED_exposure",17,"estimable","reverse",TRUE,TRUE
"reverse|GCST90671871","ed_2025_eur_reverse_exposure","GCST90671871","Gut microbiome function abundance (Arginine degradation IV, MF0054)","function:mf0054","primary","GCST90671871","EUR","reverse_sensitivity","microbiome_trait_units_per_standardized_ED_exposure",17,"estimable","reverse",TRUE,TRUE
"reverse|GCST90671872","ed_2025_eur_reverse_exposure","GCST90671872","Gut microbiome function abundance (Arginine degradation V, MF0055)","function:mf0055","primary","GCST90671872","EUR","reverse_sensitivity","microbiome_trait_units_per_standardized_ED_exposure",17,"estimable","reverse",TRUE,TRUE
"reverse|GCST90671873","ed_2025_eur_reverse_exposure","GCST90671873","Gut microbiome function abundance (Histidine degradation, MF0056)","function:mf0056","primary","GCST90671873","EUR","reverse_sensitivity","microbiome_trait_units_per_standardized_ED_exposure",17,"estimable","reverse",TRUE,TRUE
"reverse|GCST90671874","ed_2025_eur_reverse_exposure","GCST90671874","Gut microbiome function abundance (Lysine degradation I, MF0057)","function:mf0057","primary","GCST90671874","EUR","reverse_sensitivity","microbiome_trait_units_per_standardized_ED_exposure",17,"estimable","reverse",TRUE,TRUE
"reverse|GCST90671875","ed_2025_eur_reverse_exposure","GCST90671875","Gut microbiome function abundance (Lysine degradation II, MF0058)","function:mf0058","primary","GCST90671875","EUR","reverse_sensitivity","microbiome_trait_units_per_standardized_ED_exposure",17,"estimable","reverse",TRUE,TRUE
"reverse|GCST90671876","ed_2025_eur_reverse_exposure","GCST90671876","Gut microbiome function abundance (Anaerobic fatty acid beta-oxidation, MF0059)","function:mf0059","primary","GCST90671876","EUR","reverse_sensitivity","microbiome_trait_units_per_standardized_ED_exposure",17,"estimable","reverse",TRUE,TRUE
"reverse|GCST90671877","ed_2025_eur_reverse_exposure","GCST90671877","Gut microbiome function abundance (Glycerol degradation I, MF0060)","function:mf0060","primary","GCST90671877","EUR","reverse_sensitivity","microbiome_trait_units_per_standardized_ED_exposure",17,"estimable","reverse",TRUE,TRUE
"reverse|GCST90671878","ed_2025_eur_reverse_exposure","GCST90671878","Gut microbiome function abundance (Glycerol degradation II, MF0061)","function:mf0061","primary","GCST90671878","EUR","reverse_sensitivity","microbiome_trait_units_per_standardized_ED_exposure",17,"estimable","reverse",TRUE,TRUE
"reverse|GCST90671879","ed_2025_eur_reverse_exposure","GCST90671879","Gut microbiome function abundance (Glyoxylate bypass, MF0063)","function:mf0063","primary","GCST90671879","EUR","reverse_sensitivity","microbiome_trait_units_per_standardized_ED_exposure",17,"estimable","reverse",TRUE,TRUE
"reverse|GCST90671880","ed_2025_eur_reverse_exposure","GCST90671880","Gut microbiome function abundance (Bifidobacterium shunt, MF0065)","function:mf0065","primary","GCST90671880","EUR","reverse_sensitivity","microbiome_trait_units_per_standardized_ED_exposure",17,"estimable","reverse",TRUE,TRUE
"reverse|GCST90671881","ed_2025_eur_reverse_exposure","GCST90671881","Gut microbiome function abundance (Entner-Doudoroff pathway, MF0066)","function:mf0066","primary","GCST90671881","EUR","reverse_sensitivity","microbiome_trait_units_per_standardized_ED_exposure",17,"estimable","reverse",TRUE,TRUE
"reverse|GCST90671882","ed_2025_eur_reverse_exposure","GCST90671882","Gut microbiome function abundance (Glycolysis (preparatory phase), MF0067)","function:mf0067","primary","GCST90671882","EUR","reverse_sensitivity","microbiome_trait_units_per_standardized_ED_exposure",17,"estimable","reverse",TRUE,TRUE
"reverse|GCST90671883","ed_2025_eur_reverse_exposure","GCST90671883","Gut microbiome function abundance (Glycolysis (pay-off phase), MF0068)","function:mf0068","primary","GCST90671883","EUR","reverse_sensitivity","microbiome_trait_units_per_standardized_ED_exposure",17,"estimable","reverse",TRUE,TRUE
"reverse|GCST90671884","ed_2025_eur_reverse_exposure","GCST90671884","Gut microbiome function abundance (NADH:ferredoxin oxidoreductase, MF0069)","function:mf0069","primary","GCST90671884","EUR","reverse_sensitivity","microbiome_trait_units_per_standardized_ED_exposure",17,"estimable","reverse",TRUE,TRUE
"reverse|GCST90671885","ed_2025_eur_reverse_exposure","GCST90671885","Gut microbiome function abundance (Pentose phosphate pathway (oxidative phase), MF0070)","function:mf0070","primary","GCST90671885","EUR","reverse_sensitivity","microbiome_trait_units_per_standardized_ED_exposure",17,"estimable","reverse",TRUE,TRUE
"reverse|GCST90671886","ed_2025_eur_reverse_exposure","GCST90671886","Gut microbiome function abundance (Pentose phosphate pathway (non-oxidative branch), MF0071)","function:mf0071","primary","GCST90671886","EUR","reverse_sensitivity","microbiome_trait_units_per_standardized_ED_exposure",17,"estimable","reverse",TRUE,TRUE
"reverse|GCST90671887","ed_2025_eur_reverse_exposure","GCST90671887","Gut microbiome function abundance (Pyruvate dehydrogenase complex, MF0072)","function:mf0072","primary","GCST90671887","EUR","reverse_sensitivity","microbiome_trait_units_per_standardized_ED_exposure",17,"estimable","reverse",TRUE,TRUE
"reverse|GCST90671888","ed_2025_eur_reverse_exposure","GCST90671888","Gut microbiome function abundance (Pyruvate:ferredoxin oxidoreductase, MF0073)","function:mf0073","primary","GCST90671888","EUR","reverse_sensitivity","microbiome_trait_units_per_standardized_ED_exposure",17,"estimable","reverse",TRUE,TRUE
"reverse|GCST90671889","ed_2025_eur_reverse_exposure","GCST90671889","Gut microbiome function abundance (Pyruvate:formate lyase, MF0074)","function:mf0074","primary","GCST90671889","EUR","reverse_sensitivity","microbiome_trait_units_per_standardized_ED_exposure",17,"estimable","reverse",TRUE,TRUE
"reverse|GCST90671890","ed_2025_eur_reverse_exposure","GCST90671890","Gut microbiome function abundance (Acetate to acetyl-CoA, MF0075)","function:mf0075","primary","GCST90671890","EUR","reverse_sensitivity","microbiome_trait_units_per_standardized_ED_exposure",17,"estimable","reverse",TRUE,TRUE
"reverse|GCST90671891","ed_2025_eur_reverse_exposure","GCST90671891","Gut microbiome function abundance (4-aminobutyrate degradation, MF0076)","function:mf0076","primary","GCST90671891","EUR","reverse_sensitivity","microbiome_trait_units_per_standardized_ED_exposure",17,"estimable","reverse",TRUE,TRUE
"reverse|GCST90671892","ed_2025_eur_reverse_exposure","GCST90671892","Gut microbiome function abundance (Lactaldehyde degradation, MF0078)","function:mf0078","primary","GCST90671892","EUR","reverse_sensitivity","microbiome_trait_units_per_standardized_ED_exposure",17,"estimable","reverse",TRUE,TRUE
"reverse|GCST90671893","ed_2025_eur_reverse_exposure","GCST90671893","Gut microbiome function abundance (Lactate consumption I, MF0079)","function:mf0079","primary","GCST90671893","EUR","reverse_sensitivity","microbiome_trait_units_per_standardized_ED_exposure",17,"estimable","reverse",TRUE,TRUE
"reverse|GCST90671894","ed_2025_eur_reverse_exposure","GCST90671894","Gut microbiome function abundance (Lactate consumption II, MF0080)","function:mf0080","primary","GCST90671894","EUR","reverse_sensitivity","microbiome_trait_units_per_standardized_ED_exposure",17,"estimable","reverse",TRUE,TRUE
"reverse|GCST90671895","ed_2025_eur_reverse_exposure","GCST90671895","Gut microbiome function abundance (Putrescine degradation, MF0082)","function:mf0082","primary","GCST90671895","EUR","reverse_sensitivity","microbiome_trait_units_per_standardized_ED_exposure",17,"estimable","reverse",TRUE,TRUE
"reverse|GCST90671896","ed_2025_eur_reverse_exposure","GCST90671896","Gut microbiome function abundance (Succinate consumption, MF0083)","function:mf0083","primary","GCST90671896","EUR","reverse_sensitivity","microbiome_trait_units_per_standardized_ED_exposure",17,"estimable","reverse",TRUE,TRUE
"reverse|GCST90671897","ed_2025_eur_reverse_exposure","GCST90671897","Gut microbiome function abundance (Urea degradation, MF0085)","function:mf0085","primary","GCST90671897","EUR","reverse_sensitivity","microbiome_trait_units_per_standardized_ED_exposure",17,"estimable","reverse",TRUE,TRUE
"reverse|GCST90671898","ed_2025_eur_reverse_exposure","GCST90671898","Gut microbiome function abundance (Acetyl-CoA to acetate, MF0086)","function:mf0086","primary","GCST90671898","EUR","reverse_sensitivity","microbiome_trait_units_per_standardized_ED_exposure",17,"estimable","reverse",TRUE,TRUE
"reverse|GCST90671899","ed_2025_eur_reverse_exposure","GCST90671899","Gut microbiome function abundance (Acetyl-CoA to crotonyl-CoA, MF0087)","function:mf0087","primary","GCST90671899","EUR","reverse_sensitivity","microbiome_trait_units_per_standardized_ED_exposure",17,"estimable","reverse",TRUE,TRUE
"reverse|GCST90671900","ed_2025_eur_reverse_exposure","GCST90671900","Gut microbiome function abundance (Butyrate production I, MF0088)","function:mf0088","primary","GCST90671900","EUR","reverse_sensitivity","microbiome_trait_units_per_standardized_ED_exposure",17,"estimable","reverse",TRUE,TRUE
"reverse|GCST90671901","ed_2025_eur_reverse_exposure","GCST90671901","Gut microbiome function abundance (Butyrate production II, MF0089)","function:mf0089","primary","GCST90671901","EUR","reverse_sensitivity","microbiome_trait_units_per_standardized_ED_exposure",17,"estimable","reverse",TRUE,TRUE
"reverse|GCST90671902","ed_2025_eur_reverse_exposure","GCST90671902","Gut microbiome function abundance (Ethanol production I, MF0090)","function:mf0090","primary","GCST90671902","EUR","reverse_sensitivity","microbiome_trait_units_per_standardized_ED_exposure",17,"estimable","reverse",TRUE,TRUE
"reverse|GCST90671903","ed_2025_eur_reverse_exposure","GCST90671903","Gut microbiome function abundance (Ethanol production II, MF0091)","function:mf0091","primary","GCST90671903","EUR","reverse_sensitivity","microbiome_trait_units_per_standardized_ED_exposure",17,"estimable","reverse",TRUE,TRUE
"reverse|GCST90671904","ed_2025_eur_reverse_exposure","GCST90671904","Gut microbiome function abundance (Lactate production, MF0092)","function:mf0092","primary","GCST90671904","EUR","reverse_sensitivity","microbiome_trait_units_per_standardized_ED_exposure",17,"estimable","reverse",TRUE,TRUE
"reverse|GCST90671905","ed_2025_eur_reverse_exposure","GCST90671905","Gut microbiome function abundance (Propionate production II, MF0094)","function:mf0094","primary","GCST90671905","EUR","reverse_sensitivity","microbiome_trait_units_per_standardized_ED_exposure",17,"estimable","reverse",TRUE,TRUE
"reverse|GCST90671906","ed_2025_eur_reverse_exposure","GCST90671906","Gut microbiome function abundance (Propionate production III, MF0095)","function:mf0095","primary","GCST90671906","EUR","reverse_sensitivity","microbiome_trait_units_per_standardized_ED_exposure",17,"estimable","reverse",TRUE,TRUE
"reverse|GCST90671907","ed_2025_eur_reverse_exposure","GCST90671907","Gut microbiome function abundance (Succinate production, MF0096)","function:mf0096","primary","GCST90671907","EUR","reverse_sensitivity","microbiome_trait_units_per_standardized_ED_exposure",17,"estimable","reverse",TRUE,TRUE
"reverse|GCST90671908","ed_2025_eur_reverse_exposure","GCST90671908","Gut microbiome function abundance (Homoacetogenesis, MF0097)","function:mf0097","primary","GCST90671908","EUR","reverse_sensitivity","microbiome_trait_units_per_standardized_ED_exposure",17,"estimable","reverse",TRUE,TRUE
"reverse|GCST90671909","ed_2025_eur_reverse_exposure","GCST90671909","Gut microbiome function abundance (Hydrogen metabolism, MF0098)","function:mf0098","primary","GCST90671909","EUR","reverse_sensitivity","microbiome_trait_units_per_standardized_ED_exposure",17,"estimable","reverse",TRUE,TRUE
"reverse|GCST90671910","ed_2025_eur_reverse_exposure","GCST90671910","Gut microbiome function presence (Methanogenesis from carbon dioxide, MF0100)","taxon:methanogenesis from carbon dioxide, mf0100","primary","GCST90671910","EUR","reverse_sensitivity","microbiome_trait_units_per_standardized_ED_exposure",15,"estimable","reverse",TRUE,TRUE
"reverse|GCST90671911","ed_2025_eur_reverse_exposure","GCST90671911","Gut microbiome function abundance (Nitrate reduction (dissimilatory), MF0101)","function:mf0101","primary","GCST90671911","EUR","reverse_sensitivity","microbiome_trait_units_per_standardized_ED_exposure",17,"estimable","reverse",TRUE,TRUE
"reverse|GCST90671912","ed_2025_eur_reverse_exposure","GCST90671912","Gut microbiome function abundance (Mucin degradation, MF0103)","function:mf0103","primary","GCST90671912","EUR","reverse_sensitivity","microbiome_trait_units_per_standardized_ED_exposure",17,"estimable","reverse",TRUE,TRUE
"reverse|GCST90671913","ed_2025_eur_reverse_exposure","GCST90671913","Gut microbiome function abundance (Serotonin synthesis I, MGB001)","function:mgb001","primary","GCST90671913","EUR","reverse_sensitivity","microbiome_trait_units_per_standardized_ED_exposure",17,"estimable","reverse",TRUE,TRUE
"reverse|GCST90671914","ed_2025_eur_reverse_exposure","GCST90671914","Gut microbiome function presence (Melatonin synthesis, MGB003)","taxon:melatonin synthesis, mgb003","primary","GCST90671914","EUR","reverse_sensitivity","microbiome_trait_units_per_standardized_ED_exposure",15,"estimable","reverse",TRUE,TRUE
"reverse|GCST90671915","ed_2025_eur_reverse_exposure","GCST90671915","Gut microbiome function abundance (Tryptophan synthesis, MGB005)","function:mgb005","primary","GCST90671915","EUR","reverse_sensitivity","microbiome_trait_units_per_standardized_ED_exposure",17,"estimable","reverse",TRUE,TRUE
"reverse|GCST90671916","ed_2025_eur_reverse_exposure","GCST90671916","Gut microbiome function abundance (Glutamate synthesis I, MGB006)","function:mgb006","primary","GCST90671916","EUR","reverse_sensitivity","microbiome_trait_units_per_standardized_ED_exposure",17,"estimable","reverse",TRUE,TRUE
"reverse|GCST90671917","ed_2025_eur_reverse_exposure","GCST90671917","Gut microbiome function abundance (Acetylcholine synthesis, MGB008)","function:mgb008","primary","GCST90671917","EUR","reverse_sensitivity","microbiome_trait_units_per_standardized_ED_exposure",17,"estimable","reverse",TRUE,TRUE
"reverse|GCST90671918","ed_2025_eur_reverse_exposure","GCST90671918","Gut microbiome function abundance (Histamine synthesis, MGB009)","function:mgb009","primary","GCST90671918","EUR","reverse_sensitivity","microbiome_trait_units_per_standardized_ED_exposure",17,"estimable","reverse",TRUE,TRUE
"reverse|GCST90671919","ed_2025_eur_reverse_exposure","GCST90671919","Gut microbiome function abundance (Histamine degradation, MGB010)","function:mgb010","primary","GCST90671919","EUR","reverse_sensitivity","microbiome_trait_units_per_standardized_ED_exposure",17,"estimable","reverse",TRUE,TRUE
"reverse|GCST90671920","ed_2025_eur_reverse_exposure","GCST90671920","Gut microbiome function abundance (Cortisol degradation, MGB011)","function:mgb011","primary","GCST90671920","EUR","reverse_sensitivity","microbiome_trait_units_per_standardized_ED_exposure",17,"estimable","reverse",TRUE,TRUE
"reverse|GCST90671921","ed_2025_eur_reverse_exposure","GCST90671921","Gut microbiome function abundance (Dopamine synthesis, MGB012)","function:mgb012","primary","GCST90671921","EUR","reverse_sensitivity","microbiome_trait_units_per_standardized_ED_exposure",17,"estimable","reverse",TRUE,TRUE
"reverse|GCST90671922","ed_2025_eur_reverse_exposure","GCST90671922","Gut microbiome function abundance (p-Cresol synthesis, MGB015)","function:mgb015","primary","GCST90671922","EUR","reverse_sensitivity","microbiome_trait_units_per_standardized_ED_exposure",17,"estimable","reverse",TRUE,TRUE
"reverse|GCST90671923","ed_2025_eur_reverse_exposure","GCST90671923","Gut microbiome function abundance (GABA degradation, MGB019)","function:mgb019","primary","GCST90671923","EUR","reverse_sensitivity","microbiome_trait_units_per_standardized_ED_exposure",17,"estimable","reverse",TRUE,TRUE
"reverse|GCST90671924","ed_2025_eur_reverse_exposure","GCST90671924","Gut microbiome function abundance (Nitric oxide synthesis I (NO synthase), MGB025)","function:mgb025","primary","GCST90671924","EUR","reverse_sensitivity","microbiome_trait_units_per_standardized_ED_exposure",17,"estimable","reverse",TRUE,TRUE
"reverse|GCST90671925","ed_2025_eur_reverse_exposure","GCST90671925","Gut microbiome function abundance (Nitric oxide degradation I (NO dioxygenase), MGB027)","function:mgb027","primary","GCST90671925","EUR","reverse_sensitivity","microbiome_trait_units_per_standardized_ED_exposure",17,"estimable","reverse",TRUE,TRUE
"reverse|GCST90671926","ed_2025_eur_reverse_exposure","GCST90671926","Gut microbiome function abundance (ClpB (ATP-dependent chaperone protein), MGB029)","function:mgb029","primary","GCST90671926","EUR","reverse_sensitivity","microbiome_trait_units_per_standardized_ED_exposure",17,"estimable","reverse",TRUE,TRUE
"reverse|GCST90671927","ed_2025_eur_reverse_exposure","GCST90671927","Gut microbiome function abundance (17-beta-Estradiol degradation, MGB031)","function:mgb031","primary","GCST90671927","EUR","reverse_sensitivity","microbiome_trait_units_per_standardized_ED_exposure",17,"estimable","reverse",TRUE,TRUE
"reverse|GCST90671928","ed_2025_eur_reverse_exposure","GCST90671928","Gut microbiome function abundance (Quinolinic acid synthesis, MGB032)","function:mgb032","primary","GCST90671928","EUR","reverse_sensitivity","microbiome_trait_units_per_standardized_ED_exposure",17,"estimable","reverse",TRUE,TRUE
"reverse|GCST90671929","ed_2025_eur_reverse_exposure","GCST90671929","Gut microbiome function abundance (Quinolinic acid degradation, MGB033)","function:mgb033","primary","GCST90671929","EUR","reverse_sensitivity","microbiome_trait_units_per_standardized_ED_exposure",17,"estimable","reverse",TRUE,TRUE
"reverse|GCST90671930","ed_2025_eur_reverse_exposure","GCST90671930","Gut microbiome function abundance (Isovaleric acid synthesis I (KADH pathway), MGB034)","function:mgb034","primary","GCST90671930","EUR","reverse_sensitivity","microbiome_trait_units_per_standardized_ED_exposure",17,"estimable","reverse",TRUE,TRUE
"reverse|GCST90671931","ed_2025_eur_reverse_exposure","GCST90671931","Gut microbiome function abundance (S-Adenosylmethionine (SAM) synthesis, MGB036)","function:mgb036","primary","GCST90671931","EUR","reverse_sensitivity","microbiome_trait_units_per_standardized_ED_exposure",17,"estimable","reverse",TRUE,TRUE
"reverse|GCST90671932","ed_2025_eur_reverse_exposure","GCST90671932","Gut microbiome function abundance (Inositol synthesis, MGB037)","function:mgb037","primary","GCST90671932","EUR","reverse_sensitivity","microbiome_trait_units_per_standardized_ED_exposure",17,"estimable","reverse",TRUE,TRUE
"reverse|GCST90671933","ed_2025_eur_reverse_exposure","GCST90671933","Gut microbiome function abundance (Inositol degradation, MGB038)","function:mgb038","primary","GCST90671933","EUR","reverse_sensitivity","microbiome_trait_units_per_standardized_ED_exposure",17,"estimable","reverse",TRUE,TRUE
"reverse|GCST90671934","ed_2025_eur_reverse_exposure","GCST90671934","Gut microbiome function abundance (g-Hydroxybutyric acid (GHB) degradation, MGB039)","function:mgb039","primary","GCST90671934","EUR","reverse_sensitivity","microbiome_trait_units_per_standardized_ED_exposure",17,"estimable","reverse",TRUE,TRUE
"reverse|GCST90671935","ed_2025_eur_reverse_exposure","GCST90671935","Gut microbiome function abundance (Menaquinone synthesis (vitamin K2) I, MGB040)","function:mgb040","primary","GCST90671935","EUR","reverse_sensitivity","microbiome_trait_units_per_standardized_ED_exposure",17,"estimable","reverse",TRUE,TRUE
"reverse|GCST90671936","ed_2025_eur_reverse_exposure","GCST90671936","Gut microbiome function abundance (Menaquinone synthesis (vitamin K2) II (alternative pathway: futalosine pathway), MGB041)","function:mgb041","primary","GCST90671936","EUR","reverse_sensitivity","microbiome_trait_units_per_standardized_ED_exposure",17,"estimable","reverse",TRUE,TRUE
"reverse|GCST90671937","ed_2025_eur_reverse_exposure","GCST90671937","Gut microbiome function abundance (Acetate synthesis I, MGB043)","function:mgb043","primary","GCST90671937","EUR","reverse_sensitivity","microbiome_trait_units_per_standardized_ED_exposure",17,"estimable","reverse",TRUE,TRUE
"reverse|GCST90671938","ed_2025_eur_reverse_exposure","GCST90671938","Gut microbiome function abundance (Acetate synthesis II, MGB044)","function:mgb044","primary","GCST90671938","EUR","reverse_sensitivity","microbiome_trait_units_per_standardized_ED_exposure",17,"estimable","reverse",TRUE,TRUE
"reverse|GCST90671939","ed_2025_eur_reverse_exposure","GCST90671939","Gut microbiome function abundance (Acetate synthesis III, MGB045)","function:mgb045","primary","GCST90671939","EUR","reverse_sensitivity","microbiome_trait_units_per_standardized_ED_exposure",17,"estimable","reverse",TRUE,TRUE
