"pair_id","nsnp","ivw_Q","ivw_Q_df","ivw_Q_p","egger_intercept","egger_intercept_se","egger_intercept_p","steiger_status","steiger_reason","presso_status","loo_status","singlesnp_status"
"reverse|GCST90670368",17,12.6176093645985,16,0.70048416256351,0.00535443866578855,0.00599683418275684,0.38602356938331,"not_computed","Binary-outcome population prevalence has not been prespecified; unavailable Steiger is not treated as support","deferred_until_post_FDR","deferred_until_post_FDR","deferred_until_post_FDR"
"reverse|GCST90670369",17,11.7808084418562,16,0.758925760610308,0.00758571703477428,0.00598522167126526,0.224332696821154,"not_computed","Binary-outcome population prevalence has not been prespecified; unavailable Steiger is not treated as support","deferred_until_post_FDR","deferred_until_post_FDR","deferred_until_post_FDR"
"reverse|GCST90670370",17,10.6103107538586,16,0.832876384459734,0.00842037504829654,0.00603154585288518,0.183017828232252,"not_computed","Binary-outcome population prevalence has not been prespecified; unavailable Steiger is not treated as support","deferred_until_post_FDR","deferred_until_post_FDR","deferred_until_post_FDR"
"reverse|GCST90670371",17,18.0002992110434,16,0.323879443385251,0.00429629498962531,0.0064705768624328,0.516783666985326,"not_computed","Binary-outcome population prevalence has not been prespecified; unavailable Steiger is not treated as support","deferred_until_post_FDR","deferred_until_post_FDR","deferred_until_post_FDR"
"reverse|GCST90670372",17,15.1888047786723,16,0.510856053806035,-0.0081544639341377,0.00584653550999108,0.183403378490034,"not_computed","Binary-outcome population prevalence has not been prespecified; unavailable Steiger is not treated as support","deferred_until_post_FDR","deferred_until_post_FDR","deferred_until_post_FDR"
"reverse|GCST90670373",17,22.0933720500795,16,0.140202193005753,-0.0006712239087189,0.00725877228055896,0.927547776038855,"not_computed","Binary-outcome population prevalence has not been prespecified; unavailable Steiger is not treated as support","deferred_until_post_FDR","deferred_until_post_FDR","deferred_until_post_FDR"
"reverse|GCST90670374",17,14.9646250252802,16,0.527230968740257,0.00701355059569013,0.00573241543425381,0.240017601774786,"not_computed","Binary-outcome population prevalence has not been prespecified; unavailable Steiger is not treated as support","deferred_until_post_FDR","deferred_until_post_FDR","deferred_until_post_FDR"
"reverse|GCST90670375",17,9.45240626979743,16,0.8936202377169,-0.00123546466628033,0.00545903277740163,0.824010942122275,"not_computed","Binary-outcome population prevalence has not been prespecified; unavailable Steiger is not treated as support","deferred_until_post_FDR","deferred_until_post_FDR","deferred_until_post_FDR"
"reverse|GCST90670376",17,9.55541270573391,16,0.888792340236718,0.00642003267434383,0.00585182528290605,0.289898641946147,"not_computed","Binary-outcome population prevalence has not been prespecified; unavailable Steiger is not treated as support","deferred_until_post_FDR","deferred_until_post_FDR","deferred_until_post_FDR"
"reverse|GCST90670377",17,33.7015541915587,16,0.00595867482935295,-0.00289325783622425,0.0088987092828611,0.749571638777239,"not_computed","Binary-outcome population prevalence has not been prespecified; unavailable Steiger is not treated as support","deferred_until_post_FDR","deferred_until_post_FDR","deferred_until_post_FDR"
"reverse|GCST90670378",17,7.94407045819657,16,0.950513983609112,0.00476064129885903,0.00568293712387174,0.415343629242644,"not_computed","Binary-outcome population prevalence has not been prespecified; unavailable Steiger is not treated as support","deferred_until_post_FDR","deferred_until_post_FDR","deferred_until_post_FDR"
"reverse|GCST90670379",17,31.1948640528302,16,0.0127055631306264,-0.00313531370214499,0.00801464967603427,0.701151667136616,"not_computed","Binary-outcome population prevalence has not been prespecified; unavailable Steiger is not treated as support","deferred_until_post_FDR","deferred_until_post_FDR","deferred_until_post_FDR"
"reverse|GCST90670380",17,9.78935463792417,16,0.877394666633555,-0.00182439885130273,0.00576396575801933,0.755971451073691,"not_computed","Binary-outcome population prevalence has not been prespecified; unavailable Steiger is not treated as support","deferred_until_post_FDR","deferred_until_post_FDR","deferred_until_post_FDR"
"reverse|GCST90670381",17,18.020133756016,16,0.322719290063519,-0.00859759349877971,0.00622706811524502,0.187604546439873,"not_computed","Binary-outcome population prevalence has not been prespecified; unavailable Steiger is not treated as support","deferred_until_post_FDR","deferred_until_post_FDR","deferred_until_post_FDR"
"reverse|GCST90670382",17,13.079414083045,16,0.666942630231626,0.00561830018720493,0.0059991375126919,0.363840934006122,"not_computed","Binary-outcome population prevalence has not been prespecified; unavailable Steiger is not treated as support","deferred_until_post_FDR","deferred_until_post_FDR","deferred_until_post_FDR"
"reverse|GCST90670383",17,11.0071934070222,16,0.809041054361887,-0.0041511430560249,0.00600236851034602,0.499763585048021,"not_computed","Binary-outcome population prevalence has not been prespecified; unavailable Steiger is not treated as support","deferred_until_post_FDR","deferred_until_post_FDR","deferred_until_post_FDR"
"reverse|GCST90670384",15,8.83456136530896,14,0.841500273926492,0.0219176323046106,0.0141486707805745,0.145352545770968,"not_computed","Binary-outcome population prevalence has not been prespecified; unavailable Steiger is not treated as support","deferred_until_post_FDR","deferred_until_post_FDR","deferred_until_post_FDR"
"reverse|GCST90670385",15,10.7494169740409,14,0.705599517328193,-0.0125934447832341,0.0159918241273448,0.445114726448547,"not_computed","Binary-outcome population prevalence has not been prespecified; unavailable Steiger is not treated as support","deferred_until_post_FDR","deferred_until_post_FDR","deferred_until_post_FDR"
"reverse|GCST90670386",15,11.5367234507175,14,0.643452776911441,0.0134116034373953,0.0140176980115255,0.356142555641559,"not_computed","Binary-outcome population prevalence has not been prespecified; unavailable Steiger is not treated as support","deferred_until_post_FDR","deferred_until_post_FDR","deferred_until_post_FDR"
"reverse|GCST90670387",17,11.5079268083632,16,0.777102546214512,0.00285726158932489,0.00576701715963084,0.627462849335812,"not_computed","Binary-outcome population prevalence has not been prespecified; unavailable Steiger is not treated as support","deferred_until_post_FDR","deferred_until_post_FDR","deferred_until_post_FDR"
"reverse|GCST90670388",17,21.6633558705209,16,0.154397714179969,0.0138190923227818,0.00605659236778115,0.0375298157870261,"not_computed","Binary-outcome population prevalence has not been prespecified; unavailable Steiger is not treated as support","deferred_until_post_FDR","deferred_until_post_FDR","deferred_until_post_FDR"
"reverse|GCST90670389",17,5.50663527398893,16,0.992603007393979,-0.00303087892006911,0.00580389432148168,0.609147214769536,"not_computed","Binary-outcome population prevalence has not been prespecified; unavailable Steiger is not treated as support","deferred_until_post_FDR","deferred_until_post_FDR","deferred_until_post_FDR"
"reverse|GCST90670390",15,22.7552267361938,14,0.0643710463553675,0.0121238069975832,0.0290056189284753,0.682782486659745,"not_computed","Binary-outcome population prevalence has not been prespecified; unavailable Steiger is not treated as support","deferred_until_post_FDR","deferred_until_post_FDR","deferred_until_post_FDR"
"reverse|GCST90670391",17,10.646862826535,16,0.830740385766354,0.00185085172723415,0.00585201519882897,0.756151530460875,"not_computed","Binary-outcome population prevalence has not been prespecified; unavailable Steiger is not treated as support","deferred_until_post_FDR","deferred_until_post_FDR","deferred_until_post_FDR"
"reverse|GCST90670392",15,19.6879748008909,14,0.140289777315065,-0.0358193429718391,0.0172150458872036,0.0577998673279132,"not_computed","Binary-outcome population prevalence has not been prespecified; unavailable Steiger is not treated as support","deferred_until_post_FDR","deferred_until_post_FDR","deferred_until_post_FDR"
"reverse|GCST90670393",17,12.5167556841306,16,0.707707703491949,0.00103351093166442,0.00581170249830073,0.86123363516927,"not_computed","Binary-outcome population prevalence has not been prespecified; unavailable Steiger is not treated as support","deferred_until_post_FDR","deferred_until_post_FDR","deferred_until_post_FDR"
"reverse|GCST90670394",17,14.6931223164792,16,0.547219017415123,-0.00254636856153373,0.00590389724466904,0.672382444764428,"not_computed","Binary-outcome population prevalence has not been prespecified; unavailable Steiger is not treated as support","deferred_until_post_FDR","deferred_until_post_FDR","deferred_until_post_FDR"
"reverse|GCST90670395",17,23.3820463492719,16,0.103896941869859,0.00693008354749912,0.00698370765019893,0.336779378150335,"not_computed","Binary-outcome population prevalence has not been prespecified; unavailable Steiger is not treated as support","deferred_until_post_FDR","deferred_until_post_FDR","deferred_until_post_FDR"
"reverse|GCST90670396",15,13.7968927615517,14,0.464949880801142,-0.0107743876159176,0.0149339486348094,0.483395528562311,"not_computed","Binary-outcome population prevalence has not been prespecified; unavailable Steiger is not treated as support","deferred_until_post_FDR","deferred_until_post_FDR","deferred_until_post_FDR"
"reverse|GCST90670397",17,22.4363454684822,16,0.129652977066331,-0.00130045117059619,0.00719876216578269,0.859060983900632,"not_computed","Binary-outcome population prevalence has not been prespecified; unavailable Steiger is not treated as support","deferred_until_post_FDR","deferred_until_post_FDR","deferred_until_post_FDR"
"reverse|GCST90670398",15,11.7266634149404,14,0.628243357165811,0.0108730755885806,0.0139173333067538,0.448643292643297,"not_computed","Binary-outcome population prevalence has not been prespecified; unavailable Steiger is not treated as support","deferred_until_post_FDR","deferred_until_post_FDR","deferred_until_post_FDR"
"reverse|GCST90670399",15,15.3803345245148,14,0.352659607416128,0.0183493523950861,0.0149023286866782,0.240018830056443,"not_computed","Binary-outcome population prevalence has not been prespecified; unavailable Steiger is not treated as support","deferred_until_post_FDR","deferred_until_post_FDR","deferred_until_post_FDR"
"reverse|GCST90670400",17,21.4323315870702,16,0.162484465721368,0.000268676176201854,0.0063560933547361,0.966840489423594,"not_computed","Binary-outcome population prevalence has not been prespecified; unavailable Steiger is not treated as support","deferred_until_post_FDR","deferred_until_post_FDR","deferred_until_post_FDR"
"reverse|GCST90670401",15,14.9576893708298,14,0.381053116080443,-0.0012531438785215,0.0166818345628608,0.941262709602575,"not_computed","Binary-outcome population prevalence has not been prespecified; unavailable Steiger is not treated as support","deferred_until_post_FDR","deferred_until_post_FDR","deferred_until_post_FDR"
"reverse|GCST90670402",17,15.6916805085609,16,0.474678556968328,0.00316229724521926,0.0059451448240905,0.602576287248474,"not_computed","Binary-outcome population prevalence has not been prespecified; unavailable Steiger is not treated as support","deferred_until_post_FDR","deferred_until_post_FDR","deferred_until_post_FDR"
"reverse|GCST90670403",17,16.068578166548,16,0.448184860016375,0.00410362823475793,0.00597232529457028,0.502500890792198,"not_computed","Binary-outcome population prevalence has not been prespecified; unavailable Steiger is not treated as support","deferred_until_post_FDR","deferred_until_post_FDR","deferred_until_post_FDR"
"reverse|GCST90670404",17,8.49610856675155,16,0.932707634853223,0.00039107881775258,0.00593577136763921,0.948339421208545,"not_computed","Binary-outcome population prevalence has not been prespecified; unavailable Steiger is not treated as support","deferred_until_post_FDR","deferred_until_post_FDR","deferred_until_post_FDR"
"reverse|GCST90670405",17,25.2770270701657,16,0.0650882516172425,0.00343290337647316,0.00753745745818888,0.65531181902924,"not_computed","Binary-outcome population prevalence has not been prespecified; unavailable Steiger is not treated as support","deferred_until_post_FDR","deferred_until_post_FDR","deferred_until_post_FDR"
"reverse|GCST90670406",17,20.272622375977,16,0.208192077110774,0.0133461604579903,0.00566938332160988,0.03261861984291,"not_computed","Binary-outcome population prevalence has not been prespecified; unavailable Steiger is not treated as support","deferred_until_post_FDR","deferred_until_post_FDR","deferred_until_post_FDR"
"reverse|GCST90670407",15,13.7104567815321,14,0.471497574111085,0.00658844438255817,0.0142845191448898,0.652255854505207,"not_computed","Binary-outcome population prevalence has not been prespecified; unavailable Steiger is not treated as support","deferred_until_post_FDR","deferred_until_post_FDR","deferred_until_post_FDR"
"reverse|GCST90670408",15,14.3038929623235,14,0.427324942333849,0.0248091437367074,0.0150176542979233,0.122470031529958,"not_computed","Binary-outcome population prevalence has not been prespecified; unavailable Steiger is not treated as support","deferred_until_post_FDR","deferred_until_post_FDR","deferred_until_post_FDR"
"reverse|GCST90670409",15,10.2376855638055,14,0.744607644156234,-0.0145976793063056,0.0162297194367462,0.384775700318044,"not_computed","Binary-outcome population prevalence has not been prespecified; unavailable Steiger is not treated as support","deferred_until_post_FDR","deferred_until_post_FDR","deferred_until_post_FDR"
"reverse|GCST90670410",17,16.8859571208392,16,0.393013635770453,0.00090512935315684,0.00629409725438899,0.887567806558507,"not_computed","Binary-outcome population prevalence has not been prespecified; unavailable Steiger is not treated as support","deferred_until_post_FDR","deferred_until_post_FDR","deferred_until_post_FDR"
"reverse|GCST90670411",17,25.8514838077811,16,0.0561541114699206,-0.0072161549290912,0.00765491634397839,0.360779661665495,"not_computed","Binary-outcome population prevalence has not been prespecified; unavailable Steiger is not treated as support","deferred_until_post_FDR","deferred_until_post_FDR","deferred_until_post_FDR"
"reverse|GCST90670412",17,14.6465990095828,16,0.550658245475885,0.000282657187379531,0.00598652670581974,0.962964332436891,"not_computed","Binary-outcome population prevalence has not been prespecified; unavailable Steiger is not treated as support","deferred_until_post_FDR","deferred_until_post_FDR","deferred_until_post_FDR"
"reverse|GCST90670413",17,23.8278706707163,16,0.0933319785428614,0.00535716113942472,0.0074281921821218,0.481881121149218,"not_computed","Binary-outcome population prevalence has not been prespecified; unavailable Steiger is not treated as support","deferred_until_post_FDR","deferred_until_post_FDR","deferred_until_post_FDR"
"reverse|GCST90670414",15,12.486862110572,14,0.56726511846998,-0.00024461716953314,0.0161610882977692,0.988153367975332,"not_computed","Binary-outcome population prevalence has not been prespecified; unavailable Steiger is not treated as support","deferred_until_post_FDR","deferred_until_post_FDR","deferred_until_post_FDR"
"reverse|GCST90670415",17,15.6534439214821,16,0.477398340342973,0.00880518238929407,0.00598517268607502,0.161912860313785,"not_computed","Binary-outcome population prevalence has not been prespecified; unavailable Steiger is not treated as support","deferred_until_post_FDR","deferred_until_post_FDR","deferred_until_post_FDR"
"reverse|GCST90670416",17,18.6566829285839,16,0.286867729863215,0.0120408356665207,0.00573250620602085,0.0530104747482907,"not_computed","Binary-outcome population prevalence has not been prespecified; unavailable Steiger is not treated as support","deferred_until_post_FDR","deferred_until_post_FDR","deferred_until_post_FDR"
"reverse|GCST90670417",17,12.2113376761639,16,0.729308017626774,0.0113414537947287,0.00589249619083956,0.073443407759812,"not_computed","Binary-outcome population prevalence has not been prespecified; unavailable Steiger is not treated as support","deferred_until_post_FDR","deferred_until_post_FDR","deferred_until_post_FDR"
"reverse|GCST90670418",15,16.8751864159447,14,0.262890264378962,-0.0157987506345631,0.0250506314336735,0.539184068009775,"not_computed","Binary-outcome population prevalence has not been prespecified; unavailable Steiger is not treated as support","deferred_until_post_FDR","deferred_until_post_FDR","deferred_until_post_FDR"
"reverse|GCST90670419",15,17.3547321457992,14,0.237766527063402,0.00735877026119876,0.0217690666275373,0.740731267512018,"not_computed","Binary-outcome population prevalence has not been prespecified; unavailable Steiger is not treated as support","deferred_until_post_FDR","deferred_until_post_FDR","deferred_until_post_FDR"
"reverse|GCST90670420",17,21.6970617527182,16,0.153245104575075,0.0137529463047217,0.0061582266279046,0.0411897814860349,"not_computed","Binary-outcome population prevalence has not been prespecified; unavailable Steiger is not treated as support","deferred_until_post_FDR","deferred_until_post_FDR","deferred_until_post_FDR"
"reverse|GCST90670421",17,13.9663577139733,16,0.6012202156837,-0.000508350210560504,0.0057592973215463,0.930832899486774,"not_computed","Binary-outcome population prevalence has not been prespecified; unavailable Steiger is not treated as support","deferred_until_post_FDR","deferred_until_post_FDR","deferred_until_post_FDR"
"reverse|GCST90670422",15,13.752691992259,14,0.468293667770604,0.00857441951662602,0.0148702245318865,0.57404747600178,"not_computed","Binary-outcome population prevalence has not been prespecified; unavailable Steiger is not treated as support","deferred_until_post_FDR","deferred_until_post_FDR","deferred_until_post_FDR"
"reverse|GCST90670423",15,26.9678288747475,14,0.0194398597560992,-0.000992431303903234,0.027517269516836,0.971777845818093,"not_computed","Binary-outcome population prevalence has not been prespecified; unavailable Steiger is not treated as support","deferred_until_post_FDR","deferred_until_post_FDR","deferred_until_post_FDR"
"reverse|GCST90670424",17,8.51915038201779,16,0.931888985423906,-0.00647353301918913,0.00580943778486673,0.282681585900141,"not_computed","Binary-outcome population prevalence has not been prespecified; unavailable Steiger is not treated as support","deferred_until_post_FDR","deferred_until_post_FDR","deferred_until_post_FDR"
"reverse|GCST90670425",15,9.72017137278428,14,0.782342633197108,0.0232561521177015,0.0162090833798273,0.174973363366087,"not_computed","Binary-outcome population prevalence has not been prespecified; unavailable Steiger is not treated as support","deferred_until_post_FDR","deferred_until_post_FDR","deferred_until_post_FDR"
"reverse|GCST90670426",17,15.9824548096307,16,0.454186015547755,0.00185180363427655,0.00618157857540649,0.768617647933462,"not_computed","Binary-outcome population prevalence has not been prespecified; unavailable Steiger is not treated as support","deferred_until_post_FDR","deferred_until_post_FDR","deferred_until_post_FDR"
"reverse|GCST90670427",15,11.8439943311946,14,0.618829711573718,0.000886249335602982,0.014336709735267,0.951649041373864,"not_computed","Binary-outcome population prevalence has not been prespecified; unavailable Steiger is not treated as support","deferred_until_post_FDR","deferred_until_post_FDR","deferred_until_post_FDR"
"reverse|GCST90670428",17,13.057149960691,16,0.66857464026639,0.00535651558326296,0.0054466370505718,0.340982053845593,"not_computed","Binary-outcome population prevalence has not been prespecified; unavailable Steiger is not treated as support","deferred_until_post_FDR","deferred_until_post_FDR","deferred_until_post_FDR"
"reverse|GCST90670429",17,8.25086148942501,16,0.941044678928479,0.00627533896086952,0.00581304276720357,0.297405809459557,"not_computed","Binary-outcome population prevalence has not been prespecified; unavailable Steiger is not treated as support","deferred_until_post_FDR","deferred_until_post_FDR","deferred_until_post_FDR"
"reverse|GCST90670430",15,17.2017646940756,14,0.245585185555496,0.00912697974014082,0.019081381910401,0.640367231753967,"not_computed","Binary-outcome population prevalence has not been prespecified; unavailable Steiger is not treated as support","deferred_until_post_FDR","deferred_until_post_FDR","deferred_until_post_FDR"
"reverse|GCST90670431",17,15.4994090349108,16,0.48840952578125,-0.00407557583306779,0.00544183215520662,0.465479740576986,"not_computed","Binary-outcome population prevalence has not been prespecified; unavailable Steiger is not treated as support","deferred_until_post_FDR","deferred_until_post_FDR","deferred_until_post_FDR"
"reverse|GCST90670432",15,16.7990843690663,14,0.267042916450114,-0.0294606927169884,0.0200709150235031,0.165925351204692,"not_computed","Binary-outcome population prevalence has not been prespecified; unavailable Steiger is not treated as support","deferred_until_post_FDR","deferred_until_post_FDR","deferred_until_post_FDR"
"reverse|GCST90670433",17,7.24219433075611,16,0.9683054770661,-0.00266675347584719,0.00580578824058985,0.652585880923133,"not_computed","Binary-outcome population prevalence has not been prespecified; unavailable Steiger is not treated as support","deferred_until_post_FDR","deferred_until_post_FDR","deferred_until_post_FDR"
"reverse|GCST90670434",15,9.79742951329703,14,0.776838633052627,0.0155177534693876,0.0194127197489478,0.438443750969949,"not_computed","Binary-outcome population prevalence has not been prespecified; unavailable Steiger is not treated as support","deferred_until_post_FDR","deferred_until_post_FDR","deferred_until_post_FDR"
"reverse|GCST90670435",17,11.553675823048,16,0.774090619402064,0.007910919372045,0.00532657524934358,0.158207861627021,"not_computed","Binary-outcome population prevalence has not been prespecified; unavailable Steiger is not treated as support","deferred_until_post_FDR","deferred_until_post_FDR","deferred_until_post_FDR"
"reverse|GCST90670436",17,26.1128952739626,16,0.0524602848528692,-5.73425965060936e-05,0.00724038404876075,0.993785330148948,"not_computed","Binary-outcome population prevalence has not been prespecified; unavailable Steiger is not treated as support","deferred_until_post_FDR","deferred_until_post_FDR","deferred_until_post_FDR"
"reverse|GCST90670437",17,17.7431729455065,16,0.339149223118549,0.00320807679919092,0.00641575507190616,0.62430876074401,"not_computed","Binary-outcome population prevalence has not been prespecified; unavailable Steiger is not treated as support","deferred_until_post_FDR","deferred_until_post_FDR","deferred_until_post_FDR"
"reverse|GCST90670438",17,20.1482589252903,16,0.213617244279706,0.00620564602577354,0.00644255423728878,0.350705797518954,"not_computed","Binary-outcome population prevalence has not been prespecified; unavailable Steiger is not treated as support","deferred_until_post_FDR","deferred_until_post_FDR","deferred_until_post_FDR"
"reverse|GCST90670439",15,12.622383939567,14,0.55644892097369,-0.00909963174691925,0.0144808291533895,0.540631015533876,"not_computed","Binary-outcome population prevalence has not been prespecified; unavailable Steiger is not treated as support","deferred_until_post_FDR","deferred_until_post_FDR","deferred_until_post_FDR"
"reverse|GCST90670440",15,14.3109247949487,14,0.426813169054114,0.00863558707514639,0.0257340802887617,0.742548896512246,"not_computed","Binary-outcome population prevalence has not been prespecified; unavailable Steiger is not treated as support","deferred_until_post_FDR","deferred_until_post_FDR","deferred_until_post_FDR"
"reverse|GCST90670441",17,20.8107484740685,16,0.185900456649791,0.00242296449892758,0.00703574587545948,0.735341733206948,"not_computed","Binary-outcome population prevalence has not been prespecified; unavailable Steiger is not treated as support","deferred_until_post_FDR","deferred_until_post_FDR","deferred_until_post_FDR"
"reverse|GCST90670442",17,18.8213098148405,16,0.27803832855719,0.00634208306583443,0.0064594175174871,0.341753132647839,"not_computed","Binary-outcome population prevalence has not been prespecified; unavailable Steiger is not treated as support","deferred_until_post_FDR","deferred_until_post_FDR","deferred_until_post_FDR"
"reverse|GCST90670443",17,16.3178791462108,16,0.431003884012218,-0.00503307735983926,0.00582871472113872,0.401461014807307,"not_computed","Binary-outcome population prevalence has not been prespecified; unavailable Steiger is not treated as support","deferred_until_post_FDR","deferred_until_post_FDR","deferred_until_post_FDR"
"reverse|GCST90670444",15,24.3684656727338,14,0.0413385743547848,0.00641056009284516,0.0348553390083137,0.856914784207017,"not_computed","Binary-outcome population prevalence has not been prespecified; unavailable Steiger is not treated as support","deferred_until_post_FDR","deferred_until_post_FDR","deferred_until_post_FDR"
"reverse|GCST90670445",17,17.5075815881625,16,0.353508869701625,0.00340634715443415,0.00592168297918197,0.573661992768138,"not_computed","Binary-outcome population prevalence has not been prespecified; unavailable Steiger is not treated as support","deferred_until_post_FDR","deferred_until_post_FDR","deferred_until_post_FDR"
"reverse|GCST90670446",17,8.30066011137056,16,0.939407317762607,0.00823799133468222,0.00571055874066198,0.169691952575282,"not_computed","Binary-outcome population prevalence has not been prespecified; unavailable Steiger is not treated as support","deferred_until_post_FDR","deferred_until_post_FDR","deferred_until_post_FDR"
"reverse|GCST90670447",15,15.6687667840892,14,0.334017964950375,-0.0102699099807271,0.014887311029496,0.502422304155042,"not_computed","Binary-outcome population prevalence has not been prespecified; unavailable Steiger is not treated as support","deferred_until_post_FDR","deferred_until_post_FDR","deferred_until_post_FDR"
"reverse|GCST90670448",15,10.5094553857634,14,0.72406909200383,0.00633168592140471,0.0136757947924095,0.651030157999494,"not_computed","Binary-outcome population prevalence has not been prespecified; unavailable Steiger is not treated as support","deferred_until_post_FDR","deferred_until_post_FDR","deferred_until_post_FDR"
"reverse|GCST90670449",17,8.7925563418144,16,0.921709763997378,0.000413019162735127,0.00581170249830073,0.944283449287181,"not_computed","Binary-outcome population prevalence has not been prespecified; unavailable Steiger is not treated as support","deferred_until_post_FDR","deferred_until_post_FDR","deferred_until_post_FDR"
"reverse|GCST90670450",15,26.5961371524398,14,0.0217161757154397,-0.0165476157110278,0.0284072984856136,0.570187253125289,"not_computed","Binary-outcome population prevalence has not been prespecified; unavailable Steiger is not treated as support","deferred_until_post_FDR","deferred_until_post_FDR","deferred_until_post_FDR"
"reverse|GCST90670451",15,6.75822298639477,14,0.943630550033337,0.00981491226313493,0.0250139079972935,0.70113637898214,"not_computed","Binary-outcome population prevalence has not been prespecified; unavailable Steiger is not treated as support","deferred_until_post_FDR","deferred_until_post_FDR","deferred_until_post_FDR"
"reverse|GCST90670452",17,17.0547120003324,16,0.382065283557209,-0.00501683976205425,0.00591427290766086,0.409625955383091,"not_computed","Binary-outcome population prevalence has not been prespecified; unavailable Steiger is not treated as support","deferred_until_post_FDR","deferred_until_post_FDR","deferred_until_post_FDR"
"reverse|GCST90670453",15,9.84576046140361,14,0.773370940280206,-0.0234489146051419,0.0222710150916086,0.311569219641224,"not_computed","Binary-outcome population prevalence has not been prespecified; unavailable Steiger is not treated as support","deferred_until_post_FDR","deferred_until_post_FDR","deferred_until_post_FDR"
"reverse|GCST90670454",17,22.9736724930266,16,0.114440117184404,0.00358283116693611,0.00662580662531022,0.596626654639678,"not_computed","Binary-outcome population prevalence has not been prespecified; unavailable Steiger is not treated as support","deferred_until_post_FDR","deferred_until_post_FDR","deferred_until_post_FDR"
"reverse|GCST90670455",15,8.93953618683514,14,0.834904269968417,0.00586228029992627,0.0142601715782438,0.68769929074674,"not_computed","Binary-outcome population prevalence has not been prespecified; unavailable Steiger is not treated as support","deferred_until_post_FDR","deferred_until_post_FDR","deferred_until_post_FDR"
"reverse|GCST90670456",15,11.5341089099223,14,0.64366178772763,0.0230158354359901,0.0164358627564791,0.184823799033664,"not_computed","Binary-outcome population prevalence has not been prespecified; unavailable Steiger is not treated as support","deferred_until_post_FDR","deferred_until_post_FDR","deferred_until_post_FDR"
"reverse|GCST90670457",15,11.7807395598436,14,0.623906001307531,0.0173562779060036,0.0140002372896888,0.236994458130936,"not_computed","Binary-outcome population prevalence has not been prespecified; unavailable Steiger is not treated as support","deferred_until_post_FDR","deferred_until_post_FDR","deferred_until_post_FDR"
"reverse|GCST90670458",15,13.3461849459433,14,0.499464059195423,-0.0178862055879642,0.0136172273299533,0.2117253189453,"not_computed","Binary-outcome population prevalence has not been prespecified; unavailable Steiger is not treated as support","deferred_until_post_FDR","deferred_until_post_FDR","deferred_until_post_FDR"
"reverse|GCST90670459",15,5.14638578302585,14,0.983669278493379,-0.00280846326807425,0.014804487130056,0.852471433274783,"not_computed","Binary-outcome population prevalence has not been prespecified; unavailable Steiger is not treated as support","deferred_until_post_FDR","deferred_until_post_FDR","deferred_until_post_FDR"
"reverse|GCST90670460",15,10.5692134540335,14,0.719496708764641,0.002741007681519,0.0174849506609772,0.877839415596516,"not_computed","Binary-outcome population prevalence has not been prespecified; unavailable Steiger is not treated as support","deferred_until_post_FDR","deferred_until_post_FDR","deferred_until_post_FDR"
"reverse|GCST90670461",15,17.7031086308657,14,0.220639088931703,-0.0244954879240907,0.0190596790294547,0.221148110167637,"not_computed","Binary-outcome population prevalence has not been prespecified; unavailable Steiger is not treated as support","deferred_until_post_FDR","deferred_until_post_FDR","deferred_until_post_FDR"
"reverse|GCST90670462",17,12.5120481192872,16,0.708043850024299,0.00514236417041499,0.00562942974584435,0.375440445862974,"not_computed","Binary-outcome population prevalence has not been prespecified; unavailable Steiger is not treated as support","deferred_until_post_FDR","deferred_until_post_FDR","deferred_until_post_FDR"
"reverse|GCST90670463",15,12.0606568050607,14,0.601431463285733,0.00200633760722554,0.0150722414980484,0.896141111907131,"not_computed","Binary-outcome population prevalence has not been prespecified; unavailable Steiger is not treated as support","deferred_until_post_FDR","deferred_until_post_FDR","deferred_until_post_FDR"
"reverse|GCST90670464",15,10.9047310939264,14,0.693503433235053,0.0146827133227179,0.0217067072173169,0.510634107201628,"not_computed","Binary-outcome population prevalence has not been prespecified; unavailable Steiger is not treated as support","deferred_until_post_FDR","deferred_until_post_FDR","deferred_until_post_FDR"
"reverse|GCST90670465",17,8.87951576211031,16,0.918292118170399,0.000270790670040132,0.00550336393741324,0.96140547229229,"not_computed","Binary-outcome population prevalence has not been prespecified; unavailable Steiger is not treated as support","deferred_until_post_FDR","deferred_until_post_FDR","deferred_until_post_FDR"
"reverse|GCST90670466",15,28.5908320405476,14,0.0118651410103438,-0.0305067438018363,0.027199456809307,0.28232563047261,"not_computed","Binary-outcome population prevalence has not been prespecified; unavailable Steiger is not treated as support","deferred_until_post_FDR","deferred_until_post_FDR","deferred_until_post_FDR"
"reverse|GCST90670467",17,23.9546395859026,16,0.0904999097712752,0.00605507368426847,0.00722111152147644,0.414899687646056,"not_computed","Binary-outcome population prevalence has not been prespecified; unavailable Steiger is not treated as support","deferred_until_post_FDR","deferred_until_post_FDR","deferred_until_post_FDR"
"reverse|GCST90670468",15,7.86839937133323,14,0.896068745709221,0.00624091240744801,0.0140894747576717,0.665084218543516,"not_computed","Binary-outcome population prevalence has not been prespecified; unavailable Steiger is not treated as support","deferred_until_post_FDR","deferred_until_post_FDR","deferred_until_post_FDR"
"reverse|GCST90670469",15,19.3190894408652,14,0.153111389781971,-0.015649165419144,0.0164673090037029,0.359285271995246,"not_computed","Binary-outcome population prevalence has not been prespecified; unavailable Steiger is not treated as support","deferred_until_post_FDR","deferred_until_post_FDR","deferred_until_post_FDR"
"reverse|GCST90670470",17,26.2913788817972,16,0.0500637241322849,-0.00164213702264018,0.00744071248759991,0.828304822788189,"not_computed","Binary-outcome population prevalence has not been prespecified; unavailable Steiger is not treated as support","deferred_until_post_FDR","deferred_until_post_FDR","deferred_until_post_FDR"
"reverse|GCST90670471",15,8.72156831386368,14,0.848462677744234,0.0223294314443761,0.0199417195358616,0.283088767963973,"not_computed","Binary-outcome population prevalence has not been prespecified; unavailable Steiger is not treated as support","deferred_until_post_FDR","deferred_until_post_FDR","deferred_until_post_FDR"
"reverse|GCST90670472",17,18.1038149573303,16,0.317852922154605,0.00512376279383396,0.00623740057305139,0.42424996900749,"not_computed","Binary-outcome population prevalence has not been prespecified; unavailable Steiger is not treated as support","deferred_until_post_FDR","deferred_until_post_FDR","deferred_until_post_FDR"
"reverse|GCST90670473",17,18.6131803379767,16,0.289231553629293,-0.00252447333338496,0.0066428773440674,0.709252240085533,"not_computed","Binary-outcome population prevalence has not been prespecified; unavailable Steiger is not treated as support","deferred_until_post_FDR","deferred_until_post_FDR","deferred_until_post_FDR"
"reverse|GCST90670474",17,20.9975515553611,16,0.178604710216836,-0.00538290367034466,0.00658077814591887,0.42617559356353,"not_computed","Binary-outcome population prevalence has not been prespecified; unavailable Steiger is not treated as support","deferred_until_post_FDR","deferred_until_post_FDR","deferred_until_post_FDR"
"reverse|GCST90670475",15,17.9139890210349,14,0.210726345807061,-0.0216642246586662,0.0200132234902954,0.298703093958099,"not_computed","Binary-outcome population prevalence has not been prespecified; unavailable Steiger is not treated as support","deferred_until_post_FDR","deferred_until_post_FDR","deferred_until_post_FDR"
"reverse|GCST90670476",15,8.91089141099204,14,0.836716146092424,-0.00075200414079366,0.0182198571920184,0.967704730169193,"not_computed","Binary-outcome population prevalence has not been prespecified; unavailable Steiger is not treated as support","deferred_until_post_FDR","deferred_until_post_FDR","deferred_until_post_FDR"
"reverse|GCST90670477",17,26.6194870617927,16,0.0459111743113913,-0.00947641807887235,0.00727164688623072,0.212156192989525,"not_computed","Binary-outcome population prevalence has not been prespecified; unavailable Steiger is not treated as support","deferred_until_post_FDR","deferred_until_post_FDR","deferred_until_post_FDR"
"reverse|GCST90670478",15,17.1355935278177,14,0.249024061484385,0.00037949282056811,0.0199270766732597,0.98509513228012,"not_computed","Binary-outcome population prevalence has not been prespecified; unavailable Steiger is not treated as support","deferred_until_post_FDR","deferred_until_post_FDR","deferred_until_post_FDR"
"reverse|GCST90670479",15,14.7729048155701,14,0.393852688878624,-0.0107133897562701,0.0218574496584415,0.632197271881893,"not_computed","Binary-outcome population prevalence has not been prespecified; unavailable Steiger is not treated as support","deferred_until_post_FDR","deferred_until_post_FDR","deferred_until_post_FDR"
"reverse|GCST90670480",15,9.20033241224434,14,0.818007066853119,-0.00439033506610501,0.0136669083276312,0.753135938829428,"not_computed","Binary-outcome population prevalence has not been prespecified; unavailable Steiger is not treated as support","deferred_until_post_FDR","deferred_until_post_FDR","deferred_until_post_FDR"
"reverse|GCST90670481",17,15.397551080868,16,0.495736502765157,0.000287032431192272,0.00598326274813605,0.962371023840042,"not_computed","Binary-outcome population prevalence has not been prespecified; unavailable Steiger is not treated as support","deferred_until_post_FDR","deferred_until_post_FDR","deferred_until_post_FDR"
"reverse|GCST90670482",17,18.4044046484575,16,0.30075330212409,-0.00589803074288557,0.00630150228953127,0.364112851940301,"not_computed","Binary-outcome population prevalence has not been prespecified; unavailable Steiger is not treated as support","deferred_until_post_FDR","deferred_until_post_FDR","deferred_until_post_FDR"
"reverse|GCST90670483",15,18.5879144428842,14,0.18130032810483,-0.0114333882609416,0.019210698591072,0.561955793318722,"not_computed","Binary-outcome population prevalence has not been prespecified; unavailable Steiger is not treated as support","deferred_until_post_FDR","deferred_until_post_FDR","deferred_until_post_FDR"
"reverse|GCST90670484",17,22.3444610155349,16,0.132413516023854,0.00723529032583387,0.00683813565429422,0.306761906087801,"not_computed","Binary-outcome population prevalence has not been prespecified; unavailable Steiger is not treated as support","deferred_until_post_FDR","deferred_until_post_FDR","deferred_until_post_FDR"
"reverse|GCST90670485",17,15.7900801633944,16,0.467705342130786,-0.00717852003835387,0.00572966635045597,0.229433468336348,"not_computed","Binary-outcome population prevalence has not been prespecified; unavailable Steiger is not treated as support","deferred_until_post_FDR","deferred_until_post_FDR","deferred_until_post_FDR"
"reverse|GCST90670486",15,8.3865637844086,14,0.868230910929859,1.65167348970909e-06,0.0154674289406678,0.999916419976031,"not_computed","Binary-outcome population prevalence has not been prespecified; unavailable Steiger is not treated as support","deferred_until_post_FDR","deferred_until_post_FDR","deferred_until_post_FDR"
"reverse|GCST90670487",15,12.5944201217142,14,0.558678044053334,-0.013824375556847,0.0181000518506043,0.458639470031044,"not_computed","Binary-outcome population prevalence has not been prespecified; unavailable Steiger is not treated as support","deferred_until_post_FDR","deferred_until_post_FDR","deferred_until_post_FDR"
"reverse|GCST90670488",15,12.7095742486952,14,0.549508738513042,0.0525264866214506,0.0248626358324729,0.0545430145549761,"not_computed","Binary-outcome population prevalence has not been prespecified; unavailable Steiger is not treated as support","deferred_until_post_FDR","deferred_until_post_FDR","deferred_until_post_FDR"
"reverse|GCST90670489",15,22.549480258628,14,0.0680069071867615,0.000313513421970067,0.0213184766532665,0.988489888371458,"not_computed","Binary-outcome population prevalence has not been prespecified; unavailable Steiger is not treated as support","deferred_until_post_FDR","deferred_until_post_FDR","deferred_until_post_FDR"
"reverse|GCST90670490",15,8.94979668879193,14,0.834253089578264,-0.00258147082586312,0.0153950796944717,0.869414246386447,"not_computed","Binary-outcome population prevalence has not been prespecified; unavailable Steiger is not treated as support","deferred_until_post_FDR","deferred_until_post_FDR","deferred_until_post_FDR"
"reverse|GCST90670491",15,6.16369831817746,14,0.962195160907378,-0.00596231526832296,0.0138159820551593,0.673137677070971,"not_computed","Binary-outcome population prevalence has not been prespecified; unavailable Steiger is not treated as support","deferred_until_post_FDR","deferred_until_post_FDR","deferred_until_post_FDR"
"reverse|GCST90670492",15,22.1029621046905,14,0.0765233873970598,0.00188704083463684,0.0230787222697206,0.936078766309042,"not_computed","Binary-outcome population prevalence has not been prespecified; unavailable Steiger is not treated as support","deferred_until_post_FDR","deferred_until_post_FDR","deferred_until_post_FDR"
"reverse|GCST90670493",17,23.2527585820595,16,0.107142928176952,-0.00390451486563092,0.00676054546092599,0.572139790362379,"not_computed","Binary-outcome population prevalence has not been prespecified; unavailable Steiger is not treated as support","deferred_until_post_FDR","deferred_until_post_FDR","deferred_until_post_FDR"
"reverse|GCST90670494",15,13.9672816395912,14,0.452151456364524,0.0160776559507835,0.0140857131822754,0.274286897372886,"not_computed","Binary-outcome population prevalence has not been prespecified; unavailable Steiger is not treated as support","deferred_until_post_FDR","deferred_until_post_FDR","deferred_until_post_FDR"
"reverse|GCST90670495",17,14.8592857351865,16,0.534967850376709,0.00841621152704497,0.00548168609570356,0.145523477098303,"not_computed","Binary-outcome population prevalence has not been prespecified; unavailable Steiger is not treated as support","deferred_until_post_FDR","deferred_until_post_FDR","deferred_until_post_FDR"
"reverse|GCST90670496",15,9.17500653574547,14,0.819678837004875,0.00405434625211581,0.0156464444557929,0.799598569831276,"not_computed","Binary-outcome population prevalence has not been prespecified; unavailable Steiger is not treated as support","deferred_until_post_FDR","deferred_until_post_FDR","deferred_until_post_FDR"
"reverse|GCST90670497",17,19.8306645630723,16,0.227944483203452,0.00185892348473579,0.00634237455771019,0.773464750022555,"not_computed","Binary-outcome population prevalence has not been prespecified; unavailable Steiger is not treated as support","deferred_until_post_FDR","deferred_until_post_FDR","deferred_until_post_FDR"
"reverse|GCST90670498",15,17.1118807274254,14,0.250264740509795,-0.0148864539445008,0.0217238857302198,0.50521756647935,"not_computed","Binary-outcome population prevalence has not been prespecified; unavailable Steiger is not treated as support","deferred_until_post_FDR","deferred_until_post_FDR","deferred_until_post_FDR"
"reverse|GCST90670499",15,23.7431366599169,14,0.0492018766693455,0.0104629984246475,0.0326820916793484,0.753946002519352,"not_computed","Binary-outcome population prevalence has not been prespecified; unavailable Steiger is not treated as support","deferred_until_post_FDR","deferred_until_post_FDR","deferred_until_post_FDR"
"reverse|GCST90670500",15,14.9633940711204,14,0.380661614142277,-0.0212439858800813,0.0154632939100734,0.192719862169812,"not_computed","Binary-outcome population prevalence has not been prespecified; unavailable Steiger is not treated as support","deferred_until_post_FDR","deferred_until_post_FDR","deferred_until_post_FDR"
"reverse|GCST90670501",17,14.8500214944166,16,0.535649450940129,0.008914308632787,0.00586170080689427,0.149114782102467,"not_computed","Binary-outcome population prevalence has not been prespecified; unavailable Steiger is not treated as support","deferred_until_post_FDR","deferred_until_post_FDR","deferred_until_post_FDR"
"reverse|GCST90670502",15,7.18239911796064,14,0.92745143887845,-0.00460258276489007,0.0165632676281761,0.785475570991608,"not_computed","Binary-outcome population prevalence has not been prespecified; unavailable Steiger is not treated as support","deferred_until_post_FDR","deferred_until_post_FDR","deferred_until_post_FDR"
"reverse|GCST90670503",17,12.2104718066032,16,0.729368614832587,0.00830161840994616,0.00575691383794503,0.169848416367758,"not_computed","Binary-outcome population prevalence has not been prespecified; unavailable Steiger is not treated as support","deferred_until_post_FDR","deferred_until_post_FDR","deferred_until_post_FDR"
"reverse|GCST90670504",15,15.2747778249166,14,0.35963295845256,-0.00634391150402104,0.0160802805378978,0.699596918183445,"not_computed","Binary-outcome population prevalence has not been prespecified; unavailable Steiger is not treated as support","deferred_until_post_FDR","deferred_until_post_FDR","deferred_until_post_FDR"
"reverse|GCST90670505",17,6.86991514534473,16,0.975687636993072,0.0056603997811615,0.00545248794822334,0.315654853493571,"not_computed","Binary-outcome population prevalence has not been prespecified; unavailable Steiger is not treated as support","deferred_until_post_FDR","deferred_until_post_FDR","deferred_until_post_FDR"
"reverse|GCST90670506",17,21.4510074707772,16,0.161818546484991,-0.00177757312537265,0.00687461805732407,0.799481098236603,"not_computed","Binary-outcome population prevalence has not been prespecified; unavailable Steiger is not treated as support","deferred_until_post_FDR","deferred_until_post_FDR","deferred_until_post_FDR"
"reverse|GCST90670507",15,13.5324432492462,14,0.485092404622317,-0.0111082008454691,0.0136883342875396,0.431681718132192,"not_computed","Binary-outcome population prevalence has not been prespecified; unavailable Steiger is not treated as support","deferred_until_post_FDR","deferred_until_post_FDR","deferred_until_post_FDR"
"reverse|GCST90670508",15,14.1529053327413,14,0.438382719285695,-0.0227894316272472,0.013951581817046,0.126343768725648,"not_computed","Binary-outcome population prevalence has not been prespecified; unavailable Steiger is not treated as support","deferred_until_post_FDR","deferred_until_post_FDR","deferred_until_post_FDR"
"reverse|GCST90670509",15,8.27514652923958,14,0.874504509893348,-0.0190205712218052,0.0233422424558473,0.429830321083943,"not_computed","Binary-outcome population prevalence has not been prespecified; unavailable Steiger is not treated as support","deferred_until_post_FDR","deferred_until_post_FDR","deferred_until_post_FDR"
"reverse|GCST90670510",15,13.6096238778005,14,0.479180495536418,-0.0149759770714604,0.0212408598701448,0.493215635126319,"not_computed","Binary-outcome population prevalence has not been prespecified; unavailable Steiger is not treated as support","deferred_until_post_FDR","deferred_until_post_FDR","deferred_until_post_FDR"
"reverse|GCST90670511",15,13.9973560714047,14,0.44990805079752,-0.00516418225771519,0.015346919639357,0.74186649195584,"not_computed","Binary-outcome population prevalence has not been prespecified; unavailable Steiger is not treated as support","deferred_until_post_FDR","deferred_until_post_FDR","deferred_until_post_FDR"
"reverse|GCST90670512",15,15.1903612107906,14,0.365266897572707,-0.0109330424960429,0.0201122459013936,0.595915383026396,"not_computed","Binary-outcome population prevalence has not been prespecified; unavailable Steiger is not treated as support","deferred_until_post_FDR","deferred_until_post_FDR","deferred_until_post_FDR"
"reverse|GCST90670513",17,12.5936344349136,16,0.702205081183217,0.000896939845770622,0.00558584676482811,0.874571739358391,"not_computed","Binary-outcome population prevalence has not been prespecified; unavailable Steiger is not treated as support","deferred_until_post_FDR","deferred_until_post_FDR","deferred_until_post_FDR"
"reverse|GCST90670514",17,16.6756470550433,16,0.406879894167569,0.00724000034558148,0.00562050505893771,0.217214098418161,"not_computed","Binary-outcome population prevalence has not been prespecified; unavailable Steiger is not treated as support","deferred_until_post_FDR","deferred_until_post_FDR","deferred_until_post_FDR"
"reverse|GCST90670515",17,13.4091561345115,16,0.642639254521888,-9.73427482584993e-05,0.00545248794822334,0.985991506427116,"not_computed","Binary-outcome population prevalence has not been prespecified; unavailable Steiger is not treated as support","deferred_until_post_FDR","deferred_until_post_FDR","deferred_until_post_FDR"
"reverse|GCST90670516",15,19.7057922334991,14,0.139693341138252,0.00979250172414545,0.0166827251349278,0.567268866742228,"not_computed","Binary-outcome population prevalence has not been prespecified; unavailable Steiger is not treated as support","deferred_until_post_FDR","deferred_until_post_FDR","deferred_until_post_FDR"
"reverse|GCST90670517",15,24.6229424744228,14,0.0384774597819676,0.0114108221149035,0.0185272835865389,0.548597520835321,"not_computed","Binary-outcome population prevalence has not been prespecified; unavailable Steiger is not treated as support","deferred_until_post_FDR","deferred_until_post_FDR","deferred_until_post_FDR"
"reverse|GCST90670518",15,8.80283230294681,14,0.843469904378457,-0.00340917055140383,0.0169442468095152,0.843656639519799,"not_computed","Binary-outcome population prevalence has not been prespecified; unavailable Steiger is not treated as support","deferred_until_post_FDR","deferred_until_post_FDR","deferred_until_post_FDR"
"reverse|GCST90670519",15,10.6516072576487,14,0.713162128922285,0.00902415121516552,0.0218922717036657,0.686903995191808,"not_computed","Binary-outcome population prevalence has not been prespecified; unavailable Steiger is not treated as support","deferred_until_post_FDR","deferred_until_post_FDR","deferred_until_post_FDR"
"reverse|GCST90670520",17,11.0591589280202,16,0.805819073456978,-0.00205681367675275,0.0057592973215463,0.725969624557144,"not_computed","Binary-outcome population prevalence has not been prespecified; unavailable Steiger is not treated as support","deferred_until_post_FDR","deferred_until_post_FDR","deferred_until_post_FDR"
"reverse|GCST90670521",15,13.5572946673001,14,0.48318595074409,-0.010371579931164,0.015725373204708,0.521059694727052,"not_computed","Binary-outcome population prevalence has not been prespecified; unavailable Steiger is not treated as support","deferred_until_post_FDR","deferred_until_post_FDR","deferred_until_post_FDR"
"reverse|GCST90670522",15,15.7033418881065,14,0.331824555702296,0.0116104652803393,0.0145298134636782,0.438601150507537,"not_computed","Binary-outcome population prevalence has not been prespecified; unavailable Steiger is not treated as support","deferred_until_post_FDR","deferred_until_post_FDR","deferred_until_post_FDR"
"reverse|GCST90670523",17,21.4924391189484,16,0.160348926606847,0.00609398605337737,0.0068790681021875,0.389666869750924,"not_computed","Binary-outcome population prevalence has not been prespecified; unavailable Steiger is not treated as support","deferred_until_post_FDR","deferred_until_post_FDR","deferred_until_post_FDR"
"reverse|GCST90670524",17,24.5371543748549,16,0.0784113231027766,0.0107538873872739,0.00690764080034924,0.140359613716132,"not_computed","Binary-outcome population prevalence has not been prespecified; unavailable Steiger is not treated as support","deferred_until_post_FDR","deferred_until_post_FDR","deferred_until_post_FDR"
"reverse|GCST90670525",17,12.2717005474989,16,0.725074203838346,0.00250715071569457,0.00530819702469581,0.643498927854259,"not_computed","Binary-outcome population prevalence has not been prespecified; unavailable Steiger is not treated as support","deferred_until_post_FDR","deferred_until_post_FDR","deferred_until_post_FDR"
"reverse|GCST90670526",15,5.62842627004328,14,0.975006201524494,-0.0100468415705206,0.022365879233195,0.660681998309306,"not_computed","Binary-outcome population prevalence has not been prespecified; unavailable Steiger is not treated as support","deferred_until_post_FDR","deferred_until_post_FDR","deferred_until_post_FDR"
"reverse|GCST90670527",15,17.5211387072275,14,0.229467998368287,-0.0191566782333446,0.0220164138965524,0.400022439038222,"not_computed","Binary-outcome population prevalence has not been prespecified; unavailable Steiger is not treated as support","deferred_until_post_FDR","deferred_until_post_FDR","deferred_until_post_FDR"
"reverse|GCST90670528",17,12.3852148155407,16,0.717064048195755,0.00830563709006179,0.00550538632546239,0.152164009353661,"not_computed","Binary-outcome population prevalence has not been prespecified; unavailable Steiger is not treated as support","deferred_until_post_FDR","deferred_until_post_FDR","deferred_until_post_FDR"
"reverse|GCST90670529",15,12.8267645485609,14,0.540207530937526,0.0279962073967414,0.0139593802315507,0.0661793419093867,"not_computed","Binary-outcome population prevalence has not been prespecified; unavailable Steiger is not treated as support","deferred_until_post_FDR","deferred_until_post_FDR","deferred_until_post_FDR"
"reverse|GCST90670530",17,5.96948902933085,16,0.988421736988072,-0.00642219276684183,0.00566637788196492,0.274842972567886,"not_computed","Binary-outcome population prevalence has not been prespecified; unavailable Steiger is not treated as support","deferred_until_post_FDR","deferred_until_post_FDR","deferred_until_post_FDR"
"reverse|GCST90670531",15,13.4581238412813,14,0.490809629626676,-0.0155881545186385,0.0142228931996886,0.292971779002179,"not_computed","Binary-outcome population prevalence has not been prespecified; unavailable Steiger is not treated as support","deferred_until_post_FDR","deferred_until_post_FDR","deferred_until_post_FDR"
"reverse|GCST90670532",17,8.42621585477665,16,0.935153622929915,0.00415239805269041,0.00530845658595854,0.446256539914845,"not_computed","Binary-outcome population prevalence has not been prespecified; unavailable Steiger is not treated as support","deferred_until_post_FDR","deferred_until_post_FDR","deferred_until_post_FDR"
"reverse|GCST90670533",15,21.9317157504051,14,0.0800283575760973,-0.00754038438830692,0.0307221481669697,0.809949368669712,"not_computed","Binary-outcome population prevalence has not been prespecified; unavailable Steiger is not treated as support","deferred_until_post_FDR","deferred_until_post_FDR","deferred_until_post_FDR"
"reverse|GCST90670534",17,11.2108867443957,16,0.796285046417057,-0.0038541083626945,0.00548811576000746,0.4932687276574,"not_computed","Binary-outcome population prevalence has not been prespecified; unavailable Steiger is not treated as support","deferred_until_post_FDR","deferred_until_post_FDR","deferred_until_post_FDR"
"reverse|GCST90670535",17,12.9636623022631,16,0.675412806426148,-0.00461730835775534,0.00572338743505349,0.432419969629592,"not_computed","Binary-outcome population prevalence has not been prespecified; unavailable Steiger is not treated as support","deferred_until_post_FDR","deferred_until_post_FDR","deferred_until_post_FDR"
"reverse|GCST90670536",17,11.1726839536201,16,0.798703032643856,0.000304040701081186,0.00599498422899245,0.960221143531628,"not_computed","Binary-outcome population prevalence has not been prespecified; unavailable Steiger is not treated as support","deferred_until_post_FDR","deferred_until_post_FDR","deferred_until_post_FDR"
"reverse|GCST90670537",15,12.2502672869918,14,0.58621207250557,-0.0220159754996927,0.0264580164224169,0.420370278029844,"not_computed","Binary-outcome population prevalence has not been prespecified; unavailable Steiger is not treated as support","deferred_until_post_FDR","deferred_until_post_FDR","deferred_until_post_FDR"
"reverse|GCST90670538",15,18.7136744145326,14,0.176180921952581,0.015759201231841,0.017059376965042,0.372427374679871,"not_computed","Binary-outcome population prevalence has not been prespecified; unavailable Steiger is not treated as support","deferred_until_post_FDR","deferred_until_post_FDR","deferred_until_post_FDR"
"reverse|GCST90670539",17,22.0953569785473,16,0.140139196760016,0.00821496837028528,0.00671961788667908,0.240367750946828,"not_computed","Binary-outcome population prevalence has not been prespecified; unavailable Steiger is not treated as support","deferred_until_post_FDR","deferred_until_post_FDR","deferred_until_post_FDR"
"reverse|GCST90670540",15,12.4113493734115,14,0.573304796067085,0.0215228980038252,0.0212104419793497,0.3287483386785,"not_computed","Binary-outcome population prevalence has not been prespecified; unavailable Steiger is not treated as support","deferred_until_post_FDR","deferred_until_post_FDR","deferred_until_post_FDR"
"reverse|GCST90670541",15,11.6613388282205,14,0.633479235394764,0.0390223093067266,0.0210196393157407,0.0861883948150253,"not_computed","Binary-outcome population prevalence has not been prespecified; unavailable Steiger is not treated as support","deferred_until_post_FDR","deferred_until_post_FDR","deferred_until_post_FDR"
"reverse|GCST90670542",17,10.7139584318835,16,0.826787497905865,7.21143946510721e-05,0.00563283331878795,0.989954083568193,"not_computed","Binary-outcome population prevalence has not been prespecified; unavailable Steiger is not treated as support","deferred_until_post_FDR","deferred_until_post_FDR","deferred_until_post_FDR"
"reverse|GCST90670543",15,21.125858708258,14,0.0984504593187824,-0.0182559093165651,0.0268915220141363,0.50912486438314,"not_computed","Binary-outcome population prevalence has not been prespecified; unavailable Steiger is not treated as support","deferred_until_post_FDR","deferred_until_post_FDR","deferred_until_post_FDR"
"reverse|GCST90670544",17,24.1300783039846,16,0.0867016897613295,-0.00433988455910854,0.00705061465139136,0.547429372201129,"not_computed","Binary-outcome population prevalence has not been prespecified; unavailable Steiger is not treated as support","deferred_until_post_FDR","deferred_until_post_FDR","deferred_until_post_FDR"
"reverse|GCST90670545",15,10.3786816777229,14,0.734006663776064,0.0104003110387062,0.0150917478157339,0.502850982475115,"not_computed","Binary-outcome population prevalence has not been prespecified; unavailable Steiger is not treated as support","deferred_until_post_FDR","deferred_until_post_FDR","deferred_until_post_FDR"
"reverse|GCST90670546",15,18.792440399847,14,0.173032769238984,-0.013973052672468,0.0160850394007527,0.40076558863596,"not_computed","Binary-outcome population prevalence has not been prespecified; unavailable Steiger is not treated as support","deferred_until_post_FDR","deferred_until_post_FDR","deferred_until_post_FDR"
"reverse|GCST90670547",15,11.7652328947267,14,0.625150011941047,0.0226121416994155,0.021255987767426,0.306780395526622,"not_computed","Binary-outcome population prevalence has not been prespecified; unavailable Steiger is not treated as support","deferred_until_post_FDR","deferred_until_post_FDR","deferred_until_post_FDR"
"reverse|GCST90670548",17,10.2690019884215,16,0.85220780220785,-0.00947019577798875,0.00576836496818289,0.121436825431252,"not_computed","Binary-outcome population prevalence has not been prespecified; unavailable Steiger is not treated as support","deferred_until_post_FDR","deferred_until_post_FDR","deferred_until_post_FDR"
"reverse|GCST90670549",17,12.8431309583112,16,0.684191103446532,-0.000989970346073185,0.00571822000838201,0.864867232577645,"not_computed","Binary-outcome population prevalence has not been prespecified; unavailable Steiger is not treated as support","deferred_until_post_FDR","deferred_until_post_FDR","deferred_until_post_FDR"
"reverse|GCST90670550",15,14.6261539530983,14,0.404177663572288,-0.00222198195604737,0.0157519872931653,0.889984604710268,"not_computed","Binary-outcome population prevalence has not been prespecified; unavailable Steiger is not treated as support","deferred_until_post_FDR","deferred_until_post_FDR","deferred_until_post_FDR"
"reverse|GCST90670551",15,18.3887526904227,14,0.189644225550649,-0.0287783857692862,0.0193205320495817,0.160206133856319,"not_computed","Binary-outcome population prevalence has not been prespecified; unavailable Steiger is not treated as support","deferred_until_post_FDR","deferred_until_post_FDR","deferred_until_post_FDR"
"reverse|GCST90670552",15,22.0075037350927,14,0.0784603221678723,-0.0276686434108769,0.0274214182958956,0.33137965358044,"not_computed","Binary-outcome population prevalence has not been prespecified; unavailable Steiger is not treated as support","deferred_until_post_FDR","deferred_until_post_FDR","deferred_until_post_FDR"
"reverse|GCST90670553",15,22.7539382540479,14,0.0643932719997342,-0.00536275235432523,0.019809567179929,0.790860565548579,"not_computed","Binary-outcome population prevalence has not been prespecified; unavailable Steiger is not treated as support","deferred_until_post_FDR","deferred_until_post_FDR","deferred_until_post_FDR"
"reverse|GCST90670554",15,28.337458493708,14,0.0128293821001191,-0.0330933069913974,0.0289399642058405,0.273445589305505,"not_computed","Binary-outcome population prevalence has not been prespecified; unavailable Steiger is not treated as support","deferred_until_post_FDR","deferred_until_post_FDR","deferred_until_post_FDR"
"reverse|GCST90670555",17,12.1482414721261,16,0.733713571622334,0.00313467548670905,0.00557698382774669,0.582368327893729,"not_computed","Binary-outcome population prevalence has not been prespecified; unavailable Steiger is not treated as support","deferred_until_post_FDR","deferred_until_post_FDR","deferred_until_post_FDR"
"reverse|GCST90670556",17,20.4312112780496,16,0.201423765757275,-5.73291549315772e-05,0.00660410075953341,0.993188179664281,"not_computed","Binary-outcome population prevalence has not been prespecified; unavailable Steiger is not treated as support","deferred_until_post_FDR","deferred_until_post_FDR","deferred_until_post_FDR"
"reverse|GCST90670557",17,9.21689109167852,16,0.904213338020356,-0.00464476124201774,0.00561289855722328,0.420915569441321,"not_computed","Binary-outcome population prevalence has not been prespecified; unavailable Steiger is not treated as support","deferred_until_post_FDR","deferred_until_post_FDR","deferred_until_post_FDR"
"reverse|GCST90670558",17,11.4098360685541,16,0.783509940650005,0.000872851294218969,0.00579482778936114,0.882277686544396,"not_computed","Binary-outcome population prevalence has not been prespecified; unavailable Steiger is not treated as support","deferred_until_post_FDR","deferred_until_post_FDR","deferred_until_post_FDR"
"reverse|GCST90670559",15,12.2348885169034,14,0.587445672080295,-0.0171824181185831,0.0185094846063906,0.370166094038424,"not_computed","Binary-outcome population prevalence has not been prespecified; unavailable Steiger is not treated as support","deferred_until_post_FDR","deferred_until_post_FDR","deferred_until_post_FDR"
"reverse|GCST90670560",15,17.7798851177931,14,0.216990617186434,0.0087446135473776,0.0161127638586845,0.596509274847187,"not_computed","Binary-outcome population prevalence has not been prespecified; unavailable Steiger is not treated as support","deferred_until_post_FDR","deferred_until_post_FDR","deferred_until_post_FDR"
"reverse|GCST90670561",15,10.2764296773163,14,0.74170691675056,0.00192433471990035,0.0196318809325359,0.923410919423874,"not_computed","Binary-outcome population prevalence has not been prespecified; unavailable Steiger is not treated as support","deferred_until_post_FDR","deferred_until_post_FDR","deferred_until_post_FDR"
"reverse|GCST90670562",15,6.76284816056802,14,0.943467455050962,0.0183052378145492,0.0210502405487714,0.400291805565473,"not_computed","Binary-outcome population prevalence has not been prespecified; unavailable Steiger is not treated as support","deferred_until_post_FDR","deferred_until_post_FDR","deferred_until_post_FDR"
"reverse|GCST90670563",17,17.2444582495625,16,0.369951413261484,0.00432656915048572,0.0059660300720201,0.4794905057481,"not_computed","Binary-outcome population prevalence has not been prespecified; unavailable Steiger is not treated as support","deferred_until_post_FDR","deferred_until_post_FDR","deferred_until_post_FDR"
"reverse|GCST90670564",15,17.4197230692803,14,0.234499865876968,0.0024922548292628,0.0161664315719984,0.879849301079159,"not_computed","Binary-outcome population prevalence has not been prespecified; unavailable Steiger is not treated as support","deferred_until_post_FDR","deferred_until_post_FDR","deferred_until_post_FDR"
"reverse|GCST90670565",15,10.6668171382431,14,0.711989082329153,-0.0245244984815379,0.0193339492137879,0.226875526664389,"not_computed","Binary-outcome population prevalence has not been prespecified; unavailable Steiger is not treated as support","deferred_until_post_FDR","deferred_until_post_FDR","deferred_until_post_FDR"
"reverse|GCST90670566",15,13.407580668828,14,0.494711036540586,0.0100243404163107,0.0135880869911098,0.473785370172015,"not_computed","Binary-outcome population prevalence has not been prespecified; unavailable Steiger is not treated as support","deferred_until_post_FDR","deferred_until_post_FDR","deferred_until_post_FDR"
"reverse|GCST90670567",15,4.22174751945221,14,0.993977658993307,-0.00282892825536013,0.0175493571441254,0.874415339823564,"not_computed","Binary-outcome population prevalence has not been prespecified; unavailable Steiger is not treated as support","deferred_until_post_FDR","deferred_until_post_FDR","deferred_until_post_FDR"
"reverse|GCST90670568",15,10.8978516587334,14,0.694041322180382,0.00822919928752774,0.0150121942617164,0.592865595676925,"not_computed","Binary-outcome population prevalence has not been prespecified; unavailable Steiger is not treated as support","deferred_until_post_FDR","deferred_until_post_FDR","deferred_until_post_FDR"
"reverse|GCST90670569",15,13.5741066555998,14,0.481897774245489,-0.00548107074903054,0.0241071846898692,0.823678419032396,"not_computed","Binary-outcome population prevalence has not been prespecified; unavailable Steiger is not treated as support","deferred_until_post_FDR","deferred_until_post_FDR","deferred_until_post_FDR"
"reverse|GCST90670570",17,14.8489754358279,16,0.535726424289867,0.00758507951984776,0.00600880593518838,0.226104892618613,"not_computed","Binary-outcome population prevalence has not been prespecified; unavailable Steiger is not treated as support","deferred_until_post_FDR","deferred_until_post_FDR","deferred_until_post_FDR"
"reverse|GCST90670571",17,18.9890783835824,16,0.269229950627954,0.000926119642643202,0.00611606294238296,0.881658880491403,"not_computed","Binary-outcome population prevalence has not been prespecified; unavailable Steiger is not treated as support","deferred_until_post_FDR","deferred_until_post_FDR","deferred_until_post_FDR"
"reverse|GCST90670572",17,10.8924194301733,16,0.816076449145137,0.000526352181009794,0.00549854836856843,0.925005634719789,"not_computed","Binary-outcome population prevalence has not been prespecified; unavailable Steiger is not treated as support","deferred_until_post_FDR","deferred_until_post_FDR","deferred_until_post_FDR"
"reverse|GCST90670573",15,13.5981939557535,14,0.480054335172105,-0.00654443371649917,0.0167830475674762,0.70289244372099,"not_computed","Binary-outcome population prevalence has not been prespecified; unavailable Steiger is not treated as support","deferred_until_post_FDR","deferred_until_post_FDR","deferred_until_post_FDR"
"reverse|GCST90670574",15,10.6197238499893,14,0.715617425555303,0.00876168227153664,0.0237312085452194,0.717918685500179,"not_computed","Binary-outcome population prevalence has not been prespecified; unavailable Steiger is not treated as support","deferred_until_post_FDR","deferred_until_post_FDR","deferred_until_post_FDR"
"reverse|GCST90670575",15,17.2328189329961,14,0.243983120678262,0.0107944941849898,0.0218010353422781,0.62876691052534,"not_computed","Binary-outcome population prevalence has not been prespecified; unavailable Steiger is not treated as support","deferred_until_post_FDR","deferred_until_post_FDR","deferred_until_post_FDR"
"reverse|GCST90670576",15,14.3240681012767,14,0.425857385075961,0.00104283391586442,0.0150941746080729,0.945970581222169,"not_computed","Binary-outcome population prevalence has not been prespecified; unavailable Steiger is not treated as support","deferred_until_post_FDR","deferred_until_post_FDR","deferred_until_post_FDR"
"reverse|GCST90670577",15,2.73024103337064,14,0.999462618825555,-0.00165670121897166,0.0137568810110951,0.905986180000653,"not_computed","Binary-outcome population prevalence has not been prespecified; unavailable Steiger is not treated as support","deferred_until_post_FDR","deferred_until_post_FDR","deferred_until_post_FDR"
"reverse|GCST90670578",17,19.8554317051081,16,0.226802654429467,-0.00893444940353915,0.00599026058205486,0.156561073241927,"not_computed","Binary-outcome population prevalence has not been prespecified; unavailable Steiger is not treated as support","deferred_until_post_FDR","deferred_until_post_FDR","deferred_until_post_FDR"
"reverse|GCST90670579",15,9.77802308473169,14,0.778225759171379,0.0279272805925465,0.0166863119976458,0.118073379114781,"not_computed","Binary-outcome population prevalence has not been prespecified; unavailable Steiger is not treated as support","deferred_until_post_FDR","deferred_until_post_FDR","deferred_until_post_FDR"
"reverse|GCST90670580",15,20.3739345248613,14,0.118786029757627,0.00144593321496331,0.020501709848882,0.944847268832716,"not_computed","Binary-outcome population prevalence has not been prespecified; unavailable Steiger is not treated as support","deferred_until_post_FDR","deferred_until_post_FDR","deferred_until_post_FDR"
"reverse|GCST90670581",15,20.0572483867086,14,0.128346817406163,0.0280607814396659,0.0274927352066152,0.326034101934965,"not_computed","Binary-outcome population prevalence has not been prespecified; unavailable Steiger is not treated as support","deferred_until_post_FDR","deferred_until_post_FDR","deferred_until_post_FDR"
"reverse|GCST90670582",15,17.0727850423086,14,0.252319881090437,0.001537718001774,0.0159224005816783,0.924536284134606,"not_computed","Binary-outcome population prevalence has not been prespecified; unavailable Steiger is not treated as support","deferred_until_post_FDR","deferred_until_post_FDR","deferred_until_post_FDR"
"reverse|GCST90670583",15,6.24573715753958,14,0.959912299943995,0.00602957347125014,0.0139661167808505,0.673012514468295,"not_computed","Binary-outcome population prevalence has not been prespecified; unavailable Steiger is not treated as support","deferred_until_post_FDR","deferred_until_post_FDR","deferred_until_post_FDR"
"reverse|GCST90670584",15,17.4564558746309,14,0.232668090838081,0.0530456172017915,0.0187675312450441,0.0142872432795815,"not_computed","Binary-outcome population prevalence has not been prespecified; unavailable Steiger is not treated as support","deferred_until_post_FDR","deferred_until_post_FDR","deferred_until_post_FDR"
"reverse|GCST90670585",15,17.5174841736901,14,0.229647935810642,-0.00892070179988761,0.0178300428303513,0.62521312962352,"not_computed","Binary-outcome population prevalence has not been prespecified; unavailable Steiger is not treated as support","deferred_until_post_FDR","deferred_until_post_FDR","deferred_until_post_FDR"
"reverse|GCST90670586",15,7.65211744084022,14,0.906651409534522,0.00704060710558592,0.0142942216319503,0.630545143103051,"not_computed","Binary-outcome population prevalence has not been prespecified; unavailable Steiger is not treated as support","deferred_until_post_FDR","deferred_until_post_FDR","deferred_until_post_FDR"
"reverse|GCST90670587",15,9.40977408282636,14,0.80393918197232,0.00756968520664425,0.016488023191568,0.653743077515631,"not_computed","Binary-outcome population prevalence has not been prespecified; unavailable Steiger is not treated as support","deferred_until_post_FDR","deferred_until_post_FDR","deferred_until_post_FDR"
"reverse|GCST90670588",17,20.8982336311826,16,0.182455630092713,-0.00436897532558065,0.00681222517778597,0.530977888741127,"not_computed","Binary-outcome population prevalence has not been prespecified; unavailable Steiger is not treated as support","deferred_until_post_FDR","deferred_until_post_FDR","deferred_until_post_FDR"
"reverse|GCST90670589",15,15.8203867875969,14,0.324465743358706,0.00772930325006382,0.0244212915674904,0.756648886167561,"not_computed","Binary-outcome population prevalence has not been prespecified; unavailable Steiger is not treated as support","deferred_until_post_FDR","deferred_until_post_FDR","deferred_until_post_FDR"
"reverse|GCST90670590",15,9.2860028326767,14,0.812304391013061,0.00115899038722549,0.0144783975789787,0.937416973505978,"not_computed","Binary-outcome population prevalence has not been prespecified; unavailable Steiger is not treated as support","deferred_until_post_FDR","deferred_until_post_FDR","deferred_until_post_FDR"
"reverse|GCST90670591",17,8.29456958526418,16,0.93960908611762,0.00284699040907295,0.00550782569835432,0.612763699063807,"not_computed","Binary-outcome population prevalence has not been prespecified; unavailable Steiger is not treated as support","deferred_until_post_FDR","deferred_until_post_FDR","deferred_until_post_FDR"
"reverse|GCST90670592",15,6.71054312100111,14,0.945294834628805,0.00241937732412304,0.0215795164293184,0.912445256732888,"not_computed","Binary-outcome population prevalence has not been prespecified; unavailable Steiger is not treated as support","deferred_until_post_FDR","deferred_until_post_FDR","deferred_until_post_FDR"
"reverse|GCST90670593",17,16.6354939744579,16,0.409554459607238,-0.00325698085442635,0.00616179311117387,0.604832515329068,"not_computed","Binary-outcome population prevalence has not been prespecified; unavailable Steiger is not treated as support","deferred_until_post_FDR","deferred_until_post_FDR","deferred_until_post_FDR"
"reverse|GCST90670594",17,18.8294201447546,16,0.277608103417483,0.0100969110360486,0.00589413053301266,0.107290541997675,"not_computed","Binary-outcome population prevalence has not been prespecified; unavailable Steiger is not treated as support","deferred_until_post_FDR","deferred_until_post_FDR","deferred_until_post_FDR"
"reverse|GCST90670595",15,21.9855190503795,14,0.0789124062408357,0.00559144103834188,0.0186469049315794,0.769025613031997,"not_computed","Binary-outcome population prevalence has not been prespecified; unavailable Steiger is not treated as support","deferred_until_post_FDR","deferred_until_post_FDR","deferred_until_post_FDR"
"reverse|GCST90670596",15,25.2036090637068,14,0.0326097183227183,0.00663999524012951,0.0190913655387179,0.733556570478207,"not_computed","Binary-outcome population prevalence has not been prespecified; unavailable Steiger is not treated as support","deferred_until_post_FDR","deferred_until_post_FDR","deferred_until_post_FDR"
"reverse|GCST90670597",15,8.43406705552639,14,0.8655096113123,-0.00208111869648594,0.0219176142824829,0.92580104197965,"not_computed","Binary-outcome population prevalence has not been prespecified; unavailable Steiger is not treated as support","deferred_until_post_FDR","deferred_until_post_FDR","deferred_until_post_FDR"
"reverse|GCST90670598",15,12.0704028393149,14,0.600648813862377,0.0250416696456395,0.0172696106724917,0.170742087537419,"not_computed","Binary-outcome population prevalence has not been prespecified; unavailable Steiger is not treated as support","deferred_until_post_FDR","deferred_until_post_FDR","deferred_until_post_FDR"
"reverse|GCST90670599",15,24.7809046526956,14,0.036792978664241,-0.0242745024654477,0.0184567821261596,0.21116668107118,"not_computed","Binary-outcome population prevalence has not been prespecified; unavailable Steiger is not treated as support","deferred_until_post_FDR","deferred_until_post_FDR","deferred_until_post_FDR"
"reverse|GCST90670600",15,15.9737572900706,14,0.314979523533661,0.0246653087143111,0.0293954785823915,0.416584871430371,"not_computed","Binary-outcome population prevalence has not been prespecified; unavailable Steiger is not treated as support","deferred_until_post_FDR","deferred_until_post_FDR","deferred_until_post_FDR"
"reverse|GCST90670601",15,19.544849056291,14,0.145156663522117,0.0111102892701917,0.0209728821641376,0.605218056573268,"not_computed","Binary-outcome population prevalence has not been prespecified; unavailable Steiger is not treated as support","deferred_until_post_FDR","deferred_until_post_FDR","deferred_until_post_FDR"
"reverse|GCST90670602",17,32.3165784935529,16,0.00909214863736522,-0.00138437571740177,0.00791391878612767,0.86347457774054,"not_computed","Binary-outcome population prevalence has not been prespecified; unavailable Steiger is not treated as support","deferred_until_post_FDR","deferred_until_post_FDR","deferred_until_post_FDR"
"reverse|GCST90670603",15,11.2763520058603,14,0.664202867532416,0.0218327526656343,0.0171282832738582,0.224741981637691,"not_computed","Binary-outcome population prevalence has not been prespecified; unavailable Steiger is not treated as support","deferred_until_post_FDR","deferred_until_post_FDR","deferred_until_post_FDR"
"reverse|GCST90670604",17,11.1849020149089,16,0.79793097090353,-0.00114315357382327,0.00581841133912152,0.846878051555054,"not_computed","Binary-outcome population prevalence has not been prespecified; unavailable Steiger is not treated as support","deferred_until_post_FDR","deferred_until_post_FDR","deferred_until_post_FDR"
"reverse|GCST90670605",15,12.8094761989566,14,0.541577584287475,0.0028700440504814,0.0141663200154524,0.842586903000771,"not_computed","Binary-outcome population prevalence has not been prespecified; unavailable Steiger is not treated as support","deferred_until_post_FDR","deferred_until_post_FDR","deferred_until_post_FDR"
"reverse|GCST90670606",15,6.66437406629741,14,0.946876857948065,-0.00181512115724537,0.0136343237000953,0.896130216409166,"not_computed","Binary-outcome population prevalence has not been prespecified; unavailable Steiger is not treated as support","deferred_until_post_FDR","deferred_until_post_FDR","deferred_until_post_FDR"
"reverse|GCST90670607",15,9.5315514083998,14,0.795568424798392,-0.0209446378519913,0.0174505506827675,0.251466309993508,"not_computed","Binary-outcome population prevalence has not been prespecified; unavailable Steiger is not treated as support","deferred_until_post_FDR","deferred_until_post_FDR","deferred_until_post_FDR"
"reverse|GCST90670608",15,21.2304683576947,14,0.0958706599335414,-0.00165101605107979,0.0227421343508003,0.943231701484673,"not_computed","Binary-outcome population prevalence has not been prespecified; unavailable Steiger is not treated as support","deferred_until_post_FDR","deferred_until_post_FDR","deferred_until_post_FDR"
"reverse|GCST90670609",15,9.35476802777093,14,0.807674941794633,0.0195501922730789,0.0236364402393824,0.423091564855663,"not_computed","Binary-outcome population prevalence has not been prespecified; unavailable Steiger is not treated as support","deferred_until_post_FDR","deferred_until_post_FDR","deferred_until_post_FDR"
"reverse|GCST90670610",17,9.67202633827404,16,0.883185470653743,-0.0030613355091924,0.00562613849311568,0.594350439240683,"not_computed","Binary-outcome population prevalence has not been prespecified; unavailable Steiger is not treated as support","deferred_until_post_FDR","deferred_until_post_FDR","deferred_until_post_FDR"
"reverse|GCST90670611",17,12.9940602457597,16,0.673192027899356,0.000378568829889748,0.00549359895958405,0.945970795328074,"not_computed","Binary-outcome population prevalence has not been prespecified; unavailable Steiger is not treated as support","deferred_until_post_FDR","deferred_until_post_FDR","deferred_until_post_FDR"
"reverse|GCST90670612",17,17.0984044379963,16,0.379257199368779,0.0055788775212928,0.00593509342460751,0.362118783293599,"not_computed","Binary-outcome population prevalence has not been prespecified; unavailable Steiger is not treated as support","deferred_until_post_FDR","deferred_until_post_FDR","deferred_until_post_FDR"
"reverse|GCST90670613",15,10.4348308522022,14,0.729751738165073,0.00966899369737896,0.0175897251237877,0.59184693231792,"not_computed","Binary-outcome population prevalence has not been prespecified; unavailable Steiger is not treated as support","deferred_until_post_FDR","deferred_until_post_FDR","deferred_until_post_FDR"
"reverse|GCST90670614",17,19.5506121200004,16,0.24114599452561,-0.000231117043923979,0.00631441165633432,0.97128539704372,"not_computed","Binary-outcome population prevalence has not been prespecified; unavailable Steiger is not treated as support","deferred_until_post_FDR","deferred_until_post_FDR","deferred_until_post_FDR"
"reverse|GCST90670615",15,18.8733848988077,14,0.169843900077045,0.0121475559238345,0.0164328676762246,0.472908882557547,"not_computed","Binary-outcome population prevalence has not been prespecified; unavailable Steiger is not treated as support","deferred_until_post_FDR","deferred_until_post_FDR","deferred_until_post_FDR"
"reverse|GCST90670616",15,11.0379687023757,14,0.683050670533498,0.0112397462385421,0.0207653107456841,0.597472037847257,"not_computed","Binary-outcome population prevalence has not been prespecified; unavailable Steiger is not treated as support","deferred_until_post_FDR","deferred_until_post_FDR","deferred_until_post_FDR"
"reverse|GCST90670617",15,16.6703439152981,14,0.274171199413426,-0.00343815754520961,0.0283660080839542,0.905380556145836,"not_computed","Binary-outcome population prevalence has not been prespecified; unavailable Steiger is not treated as support","deferred_until_post_FDR","deferred_until_post_FDR","deferred_until_post_FDR"
"reverse|GCST90670618",15,13.4760285670408,14,0.489430114404951,0.0213489645757703,0.0165977946318424,0.220791323009109,"not_computed","Binary-outcome population prevalence has not been prespecified; unavailable Steiger is not treated as support","deferred_until_post_FDR","deferred_until_post_FDR","deferred_until_post_FDR"
"reverse|GCST90670619",15,17.9969434050835,14,0.206920088424859,-0.0140766967511874,0.0203775299101963,0.501843238660705,"not_computed","Binary-outcome population prevalence has not been prespecified; unavailable Steiger is not treated as support","deferred_until_post_FDR","deferred_until_post_FDR","deferred_until_post_FDR"
"reverse|GCST90670620",15,17.702236949054,14,0.220680772224299,0.0220210148276412,0.0320738558851802,0.504415260133918,"not_computed","Binary-outcome population prevalence has not been prespecified; unavailable Steiger is not treated as support","deferred_until_post_FDR","deferred_until_post_FDR","deferred_until_post_FDR"
"reverse|GCST90670621",15,10.5268380638404,14,0.722741016521461,-0.00586685675770842,0.0184474954188469,0.755513223393135,"not_computed","Binary-outcome population prevalence has not been prespecified; unavailable Steiger is not treated as support","deferred_until_post_FDR","deferred_until_post_FDR","deferred_until_post_FDR"
"reverse|GCST90670622",17,14.9734779284567,16,0.526581905647095,-0.000891487139953379,0.00558073257326326,0.875214133340747,"not_computed","Binary-outcome population prevalence has not been prespecified; unavailable Steiger is not treated as support","deferred_until_post_FDR","deferred_until_post_FDR","deferred_until_post_FDR"
"reverse|GCST90670623",17,20.9393798361714,16,0.180852544105038,-0.00475827440047413,0.00686596605862522,0.498885519029824,"not_computed","Binary-outcome population prevalence has not been prespecified; unavailable Steiger is not treated as support","deferred_until_post_FDR","deferred_until_post_FDR","deferred_until_post_FDR"
"reverse|GCST90670624",15,17.0301037792545,14,0.254577173249391,0.0221051470725221,0.0152419434069064,0.170675910497228,"not_computed","Binary-outcome population prevalence has not been prespecified; unavailable Steiger is not treated as support","deferred_until_post_FDR","deferred_until_post_FDR","deferred_until_post_FDR"
"reverse|GCST90670625",15,7.6764956508149,14,0.905489925380374,-0.0121122415811344,0.0213670692113413,0.580462252732847,"not_computed","Binary-outcome population prevalence has not been prespecified; unavailable Steiger is not treated as support","deferred_until_post_FDR","deferred_until_post_FDR","deferred_until_post_FDR"
"reverse|GCST90670626",15,14.8510626738252,14,0.388411095147667,-0.0214950099037854,0.0144231570321392,0.160001312806048,"not_computed","Binary-outcome population prevalence has not been prespecified; unavailable Steiger is not treated as support","deferred_until_post_FDR","deferred_until_post_FDR","deferred_until_post_FDR"
"reverse|GCST90670627",15,6.10396236000332,14,0.963802635275329,-0.0101039257437116,0.0212796945987657,0.642796151504658,"not_computed","Binary-outcome population prevalence has not been prespecified; unavailable Steiger is not treated as support","deferred_until_post_FDR","deferred_until_post_FDR","deferred_until_post_FDR"
"reverse|GCST90670628",15,23.8276048723601,14,0.0480666324238445,-0.0233351383792464,0.0217512494125953,0.302864302327655,"not_computed","Binary-outcome population prevalence has not been prespecified; unavailable Steiger is not treated as support","deferred_until_post_FDR","deferred_until_post_FDR","deferred_until_post_FDR"
"reverse|GCST90670629",15,15.3358344570826,14,0.355589652893956,-0.0252146362436504,0.0177536627036789,0.179071691470247,"not_computed","Binary-outcome population prevalence has not been prespecified; unavailable Steiger is not treated as support","deferred_until_post_FDR","deferred_until_post_FDR","deferred_until_post_FDR"
"reverse|GCST90670630",15,13.3040824059836,14,0.502732030692516,-0.00333693181779155,0.0145907326560706,0.822658803279237,"not_computed","Binary-outcome population prevalence has not been prespecified; unavailable Steiger is not treated as support","deferred_until_post_FDR","deferred_until_post_FDR","deferred_until_post_FDR"
"reverse|GCST90670631",15,22.6366180189902,14,0.0664455557774062,-0.0230187103275189,0.0172962137994761,0.206109062449724,"not_computed","Binary-outcome population prevalence has not been prespecified; unavailable Steiger is not treated as support","deferred_until_post_FDR","deferred_until_post_FDR","deferred_until_post_FDR"
"reverse|GCST90670632",15,12.0386065712854,14,0.603202260080478,-0.0156326158671541,0.0156007038094267,0.334609205657941,"not_computed","Binary-outcome population prevalence has not been prespecified; unavailable Steiger is not treated as support","deferred_until_post_FDR","deferred_until_post_FDR","deferred_until_post_FDR"
"reverse|GCST90670633",15,18.3908059773303,14,0.189556711771866,0.00861559655751998,0.0180605644169293,0.641253807378631,"not_computed","Binary-outcome population prevalence has not been prespecified; unavailable Steiger is not treated as support","deferred_until_post_FDR","deferred_until_post_FDR","deferred_until_post_FDR"
"reverse|GCST90670634",15,9.67261983821082,14,0.785705707329273,-0.0171591735755873,0.0250933700801129,0.506099891851211,"not_computed","Binary-outcome population prevalence has not been prespecified; unavailable Steiger is not treated as support","deferred_until_post_FDR","deferred_until_post_FDR","deferred_until_post_FDR"
"reverse|GCST90670635",15,19.807600527048,14,0.136324978190485,0.0101936098961353,0.0176669552250011,0.57380438233391,"not_computed","Binary-outcome population prevalence has not been prespecified; unavailable Steiger is not treated as support","deferred_until_post_FDR","deferred_until_post_FDR","deferred_until_post_FDR"
"reverse|GCST90670636",15,18.6688001582192,14,0.17799448658861,-0.0151795205511147,0.0288303438886271,0.607399459356529,"not_computed","Binary-outcome population prevalence has not been prespecified; unavailable Steiger is not treated as support","deferred_until_post_FDR","deferred_until_post_FDR","deferred_until_post_FDR"
"reverse|GCST90670637",15,18.4169311547506,14,0.188445946242636,-0.00488826401928272,0.0295645119019535,0.87121808813397,"not_computed","Binary-outcome population prevalence has not been prespecified; unavailable Steiger is not treated as support","deferred_until_post_FDR","deferred_until_post_FDR","deferred_until_post_FDR"
"reverse|GCST90670638",15,15.1148586187228,14,0.370348433938428,-0.00669839838204266,0.0181143213718373,0.717497014884639,"not_computed","Binary-outcome population prevalence has not been prespecified; unavailable Steiger is not treated as support","deferred_until_post_FDR","deferred_until_post_FDR","deferred_until_post_FDR"
"reverse|GCST90670639",15,15.3244810980302,14,0.356339478310784,0.0164842821445882,0.0209859387364093,0.446245854343634,"not_computed","Binary-outcome population prevalence has not been prespecified; unavailable Steiger is not treated as support","deferred_until_post_FDR","deferred_until_post_FDR","deferred_until_post_FDR"
"reverse|GCST90670640",15,18.1219740100116,14,0.201281850906157,0.0147911950796083,0.019156542093579,0.453850449987939,"not_computed","Binary-outcome population prevalence has not been prespecified; unavailable Steiger is not treated as support","deferred_until_post_FDR","deferred_until_post_FDR","deferred_until_post_FDR"
"reverse|GCST90670641",17,12.9489310851566,16,0.676488057991034,0.00571599028549706,0.00558404454679048,0.322236416951248,"not_computed","Binary-outcome population prevalence has not been prespecified; unavailable Steiger is not treated as support","deferred_until_post_FDR","deferred_until_post_FDR","deferred_until_post_FDR"
"reverse|GCST90670642",15,14.3780573628941,14,0.421942000377832,-0.00602799189731911,0.015804236693277,0.709055544929979,"not_computed","Binary-outcome population prevalence has not been prespecified; unavailable Steiger is not treated as support","deferred_until_post_FDR","deferred_until_post_FDR","deferred_until_post_FDR"
"reverse|GCST90670643",15,18.410402537656,14,0.188723050678444,0.0278329275382516,0.0198662614412107,0.184627027187745,"not_computed","Binary-outcome population prevalence has not been prespecified; unavailable Steiger is not treated as support","deferred_until_post_FDR","deferred_until_post_FDR","deferred_until_post_FDR"
"reverse|GCST90670644",15,20.7801671438405,14,0.107400095738728,-0.0230690696228132,0.0197090593547579,0.262817756888048,"not_computed","Binary-outcome population prevalence has not been prespecified; unavailable Steiger is not treated as support","deferred_until_post_FDR","deferred_until_post_FDR","deferred_until_post_FDR"
"reverse|GCST90670645",15,14.3154317270385,14,0.426485309493832,-0.0388902655950522,0.0224868949867413,0.10738183445295,"not_computed","Binary-outcome population prevalence has not been prespecified; unavailable Steiger is not treated as support","deferred_until_post_FDR","deferred_until_post_FDR","deferred_until_post_FDR"
"reverse|GCST90670646",15,13.0367583650817,14,0.523631282988216,-0.0244246469458469,0.0141395500415881,0.107761616831649,"not_computed","Binary-outcome population prevalence has not been prespecified; unavailable Steiger is not treated as support","deferred_until_post_FDR","deferred_until_post_FDR","deferred_until_post_FDR"
"reverse|GCST90670647",17,23.8469609832907,16,0.0929007297757943,-0.000527456352221351,0.00732439834778544,0.943542516466492,"not_computed","Binary-outcome population prevalence has not been prespecified; unavailable Steiger is not treated as support","deferred_until_post_FDR","deferred_until_post_FDR","deferred_until_post_FDR"
"reverse|GCST90670648",15,16.3100165490637,14,0.294810822137218,-0.0414239282872036,0.0189742583893292,0.0479562715202544,"not_computed","Binary-outcome population prevalence has not been prespecified; unavailable Steiger is not treated as support","deferred_until_post_FDR","deferred_until_post_FDR","deferred_until_post_FDR"
"reverse|GCST90670649",15,5.36959245770941,14,0.979975253588407,0.00864472583780907,0.0141006494775807,0.550403879202432,"not_computed","Binary-outcome population prevalence has not been prespecified; unavailable Steiger is not treated as support","deferred_until_post_FDR","deferred_until_post_FDR","deferred_until_post_FDR"
"reverse|GCST90670650",15,17.692655040716,14,0.221139359036958,0.0144592918092149,0.0162139793370498,0.388719522084164,"not_computed","Binary-outcome population prevalence has not been prespecified; unavailable Steiger is not treated as support","deferred_until_post_FDR","deferred_until_post_FDR","deferred_until_post_FDR"
"reverse|GCST90670651",15,17.8915764524394,14,0.211763713248567,-0.0101835751230641,0.0203552413289721,0.625230976385951,"not_computed","Binary-outcome population prevalence has not been prespecified; unavailable Steiger is not treated as support","deferred_until_post_FDR","deferred_until_post_FDR","deferred_until_post_FDR"
"reverse|GCST90670652",15,14.7835489063701,14,0.393109243866249,-0.00719557942856128,0.0209992230768023,0.73733188885582,"not_computed","Binary-outcome population prevalence has not been prespecified; unavailable Steiger is not treated as support","deferred_until_post_FDR","deferred_until_post_FDR","deferred_until_post_FDR"
"reverse|GCST90670653",15,21.739639485732,14,0.0841247314731256,-0.0114022287787185,0.0173922195646532,0.523518878052808,"not_computed","Binary-outcome population prevalence has not been prespecified; unavailable Steiger is not treated as support","deferred_until_post_FDR","deferred_until_post_FDR","deferred_until_post_FDR"
"reverse|GCST90670654",15,12.8817506001339,14,0.535855183423387,0.0107422143485531,0.0167074142867207,0.531427025801453,"not_computed","Binary-outcome population prevalence has not been prespecified; unavailable Steiger is not treated as support","deferred_until_post_FDR","deferred_until_post_FDR","deferred_until_post_FDR"
"reverse|GCST90670655",15,13.327861828741,14,0.500885446228395,0.00488373700060055,0.0150589633962609,0.750864142294685,"not_computed","Binary-outcome population prevalence has not been prespecified; unavailable Steiger is not treated as support","deferred_until_post_FDR","deferred_until_post_FDR","deferred_until_post_FDR"
"reverse|GCST90670656",15,13.9097969340311,14,0.456452724528544,-0.0309042888422124,0.0161403085731152,0.0777920314654047,"not_computed","Binary-outcome population prevalence has not been prespecified; unavailable Steiger is not treated as support","deferred_until_post_FDR","deferred_until_post_FDR","deferred_until_post_FDR"
"reverse|GCST90670657",15,18.6104113378211,14,0.18037609030694,0.00511933066666295,0.0165365179408868,0.761788727800315,"not_computed","Binary-outcome population prevalence has not been prespecified; unavailable Steiger is not treated as support","deferred_until_post_FDR","deferred_until_post_FDR","deferred_until_post_FDR"
"reverse|GCST90670658",15,18.2002923192862,14,0.197810170729803,0.0190328415325639,0.0293069328888521,0.527368041570312,"not_computed","Binary-outcome population prevalence has not been prespecified; unavailable Steiger is not treated as support","deferred_until_post_FDR","deferred_until_post_FDR","deferred_until_post_FDR"
"reverse|GCST90670659",15,10.070835746683,14,0.756986436434825,0.00439106933759248,0.0185280243390742,0.81635353199517,"not_computed","Binary-outcome population prevalence has not been prespecified; unavailable Steiger is not treated as support","deferred_until_post_FDR","deferred_until_post_FDR","deferred_until_post_FDR"
"reverse|GCST90670660",15,22.0759495675695,14,0.0770672248986867,-0.0453266035709516,0.0242446475874715,0.0842346254400613,"not_computed","Binary-outcome population prevalence has not been prespecified; unavailable Steiger is not treated as support","deferred_until_post_FDR","deferred_until_post_FDR","deferred_until_post_FDR"
"reverse|GCST90670661",15,10.6509139741015,14,0.71321557091443,-0.017508118982172,0.0136277259634513,0.221302954215562,"not_computed","Binary-outcome population prevalence has not been prespecified; unavailable Steiger is not treated as support","deferred_until_post_FDR","deferred_until_post_FDR","deferred_until_post_FDR"
"reverse|GCST90670662",15,10.6773867035971,14,0.711173257607215,0.0118023345382198,0.0153030818248416,0.45435575757443,"not_computed","Binary-outcome population prevalence has not been prespecified; unavailable Steiger is not treated as support","deferred_until_post_FDR","deferred_until_post_FDR","deferred_until_post_FDR"
"reverse|GCST90670663",15,16.0021966034362,14,0.313240151341763,-0.00731596271532989,0.0151349780355566,0.636864806029753,"not_computed","Binary-outcome population prevalence has not been prespecified; unavailable Steiger is not treated as support","deferred_until_post_FDR","deferred_until_post_FDR","deferred_until_post_FDR"
"reverse|GCST90670664",15,14.7880519811388,14,0.392794947068468,-0.00472683284998876,0.0154064513870674,0.763848082174746,"not_computed","Binary-outcome population prevalence has not been prespecified; unavailable Steiger is not treated as support","deferred_until_post_FDR","deferred_until_post_FDR","deferred_until_post_FDR"
"reverse|GCST90670665",15,9.27234935415635,14,0.813218103783726,0.00121002655833018,0.0141318344048257,0.933069866511443,"not_computed","Binary-outcome population prevalence has not been prespecified; unavailable Steiger is not treated as support","deferred_until_post_FDR","deferred_until_post_FDR","deferred_until_post_FDR"
"reverse|GCST90670666",15,22.0922352320775,14,0.0767389476319824,-0.00965246749775924,0.0253963343148734,0.710028159863736,"not_computed","Binary-outcome population prevalence has not been prespecified; unavailable Steiger is not treated as support","deferred_until_post_FDR","deferred_until_post_FDR","deferred_until_post_FDR"
"reverse|GCST90670667",17,23.8016223255576,16,0.0939277052170213,0.00901252885792031,0.0066920571816549,0.198057681825255,"not_computed","Binary-outcome population prevalence has not been prespecified; unavailable Steiger is not treated as support","deferred_until_post_FDR","deferred_until_post_FDR","deferred_until_post_FDR"
"reverse|GCST90670668",15,7.18411521340732,14,0.927380952858787,0.0131406944241006,0.0167405274284954,0.446545080402651,"not_computed","Binary-outcome population prevalence has not been prespecified; unavailable Steiger is not treated as support","deferred_until_post_FDR","deferred_until_post_FDR","deferred_until_post_FDR"
"reverse|GCST90670669",17,8.89804261279882,16,0.917552764878525,0.0035054911802581,0.00526754606225707,0.515841578870741,"not_computed","Binary-outcome population prevalence has not been prespecified; unavailable Steiger is not treated as support","deferred_until_post_FDR","deferred_until_post_FDR","deferred_until_post_FDR"
"reverse|GCST90670670",15,13.5437124415544,14,0.484227564068123,0.044020856921515,0.0218579976652826,0.0651900500282202,"not_computed","Binary-outcome population prevalence has not been prespecified; unavailable Steiger is not treated as support","deferred_until_post_FDR","deferred_until_post_FDR","deferred_until_post_FDR"
"reverse|GCST90670671",15,24.0106204813624,14,0.0456871746744181,-0.00150482594774828,0.02963255639165,0.960270545833365,"not_computed","Binary-outcome population prevalence has not been prespecified; unavailable Steiger is not treated as support","deferred_until_post_FDR","deferred_until_post_FDR","deferred_until_post_FDR"
"reverse|GCST90670672",15,13.3888568671695,14,0.496158966387089,0.00333419506367279,0.0174843594256301,0.851709682172867,"not_computed","Binary-outcome population prevalence has not been prespecified; unavailable Steiger is not treated as support","deferred_until_post_FDR","deferred_until_post_FDR","deferred_until_post_FDR"
"reverse|GCST90670673",15,10.4813699653731,14,0.726211415104432,0.0269176254942359,0.019955150607043,0.200395495255646,"not_computed","Binary-outcome population prevalence has not been prespecified; unavailable Steiger is not treated as support","deferred_until_post_FDR","deferred_until_post_FDR","deferred_until_post_FDR"
"reverse|GCST90670674",15,19.2573641869461,14,0.155346455816083,-0.0260635552210467,0.0271068725352199,0.353839419777576,"not_computed","Binary-outcome population prevalence has not been prespecified; unavailable Steiger is not treated as support","deferred_until_post_FDR","deferred_until_post_FDR","deferred_until_post_FDR"
"reverse|GCST90670675",15,21.2661641412146,14,0.0950036798526246,0.0267993970550034,0.0224670687363762,0.254252953833837,"not_computed","Binary-outcome population prevalence has not been prespecified; unavailable Steiger is not treated as support","deferred_until_post_FDR","deferred_until_post_FDR","deferred_until_post_FDR"
"reverse|GCST90670676",15,9.75803321410171,14,0.779651393714558,-0.00168023138870722,0.0150262295734552,0.912674317985939,"not_computed","Binary-outcome population prevalence has not been prespecified; unavailable Steiger is not treated as support","deferred_until_post_FDR","deferred_until_post_FDR","deferred_until_post_FDR"
"reverse|GCST90670677",15,13.1513397732037,14,0.514643119858964,0.00128852826592576,0.0176341764112156,0.94286276637656,"not_computed","Binary-outcome population prevalence has not been prespecified; unavailable Steiger is not treated as support","deferred_until_post_FDR","deferred_until_post_FDR","deferred_until_post_FDR"
"reverse|GCST90670678",15,17.6231044427292,14,0.224489248108829,0.0179643366430304,0.0174686907071281,0.322529046920136,"not_computed","Binary-outcome population prevalence has not been prespecified; unavailable Steiger is not treated as support","deferred_until_post_FDR","deferred_until_post_FDR","deferred_until_post_FDR"
"reverse|GCST90670679",15,8.98896957312567,14,0.831756538484242,0.00806770835992245,0.0138868768316571,0.571203095282405,"not_computed","Binary-outcome population prevalence has not been prespecified; unavailable Steiger is not treated as support","deferred_until_post_FDR","deferred_until_post_FDR","deferred_until_post_FDR"
"reverse|GCST90670680",15,16.0188373730431,14,0.312225250886521,-0.00407528044902283,0.0151341934315851,0.791943574966233,"not_computed","Binary-outcome population prevalence has not been prespecified; unavailable Steiger is not treated as support","deferred_until_post_FDR","deferred_until_post_FDR","deferred_until_post_FDR"
"reverse|GCST90670681",15,12.1725112162154,14,0.592450978080892,0.00804514736026037,0.0188460990959299,0.676446764071493,"not_computed","Binary-outcome population prevalence has not been prespecified; unavailable Steiger is not treated as support","deferred_until_post_FDR","deferred_until_post_FDR","deferred_until_post_FDR"
"reverse|GCST90670682",17,23.3974015849376,16,0.103516973232507,-0.00625129141651951,0.00667346338232929,0.363731018528579,"not_computed","Binary-outcome population prevalence has not been prespecified; unavailable Steiger is not treated as support","deferred_until_post_FDR","deferred_until_post_FDR","deferred_until_post_FDR"
"reverse|GCST90670683",15,8.99974923526795,14,0.831066642396486,-0.0156615705398798,0.0147320805652537,0.307089502254226,"not_computed","Binary-outcome population prevalence has not been prespecified; unavailable Steiger is not treated as support","deferred_until_post_FDR","deferred_until_post_FDR","deferred_until_post_FDR"
"reverse|GCST90670684",15,11.8723122539714,14,0.616556418652421,-0.00348739239929256,0.0138590495765722,0.805258934782307,"not_computed","Binary-outcome population prevalence has not been prespecified; unavailable Steiger is not treated as support","deferred_until_post_FDR","deferred_until_post_FDR","deferred_until_post_FDR"
"reverse|GCST90670685",15,8.85418186178507,14,0.840276677465695,0.0101115899173747,0.0144488020357114,0.496371396779097,"not_computed","Binary-outcome population prevalence has not been prespecified; unavailable Steiger is not treated as support","deferred_until_post_FDR","deferred_until_post_FDR","deferred_until_post_FDR"
"reverse|GCST90670686",15,17.3315428288494,14,0.238940064839911,0.00637522666155334,0.0290253314810392,0.829560037905459,"not_computed","Binary-outcome population prevalence has not been prespecified; unavailable Steiger is not treated as support","deferred_until_post_FDR","deferred_until_post_FDR","deferred_until_post_FDR"
"reverse|GCST90670687",17,16.321341127743,16,0.430767365911514,0.00392815890787267,0.00548766609095751,0.485099947156131,"not_computed","Binary-outcome population prevalence has not been prespecified; unavailable Steiger is not treated as support","deferred_until_post_FDR","deferred_until_post_FDR","deferred_until_post_FDR"
"reverse|GCST90670688",17,8.28786009857343,16,0.93983087080686,-0.00233970382762391,0.00557974681067738,0.680925121594371,"not_computed","Binary-outcome population prevalence has not been prespecified; unavailable Steiger is not treated as support","deferred_until_post_FDR","deferred_until_post_FDR","deferred_until_post_FDR"
"reverse|GCST90670689",15,20.8327261868465,14,0.105996533916325,0.0163309045921516,0.0196969218587656,0.42200546411942,"not_computed","Binary-outcome population prevalence has not been prespecified; unavailable Steiger is not treated as support","deferred_until_post_FDR","deferred_until_post_FDR","deferred_until_post_FDR"
"reverse|GCST90670690",15,14.2048393675621,14,0.434564546520537,0.00986137658766435,0.0147418336327194,0.515238945291394,"not_computed","Binary-outcome population prevalence has not been prespecified; unavailable Steiger is not treated as support","deferred_until_post_FDR","deferred_until_post_FDR","deferred_until_post_FDR"
"reverse|GCST90670691",15,7.39845526009044,14,0.918258833119861,-0.00768710687061329,0.0152434931930074,0.62249757854146,"not_computed","Binary-outcome population prevalence has not been prespecified; unavailable Steiger is not treated as support","deferred_until_post_FDR","deferred_until_post_FDR","deferred_until_post_FDR"
"reverse|GCST90670692",15,6.53262012696193,14,0.95123253046228,-0.00492004786832808,0.0237593184164223,0.839156804697379,"not_computed","Binary-outcome population prevalence has not been prespecified; unavailable Steiger is not treated as support","deferred_until_post_FDR","deferred_until_post_FDR","deferred_until_post_FDR"
"reverse|GCST90670693",17,21.923612802894,16,0.145675140963627,-0.00407644399139419,0.00633062074626554,0.529347782714017,"not_computed","Binary-outcome population prevalence has not been prespecified; unavailable Steiger is not treated as support","deferred_until_post_FDR","deferred_until_post_FDR","deferred_until_post_FDR"
"reverse|GCST90670694",15,23.7296556897868,14,0.0493852662252677,0.00490620289479217,0.0334030211335297,0.885480891408364,"not_computed","Binary-outcome population prevalence has not been prespecified; unavailable Steiger is not treated as support","deferred_until_post_FDR","deferred_until_post_FDR","deferred_until_post_FDR"
"reverse|GCST90670695",17,9.75233436914043,16,0.879237903703725,0.00816168588714995,0.00558404454679048,0.164481002257573,"not_computed","Binary-outcome population prevalence has not been prespecified; unavailable Steiger is not treated as support","deferred_until_post_FDR","deferred_until_post_FDR","deferred_until_post_FDR"
"reverse|GCST90670696",15,20.4025708940894,14,0.117951574365703,0.00331219597286925,0.0192317606471356,0.865912662864393,"not_computed","Binary-outcome population prevalence has not been prespecified; unavailable Steiger is not treated as support","deferred_until_post_FDR","deferred_until_post_FDR","deferred_until_post_FDR"
"reverse|GCST90670697",17,7.97503964759937,16,0.949605983218991,0.0017480169397715,0.00531901348930167,0.746974374146188,"not_computed","Binary-outcome population prevalence has not been prespecified; unavailable Steiger is not treated as support","deferred_until_post_FDR","deferred_until_post_FDR","deferred_until_post_FDR"
"reverse|GCST90670698",15,18.8677533625348,14,0.170064244670318,0.00371615250519869,0.0170926315851518,0.831261996494657,"not_computed","Binary-outcome population prevalence has not been prespecified; unavailable Steiger is not treated as support","deferred_until_post_FDR","deferred_until_post_FDR","deferred_until_post_FDR"
"reverse|GCST90670699",15,16.4175142672012,14,0.288547442004812,0.0294893108689089,0.0261493250855237,0.279819292630008,"not_computed","Binary-outcome population prevalence has not been prespecified; unavailable Steiger is not treated as support","deferred_until_post_FDR","deferred_until_post_FDR","deferred_until_post_FDR"
"reverse|GCST90670700",15,15.6946089625731,14,0.332377722283306,-0.00029089737444561,0.0160107289138614,0.985780006777214,"not_computed","Binary-outcome population prevalence has not been prespecified; unavailable Steiger is not treated as support","deferred_until_post_FDR","deferred_until_post_FDR","deferred_until_post_FDR"
"reverse|GCST90670701",15,12.2916965004266,14,0.582889847690491,-0.00879681559706187,0.0236770075278621,0.716224883956087,"not_computed","Binary-outcome population prevalence has not been prespecified; unavailable Steiger is not treated as support","deferred_until_post_FDR","deferred_until_post_FDR","deferred_until_post_FDR"
"reverse|GCST90670702",15,10.2947602765956,14,0.740331222770426,0.00357775297838013,0.0174688260487745,0.840894095161766,"not_computed","Binary-outcome population prevalence has not been prespecified; unavailable Steiger is not treated as support","deferred_until_post_FDR","deferred_until_post_FDR","deferred_until_post_FDR"
"reverse|GCST90670703",15,7.64666566514318,14,0.906910059593898,-0.00481943436776852,0.017406756198997,0.786232181520142,"not_computed","Binary-outcome population prevalence has not been prespecified; unavailable Steiger is not treated as support","deferred_until_post_FDR","deferred_until_post_FDR","deferred_until_post_FDR"
"reverse|GCST90670704",17,20.6283456569449,16,0.193242828502637,0.00290617291673633,0.00661803051120722,0.666827492638766,"not_computed","Binary-outcome population prevalence has not been prespecified; unavailable Steiger is not treated as support","deferred_until_post_FDR","deferred_until_post_FDR","deferred_until_post_FDR"
"reverse|GCST90670705",15,13.9281857141512,14,0.455074924100623,-0.00579117980847899,0.0154392207796026,0.713637974004436,"not_computed","Binary-outcome population prevalence has not been prespecified; unavailable Steiger is not treated as support","deferred_until_post_FDR","deferred_until_post_FDR","deferred_until_post_FDR"
"reverse|GCST90670706",15,11.1453887124051,14,0.674578608139766,0.00479544233066478,0.0154235893456501,0.76079358334287,"not_computed","Binary-outcome population prevalence has not been prespecified; unavailable Steiger is not treated as support","deferred_until_post_FDR","deferred_until_post_FDR","deferred_until_post_FDR"
"reverse|GCST90670707",17,11.720294965827,16,0.762999439277824,-0.00158742461605529,0.00581290368587238,0.788510814411777,"not_computed","Binary-outcome population prevalence has not been prespecified; unavailable Steiger is not treated as support","deferred_until_post_FDR","deferred_until_post_FDR","deferred_until_post_FDR"
"reverse|GCST90670708",15,9.46340762838397,14,0.80026929591537,-0.0260190498357804,0.017284283532075,0.156137245534237,"not_computed","Binary-outcome population prevalence has not been prespecified; unavailable Steiger is not treated as support","deferred_until_post_FDR","deferred_until_post_FDR","deferred_until_post_FDR"
"reverse|GCST90670709",15,21.8930056983218,14,0.0808397083901118,-0.0229235868820664,0.0294364293444583,0.450071064224193,"not_computed","Binary-outcome population prevalence has not been prespecified; unavailable Steiger is not treated as support","deferred_until_post_FDR","deferred_until_post_FDR","deferred_until_post_FDR"
"reverse|GCST90670710",15,23.3149384671753,14,0.0553341980394527,0.00780140548078824,0.0328311653904853,0.815878272477726,"not_computed","Binary-outcome population prevalence has not been prespecified; unavailable Steiger is not treated as support","deferred_until_post_FDR","deferred_until_post_FDR","deferred_until_post_FDR"
"reverse|GCST90670711",17,16.1702119665903,16,0.441145673934298,-0.00218043387333007,0.00563843880159049,0.704402509827871,"not_computed","Binary-outcome population prevalence has not been prespecified; unavailable Steiger is not treated as support","deferred_until_post_FDR","deferred_until_post_FDR","deferred_until_post_FDR"
"reverse|GCST90670712",17,15.6675693491924,16,0.476392947337356,0.00223023905364907,0.00529349834179677,0.679498991942332,"not_computed","Binary-outcome population prevalence has not been prespecified; unavailable Steiger is not treated as support","deferred_until_post_FDR","deferred_until_post_FDR","deferred_until_post_FDR"
"reverse|GCST90670713",15,11.0498473005516,14,0.682115684477757,0.0204350999218409,0.0136744540422055,0.158943742248712,"not_computed","Binary-outcome population prevalence has not been prespecified; unavailable Steiger is not treated as support","deferred_until_post_FDR","deferred_until_post_FDR","deferred_until_post_FDR"
"reverse|GCST90670714",17,12.862860609315,16,0.682757309970167,-0.00320554492409695,0.00580569812417877,0.588986811506468,"not_computed","Binary-outcome population prevalence has not been prespecified; unavailable Steiger is not treated as support","deferred_until_post_FDR","deferred_until_post_FDR","deferred_until_post_FDR"
"reverse|GCST90670715",15,7.40422589440074,14,0.918004523535567,0.00766164026215758,0.0215860530517709,0.728330432157496,"not_computed","Binary-outcome population prevalence has not been prespecified; unavailable Steiger is not treated as support","deferred_until_post_FDR","deferred_until_post_FDR","deferred_until_post_FDR"
"reverse|GCST90670716",15,12.7493245375617,14,0.54635017447653,0.00101641869830762,0.0168584073311163,0.952840491553692,"not_computed","Binary-outcome population prevalence has not been prespecified; unavailable Steiger is not treated as support","deferred_until_post_FDR","deferred_until_post_FDR","deferred_until_post_FDR"
"reverse|GCST90670717",15,9.95776424475405,14,0.765264811464825,-0.0112653877149115,0.013772630113195,0.428121302907744,"not_computed","Binary-outcome population prevalence has not been prespecified; unavailable Steiger is not treated as support","deferred_until_post_FDR","deferred_until_post_FDR","deferred_until_post_FDR"
"reverse|GCST90670718",15,12.8168400258057,14,0.540993929238244,-0.0191074973639416,0.0291626830062746,0.523761986906613,"not_computed","Binary-outcome population prevalence has not been prespecified; unavailable Steiger is not treated as support","deferred_until_post_FDR","deferred_until_post_FDR","deferred_until_post_FDR"
"reverse|GCST90670719",15,18.1735926110797,14,0.198988530665322,0.0153139001814412,0.0341938178356142,0.661629648131088,"not_computed","Binary-outcome population prevalence has not been prespecified; unavailable Steiger is not treated as support","deferred_until_post_FDR","deferred_until_post_FDR","deferred_until_post_FDR"
"reverse|GCST90670720",15,11.0560935111352,14,0.681623841882181,-0.000584774395801578,0.0172195447964413,0.97342500340825,"not_computed","Binary-outcome population prevalence has not been prespecified; unavailable Steiger is not treated as support","deferred_until_post_FDR","deferred_until_post_FDR","deferred_until_post_FDR"
"reverse|GCST90670721",15,15.372403673374,14,0.353180758882127,-0.00905536330998333,0.0196769456657524,0.652974247498729,"not_computed","Binary-outcome population prevalence has not been prespecified; unavailable Steiger is not treated as support","deferred_until_post_FDR","deferred_until_post_FDR","deferred_until_post_FDR"
"reverse|GCST90670722",15,12.7625275366768,14,0.545301869073417,-0.0314339378691481,0.0233084068640304,0.200488339849113,"not_computed","Binary-outcome population prevalence has not been prespecified; unavailable Steiger is not treated as support","deferred_until_post_FDR","deferred_until_post_FDR","deferred_until_post_FDR"
"reverse|GCST90670723",17,12.1660491969478,16,0.732472295537256,-0.00438013685676662,0.0057592973215463,0.458724805547867,"not_computed","Binary-outcome population prevalence has not been prespecified; unavailable Steiger is not treated as support","deferred_until_post_FDR","deferred_until_post_FDR","deferred_until_post_FDR"
"reverse|GCST90670724",15,9.46256439362488,14,0.80032720062907,0.0120423816005095,0.0193292959380317,0.544052018920259,"not_computed","Binary-outcome population prevalence has not been prespecified; unavailable Steiger is not treated as support","deferred_until_post_FDR","deferred_until_post_FDR","deferred_until_post_FDR"
"reverse|GCST90670725",15,14.7602470816253,14,0.394737745463443,-0.00712381995379691,0.0228469701899407,0.760132439000929,"not_computed","Binary-outcome population prevalence has not been prespecified; unavailable Steiger is not treated as support","deferred_until_post_FDR","deferred_until_post_FDR","deferred_until_post_FDR"
"reverse|GCST90670726",15,15.9032553905418,14,0.319318033919294,-0.0179626007582665,0.0191685775053945,0.365798007183728,"not_computed","Binary-outcome population prevalence has not been prespecified; unavailable Steiger is not treated as support","deferred_until_post_FDR","deferred_until_post_FDR","deferred_until_post_FDR"
"reverse|GCST90670727",15,30.8818865095778,14,0.00575841111994978,-0.0147211949526379,0.026236985626587,0.584281571007974,"not_computed","Binary-outcome population prevalence has not been prespecified; unavailable Steiger is not treated as support","deferred_until_post_FDR","deferred_until_post_FDR","deferred_until_post_FDR"
"reverse|GCST90670728",15,16.956369190106,14,0.258510418873227,0.0138597245183462,0.0165839315821582,0.418401682738724,"not_computed","Binary-outcome population prevalence has not been prespecified; unavailable Steiger is not treated as support","deferred_until_post_FDR","deferred_until_post_FDR","deferred_until_post_FDR"
"reverse|GCST90670729",15,15.0599796193361,14,0.374066877096495,-0.0179800835240447,0.0162718718601408,0.289200179725419,"not_computed","Binary-outcome population prevalence has not been prespecified; unavailable Steiger is not treated as support","deferred_until_post_FDR","deferred_until_post_FDR","deferred_until_post_FDR"
"reverse|GCST90670730",15,10.211176428649,14,0.74658680170783,-0.010864894815971,0.024316995135497,0.662370458434164,"not_computed","Binary-outcome population prevalence has not been prespecified; unavailable Steiger is not treated as support","deferred_until_post_FDR","deferred_until_post_FDR","deferred_until_post_FDR"
"reverse|GCST90670731",15,18.2766049595395,14,0.194471652433018,0.00351799948532988,0.0241155979836258,0.886253346140678,"not_computed","Binary-outcome population prevalence has not been prespecified; unavailable Steiger is not treated as support","deferred_until_post_FDR","deferred_until_post_FDR","deferred_until_post_FDR"
"reverse|GCST90670732",15,6.00352693886823,14,0.966402490845662,0.0156530590416529,0.0220682675591116,0.490663659504554,"not_computed","Binary-outcome population prevalence has not been prespecified; unavailable Steiger is not treated as support","deferred_until_post_FDR","deferred_until_post_FDR","deferred_until_post_FDR"
"reverse|GCST90670733",15,11.9426055930244,14,0.610912111680789,-0.00112975810225282,0.0148317490674055,0.940442358474286,"not_computed","Binary-outcome population prevalence has not been prespecified; unavailable Steiger is not treated as support","deferred_until_post_FDR","deferred_until_post_FDR","deferred_until_post_FDR"
"reverse|GCST90670734",15,18.7848799746925,14,0.173333012258137,-0.0293733972820969,0.0281641319413467,0.315985179697282,"not_computed","Binary-outcome population prevalence has not been prespecified; unavailable Steiger is not treated as support","deferred_until_post_FDR","deferred_until_post_FDR","deferred_until_post_FDR"
"reverse|GCST90670735",15,18.7287851545062,14,0.175573506023632,0.0421448488381783,0.0243051021291402,0.106552926520165,"not_computed","Binary-outcome population prevalence has not been prespecified; unavailable Steiger is not treated as support","deferred_until_post_FDR","deferred_until_post_FDR","deferred_until_post_FDR"
"reverse|GCST90670736",17,20.1639606928248,16,0.212926557019862,0.0134020578335678,0.00591098055699428,0.0385816737443542,"not_computed","Binary-outcome population prevalence has not been prespecified; unavailable Steiger is not treated as support","deferred_until_post_FDR","deferred_until_post_FDR","deferred_until_post_FDR"
"reverse|GCST90670737",15,12.1491290763139,14,0.59432783012652,0.0312060349505169,0.0184681525388926,0.11490465005015,"not_computed","Binary-outcome population prevalence has not been prespecified; unavailable Steiger is not treated as support","deferred_until_post_FDR","deferred_until_post_FDR","deferred_until_post_FDR"
"reverse|GCST90670738",15,16.4780972664274,14,0.285057162434027,0.0118764731121941,0.0258401176451539,0.653385263926361,"not_computed","Binary-outcome population prevalence has not been prespecified; unavailable Steiger is not treated as support","deferred_until_post_FDR","deferred_until_post_FDR","deferred_until_post_FDR"
"reverse|GCST90670739",17,16.0243150902187,16,0.451265073321032,-0.0103697488442106,0.0054057678941546,0.0743142629138262,"not_computed","Binary-outcome population prevalence has not been prespecified; unavailable Steiger is not treated as support","deferred_until_post_FDR","deferred_until_post_FDR","deferred_until_post_FDR"
"reverse|GCST90670740",15,17.0712613278714,14,0.252400220444508,-0.0139335652926652,0.0225591128480977,0.547475658401495,"not_computed","Binary-outcome population prevalence has not been prespecified; unavailable Steiger is not treated as support","deferred_until_post_FDR","deferred_until_post_FDR","deferred_until_post_FDR"
"reverse|GCST90670741",15,22.5236653693001,14,0.0684756136546667,0.0304049305094514,0.0252357361647393,0.249742468303379,"not_computed","Binary-outcome population prevalence has not been prespecified; unavailable Steiger is not treated as support","deferred_until_post_FDR","deferred_until_post_FDR","deferred_until_post_FDR"
"reverse|GCST90670742",15,18.505145795143,14,0.184732533447637,0.014000526226752,0.0179732655551007,0.449948735764048,"not_computed","Binary-outcome population prevalence has not been prespecified; unavailable Steiger is not treated as support","deferred_until_post_FDR","deferred_until_post_FDR","deferred_until_post_FDR"
"reverse|GCST90670743",15,8.5660776511634,14,0.857803735973792,-0.00240479738405944,0.0145473733280727,0.871244522882033,"not_computed","Binary-outcome population prevalence has not been prespecified; unavailable Steiger is not treated as support","deferred_until_post_FDR","deferred_until_post_FDR","deferred_until_post_FDR"
"reverse|GCST90670744",15,25.7233663156622,14,0.0280626063277933,-0.00925939889942943,0.0249864148972694,0.716920508411284,"not_computed","Binary-outcome population prevalence has not been prespecified; unavailable Steiger is not treated as support","deferred_until_post_FDR","deferred_until_post_FDR","deferred_until_post_FDR"
"reverse|GCST90670745",15,7.73557064865936,14,0.902642179907606,-0.000446578864457267,0.0145088610684188,0.975912738710933,"not_computed","Binary-outcome population prevalence has not been prespecified; unavailable Steiger is not treated as support","deferred_until_post_FDR","deferred_until_post_FDR","deferred_until_post_FDR"
"reverse|GCST90670746",17,16.7957639499976,16,0.398930670555085,-0.000614399304923404,0.00598827592045488,0.91963922985491,"not_computed","Binary-outcome population prevalence has not been prespecified; unavailable Steiger is not treated as support","deferred_until_post_FDR","deferred_until_post_FDR","deferred_until_post_FDR"
"reverse|GCST90670747",15,15.5741491653935,14,0.340065809656387,0.0283452868860138,0.0166006010479086,0.111486490713476,"not_computed","Binary-outcome population prevalence has not been prespecified; unavailable Steiger is not treated as support","deferred_until_post_FDR","deferred_until_post_FDR","deferred_until_post_FDR"
"reverse|GCST90670748",15,14.1970293107742,14,0.435137764105448,0.0225185187255856,0.0138321675464615,0.127510280117857,"not_computed","Binary-outcome population prevalence has not been prespecified; unavailable Steiger is not treated as support","deferred_until_post_FDR","deferred_until_post_FDR","deferred_until_post_FDR"
"reverse|GCST90670749",17,16.1337712039386,16,0.44366415428498,0.00693188597154214,0.00590530480022143,0.258760451449727,"not_computed","Binary-outcome population prevalence has not been prespecified; unavailable Steiger is not treated as support","deferred_until_post_FDR","deferred_until_post_FDR","deferred_until_post_FDR"
"reverse|GCST90670750",15,22.4556449411344,14,0.0697242347444735,0.00810027275156898,0.0212959303236506,0.70981525048471,"not_computed","Binary-outcome population prevalence has not been prespecified; unavailable Steiger is not treated as support","deferred_until_post_FDR","deferred_until_post_FDR","deferred_until_post_FDR"
"reverse|GCST90670751",15,7.86286571814956,14,0.896347275063631,-0.000840487489136596,0.0201935661029582,0.967432858496112,"not_computed","Binary-outcome population prevalence has not been prespecified; unavailable Steiger is not treated as support","deferred_until_post_FDR","deferred_until_post_FDR","deferred_until_post_FDR"
"reverse|GCST90670752",17,20.2976129079124,16,0.207114395519951,0.0018187454608174,0.00637246723091986,0.779235764367765,"not_computed","Binary-outcome population prevalence has not been prespecified; unavailable Steiger is not treated as support","deferred_until_post_FDR","deferred_until_post_FDR","deferred_until_post_FDR"
"reverse|GCST90670753",15,19.800467669413,14,0.136558782084434,0.00314444021560487,0.030157084294238,0.918547612959039,"not_computed","Binary-outcome population prevalence has not been prespecified; unavailable Steiger is not treated as support","deferred_until_post_FDR","deferred_until_post_FDR","deferred_until_post_FDR"
"reverse|GCST90670754",15,12.1614379642116,14,0.593339776495238,0.0167136123205739,0.0182245241786358,0.375793538832689,"not_computed","Binary-outcome population prevalence has not been prespecified; unavailable Steiger is not treated as support","deferred_until_post_FDR","deferred_until_post_FDR","deferred_until_post_FDR"
"reverse|GCST90670755",15,11.172981360241,14,0.672396587273811,-0.0369373786414239,0.0252544686949741,0.167327566609078,"not_computed","Binary-outcome population prevalence has not been prespecified; unavailable Steiger is not treated as support","deferred_until_post_FDR","deferred_until_post_FDR","deferred_until_post_FDR"
"reverse|GCST90670756",17,10.8244634830337,16,0.820188378186927,0.00597603928028672,0.00525884458201625,0.273627930846425,"not_computed","Binary-outcome population prevalence has not been prespecified; unavailable Steiger is not treated as support","deferred_until_post_FDR","deferred_until_post_FDR","deferred_until_post_FDR"
"reverse|GCST90670757",17,18.0731710127565,16,0.319629664183604,0.000673255643630909,0.0064319147660886,0.918021158622019,"not_computed","Binary-outcome population prevalence has not been prespecified; unavailable Steiger is not treated as support","deferred_until_post_FDR","deferred_until_post_FDR","deferred_until_post_FDR"
"reverse|GCST90670758",15,17.1864971110295,14,0.246375593182313,-0.00808149039456883,0.0182817082375176,0.665715273765933,"not_computed","Binary-outcome population prevalence has not been prespecified; unavailable Steiger is not treated as support","deferred_until_post_FDR","deferred_until_post_FDR","deferred_until_post_FDR"
"reverse|GCST90670759",15,19.7556222450433,14,0.13803628649327,0.0124926680159745,0.0233478247376866,0.601636106135478,"not_computed","Binary-outcome population prevalence has not been prespecified; unavailable Steiger is not treated as support","deferred_until_post_FDR","deferred_until_post_FDR","deferred_until_post_FDR"
"reverse|GCST90670760",17,28.3157693768845,16,0.0289797353264564,0.00361919197653132,0.00772967799702412,0.646358319877836,"not_computed","Binary-outcome population prevalence has not been prespecified; unavailable Steiger is not treated as support","deferred_until_post_FDR","deferred_until_post_FDR","deferred_until_post_FDR"
"reverse|GCST90670761",15,17.3064959583793,14,0.240212318058562,0.0119483240387647,0.0234970741481552,0.619620195699589,"not_computed","Binary-outcome population prevalence has not been prespecified; unavailable Steiger is not treated as support","deferred_until_post_FDR","deferred_until_post_FDR","deferred_until_post_FDR"
"reverse|GCST90670762",15,17.8993372712435,14,0.211404069310161,-0.00538764417301139,0.0246894990593607,0.830648948840977,"not_computed","Binary-outcome population prevalence has not been prespecified; unavailable Steiger is not treated as support","deferred_until_post_FDR","deferred_until_post_FDR","deferred_until_post_FDR"
"reverse|GCST90670763",17,9.53807016336284,16,0.889613409320173,0.00484473557947619,0.00576700412352659,0.414054631162358,"not_computed","Binary-outcome population prevalence has not been prespecified; unavailable Steiger is not treated as support","deferred_until_post_FDR","deferred_until_post_FDR","deferred_until_post_FDR"
"reverse|GCST90670764",15,7.98586448394902,14,0.890061149139739,-0.000320485394842955,0.0145376280806321,0.982746658015641,"not_computed","Binary-outcome population prevalence has not been prespecified; unavailable Steiger is not treated as support","deferred_until_post_FDR","deferred_until_post_FDR","deferred_until_post_FDR"
"reverse|GCST90670765",15,9.10863864157252,14,0.824028814179272,0.00529004719980684,0.0227978633843542,0.820118676876694,"not_computed","Binary-outcome population prevalence has not been prespecified; unavailable Steiger is not treated as support","deferred_until_post_FDR","deferred_until_post_FDR","deferred_until_post_FDR"
"reverse|GCST90670766",15,17.1105215883258,14,0.250335985495016,0.018463250007582,0.0152540059831756,0.247678416101231,"not_computed","Binary-outcome population prevalence has not been prespecified; unavailable Steiger is not treated as support","deferred_until_post_FDR","deferred_until_post_FDR","deferred_until_post_FDR"
"reverse|GCST90670767",15,10.2170808643962,14,0.746146374652314,0.0374450404678972,0.0200976115796156,0.0851842382642386,"not_computed","Binary-outcome population prevalence has not been prespecified; unavailable Steiger is not treated as support","deferred_until_post_FDR","deferred_until_post_FDR","deferred_until_post_FDR"
"reverse|GCST90670768",15,22.757183078669,14,0.0643373134051612,-0.0195127980697058,0.0175690036823479,0.286844908076824,"not_computed","Binary-outcome population prevalence has not been prespecified; unavailable Steiger is not treated as support","deferred_until_post_FDR","deferred_until_post_FDR","deferred_until_post_FDR"
"reverse|GCST90670769",15,29.5018628380455,14,0.00893160911712202,-0.00728394742808976,0.0242390701190047,0.768544246388025,"not_computed","Binary-outcome population prevalence has not been prespecified; unavailable Steiger is not treated as support","deferred_until_post_FDR","deferred_until_post_FDR","deferred_until_post_FDR"
"reverse|GCST90670770",15,12.429308204464,14,0.571867673528241,0.0291447460364756,0.0181648244477955,0.132620418170936,"not_computed","Binary-outcome population prevalence has not been prespecified; unavailable Steiger is not treated as support","deferred_until_post_FDR","deferred_until_post_FDR","deferred_until_post_FDR"
"reverse|GCST90670771",17,18.7553676835295,16,0.281552920803856,0.00281325240717415,0.00603600804047324,0.647855720088812,"not_computed","Binary-outcome population prevalence has not been prespecified; unavailable Steiger is not treated as support","deferred_until_post_FDR","deferred_until_post_FDR","deferred_until_post_FDR"
"reverse|GCST90670772",15,10.863123330402,14,0.696753777852562,-0.000291230021303781,0.0157978504767014,0.985571935449649,"not_computed","Binary-outcome population prevalence has not been prespecified; unavailable Steiger is not treated as support","deferred_until_post_FDR","deferred_until_post_FDR","deferred_until_post_FDR"
"reverse|GCST90670773",15,12.0768937206206,14,0.600127579691913,0.00934580515360015,0.0138143310497781,0.510562822002082,"not_computed","Binary-outcome population prevalence has not been prespecified; unavailable Steiger is not treated as support","deferred_until_post_FDR","deferred_until_post_FDR","deferred_until_post_FDR"
"reverse|GCST90670774",17,16.6097131537311,16,0.411276196707821,0.00238684579809879,0.00584220363668373,0.688641213697809,"not_computed","Binary-outcome population prevalence has not been prespecified; unavailable Steiger is not treated as support","deferred_until_post_FDR","deferred_until_post_FDR","deferred_until_post_FDR"
"reverse|GCST90670775",15,17.8664236346688,14,0.212932480663696,0.0102691605684927,0.0320038527976076,0.753406788772339,"not_computed","Binary-outcome population prevalence has not been prespecified; unavailable Steiger is not treated as support","deferred_until_post_FDR","deferred_until_post_FDR","deferred_until_post_FDR"
"reverse|GCST90670776",15,18.5548156167487,14,0.18266683769031,0.00478638993984413,0.0297343838734657,0.8745904309035,"not_computed","Binary-outcome population prevalence has not been prespecified; unavailable Steiger is not treated as support","deferred_until_post_FDR","deferred_until_post_FDR","deferred_until_post_FDR"
"reverse|GCST90670777",15,11.0354732727791,14,0.683247029039911,-0.0317550407743662,0.0165194090918941,0.0767587975165952,"not_computed","Binary-outcome population prevalence has not been prespecified; unavailable Steiger is not treated as support","deferred_until_post_FDR","deferred_until_post_FDR","deferred_until_post_FDR"
"reverse|GCST90670778",17,11.7958299742441,16,0.757910901425291,0.00309752801586094,0.00562938849096476,0.590253681137226,"not_computed","Binary-outcome population prevalence has not been prespecified; unavailable Steiger is not treated as support","deferred_until_post_FDR","deferred_until_post_FDR","deferred_until_post_FDR"
"reverse|GCST90670779",17,15.2237474476901,16,0.508315992843147,0.000709339054705,0.00585065193989063,0.90510936074703,"not_computed","Binary-outcome population prevalence has not been prespecified; unavailable Steiger is not treated as support","deferred_until_post_FDR","deferred_until_post_FDR","deferred_until_post_FDR"
"reverse|GCST90670780",15,11.3526285329461,14,0.658139090522188,-0.00560600034777209,0.0181646653990199,0.762499701288987,"not_computed","Binary-outcome population prevalence has not been prespecified; unavailable Steiger is not treated as support","deferred_until_post_FDR","deferred_until_post_FDR","deferred_until_post_FDR"
"reverse|GCST90670781",15,8.84312448779847,14,0.840966777182398,-0.00141560834136449,0.0145689907296291,0.92407675114654,"not_computed","Binary-outcome population prevalence has not been prespecified; unavailable Steiger is not treated as support","deferred_until_post_FDR","deferred_until_post_FDR","deferred_until_post_FDR"
"reverse|GCST90670782",15,25.1225390785384,14,0.0333767524801806,-0.00609969400252266,0.019651300957707,0.761179798344446,"not_computed","Binary-outcome population prevalence has not been prespecified; unavailable Steiger is not treated as support","deferred_until_post_FDR","deferred_until_post_FDR","deferred_until_post_FDR"
"reverse|GCST90670783",15,17.3506300410005,14,0.237973816407034,0.0249718033973455,0.0181960626186643,0.193162422899124,"not_computed","Binary-outcome population prevalence has not been prespecified; unavailable Steiger is not treated as support","deferred_until_post_FDR","deferred_until_post_FDR","deferred_until_post_FDR"
"reverse|GCST90670784",15,10.757358603179,14,0.704983531901761,-0.0144700650867114,0.0211587481417836,0.506058376331706,"not_computed","Binary-outcome population prevalence has not been prespecified; unavailable Steiger is not treated as support","deferred_until_post_FDR","deferred_until_post_FDR","deferred_until_post_FDR"
"reverse|GCST90670785",15,13.6807377479638,14,0.473757095551516,-0.0273643010514327,0.0284299186709537,0.353352495014658,"not_computed","Binary-outcome population prevalence has not been prespecified; unavailable Steiger is not treated as support","deferred_until_post_FDR","deferred_until_post_FDR","deferred_until_post_FDR"
"reverse|GCST90670786",15,9.51079961348233,14,0.797004440701797,0.0397049007483409,0.0174380445564492,0.0403489873679919,"not_computed","Binary-outcome population prevalence has not been prespecified; unavailable Steiger is not treated as support","deferred_until_post_FDR","deferred_until_post_FDR","deferred_until_post_FDR"
"reverse|GCST90670787",15,16.3314965660166,14,0.293552109546883,-0.0221858520339013,0.0287865316465553,0.454662872055136,"not_computed","Binary-outcome population prevalence has not been prespecified; unavailable Steiger is not treated as support","deferred_until_post_FDR","deferred_until_post_FDR","deferred_until_post_FDR"
"reverse|GCST90670788",15,6.33673674205318,14,0.957277203087959,0.00801629645468144,0.0155689226509288,0.61527152140671,"not_computed","Binary-outcome population prevalence has not been prespecified; unavailable Steiger is not treated as support","deferred_until_post_FDR","deferred_until_post_FDR","deferred_until_post_FDR"
"reverse|GCST90670789",15,5.40844245141836,14,0.979277502714112,0.000334033100315364,0.0242183229306851,0.98920489095736,"not_computed","Binary-outcome population prevalence has not been prespecified; unavailable Steiger is not treated as support","deferred_until_post_FDR","deferred_until_post_FDR","deferred_until_post_FDR"
"reverse|GCST90670790",17,14.9535710858146,16,0.528041663761819,0.0118153642801626,0.00558134637973724,0.0513890273820831,"not_computed","Binary-outcome population prevalence has not been prespecified; unavailable Steiger is not treated as support","deferred_until_post_FDR","deferred_until_post_FDR","deferred_until_post_FDR"
"reverse|GCST90670791",15,7.64955289093938,14,0.906773130113722,-0.00557002905905293,0.0206565180265721,0.791662343052307,"not_computed","Binary-outcome population prevalence has not been prespecified; unavailable Steiger is not treated as support","deferred_until_post_FDR","deferred_until_post_FDR","deferred_until_post_FDR"
"reverse|GCST90670792",17,14.6267765635427,16,0.552124704077881,-0.0055730491935103,0.00566171900685241,0.340560987350266,"not_computed","Binary-outcome population prevalence has not been prespecified; unavailable Steiger is not treated as support","deferred_until_post_FDR","deferred_until_post_FDR","deferred_until_post_FDR"
"reverse|GCST90670793",15,10.8966447538152,14,0.694135668348363,-0.0134112079378196,0.024015841364618,0.586039789220304,"not_computed","Binary-outcome population prevalence has not been prespecified; unavailable Steiger is not treated as support","deferred_until_post_FDR","deferred_until_post_FDR","deferred_until_post_FDR"
"reverse|GCST90670794",17,22.940677079299,16,0.115329575265464,0.00968534865506469,0.0067890143529155,0.174171833799748,"not_computed","Binary-outcome population prevalence has not been prespecified; unavailable Steiger is not treated as support","deferred_until_post_FDR","deferred_until_post_FDR","deferred_until_post_FDR"
"reverse|GCST90670795",15,16.0603142201644,14,0.309704843891354,-0.00827219739659924,0.0249682900070242,0.745691678055251,"not_computed","Binary-outcome population prevalence has not been prespecified; unavailable Steiger is not treated as support","deferred_until_post_FDR","deferred_until_post_FDR","deferred_until_post_FDR"
"reverse|GCST90670796",15,13.6563608517067,14,0.47561354193434,-0.0337978509859803,0.0189030775780292,0.0971032480897989,"not_computed","Binary-outcome population prevalence has not been prespecified; unavailable Steiger is not treated as support","deferred_until_post_FDR","deferred_until_post_FDR","deferred_until_post_FDR"
"reverse|GCST90670797",15,15.4521887510793,14,0.347958670806259,0.0154179778833616,0.0161320146837023,0.356640713270424,"not_computed","Binary-outcome population prevalence has not been prespecified; unavailable Steiger is not treated as support","deferred_until_post_FDR","deferred_until_post_FDR","deferred_until_post_FDR"
"reverse|GCST90670798",17,17.4353908542894,16,0.357978109373966,0.00269528620453949,0.00603290784968347,0.661428237153496,"not_computed","Binary-outcome population prevalence has not been prespecified; unavailable Steiger is not treated as support","deferred_until_post_FDR","deferred_until_post_FDR","deferred_until_post_FDR"
"reverse|GCST90670799",15,13.9607110815377,14,0.452642222796763,0.00049467278554638,0.020999094108416,0.981563833246306,"not_computed","Binary-outcome population prevalence has not been prespecified; unavailable Steiger is not treated as support","deferred_until_post_FDR","deferred_until_post_FDR","deferred_until_post_FDR"
"reverse|GCST90670800",15,6.88653470084971,14,0.938997333646858,0.000585470144671548,0.0150901394624861,0.969640780518748,"not_computed","Binary-outcome population prevalence has not been prespecified; unavailable Steiger is not treated as support","deferred_until_post_FDR","deferred_until_post_FDR","deferred_until_post_FDR"
"reverse|GCST90670801",15,14.218450688281,14,0.433566376957906,0.0233915855628365,0.016113736813201,0.170300678385369,"not_computed","Binary-outcome population prevalence has not been prespecified; unavailable Steiger is not treated as support","deferred_until_post_FDR","deferred_until_post_FDR","deferred_until_post_FDR"
"reverse|GCST90670802",15,14.029910998388,14,0.447485033847557,-0.0242941049547149,0.0202940910889641,0.252640734348403,"not_computed","Binary-outcome population prevalence has not been prespecified; unavailable Steiger is not treated as support","deferred_until_post_FDR","deferred_until_post_FDR","deferred_until_post_FDR"
"reverse|GCST90670803",15,10.6080601465376,14,0.716514367851836,-0.0284259284222681,0.0263460661247743,0.300225289765524,"not_computed","Binary-outcome population prevalence has not been prespecified; unavailable Steiger is not treated as support","deferred_until_post_FDR","deferred_until_post_FDR","deferred_until_post_FDR"
"reverse|GCST90670804",15,12.9009471730721,14,0.534337607826008,-0.00570207032713046,0.015077079575071,0.711389636551198,"not_computed","Binary-outcome population prevalence has not been prespecified; unavailable Steiger is not treated as support","deferred_until_post_FDR","deferred_until_post_FDR","deferred_until_post_FDR"
"reverse|GCST90670805",15,23.6641366756639,14,0.050285306533007,0.0114881940600575,0.0251072558641785,0.654818639602887,"not_computed","Binary-outcome population prevalence has not been prespecified; unavailable Steiger is not treated as support","deferred_until_post_FDR","deferred_until_post_FDR","deferred_until_post_FDR"
"reverse|GCST90670806",15,14.1880733328803,14,0.43579551279397,0.0246441467169999,0.0183193487360044,0.201541305967758,"not_computed","Binary-outcome population prevalence has not been prespecified; unavailable Steiger is not treated as support","deferred_until_post_FDR","deferred_until_post_FDR","deferred_until_post_FDR"
"reverse|GCST90670807",17,16.7944114290695,16,0.399019742814341,0.00249516578180484,0.00598374375573263,0.682591617750808,"not_computed","Binary-outcome population prevalence has not been prespecified; unavailable Steiger is not treated as support","deferred_until_post_FDR","deferred_until_post_FDR","deferred_until_post_FDR"
"reverse|GCST90670808",17,16.1658892084525,16,0.44144410667448,0.000566147968529765,0.00538238729168316,0.917622463776297,"not_computed","Binary-outcome population prevalence has not been prespecified; unavailable Steiger is not treated as support","deferred_until_post_FDR","deferred_until_post_FDR","deferred_until_post_FDR"
"reverse|GCST90670809",15,8.35852808100829,14,0.86982399400812,-0.0148979521443993,0.0164109580069674,0.380501902400954,"not_computed","Binary-outcome population prevalence has not been prespecified; unavailable Steiger is not treated as support","deferred_until_post_FDR","deferred_until_post_FDR","deferred_until_post_FDR"
"reverse|GCST90670810",15,17.3838956512805,14,0.236296603629784,0.00708487818468188,0.0159488171205358,0.664184206925478,"not_computed","Binary-outcome population prevalence has not been prespecified; unavailable Steiger is not treated as support","deferred_until_post_FDR","deferred_until_post_FDR","deferred_until_post_FDR"
"reverse|GCST90670811",15,18.7709786762914,14,0.17388613766998,-0.00557539466973638,0.0209809714208688,0.794610326059096,"not_computed","Binary-outcome population prevalence has not been prespecified; unavailable Steiger is not treated as support","deferred_until_post_FDR","deferred_until_post_FDR","deferred_until_post_FDR"
"reverse|GCST90670812",17,12.4602770754348,16,0.711734319054564,0.00478325225319153,0.00539873061034964,0.389603236585217,"not_computed","Binary-outcome population prevalence has not been prespecified; unavailable Steiger is not treated as support","deferred_until_post_FDR","deferred_until_post_FDR","deferred_until_post_FDR"
"reverse|GCST90670813",17,17.2690095219248,16,0.368399521578295,0.0011673250035755,0.00611979538178121,0.851282458389885,"not_computed","Binary-outcome population prevalence has not been prespecified; unavailable Steiger is not treated as support","deferred_until_post_FDR","deferred_until_post_FDR","deferred_until_post_FDR"
"reverse|GCST90670814",15,16.4327152314173,14,0.287669004686981,0.00141967489374502,0.0163815265095054,0.932259885303528,"not_computed","Binary-outcome population prevalence has not been prespecified; unavailable Steiger is not treated as support","deferred_until_post_FDR","deferred_until_post_FDR","deferred_until_post_FDR"
"reverse|GCST90670815",15,15.9294636167287,14,0.317700833133116,-0.00405618580066091,0.0228505019651531,0.861844031331764,"not_computed","Binary-outcome population prevalence has not been prespecified; unavailable Steiger is not treated as support","deferred_until_post_FDR","deferred_until_post_FDR","deferred_until_post_FDR"
"reverse|GCST90670816",15,8.95945779873344,14,0.833638907763247,0.0117302507857614,0.0234632599456801,0.625471606323103,"not_computed","Binary-outcome population prevalence has not been prespecified; unavailable Steiger is not treated as support","deferred_until_post_FDR","deferred_until_post_FDR","deferred_until_post_FDR"
"reverse|GCST90670817",15,12.5605169676994,14,0.561382585897012,0.0168364555994212,0.0169906608376146,0.339809034841272,"not_computed","Binary-outcome population prevalence has not been prespecified; unavailable Steiger is not treated as support","deferred_until_post_FDR","deferred_until_post_FDR","deferred_until_post_FDR"
"reverse|GCST90670818",15,12.5834099331977,14,0.559556123588108,-0.00106514163973406,0.0174064978025971,0.952136923872813,"not_computed","Binary-outcome population prevalence has not been prespecified; unavailable Steiger is not treated as support","deferred_until_post_FDR","deferred_until_post_FDR","deferred_until_post_FDR"
"reverse|GCST90670819",15,13.6285296785651,14,0.477736408108236,-0.028745302696564,0.0258296367196332,0.285915304481854,"not_computed","Binary-outcome population prevalence has not been prespecified; unavailable Steiger is not treated as support","deferred_until_post_FDR","deferred_until_post_FDR","deferred_until_post_FDR"
"reverse|GCST90670820",15,16.7437902027435,14,0.270088616635329,0.00648539064063243,0.0160639491661767,0.692978553010181,"not_computed","Binary-outcome population prevalence has not been prespecified; unavailable Steiger is not treated as support","deferred_until_post_FDR","deferred_until_post_FDR","deferred_until_post_FDR"
"reverse|GCST90670821",17,19.3848351571707,16,0.249212733976852,-0.00336017785938779,0.00644654155100811,0.609811416378194,"not_computed","Binary-outcome population prevalence has not been prespecified; unavailable Steiger is not treated as support","deferred_until_post_FDR","deferred_until_post_FDR","deferred_until_post_FDR"
"reverse|GCST90670822",15,15.4314707111667,14,0.349310270035464,-0.0110876692320117,0.0261123270007716,0.678060955815728,"not_computed","Binary-outcome population prevalence has not been prespecified; unavailable Steiger is not treated as support","deferred_until_post_FDR","deferred_until_post_FDR","deferred_until_post_FDR"
"reverse|GCST90670823",15,12.3541595001163,14,0.577884073629287,0.00393301675093041,0.014249739838878,0.786882203548563,"not_computed","Binary-outcome population prevalence has not been prespecified; unavailable Steiger is not treated as support","deferred_until_post_FDR","deferred_until_post_FDR","deferred_until_post_FDR"
"reverse|GCST90670824",15,15.1938896647993,14,0.365030400867728,0.00896724271262973,0.0202467657817329,0.665120171308074,"not_computed","Binary-outcome population prevalence has not been prespecified; unavailable Steiger is not treated as support","deferred_until_post_FDR","deferred_until_post_FDR","deferred_until_post_FDR"
"reverse|GCST90670825",15,21.4370507670341,14,0.0909455606013578,0.0230000734651151,0.0166050688754414,0.189323555773391,"not_computed","Binary-outcome population prevalence has not been prespecified; unavailable Steiger is not treated as support","deferred_until_post_FDR","deferred_until_post_FDR","deferred_until_post_FDR"
"reverse|GCST90670826",15,21.8294786246337,14,0.0821866841290491,0.0114184420716854,0.0326077966079359,0.731815667718623,"not_computed","Binary-outcome population prevalence has not been prespecified; unavailable Steiger is not treated as support","deferred_until_post_FDR","deferred_until_post_FDR","deferred_until_post_FDR"
"reverse|GCST90670827",15,10.4836135834356,14,0.726040433467053,0.0280326987533125,0.0164981380842141,0.113080418202549,"not_computed","Binary-outcome population prevalence has not been prespecified; unavailable Steiger is not treated as support","deferred_until_post_FDR","deferred_until_post_FDR","deferred_until_post_FDR"
"reverse|GCST90670828",15,10.0277015664476,14,0.760155370315602,-0.00554433143166062,0.0231591149165334,0.814527192589319,"not_computed","Binary-outcome population prevalence has not been prespecified; unavailable Steiger is not treated as support","deferred_until_post_FDR","deferred_until_post_FDR","deferred_until_post_FDR"
"reverse|GCST90670829",17,9.74610387512549,16,0.879546666347397,0.00305547147986953,0.00539294153833017,0.579386745159329,"not_computed","Binary-outcome population prevalence has not been prespecified; unavailable Steiger is not treated as support","deferred_until_post_FDR","deferred_until_post_FDR","deferred_until_post_FDR"
"reverse|GCST90670830",15,11.6750304351491,14,0.632382208023929,-0.00759511648788756,0.0226580081045528,0.742816648342899,"not_computed","Binary-outcome population prevalence has not been prespecified; unavailable Steiger is not treated as support","deferred_until_post_FDR","deferred_until_post_FDR","deferred_until_post_FDR"
"reverse|GCST90670831",15,13.2669969500663,14,0.505616177000726,0.00375288597757128,0.0140837110153969,0.794057114331127,"not_computed","Binary-outcome population prevalence has not been prespecified; unavailable Steiger is not treated as support","deferred_until_post_FDR","deferred_until_post_FDR","deferred_until_post_FDR"
"reverse|GCST90670832",15,11.0001488065775,14,0.686024290199399,-0.0114046449891432,0.01887144096056,0.556022622638398,"not_computed","Binary-outcome population prevalence has not been prespecified; unavailable Steiger is not treated as support","deferred_until_post_FDR","deferred_until_post_FDR","deferred_until_post_FDR"
"reverse|GCST90670833",15,17.6433306412225,14,0.223511207923394,0.0284559167334655,0.0145989120094843,0.0731835070041347,"not_computed","Binary-outcome population prevalence has not been prespecified; unavailable Steiger is not treated as support","deferred_until_post_FDR","deferred_until_post_FDR","deferred_until_post_FDR"
"reverse|GCST90670834",15,19.3950302989802,14,0.150397205395131,-0.0203775344944243,0.030550232018144,0.516426118825799,"not_computed","Binary-outcome population prevalence has not been prespecified; unavailable Steiger is not treated as support","deferred_until_post_FDR","deferred_until_post_FDR","deferred_until_post_FDR"
"reverse|GCST90670835",15,9.83813814770842,14,0.773919064388929,-0.00923740180369167,0.0138171736594792,0.515481886702236,"not_computed","Binary-outcome population prevalence has not been prespecified; unavailable Steiger is not treated as support","deferred_until_post_FDR","deferred_until_post_FDR","deferred_until_post_FDR"
"reverse|GCST90670836",15,18.2277087013394,14,0.196605745245562,0.0113418548387329,0.0162682973481929,0.497972063396729,"not_computed","Binary-outcome population prevalence has not been prespecified; unavailable Steiger is not treated as support","deferred_until_post_FDR","deferred_until_post_FDR","deferred_until_post_FDR"
"reverse|GCST90670837",15,19.2346121764093,14,0.156176890634404,-0.0703257186148535,0.0231983896299305,0.00963712077525006,"not_computed","Binary-outcome population prevalence has not been prespecified; unavailable Steiger is not treated as support","deferred_until_post_FDR","deferred_until_post_FDR","deferred_until_post_FDR"
"reverse|GCST90670838",15,8.51020635081421,14,0.861090664404288,0.00408768836901474,0.0199392584033891,0.84074167950923,"not_computed","Binary-outcome population prevalence has not been prespecified; unavailable Steiger is not treated as support","deferred_until_post_FDR","deferred_until_post_FDR","deferred_until_post_FDR"
"reverse|GCST90670839",15,17.7432334884423,14,0.218726674028162,-0.0165827671681167,0.0194713823617584,0.409824002355357,"not_computed","Binary-outcome population prevalence has not been prespecified; unavailable Steiger is not treated as support","deferred_until_post_FDR","deferred_until_post_FDR","deferred_until_post_FDR"
"reverse|GCST90670840",17,12.2842347255215,16,0.724192781947943,0.00276178633991887,0.00558706515536901,0.62824241269674,"not_computed","Binary-outcome population prevalence has not been prespecified; unavailable Steiger is not treated as support","deferred_until_post_FDR","deferred_until_post_FDR","deferred_until_post_FDR"
"reverse|GCST90670841",15,10.4698348353718,14,0.727090044621083,0.00836739354015646,0.0172929341449936,0.636532597534134,"not_computed","Binary-outcome population prevalence has not been prespecified; unavailable Steiger is not treated as support","deferred_until_post_FDR","deferred_until_post_FDR","deferred_until_post_FDR"
"reverse|GCST90670842",15,13.9395622579522,14,0.454223400291281,0.0287110640042896,0.0186438692844303,0.147547684346286,"not_computed","Binary-outcome population prevalence has not been prespecified; unavailable Steiger is not treated as support","deferred_until_post_FDR","deferred_until_post_FDR","deferred_until_post_FDR"
"reverse|GCST90670843",15,21.0893977950478,14,0.0993634350941714,0.000406946343829614,0.0179692500929297,0.982275922339556,"not_computed","Binary-outcome population prevalence has not been prespecified; unavailable Steiger is not treated as support","deferred_until_post_FDR","deferred_until_post_FDR","deferred_until_post_FDR"
"reverse|GCST90670844",15,9.19047072730479,14,0.818658810329647,0.00143250763333829,0.0184501316661899,0.939295028520318,"not_computed","Binary-outcome population prevalence has not been prespecified; unavailable Steiger is not treated as support","deferred_until_post_FDR","deferred_until_post_FDR","deferred_until_post_FDR"
"reverse|GCST90670845",15,21.7354050908086,14,0.0842170451731384,-0.0176029088535813,0.0263968994175365,0.516526415917197,"not_computed","Binary-outcome population prevalence has not been prespecified; unavailable Steiger is not treated as support","deferred_until_post_FDR","deferred_until_post_FDR","deferred_until_post_FDR"
"reverse|GCST90670846",15,16.196602640769,14,0.30151602715797,0.00672149333111011,0.0160612524590121,0.682419027421299,"not_computed","Binary-outcome population prevalence has not been prespecified; unavailable Steiger is not treated as support","deferred_until_post_FDR","deferred_until_post_FDR","deferred_until_post_FDR"
"reverse|GCST90670847",17,30.2098814986249,16,0.0169438801239753,0.0063643032780472,0.00793128696991556,0.434834196210369,"not_computed","Binary-outcome population prevalence has not been prespecified; unavailable Steiger is not treated as support","deferred_until_post_FDR","deferred_until_post_FDR","deferred_until_post_FDR"
"reverse|GCST90670848",17,20.6879795554753,16,0.190818440402117,-0.00410543646742489,0.00658372330067832,0.542274474739581,"not_computed","Binary-outcome population prevalence has not been prespecified; unavailable Steiger is not treated as support","deferred_until_post_FDR","deferred_until_post_FDR","deferred_until_post_FDR"
"reverse|GCST90670849",15,20.1146151647109,14,0.126569083515838,0.0141472687019825,0.0189252982428971,0.468049423360201,"not_computed","Binary-outcome population prevalence has not been prespecified; unavailable Steiger is not treated as support","deferred_until_post_FDR","deferred_until_post_FDR","deferred_until_post_FDR"
"reverse|GCST90670850",15,8.79998836263737,14,0.843645895049388,0.00823447596836513,0.0209834879171749,0.701101593369417,"not_computed","Binary-outcome population prevalence has not been prespecified; unavailable Steiger is not treated as support","deferred_until_post_FDR","deferred_until_post_FDR","deferred_until_post_FDR"
"reverse|GCST90670851",15,19.3725299569029,14,0.151197303637334,-0.0274320946663345,0.0238634966730872,0.271042268919121,"not_computed","Binary-outcome population prevalence has not been prespecified; unavailable Steiger is not treated as support","deferred_until_post_FDR","deferred_until_post_FDR","deferred_until_post_FDR"
"reverse|GCST90670852",17,10.709881728421,16,0.827028847173454,0.00545505633301185,0.00580578824058985,0.362313490518462,"not_computed","Binary-outcome population prevalence has not been prespecified; unavailable Steiger is not treated as support","deferred_until_post_FDR","deferred_until_post_FDR","deferred_until_post_FDR"
"reverse|GCST90670853",15,7.6880683449418,14,0.904935750184338,0.00298133721290848,0.0239212737263467,0.902722095035446,"not_computed","Binary-outcome population prevalence has not been prespecified; unavailable Steiger is not treated as support","deferred_until_post_FDR","deferred_until_post_FDR","deferred_until_post_FDR"
"reverse|GCST90670854",15,6.05248695916797,14,0.965151137403547,0.00326321101735848,0.01543135051484,0.835802478694956,"not_computed","Binary-outcome population prevalence has not been prespecified; unavailable Steiger is not treated as support","deferred_until_post_FDR","deferred_until_post_FDR","deferred_until_post_FDR"
"reverse|GCST90670855",17,9.06007074549326,16,0.910919101613283,0.00512382434231875,0.00540330641723805,0.358017449383618,"not_computed","Binary-outcome population prevalence has not been prespecified; unavailable Steiger is not treated as support","deferred_until_post_FDR","deferred_until_post_FDR","deferred_until_post_FDR"
"reverse|GCST90670856",15,20.5384843568818,14,0.114057671092868,0.0129055247935675,0.021083156229594,0.551011851047254,"not_computed","Binary-outcome population prevalence has not been prespecified; unavailable Steiger is not treated as support","deferred_until_post_FDR","deferred_until_post_FDR","deferred_until_post_FDR"
"reverse|GCST90670857",15,14.5445125801122,14,0.409981279230411,0.0176824385872374,0.0171853207818932,0.322278537137384,"not_computed","Binary-outcome population prevalence has not been prespecified; unavailable Steiger is not treated as support","deferred_until_post_FDR","deferred_until_post_FDR","deferred_until_post_FDR"
"reverse|GCST90670858",17,20.7699803594629,16,0.187522695812001,0.00603651956835855,0.0062565707891202,0.349929023953531,"not_computed","Binary-outcome population prevalence has not been prespecified; unavailable Steiger is not treated as support","deferred_until_post_FDR","deferred_until_post_FDR","deferred_until_post_FDR"
"reverse|GCST90670859",15,15.9713591109847,14,0.315126480126999,0.0108704758958199,0.0175867957577443,0.547183220460224,"not_computed","Binary-outcome population prevalence has not been prespecified; unavailable Steiger is not treated as support","deferred_until_post_FDR","deferred_until_post_FDR","deferred_until_post_FDR"
"reverse|GCST90670860",15,8.09029707452497,14,0.884568847520111,-0.00160354444759168,0.0253653328391381,0.950554650674598,"not_computed","Binary-outcome population prevalence has not been prespecified; unavailable Steiger is not treated as support","deferred_until_post_FDR","deferred_until_post_FDR","deferred_until_post_FDR"
"reverse|GCST90670861",17,9.03686849239428,16,0.911887458108323,0.00645537584943945,0.00557930519463887,0.265357514931437,"not_computed","Binary-outcome population prevalence has not been prespecified; unavailable Steiger is not treated as support","deferred_until_post_FDR","deferred_until_post_FDR","deferred_until_post_FDR"
"reverse|GCST90670862",15,17.9160858638286,14,0.21062948930627,0.0174141964588171,0.020398727973648,0.408731942542716,"not_computed","Binary-outcome population prevalence has not been prespecified; unavailable Steiger is not treated as support","deferred_until_post_FDR","deferred_until_post_FDR","deferred_until_post_FDR"
"reverse|GCST90670863",15,18.6441109927703,14,0.178998503621674,0.00528818984138089,0.0220735365114973,0.814398335223609,"not_computed","Binary-outcome population prevalence has not been prespecified; unavailable Steiger is not treated as support","deferred_until_post_FDR","deferred_until_post_FDR","deferred_until_post_FDR"
"reverse|GCST90670864",15,10.2943179068324,14,0.74036444690294,0.0128562204935571,0.016346597551863,0.445688760996794,"not_computed","Binary-outcome population prevalence has not been prespecified; unavailable Steiger is not treated as support","deferred_until_post_FDR","deferred_until_post_FDR","deferred_until_post_FDR"
"reverse|GCST90670865",15,9.78303571644599,14,0.777867759595698,0.0100929485167535,0.0164077507035475,0.549083959322561,"not_computed","Binary-outcome population prevalence has not been prespecified; unavailable Steiger is not treated as support","deferred_until_post_FDR","deferred_until_post_FDR","deferred_until_post_FDR"
"reverse|GCST90670866",15,18.081676862826,14,0.203086134987192,-0.00324382551282968,0.0179581934614311,0.859441939285594,"not_computed","Binary-outcome population prevalence has not been prespecified; unavailable Steiger is not treated as support","deferred_until_post_FDR","deferred_until_post_FDR","deferred_until_post_FDR"
"reverse|GCST90670867",15,10.1012766604252,14,0.754742123528179,0.0181736659252389,0.0137209600043221,0.208144739633274,"not_computed","Binary-outcome population prevalence has not been prespecified; unavailable Steiger is not treated as support","deferred_until_post_FDR","deferred_until_post_FDR","deferred_until_post_FDR"
"reverse|GCST90670868",15,17.9544466237362,14,0.208863458172238,0.0132145632959226,0.0176436108573046,0.467210725440215,"not_computed","Binary-outcome population prevalence has not been prespecified; unavailable Steiger is not treated as support","deferred_until_post_FDR","deferred_until_post_FDR","deferred_until_post_FDR"
"reverse|GCST90670869",15,16.6520524158468,14,0.275194518315822,0.0133959585117997,0.0201523394092729,0.517838925812409,"not_computed","Binary-outcome population prevalence has not been prespecified; unavailable Steiger is not treated as support","deferred_until_post_FDR","deferred_until_post_FDR","deferred_until_post_FDR"
"reverse|GCST90670870",15,7.5484723166534,14,0.911499850324118,0.0103758915336699,0.0137584566934617,0.464203286062076,"not_computed","Binary-outcome population prevalence has not been prespecified; unavailable Steiger is not treated as support","deferred_until_post_FDR","deferred_until_post_FDR","deferred_until_post_FDR"
"reverse|GCST90670871",15,10.8159891277585,14,0.70042728634311,-0.00366936779312756,0.0300518468824482,0.904686151809146,"not_computed","Binary-outcome population prevalence has not been prespecified; unavailable Steiger is not treated as support","deferred_until_post_FDR","deferred_until_post_FDR","deferred_until_post_FDR"
"reverse|GCST90670872",15,12.3174640234523,14,0.580824349121584,0.0316805601714685,0.0218318189711165,0.170447376698543,"not_computed","Binary-outcome population prevalence has not been prespecified; unavailable Steiger is not treated as support","deferred_until_post_FDR","deferred_until_post_FDR","deferred_until_post_FDR"
"reverse|GCST90670873",17,15.2212365718972,16,0.508498396217281,-0.0071179530708646,0.00527235138744447,0.197019968011613,"not_computed","Binary-outcome population prevalence has not been prespecified; unavailable Steiger is not treated as support","deferred_until_post_FDR","deferred_until_post_FDR","deferred_until_post_FDR"
"reverse|GCST90670874",15,10.9901311015118,14,0.686811093103967,-0.0112712887429457,0.0147158629216475,0.457401541980251,"not_computed","Binary-outcome population prevalence has not been prespecified; unavailable Steiger is not treated as support","deferred_until_post_FDR","deferred_until_post_FDR","deferred_until_post_FDR"
"reverse|GCST90670875",15,13.9002448799126,14,0.457169110737266,-0.0181513424111642,0.0144147788177763,0.230092614109184,"not_computed","Binary-outcome population prevalence has not been prespecified; unavailable Steiger is not treated as support","deferred_until_post_FDR","deferred_until_post_FDR","deferred_until_post_FDR"
"reverse|GCST90670876",15,12.7929025400147,14,0.542891703410036,-0.00353390595672433,0.0185231841961084,0.851642915116865,"not_computed","Binary-outcome population prevalence has not been prespecified; unavailable Steiger is not treated as support","deferred_until_post_FDR","deferred_until_post_FDR","deferred_until_post_FDR"
"reverse|GCST90670877",15,16.9835521935898,14,0.257055429378608,-0.0200585941891021,0.0299549965902894,0.514815332124802,"not_computed","Binary-outcome population prevalence has not been prespecified; unavailable Steiger is not treated as support","deferred_until_post_FDR","deferred_until_post_FDR","deferred_until_post_FDR"
"reverse|GCST90670878",17,10.8959037652285,16,0.815864530602802,0.000673271966926415,0.00563595199041986,0.906496037068505,"not_computed","Binary-outcome population prevalence has not been prespecified; unavailable Steiger is not treated as support","deferred_until_post_FDR","deferred_until_post_FDR","deferred_until_post_FDR"
"reverse|GCST90670879",15,19.4128238681527,14,0.149766902508534,-0.0182841577420205,0.0249452143077002,0.476584880531425,"not_computed","Binary-outcome population prevalence has not been prespecified; unavailable Steiger is not treated as support","deferred_until_post_FDR","deferred_until_post_FDR","deferred_until_post_FDR"
"reverse|GCST90670880",17,14.6574322695893,16,0.549857074069349,-0.00618530926386081,0.00538749277850567,0.268913596355087,"not_computed","Binary-outcome population prevalence has not been prespecified; unavailable Steiger is not treated as support","deferred_until_post_FDR","deferred_until_post_FDR","deferred_until_post_FDR"
"reverse|GCST90670881",15,13.4455621548489,14,0.491778276636449,-0.00196975266912203,0.0166172426166248,0.907454492005229,"not_computed","Binary-outcome population prevalence has not been prespecified; unavailable Steiger is not treated as support","deferred_until_post_FDR","deferred_until_post_FDR","deferred_until_post_FDR"
"reverse|GCST90670882",15,13.7223534264504,14,0.47059424863904,-0.00341647027664231,0.023075974883576,0.8845726008543,"not_computed","Binary-outcome population prevalence has not been prespecified; unavailable Steiger is not treated as support","deferred_until_post_FDR","deferred_until_post_FDR","deferred_until_post_FDR"
"reverse|GCST90670883",17,12.3633553789596,16,0.718611321600332,0.00397714342689173,0.00567237054303038,0.49394827189256,"not_computed","Binary-outcome population prevalence has not been prespecified; unavailable Steiger is not treated as support","deferred_until_post_FDR","deferred_until_post_FDR","deferred_until_post_FDR"
"reverse|GCST90670884",17,10.3132892403943,16,0.849763475660552,0.00156345714963184,0.00535724571529956,0.774406578800795,"not_computed","Binary-outcome population prevalence has not been prespecified; unavailable Steiger is not treated as support","deferred_until_post_FDR","deferred_until_post_FDR","deferred_until_post_FDR"
"reverse|GCST90670885",15,17.7608150613539,14,0.217892609778968,0.0227170223186256,0.0234584049228134,0.350519008209437,"not_computed","Binary-outcome population prevalence has not been prespecified; unavailable Steiger is not treated as support","deferred_until_post_FDR","deferred_until_post_FDR","deferred_until_post_FDR"
"reverse|GCST90670886",15,19.2151305779791,14,0.156890786935857,-0.00572521117474354,0.0176356053509545,0.750618783239118,"not_computed","Binary-outcome population prevalence has not been prespecified; unavailable Steiger is not treated as support","deferred_until_post_FDR","deferred_until_post_FDR","deferred_until_post_FDR"
"reverse|GCST90670887",15,18.244802931882,14,0.195857629890093,-0.00143355150122095,0.0194197858877735,0.942278084590899,"not_computed","Binary-outcome population prevalence has not been prespecified; unavailable Steiger is not treated as support","deferred_until_post_FDR","deferred_until_post_FDR","deferred_until_post_FDR"
"reverse|GCST90670888",17,34.8139242125208,16,0.00421390729772515,-0.000887136912327157,0.00855167131235071,0.91875124180338,"not_computed","Binary-outcome population prevalence has not been prespecified; unavailable Steiger is not treated as support","deferred_until_post_FDR","deferred_until_post_FDR","deferred_until_post_FDR"
"reverse|GCST90670889",15,15.8390040091892,14,0.323304741243304,0.014110767767679,0.0151807843740387,0.369561313798268,"not_computed","Binary-outcome population prevalence has not been prespecified; unavailable Steiger is not treated as support","deferred_until_post_FDR","deferred_until_post_FDR","deferred_until_post_FDR"
"reverse|GCST90670890",15,14.671892784775,14,0.400944714408072,0.0329127830988895,0.0180728785213988,0.0916746545272809,"not_computed","Binary-outcome population prevalence has not been prespecified; unavailable Steiger is not treated as support","deferred_until_post_FDR","deferred_until_post_FDR","deferred_until_post_FDR"
"reverse|GCST90670891",15,9.13411503019461,14,0.822364346291731,0.0227653025332551,0.0218652011387234,0.316775480586426,"not_computed","Binary-outcome population prevalence has not been prespecified; unavailable Steiger is not treated as support","deferred_until_post_FDR","deferred_until_post_FDR","deferred_until_post_FDR"
"reverse|GCST90670892",15,10.9577980776828,14,0.689348079562458,0.0167257596024182,0.0148698349284423,0.281008747720974,"not_computed","Binary-outcome population prevalence has not been prespecified; unavailable Steiger is not treated as support","deferred_until_post_FDR","deferred_until_post_FDR","deferred_until_post_FDR"
"reverse|GCST90670893",15,9.86401021303449,14,0.772056737190518,0.0195572804522423,0.018991666555507,0.321891699302515,"not_computed","Binary-outcome population prevalence has not been prespecified; unavailable Steiger is not treated as support","deferred_until_post_FDR","deferred_until_post_FDR","deferred_until_post_FDR"
"reverse|GCST90670894",15,9.03972682568985,14,0.828497281432914,0.0150462853117033,0.0149927948109564,0.333901987385979,"not_computed","Binary-outcome population prevalence has not been prespecified; unavailable Steiger is not treated as support","deferred_until_post_FDR","deferred_until_post_FDR","deferred_until_post_FDR"
"reverse|GCST90670895",15,16.167544071738,14,0.303250007118966,0.0246680501527853,0.03008499463819,0.427025703479123,"not_computed","Binary-outcome population prevalence has not been prespecified; unavailable Steiger is not treated as support","deferred_until_post_FDR","deferred_until_post_FDR","deferred_until_post_FDR"
"reverse|GCST90670896",17,14.4506448378204,16,0.565180069688545,0.00136381556982986,0.00540594058069432,0.804248122432912,"not_computed","Binary-outcome population prevalence has not been prespecified; unavailable Steiger is not treated as support","deferred_until_post_FDR","deferred_until_post_FDR","deferred_until_post_FDR"
"reverse|GCST90670897",15,13.6872951395367,14,0.473258183794187,-0.00173738466168034,0.0277311854935189,0.950997513360835,"not_computed","Binary-outcome population prevalence has not been prespecified; unavailable Steiger is not treated as support","deferred_until_post_FDR","deferred_until_post_FDR","deferred_until_post_FDR"
"reverse|GCST90670898",17,9.97737828455494,16,0.867807011462199,0.00381437763528048,0.00577779030764497,0.519148553691835,"not_computed","Binary-outcome population prevalence has not been prespecified; unavailable Steiger is not treated as support","deferred_until_post_FDR","deferred_until_post_FDR","deferred_until_post_FDR"
"reverse|GCST90670899",15,8.87116908268281,14,0.839213848974661,0.013619668256312,0.0140911225059588,0.351410676192778,"not_computed","Binary-outcome population prevalence has not been prespecified; unavailable Steiger is not treated as support","deferred_until_post_FDR","deferred_until_post_FDR","deferred_until_post_FDR"
"reverse|GCST90670900",15,11.0815800820015,14,0.679615614339221,0.0143129432465752,0.0204499479515927,0.496323558289159,"not_computed","Binary-outcome population prevalence has not been prespecified; unavailable Steiger is not treated as support","deferred_until_post_FDR","deferred_until_post_FDR","deferred_until_post_FDR"
"reverse|GCST90670901",15,23.5212275508089,14,0.0522995589136489,-0.00419539419325232,0.0240565750341309,0.864240128253202,"not_computed","Binary-outcome population prevalence has not been prespecified; unavailable Steiger is not treated as support","deferred_until_post_FDR","deferred_until_post_FDR","deferred_until_post_FDR"
"reverse|GCST90670902",15,15.0937516380162,14,0.37177611052576,0.00691141313375177,0.022874169426185,0.767318047110599,"not_computed","Binary-outcome population prevalence has not been prespecified; unavailable Steiger is not treated as support","deferred_until_post_FDR","deferred_until_post_FDR","deferred_until_post_FDR"
"reverse|GCST90670903",15,11.9815461496147,14,0.607784836611654,0.0588776598962318,0.0232918914063146,0.025228721619075,"not_computed","Binary-outcome population prevalence has not been prespecified; unavailable Steiger is not treated as support","deferred_until_post_FDR","deferred_until_post_FDR","deferred_until_post_FDR"
"reverse|GCST90670904",15,23.1254655600361,14,0.058258542341558,-0.00974041766201902,0.0240946084586662,0.692595657377823,"not_computed","Binary-outcome population prevalence has not been prespecified; unavailable Steiger is not treated as support","deferred_until_post_FDR","deferred_until_post_FDR","deferred_until_post_FDR"
"reverse|GCST90670905",17,13.0767850767714,16,0.667135409511723,0.00265218945061156,0.0056587056840778,0.646028840086398,"not_computed","Binary-outcome population prevalence has not been prespecified; unavailable Steiger is not treated as support","deferred_until_post_FDR","deferred_until_post_FDR","deferred_until_post_FDR"
"reverse|GCST90670906",15,22.8184862669831,14,0.06328814173814,0.00950142264441392,0.0206384307081001,0.652852926119808,"not_computed","Binary-outcome population prevalence has not been prespecified; unavailable Steiger is not treated as support","deferred_until_post_FDR","deferred_until_post_FDR","deferred_until_post_FDR"
"reverse|GCST90670907",15,7.84898025104316,14,0.897044397777669,-0.00620662661426603,0.0203309376729901,0.76498600750553,"not_computed","Binary-outcome population prevalence has not been prespecified; unavailable Steiger is not treated as support","deferred_until_post_FDR","deferred_until_post_FDR","deferred_until_post_FDR"
"reverse|GCST90670908",15,22.3137034671349,14,0.0723942670692742,0.0130566386141589,0.020662571920243,0.538407751226884,"not_computed","Binary-outcome population prevalence has not been prespecified; unavailable Steiger is not treated as support","deferred_until_post_FDR","deferred_until_post_FDR","deferred_until_post_FDR"
"reverse|GCST90670909",15,9.4683599967252,14,0.799929086040934,-0.00157241034565242,0.0252960740785364,0.951380766222281,"not_computed","Binary-outcome population prevalence has not been prespecified; unavailable Steiger is not treated as support","deferred_until_post_FDR","deferred_until_post_FDR","deferred_until_post_FDR"
"reverse|GCST90670910",17,12.1095680503829,16,0.736403457577173,0.00298386828583895,0.00521010272783379,0.575327142074255,"not_computed","Binary-outcome population prevalence has not been prespecified; unavailable Steiger is not treated as support","deferred_until_post_FDR","deferred_until_post_FDR","deferred_until_post_FDR"
"reverse|GCST90670911",17,11.9752956690583,16,0.745678611547399,0.0020610769438346,0.00566716879043749,0.721166563109077,"not_computed","Binary-outcome population prevalence has not been prespecified; unavailable Steiger is not treated as support","deferred_until_post_FDR","deferred_until_post_FDR","deferred_until_post_FDR"
"reverse|GCST90670912",17,21.77675700566,16,0.150547125642179,-0.00835440222759083,0.00655286264044225,0.221731024899427,"not_computed","Binary-outcome population prevalence has not been prespecified; unavailable Steiger is not treated as support","deferred_until_post_FDR","deferred_until_post_FDR","deferred_until_post_FDR"
"reverse|GCST90670913",15,16.4540936170392,14,0.286436629528269,0.00371004886022597,0.0170299528097274,0.830924905424257,"not_computed","Binary-outcome population prevalence has not been prespecified; unavailable Steiger is not treated as support","deferred_until_post_FDR","deferred_until_post_FDR","deferred_until_post_FDR"
"reverse|GCST90670914",15,15.2488134010142,14,0.361360438498361,0.0072004001247144,0.0202149475667449,0.727410924917198,"not_computed","Binary-outcome population prevalence has not been prespecified; unavailable Steiger is not treated as support","deferred_until_post_FDR","deferred_until_post_FDR","deferred_until_post_FDR"
"reverse|GCST90670915",15,13.9295886757711,14,0.454969877397486,-0.0191263866187214,0.0170766303621703,0.28296622113028,"not_computed","Binary-outcome population prevalence has not been prespecified; unavailable Steiger is not treated as support","deferred_until_post_FDR","deferred_until_post_FDR","deferred_until_post_FDR"
"reverse|GCST90670916",17,19.2111153036942,16,0.25786757535093,0.00369549311748314,0.00641604701824964,0.573172003940608,"not_computed","Binary-outcome population prevalence has not been prespecified; unavailable Steiger is not treated as support","deferred_until_post_FDR","deferred_until_post_FDR","deferred_until_post_FDR"
"reverse|GCST90670917",15,22.6179240911992,14,0.0667778340665002,0.0311954479113328,0.0196516357472355,0.136431946280163,"not_computed","Binary-outcome population prevalence has not been prespecified; unavailable Steiger is not treated as support","deferred_until_post_FDR","deferred_until_post_FDR","deferred_until_post_FDR"
"reverse|GCST90670918",17,18.9415016723977,16,0.271708398773582,0.00140668281868119,0.00636054389984254,0.827952029579477,"not_computed","Binary-outcome population prevalence has not been prespecified; unavailable Steiger is not treated as support","deferred_until_post_FDR","deferred_until_post_FDR","deferred_until_post_FDR"
"reverse|GCST90670919",17,12.0711382597886,16,0.739068367168189,0.010428332947231,0.0055895437069405,0.0817641444766506,"not_computed","Binary-outcome population prevalence has not been prespecified; unavailable Steiger is not treated as support","deferred_until_post_FDR","deferred_until_post_FDR","deferred_until_post_FDR"
"reverse|GCST90670920",15,6.55453551547899,14,0.950524293217492,-0.00476633259580366,0.0144075469774431,0.746050500043736,"not_computed","Binary-outcome population prevalence has not been prespecified; unavailable Steiger is not treated as support","deferred_until_post_FDR","deferred_until_post_FDR","deferred_until_post_FDR"
"reverse|GCST90670921",15,14.4706367714104,14,0.415268735380658,-0.00622213971158401,0.0190183480083509,0.748751318639368,"not_computed","Binary-outcome population prevalence has not been prespecified; unavailable Steiger is not treated as support","deferred_until_post_FDR","deferred_until_post_FDR","deferred_until_post_FDR"
"reverse|GCST90670922",15,14.1009821576415,14,0.442215200392738,-0.0220004520823046,0.0233069690304507,0.362412462195405,"not_computed","Binary-outcome population prevalence has not been prespecified; unavailable Steiger is not treated as support","deferred_until_post_FDR","deferred_until_post_FDR","deferred_until_post_FDR"
"reverse|GCST90670923",17,16.4212958214786,16,0.42396393656513,0.0114264062085433,0.0056794858398562,0.0625529994468028,"not_computed","Binary-outcome population prevalence has not been prespecified; unavailable Steiger is not treated as support","deferred_until_post_FDR","deferred_until_post_FDR","deferred_until_post_FDR"
"reverse|GCST90670924",15,9.73530400870292,14,0.781268417192433,-0.00657728027324249,0.0146846560593239,0.661597487296737,"not_computed","Binary-outcome population prevalence has not been prespecified; unavailable Steiger is not treated as support","deferred_until_post_FDR","deferred_until_post_FDR","deferred_until_post_FDR"
"reverse|GCST90670925",15,14.291770400647,14,0.428207896692669,0.00830615630738909,0.0170787429289271,0.634818697806336,"not_computed","Binary-outcome population prevalence has not been prespecified; unavailable Steiger is not treated as support","deferred_until_post_FDR","deferred_until_post_FDR","deferred_until_post_FDR"
"reverse|GCST90670926",15,8.26417219596,14,0.875114085541801,0.00723571348321042,0.0153985815165153,0.646214966788111,"not_computed","Binary-outcome population prevalence has not been prespecified; unavailable Steiger is not treated as support","deferred_until_post_FDR","deferred_until_post_FDR","deferred_until_post_FDR"
"reverse|GCST90670927",15,15.1641167652335,14,0.367028694358385,-0.00391082163647675,0.0174016280003429,0.82567637047139,"not_computed","Binary-outcome population prevalence has not been prespecified; unavailable Steiger is not treated as support","deferred_until_post_FDR","deferred_until_post_FDR","deferred_until_post_FDR"
"reverse|GCST90670928",15,12.270808860436,14,0.584564645794416,-0.0107471315297303,0.0237669544206281,0.658586602075222,"not_computed","Binary-outcome population prevalence has not been prespecified; unavailable Steiger is not treated as support","deferred_until_post_FDR","deferred_until_post_FDR","deferred_until_post_FDR"
"reverse|GCST90670929",15,12.813192727387,14,0.541282996140148,-0.00250283758081916,0.0161390813699719,0.879140755349932,"not_computed","Binary-outcome population prevalence has not been prespecified; unavailable Steiger is not treated as support","deferred_until_post_FDR","deferred_until_post_FDR","deferred_until_post_FDR"
"reverse|GCST90670930",17,12.559433815282,16,0.70465600455212,-0.00317842839096282,0.00525889375972849,0.554616139508036,"not_computed","Binary-outcome population prevalence has not been prespecified; unavailable Steiger is not treated as support","deferred_until_post_FDR","deferred_until_post_FDR","deferred_until_post_FDR"
"reverse|GCST90670931",15,16.1379796826533,14,0.305020847472727,0.00366665561063788,0.0232737739280932,0.877236423738102,"not_computed","Binary-outcome population prevalence has not been prespecified; unavailable Steiger is not treated as support","deferred_until_post_FDR","deferred_until_post_FDR","deferred_until_post_FDR"
"reverse|GCST90670932",15,11.4650659335353,14,0.649177010260747,-0.00143266481169661,0.017030527953626,0.934240024498027,"not_computed","Binary-outcome population prevalence has not been prespecified; unavailable Steiger is not treated as support","deferred_until_post_FDR","deferred_until_post_FDR","deferred_until_post_FDR"
"reverse|GCST90670933",15,19.4421758147085,14,0.148731835993557,-0.0240394586833147,0.0250274193745849,0.354316805543894,"not_computed","Binary-outcome population prevalence has not been prespecified; unavailable Steiger is not treated as support","deferred_until_post_FDR","deferred_until_post_FDR","deferred_until_post_FDR"
"reverse|GCST90670934",15,10.7654617896263,14,0.704354724145034,0.00188608830322828,0.0150511075844398,0.90219349496604,"not_computed","Binary-outcome population prevalence has not been prespecified; unavailable Steiger is not treated as support","deferred_until_post_FDR","deferred_until_post_FDR","deferred_until_post_FDR"
"reverse|GCST90670935",17,5.98174624125623,16,0.988291476528679,0.0051018220147109,0.00552607576360063,0.370502090088974,"not_computed","Binary-outcome population prevalence has not been prespecified; unavailable Steiger is not treated as support","deferred_until_post_FDR","deferred_until_post_FDR","deferred_until_post_FDR"
"reverse|GCST90670936",15,22.7316361481926,14,0.0647790455419979,-0.0328669916217374,0.0238868659400285,0.192081094130922,"not_computed","Binary-outcome population prevalence has not been prespecified; unavailable Steiger is not treated as support","deferred_until_post_FDR","deferred_until_post_FDR","deferred_until_post_FDR"
"reverse|GCST90670937",15,7.97128291791656,14,0.890816742069359,-0.00781024968968744,0.0158431474420536,0.630253470971646,"not_computed","Binary-outcome population prevalence has not been prespecified; unavailable Steiger is not treated as support","deferred_until_post_FDR","deferred_until_post_FDR","deferred_until_post_FDR"
"reverse|GCST90670938",17,8.27968110831156,16,0.940100537758116,-0.00527591396122748,0.00573241543425381,0.371947339144198,"not_computed","Binary-outcome population prevalence has not been prespecified; unavailable Steiger is not treated as support","deferred_until_post_FDR","deferred_until_post_FDR","deferred_until_post_FDR"
"reverse|GCST90670939",17,15.0625067830053,16,0.520065268419673,-0.00057134452850285,0.00528131458668184,0.915284952948655,"not_computed","Binary-outcome population prevalence has not been prespecified; unavailable Steiger is not treated as support","deferred_until_post_FDR","deferred_until_post_FDR","deferred_until_post_FDR"
"reverse|GCST90670940",17,18.9065387451666,16,0.273539583986146,0.000718306633593928,0.0060140485159874,0.906513236075932,"not_computed","Binary-outcome population prevalence has not been prespecified; unavailable Steiger is not treated as support","deferred_until_post_FDR","deferred_until_post_FDR","deferred_until_post_FDR"
"reverse|GCST90670941",17,14.3414011577013,16,0.573296398155023,0.00631758896041054,0.00557935405425613,0.275278524007918,"not_computed","Binary-outcome population prevalence has not been prespecified; unavailable Steiger is not treated as support","deferred_until_post_FDR","deferred_until_post_FDR","deferred_until_post_FDR"
"reverse|GCST90670942",15,12.6327923147768,14,0.555619610924517,0.0271613478628521,0.024258886987939,0.283125435382379,"not_computed","Binary-outcome population prevalence has not been prespecified; unavailable Steiger is not treated as support","deferred_until_post_FDR","deferred_until_post_FDR","deferred_until_post_FDR"
"reverse|GCST90670943",15,25.7877587601345,14,0.0275416827518014,-0.0184205780312221,0.0201911243776945,0.378213230724256,"not_computed","Binary-outcome population prevalence has not been prespecified; unavailable Steiger is not treated as support","deferred_until_post_FDR","deferred_until_post_FDR","deferred_until_post_FDR"
"reverse|GCST90670944",15,18.1188208281539,14,0.201422591234893,0.010420266720682,0.0224674768576851,0.650465902375412,"not_computed","Binary-outcome population prevalence has not been prespecified; unavailable Steiger is not treated as support","deferred_until_post_FDR","deferred_until_post_FDR","deferred_until_post_FDR"
"reverse|GCST90670945",15,20.9373410549453,14,0.103249014142749,0.0536247335521636,0.0262962349195503,0.0622910744756513,"not_computed","Binary-outcome population prevalence has not been prespecified; unavailable Steiger is not treated as support","deferred_until_post_FDR","deferred_until_post_FDR","deferred_until_post_FDR"
"reverse|GCST90670946",15,18.9317279924024,14,0.167574383867419,0.0311756767229784,0.0239858249810131,0.21626051014866,"not_computed","Binary-outcome population prevalence has not been prespecified; unavailable Steiger is not treated as support","deferred_until_post_FDR","deferred_until_post_FDR","deferred_until_post_FDR"
"reverse|GCST90670947",15,12.7155981306598,14,0.549029850011467,0.0119075511845065,0.019158825167796,0.545004259310547,"not_computed","Binary-outcome population prevalence has not been prespecified; unavailable Steiger is not treated as support","deferred_until_post_FDR","deferred_until_post_FDR","deferred_until_post_FDR"
"reverse|GCST90670948",15,14.5692763423043,14,0.408216473679585,-0.0090496172184918,0.0260073763364524,0.733437352839198,"not_computed","Binary-outcome population prevalence has not been prespecified; unavailable Steiger is not treated as support","deferred_until_post_FDR","deferred_until_post_FDR","deferred_until_post_FDR"
"reverse|GCST90670949",15,9.3456577483951,14,0.808290891454855,-0.000124953765539686,0.0186060637396512,0.994743607925129,"not_computed","Binary-outcome population prevalence has not been prespecified; unavailable Steiger is not treated as support","deferred_until_post_FDR","deferred_until_post_FDR","deferred_until_post_FDR"
"reverse|GCST90670950",15,19.8552827753306,14,0.134770451742532,0.00300906777837207,0.029347672225327,0.919899343055915,"not_computed","Binary-outcome population prevalence has not been prespecified; unavailable Steiger is not treated as support","deferred_until_post_FDR","deferred_until_post_FDR","deferred_until_post_FDR"
"reverse|GCST90670951",15,12.8297359709556,14,0.539972130474419,0.00043857561951513,0.0176003126382574,0.980498315446942,"not_computed","Binary-outcome population prevalence has not been prespecified; unavailable Steiger is not treated as support","deferred_until_post_FDR","deferred_until_post_FDR","deferred_until_post_FDR"
"reverse|GCST90670952",17,14.7051588966864,16,0.546329819754558,-0.00432513547810105,0.00543294460722492,0.438395550400952,"not_computed","Binary-outcome population prevalence has not been prespecified; unavailable Steiger is not treated as support","deferred_until_post_FDR","deferred_until_post_FDR","deferred_until_post_FDR"
"reverse|GCST90670953",15,10.3451464541974,14,0.736539088800322,0.028479898777256,0.0193711072926285,0.165285458080875,"not_computed","Binary-outcome population prevalence has not been prespecified; unavailable Steiger is not treated as support","deferred_until_post_FDR","deferred_until_post_FDR","deferred_until_post_FDR"
"reverse|GCST90670954",15,13.2611085334089,14,0.506074594333932,-0.0146577823525997,0.016626540938606,0.394007103722928,"not_computed","Binary-outcome population prevalence has not been prespecified; unavailable Steiger is not treated as support","deferred_until_post_FDR","deferred_until_post_FDR","deferred_until_post_FDR"
"reverse|GCST90670955",15,11.7752584343397,14,0.624345741688933,0.0248126322375577,0.0227816249057446,0.295866052064454,"not_computed","Binary-outcome population prevalence has not been prespecified; unavailable Steiger is not treated as support","deferred_until_post_FDR","deferred_until_post_FDR","deferred_until_post_FDR"
"reverse|GCST90670956",15,13.3268142487085,14,0.500966749971721,-0.0156551016089871,0.0170668719566268,0.375699930396549,"not_computed","Binary-outcome population prevalence has not been prespecified; unavailable Steiger is not treated as support","deferred_until_post_FDR","deferred_until_post_FDR","deferred_until_post_FDR"
"reverse|GCST90670957",15,19.0832898892978,14,0.161791055072958,0.00209262722405974,0.0204847588068285,0.920192303168052,"not_computed","Binary-outcome population prevalence has not been prespecified; unavailable Steiger is not treated as support","deferred_until_post_FDR","deferred_until_post_FDR","deferred_until_post_FDR"
"reverse|GCST90670958",15,13.4064196021309,14,0.494800781754134,0.00166112707011161,0.0153703188078749,0.915587462028241,"not_computed","Binary-outcome population prevalence has not been prespecified; unavailable Steiger is not treated as support","deferred_until_post_FDR","deferred_until_post_FDR","deferred_until_post_FDR"
"reverse|GCST90670959",15,22.8332668443685,14,0.0630374512942533,0.0785045677379404,0.0221499573704341,0.00359592644380974,"not_computed","Binary-outcome population prevalence has not been prespecified; unavailable Steiger is not treated as support","deferred_until_post_FDR","deferred_until_post_FDR","deferred_until_post_FDR"
"reverse|GCST90670960",17,14.3181755045858,16,0.575023434710705,0.00303636272729853,0.00545903277740163,0.586270282563005,"not_computed","Binary-outcome population prevalence has not been prespecified; unavailable Steiger is not treated as support","deferred_until_post_FDR","deferred_until_post_FDR","deferred_until_post_FDR"
"reverse|GCST90670961",15,22.547660276327,14,0.068039858971302,0.0479722932870321,0.0177953110563986,0.0183408448472716,"not_computed","Binary-outcome population prevalence has not been prespecified; unavailable Steiger is not treated as support","deferred_until_post_FDR","deferred_until_post_FDR","deferred_until_post_FDR"
"reverse|GCST90670962",17,13.233222722963,16,0.655634892055031,-0.0060106755700238,0.00594865557567643,0.328313657996627,"not_computed","Binary-outcome population prevalence has not been prespecified; unavailable Steiger is not treated as support","deferred_until_post_FDR","deferred_until_post_FDR","deferred_until_post_FDR"
"reverse|GCST90670963",17,9.9178426450916,16,0.870883390702601,0.00184236067687622,0.00558064189755793,0.745864271064807,"not_computed","Binary-outcome population prevalence has not been prespecified; unavailable Steiger is not treated as support","deferred_until_post_FDR","deferred_until_post_FDR","deferred_until_post_FDR"
"reverse|GCST90670964",15,15.6254409313569,14,0.336779068165449,-0.00982416244917476,0.0212738366628912,0.651860602366175,"not_computed","Binary-outcome population prevalence has not been prespecified; unavailable Steiger is not treated as support","deferred_until_post_FDR","deferred_until_post_FDR","deferred_until_post_FDR"
"reverse|GCST90670965",15,13.9277468241474,14,0.45510778806974,0.0145214672515145,0.0146371980977647,0.33925963597857,"not_computed","Binary-outcome population prevalence has not been prespecified; unavailable Steiger is not treated as support","deferred_until_post_FDR","deferred_until_post_FDR","deferred_until_post_FDR"
"reverse|GCST90670966",15,10.2169358523032,14,0.746157194199145,0.0149675316471348,0.0166956346930405,0.386289639815544,"not_computed","Binary-outcome population prevalence has not been prespecified; unavailable Steiger is not treated as support","deferred_until_post_FDR","deferred_until_post_FDR","deferred_until_post_FDR"
"reverse|GCST90670967",15,9.10859161325564,14,0.824031880520184,0.0106727596085048,0.0205065197946576,0.61149486152778,"not_computed","Binary-outcome population prevalence has not been prespecified; unavailable Steiger is not treated as support","deferred_until_post_FDR","deferred_until_post_FDR","deferred_until_post_FDR"
"reverse|GCST90670968",15,6.88983648719154,14,0.938875129752286,0.00126019414995164,0.0226917345240307,0.956556395986637,"not_computed","Binary-outcome population prevalence has not been prespecified; unavailable Steiger is not treated as support","deferred_until_post_FDR","deferred_until_post_FDR","deferred_until_post_FDR"
"reverse|GCST90670969",17,14.4909618969815,16,0.562188005962721,-0.00136552769409627,0.00571575270070126,0.814411814692741,"not_computed","Binary-outcome population prevalence has not been prespecified; unavailable Steiger is not treated as support","deferred_until_post_FDR","deferred_until_post_FDR","deferred_until_post_FDR"
"reverse|GCST90670970",15,11.6447906481175,14,0.634804851138822,-0.00685364772545581,0.0248094692894981,0.78669808151311,"not_computed","Binary-outcome population prevalence has not been prespecified; unavailable Steiger is not treated as support","deferred_until_post_FDR","deferred_until_post_FDR","deferred_until_post_FDR"
"reverse|GCST90670971",15,10.5323379479574,14,0.722320475529621,-0.0164119007991648,0.0194433748655302,0.413884280578075,"not_computed","Binary-outcome population prevalence has not been prespecified; unavailable Steiger is not treated as support","deferred_until_post_FDR","deferred_until_post_FDR","deferred_until_post_FDR"
"reverse|GCST90670972",15,13.350895594448,14,0.499098849593948,0.00746612600467462,0.0138875168385583,0.599926121489679,"not_computed","Binary-outcome population prevalence has not been prespecified; unavailable Steiger is not treated as support","deferred_until_post_FDR","deferred_until_post_FDR","deferred_until_post_FDR"
"reverse|GCST90670973",15,5.69417302573883,14,0.973621031809391,0.00365877161941368,0.0149004725633049,0.809866547488539,"not_computed","Binary-outcome population prevalence has not been prespecified; unavailable Steiger is not treated as support","deferred_until_post_FDR","deferred_until_post_FDR","deferred_until_post_FDR"
"reverse|GCST90670974",15,17.2442710129604,14,0.243394218621618,0.0101116547229486,0.0255402887525657,0.698592631982559,"not_computed","Binary-outcome population prevalence has not been prespecified; unavailable Steiger is not treated as support","deferred_until_post_FDR","deferred_until_post_FDR","deferred_until_post_FDR"
"reverse|GCST90670975",15,14.7364764605983,14,0.396402669772753,0.0111511186504299,0.017352636540855,0.531642557823546,"not_computed","Binary-outcome population prevalence has not been prespecified; unavailable Steiger is not treated as support","deferred_until_post_FDR","deferred_until_post_FDR","deferred_until_post_FDR"
"reverse|GCST90670976",15,21.5025823943265,14,0.0894293140516807,-0.0322318991997435,0.0247357880882724,0.215166845130119,"not_computed","Binary-outcome population prevalence has not been prespecified; unavailable Steiger is not treated as support","deferred_until_post_FDR","deferred_until_post_FDR","deferred_until_post_FDR"
"reverse|GCST90670977",15,9.60892556033033,14,0.790180348162859,0.0152104647423931,0.0198133081571275,0.456389981547306,"not_computed","Binary-outcome population prevalence has not been prespecified; unavailable Steiger is not treated as support","deferred_until_post_FDR","deferred_until_post_FDR","deferred_until_post_FDR"
"reverse|GCST90670978",15,14.4581632731337,14,0.416164809083173,-0.0295051688366085,0.014157056202415,0.0574417686038624,"not_computed","Binary-outcome population prevalence has not been prespecified; unavailable Steiger is not treated as support","deferred_until_post_FDR","deferred_until_post_FDR","deferred_until_post_FDR"
"reverse|GCST90670979",15,17.2580778758164,14,0.242685588478137,0.0502701124472647,0.0230477660469726,0.0481356770116786,"not_computed","Binary-outcome population prevalence has not been prespecified; unavailable Steiger is not treated as support","deferred_until_post_FDR","deferred_until_post_FDR","deferred_until_post_FDR"
"reverse|GCST90670980",15,9.71477147665276,14,0.782725493587804,-0.00895091676366629,0.025574395256471,0.73194757193254,"not_computed","Binary-outcome population prevalence has not been prespecified; unavailable Steiger is not treated as support","deferred_until_post_FDR","deferred_until_post_FDR","deferred_until_post_FDR"
"reverse|GCST90670981",15,16.9454888506274,14,0.259094419811116,0.0222969991038167,0.0193004692738501,0.268778196079233,"not_computed","Binary-outcome population prevalence has not been prespecified; unavailable Steiger is not treated as support","deferred_until_post_FDR","deferred_until_post_FDR","deferred_until_post_FDR"
"reverse|GCST90670982",15,10.0674189771152,14,0.757237938174383,-0.0115197303610011,0.0219518434966901,0.608574349993857,"not_computed","Binary-outcome population prevalence has not been prespecified; unavailable Steiger is not treated as support","deferred_until_post_FDR","deferred_until_post_FDR","deferred_until_post_FDR"
"reverse|GCST90670983",15,11.5061788224501,14,0.645893864653253,-0.0003501545869163,0.0157731913086818,0.982626062309113,"not_computed","Binary-outcome population prevalence has not been prespecified; unavailable Steiger is not treated as support","deferred_until_post_FDR","deferred_until_post_FDR","deferred_until_post_FDR"
"reverse|GCST90670984",17,9.55560876087556,16,0.888783039180367,0.000751516413920133,0.00558404454679048,0.894730969420832,"not_computed","Binary-outcome population prevalence has not been prespecified; unavailable Steiger is not treated as support","deferred_until_post_FDR","deferred_until_post_FDR","deferred_until_post_FDR"
"reverse|GCST90670985",15,14.210841858372,14,0.434124230900737,-0.00441861801704666,0.0185124650390077,0.815072410794911,"not_computed","Binary-outcome population prevalence has not been prespecified; unavailable Steiger is not treated as support","deferred_until_post_FDR","deferred_until_post_FDR","deferred_until_post_FDR"
"reverse|GCST90670986",15,18.3402300320388,14,0.191721421353941,-0.0246781132770631,0.0251277272914648,0.343972546765635,"not_computed","Binary-outcome population prevalence has not been prespecified; unavailable Steiger is not treated as support","deferred_until_post_FDR","deferred_until_post_FDR","deferred_until_post_FDR"
"reverse|GCST90670987",15,15.6642512146465,14,0.334305085479665,0.00462396451282602,0.014940881862295,0.761858067877165,"not_computed","Binary-outcome population prevalence has not been prespecified; unavailable Steiger is not treated as support","deferred_until_post_FDR","deferred_until_post_FDR","deferred_until_post_FDR"
"reverse|GCST90670988",17,33.1793213917913,16,0.00699616619920683,-0.00606001834290911,0.00795166752728351,0.457813164579435,"not_computed","Binary-outcome population prevalence has not been prespecified; unavailable Steiger is not treated as support","deferred_until_post_FDR","deferred_until_post_FDR","deferred_until_post_FDR"
"reverse|GCST90670989",15,8.6378217376347,14,0.853528781712645,0.0121582023434067,0.0149693369452993,0.431294959341283,"not_computed","Binary-outcome population prevalence has not been prespecified; unavailable Steiger is not treated as support","deferred_until_post_FDR","deferred_until_post_FDR","deferred_until_post_FDR"
"reverse|GCST90670990",15,14.1005224691041,14,0.442249196990162,0.020440873019732,0.0137030188663253,0.159640105632496,"not_computed","Binary-outcome population prevalence has not been prespecified; unavailable Steiger is not treated as support","deferred_until_post_FDR","deferred_until_post_FDR","deferred_until_post_FDR"
"reverse|GCST90670991",15,8.26346030792213,14,0.875153575642569,-0.0216614908555727,0.0167880679611538,0.219428375012826,"not_computed","Binary-outcome population prevalence has not been prespecified; unavailable Steiger is not treated as support","deferred_until_post_FDR","deferred_until_post_FDR","deferred_until_post_FDR"
"reverse|GCST90670992",15,33.4353440957851,14,0.00249221967390759,-0.0362916319090171,0.0240401872684613,0.155056548127143,"not_computed","Binary-outcome population prevalence has not been prespecified; unavailable Steiger is not treated as support","deferred_until_post_FDR","deferred_until_post_FDR","deferred_until_post_FDR"
"reverse|GCST90670993",15,22.7103125327613,14,0.0651497975871421,0.0160893328989828,0.0184489154271652,0.398973821754943,"not_computed","Binary-outcome population prevalence has not been prespecified; unavailable Steiger is not treated as support","deferred_until_post_FDR","deferred_until_post_FDR","deferred_until_post_FDR"
"reverse|GCST90670994",17,8.76435812354955,16,0.922799348073241,-0.00625321626540956,0.00543289576826341,0.267753599211987,"not_computed","Binary-outcome population prevalence has not been prespecified; unavailable Steiger is not treated as support","deferred_until_post_FDR","deferred_until_post_FDR","deferred_until_post_FDR"
"reverse|GCST90670995",15,15.5042202641896,14,0.344578042211664,-0.019117612431724,0.0161292881119636,0.257124331543141,"not_computed","Binary-outcome population prevalence has not been prespecified; unavailable Steiger is not treated as support","deferred_until_post_FDR","deferred_until_post_FDR","deferred_until_post_FDR"
"reverse|GCST90670996",15,9.69105002207371,14,0.784404491920926,-0.00359893224213017,0.0196971342028223,0.857841458573333,"not_computed","Binary-outcome population prevalence has not been prespecified; unavailable Steiger is not treated as support","deferred_until_post_FDR","deferred_until_post_FDR","deferred_until_post_FDR"
"reverse|GCST90670997",15,10.9789540383063,14,0.68768852593144,-0.0282974593821879,0.0147153717330938,0.0766638027817117,"not_computed","Binary-outcome population prevalence has not been prespecified; unavailable Steiger is not treated as support","deferred_until_post_FDR","deferred_until_post_FDR","deferred_until_post_FDR"
"reverse|GCST90670998",17,12.5921844794453,16,0.702309085456142,0.0082700695529068,0.00530831782007739,0.140091102397694,"not_computed","Binary-outcome population prevalence has not been prespecified; unavailable Steiger is not treated as support","deferred_until_post_FDR","deferred_until_post_FDR","deferred_until_post_FDR"
"reverse|GCST90670999",15,13.898299235453,14,0.457315087849926,0.00888878486273057,0.0141601268319443,0.541048925189688,"not_computed","Binary-outcome population prevalence has not been prespecified; unavailable Steiger is not treated as support","deferred_until_post_FDR","deferred_until_post_FDR","deferred_until_post_FDR"
"reverse|GCST90671000",15,13.5415961029068,14,0.484389937673361,0.0268710033887883,0.0188143926590246,0.176812172714586,"not_computed","Binary-outcome population prevalence has not been prespecified; unavailable Steiger is not treated as support","deferred_until_post_FDR","deferred_until_post_FDR","deferred_until_post_FDR"
"reverse|GCST90671001",15,13.2473717916437,14,0.507144507397951,0.00547670496790648,0.0138019371148881,0.697947156558227,"not_computed","Binary-outcome population prevalence has not been prespecified; unavailable Steiger is not treated as support","deferred_until_post_FDR","deferred_until_post_FDR","deferred_until_post_FDR"
"reverse|GCST90671002",15,21.9129289146733,14,0.080421236710157,0.0144347143095356,0.0180723970850244,0.438804106527664,"not_computed","Binary-outcome population prevalence has not been prespecified; unavailable Steiger is not treated as support","deferred_until_post_FDR","deferred_until_post_FDR","deferred_until_post_FDR"
"reverse|GCST90671003",17,9.30499753388512,16,0.900323484057387,-0.00351637224095451,0.00577426970322887,0.551654729492022,"not_computed","Binary-outcome population prevalence has not been prespecified; unavailable Steiger is not treated as support","deferred_until_post_FDR","deferred_until_post_FDR","deferred_until_post_FDR"
"reverse|GCST90671004",15,21.5836463201101,14,0.0875838204711729,-0.0153285781542749,0.0182929411844757,0.417199112021073,"not_computed","Binary-outcome population prevalence has not been prespecified; unavailable Steiger is not treated as support","deferred_until_post_FDR","deferred_until_post_FDR","deferred_until_post_FDR"
"reverse|GCST90671005",17,31.0971975081955,16,0.0130767832121451,-0.00904972495580564,0.00802337195460684,0.277072319769805,"not_computed","Binary-outcome population prevalence has not been prespecified; unavailable Steiger is not treated as support","deferred_until_post_FDR","deferred_until_post_FDR","deferred_until_post_FDR"
"reverse|GCST90671006",15,16.5588205975877,14,0.280451038618632,0.00204350108311596,0.0158155031188024,0.899170185096044,"not_computed","Binary-outcome population prevalence has not been prespecified; unavailable Steiger is not treated as support","deferred_until_post_FDR","deferred_until_post_FDR","deferred_until_post_FDR"
"reverse|GCST90671007",15,16.0707987153794,14,0.309069822402786,-0.0205084760451635,0.0165105856886348,0.23612649089392,"not_computed","Binary-outcome population prevalence has not been prespecified; unavailable Steiger is not treated as support","deferred_until_post_FDR","deferred_until_post_FDR","deferred_until_post_FDR"
"reverse|GCST90671008",15,14.4826065100326,14,0.414409747490308,-0.00811406495042048,0.0207588382632723,0.702221797311171,"not_computed","Binary-outcome population prevalence has not been prespecified; unavailable Steiger is not treated as support","deferred_until_post_FDR","deferred_until_post_FDR","deferred_until_post_FDR"
"reverse|GCST90671009",17,15.5510990665025,16,0.484704937614103,0.00109816701868694,0.0053402393642299,0.839836920746856,"not_computed","Binary-outcome population prevalence has not been prespecified; unavailable Steiger is not treated as support","deferred_until_post_FDR","deferred_until_post_FDR","deferred_until_post_FDR"
"reverse|GCST90671010",15,18.7745510756899,14,0.173743861262114,0.0133550871143598,0.0167980207391965,0.440865097419268,"not_computed","Binary-outcome population prevalence has not been prespecified; unavailable Steiger is not treated as support","deferred_until_post_FDR","deferred_until_post_FDR","deferred_until_post_FDR"
"reverse|GCST90671011",15,28.0136829627743,14,0.0141685418743025,0.0361613462001393,0.0183075669661948,0.0698683526948145,"not_computed","Binary-outcome population prevalence has not been prespecified; unavailable Steiger is not treated as support","deferred_until_post_FDR","deferred_until_post_FDR","deferred_until_post_FDR"
"reverse|GCST90671012",17,20.7857932182258,16,0.186892190459776,0.00712766475765691,0.00631709816634573,0.276911681032337,"not_computed","Binary-outcome population prevalence has not been prespecified; unavailable Steiger is not treated as support","deferred_until_post_FDR","deferred_until_post_FDR","deferred_until_post_FDR"
"reverse|GCST90671013",15,8.17290049709642,14,0.880125065255271,-0.0167486158150464,0.0183973173148954,0.379190963816182,"not_computed","Binary-outcome population prevalence has not been prespecified; unavailable Steiger is not treated as support","deferred_until_post_FDR","deferred_until_post_FDR","deferred_until_post_FDR"
"reverse|GCST90671014",15,12.4509997349663,14,0.570132444420058,0.0192258516525168,0.0245941732883741,0.448380829369921,"not_computed","Binary-outcome population prevalence has not been prespecified; unavailable Steiger is not treated as support","deferred_until_post_FDR","deferred_until_post_FDR","deferred_until_post_FDR"
"reverse|GCST90671015",15,12.3594340718502,14,0.57746156477422,-0.00314370187112746,0.0141168822494581,0.827236719127545,"not_computed","Binary-outcome population prevalence has not been prespecified; unavailable Steiger is not treated as support","deferred_until_post_FDR","deferred_until_post_FDR","deferred_until_post_FDR"
"reverse|GCST90671016",15,19.1942116622145,14,0.157660265903011,0.00459123382921462,0.0254180247875333,0.859444250887209,"not_computed","Binary-outcome population prevalence has not been prespecified; unavailable Steiger is not treated as support","deferred_until_post_FDR","deferred_until_post_FDR","deferred_until_post_FDR"
"reverse|GCST90671017",15,16.2876026727782,14,0.296128072235614,0.00954255116485249,0.0203869322853656,0.647483624687253,"not_computed","Binary-outcome population prevalence has not been prespecified; unavailable Steiger is not treated as support","deferred_until_post_FDR","deferred_until_post_FDR","deferred_until_post_FDR"
"reverse|GCST90671018",15,20.8087561543888,14,0.106634704954473,0.0254827566643257,0.0162316579452918,0.14044032790207,"not_computed","Binary-outcome population prevalence has not been prespecified; unavailable Steiger is not treated as support","deferred_until_post_FDR","deferred_until_post_FDR","deferred_until_post_FDR"
"reverse|GCST90671019",15,17.00783210706,14,0.255760726377935,0.0167799681658205,0.0212431277083384,0.443755732724443,"not_computed","Binary-outcome population prevalence has not been prespecified; unavailable Steiger is not treated as support","deferred_until_post_FDR","deferred_until_post_FDR","deferred_until_post_FDR"
"reverse|GCST90671020",15,14.7567794828742,14,0.394980390599881,0.0404414532730282,0.0235450354187965,0.109576621766354,"not_computed","Binary-outcome population prevalence has not been prespecified; unavailable Steiger is not treated as support","deferred_until_post_FDR","deferred_until_post_FDR","deferred_until_post_FDR"
"reverse|GCST90671021",15,29.6713900325276,14,0.00846745984847518,0.0070480387423714,0.0234855939597086,0.76884544405923,"not_computed","Binary-outcome population prevalence has not been prespecified; unavailable Steiger is not treated as support","deferred_until_post_FDR","deferred_until_post_FDR","deferred_until_post_FDR"
"reverse|GCST90671022",15,11.2244903022477,14,0.668317365277184,0.00172053597381167,0.0169672541184924,0.920777623957883,"not_computed","Binary-outcome population prevalence has not been prespecified; unavailable Steiger is not treated as support","deferred_until_post_FDR","deferred_until_post_FDR","deferred_until_post_FDR"
"reverse|GCST90671023",15,13.7730375347721,14,0.466753345673314,0.0200006718825404,0.0189003208751171,0.309223495840277,"not_computed","Binary-outcome population prevalence has not been prespecified; unavailable Steiger is not treated as support","deferred_until_post_FDR","deferred_until_post_FDR","deferred_until_post_FDR"
"reverse|GCST90671024",15,8.94527905768711,14,0.834539940593678,0.0165538105181972,0.0154245828990342,0.302695207599851,"not_computed","Binary-outcome population prevalence has not been prespecified; unavailable Steiger is not treated as support","deferred_until_post_FDR","deferred_until_post_FDR","deferred_until_post_FDR"
"reverse|GCST90671025",15,13.9557304485982,14,0.453014385894932,-0.0214893810520828,0.0204648062316518,0.312817592317915,"not_computed","Binary-outcome population prevalence has not been prespecified; unavailable Steiger is not treated as support","deferred_until_post_FDR","deferred_until_post_FDR","deferred_until_post_FDR"
"reverse|GCST90671026",15,17.9408498206937,14,0.209488137837766,0.0240768071255273,0.0311720189282744,0.453700158590193,"not_computed","Binary-outcome population prevalence has not been prespecified; unavailable Steiger is not treated as support","deferred_until_post_FDR","deferred_until_post_FDR","deferred_until_post_FDR"
"reverse|GCST90671027",15,9.30144541666257,14,0.811268749606072,-0.0333867135821647,0.0192781238669454,0.106945284318803,"not_computed","Binary-outcome population prevalence has not been prespecified; unavailable Steiger is not treated as support","deferred_until_post_FDR","deferred_until_post_FDR","deferred_until_post_FDR"
"reverse|GCST90671028",15,9.55814657548324,14,0.793722404921094,0.000794288845490757,0.0195843637133716,0.968265093645062,"not_computed","Binary-outcome population prevalence has not been prespecified; unavailable Steiger is not treated as support","deferred_until_post_FDR","deferred_until_post_FDR","deferred_until_post_FDR"
"reverse|GCST90671029",15,40.5713487740216,14,0.000207693325395524,-0.00349942698476294,0.0243024691509054,0.887712897625256,"not_computed","Binary-outcome population prevalence has not been prespecified; unavailable Steiger is not treated as support","deferred_until_post_FDR","deferred_until_post_FDR","deferred_until_post_FDR"
"reverse|GCST90671030",15,15.2282592319094,14,0.36273135422039,0.00232900327524028,0.0182219095018269,0.900252689932895,"not_computed","Binary-outcome population prevalence has not been prespecified; unavailable Steiger is not treated as support","deferred_until_post_FDR","deferred_until_post_FDR","deferred_until_post_FDR"
"reverse|GCST90671031",15,15.2567408328511,14,0.360832497838414,0.00159582970506132,0.0149083447891689,0.916389399118722,"not_computed","Binary-outcome population prevalence has not been prespecified; unavailable Steiger is not treated as support","deferred_until_post_FDR","deferred_until_post_FDR","deferred_until_post_FDR"
"reverse|GCST90671032",15,29.3332282942894,14,0.00941706007173961,0.00105472071407406,0.03376846533854,0.975557448596064,"not_computed","Binary-outcome population prevalence has not been prespecified; unavailable Steiger is not treated as support","deferred_until_post_FDR","deferred_until_post_FDR","deferred_until_post_FDR"
"reverse|GCST90671033",15,24.0455567220991,14,0.0452451799735324,0.0105190181458918,0.0189156681312631,0.587586321985152,"not_computed","Binary-outcome population prevalence has not been prespecified; unavailable Steiger is not treated as support","deferred_until_post_FDR","deferred_until_post_FDR","deferred_until_post_FDR"
"reverse|GCST90671034",15,16.9394287983327,14,0.259420094757581,0.0019376373702317,0.022527566131106,0.932767636683931,"not_computed","Binary-outcome population prevalence has not been prespecified; unavailable Steiger is not treated as support","deferred_until_post_FDR","deferred_until_post_FDR","deferred_until_post_FDR"
"reverse|GCST90671035",15,15.4007193497294,14,0.351322165587556,0.00767778098877785,0.0153777865649188,0.625926428039576,"not_computed","Binary-outcome population prevalence has not been prespecified; unavailable Steiger is not treated as support","deferred_until_post_FDR","deferred_until_post_FDR","deferred_until_post_FDR"
"reverse|GCST90671036",15,19.3364846461287,14,0.152486210810866,0.00642027117048751,0.028453432644894,0.824988957138172,"not_computed","Binary-outcome population prevalence has not been prespecified; unavailable Steiger is not treated as support","deferred_until_post_FDR","deferred_until_post_FDR","deferred_until_post_FDR"
"reverse|GCST90671037",15,14.4134521916209,14,0.419384562700973,-0.00150138322431962,0.0194088755775367,0.939518656942264,"not_computed","Binary-outcome population prevalence has not been prespecified; unavailable Steiger is not treated as support","deferred_until_post_FDR","deferred_until_post_FDR","deferred_until_post_FDR"
"reverse|GCST90671038",15,16.8093762930689,14,0.266478663804174,0.0404684105347757,0.0221428074202233,0.0906437865209768,"not_computed","Binary-outcome population prevalence has not been prespecified; unavailable Steiger is not treated as support","deferred_until_post_FDR","deferred_until_post_FDR","deferred_until_post_FDR"
"reverse|GCST90671039",15,13.8733745947716,14,0.459186835641752,-0.0055598105102472,0.0147300959022169,0.711932716018625,"not_computed","Binary-outcome population prevalence has not been prespecified; unavailable Steiger is not treated as support","deferred_until_post_FDR","deferred_until_post_FDR","deferred_until_post_FDR"
"reverse|GCST90671040",17,8.54057068295534,16,0.931122484023206,0.00217104373881079,0.00598212494582515,0.721726525853885,"not_computed","Binary-outcome population prevalence has not been prespecified; unavailable Steiger is not treated as support","deferred_until_post_FDR","deferred_until_post_FDR","deferred_until_post_FDR"
"reverse|GCST90671041",15,17.1620200811034,14,0.247646581023424,0.00319754979812439,0.022113525176773,0.887246721260362,"not_computed","Binary-outcome population prevalence has not been prespecified; unavailable Steiger is not treated as support","deferred_until_post_FDR","deferred_until_post_FDR","deferred_until_post_FDR"
"reverse|GCST90671042",17,22.0234504451244,16,0.142435965959705,-0.00724657465658442,0.00662108805443616,0.291013362895369,"not_computed","Binary-outcome population prevalence has not been prespecified; unavailable Steiger is not treated as support","deferred_until_post_FDR","deferred_until_post_FDR","deferred_until_post_FDR"
"reverse|GCST90671043",15,8.85921991423451,14,0.839961798317049,0.0119414189328901,0.0153504769059,0.450543618407,"not_computed","Binary-outcome population prevalence has not been prespecified; unavailable Steiger is not treated as support","deferred_until_post_FDR","deferred_until_post_FDR","deferred_until_post_FDR"
"reverse|GCST90671044",15,7.84628341386328,14,0.897179496853368,0.0155152516877141,0.0269005293783091,0.573950985084734,"not_computed","Binary-outcome population prevalence has not been prespecified; unavailable Steiger is not treated as support","deferred_until_post_FDR","deferred_until_post_FDR","deferred_until_post_FDR"
"reverse|GCST90671045",15,12.0688107718286,14,0.600776662446066,0.00309015690835558,0.0154733368015034,0.844798551021747,"not_computed","Binary-outcome population prevalence has not been prespecified; unavailable Steiger is not treated as support","deferred_until_post_FDR","deferred_until_post_FDR","deferred_until_post_FDR"
"reverse|GCST90671046",15,16.2168433430887,14,0.300312075249441,0.0132212182295815,0.0155909515093086,0.411776584894107,"not_computed","Binary-outcome population prevalence has not been prespecified; unavailable Steiger is not treated as support","deferred_until_post_FDR","deferred_until_post_FDR","deferred_until_post_FDR"
"reverse|GCST90671047",15,3.88305336112269,14,0.996129484488326,-0.00504655614256315,0.0236391104786201,0.834261612612974,"not_computed","Binary-outcome population prevalence has not been prespecified; unavailable Steiger is not treated as support","deferred_until_post_FDR","deferred_until_post_FDR","deferred_until_post_FDR"
"reverse|GCST90671048",15,21.4836367338169,14,0.0898654215875632,-0.00651882946066722,0.0262806924184533,0.807973554301558,"not_computed","Binary-outcome population prevalence has not been prespecified; unavailable Steiger is not treated as support","deferred_until_post_FDR","deferred_until_post_FDR","deferred_until_post_FDR"
"reverse|GCST90671049",17,11.6561779292309,16,0.767289609060536,0.000932523342420222,0.00575686461558288,0.873479813511448,"not_computed","Binary-outcome population prevalence has not been prespecified; unavailable Steiger is not treated as support","deferred_until_post_FDR","deferred_until_post_FDR","deferred_until_post_FDR"
"reverse|GCST90671050",17,17.6610987552673,16,0.344112225013445,0.00910030763609445,0.00539524337390559,0.112335866277213,"not_computed","Binary-outcome population prevalence has not been prespecified; unavailable Steiger is not treated as support","deferred_until_post_FDR","deferred_until_post_FDR","deferred_until_post_FDR"
"reverse|GCST90671051",15,11.2199916253251,14,0.66867393231823,-0.000386597758056528,0.0157462046525009,0.980785332305543,"not_computed","Binary-outcome population prevalence has not been prespecified; unavailable Steiger is not treated as support","deferred_until_post_FDR","deferred_until_post_FDR","deferred_until_post_FDR"
"reverse|GCST90671052",15,17.2587720217839,14,0.242650001105333,-0.00761818753483031,0.0306635019818524,0.807671833380021,"not_computed","Binary-outcome population prevalence has not been prespecified; unavailable Steiger is not treated as support","deferred_until_post_FDR","deferred_until_post_FDR","deferred_until_post_FDR"
"reverse|GCST90671053",15,12.9367391812333,14,0.53151081876905,0.0362885959553649,0.0156412600542046,0.0372453567793457,"not_computed","Binary-outcome population prevalence has not been prespecified; unavailable Steiger is not treated as support","deferred_until_post_FDR","deferred_until_post_FDR","deferred_until_post_FDR"
"reverse|GCST90671054",15,11.5758024800941,14,0.64032746082871,0.0125389687573472,0.0144439204040805,0.401074002320967,"not_computed","Binary-outcome population prevalence has not been prespecified; unavailable Steiger is not treated as support","deferred_until_post_FDR","deferred_until_post_FDR","deferred_until_post_FDR"
"reverse|GCST90671055",15,19.6530416000893,14,0.141465197946834,0.0262218860098072,0.0243332469027167,0.30079610556218,"not_computed","Binary-outcome population prevalence has not been prespecified; unavailable Steiger is not treated as support","deferred_until_post_FDR","deferred_until_post_FDR","deferred_until_post_FDR"
"reverse|GCST90671056",15,12.7823007395807,14,0.543732671008987,0.0122327613904008,0.023477537021351,0.611099140966727,"not_computed","Binary-outcome population prevalence has not been prespecified; unavailable Steiger is not treated as support","deferred_until_post_FDR","deferred_until_post_FDR","deferred_until_post_FDR"
"reverse|GCST90671057",15,8.96796759232742,14,0.833097083326624,-0.00714808375502838,0.0144026095323364,0.627965032114535,"not_computed","Binary-outcome population prevalence has not been prespecified; unavailable Steiger is not treated as support","deferred_until_post_FDR","deferred_until_post_FDR","deferred_until_post_FDR"
"reverse|GCST90671058",15,15.4983783207894,14,0.34495662346785,0.0346296270517739,0.0309679336506294,0.283702694023358,"not_computed","Binary-outcome population prevalence has not been prespecified; unavailable Steiger is not treated as support","deferred_until_post_FDR","deferred_until_post_FDR","deferred_until_post_FDR"
"reverse|GCST90671059",15,13.6586382306407,14,0.475439989122552,0.0335145922876134,0.0215923291850509,0.144622911773462,"not_computed","Binary-outcome population prevalence has not been prespecified; unavailable Steiger is not treated as support","deferred_until_post_FDR","deferred_until_post_FDR","deferred_until_post_FDR"
"reverse|GCST90671060",15,6.87868069536196,14,0.939287420181757,0.0127221208255184,0.0180360171003756,0.493024286403218,"not_computed","Binary-outcome population prevalence has not been prespecified; unavailable Steiger is not treated as support","deferred_until_post_FDR","deferred_until_post_FDR","deferred_until_post_FDR"
"reverse|GCST90671061",15,12.8866102205182,14,0.535470913476481,-0.00311004854542916,0.0161713473886866,0.850464478249007,"not_computed","Binary-outcome population prevalence has not been prespecified; unavailable Steiger is not treated as support","deferred_until_post_FDR","deferred_until_post_FDR","deferred_until_post_FDR"
"reverse|GCST90671062",15,11.8632927762093,14,0.617280521334842,0.00449769266355452,0.0177047350832533,0.803439243389631,"not_computed","Binary-outcome population prevalence has not been prespecified; unavailable Steiger is not treated as support","deferred_until_post_FDR","deferred_until_post_FDR","deferred_until_post_FDR"
"reverse|GCST90671063",15,13.9439841052632,14,0.453892610754428,0.00647735649027281,0.0144869564047044,0.662149628223421,"not_computed","Binary-outcome population prevalence has not been prespecified; unavailable Steiger is not treated as support","deferred_until_post_FDR","deferred_until_post_FDR","deferred_until_post_FDR"
"reverse|GCST90671064",15,12.2298669105272,14,0.587848517480376,-0.00481333330653204,0.0178968788892916,0.792190628641339,"not_computed","Binary-outcome population prevalence has not been prespecified; unavailable Steiger is not treated as support","deferred_until_post_FDR","deferred_until_post_FDR","deferred_until_post_FDR"
"reverse|GCST90671065",15,16.4316997904241,14,0.287727629188921,0.0346043453321598,0.0278403226311863,0.235835079037151,"not_computed","Binary-outcome population prevalence has not been prespecified; unavailable Steiger is not treated as support","deferred_until_post_FDR","deferred_until_post_FDR","deferred_until_post_FDR"
"reverse|GCST90671066",15,10.8354386652779,14,0.698912568119579,0.00867411428929894,0.0142228655580563,0.55245877261289,"not_computed","Binary-outcome population prevalence has not been prespecified; unavailable Steiger is not treated as support","deferred_until_post_FDR","deferred_until_post_FDR","deferred_until_post_FDR"
"reverse|GCST90671067",15,16.093271530168,14,0.307711535780187,0.0477005686142313,0.018671958892627,0.0239800784227179,"not_computed","Binary-outcome population prevalence has not been prespecified; unavailable Steiger is not treated as support","deferred_until_post_FDR","deferred_until_post_FDR","deferred_until_post_FDR"
"reverse|GCST90671068",15,10.1079325868419,14,0.754250542695638,-0.010480290831721,0.0206634888156374,0.62051639160096,"not_computed","Binary-outcome population prevalence has not been prespecified; unavailable Steiger is not treated as support","deferred_until_post_FDR","deferred_until_post_FDR","deferred_until_post_FDR"
"reverse|GCST90671069",17,14.1020887907028,16,0.591108548823964,-2.81646294054403e-05,0.00566938332160988,0.996101716071337,"not_computed","Binary-outcome population prevalence has not been prespecified; unavailable Steiger is not treated as support","deferred_until_post_FDR","deferred_until_post_FDR","deferred_until_post_FDR"
"reverse|GCST90671070",17,16.8641129422247,16,0.394442564444071,0.0125426229640752,0.00576155595913212,0.0458664398272237,"not_computed","Binary-outcome population prevalence has not been prespecified; unavailable Steiger is not treated as support","deferred_until_post_FDR","deferred_until_post_FDR","deferred_until_post_FDR"
"reverse|GCST90671071",15,6.36941477260838,14,0.956304308729709,0.0125373981391798,0.0147641937482141,0.41114865053253,"not_computed","Binary-outcome population prevalence has not been prespecified; unavailable Steiger is not treated as support","deferred_until_post_FDR","deferred_until_post_FDR","deferred_until_post_FDR"
"reverse|GCST90671072",15,13.9017184882248,14,0.457058562301212,0.0176655929426714,0.0139388809589517,0.227258685970399,"not_computed","Binary-outcome population prevalence has not been prespecified; unavailable Steiger is not treated as support","deferred_until_post_FDR","deferred_until_post_FDR","deferred_until_post_FDR"
"reverse|GCST90671073",15,18.6791554050185,14,0.177574692527648,0.000828493674982851,0.02941787187546,0.977959951445713,"not_computed","Binary-outcome population prevalence has not been prespecified; unavailable Steiger is not treated as support","deferred_until_post_FDR","deferred_until_post_FDR","deferred_until_post_FDR"
"reverse|GCST90671074",17,15.9945270664495,16,0.453342848677918,0.00594403321260863,0.00571057406201004,0.314417729491408,"not_computed","Binary-outcome population prevalence has not been prespecified; unavailable Steiger is not treated as support","deferred_until_post_FDR","deferred_until_post_FDR","deferred_until_post_FDR"
"reverse|GCST90671075",15,9.80805774521611,14,0.776077666462108,0.0193153740335278,0.0267459224700411,0.482973039781923,"not_computed","Binary-outcome population prevalence has not been prespecified; unavailable Steiger is not treated as support","deferred_until_post_FDR","deferred_until_post_FDR","deferred_until_post_FDR"
"reverse|GCST90671076",15,22.4460133940566,14,0.0699026419363049,0.0183905282530409,0.0321372276388629,0.576915263206663,"not_computed","Binary-outcome population prevalence has not been prespecified; unavailable Steiger is not treated as support","deferred_until_post_FDR","deferred_until_post_FDR","deferred_until_post_FDR"
"reverse|GCST90671077",15,13.6352250186608,14,0.477225386084868,-0.0266339243996334,0.0259339102729636,0.323154769379067,"not_computed","Binary-outcome population prevalence has not been prespecified; unavailable Steiger is not treated as support","deferred_until_post_FDR","deferred_until_post_FDR","deferred_until_post_FDR"
"reverse|GCST90671078",15,21.8510342348218,14,0.081727472212202,-0.016396036311771,0.0274286977748267,0.560263399289291,"not_computed","Binary-outcome population prevalence has not been prespecified; unavailable Steiger is not treated as support","deferred_until_post_FDR","deferred_until_post_FDR","deferred_until_post_FDR"
"reverse|GCST90671079",15,15.0655806648059,14,0.373686410707109,0.026858457118717,0.0248298190918982,0.299042826975276,"not_computed","Binary-outcome population prevalence has not been prespecified; unavailable Steiger is not treated as support","deferred_until_post_FDR","deferred_until_post_FDR","deferred_until_post_FDR"
"reverse|GCST90671080",15,19.1654163235869,14,0.15872441544063,0.00799198134105304,0.0278276708525448,0.778489380501235,"not_computed","Binary-outcome population prevalence has not been prespecified; unavailable Steiger is not treated as support","deferred_until_post_FDR","deferred_until_post_FDR","deferred_until_post_FDR"
"reverse|GCST90671081",15,10.4597648901269,14,0.727856466152002,0.0160991154822754,0.0241344321681583,0.516399706993389,"not_computed","Binary-outcome population prevalence has not been prespecified; unavailable Steiger is not treated as support","deferred_until_post_FDR","deferred_until_post_FDR","deferred_until_post_FDR"
"reverse|GCST90671082",15,9.71444678348855,14,0.782748507057312,0.0047334515532018,0.0213694126923948,0.82813997060871,"not_computed","Binary-outcome population prevalence has not been prespecified; unavailable Steiger is not treated as support","deferred_until_post_FDR","deferred_until_post_FDR","deferred_until_post_FDR"
"reverse|GCST90671083",15,18.8746895654662,14,0.169792884731535,0.0269657813485086,0.0303193759670206,0.38995446350123,"not_computed","Binary-outcome population prevalence has not been prespecified; unavailable Steiger is not treated as support","deferred_until_post_FDR","deferred_until_post_FDR","deferred_until_post_FDR"
"reverse|GCST90671084",15,15.2611236799723,14,0.36054080640048,-0.0171866202963146,0.0159290187931351,0.30022254065849,"not_computed","Binary-outcome population prevalence has not been prespecified; unavailable Steiger is not treated as support","deferred_until_post_FDR","deferred_until_post_FDR","deferred_until_post_FDR"
"reverse|GCST90671085",15,6.7319333236132,14,0.944552037862541,0.0131105826238299,0.0140235975413832,0.36688454924103,"not_computed","Binary-outcome population prevalence has not been prespecified; unavailable Steiger is not treated as support","deferred_until_post_FDR","deferred_until_post_FDR","deferred_until_post_FDR"
"reverse|GCST90671086",15,8.7658357389393,14,0.845752226716845,-0.0358030504527486,0.0268503401379222,0.205285326574049,"not_computed","Binary-outcome population prevalence has not been prespecified; unavailable Steiger is not treated as support","deferred_until_post_FDR","deferred_until_post_FDR","deferred_until_post_FDR"
"reverse|GCST90671087",17,17.6536650532413,16,0.344563838647236,-0.00785493661065179,0.00543647436132246,0.169063132928754,"not_computed","Binary-outcome population prevalence has not been prespecified; unavailable Steiger is not treated as support","deferred_until_post_FDR","deferred_until_post_FDR","deferred_until_post_FDR"
"reverse|GCST90671088",17,14.3596669462764,16,0.571938505967726,0.00753865977294574,0.00545374800995903,0.187120235710892,"not_computed","Binary-outcome population prevalence has not been prespecified; unavailable Steiger is not treated as support","deferred_until_post_FDR","deferred_until_post_FDR","deferred_until_post_FDR"
"reverse|GCST90671089",17,3.80740265491203,16,0.999196675050833,0.00145659679858659,0.00548890736102188,0.794336045884812,"not_computed","Binary-outcome population prevalence has not been prespecified; unavailable Steiger is not treated as support","deferred_until_post_FDR","deferred_until_post_FDR","deferred_until_post_FDR"
"reverse|GCST90671090",15,6.84729118929315,14,0.940438333022976,-0.0116453500868959,0.0137321548703017,0.411760855163184,"not_computed","Binary-outcome population prevalence has not been prespecified; unavailable Steiger is not treated as support","deferred_until_post_FDR","deferred_until_post_FDR","deferred_until_post_FDR"
"reverse|GCST90671091",17,10.1978246578632,16,0.856095158174117,0.00943954786049535,0.00541292976045656,0.101630098781012,"not_computed","Binary-outcome population prevalence has not been prespecified; unavailable Steiger is not treated as support","deferred_until_post_FDR","deferred_until_post_FDR","deferred_until_post_FDR"
"reverse|GCST90671092",15,15.6553423499462,14,0.33487199656339,-0.0129370335009801,0.0277255662198898,0.648501754351797,"not_computed","Binary-outcome population prevalence has not been prespecified; unavailable Steiger is not treated as support","deferred_until_post_FDR","deferred_until_post_FDR","deferred_until_post_FDR"
"reverse|GCST90671093",15,9.74521988768841,14,0.78056349452637,-0.0164044710655024,0.0180355958044577,0.37960894806272,"not_computed","Binary-outcome population prevalence has not been prespecified; unavailable Steiger is not treated as support","deferred_until_post_FDR","deferred_until_post_FDR","deferred_until_post_FDR"
"reverse|GCST90671094",15,17.8120539090732,14,0.215475393826328,0.0123280655672838,0.0193537382706205,0.535190668328843,"not_computed","Binary-outcome population prevalence has not been prespecified; unavailable Steiger is not treated as support","deferred_until_post_FDR","deferred_until_post_FDR","deferred_until_post_FDR"
"reverse|GCST90671095",15,14.776503176662,14,0.393601275261872,0.0104887804342222,0.0150812375532608,0.49899566269004,"not_computed","Binary-outcome population prevalence has not been prespecified; unavailable Steiger is not treated as support","deferred_until_post_FDR","deferred_until_post_FDR","deferred_until_post_FDR"
"reverse|GCST90671096",15,8.57466640933139,14,0.857295163020483,0.0110771638153735,0.0152618080562184,0.480819046172923,"not_computed","Binary-outcome population prevalence has not been prespecified; unavailable Steiger is not treated as support","deferred_until_post_FDR","deferred_until_post_FDR","deferred_until_post_FDR"
"reverse|GCST90671097",17,15.466951468151,16,0.490740493504944,0.00541408587570353,0.00571822000838201,0.358738313233338,"not_computed","Binary-outcome population prevalence has not been prespecified; unavailable Steiger is not treated as support","deferred_until_post_FDR","deferred_until_post_FDR","deferred_until_post_FDR"
"reverse|GCST90671098",15,9.06163668817168,14,0.82708196361608,0.0245497180313528,0.0168876176895465,0.169739167621851,"not_computed","Binary-outcome population prevalence has not been prespecified; unavailable Steiger is not treated as support","deferred_until_post_FDR","deferred_until_post_FDR","deferred_until_post_FDR"
"reverse|GCST90671099",15,14.4912042056553,14,0.4137932919208,0.0370709523320019,0.0195173922006405,0.0799286635909082,"not_computed","Binary-outcome population prevalence has not been prespecified; unavailable Steiger is not treated as support","deferred_until_post_FDR","deferred_until_post_FDR","deferred_until_post_FDR"
"reverse|GCST90671100",15,16.5199749797212,14,0.282661246082532,0.0104840190414647,0.0176152319985087,0.561949004091196,"not_computed","Binary-outcome population prevalence has not been prespecified; unavailable Steiger is not treated as support","deferred_until_post_FDR","deferred_until_post_FDR","deferred_until_post_FDR"
"reverse|GCST90671101",15,25.7805369301815,14,0.0275996609857827,-0.00138922970311254,0.0203469622001708,0.946604128212963,"not_computed","Binary-outcome population prevalence has not been prespecified; unavailable Steiger is not treated as support","deferred_until_post_FDR","deferred_until_post_FDR","deferred_until_post_FDR"
"reverse|GCST90671102",15,13.1457442473555,14,0.515081039467005,0.00792202634030315,0.0156547590910061,0.621296563214166,"not_computed","Binary-outcome population prevalence has not been prespecified; unavailable Steiger is not treated as support","deferred_until_post_FDR","deferred_until_post_FDR","deferred_until_post_FDR"
"reverse|GCST90671103",15,18.5084968498069,14,0.184592598930985,0.00854483664212916,0.0180128018106276,0.643101237507772,"not_computed","Binary-outcome population prevalence has not been prespecified; unavailable Steiger is not treated as support","deferred_until_post_FDR","deferred_until_post_FDR","deferred_until_post_FDR"
"reverse|GCST90671104",15,15.8631027480469,14,0.321805788238553,-0.0187526157640069,0.0224326797766972,0.418283059975403,"not_computed","Binary-outcome population prevalence has not been prespecified; unavailable Steiger is not treated as support","deferred_until_post_FDR","deferred_until_post_FDR","deferred_until_post_FDR"
"reverse|GCST90671105",15,15.0030224175351,14,0.377948115743724,0.0109895600942064,0.0182875274157721,0.55821802371864,"not_computed","Binary-outcome population prevalence has not been prespecified; unavailable Steiger is not treated as support","deferred_until_post_FDR","deferred_until_post_FDR","deferred_until_post_FDR"
"reverse|GCST90671106",15,9.54796749578078,14,0.794429699293107,0.0103923650575667,0.0236625385487486,0.667735083404843,"not_computed","Binary-outcome population prevalence has not been prespecified; unavailable Steiger is not treated as support","deferred_until_post_FDR","deferred_until_post_FDR","deferred_until_post_FDR"
"reverse|GCST90671107",15,19.2989081526589,14,0.153839285697658,-0.00552406089401884,0.0271973965784207,0.842193693276675,"not_computed","Binary-outcome population prevalence has not been prespecified; unavailable Steiger is not treated as support","deferred_until_post_FDR","deferred_until_post_FDR","deferred_until_post_FDR"
"reverse|GCST90671108",15,15.3580979004013,14,0.354121965379189,-0.000893730757330411,0.0152013861255112,0.954011358162763,"not_computed","Binary-outcome population prevalence has not been prespecified; unavailable Steiger is not treated as support","deferred_until_post_FDR","deferred_until_post_FDR","deferred_until_post_FDR"
"reverse|GCST90671109",15,7.73540408627756,14,0.902650274981259,-8.7761370280608e-05,0.017470660839465,0.996068226245294,"not_computed","Binary-outcome population prevalence has not been prespecified; unavailable Steiger is not treated as support","deferred_until_post_FDR","deferred_until_post_FDR","deferred_until_post_FDR"
"reverse|GCST90671110",15,13.7813313201098,14,0.466126016424799,0.0107112209714664,0.0150355595503999,0.488811173939785,"not_computed","Binary-outcome population prevalence has not been prespecified; unavailable Steiger is not treated as support","deferred_until_post_FDR","deferred_until_post_FDR","deferred_until_post_FDR"
"reverse|GCST90671111",15,16.2519109607733,14,0.298233684270815,0.0156323057787053,0.0149432556314001,0.314571631699943,"not_computed","Binary-outcome population prevalence has not been prespecified; unavailable Steiger is not treated as support","deferred_until_post_FDR","deferred_until_post_FDR","deferred_until_post_FDR"
"reverse|GCST90671112",15,12.3265370028487,14,0.580097228735889,-0.0195573981490563,0.0187632668408555,0.316258491026227,"not_computed","Binary-outcome population prevalence has not been prespecified; unavailable Steiger is not treated as support","deferred_until_post_FDR","deferred_until_post_FDR","deferred_until_post_FDR"
"reverse|GCST90671113",15,12.5692545474625,14,0.560685366235192,0.0175728137475278,0.0230295882365333,0.459055035225033,"not_computed","Binary-outcome population prevalence has not been prespecified; unavailable Steiger is not treated as support","deferred_until_post_FDR","deferred_until_post_FDR","deferred_until_post_FDR"
"reverse|GCST90671114",15,22.9151280246203,14,0.061664840763373,-0.0699791795145666,0.021477981040351,0.00622935448730518,"not_computed","Binary-outcome population prevalence has not been prespecified; unavailable Steiger is not treated as support","deferred_until_post_FDR","deferred_until_post_FDR","deferred_until_post_FDR"
"reverse|GCST90671115",15,29.0722709117282,14,0.0102175784614188,-0.00244634443221776,0.0261389661347847,0.926861943591226,"not_computed","Binary-outcome population prevalence has not been prespecified; unavailable Steiger is not treated as support","deferred_until_post_FDR","deferred_until_post_FDR","deferred_until_post_FDR"
"reverse|GCST90671116",15,19.3876396823653,14,0.150659633044501,-0.0108758890677286,0.0257374852728827,0.679514683858242,"not_computed","Binary-outcome population prevalence has not been prespecified; unavailable Steiger is not treated as support","deferred_until_post_FDR","deferred_until_post_FDR","deferred_until_post_FDR"
"reverse|GCST90671117",15,8.50741923525344,14,0.861253654454715,-0.00451631396536793,0.0182864211505528,0.808783904558512,"not_computed","Binary-outcome population prevalence has not been prespecified; unavailable Steiger is not treated as support","deferred_until_post_FDR","deferred_until_post_FDR","deferred_until_post_FDR"
"reverse|GCST90671118",15,8.73098274224191,14,0.847888113899146,0.0033718525294421,0.015585543809239,0.832076800322669,"not_computed","Binary-outcome population prevalence has not been prespecified; unavailable Steiger is not treated as support","deferred_until_post_FDR","deferred_until_post_FDR","deferred_until_post_FDR"
"reverse|GCST90671119",15,19.376218091829,14,0.151065920825394,0.0271767912376166,0.0182326842991706,0.159938768944759,"not_computed","Binary-outcome population prevalence has not been prespecified; unavailable Steiger is not treated as support","deferred_until_post_FDR","deferred_until_post_FDR","deferred_until_post_FDR"
"reverse|GCST90671120",15,8.39833464113965,14,0.86755917179722,-0.00212836409174797,0.0136780339486855,0.878734963009071,"not_computed","Binary-outcome population prevalence has not been prespecified; unavailable Steiger is not treated as support","deferred_until_post_FDR","deferred_until_post_FDR","deferred_until_post_FDR"
"reverse|GCST90671121",15,19.702136809032,14,0.139815536725623,-0.0143932941427641,0.0174838451263023,0.425219704189091,"not_computed","Binary-outcome population prevalence has not been prespecified; unavailable Steiger is not treated as support","deferred_until_post_FDR","deferred_until_post_FDR","deferred_until_post_FDR"
"reverse|GCST90671122",17,3.84794575190603,16,0.999140871660051,0.00166750133829471,0.00553452851557773,0.76732932655289,"not_computed","Binary-outcome population prevalence has not been prespecified; unavailable Steiger is not treated as support","deferred_until_post_FDR","deferred_until_post_FDR","deferred_until_post_FDR"
"reverse|GCST90671123",15,6.4788417289167,14,0.952943106443878,0.00674585374359247,0.0219371535733562,0.763327612564155,"not_computed","Binary-outcome population prevalence has not been prespecified; unavailable Steiger is not treated as support","deferred_until_post_FDR","deferred_until_post_FDR","deferred_until_post_FDR"
"reverse|GCST90671124",15,13.0579901686888,14,0.521962570382934,0.00171453926264833,0.0208405421789183,0.935685692736465,"not_computed","Binary-outcome population prevalence has not been prespecified; unavailable Steiger is not treated as support","deferred_until_post_FDR","deferred_until_post_FDR","deferred_until_post_FDR"
"reverse|GCST90671125",15,13.5077513641023,14,0.486989278829118,-0.0190732756857452,0.0192060199742448,0.338792604315043,"not_computed","Binary-outcome population prevalence has not been prespecified; unavailable Steiger is not treated as support","deferred_until_post_FDR","deferred_until_post_FDR","deferred_until_post_FDR"
"reverse|GCST90671126",15,6.8265604322542,14,0.941191026987339,0.00356503924317199,0.026746930200557,0.896006956608483,"not_computed","Binary-outcome population prevalence has not been prespecified; unavailable Steiger is not treated as support","deferred_until_post_FDR","deferred_until_post_FDR","deferred_until_post_FDR"
"reverse|GCST90671127",15,7.58943736741301,14,0.909600923292563,-0.0101404812802878,0.0161997175126917,0.542171649553301,"not_computed","Binary-outcome population prevalence has not been prespecified; unavailable Steiger is not treated as support","deferred_until_post_FDR","deferred_until_post_FDR","deferred_until_post_FDR"
"reverse|GCST90671128",15,7.2768932627941,14,0.923509898204423,0.0032697104440052,0.0139466756278484,0.818292519317185,"not_computed","Binary-outcome population prevalence has not been prespecified; unavailable Steiger is not treated as support","deferred_until_post_FDR","deferred_until_post_FDR","deferred_until_post_FDR"
"reverse|GCST90671129",15,17.1412146109368,14,0.248730605715277,-0.00920743053258113,0.0158580477212094,0.571427834236424,"not_computed","Binary-outcome population prevalence has not been prespecified; unavailable Steiger is not treated as support","deferred_until_post_FDR","deferred_until_post_FDR","deferred_until_post_FDR"
"reverse|GCST90671130",17,17.3857481299932,16,0.361069957927062,-0.0034164189109217,0.00635160785331956,0.598548825290275,"not_computed","Binary-outcome population prevalence has not been prespecified; unavailable Steiger is not treated as support","deferred_until_post_FDR","deferred_until_post_FDR","deferred_until_post_FDR"
"reverse|GCST90671131",17,18.5023618606999,16,0.295310837366845,0.00883012960458156,0.00567097947283356,0.140297437818508,"not_computed","Binary-outcome population prevalence has not been prespecified; unavailable Steiger is not treated as support","deferred_until_post_FDR","deferred_until_post_FDR","deferred_until_post_FDR"
"reverse|GCST90671132",15,19.0827191218979,14,0.161812532162781,-0.00125857192729668,0.0221545638887727,0.955561460997049,"not_computed","Binary-outcome population prevalence has not been prespecified; unavailable Steiger is not treated as support","deferred_until_post_FDR","deferred_until_post_FDR","deferred_until_post_FDR"
"reverse|GCST90671133",17,15.9835582897371,16,0.454108918531014,0.00145664486992055,0.00612520724981238,0.815245081589407,"not_computed","Binary-outcome population prevalence has not been prespecified; unavailable Steiger is not treated as support","deferred_until_post_FDR","deferred_until_post_FDR","deferred_until_post_FDR"
"reverse|GCST90671134",15,20.9142602786088,14,0.103849939980425,-0.0083021806385778,0.0194809303384146,0.676955933467806,"not_computed","Binary-outcome population prevalence has not been prespecified; unavailable Steiger is not treated as support","deferred_until_post_FDR","deferred_until_post_FDR","deferred_until_post_FDR"
"reverse|GCST90671135",17,25.6700928079064,16,0.0588506082831241,-0.00225328322799642,0.00774410957592982,0.7750608960209,"not_computed","Binary-outcome population prevalence has not been prespecified; unavailable Steiger is not treated as support","deferred_until_post_FDR","deferred_until_post_FDR","deferred_until_post_FDR"
"reverse|GCST90671136",15,19.073334418963,14,0.162165990263575,-0.00121579156790547,0.0167945943207588,0.943392010429689,"not_computed","Binary-outcome population prevalence has not been prespecified; unavailable Steiger is not treated as support","deferred_until_post_FDR","deferred_until_post_FDR","deferred_until_post_FDR"
"reverse|GCST90671137",15,7.20553243992953,14,0.926497861633042,-0.0103341453611298,0.0138800790589503,0.469801198650768,"not_computed","Binary-outcome population prevalence has not been prespecified; unavailable Steiger is not treated as support","deferred_until_post_FDR","deferred_until_post_FDR","deferred_until_post_FDR"
"reverse|GCST90671138",15,18.8660720874112,14,0.170130071557895,0.0154898447311182,0.0199319421900047,0.450988702852482,"not_computed","Binary-outcome population prevalence has not been prespecified; unavailable Steiger is not treated as support","deferred_until_post_FDR","deferred_until_post_FDR","deferred_until_post_FDR"
"reverse|GCST90671139",17,13.9829979376079,16,0.599980510620507,-0.0010280004964836,0.00549291503202388,0.854050712576989,"not_computed","Binary-outcome population prevalence has not been prespecified; unavailable Steiger is not treated as support","deferred_until_post_FDR","deferred_until_post_FDR","deferred_until_post_FDR"
"reverse|GCST90671140",15,13.3124172039819,14,0.50208454748159,0.00667053970598738,0.0152672029900761,0.66933935628967,"not_computed","Binary-outcome population prevalence has not been prespecified; unavailable Steiger is not treated as support","deferred_until_post_FDR","deferred_until_post_FDR","deferred_until_post_FDR"
"reverse|GCST90671141",15,17.4026152535651,14,0.235356573014702,-0.00545356645887509,0.0157726000485344,0.735052813221987,"not_computed","Binary-outcome population prevalence has not been prespecified; unavailable Steiger is not treated as support","deferred_until_post_FDR","deferred_until_post_FDR","deferred_until_post_FDR"
"reverse|GCST90671142",17,6.70108502400911,16,0.978601486855614,-0.00234351316259616,0.0057676187821712,0.690243498369945,"not_computed","Binary-outcome population prevalence has not been prespecified; unavailable Steiger is not treated as support","deferred_until_post_FDR","deferred_until_post_FDR","deferred_until_post_FDR"
"reverse|GCST90671143",15,33.0525422610875,14,0.00283116719741534,-0.0380001334402112,0.0215218033488975,0.100913370293224,"not_computed","Binary-outcome population prevalence has not been prespecified; unavailable Steiger is not treated as support","deferred_until_post_FDR","deferred_until_post_FDR","deferred_until_post_FDR"
"reverse|GCST90671144",15,10.3859396145106,14,0.733457698756987,-0.00979377665307491,0.024517010838801,0.696033330155653,"not_computed","Binary-outcome population prevalence has not been prespecified; unavailable Steiger is not treated as support","deferred_until_post_FDR","deferred_until_post_FDR","deferred_until_post_FDR"
"reverse|GCST90671145",15,7.67144228330495,14,0.905731347717945,0.00209962989168226,0.0150275039217816,0.891023355235485,"not_computed","Binary-outcome population prevalence has not been prespecified; unavailable Steiger is not treated as support","deferred_until_post_FDR","deferred_until_post_FDR","deferred_until_post_FDR"
"reverse|GCST90671146",15,15.4091583725811,14,0.350769363615756,0.00308375240595212,0.0148634509114826,0.838855837651386,"not_computed","Binary-outcome population prevalence has not been prespecified; unavailable Steiger is not treated as support","deferred_until_post_FDR","deferred_until_post_FDR","deferred_until_post_FDR"
"reverse|GCST90671147",15,10.7066054706303,14,0.708915205482513,-0.0246611521291948,0.0178664245503446,0.190766358748869,"not_computed","Binary-outcome population prevalence has not been prespecified; unavailable Steiger is not treated as support","deferred_until_post_FDR","deferred_until_post_FDR","deferred_until_post_FDR"
"reverse|GCST90671148",15,16.6939827241365,14,0.272852603948776,0.0254301883074372,0.0148830245750913,0.111261668125782,"not_computed","Binary-outcome population prevalence has not been prespecified; unavailable Steiger is not treated as support","deferred_until_post_FDR","deferred_until_post_FDR","deferred_until_post_FDR"
"reverse|GCST90671149",17,14.5622231892511,16,0.556904563663567,0.00298521582018706,0.00572966635045597,0.609965645150844,"not_computed","Binary-outcome population prevalence has not been prespecified; unavailable Steiger is not treated as support","deferred_until_post_FDR","deferred_until_post_FDR","deferred_until_post_FDR"
"reverse|GCST90671150",17,11.5826742802096,16,0.772173891654082,0.00183134094483062,0.00585456950707264,0.758735373692172,"not_computed","Binary-outcome population prevalence has not been prespecified; unavailable Steiger is not treated as support","deferred_until_post_FDR","deferred_until_post_FDR","deferred_until_post_FDR"
"reverse|GCST90671151",15,24.3358275514965,14,0.0417191191449354,0.0193775167329041,0.027659056569614,0.49591061915706,"not_computed","Binary-outcome population prevalence has not been prespecified; unavailable Steiger is not treated as support","deferred_until_post_FDR","deferred_until_post_FDR","deferred_until_post_FDR"
"reverse|GCST90671152",15,8.45203785412635,14,0.86447295199033,-0.00525805005502772,0.0160893823596136,0.749019325906409,"not_computed","Binary-outcome population prevalence has not been prespecified; unavailable Steiger is not treated as support","deferred_until_post_FDR","deferred_until_post_FDR","deferred_until_post_FDR"
"reverse|GCST90671153",15,7.10390738919902,14,0.930632009112525,-0.0272330769569657,0.0189999674306928,0.175376032721389,"not_computed","Binary-outcome population prevalence has not been prespecified; unavailable Steiger is not treated as support","deferred_until_post_FDR","deferred_until_post_FDR","deferred_until_post_FDR"
"reverse|GCST90671154",15,10.7793518608798,14,0.703276175106064,-0.00375262224991445,0.0162471028578418,0.820932073031791,"not_computed","Binary-outcome population prevalence has not been prespecified; unavailable Steiger is not treated as support","deferred_until_post_FDR","deferred_until_post_FDR","deferred_until_post_FDR"
"reverse|GCST90671155",15,13.1355076577978,14,0.5158824562107,0.00545021184561718,0.0136864837328999,0.696931906994487,"not_computed","Binary-outcome population prevalence has not been prespecified; unavailable Steiger is not treated as support","deferred_until_post_FDR","deferred_until_post_FDR","deferred_until_post_FDR"
"reverse|GCST90671156",15,21.6833430017722,14,0.0853592239461046,0.0152486117769991,0.0215687366284127,0.49205938460116,"not_computed","Binary-outcome population prevalence has not been prespecified; unavailable Steiger is not treated as support","deferred_until_post_FDR","deferred_until_post_FDR","deferred_until_post_FDR"
"reverse|GCST90671157",15,10.0347360899308,14,0.759639473427566,2.16522993391647e-05,0.016972270282658,0.999001471695627,"not_computed","Binary-outcome population prevalence has not been prespecified; unavailable Steiger is not treated as support","deferred_until_post_FDR","deferred_until_post_FDR","deferred_until_post_FDR"
"reverse|GCST90671158",15,12.68407272138,14,0.551536951687614,-0.00387278633061711,0.0176106218896057,0.8293553337751,"not_computed","Binary-outcome population prevalence has not been prespecified; unavailable Steiger is not treated as support","deferred_until_post_FDR","deferred_until_post_FDR","deferred_until_post_FDR"
"reverse|GCST90671159",15,16.3690298126121,14,0.291361285536701,0.0201416165190777,0.0165339007079461,0.244795340632524,"not_computed","Binary-outcome population prevalence has not been prespecified; unavailable Steiger is not treated as support","deferred_until_post_FDR","deferred_until_post_FDR","deferred_until_post_FDR"
"reverse|GCST90671160",15,20.5588062383982,14,0.113484823347757,-0.0503128815196559,0.0286926176416644,0.103044096498775,"not_computed","Binary-outcome population prevalence has not been prespecified; unavailable Steiger is not treated as support","deferred_until_post_FDR","deferred_until_post_FDR","deferred_until_post_FDR"
"reverse|GCST90671161",15,12.6564820961176,14,0.553732886945048,-0.00205780289431357,0.0182912877552295,0.912144185660274,"not_computed","Binary-outcome population prevalence has not been prespecified; unavailable Steiger is not treated as support","deferred_until_post_FDR","deferred_until_post_FDR","deferred_until_post_FDR"
"reverse|GCST90671162",17,15.281233622423,16,0.504144991572697,0.00166937830708541,0.00548924103382072,0.765215965060212,"not_computed","Binary-outcome population prevalence has not been prespecified; unavailable Steiger is not treated as support","deferred_until_post_FDR","deferred_until_post_FDR","deferred_until_post_FDR"
"reverse|GCST90671163",17,12.2287143064603,16,0.728091117850313,-0.00552972802150926,0.00586170080689427,0.360441387822554,"not_computed","Binary-outcome population prevalence has not been prespecified; unavailable Steiger is not treated as support","deferred_until_post_FDR","deferred_until_post_FDR","deferred_until_post_FDR"
"reverse|GCST90671164",15,9.65711907864536,14,0.786797867955898,0.00349417885885002,0.0161497595465557,0.832064458268688,"not_computed","Binary-outcome population prevalence has not been prespecified; unavailable Steiger is not treated as support","deferred_until_post_FDR","deferred_until_post_FDR","deferred_until_post_FDR"
"reverse|GCST90671165",15,21.3301252106177,14,0.0934669657331382,-0.0399600670230564,0.0269653420469437,0.162195486007856,"not_computed","Binary-outcome population prevalence has not been prespecified; unavailable Steiger is not treated as support","deferred_until_post_FDR","deferred_until_post_FDR","deferred_until_post_FDR"
"reverse|GCST90671166",15,22.8167540718463,14,0.0633175787121915,0.00422217149924021,0.025677617324417,0.871921744272649,"not_computed","Binary-outcome population prevalence has not been prespecified; unavailable Steiger is not treated as support","deferred_until_post_FDR","deferred_until_post_FDR","deferred_until_post_FDR"
"reverse|GCST90671167",15,10.2683268873134,14,0.742314351286584,0.0144681575621044,0.016653849500789,0.400734550969635,"not_computed","Binary-outcome population prevalence has not been prespecified; unavailable Steiger is not treated as support","deferred_until_post_FDR","deferred_until_post_FDR","deferred_until_post_FDR"
"reverse|GCST90671168",15,14.6013717509365,14,0.405934904280284,-0.0198316603143794,0.0143660528649224,0.190722522602622,"not_computed","Binary-outcome population prevalence has not been prespecified; unavailable Steiger is not treated as support","deferred_until_post_FDR","deferred_until_post_FDR","deferred_until_post_FDR"
"reverse|GCST90671169",15,9.94849640603503,14,0.765939183075075,-0.00692129107443171,0.0200715986728951,0.735737101731555,"not_computed","Binary-outcome population prevalence has not been prespecified; unavailable Steiger is not treated as support","deferred_until_post_FDR","deferred_until_post_FDR","deferred_until_post_FDR"
"reverse|GCST90671170",15,6.7230755787014,14,0.944860389078603,0.00951831756309973,0.0265026797041024,0.725252293798229,"not_computed","Binary-outcome population prevalence has not been prespecified; unavailable Steiger is not treated as support","deferred_until_post_FDR","deferred_until_post_FDR","deferred_until_post_FDR"
"reverse|GCST90671171",15,7.53949261391653,14,0.911913058124163,0.0266006894838148,0.0201767759716841,0.210132608856416,"not_computed","Binary-outcome population prevalence has not been prespecified; unavailable Steiger is not treated as support","deferred_until_post_FDR","deferred_until_post_FDR","deferred_until_post_FDR"
"reverse|GCST90671172",17,16.4104528383098,16,0.424699575235587,0.00589898810860257,0.00553587910392467,0.30346057019511,"not_computed","Binary-outcome population prevalence has not been prespecified; unavailable Steiger is not treated as support","deferred_until_post_FDR","deferred_until_post_FDR","deferred_until_post_FDR"
"reverse|GCST90671173",17,19.7284630401045,16,0.232700318225813,0.00050832577349699,0.0062400606881132,0.936151833856887,"not_computed","Binary-outcome population prevalence has not been prespecified; unavailable Steiger is not treated as support","deferred_until_post_FDR","deferred_until_post_FDR","deferred_until_post_FDR"
"reverse|GCST90671174",15,23.1705344859422,14,0.0575507710095012,0.0182404132786782,0.0305863428400069,0.561177460489391,"not_computed","Binary-outcome population prevalence has not been prespecified; unavailable Steiger is not treated as support","deferred_until_post_FDR","deferred_until_post_FDR","deferred_until_post_FDR"
"reverse|GCST90671175",15,9.95425692871435,14,0.765520095874353,-0.0293363634152117,0.0200790444367842,0.167749383483271,"not_computed","Binary-outcome population prevalence has not been prespecified; unavailable Steiger is not treated as support","deferred_until_post_FDR","deferred_until_post_FDR","deferred_until_post_FDR"
"reverse|GCST90671176",17,16.3207060666292,16,0.430810748106703,-0.000564176850049045,0.0056744703974136,0.922118454417596,"not_computed","Binary-outcome population prevalence has not been prespecified; unavailable Steiger is not treated as support","deferred_until_post_FDR","deferred_until_post_FDR","deferred_until_post_FDR"
"reverse|GCST90671177",15,10.7048924721115,14,0.709047698503394,0.0171876885171141,0.0183971543691211,0.367200513766867,"not_computed","Binary-outcome population prevalence has not been prespecified; unavailable Steiger is not treated as support","deferred_until_post_FDR","deferred_until_post_FDR","deferred_until_post_FDR"
"reverse|GCST90671178",15,13.2845548242394,14,0.504250051312269,0.00606093770733103,0.015972903290037,0.710478841180028,"not_computed","Binary-outcome population prevalence has not been prespecified; unavailable Steiger is not treated as support","deferred_until_post_FDR","deferred_until_post_FDR","deferred_until_post_FDR"
"reverse|GCST90671179",15,17.7458009740128,14,0.218604725176145,0.0324544751489252,0.0172849402617194,0.0830502036364697,"not_computed","Binary-outcome population prevalence has not been prespecified; unavailable Steiger is not treated as support","deferred_until_post_FDR","deferred_until_post_FDR","deferred_until_post_FDR"
"reverse|GCST90671180",15,19.5811425550573,14,0.143909715086073,0.0287100238353891,0.0239429238667648,0.25188863105093,"not_computed","Binary-outcome population prevalence has not been prespecified; unavailable Steiger is not treated as support","deferred_until_post_FDR","deferred_until_post_FDR","deferred_until_post_FDR"
"reverse|GCST90671181",15,15.4238632875023,14,0.349807344367556,-0.00326819627789164,0.0150010302755422,0.830916921808478,"not_computed","Binary-outcome population prevalence has not been prespecified; unavailable Steiger is not treated as support","deferred_until_post_FDR","deferred_until_post_FDR","deferred_until_post_FDR"
"reverse|GCST90671182",15,8.50698121796816,14,0.861279261157035,0.024864516962252,0.0167078357531335,0.160551530504587,"not_computed","Binary-outcome population prevalence has not been prespecified; unavailable Steiger is not treated as support","deferred_until_post_FDR","deferred_until_post_FDR","deferred_until_post_FDR"
"reverse|GCST90671183",15,29.143053828053,14,0.00999432995004293,0.00968159101608664,0.0297456134800913,0.749997321104663,"not_computed","Binary-outcome population prevalence has not been prespecified; unavailable Steiger is not treated as support","deferred_until_post_FDR","deferred_until_post_FDR","deferred_until_post_FDR"
"reverse|GCST90671184",15,10.2010039318142,14,0.747345059861098,-0.00698885454558877,0.0156798908842438,0.663131605146499,"not_computed","Binary-outcome population prevalence has not been prespecified; unavailable Steiger is not treated as support","deferred_until_post_FDR","deferred_until_post_FDR","deferred_until_post_FDR"
"reverse|GCST90671185",15,17.1553476120147,14,0.247993866870188,0.0290850647802465,0.0231815024368024,0.23168844391844,"not_computed","Binary-outcome population prevalence has not been prespecified; unavailable Steiger is not treated as support","deferred_until_post_FDR","deferred_until_post_FDR","deferred_until_post_FDR"
"reverse|GCST90671186",17,28.5488656939061,16,0.0271616835613376,-0.0015620415681766,0.00756306988153241,0.839150047355814,"not_computed","Binary-outcome population prevalence has not been prespecified; unavailable Steiger is not treated as support","deferred_until_post_FDR","deferred_until_post_FDR","deferred_until_post_FDR"
"reverse|GCST90671187",15,17.8364245799763,14,0.214332760870518,0.00262860615313848,0.0233396661585318,0.912049207236809,"not_computed","Binary-outcome population prevalence has not been prespecified; unavailable Steiger is not treated as support","deferred_until_post_FDR","deferred_until_post_FDR","deferred_until_post_FDR"
"reverse|GCST90671188",15,10.1207710864979,14,0.753301476718795,0.00234880305435667,0.0157423080817161,0.883683057210924,"not_computed","Binary-outcome population prevalence has not been prespecified; unavailable Steiger is not treated as support","deferred_until_post_FDR","deferred_until_post_FDR","deferred_until_post_FDR"
"reverse|GCST90671189",17,17.1553794073674,16,0.375612134518014,0.00226641490615309,0.00593871905003818,0.708084980003614,"not_computed","Binary-outcome population prevalence has not been prespecified; unavailable Steiger is not treated as support","deferred_until_post_FDR","deferred_until_post_FDR","deferred_until_post_FDR"
"reverse|GCST90671190",15,15.9304217330413,14,0.317641810586269,0.00196015598726723,0.0262545084736129,0.941622042876922,"not_computed","Binary-outcome population prevalence has not been prespecified; unavailable Steiger is not treated as support","deferred_until_post_FDR","deferred_until_post_FDR","deferred_until_post_FDR"
"reverse|GCST90671191",15,8.37674588058144,14,0.868789897856142,-0.00326956111215749,0.0158005163427769,0.839272436544571,"not_computed","Binary-outcome population prevalence has not been prespecified; unavailable Steiger is not treated as support","deferred_until_post_FDR","deferred_until_post_FDR","deferred_until_post_FDR"
"reverse|GCST90671192",15,9.40475094620357,14,0.80428151671964,0.00675172022281853,0.0209556359708742,0.752430456989576,"not_computed","Binary-outcome population prevalence has not been prespecified; unavailable Steiger is not treated as support","deferred_until_post_FDR","deferred_until_post_FDR","deferred_until_post_FDR"
"reverse|GCST90671193",15,21.5129800122446,14,0.089190747380938,-0.00502316824895433,0.0202530584971305,0.807993322402456,"not_computed","Binary-outcome population prevalence has not been prespecified; unavailable Steiger is not treated as support","deferred_until_post_FDR","deferred_until_post_FDR","deferred_until_post_FDR"
"reverse|GCST90671194",15,27.4763489713213,14,0.016682962062217,-0.0337131734839384,0.0327984989671193,0.32274898591041,"not_computed","Binary-outcome population prevalence has not been prespecified; unavailable Steiger is not treated as support","deferred_until_post_FDR","deferred_until_post_FDR","deferred_until_post_FDR"
"reverse|GCST90671195",17,11.5252088287209,16,0.775966504321057,0.0112356527928385,0.00553387336137907,0.0604426179418635,"not_computed","Binary-outcome population prevalence has not been prespecified; unavailable Steiger is not treated as support","deferred_until_post_FDR","deferred_until_post_FDR","deferred_until_post_FDR"
"reverse|GCST90671196",15,11.5921455766011,14,0.639019757840866,0.00337802790975427,0.0156644776894689,0.832608025253479,"not_computed","Binary-outcome population prevalence has not been prespecified; unavailable Steiger is not treated as support","deferred_until_post_FDR","deferred_until_post_FDR","deferred_until_post_FDR"
"reverse|GCST90671197",15,10.4828774151097,14,0.726096538440709,0.000653191113766131,0.019448466672464,0.973717697732986,"not_computed","Binary-outcome population prevalence has not been prespecified; unavailable Steiger is not treated as support","deferred_until_post_FDR","deferred_until_post_FDR","deferred_until_post_FDR"
"reverse|GCST90671198",15,8.60215262767036,14,0.855661738805348,-0.00237157356130407,0.0161232991646557,0.885317783202286,"not_computed","Binary-outcome population prevalence has not been prespecified; unavailable Steiger is not treated as support","deferred_until_post_FDR","deferred_until_post_FDR","deferred_until_post_FDR"
"reverse|GCST90671199",17,18.4562067323336,16,0.29786718355206,-0.00449322807202793,0.00618366733085974,0.478640591544212,"not_computed","Binary-outcome population prevalence has not been prespecified; unavailable Steiger is not treated as support","deferred_until_post_FDR","deferred_until_post_FDR","deferred_until_post_FDR"
"reverse|GCST90671200",15,12.2960336737367,14,0.582542138580062,0.025883256757906,0.0180781041565571,0.175818208345407,"not_computed","Binary-outcome population prevalence has not been prespecified; unavailable Steiger is not treated as support","deferred_until_post_FDR","deferred_until_post_FDR","deferred_until_post_FDR"
"reverse|GCST90671201",15,12.1704432073455,14,0.592616962367015,-0.00994464316172664,0.0150906529681329,0.52140210485837,"not_computed","Binary-outcome population prevalence has not been prespecified; unavailable Steiger is not treated as support","deferred_until_post_FDR","deferred_until_post_FDR","deferred_until_post_FDR"
"reverse|GCST90671202",15,19.8900284712843,14,0.133646876464196,-0.0166741827284971,0.0275576360240891,0.555550651121815,"not_computed","Binary-outcome population prevalence has not been prespecified; unavailable Steiger is not treated as support","deferred_until_post_FDR","deferred_until_post_FDR","deferred_until_post_FDR"
"reverse|GCST90671203",15,20.6840066086095,14,0.110008663645667,-0.00575713616076954,0.0330726785969622,0.864487841985537,"not_computed","Binary-outcome population prevalence has not been prespecified; unavailable Steiger is not treated as support","deferred_until_post_FDR","deferred_until_post_FDR","deferred_until_post_FDR"
"reverse|GCST90671204",15,22.6073691986669,14,0.0669660888348541,0.00222966401832469,0.0243833762421523,0.928535438409582,"not_computed","Binary-outcome population prevalence has not been prespecified; unavailable Steiger is not treated as support","deferred_until_post_FDR","deferred_until_post_FDR","deferred_until_post_FDR"
"reverse|GCST90671205",15,11.5656434666225,14,0.641140144235529,0.00470519896616123,0.0219469697298659,0.833569622760586,"not_computed","Binary-outcome population prevalence has not been prespecified; unavailable Steiger is not treated as support","deferred_until_post_FDR","deferred_until_post_FDR","deferred_until_post_FDR"
"reverse|GCST90671206",15,3.49746820240946,14,0.99780754754827,-0.00282427313486332,0.0225633343435471,0.902303198308066,"not_computed","Binary-outcome population prevalence has not been prespecified; unavailable Steiger is not treated as support","deferred_until_post_FDR","deferred_until_post_FDR","deferred_until_post_FDR"
"reverse|GCST90671207",17,21.333384724514,16,0.166048695768075,-0.00281238250751937,0.0063473277905985,0.664030314644152,"not_computed","Binary-outcome population prevalence has not been prespecified; unavailable Steiger is not treated as support","deferred_until_post_FDR","deferred_until_post_FDR","deferred_until_post_FDR"
"reverse|GCST90671208",15,15.4576939794113,14,0.347600046965782,0.0135641452754578,0.0201995513455072,0.513653732030872,"not_computed","Binary-outcome population prevalence has not been prespecified; unavailable Steiger is not treated as support","deferred_until_post_FDR","deferred_until_post_FDR","deferred_until_post_FDR"
"reverse|GCST90671209",15,17.9633700247761,14,0.208454253893346,-0.00923265624624892,0.0267180355764521,0.735201917428154,"not_computed","Binary-outcome population prevalence has not been prespecified; unavailable Steiger is not treated as support","deferred_until_post_FDR","deferred_until_post_FDR","deferred_until_post_FDR"
"reverse|GCST90671210",17,7.71065360505887,16,0.957017080404043,0.00294201788062085,0.00538264958012626,0.592709365323092,"not_computed","Binary-outcome population prevalence has not been prespecified; unavailable Steiger is not treated as support","deferred_until_post_FDR","deferred_until_post_FDR","deferred_until_post_FDR"
"reverse|GCST90671211",15,10.947840389617,14,0.69012862287839,0.0130678012090106,0.0238810326742271,0.59350840342082,"not_computed","Binary-outcome population prevalence has not been prespecified; unavailable Steiger is not treated as support","deferred_until_post_FDR","deferred_until_post_FDR","deferred_until_post_FDR"
"reverse|GCST90671212",15,10.7643684931458,14,0.704439581115951,-0.00410490499024289,0.0143111233476022,0.778760690790839,"not_computed","Binary-outcome population prevalence has not been prespecified; unavailable Steiger is not treated as support","deferred_until_post_FDR","deferred_until_post_FDR","deferred_until_post_FDR"
"reverse|GCST90671213",15,10.4974551041003,14,0.724984986931223,0.0484134483682019,0.0260395514549928,0.0857730570452957,"not_computed","Binary-outcome population prevalence has not been prespecified; unavailable Steiger is not treated as support","deferred_until_post_FDR","deferred_until_post_FDR","deferred_until_post_FDR"
"reverse|GCST90671214",17,28.6166684051638,16,0.0266527722022779,-0.0122307718121312,0.0072524826452463,0.112395019355662,"not_computed","Binary-outcome population prevalence has not been prespecified; unavailable Steiger is not treated as support","deferred_until_post_FDR","deferred_until_post_FDR","deferred_until_post_FDR"
"reverse|GCST90671215",15,10.639073211719,14,0.714127956705803,0.00746347462489748,0.014708686625746,0.620358990133264,"not_computed","Binary-outcome population prevalence has not been prespecified; unavailable Steiger is not treated as support","deferred_until_post_FDR","deferred_until_post_FDR","deferred_until_post_FDR"
"reverse|GCST90671216",15,7.44870430803877,14,0.916029088356698,0.0025031348557794,0.014305818478169,0.86379646529492,"not_computed","Binary-outcome population prevalence has not been prespecified; unavailable Steiger is not treated as support","deferred_until_post_FDR","deferred_until_post_FDR","deferred_until_post_FDR"
"reverse|GCST90671217",15,6.12906709917325,14,0.963132667499817,0.00289376453733096,0.0204591230947404,0.889689689252632,"not_computed","Binary-outcome population prevalence has not been prespecified; unavailable Steiger is not treated as support","deferred_until_post_FDR","deferred_until_post_FDR","deferred_until_post_FDR"
"reverse|GCST90671218",17,8.61861784196772,16,0.928285093313763,-0.000987237391677445,0.00536653115802454,0.856507150370315,"not_computed","Binary-outcome population prevalence has not been prespecified; unavailable Steiger is not treated as support","deferred_until_post_FDR","deferred_until_post_FDR","deferred_until_post_FDR"
"reverse|GCST90671219",15,18.0515377527226,14,0.204443616174004,0.00404101833047326,0.0285821733603548,0.889735224850479,"not_computed","Binary-outcome population prevalence has not been prespecified; unavailable Steiger is not treated as support","deferred_until_post_FDR","deferred_until_post_FDR","deferred_until_post_FDR"
"reverse|GCST90671220",17,19.8055506394482,16,0.229106552422721,0.0131051484464507,0.0057592973215463,0.0379799239329358,"not_computed","Binary-outcome population prevalence has not been prespecified; unavailable Steiger is not treated as support","deferred_until_post_FDR","deferred_until_post_FDR","deferred_until_post_FDR"
"reverse|GCST90671221",15,5.83372617251284,14,0.970509803080011,-0.00132023681396334,0.0149713517335171,0.93107424714292,"not_computed","Binary-outcome population prevalence has not been prespecified; unavailable Steiger is not treated as support","deferred_until_post_FDR","deferred_until_post_FDR","deferred_until_post_FDR"
"reverse|GCST90671222",17,8.37689009301803,16,0.936846193413114,0.000406361529933292,0.00570817479699698,0.944187513279274,"not_computed","Binary-outcome population prevalence has not been prespecified; unavailable Steiger is not treated as support","deferred_until_post_FDR","deferred_until_post_FDR","deferred_until_post_FDR"
"reverse|GCST90671223",15,20.1923963592535,14,0.124191364908577,0.0148578462138695,0.0225332616341831,0.521165570253493,"not_computed","Binary-outcome population prevalence has not been prespecified; unavailable Steiger is not treated as support","deferred_until_post_FDR","deferred_until_post_FDR","deferred_until_post_FDR"
"reverse|GCST90671224",15,17.7360393748699,14,0.219068645606459,0.00181485584426349,0.0290135101923055,0.951074711537292,"not_computed","Binary-outcome population prevalence has not been prespecified; unavailable Steiger is not treated as support","deferred_until_post_FDR","deferred_until_post_FDR","deferred_until_post_FDR"
"reverse|GCST90671225",15,15.4115098625696,14,0.350615420078816,-0.00783980148880365,0.0224730708369479,0.732784871450568,"not_computed","Binary-outcome population prevalence has not been prespecified; unavailable Steiger is not treated as support","deferred_until_post_FDR","deferred_until_post_FDR","deferred_until_post_FDR"
"reverse|GCST90671226",15,13.2351975717601,14,0.508093299128903,0.0104348969665217,0.0169166018711508,0.547989299737958,"not_computed","Binary-outcome population prevalence has not been prespecified; unavailable Steiger is not treated as support","deferred_until_post_FDR","deferred_until_post_FDR","deferred_until_post_FDR"
"reverse|GCST90671227",15,15.1402145277005,14,0.368637461642477,-0.0112010971806563,0.0146432759260629,0.457974543366038,"not_computed","Binary-outcome population prevalence has not been prespecified; unavailable Steiger is not treated as support","deferred_until_post_FDR","deferred_until_post_FDR","deferred_until_post_FDR"
"reverse|GCST90671228",15,13.2784262828559,14,0.504726763782073,-0.00371605848916683,0.0180434734461836,0.840019969724514,"not_computed","Binary-outcome population prevalence has not been prespecified; unavailable Steiger is not treated as support","deferred_until_post_FDR","deferred_until_post_FDR","deferred_until_post_FDR"
"reverse|GCST90671229",15,14.858509244661,14,0.387894754344497,-0.00673534441644979,0.0281867117570677,0.814866545210639,"not_computed","Binary-outcome population prevalence has not been prespecified; unavailable Steiger is not treated as support","deferred_until_post_FDR","deferred_until_post_FDR","deferred_until_post_FDR"
"reverse|GCST90671230",17,22.4388001866701,16,0.129579879109731,0.00401768611574809,0.00717945756223388,0.584006755325756,"not_computed","Binary-outcome population prevalence has not been prespecified; unavailable Steiger is not treated as support","deferred_until_post_FDR","deferred_until_post_FDR","deferred_until_post_FDR"
"reverse|GCST90671231",15,11.4003174023339,14,0.65434114438035,-0.00241979494357758,0.0218821922499133,0.91363614019501,"not_computed","Binary-outcome population prevalence has not been prespecified; unavailable Steiger is not treated as support","deferred_until_post_FDR","deferred_until_post_FDR","deferred_until_post_FDR"
"reverse|GCST90671232",17,15.1742497044657,16,0.511915125352169,0.00679427614763161,0.00585456950707264,0.26397946978439,"not_computed","Binary-outcome population prevalence has not been prespecified; unavailable Steiger is not treated as support","deferred_until_post_FDR","deferred_until_post_FDR","deferred_until_post_FDR"
"reverse|GCST90671233",15,9.08375058498682,14,0.825648358695392,-0.00410650995143289,0.0210708706013047,0.848491593853316,"not_computed","Binary-outcome population prevalence has not been prespecified; unavailable Steiger is not treated as support","deferred_until_post_FDR","deferred_until_post_FDR","deferred_until_post_FDR"
"reverse|GCST90671234",17,17.3870918503738,16,0.360986070584743,0.00057880675574872,0.00595392313794035,0.923843235352995,"not_computed","Binary-outcome population prevalence has not been prespecified; unavailable Steiger is not treated as support","deferred_until_post_FDR","deferred_until_post_FDR","deferred_until_post_FDR"
"reverse|GCST90671235",15,12.5234944688036,14,0.564338299546963,0.00734212225787239,0.0147124023390947,0.626087009023382,"not_computed","Binary-outcome population prevalence has not been prespecified; unavailable Steiger is not treated as support","deferred_until_post_FDR","deferred_until_post_FDR","deferred_until_post_FDR"
"reverse|GCST90671236",17,17.976629501115,16,0.325267271128885,0.000826932560742582,0.00636545232857189,0.898364136767168,"not_computed","Binary-outcome population prevalence has not been prespecified; unavailable Steiger is not treated as support","deferred_until_post_FDR","deferred_until_post_FDR","deferred_until_post_FDR"
"reverse|GCST90671237",15,14.0752299810173,14,0.444121510246896,-0.0126449656186074,0.0245274076288024,0.614827562527296,"not_computed","Binary-outcome population prevalence has not been prespecified; unavailable Steiger is not treated as support","deferred_until_post_FDR","deferred_until_post_FDR","deferred_until_post_FDR"
"reverse|GCST90671238",17,14.5046759069638,16,0.56117070099254,0.000839579484071472,0.00585267431108569,0.887842386229888,"not_computed","Binary-outcome population prevalence has not been prespecified; unavailable Steiger is not treated as support","deferred_until_post_FDR","deferred_until_post_FDR","deferred_until_post_FDR"
"reverse|GCST90671239",15,11.2307716207525,14,0.667819412673571,0.00330325370917568,0.0213055890007682,0.879169850719259,"not_computed","Binary-outcome population prevalence has not been prespecified; unavailable Steiger is not treated as support","deferred_until_post_FDR","deferred_until_post_FDR","deferred_until_post_FDR"
"reverse|GCST90671240",15,19.6872514843143,14,0.140314034113498,0.0521212092489907,0.0231983168608297,0.0426612972484853,"not_computed","Binary-outcome population prevalence has not been prespecified; unavailable Steiger is not treated as support","deferred_until_post_FDR","deferred_until_post_FDR","deferred_until_post_FDR"
"reverse|GCST90671241",17,17.535833940916,16,0.351768552287467,-0.000646184573763274,0.00608951532791797,0.916897799655388,"not_computed","Binary-outcome population prevalence has not been prespecified; unavailable Steiger is not treated as support","deferred_until_post_FDR","deferred_until_post_FDR","deferred_until_post_FDR"
"reverse|GCST90671242",15,8.0469441359888,14,0.886866011644911,0.0198265345042124,0.0209433712761916,0.361070550869785,"not_computed","Binary-outcome population prevalence has not been prespecified; unavailable Steiger is not treated as support","deferred_until_post_FDR","deferred_until_post_FDR","deferred_until_post_FDR"
"reverse|GCST90671243",15,19.6793154559541,14,0.14058039800714,-0.0376804838397018,0.0245272668135174,0.148447215564121,"not_computed","Binary-outcome population prevalence has not been prespecified; unavailable Steiger is not treated as support","deferred_until_post_FDR","deferred_until_post_FDR","deferred_until_post_FDR"
"reverse|GCST90671244",15,20.7835245670017,14,0.107309970205302,-0.00819000130764008,0.0194162690667724,0.680054538108508,"not_computed","Binary-outcome population prevalence has not been prespecified; unavailable Steiger is not treated as support","deferred_until_post_FDR","deferred_until_post_FDR","deferred_until_post_FDR"
"reverse|GCST90671245",15,21.6483220250061,14,0.0861350478300288,0.0346939469106049,0.0190229636546887,0.0912482959589116,"not_computed","Binary-outcome population prevalence has not been prespecified; unavailable Steiger is not treated as support","deferred_until_post_FDR","deferred_until_post_FDR","deferred_until_post_FDR"
"reverse|GCST90671246",17,18.1007071640937,16,0.318032832168017,0.00577413239365984,0.00600155246658188,0.351250404359064,"not_computed","Binary-outcome population prevalence has not been prespecified; unavailable Steiger is not treated as support","deferred_until_post_FDR","deferred_until_post_FDR","deferred_until_post_FDR"
"reverse|GCST90671247",15,8.95560117996512,14,0.833884204006623,-0.00579506250457363,0.0272548676040751,0.834917343778206,"not_computed","Binary-outcome population prevalence has not been prespecified; unavailable Steiger is not treated as support","deferred_until_post_FDR","deferred_until_post_FDR","deferred_until_post_FDR"
"reverse|GCST90671248",15,10.6209969220628,14,0.715519484654754,0.0215002597162922,0.0146697963954156,0.166519138187885,"not_computed","Binary-outcome population prevalence has not been prespecified; unavailable Steiger is not treated as support","deferred_until_post_FDR","deferred_until_post_FDR","deferred_until_post_FDR"
"reverse|GCST90671249",15,24.1006391605425,14,0.0445561173821753,0.0237464783630804,0.0257659564234459,0.373513331114431,"not_computed","Binary-outcome population prevalence has not been prespecified; unavailable Steiger is not treated as support","deferred_until_post_FDR","deferred_until_post_FDR","deferred_until_post_FDR"
"reverse|GCST90671250",15,24.8771947109222,14,0.0357992919130683,-0.0266675759112512,0.0198617092791519,0.20235663291558,"not_computed","Binary-outcome population prevalence has not been prespecified; unavailable Steiger is not treated as support","deferred_until_post_FDR","deferred_until_post_FDR","deferred_until_post_FDR"
"reverse|GCST90671251",15,6.80330778128659,14,0.942028278587313,-0.00828073848262832,0.0175857849372297,0.645531988987386,"not_computed","Binary-outcome population prevalence has not been prespecified; unavailable Steiger is not treated as support","deferred_until_post_FDR","deferred_until_post_FDR","deferred_until_post_FDR"
"reverse|GCST90671252",15,16.498317370932,14,0.283898617685031,0.0379486541958238,0.0288748873760144,0.211481411386085,"not_computed","Binary-outcome population prevalence has not been prespecified; unavailable Steiger is not treated as support","deferred_until_post_FDR","deferred_until_post_FDR","deferred_until_post_FDR"
"reverse|GCST90671253",17,9.28079489777495,16,0.901400749739248,-0.000527459862444392,0.00546172507780814,0.924343322310388,"not_computed","Binary-outcome population prevalence has not been prespecified; unavailable Steiger is not treated as support","deferred_until_post_FDR","deferred_until_post_FDR","deferred_until_post_FDR"
"reverse|GCST90671254",15,15.0440502988704,14,0.375150103001384,-0.0048124544951522,0.018045870057153,0.793899631409974,"not_computed","Binary-outcome population prevalence has not been prespecified; unavailable Steiger is not treated as support","deferred_until_post_FDR","deferred_until_post_FDR","deferred_until_post_FDR"
"reverse|GCST90671255",15,19.1660189728237,14,0.158702085377468,0.006512295986415,0.0284819160050198,0.822700998856547,"not_computed","Binary-outcome population prevalence has not been prespecified; unavailable Steiger is not treated as support","deferred_until_post_FDR","deferred_until_post_FDR","deferred_until_post_FDR"
"reverse|GCST90671256",17,12.9662900419496,16,0.675220937303712,0.00166104542716507,0.00560379437093904,0.770978210712199,"not_computed","Binary-outcome population prevalence has not been prespecified; unavailable Steiger is not treated as support","deferred_until_post_FDR","deferred_until_post_FDR","deferred_until_post_FDR"
"reverse|GCST90671257",15,24.6559006257979,14,0.0381203332505441,-0.0065569814822961,0.0207646150966154,0.757184389746373,"not_computed","Binary-outcome population prevalence has not been prespecified; unavailable Steiger is not treated as support","deferred_until_post_FDR","deferred_until_post_FDR","deferred_until_post_FDR"
"reverse|GCST90671258",15,18.2026997227995,14,0.197704185756847,0.0083337309445676,0.015964085495303,0.610429584534541,"not_computed","Binary-outcome population prevalence has not been prespecified; unavailable Steiger is not treated as support","deferred_until_post_FDR","deferred_until_post_FDR","deferred_until_post_FDR"
"reverse|GCST90671259",17,12.495873112766,16,0.709198117340912,-0.00129978716082782,0.00535936033758732,0.811657052537288,"not_computed","Binary-outcome population prevalence has not been prespecified; unavailable Steiger is not treated as support","deferred_until_post_FDR","deferred_until_post_FDR","deferred_until_post_FDR"
"reverse|GCST90671260",15,8.28280919016861,14,0.874077989078725,0.023204967967239,0.0193556648666195,0.251975207820935,"not_computed","Binary-outcome population prevalence has not been prespecified; unavailable Steiger is not treated as support","deferred_until_post_FDR","deferred_until_post_FDR","deferred_until_post_FDR"
"reverse|GCST90671261",15,17.6545622528777,14,0.222969466165739,0.00109263923124633,0.0230826562933566,0.962964961274503,"not_computed","Binary-outcome population prevalence has not been prespecified; unavailable Steiger is not treated as support","deferred_until_post_FDR","deferred_until_post_FDR","deferred_until_post_FDR"
"reverse|GCST90671262",15,8.09611791595312,14,0.884258570469762,0.0141262237137766,0.0148038237942782,0.357375926034202,"not_computed","Binary-outcome population prevalence has not been prespecified; unavailable Steiger is not treated as support","deferred_until_post_FDR","deferred_until_post_FDR","deferred_until_post_FDR"
"reverse|GCST90671263",15,19.3894724519571,14,0.150594520187581,0.0318986030810536,0.0225273253315302,0.180288143018835,"not_computed","Binary-outcome population prevalence has not been prespecified; unavailable Steiger is not treated as support","deferred_until_post_FDR","deferred_until_post_FDR","deferred_until_post_FDR"
"reverse|GCST90671264",15,10.6969816476123,14,0.709659388148114,-0.0242885393150597,0.0246342728412724,0.342146103155335,"not_computed","Binary-outcome population prevalence has not been prespecified; unavailable Steiger is not treated as support","deferred_until_post_FDR","deferred_until_post_FDR","deferred_until_post_FDR"
"reverse|GCST90671265",15,7.77237150654484,14,0.900844524262411,-0.00805804623118524,0.0210496681813069,0.708045875429749,"not_computed","Binary-outcome population prevalence has not been prespecified; unavailable Steiger is not treated as support","deferred_until_post_FDR","deferred_until_post_FDR","deferred_until_post_FDR"
"reverse|GCST90671266",15,12.5143591838648,14,0.565067978400799,0.0198768975675947,0.0218430703075203,0.379392686966367,"not_computed","Binary-outcome population prevalence has not been prespecified; unavailable Steiger is not treated as support","deferred_until_post_FDR","deferred_until_post_FDR","deferred_until_post_FDR"
"reverse|GCST90671267",15,16.0151557373961,14,0.312449607161703,-0.00993132839827636,0.019504611948381,0.619159426278933,"not_computed","Binary-outcome population prevalence has not been prespecified; unavailable Steiger is not treated as support","deferred_until_post_FDR","deferred_until_post_FDR","deferred_until_post_FDR"
"reverse|GCST90671268",17,20.4273218345058,16,0.201587759595426,0.0116942786665678,0.00587580499977926,0.0651099458030118,"not_computed","Binary-outcome population prevalence has not been prespecified; unavailable Steiger is not treated as support","deferred_until_post_FDR","deferred_until_post_FDR","deferred_until_post_FDR"
"reverse|GCST90671269",15,19.4660337434588,14,0.147894783273863,-0.00746963560443222,0.0218960225120449,0.738447941718723,"not_computed","Binary-outcome population prevalence has not been prespecified; unavailable Steiger is not treated as support","deferred_until_post_FDR","deferred_until_post_FDR","deferred_until_post_FDR"
"reverse|GCST90671270",17,12.3824234903388,16,0.717261749700932,0.00163896989241119,0.00561996000024635,0.774561076115406,"not_computed","Binary-outcome population prevalence has not been prespecified; unavailable Steiger is not treated as support","deferred_until_post_FDR","deferred_until_post_FDR","deferred_until_post_FDR"
"reverse|GCST90671271",15,19.3300914343472,14,0.152715741527009,-0.0170609632193989,0.0233266004714004,0.477515310523063,"not_computed","Binary-outcome population prevalence has not been prespecified; unavailable Steiger is not treated as support","deferred_until_post_FDR","deferred_until_post_FDR","deferred_until_post_FDR"
"reverse|GCST90671272",15,22.8785700070607,14,0.0622745292523758,0.0167757172037566,0.0201590445381244,0.420338469115448,"not_computed","Binary-outcome population prevalence has not been prespecified; unavailable Steiger is not treated as support","deferred_until_post_FDR","deferred_until_post_FDR","deferred_until_post_FDR"
"reverse|GCST90671273",15,19.6453188943496,14,0.141726130573992,0.0108245538880517,0.0167144756425878,0.528505352229109,"not_computed","Binary-outcome population prevalence has not been prespecified; unavailable Steiger is not treated as support","deferred_until_post_FDR","deferred_until_post_FDR","deferred_until_post_FDR"
"reverse|GCST90671274",15,15.2348965998312,14,0.362288329792835,0.0141870783180457,0.0161251428729606,0.394934886396588,"not_computed","Binary-outcome population prevalence has not been prespecified; unavailable Steiger is not treated as support","deferred_until_post_FDR","deferred_until_post_FDR","deferred_until_post_FDR"
"reverse|GCST90671275",15,14.5111539295556,14,0.412364650823485,0.00575626534409513,0.0243637407657966,0.816909854501626,"not_computed","Binary-outcome population prevalence has not been prespecified; unavailable Steiger is not treated as support","deferred_until_post_FDR","deferred_until_post_FDR","deferred_until_post_FDR"
"reverse|GCST90671276",15,12.5243023812054,14,0.564273774394559,-0.00519620551813716,0.0163294777909546,0.75537966373805,"not_computed","Binary-outcome population prevalence has not been prespecified; unavailable Steiger is not treated as support","deferred_until_post_FDR","deferred_until_post_FDR","deferred_until_post_FDR"
"reverse|GCST90671277",15,9.57921108714665,14,0.792255816700662,-0.0169231103850587,0.0163780183508257,0.320312424211582,"not_computed","Binary-outcome population prevalence has not been prespecified; unavailable Steiger is not treated as support","deferred_until_post_FDR","deferred_until_post_FDR","deferred_until_post_FDR"
"reverse|GCST90671278",15,18.5508368083886,14,0.182831644819603,0.0259912076356853,0.0333358208598988,0.449542729313746,"not_computed","Binary-outcome population prevalence has not been prespecified; unavailable Steiger is not treated as support","deferred_until_post_FDR","deferred_until_post_FDR","deferred_until_post_FDR"
"reverse|GCST90671279",15,6.82692286948963,14,0.941177918184367,-0.000386788820309082,0.0163956334396707,0.981537149352182,"not_computed","Binary-outcome population prevalence has not been prespecified; unavailable Steiger is not treated as support","deferred_until_post_FDR","deferred_until_post_FDR","deferred_until_post_FDR"
"reverse|GCST90671280",15,9.37826984225982,14,0.806082315102471,0.00255104676657557,0.014696563670237,0.864868354654547,"not_computed","Binary-outcome population prevalence has not been prespecified; unavailable Steiger is not treated as support","deferred_until_post_FDR","deferred_until_post_FDR","deferred_until_post_FDR"
"reverse|GCST90671281",15,10.3342879674957,14,0.73735762451508,0.0131111856696911,0.0139590576904104,0.364722128487527,"not_computed","Binary-outcome population prevalence has not been prespecified; unavailable Steiger is not treated as support","deferred_until_post_FDR","deferred_until_post_FDR","deferred_until_post_FDR"
"reverse|GCST90671282",15,13.618723205483,14,0.478485256310806,0.0279326132484805,0.0167136277270076,0.118556774963435,"not_computed","Binary-outcome population prevalence has not been prespecified; unavailable Steiger is not treated as support","deferred_until_post_FDR","deferred_until_post_FDR","deferred_until_post_FDR"
"reverse|GCST90671283",15,19.019662686544,14,0.164199285049135,-0.00132890148835708,0.0170918082285627,0.939210265546599,"not_computed","Binary-outcome population prevalence has not been prespecified; unavailable Steiger is not treated as support","deferred_until_post_FDR","deferred_until_post_FDR","deferred_until_post_FDR"
"reverse|GCST90671284",17,12.648272362069,16,0.698279884404786,0.00707144215434369,0.00566162959449378,0.230801775830517,"not_computed","Binary-outcome population prevalence has not been prespecified; unavailable Steiger is not treated as support","deferred_until_post_FDR","deferred_until_post_FDR","deferred_until_post_FDR"
"reverse|GCST90671285",15,7.97000392748895,14,0.89088288476403,0.00210163570126286,0.0137806912526666,0.881129557139238,"not_computed","Binary-outcome population prevalence has not been prespecified; unavailable Steiger is not treated as support","deferred_until_post_FDR","deferred_until_post_FDR","deferred_until_post_FDR"
"reverse|GCST90671286",15,15.1901865062598,14,0.36527860952423,-0.00369592979028393,0.0177234473543148,0.838044347023824,"not_computed","Binary-outcome population prevalence has not been prespecified; unavailable Steiger is not treated as support","deferred_until_post_FDR","deferred_until_post_FDR","deferred_until_post_FDR"
"reverse|GCST90671287",15,11.4271856660881,14,0.652199228680015,-0.0166977608454004,0.0160827783084637,0.318085401986457,"not_computed","Binary-outcome population prevalence has not been prespecified; unavailable Steiger is not treated as support","deferred_until_post_FDR","deferred_until_post_FDR","deferred_until_post_FDR"
"reverse|GCST90671288",15,12.5798813959544,14,0.559837577499682,-0.00823227478003233,0.0218406804712111,0.712311116398576,"not_computed","Binary-outcome population prevalence has not been prespecified; unavailable Steiger is not treated as support","deferred_until_post_FDR","deferred_until_post_FDR","deferred_until_post_FDR"
"reverse|GCST90671289",15,7.25172952723172,14,0.924571530446536,0.0150760643989873,0.0183309373496249,0.425656185997322,"not_computed","Binary-outcome population prevalence has not been prespecified; unavailable Steiger is not treated as support","deferred_until_post_FDR","deferred_until_post_FDR","deferred_until_post_FDR"
"reverse|GCST90671290",15,8.46952165533621,14,0.863460625662521,0.00600290638520007,0.020224371150527,0.771296629909031,"not_computed","Binary-outcome population prevalence has not been prespecified; unavailable Steiger is not treated as support","deferred_until_post_FDR","deferred_until_post_FDR","deferred_until_post_FDR"
"reverse|GCST90671291",15,19.1468069321004,14,0.159415191360364,0.00783539276591418,0.0258928444278612,0.766975859650813,"not_computed","Binary-outcome population prevalence has not been prespecified; unavailable Steiger is not treated as support","deferred_until_post_FDR","deferred_until_post_FDR","deferred_until_post_FDR"
"reverse|GCST90671292",17,20.9092631763603,16,0.182024840678567,0.00571496523989985,0.00697886722472439,0.425665445664931,"not_computed","Binary-outcome population prevalence has not been prespecified; unavailable Steiger is not treated as support","deferred_until_post_FDR","deferred_until_post_FDR","deferred_until_post_FDR"
"reverse|GCST90671293",17,14.1095905056332,16,0.590549771908121,-0.000344805126204104,0.00589389897707426,0.954120992007425,"not_computed","Binary-outcome population prevalence has not been prespecified; unavailable Steiger is not treated as support","deferred_until_post_FDR","deferred_until_post_FDR","deferred_until_post_FDR"
"reverse|GCST90671294",17,16.727275625589,16,0.403453606978922,0.00287956286392633,0.00627652354522377,0.652967397608057,"not_computed","Binary-outcome population prevalence has not been prespecified; unavailable Steiger is not treated as support","deferred_until_post_FDR","deferred_until_post_FDR","deferred_until_post_FDR"
"reverse|GCST90671295",17,24.2504092406516,16,0.0841761610725311,-0.00106885884996315,0.00756918639830196,0.889581582893658,"not_computed","Binary-outcome population prevalence has not been prespecified; unavailable Steiger is not treated as support","deferred_until_post_FDR","deferred_until_post_FDR","deferred_until_post_FDR"
"reverse|GCST90671296",17,18.3518191965402,16,0.303701419212784,0.00137026896538868,0.00647395995109789,0.83522240028139,"not_computed","Binary-outcome population prevalence has not been prespecified; unavailable Steiger is not treated as support","deferred_until_post_FDR","deferred_until_post_FDR","deferred_until_post_FDR"
"reverse|GCST90671297",17,31.1948640528302,16,0.0127055631306264,-0.00313531370214499,0.00801464967603427,0.701151667136616,"not_computed","Binary-outcome population prevalence has not been prespecified; unavailable Steiger is not treated as support","deferred_until_post_FDR","deferred_until_post_FDR","deferred_until_post_FDR"
"reverse|GCST90671298",17,18.5040093201397,16,0.295219855663446,-0.00833210965029274,0.00634708298994726,0.208999392625537,"not_computed","Binary-outcome population prevalence has not been prespecified; unavailable Steiger is not treated as support","deferred_until_post_FDR","deferred_until_post_FDR","deferred_until_post_FDR"
"reverse|GCST90671299",17,22.4682349343932,16,0.128705979639985,0.0102753437519444,0.00689054137474972,0.156631560368114,"not_computed","Binary-outcome population prevalence has not been prespecified; unavailable Steiger is not treated as support","deferred_until_post_FDR","deferred_until_post_FDR","deferred_until_post_FDR"
"reverse|GCST90671300",17,10.2555183242097,16,0.852948117941801,0.00546134265143384,0.0056662878724951,0.350413037521672,"not_computed","Binary-outcome population prevalence has not been prespecified; unavailable Steiger is not treated as support","deferred_until_post_FDR","deferred_until_post_FDR","deferred_until_post_FDR"
"reverse|GCST90671301",17,16.0131095086558,16,0.452046229507846,-0.00725923067089298,0.00590757305652991,0.238076539605565,"not_computed","Binary-outcome population prevalence has not been prespecified; unavailable Steiger is not treated as support","deferred_until_post_FDR","deferred_until_post_FDR","deferred_until_post_FDR"
"reverse|GCST90671302",17,12.1865391282554,16,0.731041996248231,0.00593547558446679,0.00590209000485832,0.330528939463039,"not_computed","Binary-outcome population prevalence has not been prespecified; unavailable Steiger is not treated as support","deferred_until_post_FDR","deferred_until_post_FDR","deferred_until_post_FDR"
"reverse|GCST90671303",17,12.5167556841306,16,0.707707703491949,0.00103351093166442,0.00581170249830073,0.86123363516927,"not_computed","Binary-outcome population prevalence has not been prespecified; unavailable Steiger is not treated as support","deferred_until_post_FDR","deferred_until_post_FDR","deferred_until_post_FDR"
"reverse|GCST90671304",17,12.4915058608187,16,0.709509577488834,0.000919603097305044,0.00589309875962996,0.878076352180662,"not_computed","Binary-outcome population prevalence has not been prespecified; unavailable Steiger is not treated as support","deferred_until_post_FDR","deferred_until_post_FDR","deferred_until_post_FDR"
"reverse|GCST90671305",17,19.3435185755498,16,0.251252449502806,0.00910766482308472,0.00638065900926061,0.173954878632562,"not_computed","Binary-outcome population prevalence has not been prespecified; unavailable Steiger is not treated as support","deferred_until_post_FDR","deferred_until_post_FDR","deferred_until_post_FDR"
"reverse|GCST90671306",17,21.621507952704,16,0.155838342369888,-0.000539409425540908,0.00707741611101298,0.940254843247945,"not_computed","Binary-outcome population prevalence has not been prespecified; unavailable Steiger is not treated as support","deferred_until_post_FDR","deferred_until_post_FDR","deferred_until_post_FDR"
"reverse|GCST90671307",15,14.4989622363501,14,0.413237431240772,0.0112807599997405,0.014495124299481,0.450357678078924,"not_computed","Binary-outcome population prevalence has not been prespecified; unavailable Steiger is not treated as support","deferred_until_post_FDR","deferred_until_post_FDR","deferred_until_post_FDR"
"reverse|GCST90671308",17,11.1763767738147,16,0.798469808142849,-9.43823921504096e-05,0.00588630607231718,0.98741841244797,"not_computed","Binary-outcome population prevalence has not been prespecified; unavailable Steiger is not treated as support","deferred_until_post_FDR","deferred_until_post_FDR","deferred_until_post_FDR"
"reverse|GCST90671309",17,35.6430963775123,16,0.00324223724551685,0.00563926168569426,0.00919728153919018,0.548965677272904,"not_computed","Binary-outcome population prevalence has not been prespecified; unavailable Steiger is not treated as support","deferred_until_post_FDR","deferred_until_post_FDR","deferred_until_post_FDR"
"reverse|GCST90671310",17,15.8683067294596,16,0.462189309033962,-0.00735191686105665,0.00591304940461613,0.232826360039888,"not_computed","Binary-outcome population prevalence has not been prespecified; unavailable Steiger is not treated as support","deferred_until_post_FDR","deferred_until_post_FDR","deferred_until_post_FDR"
"reverse|GCST90671311",17,28.9249042182989,16,0.0244474269647049,-0.00538658563778,0.0080192344341995,0.511982792640655,"not_computed","Binary-outcome population prevalence has not been prespecified; unavailable Steiger is not treated as support","deferred_until_post_FDR","deferred_until_post_FDR","deferred_until_post_FDR"
"reverse|GCST90671312",15,19.0381900590007,14,0.163495113734668,-0.00812025779624209,0.0199135420821957,0.690074221895892,"not_computed","Binary-outcome population prevalence has not been prespecified; unavailable Steiger is not treated as support","deferred_until_post_FDR","deferred_until_post_FDR","deferred_until_post_FDR"
"reverse|GCST90671313",15,16.2306603308315,14,0.299492033989109,-0.0034505294361119,0.0154725235529242,0.826993475979917,"not_computed","Binary-outcome population prevalence has not been prespecified; unavailable Steiger is not treated as support","deferred_until_post_FDR","deferred_until_post_FDR","deferred_until_post_FDR"
"reverse|GCST90671314",15,18.0272438767241,14,0.205542828798194,0.0295128950048497,0.0155775574902049,0.0806081613943205,"not_computed","Binary-outcome population prevalence has not been prespecified; unavailable Steiger is not treated as support","deferred_until_post_FDR","deferred_until_post_FDR","deferred_until_post_FDR"
"reverse|GCST90671315",17,19.6857479081955,16,0.234709076382324,-0.00234894351961708,0.00677994040285726,0.73381295420821,"not_computed","Binary-outcome population prevalence has not been prespecified; unavailable Steiger is not treated as support","deferred_until_post_FDR","deferred_until_post_FDR","deferred_until_post_FDR"
"reverse|GCST90671316",17,19.1394842672811,16,0.261496369648223,0.000153347532971693,0.00681803739432163,0.982352405617939,"not_computed","Binary-outcome population prevalence has not been prespecified; unavailable Steiger is not treated as support","deferred_until_post_FDR","deferred_until_post_FDR","deferred_until_post_FDR"
"reverse|GCST90671317",15,12.1423050419178,14,0.594875638563676,0.00428887738811537,0.0202255770432599,0.835354863260017,"not_computed","Binary-outcome population prevalence has not been prespecified; unavailable Steiger is not treated as support","deferred_until_post_FDR","deferred_until_post_FDR","deferred_until_post_FDR"
"reverse|GCST90671318",17,13.4296399918705,16,0.641122599055787,-0.00884553276833128,0.00572128080181719,0.142920844395862,"not_computed","Binary-outcome population prevalence has not been prespecified; unavailable Steiger is not treated as support","deferred_until_post_FDR","deferred_until_post_FDR","deferred_until_post_FDR"
"reverse|GCST90671319",17,24.4869912764531,16,0.0793945340344418,0.0132926054600323,0.00683561129139962,0.0708178072624136,"not_computed","Binary-outcome population prevalence has not been prespecified; unavailable Steiger is not treated as support","deferred_until_post_FDR","deferred_until_post_FDR","deferred_until_post_FDR"
"reverse|GCST90671320",17,5.17647272747576,16,0.994804096835176,0.00138633916918371,0.00557679070571743,0.807048665048038,"not_computed","Binary-outcome population prevalence has not been prespecified; unavailable Steiger is not treated as support","deferred_until_post_FDR","deferred_until_post_FDR","deferred_until_post_FDR"
"reverse|GCST90671321",15,11.2425433235089,14,0.666885921121536,0.0020454576562334,0.0144086833462375,0.889287995900494,"not_computed","Binary-outcome population prevalence has not been prespecified; unavailable Steiger is not treated as support","deferred_until_post_FDR","deferred_until_post_FDR","deferred_until_post_FDR"
"reverse|GCST90671322",17,8.54332707609315,16,0.931023467242172,-0.00864709457869208,0.00584130946702043,0.159480589904736,"not_computed","Binary-outcome population prevalence has not been prespecified; unavailable Steiger is not treated as support","deferred_until_post_FDR","deferred_until_post_FDR","deferred_until_post_FDR"
"reverse|GCST90671323",17,15.2638972220499,16,0.50540182229495,0.00499889384873576,0.00602915460051011,0.420035179761098,"not_computed","Binary-outcome population prevalence has not been prespecified; unavailable Steiger is not treated as support","deferred_until_post_FDR","deferred_until_post_FDR","deferred_until_post_FDR"
"reverse|GCST90671324",15,12.616800311489,14,0.556893896672755,-0.000315450330868991,0.01426027724462,0.982687439671777,"not_computed","Binary-outcome population prevalence has not been prespecified; unavailable Steiger is not treated as support","deferred_until_post_FDR","deferred_until_post_FDR","deferred_until_post_FDR"
"reverse|GCST90671325",17,14.1984029104699,16,0.583935981264844,0.0109273847365146,0.00585656568355962,0.081742124410834,"not_computed","Binary-outcome population prevalence has not been prespecified; unavailable Steiger is not treated as support","deferred_until_post_FDR","deferred_until_post_FDR","deferred_until_post_FDR"
"reverse|GCST90671326",17,8.38368573036277,16,0.936614658823438,0.00706336547614973,0.00581290368587238,0.243101936064739,"not_computed","Binary-outcome population prevalence has not been prespecified; unavailable Steiger is not treated as support","deferred_until_post_FDR","deferred_until_post_FDR","deferred_until_post_FDR"
"reverse|GCST90671327",17,17.5277459227212,16,0.352266261406434,-0.000317621939633798,0.00622261746522227,0.959964668066945,"not_computed","Binary-outcome population prevalence has not been prespecified; unavailable Steiger is not treated as support","deferred_until_post_FDR","deferred_until_post_FDR","deferred_until_post_FDR"
"reverse|GCST90671328",15,12.2968908340507,14,0.582473422587713,0.00677171900040829,0.0184143500588321,0.718983928271338,"not_computed","Binary-outcome population prevalence has not been prespecified; unavailable Steiger is not treated as support","deferred_until_post_FDR","deferred_until_post_FDR","deferred_until_post_FDR"
"reverse|GCST90671329",17,21.5427593503623,16,0.158578237851648,-0.000443903362266936,0.00669747027700334,0.948030832583648,"not_computed","Binary-outcome population prevalence has not been prespecified; unavailable Steiger is not treated as support","deferred_until_post_FDR","deferred_until_post_FDR","deferred_until_post_FDR"
"reverse|GCST90671330",17,10.1468756352826,16,0.858846313922157,-0.00116627196743959,0.00586482062180359,0.845043411434913,"not_computed","Binary-outcome population prevalence has not been prespecified; unavailable Steiger is not treated as support","deferred_until_post_FDR","deferred_until_post_FDR","deferred_until_post_FDR"
"reverse|GCST90671331",15,16.3148913003986,14,0.294524851512764,-0.00527412592777174,0.0160698364698622,0.747986366093154,"not_computed","Binary-outcome population prevalence has not been prespecified; unavailable Steiger is not treated as support","deferred_until_post_FDR","deferred_until_post_FDR","deferred_until_post_FDR"
"reverse|GCST90671332",15,9.22226024893009,14,0.816554387226142,0.00156032979628411,0.0182941682269399,0.933329533617342,"not_computed","Binary-outcome population prevalence has not been prespecified; unavailable Steiger is not treated as support","deferred_until_post_FDR","deferred_until_post_FDR","deferred_until_post_FDR"
"reverse|GCST90671333",17,17.9273525572245,16,0.328168191968706,0.000708475430230748,0.00655117700299278,0.91531419772827,"not_computed","Binary-outcome population prevalence has not been prespecified; unavailable Steiger is not treated as support","deferred_until_post_FDR","deferred_until_post_FDR","deferred_until_post_FDR"
"reverse|GCST90671334",15,27.2224733749089,14,0.018010355530668,0.011238706312813,0.0308339288743406,0.721351353504321,"not_computed","Binary-outcome population prevalence has not been prespecified; unavailable Steiger is not treated as support","deferred_until_post_FDR","deferred_until_post_FDR","deferred_until_post_FDR"
"reverse|GCST90671335",17,15.2603770375563,16,0.505657134401046,-0.0102560704750915,0.00571296426501062,0.0927884795943038,"not_computed","Binary-outcome population prevalence has not been prespecified; unavailable Steiger is not treated as support","deferred_until_post_FDR","deferred_until_post_FDR","deferred_until_post_FDR"
"reverse|GCST90671336",17,15.4645556281604,16,0.490912695900942,0.0073037808223637,0.00604669902804992,0.245787682240765,"not_computed","Binary-outcome population prevalence has not been prespecified; unavailable Steiger is not treated as support","deferred_until_post_FDR","deferred_until_post_FDR","deferred_until_post_FDR"
"reverse|GCST90671337",17,18.7604016840122,16,0.281283577070363,-0.00499865410794875,0.00622310552212839,0.434379667722409,"not_computed","Binary-outcome population prevalence has not been prespecified; unavailable Steiger is not treated as support","deferred_until_post_FDR","deferred_until_post_FDR","deferred_until_post_FDR"
"reverse|GCST90671338",17,20.34684105008,16,0.205003693977532,-0.00138072088505462,0.00644673147068123,0.833295755747475,"not_computed","Binary-outcome population prevalence has not been prespecified; unavailable Steiger is not treated as support","deferred_until_post_FDR","deferred_until_post_FDR","deferred_until_post_FDR"
"reverse|GCST90671339",17,23.0658808066494,16,0.111984672230659,-0.00100935984924726,0.00679087632227032,0.883821681371868,"not_computed","Binary-outcome population prevalence has not been prespecified; unavailable Steiger is not treated as support","deferred_until_post_FDR","deferred_until_post_FDR","deferred_until_post_FDR"
"reverse|GCST90671340",17,15.9899728895721,16,0.453660853285095,0.00403954233517958,0.00591877429646368,0.505329227782786,"not_computed","Binary-outcome population prevalence has not been prespecified; unavailable Steiger is not treated as support","deferred_until_post_FDR","deferred_until_post_FDR","deferred_until_post_FDR"
"reverse|GCST90671341",15,22.3217747801866,14,0.0722400730673695,-0.00585931250859291,0.0206216099594463,0.780782474559806,"not_computed","Binary-outcome population prevalence has not been prespecified; unavailable Steiger is not treated as support","deferred_until_post_FDR","deferred_until_post_FDR","deferred_until_post_FDR"
"reverse|GCST90671342",15,9.00270195332076,14,0.830877452438256,-0.000107083728324905,0.0203989222213963,0.995891242242915,"not_computed","Binary-outcome population prevalence has not been prespecified; unavailable Steiger is not treated as support","deferred_until_post_FDR","deferred_until_post_FDR","deferred_until_post_FDR"
"reverse|GCST90671343",15,6.791318509785,14,0.942457080036217,0.00314984143565983,0.0139941912598189,0.825414931601902,"not_computed","Binary-outcome population prevalence has not been prespecified; unavailable Steiger is not treated as support","deferred_until_post_FDR","deferred_until_post_FDR","deferred_until_post_FDR"
"reverse|GCST90671344",15,23.8544947461784,14,0.0477101968599038,-0.0244197448096052,0.0175669584487321,0.187843766754972,"not_computed","Binary-outcome population prevalence has not been prespecified; unavailable Steiger is not treated as support","deferred_until_post_FDR","deferred_until_post_FDR","deferred_until_post_FDR"
"reverse|GCST90671345",15,11.6327720077169,14,0.635767412797123,0.00214653412023662,0.0139966866127131,0.880469228055473,"not_computed","Binary-outcome population prevalence has not been prespecified; unavailable Steiger is not treated as support","deferred_until_post_FDR","deferred_until_post_FDR","deferred_until_post_FDR"
"reverse|GCST90671346",17,15.7006589041192,16,0.47404072827819,0.00134218271146804,0.00592966798151524,0.82398442436076,"not_computed","Binary-outcome population prevalence has not been prespecified; unavailable Steiger is not treated as support","deferred_until_post_FDR","deferred_until_post_FDR","deferred_until_post_FDR"
"reverse|GCST90671347",15,13.0162866759575,14,0.525241589312914,0.00324963276115875,0.0144811841210439,0.825931591696406,"not_computed","Binary-outcome population prevalence has not been prespecified; unavailable Steiger is not treated as support","deferred_until_post_FDR","deferred_until_post_FDR","deferred_until_post_FDR"
"reverse|GCST90671348",15,26.6959044843128,14,0.021082098354233,-0.0124249137854842,0.0315011814563372,0.699660336812642,"not_computed","Binary-outcome population prevalence has not been prespecified; unavailable Steiger is not treated as support","deferred_until_post_FDR","deferred_until_post_FDR","deferred_until_post_FDR"
"reverse|GCST90671349",17,13.0216930445267,16,0.671170991359028,-0.00224490754755619,0.00595636134531378,0.7115319396135,"not_computed","Binary-outcome population prevalence has not been prespecified; unavailable Steiger is not treated as support","deferred_until_post_FDR","deferred_until_post_FDR","deferred_until_post_FDR"
"reverse|GCST90671350",17,15.4950615127089,16,0.488721536131008,0.00183889144800063,0.00587396294921331,0.758547165075978,"not_computed","Binary-outcome population prevalence has not been prespecified; unavailable Steiger is not treated as support","deferred_until_post_FDR","deferred_until_post_FDR","deferred_until_post_FDR"
"reverse|GCST90671351",17,24.4616680579127,16,0.0798949040479837,0.00544641819606258,0.00729592269331585,0.466904309863437,"not_computed","Binary-outcome population prevalence has not been prespecified; unavailable Steiger is not treated as support","deferred_until_post_FDR","deferred_until_post_FDR","deferred_until_post_FDR"
"reverse|GCST90671352",15,26.4818982208053,14,0.0224638663985374,0.0203849448780744,0.0200248194669411,0.32725761802876,"not_computed","Binary-outcome population prevalence has not been prespecified; unavailable Steiger is not treated as support","deferred_until_post_FDR","deferred_until_post_FDR","deferred_until_post_FDR"
"reverse|GCST90671353",15,16.5127508075546,14,0.283073580402966,0.03249231809507,0.0162327082245564,0.0666422721709441,"not_computed","Binary-outcome population prevalence has not been prespecified; unavailable Steiger is not treated as support","deferred_until_post_FDR","deferred_until_post_FDR","deferred_until_post_FDR"
"reverse|GCST90671354",17,13.3082051224771,16,0.650103353271043,0.000436471883042948,0.00580943778486673,0.941102925158373,"not_computed","Binary-outcome population prevalence has not been prespecified; unavailable Steiger is not treated as support","deferred_until_post_FDR","deferred_until_post_FDR","deferred_until_post_FDR"
"reverse|GCST90671355",17,14.2151170730878,16,0.582691694400523,0.00771183295003519,0.00586170080689427,0.208052903094539,"not_computed","Binary-outcome population prevalence has not been prespecified; unavailable Steiger is not treated as support","deferred_until_post_FDR","deferred_until_post_FDR","deferred_until_post_FDR"
"reverse|GCST90671356",17,13.6030972842314,16,0.628255536484264,0.0116144406741024,0.00584116661947764,0.065334908703039,"not_computed","Binary-outcome population prevalence has not been prespecified; unavailable Steiger is not treated as support","deferred_until_post_FDR","deferred_until_post_FDR","deferred_until_post_FDR"
"reverse|GCST90671357",17,14.5954063591644,16,0.554446727988167,-0.00380436316653803,0.00576835665489485,0.519558273348971,"not_computed","Binary-outcome population prevalence has not been prespecified; unavailable Steiger is not treated as support","deferred_until_post_FDR","deferred_until_post_FDR","deferred_until_post_FDR"
"reverse|GCST90671358",15,18.1124122503161,14,0.20170886514555,0.0387023774018546,0.0258386224141538,0.15805562778976,"not_computed","Binary-outcome population prevalence has not been prespecified; unavailable Steiger is not treated as support","deferred_until_post_FDR","deferred_until_post_FDR","deferred_until_post_FDR"
"reverse|GCST90671359",17,16.7699780435256,16,0.400630562622283,0.00876589214333513,0.00586720193524646,0.155899334482969,"not_computed","Binary-outcome population prevalence has not been prespecified; unavailable Steiger is not treated as support","deferred_until_post_FDR","deferred_until_post_FDR","deferred_until_post_FDR"
"reverse|GCST90671360",15,9.36944371931163,14,0.806681043950919,-0.00609056864007435,0.0150823620392762,0.69290875450574,"not_computed","Binary-outcome population prevalence has not been prespecified; unavailable Steiger is not treated as support","deferred_until_post_FDR","deferred_until_post_FDR","deferred_until_post_FDR"
"reverse|GCST90671361",15,8.36976309883493,14,0.869186744401015,0.0110509424028731,0.0262266238562001,0.680373225476389,"not_computed","Binary-outcome population prevalence has not been prespecified; unavailable Steiger is not treated as support","deferred_until_post_FDR","deferred_until_post_FDR","deferred_until_post_FDR"
"reverse|GCST90671362",15,13.902591899871,14,0.456993045201699,0.0128474070443466,0.0182706511377487,0.494349952854611,"not_computed","Binary-outcome population prevalence has not been prespecified; unavailable Steiger is not treated as support","deferred_until_post_FDR","deferred_until_post_FDR","deferred_until_post_FDR"
"reverse|GCST90671363",15,21.3871445768673,14,0.0921150354887399,-0.0128557855861246,0.0171202927046686,0.46608323845526,"not_computed","Binary-outcome population prevalence has not been prespecified; unavailable Steiger is not treated as support","deferred_until_post_FDR","deferred_until_post_FDR","deferred_until_post_FDR"
"reverse|GCST90671364",15,13.2163397208945,14,0.509564039052824,-0.0150890428831135,0.0142132907115045,0.307735382799947,"not_computed","Binary-outcome population prevalence has not been prespecified; unavailable Steiger is not treated as support","deferred_until_post_FDR","deferred_until_post_FDR","deferred_until_post_FDR"
"reverse|GCST90671365",17,14.9995155757874,16,0.524674006931548,-0.00204214043855353,0.00585002561977891,0.731879496106301,"not_computed","Binary-outcome population prevalence has not been prespecified; unavailable Steiger is not treated as support","deferred_until_post_FDR","deferred_until_post_FDR","deferred_until_post_FDR"
"reverse|GCST90671366",15,11.0001162531958,14,0.686026847564415,0.0249766261728277,0.0200053260136664,0.233865523839792,"not_computed","Binary-outcome population prevalence has not been prespecified; unavailable Steiger is not treated as support","deferred_until_post_FDR","deferred_until_post_FDR","deferred_until_post_FDR"
"reverse|GCST90671367",17,11.5442331500496,16,0.774713492348244,-0.00168393955121099,0.00567962567493145,0.770923276346656,"not_computed","Binary-outcome population prevalence has not been prespecified; unavailable Steiger is not treated as support","deferred_until_post_FDR","deferred_until_post_FDR","deferred_until_post_FDR"
"reverse|GCST90671368",15,12.6453563258184,14,0.554618834130078,0.0183289481545289,0.01849721924554,0.33981901125222,"not_computed","Binary-outcome population prevalence has not been prespecified; unavailable Steiger is not treated as support","deferred_until_post_FDR","deferred_until_post_FDR","deferred_until_post_FDR"
"reverse|GCST90671369",17,14.7172412385455,16,0.545437499521387,-0.00774730227044358,0.00584593175892815,0.204922073970633,"not_computed","Binary-outcome population prevalence has not been prespecified; unavailable Steiger is not treated as support","deferred_until_post_FDR","deferred_until_post_FDR","deferred_until_post_FDR"
"reverse|GCST90671370",17,14.7077665333,16,0.546137215291933,-0.00100435623391664,0.00571050992078433,0.862741747675253,"not_computed","Binary-outcome population prevalence has not been prespecified; unavailable Steiger is not treated as support","deferred_until_post_FDR","deferred_until_post_FDR","deferred_until_post_FDR"
"reverse|GCST90671371",15,30.558878807306,14,0.00638726110351708,0.000671145696317622,0.0266377943671613,0.980281880635702,"not_computed","Binary-outcome population prevalence has not been prespecified; unavailable Steiger is not treated as support","deferred_until_post_FDR","deferred_until_post_FDR","deferred_until_post_FDR"
"reverse|GCST90671372",17,12.0358649049786,16,0.741507207224382,0.00466331987242427,0.00568028705031709,0.424521812498382,"not_computed","Binary-outcome population prevalence has not been prespecified; unavailable Steiger is not treated as support","deferred_until_post_FDR","deferred_until_post_FDR","deferred_until_post_FDR"
"reverse|GCST90671373",17,13.6819546721677,16,0.622394231455417,0.00244018454121659,0.00566938332160988,0.67301434517446,"not_computed","Binary-outcome population prevalence has not been prespecified; unavailable Steiger is not treated as support","deferred_until_post_FDR","deferred_until_post_FDR","deferred_until_post_FDR"
"reverse|GCST90671374",15,12.7634089983781,14,0.545231896512026,0.00175189525356252,0.0146944058785893,0.906922213774065,"not_computed","Binary-outcome population prevalence has not been prespecified; unavailable Steiger is not treated as support","deferred_until_post_FDR","deferred_until_post_FDR","deferred_until_post_FDR"
"reverse|GCST90671375",17,10.9503390513787,16,0.812540158912286,-0.00311166147181785,0.00573164922975029,0.59518034574263,"not_computed","Binary-outcome population prevalence has not been prespecified; unavailable Steiger is not treated as support","deferred_until_post_FDR","deferred_until_post_FDR","deferred_until_post_FDR"
"reverse|GCST90671376",17,9.52789422807717,16,0.890093634010004,0.002733888331881,0.00544117153221278,0.622650371563252,"not_computed","Binary-outcome population prevalence has not been prespecified; unavailable Steiger is not treated as support","deferred_until_post_FDR","deferred_until_post_FDR","deferred_until_post_FDR"
"reverse|GCST90671377",15,22.9645768602819,14,0.0608485710748139,0.0150484098003529,0.0180381879540454,0.419204884011227,"not_computed","Binary-outcome population prevalence has not been prespecified; unavailable Steiger is not treated as support","deferred_until_post_FDR","deferred_until_post_FDR","deferred_until_post_FDR"
"reverse|GCST90671378",17,15.7873052789917,16,0.467901464231366,0.00299202449800775,0.00590729136217335,0.619871100886755,"not_computed","Binary-outcome population prevalence has not been prespecified; unavailable Steiger is not treated as support","deferred_until_post_FDR","deferred_until_post_FDR","deferred_until_post_FDR"
"reverse|GCST90671379",15,10.5984458467219,14,0.717253194792641,0.00542724719745212,0.0148897867337395,0.721349108641298,"not_computed","Binary-outcome population prevalence has not been prespecified; unavailable Steiger is not treated as support","deferred_until_post_FDR","deferred_until_post_FDR","deferred_until_post_FDR"
"reverse|GCST90671380",17,19.1963603674907,16,0.258612184767474,0.00386846753536538,0.0062984691788808,0.548291722812478,"not_computed","Binary-outcome population prevalence has not been prespecified; unavailable Steiger is not treated as support","deferred_until_post_FDR","deferred_until_post_FDR","deferred_until_post_FDR"
"reverse|GCST90671381",15,19.3203230699978,14,0.153066985550733,0.00720714317607572,0.0204675696820116,0.730387146615008,"not_computed","Binary-outcome population prevalence has not been prespecified; unavailable Steiger is not treated as support","deferred_until_post_FDR","deferred_until_post_FDR","deferred_until_post_FDR"
"reverse|GCST90671382",17,12.121338164379,16,0.735585651233745,0.00596891847003799,0.005678172640785,0.309806103790911,"not_computed","Binary-outcome population prevalence has not been prespecified; unavailable Steiger is not treated as support","deferred_until_post_FDR","deferred_until_post_FDR","deferred_until_post_FDR"
"reverse|GCST90671383",15,14.1195476530419,14,0.440843150723462,-0.0114822032892084,0.0231719196266386,0.628502161670561,"not_computed","Binary-outcome population prevalence has not been prespecified; unavailable Steiger is not treated as support","deferred_until_post_FDR","deferred_until_post_FDR","deferred_until_post_FDR"
"reverse|GCST90671384",17,11.5515884477173,16,0.774228363963107,-0.00884542662071993,0.00541292976045656,0.123039519397107,"not_computed","Binary-outcome population prevalence has not been prespecified; unavailable Steiger is not treated as support","deferred_until_post_FDR","deferred_until_post_FDR","deferred_until_post_FDR"
"reverse|GCST90671385",15,9.48616178173328,14,0.798704309762332,-0.0131785981188974,0.0168896961205685,0.449203814942843,"not_computed","Binary-outcome population prevalence has not been prespecified; unavailable Steiger is not treated as support","deferred_until_post_FDR","deferred_until_post_FDR","deferred_until_post_FDR"
"reverse|GCST90671386",17,10.8200019594649,16,0.820456920534425,0.000568295657034095,0.00594879611656732,0.92515748450456,"not_computed","Binary-outcome population prevalence has not been prespecified; unavailable Steiger is not treated as support","deferred_until_post_FDR","deferred_until_post_FDR","deferred_until_post_FDR"
"reverse|GCST90671387",17,16.6354939744579,16,0.409554459607238,-0.00325698085442635,0.00616179311117387,0.604832515329068,"not_computed","Binary-outcome population prevalence has not been prespecified; unavailable Steiger is not treated as support","deferred_until_post_FDR","deferred_until_post_FDR","deferred_until_post_FDR"
"reverse|GCST90671388",15,10.1939823123292,14,0.747868055190303,-0.00208247602595606,0.016575566742211,0.901942796685633,"not_computed","Binary-outcome population prevalence has not been prespecified; unavailable Steiger is not treated as support","deferred_until_post_FDR","deferred_until_post_FDR","deferred_until_post_FDR"
"reverse|GCST90671389",15,9.27214871639978,14,0.813231517138955,0.0180232236780724,0.0138642776757774,0.216186814753569,"not_computed","Binary-outcome population prevalence has not been prespecified; unavailable Steiger is not treated as support","deferred_until_post_FDR","deferred_until_post_FDR","deferred_until_post_FDR"
"reverse|GCST90671390",15,20.180663932168,14,0.124547624188643,0.0202307658675303,0.0195140229159434,0.318762164795495,"not_computed","Binary-outcome population prevalence has not been prespecified; unavailable Steiger is not treated as support","deferred_until_post_FDR","deferred_until_post_FDR","deferred_until_post_FDR"
"reverse|GCST90671391",17,14.6413187219912,16,0.551048817647895,0.00520045264361057,0.00528261932907726,0.340510039097775,"not_computed","Binary-outcome population prevalence has not been prespecified; unavailable Steiger is not treated as support","deferred_until_post_FDR","deferred_until_post_FDR","deferred_until_post_FDR"
"reverse|GCST90671392",17,32.6155388381383,16,0.00830663259704398,-0.00281067182522049,0.00812281123193413,0.73413164955708,"not_computed","Binary-outcome population prevalence has not been prespecified; unavailable Steiger is not treated as support","deferred_until_post_FDR","deferred_until_post_FDR","deferred_until_post_FDR"
"reverse|GCST90671393",15,15.7546655177854,14,0.328585100776873,0.00318494154297939,0.0162374249713879,0.847527130082967,"not_computed","Binary-outcome population prevalence has not been prespecified; unavailable Steiger is not treated as support","deferred_until_post_FDR","deferred_until_post_FDR","deferred_until_post_FDR"
"reverse|GCST90671394",17,6.62561595647641,16,0.979820571604747,-0.0013225104632974,0.00593883165825296,0.826781717102508,"not_computed","Binary-outcome population prevalence has not been prespecified; unavailable Steiger is not treated as support","deferred_until_post_FDR","deferred_until_post_FDR","deferred_until_post_FDR"
"reverse|GCST90671395",17,9.26352968588632,16,0.902165190849707,0.00214738321119004,0.00549066352592115,0.701224476856441,"not_computed","Binary-outcome population prevalence has not been prespecified; unavailable Steiger is not treated as support","deferred_until_post_FDR","deferred_until_post_FDR","deferred_until_post_FDR"
"reverse|GCST90671396",15,11.24811054334,14,0.66644431338014,-0.000854214788261947,0.0167255204590122,0.960044129871962,"not_computed","Binary-outcome population prevalence has not been prespecified; unavailable Steiger is not treated as support","deferred_until_post_FDR","deferred_until_post_FDR","deferred_until_post_FDR"
"reverse|GCST90671397",15,18.8338780661569,14,0.171394451695619,-0.00112860393643279,0.016623881243762,0.946905879504334,"not_computed","Binary-outcome population prevalence has not been prespecified; unavailable Steiger is not treated as support","deferred_until_post_FDR","deferred_until_post_FDR","deferred_until_post_FDR"
"reverse|GCST90671398",17,9.70478241203664,16,0.881583788367274,-0.00102427112746427,0.00575916700514402,0.86121987226377,"not_computed","Binary-outcome population prevalence has not been prespecified; unavailable Steiger is not treated as support","deferred_until_post_FDR","deferred_until_post_FDR","deferred_until_post_FDR"
"reverse|GCST90671399",17,17.1709009681745,16,0.374622411813919,0.00358298492673526,0.00614643933749606,0.568596863778622,"not_computed","Binary-outcome population prevalence has not been prespecified; unavailable Steiger is not treated as support","deferred_until_post_FDR","deferred_until_post_FDR","deferred_until_post_FDR"
"reverse|GCST90671400",17,17.0796432964379,16,0.380461611355043,-0.000280263336453831,0.00586424791867361,0.9625126442124,"not_computed","Binary-outcome population prevalence has not been prespecified; unavailable Steiger is not treated as support","deferred_until_post_FDR","deferred_until_post_FDR","deferred_until_post_FDR"
"reverse|GCST90671401",15,18.9857049560231,14,0.165496183121659,0.0173894463003034,0.0164295772130936,0.309133702516937,"not_computed","Binary-outcome population prevalence has not been prespecified; unavailable Steiger is not treated as support","deferred_until_post_FDR","deferred_until_post_FDR","deferred_until_post_FDR"
"reverse|GCST90671402",15,11.6640805249567,14,0.63325957664716,0.00460715648541497,0.0154573768155665,0.770371048368052,"not_computed","Binary-outcome population prevalence has not been prespecified; unavailable Steiger is not treated as support","deferred_until_post_FDR","deferred_until_post_FDR","deferred_until_post_FDR"
"reverse|GCST90671403",15,15.3222636454449,14,0.356486036461077,-0.0204317215383225,0.0147062066986263,0.188071971285507,"not_computed","Binary-outcome population prevalence has not been prespecified; unavailable Steiger is not treated as support","deferred_until_post_FDR","deferred_until_post_FDR","deferred_until_post_FDR"
"reverse|GCST90671404",15,17.6434172958542,14,0.223507024525499,-0.0119700094686847,0.0246355119942342,0.635136342310486,"not_computed","Binary-outcome population prevalence has not been prespecified; unavailable Steiger is not treated as support","deferred_until_post_FDR","deferred_until_post_FDR","deferred_until_post_FDR"
"reverse|GCST90671405",15,20.3771432190302,14,0.118692284688142,-0.020875876899948,0.0256327238414816,0.430069679888268,"not_computed","Binary-outcome population prevalence has not been prespecified; unavailable Steiger is not treated as support","deferred_until_post_FDR","deferred_until_post_FDR","deferred_until_post_FDR"
"reverse|GCST90671406",15,12.0660115602315,14,0.60100145031984,-0.0399360050395139,0.0207475120405171,0.0764102734593783,"not_computed","Binary-outcome population prevalence has not been prespecified; unavailable Steiger is not treated as support","deferred_until_post_FDR","deferred_until_post_FDR","deferred_until_post_FDR"
"reverse|GCST90671407",15,11.2232750858391,14,0.668413689322222,-0.0230864452746555,0.0142536047166356,0.129291525794183,"not_computed","Binary-outcome population prevalence has not been prespecified; unavailable Steiger is not treated as support","deferred_until_post_FDR","deferred_until_post_FDR","deferred_until_post_FDR"
"reverse|GCST90671408",17,23.8469609832907,16,0.0929007297757943,-0.000527456352221351,0.00732439834778544,0.943542516466492,"not_computed","Binary-outcome population prevalence has not been prespecified; unavailable Steiger is not treated as support","deferred_until_post_FDR","deferred_until_post_FDR","deferred_until_post_FDR"
"reverse|GCST90671409",17,19.0474705078871,16,0.26620919494301,-0.0068434752760973,0.00625540410828205,0.291208106451451,"not_computed","Binary-outcome population prevalence has not been prespecified; unavailable Steiger is not treated as support","deferred_until_post_FDR","deferred_until_post_FDR","deferred_until_post_FDR"
"reverse|GCST90671410",15,10.1022767011948,14,0.754668284004935,0.0112672216957282,0.0137019048322195,0.425726247628106,"not_computed","Binary-outcome population prevalence has not been prespecified; unavailable Steiger is not treated as support","deferred_until_post_FDR","deferred_until_post_FDR","deferred_until_post_FDR"
"reverse|GCST90671411",17,21.8870304057785,16,0.146876767140177,0.000900089868186062,0.0069987252932858,0.899376600104947,"not_computed","Binary-outcome population prevalence has not been prespecified; unavailable Steiger is not treated as support","deferred_until_post_FDR","deferred_until_post_FDR","deferred_until_post_FDR"
"reverse|GCST90671412",15,14.3557541822612,14,0.423557361573025,-0.00821903125326737,0.0200608554806815,0.688693305891016,"not_computed","Binary-outcome population prevalence has not been prespecified; unavailable Steiger is not treated as support","deferred_until_post_FDR","deferred_until_post_FDR","deferred_until_post_FDR"
"reverse|GCST90671413",17,11.9920519605916,16,0.744526710044834,0.00281601147018597,0.00563907666954134,0.624760174936189,"not_computed","Binary-outcome population prevalence has not been prespecified; unavailable Steiger is not treated as support","deferred_until_post_FDR","deferred_until_post_FDR","deferred_until_post_FDR"
"reverse|GCST90671414",15,12.7517418776499,14,0.546158209386137,-0.0206081119885971,0.0144398940208947,0.177108725817626,"not_computed","Binary-outcome population prevalence has not been prespecified; unavailable Steiger is not treated as support","deferred_until_post_FDR","deferred_until_post_FDR","deferred_until_post_FDR"
"reverse|GCST90671415",15,14.6053410592603,14,0.405653189314727,-0.017702330875439,0.0186820313749173,0.360636001462752,"not_computed","Binary-outcome population prevalence has not been prespecified; unavailable Steiger is not treated as support","deferred_until_post_FDR","deferred_until_post_FDR","deferred_until_post_FDR"
"reverse|GCST90671416",15,9.52752758438214,14,0.79584717473363,-0.00928854392961971,0.022103259746782,0.681177330631185,"not_computed","Binary-outcome population prevalence has not been prespecified; unavailable Steiger is not treated as support","deferred_until_post_FDR","deferred_until_post_FDR","deferred_until_post_FDR"
"reverse|GCST90671417",15,19.2169489403489,14,0.15682404308095,-0.0269044042834352,0.0230165703686748,0.263426114641139,"not_computed","Binary-outcome population prevalence has not been prespecified; unavailable Steiger is not treated as support","deferred_until_post_FDR","deferred_until_post_FDR","deferred_until_post_FDR"
"reverse|GCST90671418",15,21.0779972053968,14,0.0996503802142275,-0.0475342000803832,0.019800352777163,0.0320445342651501,"not_computed","Binary-outcome population prevalence has not been prespecified; unavailable Steiger is not treated as support","deferred_until_post_FDR","deferred_until_post_FDR","deferred_until_post_FDR"
"reverse|GCST90671419",17,14.6704750007844,16,0.548892760181102,-0.00500713471318232,0.00571566223768269,0.394822389310666,"not_computed","Binary-outcome population prevalence has not been prespecified; unavailable Steiger is not treated as support","deferred_until_post_FDR","deferred_until_post_FDR","deferred_until_post_FDR"
"reverse|GCST90671420",17,12.4617661816303,16,0.711628331651804,-0.00128536562082114,0.00577625891283024,0.826906320696251,"not_computed","Binary-outcome population prevalence has not been prespecified; unavailable Steiger is not treated as support","deferred_until_post_FDR","deferred_until_post_FDR","deferred_until_post_FDR"
"reverse|GCST90671421",15,16.4976787551106,14,0.283935159485068,-0.0163313972313952,0.0180948278631577,0.383185902097507,"not_computed","Binary-outcome population prevalence has not been prespecified; unavailable Steiger is not treated as support","deferred_until_post_FDR","deferred_until_post_FDR","deferred_until_post_FDR"
"reverse|GCST90671422",17,9.62675881196045,16,0.885379670660852,0.00563251639363052,0.00544998537591854,0.317749719951725,"not_computed","Binary-outcome population prevalence has not been prespecified; unavailable Steiger is not treated as support","deferred_until_post_FDR","deferred_until_post_FDR","deferred_until_post_FDR"
"reverse|GCST90671423",15,13.3736740605993,14,0.497334101241537,-0.00239104419533459,0.0192236745269267,0.902916938050184,"not_computed","Binary-outcome population prevalence has not been prespecified; unavailable Steiger is not treated as support","deferred_until_post_FDR","deferred_until_post_FDR","deferred_until_post_FDR"
"reverse|GCST90671424",15,24.9933780471897,14,0.0346328235185879,0.0148296015761552,0.0245244102644653,0.555794526721821,"not_computed","Binary-outcome population prevalence has not been prespecified; unavailable Steiger is not treated as support","deferred_until_post_FDR","deferred_until_post_FDR","deferred_until_post_FDR"
"reverse|GCST90671425",15,15.6758554746763,14,0.333567539737988,0.00472437986680519,0.0179479340244022,0.796501593500717,"not_computed","Binary-outcome population prevalence has not been prespecified; unavailable Steiger is not treated as support","deferred_until_post_FDR","deferred_until_post_FDR","deferred_until_post_FDR"
"reverse|GCST90671426",15,5.98493156531438,14,0.966869830588355,0.0138548023209307,0.0169949777023937,0.429624351426982,"not_computed","Binary-outcome population prevalence has not been prespecified; unavailable Steiger is not treated as support","deferred_until_post_FDR","deferred_until_post_FDR","deferred_until_post_FDR"
"reverse|GCST90671427",15,20.398360292139,14,0.118073961957216,-0.0333115725426099,0.0262822137781538,0.227225458454308,"not_computed","Binary-outcome population prevalence has not been prespecified; unavailable Steiger is not treated as support","deferred_until_post_FDR","deferred_until_post_FDR","deferred_until_post_FDR"
"reverse|GCST90671428",15,15.2303901546424,14,0.362589087515458,0.0145068641133447,0.0149967405082564,0.351029444033986,"not_computed","Binary-outcome population prevalence has not been prespecified; unavailable Steiger is not treated as support","deferred_until_post_FDR","deferred_until_post_FDR","deferred_until_post_FDR"
"reverse|GCST90671429",15,13.9763720221956,14,0.451472854300409,-0.0189161501778444,0.0192542704321451,0.343814952851091,"not_computed","Binary-outcome population prevalence has not been prespecified; unavailable Steiger is not treated as support","deferred_until_post_FDR","deferred_until_post_FDR","deferred_until_post_FDR"
"reverse|GCST90671430",15,10.7475915984392,14,0.705741060826815,-0.00154939718351974,0.0209036674208847,0.942042629857048,"not_computed","Binary-outcome population prevalence has not been prespecified; unavailable Steiger is not treated as support","deferred_until_post_FDR","deferred_until_post_FDR","deferred_until_post_FDR"
"reverse|GCST90671431",15,14.7770081574269,14,0.393565999597617,0.0153794603070277,0.0139835907271738,0.291359641566505,"not_computed","Binary-outcome population prevalence has not been prespecified; unavailable Steiger is not treated as support","deferred_until_post_FDR","deferred_until_post_FDR","deferred_until_post_FDR"
"reverse|GCST90671432",17,10.3159906528284,16,0.849613747568339,0.000700266081702321,0.00545483337460974,0.899557327397512,"not_computed","Binary-outcome population prevalence has not been prespecified; unavailable Steiger is not treated as support","deferred_until_post_FDR","deferred_until_post_FDR","deferred_until_post_FDR"
"reverse|GCST90671433",15,12.2774703371812,14,0.584030476623442,0.00931988574370486,0.016201102406645,0.574936052519867,"not_computed","Binary-outcome population prevalence has not been prespecified; unavailable Steiger is not treated as support","deferred_until_post_FDR","deferred_until_post_FDR","deferred_until_post_FDR"
"reverse|GCST90671434",15,16.4958499657513,14,0.284039820991225,-0.00844931692002469,0.0186372854139626,0.657767553469825,"not_computed","Binary-outcome population prevalence has not been prespecified; unavailable Steiger is not treated as support","deferred_until_post_FDR","deferred_until_post_FDR","deferred_until_post_FDR"
"reverse|GCST90671435",17,15.5413243054822,16,0.485404764567298,0.000228735547959247,0.00564502018545982,0.968213070950133,"not_computed","Binary-outcome population prevalence has not been prespecified; unavailable Steiger is not treated as support","deferred_until_post_FDR","deferred_until_post_FDR","deferred_until_post_FDR"
"reverse|GCST90671436",15,26.9753989078941,14,0.0193958868215237,-0.011692340215684,0.0289554797339531,0.692920627364731,"not_computed","Binary-outcome population prevalence has not been prespecified; unavailable Steiger is not treated as support","deferred_until_post_FDR","deferred_until_post_FDR","deferred_until_post_FDR"
"reverse|GCST90671437",15,9.52894203914624,14,0.795749205118488,0.0145839352539909,0.0149159700860274,0.346048187665861,"not_computed","Binary-outcome population prevalence has not been prespecified; unavailable Steiger is not treated as support","deferred_until_post_FDR","deferred_until_post_FDR","deferred_until_post_FDR"
"reverse|GCST90671438",15,15.5980878159404,14,0.33852941674755,-0.0143103515092393,0.0316882648815189,0.659000785200324,"not_computed","Binary-outcome population prevalence has not been prespecified; unavailable Steiger is not treated as support","deferred_until_post_FDR","deferred_until_post_FDR","deferred_until_post_FDR"
"reverse|GCST90671439",17,33.005267484735,16,0.00737832433746732,-0.00649502125733362,0.00803050854416343,0.431276109475598,"not_computed","Binary-outcome population prevalence has not been prespecified; unavailable Steiger is not treated as support","deferred_until_post_FDR","deferred_until_post_FDR","deferred_until_post_FDR"
"reverse|GCST90671440",15,17.7795255913416,14,0.217007596564441,-0.00877624583435718,0.0199950575713916,0.667925627082152,"not_computed","Binary-outcome population prevalence has not been prespecified; unavailable Steiger is not treated as support","deferred_until_post_FDR","deferred_until_post_FDR","deferred_until_post_FDR"
"reverse|GCST90671441",15,13.4543445550648,14,0.491100985919762,0.0150484681515527,0.0163198748513775,0.373276002925807,"not_computed","Binary-outcome population prevalence has not been prespecified; unavailable Steiger is not treated as support","deferred_until_post_FDR","deferred_until_post_FDR","deferred_until_post_FDR"
"reverse|GCST90671442",17,20.6283456569449,16,0.193242828502637,0.00290617291673633,0.00661803051120722,0.666827492638766,"not_computed","Binary-outcome population prevalence has not been prespecified; unavailable Steiger is not treated as support","deferred_until_post_FDR","deferred_until_post_FDR","deferred_until_post_FDR"
"reverse|GCST90671443",17,19.3301287815445,16,0.25191598084923,-0.00664868489927268,0.00621788035732735,0.301847342503863,"not_computed","Binary-outcome population prevalence has not been prespecified; unavailable Steiger is not treated as support","deferred_until_post_FDR","deferred_until_post_FDR","deferred_until_post_FDR"
"reverse|GCST90671444",17,16.5958325943513,16,0.412204638038333,0.00131438161761412,0.0060158672453572,0.829995367394785,"not_computed","Binary-outcome population prevalence has not been prespecified; unavailable Steiger is not treated as support","deferred_until_post_FDR","deferred_until_post_FDR","deferred_until_post_FDR"
"reverse|GCST90671445",15,18.5351740466619,14,0.183481541353663,0.0119931847157067,0.0186280530325726,0.53088467743509,"not_computed","Binary-outcome population prevalence has not been prespecified; unavailable Steiger is not treated as support","deferred_until_post_FDR","deferred_until_post_FDR","deferred_until_post_FDR"
"reverse|GCST90671446",15,12.7697667838259,14,0.544727254880796,0.0275476572597805,0.0234250839359106,0.260686085951134,"not_computed","Binary-outcome population prevalence has not been prespecified; unavailable Steiger is not treated as support","deferred_until_post_FDR","deferred_until_post_FDR","deferred_until_post_FDR"
"reverse|GCST90671447",17,13.4818075220578,16,0.637257113634577,0.0017437893949249,0.00576059880064868,0.76626841975475,"not_computed","Binary-outcome population prevalence has not been prespecified; unavailable Steiger is not treated as support","deferred_until_post_FDR","deferred_until_post_FDR","deferred_until_post_FDR"
"reverse|GCST90671448",15,17.2599463158202,14,0.242589806140583,0.0155895203055431,0.01918417962835,0.431064397230874,"not_computed","Binary-outcome population prevalence has not been prespecified; unavailable Steiger is not treated as support","deferred_until_post_FDR","deferred_until_post_FDR","deferred_until_post_FDR"
"reverse|GCST90671449",15,19.6828852994301,14,0.140460529160772,-0.00399973185288693,0.0221016344916233,0.859182076489668,"not_computed","Binary-outcome population prevalence has not been prespecified; unavailable Steiger is not treated as support","deferred_until_post_FDR","deferred_until_post_FDR","deferred_until_post_FDR"
"reverse|GCST90671450",15,29.558117012837,14,0.00877499139676893,-0.0137565938218317,0.0253394119898421,0.596389023460871,"not_computed","Binary-outcome population prevalence has not been prespecified; unavailable Steiger is not treated as support","deferred_until_post_FDR","deferred_until_post_FDR","deferred_until_post_FDR"
"reverse|GCST90671451",15,13.4145705212135,14,0.49417086821969,0.0171080796356399,0.0142396431360039,0.251011933875756,"not_computed","Binary-outcome population prevalence has not been prespecified; unavailable Steiger is not treated as support","deferred_until_post_FDR","deferred_until_post_FDR","deferred_until_post_FDR"
"reverse|GCST90671452",15,13.7391210350243,14,0.469322211036822,0.0104051074643327,0.0139056967282727,0.467623926579641,"not_computed","Binary-outcome population prevalence has not been prespecified; unavailable Steiger is not treated as support","deferred_until_post_FDR","deferred_until_post_FDR","deferred_until_post_FDR"
"reverse|GCST90671453",15,8.90449014754416,14,0.837119822641794,0.00808240428437776,0.0190986837969212,0.679072463336575,"not_computed","Binary-outcome population prevalence has not been prespecified; unavailable Steiger is not treated as support","deferred_until_post_FDR","deferred_until_post_FDR","deferred_until_post_FDR"
"reverse|GCST90671454",15,12.1924810562766,14,0.590848271208474,0.0240688333103348,0.0173243058308181,0.188076814636706,"not_computed","Binary-outcome population prevalence has not been prespecified; unavailable Steiger is not treated as support","deferred_until_post_FDR","deferred_until_post_FDR","deferred_until_post_FDR"
"reverse|GCST90671455",17,21.7269641025159,16,0.152228312844642,0.0136678352162043,0.00616727232227355,0.0425587674049024,"not_computed","Binary-outcome population prevalence has not been prespecified; unavailable Steiger is not treated as support","deferred_until_post_FDR","deferred_until_post_FDR","deferred_until_post_FDR"
"reverse|GCST90671456",15,11.2983483338193,14,0.662455668581221,0.0142697123540258,0.0144371025873731,0.340994600215213,"not_computed","Binary-outcome population prevalence has not been prespecified; unavailable Steiger is not treated as support","deferred_until_post_FDR","deferred_until_post_FDR","deferred_until_post_FDR"
"reverse|GCST90671457",15,15.3870300251578,14,0.352219986620801,-0.00468136371798267,0.0256553537261468,0.858027717757071,"not_computed","Binary-outcome population prevalence has not been prespecified; unavailable Steiger is not treated as support","deferred_until_post_FDR","deferred_until_post_FDR","deferred_until_post_FDR"
"reverse|GCST90671458",15,13.2099334689783,14,0.510063959516773,0.00951212627037028,0.0138494281683501,0.504261333276266,"not_computed","Binary-outcome population prevalence has not been prespecified; unavailable Steiger is not treated as support","deferred_until_post_FDR","deferred_until_post_FDR","deferred_until_post_FDR"
"reverse|GCST90671459",17,12.9067154667262,16,0.679565841365559,0.00605626257649839,0.00589731107755817,0.320719179675109,"not_computed","Binary-outcome population prevalence has not been prespecified; unavailable Steiger is not treated as support","deferred_until_post_FDR","deferred_until_post_FDR","deferred_until_post_FDR"
"reverse|GCST90671460",15,13.5094626541064,14,0.486857729750886,0.00641068046755329,0.0184656627503228,0.734021209965348,"not_computed","Binary-outcome population prevalence has not been prespecified; unavailable Steiger is not treated as support","deferred_until_post_FDR","deferred_until_post_FDR","deferred_until_post_FDR"
"reverse|GCST90671461",17,7.49031876522819,16,0.962613714633545,-0.00070596630373052,0.00590530480022143,0.906427806146623,"not_computed","Binary-outcome population prevalence has not been prespecified; unavailable Steiger is not treated as support","deferred_until_post_FDR","deferred_until_post_FDR","deferred_until_post_FDR"
"reverse|GCST90671462",15,12.6374030543211,14,0.555252309060989,-0.00363483785219748,0.0145300919857483,0.806373940993231,"not_computed","Binary-outcome population prevalence has not been prespecified; unavailable Steiger is not treated as support","deferred_until_post_FDR","deferred_until_post_FDR","deferred_until_post_FDR"
"reverse|GCST90671463",15,28.2988384557447,14,0.012982650839558,0.00317499857439215,0.0221228968153835,0.888083129536068,"not_computed","Binary-outcome population prevalence has not been prespecified; unavailable Steiger is not treated as support","deferred_until_post_FDR","deferred_until_post_FDR","deferred_until_post_FDR"
"reverse|GCST90671464",17,9.4397164982042,16,0.894206851713369,0.00507871259378979,0.00567962567493145,0.385339021159726,"not_computed","Binary-outcome population prevalence has not been prespecified; unavailable Steiger is not treated as support","deferred_until_post_FDR","deferred_until_post_FDR","deferred_until_post_FDR"
"reverse|GCST90671465",17,16.4356289294017,16,0.422992413898659,0.00295788807151,0.00582810681578259,0.619169420651387,"not_computed","Binary-outcome population prevalence has not been prespecified; unavailable Steiger is not treated as support","deferred_until_post_FDR","deferred_until_post_FDR","deferred_until_post_FDR"
"reverse|GCST90671466",15,26.3780446351787,14,0.0231641543994797,-0.00263882517038502,0.0199549358526006,0.896819927099851,"not_computed","Binary-outcome population prevalence has not been prespecified; unavailable Steiger is not treated as support","deferred_until_post_FDR","deferred_until_post_FDR","deferred_until_post_FDR"
"reverse|GCST90671467",15,17.6166736848914,14,0.224800870328375,-0.00303570802379992,0.0170223818165885,0.861207998978883,"not_computed","Binary-outcome population prevalence has not been prespecified; unavailable Steiger is not treated as support","deferred_until_post_FDR","deferred_until_post_FDR","deferred_until_post_FDR"
"reverse|GCST90671468",15,9.13139118101703,14,0.822542624699886,-0.0331393360690837,0.0276496253430494,0.252097921999652,"not_computed","Binary-outcome population prevalence has not been prespecified; unavailable Steiger is not treated as support","deferred_until_post_FDR","deferred_until_post_FDR","deferred_until_post_FDR"
"reverse|GCST90671469",15,12.6993889879273,14,0.550318632514176,0.0558409797055893,0.0238444373477882,0.0357626309141994,"not_computed","Binary-outcome population prevalence has not been prespecified; unavailable Steiger is not treated as support","deferred_until_post_FDR","deferred_until_post_FDR","deferred_until_post_FDR"
"reverse|GCST90671470",15,14.1233289369058,14,0.44056393553363,0.0322051150978813,0.0151585844975395,0.0533769917539126,"not_computed","Binary-outcome population prevalence has not been prespecified; unavailable Steiger is not treated as support","deferred_until_post_FDR","deferred_until_post_FDR","deferred_until_post_FDR"
"reverse|GCST90671471",15,13.8402801238432,14,0.461676973859514,0.0285124277645139,0.0221152050634795,0.219772979885209,"not_computed","Binary-outcome population prevalence has not been prespecified; unavailable Steiger is not treated as support","deferred_until_post_FDR","deferred_until_post_FDR","deferred_until_post_FDR"
"reverse|GCST90671472",17,19.8069259023167,16,0.229042805501131,0.00699889612859891,0.00648113283007909,0.29725042024499,"not_computed","Binary-outcome population prevalence has not been prespecified; unavailable Steiger is not treated as support","deferred_until_post_FDR","deferred_until_post_FDR","deferred_until_post_FDR"
"reverse|GCST90671473",15,10.3212431589477,14,0.738340022627621,-0.0294726884780202,0.0175453328083333,0.116853157610223,"not_computed","Binary-outcome population prevalence has not been prespecified; unavailable Steiger is not treated as support","deferred_until_post_FDR","deferred_until_post_FDR","deferred_until_post_FDR"
"reverse|GCST90671474",17,13.6122436472705,16,0.627576025840335,0.00216949870518,0.00536521877415076,0.691652413245448,"not_computed","Binary-outcome population prevalence has not been prespecified; unavailable Steiger is not treated as support","deferred_until_post_FDR","deferred_until_post_FDR","deferred_until_post_FDR"
"reverse|GCST90671475",17,7.72549107303608,16,0.956621446698261,0.00471520012240229,0.00567957674861022,0.419441895320735,"not_computed","Binary-outcome population prevalence has not been prespecified; unavailable Steiger is not treated as support","deferred_until_post_FDR","deferred_until_post_FDR","deferred_until_post_FDR"
"reverse|GCST90671476",15,18.1360418984711,14,0.200654852169482,0.0151153819407404,0.0181362152284089,0.419648627178461,"not_computed","Binary-outcome population prevalence has not been prespecified; unavailable Steiger is not treated as support","deferred_until_post_FDR","deferred_until_post_FDR","deferred_until_post_FDR"
"reverse|GCST90671477",15,11.8467937144526,14,0.618605001610704,-0.0170126845497225,0.0246586275841957,0.50237051690206,"not_computed","Binary-outcome population prevalence has not been prespecified; unavailable Steiger is not treated as support","deferred_until_post_FDR","deferred_until_post_FDR","deferred_until_post_FDR"
"reverse|GCST90671478",15,17.3400687882624,14,0.238508105767811,0.00479063689815584,0.0168108000398836,0.780153584727116,"not_computed","Binary-outcome population prevalence has not been prespecified; unavailable Steiger is not treated as support","deferred_until_post_FDR","deferred_until_post_FDR","deferred_until_post_FDR"
"reverse|GCST90671479",15,19.0437853952417,14,0.163282924853735,0.015152870961229,0.0180191223631599,0.415585939703658,"not_computed","Binary-outcome population prevalence has not been prespecified; unavailable Steiger is not treated as support","deferred_until_post_FDR","deferred_until_post_FDR","deferred_until_post_FDR"
"reverse|GCST90671480",15,12.6642975870124,14,0.553110690530723,0.0285995183898215,0.0162870439466683,0.102610294850924,"not_computed","Binary-outcome population prevalence has not been prespecified; unavailable Steiger is not treated as support","deferred_until_post_FDR","deferred_until_post_FDR","deferred_until_post_FDR"
"reverse|GCST90671481",17,9.23223721249181,16,0.903542124988355,-0.00152476407430416,0.00594615306215352,0.801103507931761,"not_computed","Binary-outcome population prevalence has not been prespecified; unavailable Steiger is not treated as support","deferred_until_post_FDR","deferred_until_post_FDR","deferred_until_post_FDR"
"reverse|GCST90671482",17,8.65273065818369,16,0.927022951796753,-0.000351679941766577,0.00545277384183055,0.949427289784261,"not_computed","Binary-outcome population prevalence has not been prespecified; unavailable Steiger is not treated as support","deferred_until_post_FDR","deferred_until_post_FDR","deferred_until_post_FDR"
"reverse|GCST90671483",15,19.9314798835348,14,0.132316549021503,-0.000208096384634972,0.0196732052107998,0.991721014632461,"not_computed","Binary-outcome population prevalence has not been prespecified; unavailable Steiger is not treated as support","deferred_until_post_FDR","deferred_until_post_FDR","deferred_until_post_FDR"
"reverse|GCST90671484",15,18.0319474130119,14,0.205329661290477,-0.0132980471195519,0.0209819762568704,0.537213878887804,"not_computed","Binary-outcome population prevalence has not been prespecified; unavailable Steiger is not treated as support","deferred_until_post_FDR","deferred_until_post_FDR","deferred_until_post_FDR"
"reverse|GCST90671485",15,10.9772985646356,14,0.687818446918101,0.0104075510236297,0.0138905441628189,0.467046069008372,"not_computed","Binary-outcome population prevalence has not been prespecified; unavailable Steiger is not treated as support","deferred_until_post_FDR","deferred_until_post_FDR","deferred_until_post_FDR"
"reverse|GCST90671486",15,13.6116149578044,14,0.4790283339139,0.00782446788340647,0.0189115074205342,0.685808071052715,"not_computed","Binary-outcome population prevalence has not been prespecified; unavailable Steiger is not treated as support","deferred_until_post_FDR","deferred_until_post_FDR","deferred_until_post_FDR"
"reverse|GCST90671487",15,17.83080089032,14,0.214596027050579,0.0175807263858594,0.015254332750219,0.269865788031594,"not_computed","Binary-outcome population prevalence has not been prespecified; unavailable Steiger is not treated as support","deferred_until_post_FDR","deferred_until_post_FDR","deferred_until_post_FDR"
"reverse|GCST90671488",15,15.1487109444706,14,0.368065142531604,0.0180842468100749,0.0149989563247531,0.249420280824942,"not_computed","Binary-outcome population prevalence has not been prespecified; unavailable Steiger is not treated as support","deferred_until_post_FDR","deferred_until_post_FDR","deferred_until_post_FDR"
"reverse|GCST90671489",15,19.9559574227282,14,0.131536110120388,0.0169546257693897,0.0170386953459678,0.337865776751501,"not_computed","Binary-outcome population prevalence has not been prespecified; unavailable Steiger is not treated as support","deferred_until_post_FDR","deferred_until_post_FDR","deferred_until_post_FDR"
"reverse|GCST90671490",17,28.0688642592454,16,0.0310259505835693,0.0109246113753584,0.00758448977508753,0.170303697364472,"not_computed","Binary-outcome population prevalence has not been prespecified; unavailable Steiger is not treated as support","deferred_until_post_FDR","deferred_until_post_FDR","deferred_until_post_FDR"
"reverse|GCST90671491",15,15.0846390595782,14,0.372393441599374,0.000665524907053699,0.0150738224664331,0.965454982304659,"not_computed","Binary-outcome population prevalence has not been prespecified; unavailable Steiger is not treated as support","deferred_until_post_FDR","deferred_until_post_FDR","deferred_until_post_FDR"
"reverse|GCST90671492",15,12.4317590927882,14,0.571671579843049,0.0107968870863283,0.0137157549687088,0.445286470461627,"not_computed","Binary-outcome population prevalence has not been prespecified; unavailable Steiger is not treated as support","deferred_until_post_FDR","deferred_until_post_FDR","deferred_until_post_FDR"
"reverse|GCST90671493",15,12.8285578075286,14,0.54006546361623,-0.0190794971219683,0.0158360377381649,0.249750376591315,"not_computed","Binary-outcome population prevalence has not been prespecified; unavailable Steiger is not treated as support","deferred_until_post_FDR","deferred_until_post_FDR","deferred_until_post_FDR"
"reverse|GCST90671494",17,21.6248682497581,16,0.155722269794657,-0.00141322105444187,0.00648570416985943,0.830445185787884,"not_computed","Binary-outcome population prevalence has not been prespecified; unavailable Steiger is not treated as support","deferred_until_post_FDR","deferred_until_post_FDR","deferred_until_post_FDR"
"reverse|GCST90671495",15,10.1052150676135,14,0.754451285158344,0.0145743525126533,0.0170664015556746,0.40857759540621,"not_computed","Binary-outcome population prevalence has not been prespecified; unavailable Steiger is not treated as support","deferred_until_post_FDR","deferred_until_post_FDR","deferred_until_post_FDR"
"reverse|GCST90671496",17,12.1747415074775,16,0.731865797070764,-0.000941475044400381,0.00590530480022143,0.875458024374632,"not_computed","Binary-outcome population prevalence has not been prespecified; unavailable Steiger is not treated as support","deferred_until_post_FDR","deferred_until_post_FDR","deferred_until_post_FDR"
"reverse|GCST90671497",15,9.54164192095723,14,0.794868767275972,-0.00934398610338167,0.0217683282601909,0.674771826633514,"not_computed","Binary-outcome population prevalence has not been prespecified; unavailable Steiger is not treated as support","deferred_until_post_FDR","deferred_until_post_FDR","deferred_until_post_FDR"
"reverse|GCST90671498",15,24.4199906105807,14,0.0407441990222848,-4.62643164350795e-05,0.0193184248228336,0.99812556487435,"not_computed","Binary-outcome population prevalence has not been prespecified; unavailable Steiger is not treated as support","deferred_until_post_FDR","deferred_until_post_FDR","deferred_until_post_FDR"
"reverse|GCST90671499",15,12.3369698769367,14,0.579261232764975,0.00981093105688539,0.0138567906940002,0.491431047267201,"not_computed","Binary-outcome population prevalence has not been prespecified; unavailable Steiger is not treated as support","deferred_until_post_FDR","deferred_until_post_FDR","deferred_until_post_FDR"
"reverse|GCST90671500",15,17.2170199665183,14,0.244797235549401,0.00642513416434238,0.0161682232247862,0.697525803009011,"not_computed","Binary-outcome population prevalence has not been prespecified; unavailable Steiger is not treated as support","deferred_until_post_FDR","deferred_until_post_FDR","deferred_until_post_FDR"
"reverse|GCST90671501",17,20.0894252420494,16,0.216219953941867,-0.00603189407735908,0.00648059954875196,0.366715637885966,"not_computed","Binary-outcome population prevalence has not been prespecified; unavailable Steiger is not treated as support","deferred_until_post_FDR","deferred_until_post_FDR","deferred_until_post_FDR"
"reverse|GCST90671502",15,17.253694410944,14,0.242910406229056,0.0203535981262723,0.0189023454003073,0.301157160554553,"not_computed","Binary-outcome population prevalence has not been prespecified; unavailable Steiger is not treated as support","deferred_until_post_FDR","deferred_until_post_FDR","deferred_until_post_FDR"
"reverse|GCST90671503",17,27.1905692713268,16,0.0394129916071576,0.00354872255636986,0.00752464891537538,0.643989751885888,"not_computed","Binary-outcome population prevalence has not been prespecified; unavailable Steiger is not treated as support","deferred_until_post_FDR","deferred_until_post_FDR","deferred_until_post_FDR"
"reverse|GCST90671504",17,19.8557560178467,16,0.226787730394852,0.0109206558071067,0.00611709254553401,0.0944484861812721,"not_computed","Binary-outcome population prevalence has not been prespecified; unavailable Steiger is not treated as support","deferred_until_post_FDR","deferred_until_post_FDR","deferred_until_post_FDR"
"reverse|GCST90671505",15,18.7933621392229,14,0.172996192750612,0.0217892486483201,0.017074319887542,0.224234246708428,"not_computed","Binary-outcome population prevalence has not been prespecified; unavailable Steiger is not treated as support","deferred_until_post_FDR","deferred_until_post_FDR","deferred_until_post_FDR"
"reverse|GCST90671506",15,8.35266215836921,14,0.870156090080833,0.00135939521826788,0.0137245505847664,0.922610863306341,"not_computed","Binary-outcome population prevalence has not been prespecified; unavailable Steiger is not treated as support","deferred_until_post_FDR","deferred_until_post_FDR","deferred_until_post_FDR"
"reverse|GCST90671507",15,9.36428888613742,14,0.807030384404457,0.00796490566739769,0.023096200090121,0.735716719516289,"not_computed","Binary-outcome population prevalence has not been prespecified; unavailable Steiger is not treated as support","deferred_until_post_FDR","deferred_until_post_FDR","deferred_until_post_FDR"
"reverse|GCST90671508",17,13.1228556553761,16,0.663754611872249,-0.00587975529307826,0.00545447628768921,0.298078546308919,"not_computed","Binary-outcome population prevalence has not been prespecified; unavailable Steiger is not treated as support","deferred_until_post_FDR","deferred_until_post_FDR","deferred_until_post_FDR"
"reverse|GCST90671509",15,10.4913501251165,14,0.72545063459808,0.00120507809296489,0.0143308134715718,0.934266017503052,"not_computed","Binary-outcome population prevalence has not been prespecified; unavailable Steiger is not treated as support","deferred_until_post_FDR","deferred_until_post_FDR","deferred_until_post_FDR"
"reverse|GCST90671510",15,8.5808926369963,14,0.856925938427773,0.013086624033837,0.0139657097261977,0.365813736470421,"not_computed","Binary-outcome population prevalence has not been prespecified; unavailable Steiger is not treated as support","deferred_until_post_FDR","deferred_until_post_FDR","deferred_until_post_FDR"
"reverse|GCST90671511",17,11.107200426976,16,0.802820510851707,0.00415806210988039,0.00581254855345461,0.485373742187908,"not_computed","Binary-outcome population prevalence has not been prespecified; unavailable Steiger is not treated as support","deferred_until_post_FDR","deferred_until_post_FDR","deferred_until_post_FDR"
"reverse|GCST90671512",17,15.353987727155,16,0.498880643322261,-0.00560190792656734,0.00539463177925213,0.315523741655171,"not_computed","Binary-outcome population prevalence has not been prespecified; unavailable Steiger is not treated as support","deferred_until_post_FDR","deferred_until_post_FDR","deferred_until_post_FDR"
"reverse|GCST90671513",15,11.4177729490927,14,0.652949770465289,0.00212340488892531,0.0141079282954105,0.882671391979145,"not_computed","Binary-outcome population prevalence has not been prespecified; unavailable Steiger is not treated as support","deferred_until_post_FDR","deferred_until_post_FDR","deferred_until_post_FDR"
"reverse|GCST90671514",17,30.8418247375655,16,0.014095798270276,-0.00439333440354804,0.0085238212773116,0.613772993596563,"not_computed","Binary-outcome population prevalence has not been prespecified; unavailable Steiger is not treated as support","deferred_until_post_FDR","deferred_until_post_FDR","deferred_until_post_FDR"
"reverse|GCST90671515",17,27.3846388856714,16,0.0374008852559519,0.00209178562870971,0.00756884270041794,0.786037057858474,"not_computed","Binary-outcome population prevalence has not been prespecified; unavailable Steiger is not treated as support","deferred_until_post_FDR","deferred_until_post_FDR","deferred_until_post_FDR"
"reverse|GCST90671516",15,16.7348635980313,14,0.270582555419421,0.0106867444096042,0.0154094555480757,0.500188545963305,"not_computed","Binary-outcome population prevalence has not been prespecified; unavailable Steiger is not treated as support","deferred_until_post_FDR","deferred_until_post_FDR","deferred_until_post_FDR"
"reverse|GCST90671517",15,9.341317203749,14,0.808584077479982,0.0113736136243434,0.0162536324430208,0.496409921990982,"not_computed","Binary-outcome population prevalence has not been prespecified; unavailable Steiger is not treated as support","deferred_until_post_FDR","deferred_until_post_FDR","deferred_until_post_FDR"
"reverse|GCST90671518",15,17.8176077985372,14,0.215214596207634,0.00338191578264853,0.0239858263850655,0.890034160807545,"not_computed","Binary-outcome population prevalence has not been prespecified; unavailable Steiger is not treated as support","deferred_until_post_FDR","deferred_until_post_FDR","deferred_until_post_FDR"
"reverse|GCST90671519",15,20.7230098114604,14,0.108944244670217,-0.0113373966175965,0.0206579869053132,0.592434425939844,"not_computed","Binary-outcome population prevalence has not been prespecified; unavailable Steiger is not treated as support","deferred_until_post_FDR","deferred_until_post_FDR","deferred_until_post_FDR"
"reverse|GCST90671520",15,15.6872370692628,14,0.332845120309193,-0.0255538945406245,0.0162399901073275,0.139612441964707,"not_computed","Binary-outcome population prevalence has not been prespecified; unavailable Steiger is not treated as support","deferred_until_post_FDR","deferred_until_post_FDR","deferred_until_post_FDR"
"reverse|GCST90671521",17,12.2299285996022,16,0.728006022436911,0.00121454921703757,0.00561996000024635,0.83181070982282,"not_computed","Binary-outcome population prevalence has not been prespecified; unavailable Steiger is not treated as support","deferred_until_post_FDR","deferred_until_post_FDR","deferred_until_post_FDR"
"reverse|GCST90671522",15,6.54360339469395,14,0.95087839428997,-0.0106911530206774,0.0172642407817034,0.546441330428928,"not_computed","Binary-outcome population prevalence has not been prespecified; unavailable Steiger is not treated as support","deferred_until_post_FDR","deferred_until_post_FDR","deferred_until_post_FDR"
"reverse|GCST90671523",15,12.4257900818778,14,0.572149170300961,-0.00797209347280033,0.0246548120080453,0.751573904679321,"not_computed","Binary-outcome population prevalence has not been prespecified; unavailable Steiger is not treated as support","deferred_until_post_FDR","deferred_until_post_FDR","deferred_until_post_FDR"
"reverse|GCST90671524",17,14.7752608024282,16,0.54115629800856,0.00174203387252921,0.00558715621951938,0.759489978778333,"not_computed","Binary-outcome population prevalence has not been prespecified; unavailable Steiger is not treated as support","deferred_until_post_FDR","deferred_until_post_FDR","deferred_until_post_FDR"
"reverse|GCST90671525",17,16.87156558036,16,0.393954754178194,0.00733615453685101,0.00591385779844163,0.233843198846933,"not_computed","Binary-outcome population prevalence has not been prespecified; unavailable Steiger is not treated as support","deferred_until_post_FDR","deferred_until_post_FDR","deferred_until_post_FDR"
"reverse|GCST90671526",15,18.827115636613,14,0.171660978283129,0.00283340715320943,0.0211284532586879,0.895374331315626,"not_computed","Binary-outcome population prevalence has not been prespecified; unavailable Steiger is not treated as support","deferred_until_post_FDR","deferred_until_post_FDR","deferred_until_post_FDR"
"reverse|GCST90671527",17,21.77675700566,16,0.150547125642179,-0.00835440222759083,0.00655286264044225,0.221731024899427,"not_computed","Binary-outcome population prevalence has not been prespecified; unavailable Steiger is not treated as support","deferred_until_post_FDR","deferred_until_post_FDR","deferred_until_post_FDR"
"reverse|GCST90671528",15,23.636504584225,14,0.0506692721233944,-0.0133590317296129,0.0313601171531657,0.677084977005933,"not_computed","Binary-outcome population prevalence has not been prespecified; unavailable Steiger is not treated as support","deferred_until_post_FDR","deferred_until_post_FDR","deferred_until_post_FDR"
"reverse|GCST90671529",15,13.7550579643208,14,0.468114441539128,-0.0173209033458534,0.0157297751528447,0.290800792160457,"not_computed","Binary-outcome population prevalence has not been prespecified; unavailable Steiger is not treated as support","deferred_until_post_FDR","deferred_until_post_FDR","deferred_until_post_FDR"
"reverse|GCST90671530",17,16.7073180623882,16,0.404776377086092,0.00190574783412799,0.00591409916794578,0.751719759885821,"not_computed","Binary-outcome population prevalence has not been prespecified; unavailable Steiger is not treated as support","deferred_until_post_FDR","deferred_until_post_FDR","deferred_until_post_FDR"
"reverse|GCST90671531",15,12.6771473287459,14,0.552087991911681,0.0259195137281203,0.023747218039135,0.294879893567997,"not_computed","Binary-outcome population prevalence has not been prespecified; unavailable Steiger is not treated as support","deferred_until_post_FDR","deferred_until_post_FDR","deferred_until_post_FDR"
"reverse|GCST90671532",15,14.5851938456801,14,0.40708413339807,0.0133487388073037,0.0161248705864919,0.422701090650933,"not_computed","Binary-outcome population prevalence has not been prespecified; unavailable Steiger is not treated as support","deferred_until_post_FDR","deferred_until_post_FDR","deferred_until_post_FDR"
"reverse|GCST90671533",15,13.9997800612103,14,0.449727441722919,-0.0014977864297407,0.0153701729045736,0.923857346121352,"not_computed","Binary-outcome population prevalence has not been prespecified; unavailable Steiger is not treated as support","deferred_until_post_FDR","deferred_until_post_FDR","deferred_until_post_FDR"
"reverse|GCST90671534",15,16.0074456563048,14,0.312919789578209,-0.0024267805732763,0.015158812490232,0.87527060495425,"not_computed","Binary-outcome population prevalence has not been prespecified; unavailable Steiger is not treated as support","deferred_until_post_FDR","deferred_until_post_FDR","deferred_until_post_FDR"
"reverse|GCST90671535",17,17.2408693730231,16,0.370178567928682,0.00278702794075526,0.00624558016696989,0.661798197039842,"not_computed","Binary-outcome population prevalence has not been prespecified; unavailable Steiger is not treated as support","deferred_until_post_FDR","deferred_until_post_FDR","deferred_until_post_FDR"
"reverse|GCST90671536",15,13.8966822453632,14,0.457436421560877,0.0242014849373886,0.0138192061877595,0.103437835949925,"not_computed","Binary-outcome population prevalence has not been prespecified; unavailable Steiger is not treated as support","deferred_until_post_FDR","deferred_until_post_FDR","deferred_until_post_FDR"
"reverse|GCST90671537",15,17.3556882704566,14,0.237718230602324,-0.0155879677980096,0.0203528156771803,0.457424691080971,"not_computed","Binary-outcome population prevalence has not been prespecified; unavailable Steiger is not treated as support","deferred_until_post_FDR","deferred_until_post_FDR","deferred_until_post_FDR"
"reverse|GCST90671538",17,10.5359288155183,16,0.837184542510844,0.00638078598771311,0.0054057678941546,0.256234791473327,"not_computed","Binary-outcome population prevalence has not been prespecified; unavailable Steiger is not treated as support","deferred_until_post_FDR","deferred_until_post_FDR","deferred_until_post_FDR"
"reverse|GCST90671539",15,12.2242007372205,14,0.588303094405063,0.00680218181908885,0.017477618058166,0.703433112084901,"not_computed","Binary-outcome population prevalence has not been prespecified; unavailable Steiger is not treated as support","deferred_until_post_FDR","deferred_until_post_FDR","deferred_until_post_FDR"
"reverse|GCST90671540",15,25.4709532347984,14,0.0301928937973111,-0.00295446119379461,0.0311293363790476,0.925834267032963,"not_computed","Binary-outcome population prevalence has not been prespecified; unavailable Steiger is not treated as support","deferred_until_post_FDR","deferred_until_post_FDR","deferred_until_post_FDR"
"reverse|GCST90671541",17,13.6645828223228,16,0.623685953964656,-0.00232771244290674,0.00566957047538097,0.687198150527546,"not_computed","Binary-outcome population prevalence has not been prespecified; unavailable Steiger is not treated as support","deferred_until_post_FDR","deferred_until_post_FDR","deferred_until_post_FDR"
"reverse|GCST90671542",15,8.49239820990392,14,0.862130475149614,0.0235556693438934,0.0187915426777697,0.232090267745958,"not_computed","Binary-outcome population prevalence has not been prespecified; unavailable Steiger is not treated as support","deferred_until_post_FDR","deferred_until_post_FDR","deferred_until_post_FDR"
"reverse|GCST90671543",15,13.3756029367546,14,0.497184757048108,0.00648083773128047,0.0141098042395484,0.653594501473815,"not_computed","Binary-outcome population prevalence has not been prespecified; unavailable Steiger is not treated as support","deferred_until_post_FDR","deferred_until_post_FDR","deferred_until_post_FDR"
"reverse|GCST90671544",15,10.9635004535658,14,0.688900926422391,0.00194799766037232,0.015075849012189,0.899166771402857,"not_computed","Binary-outcome population prevalence has not been prespecified; unavailable Steiger is not treated as support","deferred_until_post_FDR","deferred_until_post_FDR","deferred_until_post_FDR"
"reverse|GCST90671545",15,14.6704632703467,14,0.401045553788485,0.00348756654720096,0.0145884250802192,0.814783542106314,"not_computed","Binary-outcome population prevalence has not been prespecified; unavailable Steiger is not treated as support","deferred_until_post_FDR","deferred_until_post_FDR","deferred_until_post_FDR"
"reverse|GCST90671546",17,14.3181755045858,16,0.575023434710705,0.00303636272729853,0.00545903277740163,0.586270282563005,"not_computed","Binary-outcome population prevalence has not been prespecified; unavailable Steiger is not treated as support","deferred_until_post_FDR","deferred_until_post_FDR","deferred_until_post_FDR"
"reverse|GCST90671547",15,16.9434159117834,14,0.259205789797263,0.00847933431416948,0.0178953117503603,0.643480154174654,"not_computed","Binary-outcome population prevalence has not been prespecified; unavailable Steiger is not treated as support","deferred_until_post_FDR","deferred_until_post_FDR","deferred_until_post_FDR"
"reverse|GCST90671548",17,14.5694651907848,16,0.556368020306936,0.00538425620913038,0.00545903277740163,0.339628062163591,"not_computed","Binary-outcome population prevalence has not been prespecified; unavailable Steiger is not treated as support","deferred_until_post_FDR","deferred_until_post_FDR","deferred_until_post_FDR"
"reverse|GCST90671549",15,20.388130747868,14,0.118371741570407,-0.0308106585777937,0.0231436014961782,0.205971651967281,"not_computed","Binary-outcome population prevalence has not been prespecified; unavailable Steiger is not treated as support","deferred_until_post_FDR","deferred_until_post_FDR","deferred_until_post_FDR"
"reverse|GCST90671550",17,18.8108499535864,16,0.278593848456493,0.000579029306843866,0.00588725689498879,0.922954280750863,"not_computed","Binary-outcome population prevalence has not been prespecified; unavailable Steiger is not treated as support","deferred_until_post_FDR","deferred_until_post_FDR","deferred_until_post_FDR"
"reverse|GCST90671551",15,9.19156204128637,14,0.818586735330725,0.00513316450622154,0.0188553386087404,0.789713975250155,"not_computed","Binary-outcome population prevalence has not been prespecified; unavailable Steiger is not treated as support","deferred_until_post_FDR","deferred_until_post_FDR","deferred_until_post_FDR"
"reverse|GCST90671552",17,9.55560876087556,16,0.888783039180367,0.000751516413920133,0.00558404454679048,0.894730969420832,"not_computed","Binary-outcome population prevalence has not been prespecified; unavailable Steiger is not treated as support","deferred_until_post_FDR","deferred_until_post_FDR","deferred_until_post_FDR"
"reverse|GCST90671553",15,20.181879279005,14,0.124510680395366,-0.0130765021945188,0.0206298215007798,0.537163435485743,"not_computed","Binary-outcome population prevalence has not been prespecified; unavailable Steiger is not treated as support","deferred_until_post_FDR","deferred_until_post_FDR","deferred_until_post_FDR"
"reverse|GCST90671554",15,18.073845590483,14,0.203438199113411,0.0164844754923788,0.0279020486399502,0.564786394032107,"not_computed","Binary-outcome population prevalence has not been prespecified; unavailable Steiger is not treated as support","deferred_until_post_FDR","deferred_until_post_FDR","deferred_until_post_FDR"
"reverse|GCST90671555",15,16.2789064232498,14,0.296640193716736,0.00615149846803227,0.0151550534658891,0.691414935858489,"not_computed","Binary-outcome population prevalence has not been prespecified; unavailable Steiger is not treated as support","deferred_until_post_FDR","deferred_until_post_FDR","deferred_until_post_FDR"
"reverse|GCST90671556",17,26.8188214165105,16,0.0435413635910884,-0.00278614135811442,0.00756007196848359,0.717624759819505,"not_computed","Binary-outcome population prevalence has not been prespecified; unavailable Steiger is not treated as support","deferred_until_post_FDR","deferred_until_post_FDR","deferred_until_post_FDR"
"reverse|GCST90671557",15,22.1724856740122,14,0.0751390395030389,0.0134819141606872,0.0173922538921881,0.452111071539762,"not_computed","Binary-outcome population prevalence has not been prespecified; unavailable Steiger is not treated as support","deferred_until_post_FDR","deferred_until_post_FDR","deferred_until_post_FDR"
"reverse|GCST90671558",15,8.95766051636099,14,0.833753242036977,-0.0135701774958178,0.0151776610160768,0.387527857499034,"not_computed","Binary-outcome population prevalence has not been prespecified; unavailable Steiger is not treated as support","deferred_until_post_FDR","deferred_until_post_FDR","deferred_until_post_FDR"
"reverse|GCST90671559",15,26.5990831451131,14,0.0216972022245202,-0.017403148423598,0.0212206677298016,0.426938596341818,"not_computed","Binary-outcome population prevalence has not been prespecified; unavailable Steiger is not treated as support","deferred_until_post_FDR","deferred_until_post_FDR","deferred_until_post_FDR"
"reverse|GCST90671560",17,8.76435812354955,16,0.922799348073241,-0.00625321626540956,0.00543289576826341,0.267753599211987,"not_computed","Binary-outcome population prevalence has not been prespecified; unavailable Steiger is not treated as support","deferred_until_post_FDR","deferred_until_post_FDR","deferred_until_post_FDR"
"reverse|GCST90671561",17,7.1749709242033,16,0.969739256947353,-0.00222149086604226,0.00589000086020118,0.711335000220949,"not_computed","Binary-outcome population prevalence has not been prespecified; unavailable Steiger is not treated as support","deferred_until_post_FDR","deferred_until_post_FDR","deferred_until_post_FDR"
"reverse|GCST90671562",15,9.89147621970558,14,0.770073959248715,-0.0172157270851315,0.0148519329501678,0.267241240774344,"not_computed","Binary-outcome population prevalence has not been prespecified; unavailable Steiger is not treated as support","deferred_until_post_FDR","deferred_until_post_FDR","deferred_until_post_FDR"
"reverse|GCST90671563",17,20.7857932182258,16,0.186892190459776,0.00712766475765691,0.00631709816634573,0.276911681032337,"not_computed","Binary-outcome population prevalence has not been prespecified; unavailable Steiger is not treated as support","deferred_until_post_FDR","deferred_until_post_FDR","deferred_until_post_FDR"
"reverse|GCST90671564",15,27.8305244306273,14,0.0149828905559268,0.00215316928386105,0.0226862779854416,0.925833160793224,"not_computed","Binary-outcome population prevalence has not been prespecified; unavailable Steiger is not treated as support","deferred_until_post_FDR","deferred_until_post_FDR","deferred_until_post_FDR"
"reverse|GCST90671565",17,22.3693064983892,16,0.131662376818407,-0.00386146087942478,0.00636521695389347,0.553154745633568,"not_computed","Binary-outcome population prevalence has not been prespecified; unavailable Steiger is not treated as support","deferred_until_post_FDR","deferred_until_post_FDR","deferred_until_post_FDR"
"reverse|GCST90671566",15,18.4630535526901,14,0.186497264734389,-0.00198137323253286,0.017087328746042,0.909459731639319,"not_computed","Binary-outcome population prevalence has not been prespecified; unavailable Steiger is not treated as support","deferred_until_post_FDR","deferred_until_post_FDR","deferred_until_post_FDR"
"reverse|GCST90671567",15,18.9354883416846,14,0.167428936702404,0.0139924665297574,0.0162805375302894,0.405657156370742,"not_computed","Binary-outcome population prevalence has not been prespecified; unavailable Steiger is not treated as support","deferred_until_post_FDR","deferred_until_post_FDR","deferred_until_post_FDR"
"reverse|GCST90671568",17,21.7871361281547,16,0.150198565769674,0.00536342429528902,0.00698102668638083,0.454243695576637,"not_computed","Binary-outcome population prevalence has not been prespecified; unavailable Steiger is not treated as support","deferred_until_post_FDR","deferred_until_post_FDR","deferred_until_post_FDR"
"reverse|GCST90671569",15,17.6948037010892,14,0.221036463372494,0.0137225902276388,0.0216479515467715,0.537142048444211,"not_computed","Binary-outcome population prevalence has not been prespecified; unavailable Steiger is not treated as support","deferred_until_post_FDR","deferred_until_post_FDR","deferred_until_post_FDR"
"reverse|GCST90671570",15,21.0652120094115,14,0.0999730140182802,0.00656282179365793,0.0180557171074244,0.722091680361204,"not_computed","Binary-outcome population prevalence has not been prespecified; unavailable Steiger is not treated as support","deferred_until_post_FDR","deferred_until_post_FDR","deferred_until_post_FDR"
"reverse|GCST90671571",15,22.780982882271,14,0.0639281836625191,0.00873018876324187,0.0180198531043615,0.636108432232014,"not_computed","Binary-outcome population prevalence has not been prespecified; unavailable Steiger is not treated as support","deferred_until_post_FDR","deferred_until_post_FDR","deferred_until_post_FDR"
"reverse|GCST90671572",17,20.2008071657746,16,0.211312258557704,-0.00216764027940484,0.00668168425205051,0.750103638149209,"not_computed","Binary-outcome population prevalence has not been prespecified; unavailable Steiger is not treated as support","deferred_until_post_FDR","deferred_until_post_FDR","deferred_until_post_FDR"
"reverse|GCST90671573",17,17.2183545546842,16,0.371605369521077,0.00158247718227905,0.00626385290462802,0.803978473157552,"not_computed","Binary-outcome population prevalence has not been prespecified; unavailable Steiger is not treated as support","deferred_until_post_FDR","deferred_until_post_FDR","deferred_until_post_FDR"
"reverse|GCST90671574",17,15.5057834247432,16,0.487952171077305,-0.000718234114035428,0.00567442803046377,0.900958786982285,"not_computed","Binary-outcome population prevalence has not been prespecified; unavailable Steiger is not treated as support","deferred_until_post_FDR","deferred_until_post_FDR","deferred_until_post_FDR"
"reverse|GCST90671575",15,11.7642997610822,14,0.625224865881406,0.00903436920998331,0.0150744302746889,0.559261699216822,"not_computed","Binary-outcome population prevalence has not been prespecified; unavailable Steiger is not treated as support","deferred_until_post_FDR","deferred_until_post_FDR","deferred_until_post_FDR"
"reverse|GCST90671576",15,20.3214631382385,14,0.120327824620134,0.00651606407464045,0.0223426874762089,0.775162155253053,"not_computed","Binary-outcome population prevalence has not been prespecified; unavailable Steiger is not treated as support","deferred_until_post_FDR","deferred_until_post_FDR","deferred_until_post_FDR"
"reverse|GCST90671577",15,8.29247857649093,14,0.87353872205015,0.0112374312465963,0.0138173203061398,0.430698157088909,"not_computed","Binary-outcome population prevalence has not been prespecified; unavailable Steiger is not treated as support","deferred_until_post_FDR","deferred_until_post_FDR","deferred_until_post_FDR"
"reverse|GCST90671578",17,9.36297349766777,16,0.89771614779515,0.00311427209590701,0.00598212494582515,0.610247200279879,"not_computed","Binary-outcome population prevalence has not been prespecified; unavailable Steiger is not treated as support","deferred_until_post_FDR","deferred_until_post_FDR","deferred_until_post_FDR"
"reverse|GCST90671579",17,11.6561779292309,16,0.767289609060536,0.000932523342420222,0.00575686461558288,0.873479813511448,"not_computed","Binary-outcome population prevalence has not been prespecified; unavailable Steiger is not treated as support","deferred_until_post_FDR","deferred_until_post_FDR","deferred_until_post_FDR"
"reverse|GCST90671580",17,17.6610987552673,16,0.344112225013445,0.00910030763609445,0.00539524337390559,0.112335866277213,"not_computed","Binary-outcome population prevalence has not been prespecified; unavailable Steiger is not treated as support","deferred_until_post_FDR","deferred_until_post_FDR","deferred_until_post_FDR"
"reverse|GCST90671581",15,12.2083856196003,14,0.589572008147674,0.00932262801151677,0.0138830535535483,0.51365120842102,"not_computed","Binary-outcome population prevalence has not been prespecified; unavailable Steiger is not treated as support","deferred_until_post_FDR","deferred_until_post_FDR","deferred_until_post_FDR"
"reverse|GCST90671582",17,18.7805560828733,16,0.2802069405972,0.0060152248796168,0.006000481676008,0.332021058444261,"not_computed","Binary-outcome population prevalence has not been prespecified; unavailable Steiger is not treated as support","deferred_until_post_FDR","deferred_until_post_FDR","deferred_until_post_FDR"
"reverse|GCST90671583",15,19.5571821967927,14,0.144731948024567,0.00101375628289665,0.0183962674304848,0.956891429530454,"not_computed","Binary-outcome population prevalence has not been prespecified; unavailable Steiger is not treated as support","deferred_until_post_FDR","deferred_until_post_FDR","deferred_until_post_FDR"
"reverse|GCST90671584",15,12.3580553284508,14,0.577572003104311,0.0024003073177717,0.0137894704714219,0.864493357706907,"not_computed","Binary-outcome population prevalence has not been prespecified; unavailable Steiger is not treated as support","deferred_until_post_FDR","deferred_until_post_FDR","deferred_until_post_FDR"
"reverse|GCST90671585",15,7.88113134291082,14,0.895426360883258,-0.00107405565783807,0.0196304353468335,0.957198400992959,"not_computed","Binary-outcome population prevalence has not been prespecified; unavailable Steiger is not treated as support","deferred_until_post_FDR","deferred_until_post_FDR","deferred_until_post_FDR"
"reverse|GCST90671586",17,14.1020887907028,16,0.591108548823964,-2.81646294054403e-05,0.00566938332160988,0.996101716071337,"not_computed","Binary-outcome population prevalence has not been prespecified; unavailable Steiger is not treated as support","deferred_until_post_FDR","deferred_until_post_FDR","deferred_until_post_FDR"
"reverse|GCST90671587",17,16.8641129422247,16,0.394442564444071,0.0125426229640752,0.00576155595913212,0.0458664398272237,"not_computed","Binary-outcome population prevalence has not been prespecified; unavailable Steiger is not treated as support","deferred_until_post_FDR","deferred_until_post_FDR","deferred_until_post_FDR"
"reverse|GCST90671588",15,13.1027968903719,14,0.518445727334986,0.010877022000409,0.0140189314468097,0.451704319736203,"not_computed","Binary-outcome population prevalence has not been prespecified; unavailable Steiger is not treated as support","deferred_until_post_FDR","deferred_until_post_FDR","deferred_until_post_FDR"
"reverse|GCST90671589",17,15.9945270664495,16,0.453342848677918,0.00594403321260863,0.00571057406201004,0.314417729491408,"not_computed","Binary-outcome population prevalence has not been prespecified; unavailable Steiger is not treated as support","deferred_until_post_FDR","deferred_until_post_FDR","deferred_until_post_FDR"
"reverse|GCST90671590",15,14.6687359021648,14,0.401167421577172,0.0185034422298435,0.0143438691872262,0.219529831728964,"not_computed","Binary-outcome population prevalence has not been prespecified; unavailable Steiger is not treated as support","deferred_until_post_FDR","deferred_until_post_FDR","deferred_until_post_FDR"
"reverse|GCST90671591",15,11.5857913642069,14,0.639528239611507,-0.00732654359044553,0.0143321635053221,0.617784962638422,"not_computed","Binary-outcome population prevalence has not been prespecified; unavailable Steiger is not treated as support","deferred_until_post_FDR","deferred_until_post_FDR","deferred_until_post_FDR"
"reverse|GCST90671592",17,9.80688294383546,16,0.876516789506033,0.00113915493392115,0.00560368506746744,0.841642896769584,"not_computed","Binary-outcome population prevalence has not been prespecified; unavailable Steiger is not treated as support","deferred_until_post_FDR","deferred_until_post_FDR","deferred_until_post_FDR"
"reverse|GCST90671593",15,21.0283023647677,14,0.100909419813371,-0.0100085282888065,0.0184788165532899,0.597239972101325,"not_computed","Binary-outcome population prevalence has not been prespecified; unavailable Steiger is not treated as support","deferred_until_post_FDR","deferred_until_post_FDR","deferred_until_post_FDR"
"reverse|GCST90671594",17,13.8172912662143,16,0.612323168040546,-0.000785640762786165,0.00567183125395676,0.891674905216906,"not_computed","Binary-outcome population prevalence has not been prespecified; unavailable Steiger is not treated as support","deferred_until_post_FDR","deferred_until_post_FDR","deferred_until_post_FDR"
"reverse|GCST90671595",17,3.53964888863868,16,0.999496478377697,0.00153957645687136,0.00563288224070275,0.788334991765728,"not_computed","Binary-outcome population prevalence has not been prespecified; unavailable Steiger is not treated as support","deferred_until_post_FDR","deferred_until_post_FDR","deferred_until_post_FDR"
"reverse|GCST90671596",17,11.7764303213337,16,0.759221278115806,0.00328943197252091,0.00540330641723805,0.551778224345536,"not_computed","Binary-outcome population prevalence has not been prespecified; unavailable Steiger is not treated as support","deferred_until_post_FDR","deferred_until_post_FDR","deferred_until_post_FDR"
"reverse|GCST90671597",17,10.1978246578632,16,0.856095158174117,0.00943954786049535,0.00541292976045656,0.101630098781012,"not_computed","Binary-outcome population prevalence has not been prespecified; unavailable Steiger is not treated as support","deferred_until_post_FDR","deferred_until_post_FDR","deferred_until_post_FDR"
"reverse|GCST90671598",17,15.5546074192446,16,0.484453839129254,0.00117859039721188,0.00564561456489047,0.837442393091395,"not_computed","Binary-outcome population prevalence has not been prespecified; unavailable Steiger is not treated as support","deferred_until_post_FDR","deferred_until_post_FDR","deferred_until_post_FDR"
"reverse|GCST90671599",15,13.6198026545734,14,0.478402805305555,0.0176281090932118,0.0145694401057424,0.247845126275923,"not_computed","Binary-outcome population prevalence has not been prespecified; unavailable Steiger is not treated as support","deferred_until_post_FDR","deferred_until_post_FDR","deferred_until_post_FDR"
"reverse|GCST90671600",17,15.466951468151,16,0.490740493504944,0.00541408587570353,0.00571822000838201,0.358738313233338,"not_computed","Binary-outcome population prevalence has not been prespecified; unavailable Steiger is not treated as support","deferred_until_post_FDR","deferred_until_post_FDR","deferred_until_post_FDR"
"reverse|GCST90671601",17,19.109919817671,16,0.263004315472795,0.00561256439017711,0.00623581160714326,0.382314543481576,"not_computed","Binary-outcome population prevalence has not been prespecified; unavailable Steiger is not treated as support","deferred_until_post_FDR","deferred_until_post_FDR","deferred_until_post_FDR"
"reverse|GCST90671602",15,9.26869759648758,14,0.813462174921314,-0.006234467928098,0.0151691316259822,0.687769102844815,"not_computed","Binary-outcome population prevalence has not been prespecified; unavailable Steiger is not treated as support","deferred_until_post_FDR","deferred_until_post_FDR","deferred_until_post_FDR"
"reverse|GCST90671603",17,11.1471012855631,16,0.80031573818948,0.00647693505327646,0.00573484794126359,0.276467621110896,"not_computed","Binary-outcome population prevalence has not been prespecified; unavailable Steiger is not treated as support","deferred_until_post_FDR","deferred_until_post_FDR","deferred_until_post_FDR"
"reverse|GCST90671604",15,17.4790577655913,14,0.231546201610143,0.0178022092733201,0.015271688617702,0.264678311648237,"not_computed","Binary-outcome population prevalence has not been prespecified; unavailable Steiger is not treated as support","deferred_until_post_FDR","deferred_until_post_FDR","deferred_until_post_FDR"
"reverse|GCST90671605",15,10.7576265595634,14,0.704962743163037,-0.0334396749302124,0.0260156000617085,0.221090270225926,"not_computed","Binary-outcome population prevalence has not been prespecified; unavailable Steiger is not treated as support","deferred_until_post_FDR","deferred_until_post_FDR","deferred_until_post_FDR"
"reverse|GCST90671606",15,13.5233084498237,14,0.485793849005351,0.0338262429825374,0.022201947899737,0.151566385157249,"not_computed","Binary-outcome population prevalence has not been prespecified; unavailable Steiger is not treated as support","deferred_until_post_FDR","deferred_until_post_FDR","deferred_until_post_FDR"
"reverse|GCST90671607",15,13.5755092315781,14,0.481790361949125,-0.0163430756237192,0.0174178669011871,0.365200004788149,"not_computed","Binary-outcome population prevalence has not been prespecified; unavailable Steiger is not treated as support","deferred_until_post_FDR","deferred_until_post_FDR","deferred_until_post_FDR"
"reverse|GCST90671608",15,13.3613629107428,14,0.498287645969498,-0.0196169245717261,0.0212507936370853,0.37276369503264,"not_computed","Binary-outcome population prevalence has not been prespecified; unavailable Steiger is not treated as support","deferred_until_post_FDR","deferred_until_post_FDR","deferred_until_post_FDR"
"reverse|GCST90671609",17,10.2367518867703,16,0.853975452035835,-0.000280133718757821,0.00576598529992055,0.961891942863555,"not_computed","Binary-outcome population prevalence has not been prespecified; unavailable Steiger is not treated as support","deferred_until_post_FDR","deferred_until_post_FDR","deferred_until_post_FDR"
"reverse|GCST90671610",15,14.0509922504495,14,0.445919022640509,0.0153222876622823,0.0154100560517355,0.33822244952004,"not_computed","Binary-outcome population prevalence has not been prespecified; unavailable Steiger is not treated as support","deferred_until_post_FDR","deferred_until_post_FDR","deferred_until_post_FDR"
"reverse|GCST90671611",17,10.4923859625896,16,0.839682276580552,-0.00103751655315166,0.00543460369645411,0.851156567202547,"not_computed","Binary-outcome population prevalence has not been prespecified; unavailable Steiger is not treated as support","deferred_until_post_FDR","deferred_until_post_FDR","deferred_until_post_FDR"
"reverse|GCST90671612",15,8.64931177714399,14,0.85283852565898,0.00731204236394856,0.0139514503177368,0.609024937759944,"not_computed","Binary-outcome population prevalence has not been prespecified; unavailable Steiger is not treated as support","deferred_until_post_FDR","deferred_until_post_FDR","deferred_until_post_FDR"
"reverse|GCST90671613",17,10.8590003020024,16,0.818103649797711,0.00795407223828113,0.00595295625291726,0.20141641523784,"not_computed","Binary-outcome population prevalence has not been prespecified; unavailable Steiger is not treated as support","deferred_until_post_FDR","deferred_until_post_FDR","deferred_until_post_FDR"
"reverse|GCST90671614",15,16.7515956114288,14,0.269657228887694,0.0123139350451155,0.0183109144827701,0.51304712683148,"not_computed","Binary-outcome population prevalence has not been prespecified; unavailable Steiger is not treated as support","deferred_until_post_FDR","deferred_until_post_FDR","deferred_until_post_FDR"
"reverse|GCST90671615",17,9.83708070809684,16,0.874996656926033,-0.0030150137477894,0.00577850595373811,0.6094537544904,"not_computed","Binary-outcome population prevalence has not been prespecified; unavailable Steiger is not treated as support","deferred_until_post_FDR","deferred_until_post_FDR","deferred_until_post_FDR"
"reverse|GCST90671616",15,14.6568840685201,14,0.40200409801295,0.00421198520718198,0.014529079905343,0.776464811904792,"not_computed","Binary-outcome population prevalence has not been prespecified; unavailable Steiger is not treated as support","deferred_until_post_FDR","deferred_until_post_FDR","deferred_until_post_FDR"
"reverse|GCST90671617",17,20.7754300358112,16,0.187305217477825,-0.00614613637645756,0.00643231338003406,0.354466939028058,"not_computed","Binary-outcome population prevalence has not been prespecified; unavailable Steiger is not treated as support","deferred_until_post_FDR","deferred_until_post_FDR","deferred_until_post_FDR"
"reverse|GCST90671618",15,6.04514265297538,14,0.965340784704982,-0.0142916922284275,0.0154396376729907,0.37149321699841,"not_computed","Binary-outcome population prevalence has not been prespecified; unavailable Steiger is not treated as support","deferred_until_post_FDR","deferred_until_post_FDR","deferred_until_post_FDR"
"reverse|GCST90671619",15,13.8166624633486,14,0.463457403367922,0.00307256336605913,0.0175608561406101,0.863801544491304,"not_computed","Binary-outcome population prevalence has not been prespecified; unavailable Steiger is not treated as support","deferred_until_post_FDR","deferred_until_post_FDR","deferred_until_post_FDR"
"reverse|GCST90671620",15,15.6000587153799,14,0.338403112177368,-0.000937339934784033,0.0195112671698972,0.962413818783092,"not_computed","Binary-outcome population prevalence has not been prespecified; unavailable Steiger is not treated as support","deferred_until_post_FDR","deferred_until_post_FDR","deferred_until_post_FDR"
"reverse|GCST90671621",17,7.90292124870048,16,0.951703977317455,0.00579752304804432,0.00544998537591854,0.304259440574992,"not_computed","Binary-outcome population prevalence has not been prespecified; unavailable Steiger is not treated as support","deferred_until_post_FDR","deferred_until_post_FDR","deferred_until_post_FDR"
"reverse|GCST90671622",15,17.1796251986142,14,0.246731949157584,0.0191228986038621,0.0216240023562185,0.392576756678054,"not_computed","Binary-outcome population prevalence has not been prespecified; unavailable Steiger is not treated as support","deferred_until_post_FDR","deferred_until_post_FDR","deferred_until_post_FDR"
"reverse|GCST90671623",15,9.11217244376883,14,0.823798337711104,0.00666137871776959,0.020753976548972,0.753335573171046,"not_computed","Binary-outcome population prevalence has not been prespecified; unavailable Steiger is not treated as support","deferred_until_post_FDR","deferred_until_post_FDR","deferred_until_post_FDR"
"reverse|GCST90671624",17,11.5252088287209,16,0.775966504321057,0.0112356527928385,0.00553387336137907,0.0604426179418635,"not_computed","Binary-outcome population prevalence has not been prespecified; unavailable Steiger is not treated as support","deferred_until_post_FDR","deferred_until_post_FDR","deferred_until_post_FDR"
"reverse|GCST90671625",17,18.5840580000763,16,0.290821131225607,0.00467468092212396,0.00641125712649355,0.4771497180132,"not_computed","Binary-outcome population prevalence has not been prespecified; unavailable Steiger is not treated as support","deferred_until_post_FDR","deferred_until_post_FDR","deferred_until_post_FDR"
"reverse|GCST90671626",15,20.2307153146559,14,0.123033689546302,-0.00233759229443589,0.0307147843024078,0.940493217877806,"not_computed","Binary-outcome population prevalence has not been prespecified; unavailable Steiger is not treated as support","deferred_until_post_FDR","deferred_until_post_FDR","deferred_until_post_FDR"
"reverse|GCST90671627",17,8.36864183986577,16,0.937126511507307,0.00382324016676218,0.00557691230145106,0.503456436554521,"not_computed","Binary-outcome population prevalence has not been prespecified; unavailable Steiger is not treated as support","deferred_until_post_FDR","deferred_until_post_FDR","deferred_until_post_FDR"
"reverse|GCST90671628",15,14.7779936501355,14,0.393497162370626,-0.0162078888458867,0.0144137691182749,0.281147175122706,"not_computed","Binary-outcome population prevalence has not been prespecified; unavailable Steiger is not treated as support","deferred_until_post_FDR","deferred_until_post_FDR","deferred_until_post_FDR"
"reverse|GCST90671629",15,6.23491842214445,14,0.960218361380253,0.0144925420371761,0.0136853459428067,0.308888344871436,"not_computed","Binary-outcome population prevalence has not been prespecified; unavailable Steiger is not treated as support","deferred_until_post_FDR","deferred_until_post_FDR","deferred_until_post_FDR"
"reverse|GCST90671630",15,13.194790261798,14,0.51124626200618,0.015666641915234,0.0210059083120108,0.469047790869864,"not_computed","Binary-outcome population prevalence has not been prespecified; unavailable Steiger is not treated as support","deferred_until_post_FDR","deferred_until_post_FDR","deferred_until_post_FDR"
"reverse|GCST90671631",17,8.37689009301803,16,0.936846193413114,0.000406361529933292,0.00570817479699698,0.944187513279274,"not_computed","Binary-outcome population prevalence has not been prespecified; unavailable Steiger is not treated as support","deferred_until_post_FDR","deferred_until_post_FDR","deferred_until_post_FDR"
"reverse|GCST90671632",15,21.0550223329919,14,0.100230786379185,0.00717790064066388,0.0183014233400554,0.701261583394521,"not_computed","Binary-outcome population prevalence has not been prespecified; unavailable Steiger is not treated as support","deferred_until_post_FDR","deferred_until_post_FDR","deferred_until_post_FDR"
"reverse|GCST90671633",15,11.480618515591,14,0.647935386742534,-0.0135608515447656,0.019346732742224,0.495697680356924,"not_computed","Binary-outcome population prevalence has not been prespecified; unavailable Steiger is not treated as support","deferred_until_post_FDR","deferred_until_post_FDR","deferred_until_post_FDR"
"reverse|GCST90671634",17,15.9037588937673,16,0.459697747067262,0.00698845712255698,0.00585456950707264,0.251142223949754,"not_computed","Binary-outcome population prevalence has not been prespecified; unavailable Steiger is not treated as support","deferred_until_post_FDR","deferred_until_post_FDR","deferred_until_post_FDR"
"reverse|GCST90671635",17,19.690354176009,16,0.234491860384861,0.000591050568166502,0.00650621237543045,0.928818543997304,"not_computed","Binary-outcome population prevalence has not been prespecified; unavailable Steiger is not treated as support","deferred_until_post_FDR","deferred_until_post_FDR","deferred_until_post_FDR"
"reverse|GCST90671636",17,14.5046759069638,16,0.56117070099254,0.000839579484071472,0.00585267431108569,0.887842386229888,"not_computed","Binary-outcome population prevalence has not been prespecified; unavailable Steiger is not treated as support","deferred_until_post_FDR","deferred_until_post_FDR","deferred_until_post_FDR"
"reverse|GCST90671637",15,16.7020601774488,14,0.272403038642384,0.0146282980617441,0.0158719299376259,0.373501473076919,"not_computed","Binary-outcome population prevalence has not been prespecified; unavailable Steiger is not treated as support","deferred_until_post_FDR","deferred_until_post_FDR","deferred_until_post_FDR"
"reverse|GCST90671638",15,8.57784690186637,14,0.857106612362365,0.00591813059191129,0.0200474372317898,0.77249825084331,"not_computed","Binary-outcome population prevalence has not been prespecified; unavailable Steiger is not treated as support","deferred_until_post_FDR","deferred_until_post_FDR","deferred_until_post_FDR"
"reverse|GCST90671639",17,9.28079489777495,16,0.901400749739248,-0.000527459862444392,0.00546172507780814,0.924343322310388,"not_computed","Binary-outcome population prevalence has not been prespecified; unavailable Steiger is not treated as support","deferred_until_post_FDR","deferred_until_post_FDR","deferred_until_post_FDR"
"reverse|GCST90671640",15,7.78899296386701,14,0.900026664393316,0.0161186585586003,0.0147982808441509,0.295834640706084,"not_computed","Binary-outcome population prevalence has not been prespecified; unavailable Steiger is not treated as support","deferred_until_post_FDR","deferred_until_post_FDR","deferred_until_post_FDR"
"reverse|GCST90671641",15,8.85236597427952,14,0.840390101705001,-0.0196658584502384,0.0203847469681176,0.352282273579527,"not_computed","Binary-outcome population prevalence has not been prespecified; unavailable Steiger is not treated as support","deferred_until_post_FDR","deferred_until_post_FDR","deferred_until_post_FDR"
"reverse|GCST90671642",15,20.7366428399993,14,0.108574246676239,-0.0154127092700109,0.0238824285208257,0.529921428642869,"not_computed","Binary-outcome population prevalence has not been prespecified; unavailable Steiger is not treated as support","deferred_until_post_FDR","deferred_until_post_FDR","deferred_until_post_FDR"
"reverse|GCST90671643",15,26.5001163316573,14,0.0223430563764607,0.0139897653710412,0.0192986146356491,0.481352098845888,"not_computed","Binary-outcome population prevalence has not been prespecified; unavailable Steiger is not treated as support","deferred_until_post_FDR","deferred_until_post_FDR","deferred_until_post_FDR"
"reverse|GCST90671644",17,13.4476402521073,16,0.639789287323551,0.00201179398326459,0.00553391592888918,0.721275034222699,"not_computed","Binary-outcome population prevalence has not been prespecified; unavailable Steiger is not treated as support","deferred_until_post_FDR","deferred_until_post_FDR","deferred_until_post_FDR"
"reverse|GCST90671645",15,9.62173974811038,14,0.789282937146145,-0.0089690410157981,0.0148533105543213,0.556340093556673,"not_computed","Binary-outcome population prevalence has not been prespecified; unavailable Steiger is not treated as support","deferred_until_post_FDR","deferred_until_post_FDR","deferred_until_post_FDR"
"reverse|GCST90671646",15,9.25521778908607,14,0.814361981701431,-0.000453695891707234,0.0149517413682444,0.976253602850602,"not_computed","Binary-outcome population prevalence has not been prespecified; unavailable Steiger is not treated as support","deferred_until_post_FDR","deferred_until_post_FDR","deferred_until_post_FDR"
"reverse|GCST90671647",15,12.2470443840249,14,0.586470580232138,0.0103242193862204,0.0139021230021571,0.470909041852509,"not_computed","Binary-outcome population prevalence has not been prespecified; unavailable Steiger is not treated as support","deferred_until_post_FDR","deferred_until_post_FDR","deferred_until_post_FDR"
"reverse|GCST90671648",15,12.107321357858,14,0.597684321901214,0.0203844929490976,0.0153967860060058,0.208329973919652,"not_computed","Binary-outcome population prevalence has not been prespecified; unavailable Steiger is not treated as support","deferred_until_post_FDR","deferred_until_post_FDR","deferred_until_post_FDR"
"reverse|GCST90671649",15,14.6503440508622,14,0.402466173650201,-0.00900272932037955,0.0219667927973305,0.688601258253521,"not_computed","Binary-outcome population prevalence has not been prespecified; unavailable Steiger is not treated as support","deferred_until_post_FDR","deferred_until_post_FDR","deferred_until_post_FDR"
"reverse|GCST90671650",15,10.0088688947889,14,0.761534758510227,0.00516614833529246,0.0165961346075891,0.760518536566525,"not_computed","Binary-outcome population prevalence has not been prespecified; unavailable Steiger is not treated as support","deferred_until_post_FDR","deferred_until_post_FDR","deferred_until_post_FDR"
"reverse|GCST90671651",15,14.137493897099,14,0.439518681644601,0.00709628575371211,0.0163643430262873,0.671656768986367,"not_computed","Binary-outcome population prevalence has not been prespecified; unavailable Steiger is not treated as support","deferred_until_post_FDR","deferred_until_post_FDR","deferred_until_post_FDR"
"reverse|GCST90671652",17,13.6148637928845,16,0.627381350986339,0.00508304778130875,0.00602915460051011,0.412427277374211,"not_computed","Binary-outcome population prevalence has not been prespecified; unavailable Steiger is not treated as support","deferred_until_post_FDR","deferred_until_post_FDR","deferred_until_post_FDR"
"reverse|GCST90671653",17,14.0630751318939,16,0.594014761563606,-0.000311166720918451,0.00589609489337007,0.958607577254365,"not_computed","Binary-outcome population prevalence has not been prespecified; unavailable Steiger is not treated as support","deferred_until_post_FDR","deferred_until_post_FDR","deferred_until_post_FDR"
"reverse|GCST90671654",17,13.3054998396689,16,0.650303120046795,0.00280333696857425,0.00600030114006817,0.647071808717507,"not_computed","Binary-outcome population prevalence has not been prespecified; unavailable Steiger is not treated as support","deferred_until_post_FDR","deferred_until_post_FDR","deferred_until_post_FDR"
"reverse|GCST90671655",17,13.735577593446,16,0.618405398344133,0.00993566633902723,0.00603154585288518,0.120283308381802,"not_computed","Binary-outcome population prevalence has not been prespecified; unavailable Steiger is not treated as support","deferred_until_post_FDR","deferred_until_post_FDR","deferred_until_post_FDR"
"reverse|GCST90671656",17,19.9022884189545,16,0.224653823679031,-0.00472467954807093,0.00664011483824303,0.487671224910814,"not_computed","Binary-outcome population prevalence has not been prespecified; unavailable Steiger is not treated as support","deferred_until_post_FDR","deferred_until_post_FDR","deferred_until_post_FDR"
"reverse|GCST90671657",17,8.6833918165063,16,0.925877105688856,-0.00372818396764797,0.00555168417023248,0.512086268313317,"not_computed","Binary-outcome population prevalence has not been prespecified; unavailable Steiger is not treated as support","deferred_until_post_FDR","deferred_until_post_FDR","deferred_until_post_FDR"
"reverse|GCST90671658",17,7.65485968990384,16,0.958483469786552,0.0092512791740733,0.00591049442158292,0.138378260312934,"not_computed","Binary-outcome population prevalence has not been prespecified; unavailable Steiger is not treated as support","deferred_until_post_FDR","deferred_until_post_FDR","deferred_until_post_FDR"
"reverse|GCST90671659",17,13.6608328674728,16,0.623964754553884,0.00308231360349948,0.00589064965094484,0.608440463724496,"not_computed","Binary-outcome population prevalence has not been prespecified; unavailable Steiger is not treated as support","deferred_until_post_FDR","deferred_until_post_FDR","deferred_until_post_FDR"
"reverse|GCST90671660",17,21.1629543405254,16,0.172331491379562,0.00885887738412647,0.00674629048103289,0.208867388252796,"not_computed","Binary-outcome population prevalence has not been prespecified; unavailable Steiger is not treated as support","deferred_until_post_FDR","deferred_until_post_FDR","deferred_until_post_FDR"
"reverse|GCST90671661",17,18.669967043342,16,0.286148453639353,0.00328690679986696,0.00653922883280796,0.622513322029429,"not_computed","Binary-outcome population prevalence has not been prespecified; unavailable Steiger is not treated as support","deferred_until_post_FDR","deferred_until_post_FDR","deferred_until_post_FDR"
"reverse|GCST90671662",15,12.6491166137669,14,0.554319373347654,0.0158492052832945,0.0140572209165452,0.27992094002107,"not_computed","Binary-outcome population prevalence has not been prespecified; unavailable Steiger is not treated as support","deferred_until_post_FDR","deferred_until_post_FDR","deferred_until_post_FDR"
"reverse|GCST90671663",17,11.1528025210575,16,0.79995679301394,-9.98426679638879e-05,0.00588630607231718,0.986690606110274,"not_computed","Binary-outcome population prevalence has not been prespecified; unavailable Steiger is not treated as support","deferred_until_post_FDR","deferred_until_post_FDR","deferred_until_post_FDR"
"reverse|GCST90671664",17,19.7663582165533,16,0.230928623547097,0.000829776868238761,0.00681122058657984,0.904654717100461,"not_computed","Binary-outcome population prevalence has not been prespecified; unavailable Steiger is not treated as support","deferred_until_post_FDR","deferred_until_post_FDR","deferred_until_post_FDR"
"reverse|GCST90671665",15,19.1682399039081,14,0.15861981456278,-0.00774457795232705,0.0199094382807026,0.703580057901884,"not_computed","Binary-outcome population prevalence has not been prespecified; unavailable Steiger is not treated as support","deferred_until_post_FDR","deferred_until_post_FDR","deferred_until_post_FDR"
"reverse|GCST90671666",17,15.262235148096,16,0.505522364641714,0.00842954475684421,0.00598271031767837,0.179232254917453,"not_computed","Binary-outcome population prevalence has not been prespecified; unavailable Steiger is not treated as support","deferred_until_post_FDR","deferred_until_post_FDR","deferred_until_post_FDR"
"reverse|GCST90671667",17,10.9006405523719,16,0.815576268755294,-0.00373317196331968,0.00605342765452128,0.546676983807662,"not_computed","Binary-outcome population prevalence has not been prespecified; unavailable Steiger is not treated as support","deferred_until_post_FDR","deferred_until_post_FDR","deferred_until_post_FDR"
"reverse|GCST90671668",17,10.1660664824588,16,0.857813139584172,-0.00335971152383408,0.00585456950707264,0.574566232029951,"not_computed","Binary-outcome population prevalence has not been prespecified; unavailable Steiger is not treated as support","deferred_until_post_FDR","deferred_until_post_FDR","deferred_until_post_FDR"
"reverse|GCST90671669",17,20.0952370732114,16,0.215961810849519,0.000732079890487564,0.00698381385838167,0.91790334955001,"not_computed","Binary-outcome population prevalence has not been prespecified; unavailable Steiger is not treated as support","deferred_until_post_FDR","deferred_until_post_FDR","deferred_until_post_FDR"
"reverse|GCST90671670",17,8.84645605972877,16,0.919601649254679,0.00665043023238198,0.00581228947688101,0.270471189103179,"not_computed","Binary-outcome population prevalence has not been prespecified; unavailable Steiger is not treated as support","deferred_until_post_FDR","deferred_until_post_FDR","deferred_until_post_FDR"
"reverse|GCST90671671",17,17.5277459227212,16,0.352266261406434,-0.000317621939633798,0.00622261746522227,0.959964668066945,"not_computed","Binary-outcome population prevalence has not been prespecified; unavailable Steiger is not treated as support","deferred_until_post_FDR","deferred_until_post_FDR","deferred_until_post_FDR"
"reverse|GCST90671672",17,20.7182486108902,16,0.189596769710378,0.00078910635710574,0.0069874202601675,0.911581674698912,"not_computed","Binary-outcome population prevalence has not been prespecified; unavailable Steiger is not treated as support","deferred_until_post_FDR","deferred_until_post_FDR","deferred_until_post_FDR"
"reverse|GCST90671673",17,16.2495143127031,16,0.435686317988439,-0.00551659909741322,0.00557865639552381,0.33840795561954,"not_computed","Binary-outcome population prevalence has not been prespecified; unavailable Steiger is not treated as support","deferred_until_post_FDR","deferred_until_post_FDR","deferred_until_post_FDR"
"reverse|GCST90671674",17,21.3141250817029,16,0.166749552181471,0.0060531872126349,0.00685144457077363,0.390911793195601,"not_computed","Binary-outcome population prevalence has not been prespecified; unavailable Steiger is not treated as support","deferred_until_post_FDR","deferred_until_post_FDR","deferred_until_post_FDR"
"reverse|GCST90671675",15,21.5492149877031,14,0.0883636341833234,0.0237018664986877,0.0212753096754243,0.285429462719978,"not_computed","Binary-outcome population prevalence has not been prespecified; unavailable Steiger is not treated as support","deferred_until_post_FDR","deferred_until_post_FDR","deferred_until_post_FDR"
"reverse|GCST90671676",15,14.0460797811403,14,0.446283728678142,-0.00257798034714272,0.0191372500192235,0.894904437744193,"not_computed","Binary-outcome population prevalence has not been prespecified; unavailable Steiger is not treated as support","deferred_until_post_FDR","deferred_until_post_FDR","deferred_until_post_FDR"
"reverse|GCST90671677",17,12.9549716182814,16,0.676047228467551,-0.00701223893820006,0.00580569812417877,0.245815853888392,"not_computed","Binary-outcome population prevalence has not been prespecified; unavailable Steiger is not treated as support","deferred_until_post_FDR","deferred_until_post_FDR","deferred_until_post_FDR"
"reverse|GCST90671678",15,9.91399309914035,14,0.768444120558146,-0.0124591651625468,0.0180760937100798,0.502776034940723,"not_computed","Binary-outcome population prevalence has not been prespecified; unavailable Steiger is not treated as support","deferred_until_post_FDR","deferred_until_post_FDR","deferred_until_post_FDR"
"reverse|GCST90671679",17,13.8483269389341,16,0.610012133808634,0.000769738159740048,0.00570163624506524,0.894404400454181,"not_computed","Binary-outcome population prevalence has not been prespecified; unavailable Steiger is not treated as support","deferred_until_post_FDR","deferred_until_post_FDR","deferred_until_post_FDR"
"reverse|GCST90671680",15,13.4155359594717,14,0.494096275808892,0.0270192926531513,0.0216195972867894,0.233419320817281,"not_computed","Binary-outcome population prevalence has not been prespecified; unavailable Steiger is not treated as support","deferred_until_post_FDR","deferred_until_post_FDR","deferred_until_post_FDR"
"reverse|GCST90671681",17,23.0035580360367,16,0.113639423580521,-0.0010151362851436,0.00678168595240684,0.883004973602218,"not_computed","Binary-outcome population prevalence has not been prespecified; unavailable Steiger is not treated as support","deferred_until_post_FDR","deferred_until_post_FDR","deferred_until_post_FDR"
"reverse|GCST90671682",15,20.5818392108785,14,0.112838476537444,-0.00430359649523028,0.019035102390397,0.824649292713118,"not_computed","Binary-outcome population prevalence has not been prespecified; unavailable Steiger is not treated as support","deferred_until_post_FDR","deferred_until_post_FDR","deferred_until_post_FDR"
"reverse|GCST90671683",15,10.8609656457652,14,0.696922142913079,-0.00438807454443423,0.0137701307503655,0.755041643189039,"not_computed","Binary-outcome population prevalence has not been prespecified; unavailable Steiger is not treated as support","deferred_until_post_FDR","deferred_until_post_FDR","deferred_until_post_FDR"
"reverse|GCST90671684",17,17.7174118364677,16,0.340702400756141,-0.00014975551986081,0.00598314269199787,0.980361321260325,"not_computed","Binary-outcome population prevalence has not been prespecified; unavailable Steiger is not treated as support","deferred_until_post_FDR","deferred_until_post_FDR","deferred_until_post_FDR"
"reverse|GCST90671685",15,27.2452838698795,14,0.0178871902543555,0.0191253130255523,0.0201772545642672,0.360486068406998,"not_computed","Binary-outcome population prevalence has not been prespecified; unavailable Steiger is not treated as support","deferred_until_post_FDR","deferred_until_post_FDR","deferred_until_post_FDR"
"reverse|GCST90671686",17,12.2833373959599,16,0.724255909206487,-0.000902953976558914,0.00594091796062908,0.881221070199711,"not_computed","Binary-outcome population prevalence has not been prespecified; unavailable Steiger is not treated as support","deferred_until_post_FDR","deferred_until_post_FDR","deferred_until_post_FDR"
"reverse|GCST90671687",17,13.0881883856589,16,0.666299101002952,-0.00110651237858143,0.00584658456593145,0.852427743311336,"not_computed","Binary-outcome population prevalence has not been prespecified; unavailable Steiger is not treated as support","deferred_until_post_FDR","deferred_until_post_FDR","deferred_until_post_FDR"
"reverse|GCST90671688",17,9.92487214388431,16,0.870522100562775,-0.00375608895352959,0.00554621476958879,0.50856809855115,"not_computed","Binary-outcome population prevalence has not been prespecified; unavailable Steiger is not treated as support","deferred_until_post_FDR","deferred_until_post_FDR","deferred_until_post_FDR"
"reverse|GCST90671689",15,9.50771918264143,14,0.797217274067647,0.0168685099582619,0.014549219287274,0.267141925985867,"not_computed","Binary-outcome population prevalence has not been prespecified; unavailable Steiger is not treated as support","deferred_until_post_FDR","deferred_until_post_FDR","deferred_until_post_FDR"
"reverse|GCST90671690",17,20.8527761460298,16,0.18423938813073,-0.000383497555960078,0.00696206925169507,0.956798660438177,"not_computed","Binary-outcome population prevalence has not been prespecified; unavailable Steiger is not treated as support","deferred_until_post_FDR","deferred_until_post_FDR","deferred_until_post_FDR"
"reverse|GCST90671691",15,13.6849683959565,14,0.473435188415297,0.0430277912415504,0.0190303160013762,0.0415533627164005,"not_computed","Binary-outcome population prevalence has not been prespecified; unavailable Steiger is not treated as support","deferred_until_post_FDR","deferred_until_post_FDR","deferred_until_post_FDR"
"reverse|GCST90671692",17,9.64147956729773,16,0.884668586177381,0.00010945406691847,0.00572264063581704,0.984992293123071,"not_computed","Binary-outcome population prevalence has not been prespecified; unavailable Steiger is not treated as support","deferred_until_post_FDR","deferred_until_post_FDR","deferred_until_post_FDR"
"reverse|GCST90671693",17,14.1825105299853,16,0.585119225461924,-0.00178958662932664,0.00593333993505137,0.767086474522547,"not_computed","Binary-outcome population prevalence has not been prespecified; unavailable Steiger is not treated as support","deferred_until_post_FDR","deferred_until_post_FDR","deferred_until_post_FDR"
"reverse|GCST90671694",17,17.2289611438764,16,0.370932837197697,0.00435908746505174,0.00633737172242411,0.50205328511562,"not_computed","Binary-outcome population prevalence has not been prespecified; unavailable Steiger is not treated as support","deferred_until_post_FDR","deferred_until_post_FDR","deferred_until_post_FDR"
"reverse|GCST90671695",17,16.8015062326064,16,0.398552615750281,-0.00405690651811669,0.00562225493195934,0.481650050448761,"not_computed","Binary-outcome population prevalence has not been prespecified; unavailable Steiger is not treated as support","deferred_until_post_FDR","deferred_until_post_FDR","deferred_until_post_FDR"
"reverse|GCST90671696",17,11.9932596072491,16,0.744443628445897,-0.00983686304877961,0.00563217273570679,0.101154477939407,"not_computed","Binary-outcome population prevalence has not been prespecified; unavailable Steiger is not treated as support","deferred_until_post_FDR","deferred_until_post_FDR","deferred_until_post_FDR"
"reverse|GCST90671697",17,32.6155388381383,16,0.00830663259704398,-0.00281067182522049,0.00812281123193413,0.73413164955708,"not_computed","Binary-outcome population prevalence has not been prespecified; unavailable Steiger is not treated as support","deferred_until_post_FDR","deferred_until_post_FDR","deferred_until_post_FDR"
"reverse|GCST90671698",17,12.7551110630896,16,0.690571855450421,0.000228347346490284,0.0053987798056657,0.966820532728945,"not_computed","Binary-outcome population prevalence has not been prespecified; unavailable Steiger is not treated as support","deferred_until_post_FDR","deferred_until_post_FDR","deferred_until_post_FDR"
"reverse|GCST90671699",15,11.6640805249567,14,0.63325957664716,0.00460715648541497,0.0154573768155665,0.770371048368052,"not_computed","Binary-outcome population prevalence has not been prespecified; unavailable Steiger is not treated as support","deferred_until_post_FDR","deferred_until_post_FDR","deferred_until_post_FDR"
"reverse|GCST90671700",15,12.1399577116298,14,0.595064078740572,-0.0298857121044755,0.0144620991154355,0.0593053043945481,"not_computed","Binary-outcome population prevalence has not been prespecified; unavailable Steiger is not treated as support","deferred_until_post_FDR","deferred_until_post_FDR","deferred_until_post_FDR"
"reverse|GCST90671701",15,19.8298282059844,14,0.135598494970596,0.0221591029357786,0.0185375901344404,0.253297111096092,"not_computed","Binary-outcome population prevalence has not been prespecified; unavailable Steiger is not treated as support","deferred_until_post_FDR","deferred_until_post_FDR","deferred_until_post_FDR"
"reverse|GCST90671702",15,16.4976787551106,14,0.283935159485068,-0.0163313972313952,0.0180948278631577,0.383185902097507,"not_computed","Binary-outcome population prevalence has not been prespecified; unavailable Steiger is not treated as support","deferred_until_post_FDR","deferred_until_post_FDR","deferred_until_post_FDR"
"reverse|GCST90671703",15,23.5848356849064,14,0.0513942873874738,0.0197193339440383,0.0191767512921328,0.322565091706566,"not_computed","Binary-outcome population prevalence has not been prespecified; unavailable Steiger is not treated as support","deferred_until_post_FDR","deferred_until_post_FDR","deferred_until_post_FDR"
"reverse|GCST90671704",17,21.5864736623495,16,0.157052609020097,-0.000579743812713341,0.00658779257359862,0.931038635514839,"not_computed","Binary-outcome population prevalence has not been prespecified; unavailable Steiger is not treated as support","deferred_until_post_FDR","deferred_until_post_FDR","deferred_until_post_FDR"
"reverse|GCST90671705",15,15.6758554746763,14,0.333567539737988,0.00472437986680519,0.0179479340244022,0.796501593500717,"not_computed","Binary-outcome population prevalence has not been prespecified; unavailable Steiger is not treated as support","deferred_until_post_FDR","deferred_until_post_FDR","deferred_until_post_FDR"
"reverse|GCST90671706",17,10.254276545113,16,0.853016205914859,0.00575353124560337,0.00581034336193145,0.337770957600984,"not_computed","Binary-outcome population prevalence has not been prespecified; unavailable Steiger is not treated as support","deferred_until_post_FDR","deferred_until_post_FDR","deferred_until_post_FDR"
"reverse|GCST90671707",17,10.6341742152235,16,0.831483274529721,0.00029130383563906,0.00545771494514574,0.958137745798413,"not_computed","Binary-outcome population prevalence has not been prespecified; unavailable Steiger is not treated as support","deferred_until_post_FDR","deferred_until_post_FDR","deferred_until_post_FDR"
"reverse|GCST90671708",15,21.7107643480358,14,0.0847559757238925,-0.00836002133706236,0.0182490130398281,0.654438349605811,"not_computed","Binary-outcome population prevalence has not been prespecified; unavailable Steiger is not treated as support","deferred_until_post_FDR","deferred_until_post_FDR","deferred_until_post_FDR"
"reverse|GCST90671709",15,12.551658640433,14,0.562089579431296,-0.00115213202741463,0.013949469677415,0.93543315424438,"not_computed","Binary-outcome population prevalence has not been prespecified; unavailable Steiger is not treated as support","deferred_until_post_FDR","deferred_until_post_FDR","deferred_until_post_FDR"
"reverse|GCST90671710",15,18.0055025602718,14,0.206530339781648,0.0196313998570202,0.0191091886549169,0.323002682423707,"not_computed","Binary-outcome population prevalence has not been prespecified; unavailable Steiger is not treated as support","deferred_until_post_FDR","deferred_until_post_FDR","deferred_until_post_FDR"
"reverse|GCST90671711",17,24.8873748567395,16,0.0718356897283474,0.0108019749797896,0.00644572030585133,0.114483427872854,"not_computed","Binary-outcome population prevalence has not been prespecified; unavailable Steiger is not treated as support","deferred_until_post_FDR","deferred_until_post_FDR","deferred_until_post_FDR"
"reverse|GCST90671712",15,13.250722569484,14,0.506883461422877,0.0162048768543454,0.0138178168475051,0.261937093426071,"not_computed","Binary-outcome population prevalence has not been prespecified; unavailable Steiger is not treated as support","deferred_until_post_FDR","deferred_until_post_FDR","deferred_until_post_FDR"
"reverse|GCST90671713",17,7.49031876522819,16,0.962613714633545,-0.00070596630373052,0.00590530480022143,0.906427806146623,"not_computed","Binary-outcome population prevalence has not been prespecified; unavailable Steiger is not treated as support","deferred_until_post_FDR","deferred_until_post_FDR","deferred_until_post_FDR"
"reverse|GCST90671714",15,14.4115212042013,14,0.419523890819319,0.0265048598237386,0.0217176299491946,0.243977618165704,"not_computed","Binary-outcome population prevalence has not been prespecified; unavailable Steiger is not treated as support","deferred_until_post_FDR","deferred_until_post_FDR","deferred_until_post_FDR"
"reverse|GCST90671715",15,17.2070004863677,14,0.245314546615525,0.00778591155842543,0.0177211037257358,0.66761680158083,"not_computed","Binary-outcome population prevalence has not been prespecified; unavailable Steiger is not treated as support","deferred_until_post_FDR","deferred_until_post_FDR","deferred_until_post_FDR"
"reverse|GCST90671716",15,12.5295601182184,14,0.563853883961639,0.00873485939828918,0.0140406128866066,0.544624290103209,"not_computed","Binary-outcome population prevalence has not been prespecified; unavailable Steiger is not treated as support","deferred_until_post_FDR","deferred_until_post_FDR","deferred_until_post_FDR"
"reverse|GCST90671717",15,13.9111639653324,14,0.45635023810847,0.0249906013528704,0.0138192061877595,0.0937237608393012,"not_computed","Binary-outcome population prevalence has not been prespecified; unavailable Steiger is not treated as support","deferred_until_post_FDR","deferred_until_post_FDR","deferred_until_post_FDR"
"reverse|GCST90671718",15,13.6116149578044,14,0.4790283339139,0.00782446788340647,0.0189115074205342,0.685808071052715,"not_computed","Binary-outcome population prevalence has not been prespecified; unavailable Steiger is not treated as support","deferred_until_post_FDR","deferred_until_post_FDR","deferred_until_post_FDR"
"reverse|GCST90671719",15,21.3097105881396,14,0.0939551131170458,0.000690930142927248,0.0257966099726507,0.979038999390509,"not_computed","Binary-outcome population prevalence has not been prespecified; unavailable Steiger is not treated as support","deferred_until_post_FDR","deferred_until_post_FDR","deferred_until_post_FDR"
"reverse|GCST90671720",17,13.3539600944344,16,0.646722576829339,0.00867960332552025,0.00553326209502428,0.137586261812494,"not_computed","Binary-outcome population prevalence has not been prespecified; unavailable Steiger is not treated as support","deferred_until_post_FDR","deferred_until_post_FDR","deferred_until_post_FDR"
"reverse|GCST90671721",15,20.7230098114604,14,0.108944244670217,-0.0113373966175965,0.0206579869053132,0.592434425939844,"not_computed","Binary-outcome population prevalence has not been prespecified; unavailable Steiger is not treated as support","deferred_until_post_FDR","deferred_until_post_FDR","deferred_until_post_FDR"
"reverse|GCST90671722",17,13.9102347728351,16,0.605401147928045,0.000271825061748325,0.00595227870785552,0.964177787710392,"not_computed","Binary-outcome population prevalence has not been prespecified; unavailable Steiger is not treated as support","deferred_until_post_FDR","deferred_until_post_FDR","deferred_until_post_FDR"
"reverse|GCST90671723",17,14.7752608024282,16,0.54115629800856,0.00174203387252921,0.00558715621951938,0.759489978778333,"not_computed","Binary-outcome population prevalence has not been prespecified; unavailable Steiger is not treated as support","deferred_until_post_FDR","deferred_until_post_FDR","deferred_until_post_FDR"
"reverse|GCST90671724",15,17.0675487871599,14,0.252596043964194,0.00986315030988402,0.0166074186233518,0.562771254686943,"not_computed","Binary-outcome population prevalence has not been prespecified; unavailable Steiger is not treated as support","deferred_until_post_FDR","deferred_until_post_FDR","deferred_until_post_FDR"
"reverse|GCST90671725",15,13.3756029367546,14,0.497184757048108,0.00648083773128047,0.0141098042395484,0.653594501473815,"not_computed","Binary-outcome population prevalence has not been prespecified; unavailable Steiger is not treated as support","deferred_until_post_FDR","deferred_until_post_FDR","deferred_until_post_FDR"
"reverse|GCST90671726",15,16.9434159117834,14,0.259205789797263,0.00847933431416948,0.0178953117503603,0.643480154174654,"not_computed","Binary-outcome population prevalence has not been prespecified; unavailable Steiger is not treated as support","deferred_until_post_FDR","deferred_until_post_FDR","deferred_until_post_FDR"
"reverse|GCST90671727",15,8.95766051636099,14,0.833753242036977,-0.0135701774958178,0.0151776610160768,0.387527857499034,"not_computed","Binary-outcome population prevalence has not been prespecified; unavailable Steiger is not treated as support","deferred_until_post_FDR","deferred_until_post_FDR","deferred_until_post_FDR"
"reverse|GCST90671728",15,26.5192774704439,14,0.02221664087717,-0.018925749087654,0.0210819350366224,0.385657482050703,"not_computed","Binary-outcome population prevalence has not been prespecified; unavailable Steiger is not treated as support","deferred_until_post_FDR","deferred_until_post_FDR","deferred_until_post_FDR"
"reverse|GCST90671729",15,21.0652120094115,14,0.0999730140182802,0.00656282179365793,0.0180557171074244,0.722091680361204,"not_computed","Binary-outcome population prevalence has not been prespecified; unavailable Steiger is not treated as support","deferred_until_post_FDR","deferred_until_post_FDR","deferred_until_post_FDR"
"reverse|GCST90671730",17,18.6495718031753,16,0.287253256401552,0.00389609265601327,0.00640820247525525,0.55229221813888,"not_computed","Binary-outcome population prevalence has not been prespecified; unavailable Steiger is not treated as support","deferred_until_post_FDR","deferred_until_post_FDR","deferred_until_post_FDR"
"reverse|GCST90671731",15,20.3214631382385,14,0.120327824620134,0.00651606407464045,0.0223426874762089,0.775162155253053,"not_computed","Binary-outcome population prevalence has not been prespecified; unavailable Steiger is not treated as support","deferred_until_post_FDR","deferred_until_post_FDR","deferred_until_post_FDR"
"reverse|GCST90671732",15,9.47029896208065,14,0.799795824700691,0.00306363392039927,0.018288402182395,0.869540448883923,"not_computed","Binary-outcome population prevalence has not been prespecified; unavailable Steiger is not treated as support","deferred_until_post_FDR","deferred_until_post_FDR","deferred_until_post_FDR"
"reverse|GCST90671733",15,13.1027968903719,14,0.518445727334986,0.010877022000409,0.0140189314468097,0.451704319736203,"not_computed","Binary-outcome population prevalence has not been prespecified; unavailable Steiger is not treated as support","deferred_until_post_FDR","deferred_until_post_FDR","deferred_until_post_FDR"
"reverse|GCST90671734",17,9.80688294383546,16,0.876516789506033,0.00113915493392115,0.00560368506746744,0.841642896769584,"not_computed","Binary-outcome population prevalence has not been prespecified; unavailable Steiger is not treated as support","deferred_until_post_FDR","deferred_until_post_FDR","deferred_until_post_FDR"
"reverse|GCST90671735",17,5.85808495042616,16,0.989557238766892,8.03313078804268e-05,0.00544117153221278,0.988415354569213,"not_computed","Binary-outcome population prevalence has not been prespecified; unavailable Steiger is not treated as support","deferred_until_post_FDR","deferred_until_post_FDR","deferred_until_post_FDR"
"reverse|GCST90671736",15,17.1226987357494,14,0.249698184798887,-0.0169409094506031,0.0257747112259518,0.522475419169384,"not_computed","Binary-outcome population prevalence has not been prespecified; unavailable Steiger is not treated as support","deferred_until_post_FDR","deferred_until_post_FDR","deferred_until_post_FDR"
"reverse|GCST90671737",15,14.6503440508622,14,0.402466173650201,-0.00900272932037955,0.0219667927973305,0.688601258253521,"not_computed","Binary-outcome population prevalence has not been prespecified; unavailable Steiger is not treated as support","deferred_until_post_FDR","deferred_until_post_FDR","deferred_until_post_FDR"
"reverse|GCST90671738",15,9.53003776479497,14,0.795673299338765,0.00264485530685097,0.0165188077127807,0.875254129723674,"not_computed","Binary-outcome population prevalence has not been prespecified; unavailable Steiger is not treated as support","deferred_until_post_FDR","deferred_until_post_FDR","deferred_until_post_FDR"
"reverse|GCST90671739",15,14.137493897099,14,0.439518681644601,0.00709628575371211,0.0163643430262873,0.671656768986367,"not_computed","Binary-outcome population prevalence has not been prespecified; unavailable Steiger is not treated as support","deferred_until_post_FDR","deferred_until_post_FDR","deferred_until_post_FDR"
"reverse|GCST90671740",17,13.7951221176445,16,0.613973681579304,0.00498546420056754,0.00602915460051011,0.421257647776406,"not_computed","Binary-outcome population prevalence has not been prespecified; unavailable Steiger is not treated as support","deferred_until_post_FDR","deferred_until_post_FDR","deferred_until_post_FDR"
"reverse|GCST90671741",17,14.3591386356117,16,0.571977776684074,-0.00113435448614635,0.00593577136763921,0.851006122058139,"not_computed","Binary-outcome population prevalence has not been prespecified; unavailable Steiger is not treated as support","deferred_until_post_FDR","deferred_until_post_FDR","deferred_until_post_FDR"
"reverse|GCST90671742",17,17.1264547716296,16,0.377460265252098,0.0120038979587549,0.00599854178217063,0.063810614932698,"not_computed","Binary-outcome population prevalence has not been prespecified; unavailable Steiger is not treated as support","deferred_until_post_FDR","deferred_until_post_FDR","deferred_until_post_FDR"
"reverse|GCST90671743",17,17.9390171275898,16,0.327480080833356,0.00169653308356513,0.00648125477117939,0.797066806737515,"not_computed","Binary-outcome population prevalence has not been prespecified; unavailable Steiger is not treated as support","deferred_until_post_FDR","deferred_until_post_FDR","deferred_until_post_FDR"
"reverse|GCST90671744",17,15.6381897216304,16,0.478484917461511,-0.00387699709468158,0.00588428574884671,0.519964068625909,"not_computed","Binary-outcome population prevalence has not been prespecified; unavailable Steiger is not treated as support","deferred_until_post_FDR","deferred_until_post_FDR","deferred_until_post_FDR"
"reverse|GCST90671745",17,8.6833918165063,16,0.925877105688856,-0.00372818396764797,0.00555168417023248,0.512086268313317,"not_computed","Binary-outcome population prevalence has not been prespecified; unavailable Steiger is not treated as support","deferred_until_post_FDR","deferred_until_post_FDR","deferred_until_post_FDR"
"reverse|GCST90671746",17,23.2057172082944,16,0.108344889155806,0.0121616136982262,0.00678217652127422,0.0931288729037079,"not_computed","Binary-outcome population prevalence has not been prespecified; unavailable Steiger is not treated as support","deferred_until_post_FDR","deferred_until_post_FDR","deferred_until_post_FDR"
"reverse|GCST90671747",17,18.669967043342,16,0.286148453639353,0.00328690679986696,0.00653922883280796,0.622513322029429,"not_computed","Binary-outcome population prevalence has not been prespecified; unavailable Steiger is not treated as support","deferred_until_post_FDR","deferred_until_post_FDR","deferred_until_post_FDR"
"reverse|GCST90671748",15,12.6491166137669,14,0.554319373347654,0.0158492052832945,0.0140572209165452,0.27992094002107,"not_computed","Binary-outcome population prevalence has not been prespecified; unavailable Steiger is not treated as support","deferred_until_post_FDR","deferred_until_post_FDR","deferred_until_post_FDR"
"reverse|GCST90671749",17,16.0794263834757,16,0.447431277622137,-0.0058516957986102,0.00602509439058968,0.346840196821193,"not_computed","Binary-outcome population prevalence has not been prespecified; unavailable Steiger is not treated as support","deferred_until_post_FDR","deferred_until_post_FDR","deferred_until_post_FDR"
"reverse|GCST90671750",17,14.0345575565233,16,0.596139267811398,0.00756353625154821,0.00598275955862483,0.22544269356626,"not_computed","Binary-outcome population prevalence has not been prespecified; unavailable Steiger is not treated as support","deferred_until_post_FDR","deferred_until_post_FDR","deferred_until_post_FDR"
"reverse|GCST90671751",17,18.605821083671,16,0.289632701617037,-0.00433997238576546,0.00636969974875879,0.506036066632708,"not_computed","Binary-outcome population prevalence has not been prespecified; unavailable Steiger is not treated as support","deferred_until_post_FDR","deferred_until_post_FDR","deferred_until_post_FDR"
"reverse|GCST90671752",17,17.5277459227212,16,0.352266261406434,-0.000317621939633798,0.00622261746522227,0.959964668066945,"not_computed","Binary-outcome population prevalence has not been prespecified; unavailable Steiger is not treated as support","deferred_until_post_FDR","deferred_until_post_FDR","deferred_until_post_FDR"
"reverse|GCST90671753",17,16.2495143127031,16,0.435686317988439,-0.00551659909741322,0.00557865639552381,0.33840795561954,"not_computed","Binary-outcome population prevalence has not been prespecified; unavailable Steiger is not treated as support","deferred_until_post_FDR","deferred_until_post_FDR","deferred_until_post_FDR"
"reverse|GCST90671754",15,11.9843489701215,14,0.607559739062883,0.0170934809650047,0.016193843844511,0.310394602408699,"not_computed","Binary-outcome population prevalence has not been prespecified; unavailable Steiger is not treated as support","deferred_until_post_FDR","deferred_until_post_FDR","deferred_until_post_FDR"
"reverse|GCST90671755",17,14.2458472163729,16,0.580404406346276,-0.00696469908006297,0.00598275955862483,0.262554553133064,"not_computed","Binary-outcome population prevalence has not been prespecified; unavailable Steiger is not treated as support","deferred_until_post_FDR","deferred_until_post_FDR","deferred_until_post_FDR"
"reverse|GCST90671756",15,11.4692546063605,14,0.648842655863446,-0.0078741091179228,0.0178960785953295,0.667170275722185,"not_computed","Binary-outcome population prevalence has not been prespecified; unavailable Steiger is not treated as support","deferred_until_post_FDR","deferred_until_post_FDR","deferred_until_post_FDR"
"reverse|GCST90671757",17,7.36010410991247,16,0.965679968764238,0.00265417584757362,0.00570213061214526,0.6482806324993,"not_computed","Binary-outcome population prevalence has not been prespecified; unavailable Steiger is not treated as support","deferred_until_post_FDR","deferred_until_post_FDR","deferred_until_post_FDR"
"reverse|GCST90671758",15,12.2877535227191,14,0.583205969863691,0.0153357461793707,0.0203603648263542,0.464743330051111,"not_computed","Binary-outcome population prevalence has not been prespecified; unavailable Steiger is not treated as support","deferred_until_post_FDR","deferred_until_post_FDR","deferred_until_post_FDR"
"reverse|GCST90671759",17,10.9731628783349,16,0.811138755607793,-0.00378305519681229,0.00588689499699612,0.530169378190218,"not_computed","Binary-outcome population prevalence has not been prespecified; unavailable Steiger is not treated as support","deferred_until_post_FDR","deferred_until_post_FDR","deferred_until_post_FDR"
"reverse|GCST90671760",15,10.6589340191729,14,0.712597199970706,0.0169011791040692,0.0137932724291007,0.242191613708205,"not_computed","Binary-outcome population prevalence has not been prespecified; unavailable Steiger is not treated as support","deferred_until_post_FDR","deferred_until_post_FDR","deferred_until_post_FDR"
"reverse|GCST90671761",15,27.2452838698795,14,0.0178871902543555,0.0191253130255523,0.0201772545642672,0.360486068406998,"not_computed","Binary-outcome population prevalence has not been prespecified; unavailable Steiger is not treated as support","deferred_until_post_FDR","deferred_until_post_FDR","deferred_until_post_FDR"
"reverse|GCST90671762",17,9.96829109863575,16,0.868278982850607,-0.000241630824537263,0.00543866869012183,0.965149058535114,"not_computed","Binary-outcome population prevalence has not been prespecified; unavailable Steiger is not treated as support","deferred_until_post_FDR","deferred_until_post_FDR","deferred_until_post_FDR"
"reverse|GCST90671763",17,13.0881883856589,16,0.666299101002952,-0.00110651237858143,0.00584658456593145,0.852427743311336,"not_computed","Binary-outcome population prevalence has not been prespecified; unavailable Steiger is not treated as support","deferred_until_post_FDR","deferred_until_post_FDR","deferred_until_post_FDR"
"reverse|GCST90671764",15,9.45886834490836,14,0.800580930084458,0.0171357211409412,0.014549219287274,0.259997793197421,"not_computed","Binary-outcome population prevalence has not been prespecified; unavailable Steiger is not treated as support","deferred_until_post_FDR","deferred_until_post_FDR","deferred_until_post_FDR"
"reverse|GCST90671765",17,25.4762839260138,16,0.0618572213872023,-0.0113682703996685,0.00634905782016962,0.093565865340484,"not_computed","Binary-outcome population prevalence has not been prespecified; unavailable Steiger is not treated as support","deferred_until_post_FDR","deferred_until_post_FDR","deferred_until_post_FDR"
"reverse|GCST90671766",17,20.8527761460298,16,0.18423938813073,-0.000383497555960078,0.00696206925169507,0.956798660438177,"not_computed","Binary-outcome population prevalence has not been prespecified; unavailable Steiger is not treated as support","deferred_until_post_FDR","deferred_until_post_FDR","deferred_until_post_FDR"
"reverse|GCST90671767",15,16.2768722271148,14,0.296760071899526,-0.0185451669708104,0.0180057945930513,0.321813374507373,"not_computed","Binary-outcome population prevalence has not been prespecified; unavailable Steiger is not treated as support","deferred_until_post_FDR","deferred_until_post_FDR","deferred_until_post_FDR"
"reverse|GCST90671768",17,14.9020683162619,16,0.531822591926521,0.000354375541571909,0.0060374982965397,0.953969259690331,"not_computed","Binary-outcome population prevalence has not been prespecified; unavailable Steiger is not treated as support","deferred_until_post_FDR","deferred_until_post_FDR","deferred_until_post_FDR"
"reverse|GCST90671769",15,18.3731170586226,14,0.190311661057821,0.0154607526897956,0.0185758721539428,0.420265184469393,"not_computed","Binary-outcome population prevalence has not been prespecified; unavailable Steiger is not treated as support","deferred_until_post_FDR","deferred_until_post_FDR","deferred_until_post_FDR"
"reverse|GCST90671770",17,13.2510936016214,16,0.654317580612762,0.000207321712389262,0.0053987798056657,0.969873929762054,"not_computed","Binary-outcome population prevalence has not been prespecified; unavailable Steiger is not treated as support","deferred_until_post_FDR","deferred_until_post_FDR","deferred_until_post_FDR"
"reverse|GCST90671771",15,12.1307277419175,14,0.595805071276216,0.0148501069384954,0.0140400447059529,0.30945271693539,"not_computed","Binary-outcome population prevalence has not been prespecified; unavailable Steiger is not treated as support","deferred_until_post_FDR","deferred_until_post_FDR","deferred_until_post_FDR"
"reverse|GCST90671772",15,22.30188271199,14,0.0726206099216728,-0.00804542541258948,0.018506321028644,0.670881070910766,"not_computed","Binary-outcome population prevalence has not been prespecified; unavailable Steiger is not treated as support","deferred_until_post_FDR","deferred_until_post_FDR","deferred_until_post_FDR"
"reverse|GCST90671773",15,12.551658640433,14,0.562089579431296,-0.00115213202741463,0.013949469677415,0.93543315424438,"not_computed","Binary-outcome population prevalence has not been prespecified; unavailable Steiger is not treated as support","deferred_until_post_FDR","deferred_until_post_FDR","deferred_until_post_FDR"
"reverse|GCST90671774",15,16.7577368004023,14,0.269318154383691,0.0132655275622323,0.0182404583773076,0.479960662664708,"not_computed","Binary-outcome population prevalence has not been prespecified; unavailable Steiger is not treated as support","deferred_until_post_FDR","deferred_until_post_FDR","deferred_until_post_FDR"
"reverse|GCST90671775",17,24.8873748567395,16,0.0718356897283474,0.0108019749797896,0.00644572030585133,0.114483427872854,"not_computed","Binary-outcome population prevalence has not been prespecified; unavailable Steiger is not treated as support","deferred_until_post_FDR","deferred_until_post_FDR","deferred_until_post_FDR"
"reverse|GCST90671776",15,14.0058633573054,14,0.449274319118437,0.0185907977065007,0.0146192114252946,0.225770751440615,"not_computed","Binary-outcome population prevalence has not been prespecified; unavailable Steiger is not treated as support","deferred_until_post_FDR","deferred_until_post_FDR","deferred_until_post_FDR"
"reverse|GCST90671777",15,11.8389878470149,14,0.619231577883554,0.015252951859525,0.0173852531565115,0.396221227861045,"not_computed","Binary-outcome population prevalence has not been prespecified; unavailable Steiger is not treated as support","deferred_until_post_FDR","deferred_until_post_FDR","deferred_until_post_FDR"
"reverse|GCST90671778",15,20.1380920819942,14,0.125847465616614,0.00753286782407126,0.0187585100384228,0.694523394925019,"not_computed","Binary-outcome population prevalence has not been prespecified; unavailable Steiger is not treated as support","deferred_until_post_FDR","deferred_until_post_FDR","deferred_until_post_FDR"
"reverse|GCST90671779",15,21.3097105881396,14,0.0939551131170458,0.000690930142927248,0.0257966099726507,0.979038999390509,"not_computed","Binary-outcome population prevalence has not been prespecified; unavailable Steiger is not treated as support","deferred_until_post_FDR","deferred_until_post_FDR","deferred_until_post_FDR"
"reverse|GCST90671780",15,21.6805994150734,14,0.0854197843247219,-0.0116294691789118,0.0210716028347402,0.59037716920628,"not_computed","Binary-outcome population prevalence has not been prespecified; unavailable Steiger is not treated as support","deferred_until_post_FDR","deferred_until_post_FDR","deferred_until_post_FDR"
"reverse|GCST90671781",17,14.7752608024282,16,0.54115629800856,0.00174203387252921,0.00558715621951938,0.759489978778333,"not_computed","Binary-outcome population prevalence has not been prespecified; unavailable Steiger is not treated as support","deferred_until_post_FDR","deferred_until_post_FDR","deferred_until_post_FDR"
"reverse|GCST90671782",15,26.5192774704439,14,0.02221664087717,-0.018925749087654,0.0210819350366224,0.385657482050703,"not_computed","Binary-outcome population prevalence has not been prespecified; unavailable Steiger is not treated as support","deferred_until_post_FDR","deferred_until_post_FDR","deferred_until_post_FDR"
"reverse|GCST90671783",15,9.47029896208065,14,0.799795824700691,0.00306363392039927,0.018288402182395,0.869540448883923,"not_computed","Binary-outcome population prevalence has not been prespecified; unavailable Steiger is not treated as support","deferred_until_post_FDR","deferred_until_post_FDR","deferred_until_post_FDR"
"reverse|GCST90671784",15,13.1027968903719,14,0.518445727334986,0.010877022000409,0.0140189314468097,0.451704319736203,"not_computed","Binary-outcome population prevalence has not been prespecified; unavailable Steiger is not treated as support","deferred_until_post_FDR","deferred_until_post_FDR","deferred_until_post_FDR"
"reverse|GCST90671785",15,17.1226987357494,14,0.249698184798887,-0.0169409094506031,0.0257747112259518,0.522475419169384,"not_computed","Binary-outcome population prevalence has not been prespecified; unavailable Steiger is not treated as support","deferred_until_post_FDR","deferred_until_post_FDR","deferred_until_post_FDR"
"reverse|GCST90671786",15,9.79190921834616,14,0.777233520239538,0.0064668949014228,0.0162618689676399,0.697324718011855,"not_computed","Binary-outcome population prevalence has not been prespecified; unavailable Steiger is not treated as support","deferred_until_post_FDR","deferred_until_post_FDR","deferred_until_post_FDR"
"reverse|GCST90671787",15,14.137493897099,14,0.439518681644601,0.00709628575371211,0.0163643430262873,0.671656768986367,"not_computed","Binary-outcome population prevalence has not been prespecified; unavailable Steiger is not treated as support","deferred_until_post_FDR","deferred_until_post_FDR","deferred_until_post_FDR"
"reverse|GCST90671788",17,11.6479778098464,16,0.767836318673825,0.0109213656608353,0.00604667139094604,0.0909929166524801,"not_computed","Binary-outcome population prevalence has not been prespecified; unavailable Steiger is not treated as support","deferred_until_post_FDR","deferred_until_post_FDR","deferred_until_post_FDR"
"reverse|GCST90671789",17,14.6516150024142,16,0.550287264805589,-0.000963491757220668,0.00593333993505137,0.873169152613244,"not_computed","Binary-outcome population prevalence has not been prespecified; unavailable Steiger is not treated as support","deferred_until_post_FDR","deferred_until_post_FDR","deferred_until_post_FDR"
"reverse|GCST90671790",17,15.6349187116974,16,0.478718029195658,-0.00382382409798951,0.00588597189497609,0.5257423610441,"not_computed","Binary-outcome population prevalence has not been prespecified; unavailable Steiger is not treated as support","deferred_until_post_FDR","deferred_until_post_FDR","deferred_until_post_FDR"
"reverse|GCST90671791",17,25.1420964234285,16,0.0673592825391261,-0.00727000210022445,0.00753548412439721,0.349957963862255,"not_computed","Binary-outcome population prevalence has not been prespecified; unavailable Steiger is not treated as support","deferred_until_post_FDR","deferred_until_post_FDR","deferred_until_post_FDR"
"reverse|GCST90671792",17,27.1947630762975,16,0.0393684990006698,-0.00314938015987701,0.00797957629251164,0.698634047825059,"not_computed","Binary-outcome population prevalence has not been prespecified; unavailable Steiger is not treated as support","deferred_until_post_FDR","deferred_until_post_FDR","deferred_until_post_FDR"
"reverse|GCST90671793",17,14.1633495056069,16,0.586545991751726,0.00233185896479519,0.00599486111713863,0.702759690414434,"not_computed","Binary-outcome population prevalence has not been prespecified; unavailable Steiger is not treated as support","deferred_until_post_FDR","deferred_until_post_FDR","deferred_until_post_FDR"
"reverse|GCST90671794",15,12.6491166137669,14,0.554319373347654,0.0158492052832945,0.0140572209165452,0.27992094002107,"not_computed","Binary-outcome population prevalence has not been prespecified; unavailable Steiger is not treated as support","deferred_until_post_FDR","deferred_until_post_FDR","deferred_until_post_FDR"
"reverse|GCST90671795",17,17.791214892933,16,0.336263966783,0.00172791451421313,0.00630510244636171,0.787784001607386,"not_computed","Binary-outcome population prevalence has not been prespecified; unavailable Steiger is not treated as support","deferred_until_post_FDR","deferred_until_post_FDR","deferred_until_post_FDR"
"reverse|GCST90671796",15,11.4692546063605,14,0.648842655863446,-0.0078741091179228,0.0178960785953295,0.667170275722185,"not_computed","Binary-outcome population prevalence has not been prespecified; unavailable Steiger is not treated as support","deferred_until_post_FDR","deferred_until_post_FDR","deferred_until_post_FDR"
"reverse|GCST90671797",17,7.36010410991247,16,0.965679968764238,0.00265417584757362,0.00570213061214526,0.6482806324993,"not_computed","Binary-outcome population prevalence has not been prespecified; unavailable Steiger is not treated as support","deferred_until_post_FDR","deferred_until_post_FDR","deferred_until_post_FDR"
"reverse|GCST90671798",17,9.50723174116646,16,0.891065216535531,0.00045044143172977,0.00544658818101589,0.935182361261145,"not_computed","Binary-outcome population prevalence has not been prespecified; unavailable Steiger is not treated as support","deferred_until_post_FDR","deferred_until_post_FDR","deferred_until_post_FDR"
"reverse|GCST90671799",17,25.4762839260138,16,0.0618572213872023,-0.0113682703996685,0.00634905782016962,0.093565865340484,"not_computed","Binary-outcome population prevalence has not been prespecified; unavailable Steiger is not treated as support","deferred_until_post_FDR","deferred_until_post_FDR","deferred_until_post_FDR"
"reverse|GCST90671800",17,20.8527761460298,16,0.18423938813073,-0.000383497555960078,0.00696206925169507,0.956798660438177,"not_computed","Binary-outcome population prevalence has not been prespecified; unavailable Steiger is not treated as support","deferred_until_post_FDR","deferred_until_post_FDR","deferred_until_post_FDR"
"reverse|GCST90671801",17,13.2510936016214,16,0.654317580612762,0.000207321712389262,0.0053987798056657,0.969873929762054,"not_computed","Binary-outcome population prevalence has not been prespecified; unavailable Steiger is not treated as support","deferred_until_post_FDR","deferred_until_post_FDR","deferred_until_post_FDR"
"reverse|GCST90671802",15,12.3206538630209,14,0.580568701411935,0.0149794989140141,0.0140387132729217,0.305380902688482,"not_computed","Binary-outcome population prevalence has not been prespecified; unavailable Steiger is not treated as support","deferred_until_post_FDR","deferred_until_post_FDR","deferred_until_post_FDR"
"reverse|GCST90671803",15,12.551658640433,14,0.562089579431296,-0.00115213202741463,0.013949469677415,0.93543315424438,"not_computed","Binary-outcome population prevalence has not been prespecified; unavailable Steiger is not treated as support","deferred_until_post_FDR","deferred_until_post_FDR","deferred_until_post_FDR"
"reverse|GCST90671804",15,16.7577368004023,14,0.269318154383691,0.0132655275622323,0.0182404583773076,0.479960662664708,"not_computed","Binary-outcome population prevalence has not been prespecified; unavailable Steiger is not treated as support","deferred_until_post_FDR","deferred_until_post_FDR","deferred_until_post_FDR"
"reverse|GCST90671805",15,22.5152161327615,14,0.068629636888272,-0.00880524370677081,0.025836037279375,0.738689698786979,"not_computed","Binary-outcome population prevalence has not been prespecified; unavailable Steiger is not treated as support","deferred_until_post_FDR","deferred_until_post_FDR","deferred_until_post_FDR"
"reverse|GCST90671806",15,9.79190921834616,14,0.777233520239538,0.0064668949014228,0.0162618689676399,0.697324718011855,"not_computed","Binary-outcome population prevalence has not been prespecified; unavailable Steiger is not treated as support","deferred_until_post_FDR","deferred_until_post_FDR","deferred_until_post_FDR"
"reverse|GCST90671807",15,14.137493897099,14,0.439518681644601,0.00709628575371211,0.0163643430262873,0.671656768986367,"not_computed","Binary-outcome population prevalence has not been prespecified; unavailable Steiger is not treated as support","deferred_until_post_FDR","deferred_until_post_FDR","deferred_until_post_FDR"
"reverse|GCST90671808",17,10.4858406826415,16,0.840056169397226,-0.00108520782960138,0.00579769694570893,0.854028485167903,"not_computed","Binary-outcome population prevalence has not been prespecified; unavailable Steiger is not treated as support","deferred_until_post_FDR","deferred_until_post_FDR","deferred_until_post_FDR"
"reverse|GCST90671809",17,15.6349187116974,16,0.478718029195658,-0.00382382409798951,0.00588597189497609,0.5257423610441,"not_computed","Binary-outcome population prevalence has not been prespecified; unavailable Steiger is not treated as support","deferred_until_post_FDR","deferred_until_post_FDR","deferred_until_post_FDR"
"reverse|GCST90671810",17,27.1947630762975,16,0.0393684990006698,-0.00314938015987701,0.00797957629251164,0.698634047825059,"not_computed","Binary-outcome population prevalence has not been prespecified; unavailable Steiger is not treated as support","deferred_until_post_FDR","deferred_until_post_FDR","deferred_until_post_FDR"
"reverse|GCST90671811",17,13.5112079278483,16,0.635076881855824,0.00408475628187939,0.00598275955862483,0.505170654625399,"not_computed","Binary-outcome population prevalence has not been prespecified; unavailable Steiger is not treated as support","deferred_until_post_FDR","deferred_until_post_FDR","deferred_until_post_FDR"
"reverse|GCST90671812",15,12.6491166137669,14,0.554319373347654,0.0158492052832945,0.0140572209165452,0.27992094002107,"not_computed","Binary-outcome population prevalence has not been prespecified; unavailable Steiger is not treated as support","deferred_until_post_FDR","deferred_until_post_FDR","deferred_until_post_FDR"
"reverse|GCST90671813",17,18.3054946019358,16,0.306313809575831,0.00190748717469338,0.00645117797462486,0.771527933477198,"not_computed","Binary-outcome population prevalence has not been prespecified; unavailable Steiger is not treated as support","deferred_until_post_FDR","deferred_until_post_FDR","deferred_until_post_FDR"
"reverse|GCST90671814",15,11.4692546063605,14,0.648842655863446,-0.0078741091179228,0.0178960785953295,0.667170275722185,"not_computed","Binary-outcome population prevalence has not been prespecified; unavailable Steiger is not treated as support","deferred_until_post_FDR","deferred_until_post_FDR","deferred_until_post_FDR"
"reverse|GCST90671815",17,25.4772841712646,16,0.0618413638816038,-0.0113538438938184,0.006350929815646,0.0940333025866781,"not_computed","Binary-outcome population prevalence has not been prespecified; unavailable Steiger is not treated as support","deferred_until_post_FDR","deferred_until_post_FDR","deferred_until_post_FDR"
"reverse|GCST90671816",17,20.8381138325859,16,0.184817589834923,-0.000378032068905548,0.00695964062390531,0.957398857364313,"not_computed","Binary-outcome population prevalence has not been prespecified; unavailable Steiger is not treated as support","deferred_until_post_FDR","deferred_until_post_FDR","deferred_until_post_FDR"
"reverse|GCST90671817",17,13.2510936016214,16,0.654317580612762,0.000207321712389262,0.0053987798056657,0.969873929762054,"not_computed","Binary-outcome population prevalence has not been prespecified; unavailable Steiger is not treated as support","deferred_until_post_FDR","deferred_until_post_FDR","deferred_until_post_FDR"
"reverse|GCST90671818",15,16.7577368004023,14,0.269318154383691,0.0132655275622323,0.0182404583773076,0.479960662664708,"not_computed","Binary-outcome population prevalence has not been prespecified; unavailable Steiger is not treated as support","deferred_until_post_FDR","deferred_until_post_FDR","deferred_until_post_FDR"
"reverse|GCST90671819",15,11.9337256521125,14,0.611625216581669,-0.00770869587920933,0.0150446893671874,0.616974537595799,"not_computed","Binary-outcome population prevalence has not been prespecified; unavailable Steiger is not treated as support","deferred_until_post_FDR","deferred_until_post_FDR","deferred_until_post_FDR"
"reverse|GCST90671820",17,20.5220016778234,16,0.197624165096676,-0.00887568579161967,0.00661664567532881,0.199742408855166,"not_computed","Binary-outcome population prevalence has not been prespecified; unavailable Steiger is not treated as support","deferred_until_post_FDR","deferred_until_post_FDR","deferred_until_post_FDR"
"reverse|GCST90671821",15,12.3066433835423,14,0.581691640262009,0.014924914797162,0.0140624045555023,0.307858099742478,"not_computed","Binary-outcome population prevalence has not been prespecified; unavailable Steiger is not treated as support","deferred_until_post_FDR","deferred_until_post_FDR","deferred_until_post_FDR"
"reverse|GCST90671822",15,20.2786010933146,14,0.121599615514374,0.00276497827801574,0.0171167682340078,0.874154592893573,"not_computed","Binary-outcome population prevalence has not been prespecified; unavailable Steiger is not treated as support","deferred_until_post_FDR","deferred_until_post_FDR","deferred_until_post_FDR"
"reverse|GCST90671823",17,13.7818517316083,16,0.614961545960315,-0.000186996475641625,0.00602924455918284,0.975666565380766,"not_computed","Binary-outcome population prevalence has not been prespecified; unavailable Steiger is not treated as support","deferred_until_post_FDR","deferred_until_post_FDR","deferred_until_post_FDR"
"reverse|GCST90671824",17,10.8726416467171,16,0.817277343002676,0.000425703322795741,0.00595942508564614,0.943996387968636,"not_computed","Binary-outcome population prevalence has not been prespecified; unavailable Steiger is not treated as support","deferred_until_post_FDR","deferred_until_post_FDR","deferred_until_post_FDR"
"reverse|GCST90671825",17,16.2052741392736,16,0.438728275678416,5.71447292510643e-05,0.00625949364840632,0.99283629497154,"not_computed","Binary-outcome population prevalence has not been prespecified; unavailable Steiger is not treated as support","deferred_until_post_FDR","deferred_until_post_FDR","deferred_until_post_FDR"
"reverse|GCST90671826",17,11.4829267752505,16,0.778742173382643,0.000992508214339212,0.00598275955862483,0.870455139597038,"not_computed","Binary-outcome population prevalence has not been prespecified; unavailable Steiger is not treated as support","deferred_until_post_FDR","deferred_until_post_FDR","deferred_until_post_FDR"
"reverse|GCST90671827",17,12.7683848984294,16,0.68961130854242,0.00363305795883483,0.00598517268607502,0.552922462151304,"not_computed","Binary-outcome population prevalence has not been prespecified; unavailable Steiger is not treated as support","deferred_until_post_FDR","deferred_until_post_FDR","deferred_until_post_FDR"
"reverse|GCST90671828",17,11.9621762727065,16,0.746579359396313,0.00132329299671292,0.00600238708563477,0.82848457692861,"not_computed","Binary-outcome population prevalence has not been prespecified; unavailable Steiger is not treated as support","deferred_until_post_FDR","deferred_until_post_FDR","deferred_until_post_FDR"
"reverse|GCST90671829",17,26.9037798595345,16,0.0425650840170282,0.00559210181287743,0.0075973609087727,0.473049539519576,"not_computed","Binary-outcome population prevalence has not been prespecified; unavailable Steiger is not treated as support","deferred_until_post_FDR","deferred_until_post_FDR","deferred_until_post_FDR"
"reverse|GCST90671830",17,22.8014770427724,16,0.119145434819394,0.00160678649810892,0.00742484839734999,0.83158633742389,"not_computed","Binary-outcome population prevalence has not been prespecified; unavailable Steiger is not treated as support","deferred_until_post_FDR","deferred_until_post_FDR","deferred_until_post_FDR"
"reverse|GCST90671831",17,27.7256339901251,16,0.0340889515574201,0.00836665687747557,0.00791052047382322,0.306946088063706,"not_computed","Binary-outcome population prevalence has not been prespecified; unavailable Steiger is not treated as support","deferred_until_post_FDR","deferred_until_post_FDR","deferred_until_post_FDR"
"reverse|GCST90671832",17,13.2910527028316,16,0.651369702891502,0.00603402294136699,0.00599200644954059,0.329898236020296,"not_computed","Binary-outcome population prevalence has not been prespecified; unavailable Steiger is not treated as support","deferred_until_post_FDR","deferred_until_post_FDR","deferred_until_post_FDR"
"reverse|GCST90671833",17,8.43700212032121,16,0.934779793742531,0.00735700133164757,0.00604145051454386,0.242127480762002,"not_computed","Binary-outcome population prevalence has not been prespecified; unavailable Steiger is not treated as support","deferred_until_post_FDR","deferred_until_post_FDR","deferred_until_post_FDR"
"reverse|GCST90671834",17,11.3050215370837,16,0.790278071245819,0.00245669855484652,0.00608169103509857,0.691950030831718,"not_computed","Binary-outcome population prevalence has not been prespecified; unavailable Steiger is not treated as support","deferred_until_post_FDR","deferred_until_post_FDR","deferred_until_post_FDR"
"reverse|GCST90671835",17,22.1201171473594,16,0.139355299328254,-0.00258017739553824,0.00729411859002547,0.728461057382123,"not_computed","Binary-outcome population prevalence has not been prespecified; unavailable Steiger is not treated as support","deferred_until_post_FDR","deferred_until_post_FDR","deferred_until_post_FDR"
"reverse|GCST90671836",17,26.0951145159227,16,0.0527045251805248,0.0112961615987936,0.00739807428988718,0.147592905025491,"not_computed","Binary-outcome population prevalence has not been prespecified; unavailable Steiger is not treated as support","deferred_until_post_FDR","deferred_until_post_FDR","deferred_until_post_FDR"
"reverse|GCST90671837",17,14.8532435379535,16,0.535412374042821,0.00214647658200879,0.00604136342742026,0.727313932055246,"not_computed","Binary-outcome population prevalence has not been prespecified; unavailable Steiger is not treated as support","deferred_until_post_FDR","deferred_until_post_FDR","deferred_until_post_FDR"
"reverse|GCST90671838",17,11.3530936371326,16,0.78718418895556,0.009861908787514,0.00608032889351515,0.125642547192259,"not_computed","Binary-outcome population prevalence has not been prespecified; unavailable Steiger is not treated as support","deferred_until_post_FDR","deferred_until_post_FDR","deferred_until_post_FDR"
"reverse|GCST90671839",17,11.8820392416686,16,0.752059306927363,0.0062162106216807,0.00604714964717219,0.320261976322637,"not_computed","Binary-outcome population prevalence has not been prespecified; unavailable Steiger is not treated as support","deferred_until_post_FDR","deferred_until_post_FDR","deferred_until_post_FDR"
"reverse|GCST90671840",17,16.0246839261048,16,0.451239370657525,0.00140633487505398,0.00619056429177245,0.823355639505534,"not_computed","Binary-outcome population prevalence has not been prespecified; unavailable Steiger is not treated as support","deferred_until_post_FDR","deferred_until_post_FDR","deferred_until_post_FDR"
"reverse|GCST90671841",17,7.58957594112543,16,0.960156734711793,0.00144950212767471,0.0059461943622897,0.810711749392323,"not_computed","Binary-outcome population prevalence has not been prespecified; unavailable Steiger is not treated as support","deferred_until_post_FDR","deferred_until_post_FDR","deferred_until_post_FDR"
"reverse|GCST90671842",17,17.9683635168396,16,0.325752788627348,0.0110820575709863,0.00607802830113286,0.0882474298675337,"not_computed","Binary-outcome population prevalence has not been prespecified; unavailable Steiger is not treated as support","deferred_until_post_FDR","deferred_until_post_FDR","deferred_until_post_FDR"
"reverse|GCST90671843",17,14.4752007931954,16,0.563357455841668,-0.00873779805999141,0.00604998953570875,0.169226978508659,"not_computed","Binary-outcome population prevalence has not been prespecified; unavailable Steiger is not treated as support","deferred_until_post_FDR","deferred_until_post_FDR","deferred_until_post_FDR"
"reverse|GCST90671844",17,10.8022805145562,16,0.821521847211306,0.0025617528563247,0.00604674027599389,0.677827276903572,"not_computed","Binary-outcome population prevalence has not been prespecified; unavailable Steiger is not treated as support","deferred_until_post_FDR","deferred_until_post_FDR","deferred_until_post_FDR"
"reverse|GCST90671845",17,17.2618212132215,16,0.368853523938067,0.00158024407544903,0.00637735302739015,0.807656859131046,"not_computed","Binary-outcome population prevalence has not been prespecified; unavailable Steiger is not treated as support","deferred_until_post_FDR","deferred_until_post_FDR","deferred_until_post_FDR"
"reverse|GCST90671846",17,11.1393682989543,16,0.800802182347739,0.0100504339769575,0.00612152051963811,0.121421579503661,"not_computed","Binary-outcome population prevalence has not been prespecified; unavailable Steiger is not treated as support","deferred_until_post_FDR","deferred_until_post_FDR","deferred_until_post_FDR"
"reverse|GCST90671847",17,11.8627715366123,16,0.753371114568267,0.00115243894778851,0.00594307766011854,0.848845734657932,"not_computed","Binary-outcome population prevalence has not been prespecified; unavailable Steiger is not treated as support","deferred_until_post_FDR","deferred_until_post_FDR","deferred_until_post_FDR"
"reverse|GCST90671848",17,7.14394540385992,16,0.970385736318501,0.00199394436196195,0.00604234921188332,0.745967430232348,"not_computed","Binary-outcome population prevalence has not been prespecified; unavailable Steiger is not treated as support","deferred_until_post_FDR","deferred_until_post_FDR","deferred_until_post_FDR"
"reverse|GCST90671849",17,23.1043675393125,16,0.110972869818396,0.00198541476880533,0.00742260199780628,0.792740684904241,"not_computed","Binary-outcome population prevalence has not been prespecified; unavailable Steiger is not treated as support","deferred_until_post_FDR","deferred_until_post_FDR","deferred_until_post_FDR"
"reverse|GCST90671850",17,17.0566785700943,16,0.381938656160298,-0.00322835087153025,0.00624173534886074,0.61254505157343,"not_computed","Binary-outcome population prevalence has not been prespecified; unavailable Steiger is not treated as support","deferred_until_post_FDR","deferred_until_post_FDR","deferred_until_post_FDR"
"reverse|GCST90671851",17,15.8330014615413,16,0.464675720353088,-0.00592070180634843,0.0059461040098276,0.335174806859127,"not_computed","Binary-outcome population prevalence has not been prespecified; unavailable Steiger is not treated as support","deferred_until_post_FDR","deferred_until_post_FDR","deferred_until_post_FDR"
"reverse|GCST90671852",17,13.6380445830303,16,0.625658727114928,0.00814699384021246,0.00595413929782221,0.191368445545579,"not_computed","Binary-outcome population prevalence has not been prespecified; unavailable Steiger is not treated as support","deferred_until_post_FDR","deferred_until_post_FDR","deferred_until_post_FDR"
"reverse|GCST90671853",17,30.2152144906631,16,0.016917756074309,0.0112417438709318,0.00807272008753731,0.184052723705766,"not_computed","Binary-outcome population prevalence has not been prespecified; unavailable Steiger is not treated as support","deferred_until_post_FDR","deferred_until_post_FDR","deferred_until_post_FDR"
"reverse|GCST90671854",17,10.017923744106,16,0.865690628238618,0.00320803800595515,0.0058974010977962,0.594452736040799,"not_computed","Binary-outcome population prevalence has not been prespecified; unavailable Steiger is not treated as support","deferred_until_post_FDR","deferred_until_post_FDR","deferred_until_post_FDR"
"reverse|GCST90671855",17,9.68944476277098,16,0.882335210723191,0.00126982139012946,0.00590819027775209,0.832720081422032,"not_computed","Binary-outcome population prevalence has not been prespecified; unavailable Steiger is not treated as support","deferred_until_post_FDR","deferred_until_post_FDR","deferred_until_post_FDR"
"reverse|GCST90671856",17,14.262483709142,16,0.579166376912798,0.00224214637182293,0.00607828231774901,0.717373194966325,"not_computed","Binary-outcome population prevalence has not been prespecified; unavailable Steiger is not treated as support","deferred_until_post_FDR","deferred_until_post_FDR","deferred_until_post_FDR"
"reverse|GCST90671857",17,15.1986838479692,16,0.510137565808861,0.00897060130565624,0.00605003882713974,0.158849108656794,"not_computed","Binary-outcome population prevalence has not been prespecified; unavailable Steiger is not treated as support","deferred_until_post_FDR","deferred_until_post_FDR","deferred_until_post_FDR"
"reverse|GCST90671858",17,11.5047932862905,16,0.777308302744867,0.00644954755762047,0.00603154585288518,0.30183958555102,"not_computed","Binary-outcome population prevalence has not been prespecified; unavailable Steiger is not treated as support","deferred_until_post_FDR","deferred_until_post_FDR","deferred_until_post_FDR"
"reverse|GCST90671859",17,12.6300641214552,16,0.699589265869211,-0.00234131048148675,0.0060353360410316,0.703514845688662,"not_computed","Binary-outcome population prevalence has not been prespecified; unavailable Steiger is not treated as support","deferred_until_post_FDR","deferred_until_post_FDR","deferred_until_post_FDR"
"reverse|GCST90671860",17,12.2384079792966,16,0.727411595079064,0.00984022138166952,0.00568362286145238,0.10390270719261,"not_computed","Binary-outcome population prevalence has not been prespecified; unavailable Steiger is not treated as support","deferred_until_post_FDR","deferred_until_post_FDR","deferred_until_post_FDR"
"reverse|GCST90671861",17,16.4266603853775,16,0.423600196716998,0.000724164429674982,0.00635775801641081,0.91082567041047,"not_computed","Binary-outcome population prevalence has not been prespecified; unavailable Steiger is not treated as support","deferred_until_post_FDR","deferred_until_post_FDR","deferred_until_post_FDR"
"reverse|GCST90671862",17,11.8837761132375,16,0.751940944014029,-0.0022082112530578,0.00602284492333378,0.719008449970553,"not_computed","Binary-outcome population prevalence has not been prespecified; unavailable Steiger is not treated as support","deferred_until_post_FDR","deferred_until_post_FDR","deferred_until_post_FDR"
"reverse|GCST90671863",17,17.5746583003158,16,0.349385087964397,0.00176449420303312,0.00661044992880472,0.793161728453757,"not_computed","Binary-outcome population prevalence has not been prespecified; unavailable Steiger is not treated as support","deferred_until_post_FDR","deferred_until_post_FDR","deferred_until_post_FDR"
"reverse|GCST90671864",17,11.7128866600606,16,0.763496525617497,0.000262608321845378,0.0058974010977962,0.965069732976999,"not_computed","Binary-outcome population prevalence has not been prespecified; unavailable Steiger is not treated as support","deferred_until_post_FDR","deferred_until_post_FDR","deferred_until_post_FDR"
"reverse|GCST90671865",17,11.3504287731537,16,0.787356155371978,0.00538035412197145,0.00600645938510069,0.384530137008716,"not_computed","Binary-outcome population prevalence has not been prespecified; unavailable Steiger is not treated as support","deferred_until_post_FDR","deferred_until_post_FDR","deferred_until_post_FDR"
"reverse|GCST90671866",17,9.52527698202514,16,0.890216962436199,-0.00159269147154124,0.0059864776471145,0.793824246530382,"not_computed","Binary-outcome population prevalence has not been prespecified; unavailable Steiger is not treated as support","deferred_until_post_FDR","deferred_until_post_FDR","deferred_until_post_FDR"
"reverse|GCST90671867",17,18.0799626895131,16,0.319235350777564,0.00312408352388415,0.0065321308130457,0.639358074519702,"not_computed","Binary-outcome population prevalence has not been prespecified; unavailable Steiger is not treated as support","deferred_until_post_FDR","deferred_until_post_FDR","deferred_until_post_FDR"
"reverse|GCST90671868",17,11.6537824339177,16,0.767449365659109,0.00093058033683724,0.00603154585288518,0.879441312642059,"not_computed","Binary-outcome population prevalence has not been prespecified; unavailable Steiger is not treated as support","deferred_until_post_FDR","deferred_until_post_FDR","deferred_until_post_FDR"
"reverse|GCST90671869",17,13.1488616808429,16,0.661843892965375,-0.00524253675966958,0.00600395055293205,0.396327985910393,"not_computed","Binary-outcome population prevalence has not been prespecified; unavailable Steiger is not treated as support","deferred_until_post_FDR","deferred_until_post_FDR","deferred_until_post_FDR"
"reverse|GCST90671870",17,19.0916563414786,16,0.263938835266927,0.00333845809362454,0.00660949647053019,0.620828370533824,"not_computed","Binary-outcome population prevalence has not been prespecified; unavailable Steiger is not treated as support","deferred_until_post_FDR","deferred_until_post_FDR","deferred_until_post_FDR"
"reverse|GCST90671871",17,14.922849976782,16,0.530296238821355,0.00336767245044558,0.00593333993505137,0.578713927079942,"not_computed","Binary-outcome population prevalence has not been prespecified; unavailable Steiger is not treated as support","deferred_until_post_FDR","deferred_until_post_FDR","deferred_until_post_FDR"
"reverse|GCST90671872",17,17.1783748752186,16,0.37414634811609,0.00582000382056422,0.00622632256752984,0.364726321583877,"not_computed","Binary-outcome population prevalence has not been prespecified; unavailable Steiger is not treated as support","deferred_until_post_FDR","deferred_until_post_FDR","deferred_until_post_FDR"
"reverse|GCST90671873",17,13.7326220483496,16,0.618625309163457,0.004324077359144,0.00584837770005812,0.471099379908576,"not_computed","Binary-outcome population prevalence has not been prespecified; unavailable Steiger is not treated as support","deferred_until_post_FDR","deferred_until_post_FDR","deferred_until_post_FDR"
"reverse|GCST90671874",17,4.28933223993352,16,0.998308069385876,-0.000273589821054957,0.00599494273581602,0.96420179272247,"not_computed","Binary-outcome population prevalence has not been prespecified; unavailable Steiger is not treated as support","deferred_until_post_FDR","deferred_until_post_FDR","deferred_until_post_FDR"
"reverse|GCST90671875",17,13.6818276914692,16,0.62240367435155,-0.00238327047668054,0.0059461943622897,0.694214019288729,"not_computed","Binary-outcome population prevalence has not been prespecified; unavailable Steiger is not treated as support","deferred_until_post_FDR","deferred_until_post_FDR","deferred_until_post_FDR"
"reverse|GCST90671876",17,18.0145640226336,16,0.323044813691665,0.00342851655919137,0.00644173581057027,0.602358497222987,"not_computed","Binary-outcome population prevalence has not been prespecified; unavailable Steiger is not treated as support","deferred_until_post_FDR","deferred_until_post_FDR","deferred_until_post_FDR"
"reverse|GCST90671877",17,9.28201267218692,16,0.901346704083982,0.00806218059415193,0.00608481074940921,0.205012249803393,"not_computed","Binary-outcome population prevalence has not been prespecified; unavailable Steiger is not treated as support","deferred_until_post_FDR","deferred_until_post_FDR","deferred_until_post_FDR"
"reverse|GCST90671878",17,18.7740871422998,16,0.280552207214632,0.00415262642526589,0.00666985686845208,0.542899794689786,"not_computed","Binary-outcome population prevalence has not been prespecified; unavailable Steiger is not treated as support","deferred_until_post_FDR","deferred_until_post_FDR","deferred_until_post_FDR"
"reverse|GCST90671879",17,20.4093911263856,16,0.202345085275579,0.00274828795373253,0.00689795201889126,0.695933636787778,"not_computed","Binary-outcome population prevalence has not been prespecified; unavailable Steiger is not treated as support","deferred_until_post_FDR","deferred_until_post_FDR","deferred_until_post_FDR"
"reverse|GCST90671880",17,9.99357601237062,16,0.866963586605109,0.00498838780648264,0.00604414796363898,0.422119308905618,"not_computed","Binary-outcome population prevalence has not been prespecified; unavailable Steiger is not treated as support","deferred_until_post_FDR","deferred_until_post_FDR","deferred_until_post_FDR"
"reverse|GCST90671881",17,8.23613806350671,16,0.941523382457502,-0.000717073367991767,0.00589459675919748,0.904791522595771,"not_computed","Binary-outcome population prevalence has not been prespecified; unavailable Steiger is not treated as support","deferred_until_post_FDR","deferred_until_post_FDR","deferred_until_post_FDR"
"reverse|GCST90671882",17,7.09900622369999,16,0.971305210044754,-0.000770369650582416,0.0059948935496022,0.89945700990123,"not_computed","Binary-outcome population prevalence has not been prespecified; unavailable Steiger is not treated as support","deferred_until_post_FDR","deferred_until_post_FDR","deferred_until_post_FDR"
"reverse|GCST90671883",17,9.2422799880114,16,0.903101428367771,-0.00293157224681553,0.00608169103509857,0.636740709298467,"not_computed","Binary-outcome population prevalence has not been prespecified; unavailable Steiger is not treated as support","deferred_until_post_FDR","deferred_until_post_FDR","deferred_until_post_FDR"
"reverse|GCST90671884",17,10.0962744452131,16,0.861552473264782,0.00593937093447589,0.00536349674083317,0.285576592685835,"not_computed","Binary-outcome population prevalence has not been prespecified; unavailable Steiger is not treated as support","deferred_until_post_FDR","deferred_until_post_FDR","deferred_until_post_FDR"
"reverse|GCST90671885",17,12.1358559810566,16,0.734575902688927,-0.00516440812540847,0.00595698119245615,0.399625442287311,"not_computed","Binary-outcome population prevalence has not been prespecified; unavailable Steiger is not treated as support","deferred_until_post_FDR","deferred_until_post_FDR","deferred_until_post_FDR"
"reverse|GCST90671886",17,10.8808762920799,16,0.816777754215031,0.00646907805240274,0.00613111392001123,0.308068323576539,"not_computed","Binary-outcome population prevalence has not been prespecified; unavailable Steiger is not treated as support","deferred_until_post_FDR","deferred_until_post_FDR","deferred_until_post_FDR"
"reverse|GCST90671887",17,12.8256688348534,16,0.685459049486485,0.00321735100139591,0.00559568371552087,0.573835207100266,"not_computed","Binary-outcome population prevalence has not been prespecified; unavailable Steiger is not treated as support","deferred_until_post_FDR","deferred_until_post_FDR","deferred_until_post_FDR"
"reverse|GCST90671888",17,11.9998614331032,16,0.743989299134447,-0.0072018269718667,0.00604065248437643,0.251692849017122,"not_computed","Binary-outcome population prevalence has not been prespecified; unavailable Steiger is not treated as support","deferred_until_post_FDR","deferred_until_post_FDR","deferred_until_post_FDR"
"reverse|GCST90671889",17,11.693428679936,16,0.764800412642147,-0.000641355161899231,0.00598517268607502,0.916084258866394,"not_computed","Binary-outcome population prevalence has not been prespecified; unavailable Steiger is not treated as support","deferred_until_post_FDR","deferred_until_post_FDR","deferred_until_post_FDR"
"reverse|GCST90671890",17,19.7394315402769,16,0.232186508534746,-0.00100079418615483,0.00693077055590264,0.887107887899093,"not_computed","Binary-outcome population prevalence has not been prespecified; unavailable Steiger is not treated as support","deferred_until_post_FDR","deferred_until_post_FDR","deferred_until_post_FDR"
"reverse|GCST90671891",17,20.5485406734538,16,0.196523792642599,0.00826465076099982,0.0066414264959278,0.232443036458622,"not_computed","Binary-outcome population prevalence has not been prespecified; unavailable Steiger is not treated as support","deferred_until_post_FDR","deferred_until_post_FDR","deferred_until_post_FDR"
"reverse|GCST90671892",17,10.674020398992,16,0.829145385212809,0.00291151130708344,0.00608232396017879,0.639066148300301,"not_computed","Binary-outcome population prevalence has not been prespecified; unavailable Steiger is not treated as support","deferred_until_post_FDR","deferred_until_post_FDR","deferred_until_post_FDR"
"reverse|GCST90671893",17,20.2111738262009,16,0.210859721334774,0.00538997938349089,0.00687694104376562,0.445372332099909,"not_computed","Binary-outcome population prevalence has not been prespecified; unavailable Steiger is not treated as support","deferred_until_post_FDR","deferred_until_post_FDR","deferred_until_post_FDR"
"reverse|GCST90671894",17,16.465483240557,16,0.420972153077424,0.00711178143961611,0.00600665765345486,0.254843095189508,"not_computed","Binary-outcome population prevalence has not been prespecified; unavailable Steiger is not treated as support","deferred_until_post_FDR","deferred_until_post_FDR","deferred_until_post_FDR"
"reverse|GCST90671895",17,16.2956110140076,16,0.432526601617638,0.00254069994970954,0.00615198487961353,0.685457986565587,"not_computed","Binary-outcome population prevalence has not been prespecified; unavailable Steiger is not treated as support","deferred_until_post_FDR","deferred_until_post_FDR","deferred_until_post_FDR"
"reverse|GCST90671896",17,12.256750405893,16,0.726124502462449,-0.000472261599369479,0.00602511535900679,0.938560122818281,"not_computed","Binary-outcome population prevalence has not been prespecified; unavailable Steiger is not treated as support","deferred_until_post_FDR","deferred_until_post_FDR","deferred_until_post_FDR"
"reverse|GCST90671897",17,12.7163240317104,16,0.693375048037688,0.00312907853463818,0.00608553674228724,0.614615798608548,"not_computed","Binary-outcome population prevalence has not been prespecified; unavailable Steiger is not treated as support","deferred_until_post_FDR","deferred_until_post_FDR","deferred_until_post_FDR"
"reverse|GCST90671898",17,20.4685181823501,16,0.19985585879181,-0.00573270673693292,0.00699268492995484,0.425157403024994,"not_computed","Binary-outcome population prevalence has not been prespecified; unavailable Steiger is not treated as support","deferred_until_post_FDR","deferred_until_post_FDR","deferred_until_post_FDR"
"reverse|GCST90671899",17,20.4733389274331,16,0.199653928807625,0.00931624775009352,0.00668551651322816,0.183774762873669,"not_computed","Binary-outcome population prevalence has not been prespecified; unavailable Steiger is not treated as support","deferred_until_post_FDR","deferred_until_post_FDR","deferred_until_post_FDR"
"reverse|GCST90671900",17,21.6598948634275,16,0.154516456927044,0.00378048035322121,0.00720044703184948,0.607233254018996,"not_computed","Binary-outcome population prevalence has not been prespecified; unavailable Steiger is not treated as support","deferred_until_post_FDR","deferred_until_post_FDR","deferred_until_post_FDR"
"reverse|GCST90671901",17,5.48433889088108,16,0.992770609973748,-0.0021514245928598,0.00602915460051011,0.726184069009296,"not_computed","Binary-outcome population prevalence has not been prespecified; unavailable Steiger is not treated as support","deferred_until_post_FDR","deferred_until_post_FDR","deferred_until_post_FDR"
"reverse|GCST90671902",17,11.0896389509688,16,0.803918826276295,0.00478307412420592,0.00599490056423225,0.437402755362771,"not_computed","Binary-outcome population prevalence has not been prespecified; unavailable Steiger is not treated as support","deferred_until_post_FDR","deferred_until_post_FDR","deferred_until_post_FDR"
"reverse|GCST90671903",17,19.6128583812777,16,0.238165547873181,0.00669654184666651,0.006029879170515,0.284243630448705,"not_computed","Binary-outcome population prevalence has not been prespecified; unavailable Steiger is not treated as support","deferred_until_post_FDR","deferred_until_post_FDR","deferred_until_post_FDR"
"reverse|GCST90671904",17,24.5510251847578,16,0.0781413138934773,0.00907848233207267,0.00729640829678381,0.232503499268003,"not_computed","Binary-outcome population prevalence has not been prespecified; unavailable Steiger is not treated as support","deferred_until_post_FDR","deferred_until_post_FDR","deferred_until_post_FDR"
"reverse|GCST90671905",17,14.0457919297209,16,0.595302315627119,0.00670327391847088,0.00608731987829824,0.288172775878581,"not_computed","Binary-outcome population prevalence has not been prespecified; unavailable Steiger is not treated as support","deferred_until_post_FDR","deferred_until_post_FDR","deferred_until_post_FDR"
"reverse|GCST90671906",17,13.6762225325279,16,0.622820486986104,0.00796044835498761,0.00544903290215225,0.164674838914549,"not_computed","Binary-outcome population prevalence has not been prespecified; unavailable Steiger is not treated as support","deferred_until_post_FDR","deferred_until_post_FDR","deferred_until_post_FDR"
"reverse|GCST90671907",17,16.0171947502629,16,0.451761377937329,0.000231809537484128,0.00585820433933836,0.96895775918623,"not_computed","Binary-outcome population prevalence has not been prespecified; unavailable Steiger is not treated as support","deferred_until_post_FDR","deferred_until_post_FDR","deferred_until_post_FDR"
"reverse|GCST90671908",17,11.6057269182735,16,0.770646020496947,0.00282314478799229,0.00608032889351515,0.649094550664849,"not_computed","Binary-outcome population prevalence has not been prespecified; unavailable Steiger is not treated as support","deferred_until_post_FDR","deferred_until_post_FDR","deferred_until_post_FDR"
"reverse|GCST90671909",17,22.4226172102868,16,0.130062407044614,0.012540572954976,0.00662224522808756,0.0777156473591826,"not_computed","Binary-outcome population prevalence has not been prespecified; unavailable Steiger is not treated as support","deferred_until_post_FDR","deferred_until_post_FDR","deferred_until_post_FDR"
"reverse|GCST90671910",15,12.6529841959479,14,0.554011398038048,0.0167021073455127,0.0143390669435224,0.265030808867963,"not_computed","Binary-outcome population prevalence has not been prespecified; unavailable Steiger is not treated as support","deferred_until_post_FDR","deferred_until_post_FDR","deferred_until_post_FDR"
"reverse|GCST90671911",17,11.8180286925123,16,0.756408542693792,-0.000596580946238653,0.00599069424710285,0.921992853674312,"not_computed","Binary-outcome population prevalence has not been prespecified; unavailable Steiger is not treated as support","deferred_until_post_FDR","deferred_until_post_FDR","deferred_until_post_FDR"
"reverse|GCST90671912",17,12.0875942949369,16,0.737928215850343,-0.00376263048142126,0.00598517268607502,0.539028389263685,"not_computed","Binary-outcome population prevalence has not been prespecified; unavailable Steiger is not treated as support","deferred_until_post_FDR","deferred_until_post_FDR","deferred_until_post_FDR"
"reverse|GCST90671913",17,13.8939823906677,16,0.606611764355624,-0.00614547067576976,0.00591054368932872,0.314927743812237,"not_computed","Binary-outcome population prevalence has not been prespecified; unavailable Steiger is not treated as support","deferred_until_post_FDR","deferred_until_post_FDR","deferred_until_post_FDR"
"reverse|GCST90671914",15,12.0279484044617,14,0.604058214317907,0.000180936204332195,0.0141871632740936,0.990018089913536,"not_computed","Binary-outcome population prevalence has not been prespecified; unavailable Steiger is not treated as support","deferred_until_post_FDR","deferred_until_post_FDR","deferred_until_post_FDR"
"reverse|GCST90671915",17,21.6712427557026,16,0.154127396625698,0.00502965520613135,0.00718674734439244,0.494731752459548,"not_computed","Binary-outcome population prevalence has not been prespecified; unavailable Steiger is not treated as support","deferred_until_post_FDR","deferred_until_post_FDR","deferred_until_post_FDR"
"reverse|GCST90671916",17,9.31673594275976,16,0.899798627725643,0.00749818770560092,0.0060328532406338,0.23298579345308,"not_computed","Binary-outcome population prevalence has not been prespecified; unavailable Steiger is not treated as support","deferred_until_post_FDR","deferred_until_post_FDR","deferred_until_post_FDR"
"reverse|GCST90671917",17,15.3155713320023,16,0.501658328705298,0.00260804499570847,0.00606428006766146,0.673261718789252,"not_computed","Binary-outcome population prevalence has not been prespecified; unavailable Steiger is not treated as support","deferred_until_post_FDR","deferred_until_post_FDR","deferred_until_post_FDR"
"reverse|GCST90671918",17,13.5399826056198,16,0.632941928368568,-0.00722206935073664,0.00591304940461613,0.240792660745523,"not_computed","Binary-outcome population prevalence has not been prespecified; unavailable Steiger is not treated as support","deferred_until_post_FDR","deferred_until_post_FDR","deferred_until_post_FDR"
"reverse|GCST90671919",17,11.3465542971566,16,0.787606083883342,1.70335240120436e-06,0.00604382009614279,0.999778843287201,"not_computed","Binary-outcome population prevalence has not been prespecified; unavailable Steiger is not treated as support","deferred_until_post_FDR","deferred_until_post_FDR","deferred_until_post_FDR"
"reverse|GCST90671920",17,16.2044891689572,16,0.438782333487096,-0.00527826699552472,0.00617796320529106,0.40633869376163,"not_computed","Binary-outcome population prevalence has not been prespecified; unavailable Steiger is not treated as support","deferred_until_post_FDR","deferred_until_post_FDR","deferred_until_post_FDR"
"reverse|GCST90671921",17,20.9388898689644,16,0.180871569438971,-0.00304649133379894,0.00699065899748254,0.669192079328668,"not_computed","Binary-outcome population prevalence has not been prespecified; unavailable Steiger is not treated as support","deferred_until_post_FDR","deferred_until_post_FDR","deferred_until_post_FDR"
"reverse|GCST90671922",17,14.9240420134188,16,0.530208716706002,-0.00179250636567766,0.00598151226712252,0.768538074858599,"not_computed","Binary-outcome population prevalence has not been prespecified; unavailable Steiger is not treated as support","deferred_until_post_FDR","deferred_until_post_FDR","deferred_until_post_FDR"
"reverse|GCST90671923",17,7.20810455109021,16,0.969038237595976,0.00598703117699047,0.00608795483576479,0.340996970871727,"not_computed","Binary-outcome population prevalence has not been prespecified; unavailable Steiger is not treated as support","deferred_until_post_FDR","deferred_until_post_FDR","deferred_until_post_FDR"
"reverse|GCST90671924",17,12.5368407692194,16,0.706272465982588,-0.00614620146976099,0.00603531779388524,0.324646200067334,"not_computed","Binary-outcome population prevalence has not been prespecified; unavailable Steiger is not treated as support","deferred_until_post_FDR","deferred_until_post_FDR","deferred_until_post_FDR"
"reverse|GCST90671925",17,8.62167080843608,16,0.928172681297751,0.00129929917091347,0.0060875818654991,0.833862029945285,"not_computed","Binary-outcome population prevalence has not been prespecified; unavailable Steiger is not treated as support","deferred_until_post_FDR","deferred_until_post_FDR","deferred_until_post_FDR"
"reverse|GCST90671926",17,15.9467341040267,16,0.456684557102376,-0.00508153628739427,0.00614705469571087,0.421384438357609,"not_computed","Binary-outcome population prevalence has not been prespecified; unavailable Steiger is not treated as support","deferred_until_post_FDR","deferred_until_post_FDR","deferred_until_post_FDR"
"reverse|GCST90671927",17,20.3757994184955,16,0.20376962131768,0.00707253274079443,0.00680401173256333,0.315054576788837,"not_computed","Binary-outcome population prevalence has not been prespecified; unavailable Steiger is not treated as support","deferred_until_post_FDR","deferred_until_post_FDR","deferred_until_post_FDR"
"reverse|GCST90671928",17,9.48652797024733,16,0.892033994237569,0.00769216425254136,0.00599477051880568,0.218912498678878,"not_computed","Binary-outcome population prevalence has not been prespecified; unavailable Steiger is not treated as support","deferred_until_post_FDR","deferred_until_post_FDR","deferred_until_post_FDR"
"reverse|GCST90671929",17,13.6256048490572,16,0.626583223701027,0.00447347964625951,0.00599683418275683,0.467213884741833,"not_computed","Binary-outcome population prevalence has not been prespecified; unavailable Steiger is not treated as support","deferred_until_post_FDR","deferred_until_post_FDR","deferred_until_post_FDR"
"reverse|GCST90671930",17,13.1940136889528,16,0.658522685278854,0.00463722428703458,0.00582095349500932,0.438086088823245,"not_computed","Binary-outcome population prevalence has not been prespecified; unavailable Steiger is not treated as support","deferred_until_post_FDR","deferred_until_post_FDR","deferred_until_post_FDR"
"reverse|GCST90671931",17,15.6381191350419,16,0.478489947462677,0.00471238096647918,0.00608552137611778,0.450752205585729,"not_computed","Binary-outcome population prevalence has not been prespecified; unavailable Steiger is not treated as support","deferred_until_post_FDR","deferred_until_post_FDR","deferred_until_post_FDR"
"reverse|GCST90671932",17,14.9110320265643,16,0.531164114263844,-0.00608888520196435,0.00603531779388523,0.329032550408452,"not_computed","Binary-outcome population prevalence has not been prespecified; unavailable Steiger is not treated as support","deferred_until_post_FDR","deferred_until_post_FDR","deferred_until_post_FDR"
"reverse|GCST90671933",17,12.1927077020453,16,0.730610970551579,0.00947262600014538,0.00604654572499043,0.138053783838224,"not_computed","Binary-outcome population prevalence has not been prespecified; unavailable Steiger is not treated as support","deferred_until_post_FDR","deferred_until_post_FDR","deferred_until_post_FDR"
"reverse|GCST90671934",17,22.0605768455189,16,0.141246343285461,0.00847801181749803,0.00703832544887323,0.247039624102049,"not_computed","Binary-outcome population prevalence has not been prespecified; unavailable Steiger is not treated as support","deferred_until_post_FDR","deferred_until_post_FDR","deferred_until_post_FDR"
"reverse|GCST90671935",17,13.4816224876768,16,0.637270831315868,-0.00182637108965437,0.00607178711558341,0.767698948979734,"not_computed","Binary-outcome population prevalence has not been prespecified; unavailable Steiger is not treated as support","deferred_until_post_FDR","deferred_until_post_FDR","deferred_until_post_FDR"
"reverse|GCST90671936",17,13.5627789323234,16,0.631249797656254,0.00321344424938531,0.0058992488245561,0.593952114086132,"not_computed","Binary-outcome population prevalence has not been prespecified; unavailable Steiger is not treated as support","deferred_until_post_FDR","deferred_until_post_FDR","deferred_until_post_FDR"
"reverse|GCST90671937",17,13.2680295794128,16,0.653068568902535,-0.00263643820485313,0.00603775743711739,0.668579182556008,"not_computed","Binary-outcome population prevalence has not been prespecified; unavailable Steiger is not treated as support","deferred_until_post_FDR","deferred_until_post_FDR","deferred_until_post_FDR"
"reverse|GCST90671938",17,23.9069817102531,16,0.0915558949244353,0.00756812367857646,0.00736768133687595,0.320604185691389,"not_computed","Binary-outcome population prevalence has not been prespecified; unavailable Steiger is not treated as support","deferred_until_post_FDR","deferred_until_post_FDR","deferred_until_post_FDR"
"reverse|GCST90671939",17,18.1608520201314,16,0.314562316354635,-0.00926975933551614,0.00604090578257186,0.145727280781315,"not_computed","Binary-outcome population prevalence has not been prespecified; unavailable Steiger is not treated as support","deferred_until_post_FDR","deferred_until_post_FDR","deferred_until_post_FDR"
