"source_id","trait","phenotype","exposure_scale","nsnp","r2","r2_prevalence_scenario_min","r2_prevalence_scenario_max","r2_F_partial_approximation","min_F","median_F","mean_F","source_reported_prevalence","alpha_label","alpha","mde_or_higher","mde_or_lower","mde_or_higher_scenario_low","mde_or_higher_scenario_high","achieved_power_check"
"GCST90670368","Gut microbiome alpha diversity abundance (Richness)","RIN_standardized_diversity","one source-defined RIN-standardized unit",1,0.0020566468395,0.0020566468395,0.0020566468395,0.00224285091271572,36,36,36,,"nominal_0.05",0.05,2.16532013174417,0.461825475752861,2.16532013174417,2.16532013174417,0.799999999966442
"GCST90670372","Gut microbiome species abundance (Bifidobacterium longum, GCF_000196555.1)","RIN_standardized_abundance","one source-defined RIN-standardized unit",1,0.0021747046386912,0.0021747046386912,0.0021747046386912,0.00219420172098593,35.2174146734749,35.2174146734749,35.2174146734749,0.9,"nominal_0.05",0.05,2.13330434057652,0.46875637056537,2.13330434057652,2.13330434057652,0.799999999998678
"GCST90670374","Gut microbiome species abundance (Bifidobacterium adolescentis, GCF_000010425.1)","RIN_standardized_abundance","one source-defined RIN-standardized unit",1,0.00403123038318,0.00403123038318,0.00403123038318,0.00425518576678643,68.4380165289256,68.4380165289256,68.4380165289256,0.9,"nominal_0.05",0.05,1.83225056666012,0.54577688128258,1.83225056666012,1.83225056666012,0.8
"GCST90670384","Gut microbiome species presence (Coprococcus eutactus A, GCF_001404675.1)","presence","one SD on an approximate microbial-presence liability scale",1,0.001544898695869,0.00150421505983871,0.00158541894459646,0.00189482647206064,30.4032548421629,30.4032548421629,30.4032548421629,0.56,"nominal_0.05",0.05,2.34385032226408,0.426648404337541,2.36180095917501,2.3266554599434,0.799999999989878
"GCST90670385","Gut microbiome species presence (Bifidobacterium bifidum, GCF_001025135.1)","presence","one SD on an approximate microbial-presence liability scale",1,0.002151253865265,0.00208834962870107,0.00221389353335508,0.00189157604568245,30.351001599192,30.351001599192,30.351001599192,0.25,"nominal_0.05",0.05,2.13945493518163,0.467408770129157,2.15645848247935,2.12324356730069,0.8
"GCST90670387","Gut microbiome species abundance (Ruminiclostridium E siraeum, GCA_025150425.1)","RIN_standardized_abundance","one source-defined RIN-standardized unit",1,0.0020977919683968,0.0020977919683968,0.0020977919683968,0.0019711709621095,31.6306523816709,31.6306523816709,31.6306523816709,0.81,"nominal_0.05",0.05,2.15385776919672,0.464283210480027,2.15385776919672,2.15385776919672,0.800000000000001
"GCST90670392","Gut microbiome species presence (Bifidobacterium pseudocatenulatum, GCF_001025215.1)","presence","one SD on an approximate microbial-presence liability scale",1,0.00207936361147766,0.00206219161623933,0.00209623918459264,0.00185999721338554,29.8433639461473,29.8433639461473,29.8433639461473,0.24,"nominal_0.05",0.05,2.15894982972432,0.463188160388003,2.1637556118969,2.15428425477772,0.8
"GCST90670394","Gut microbiome species abundance (Alistipes putredinis, GCF_000154465.1)","RIN_standardized_abundance","one source-defined RIN-standardized unit",1,0.0016860573727712,0.0016860573727712,0.0016860573727712,0.00194653258139302,31.2345182985414,31.2345182985414,31.2345182985414,0.94,"nominal_0.05",0.05,2.28663622513338,0.437323606181245,2.28663622513338,2.28663622513338,0.79999999998984
"GCST90670400","Gut microbiome species abundance (Ruminococcus B gnavus, GCF_008121495.1)","RIN_standardized_abundance","one source-defined RIN-standardized unit",1,0.00185037080238,0.00185037080238,0.00185037080238,0.00255604987049449,41.0400390625,41.0400390625,41.0400390625,0.62,"nominal_0.05",0.05,2.22839106654609,0.448754267153816,2.22839106654609,2.22839106654609,0.8
"GCST90670407","Gut microbiome species presence (SFEL01 sp004557245, GCA_004557245.1)","presence","one SD on an approximate microbial-presence liability scale",1,0.00148634361742371,0.00148534033566771,0.00148720179088112,0.00197284511749668,31.6575700391929,31.6575700391929,31.6575700391929,0.57,"nominal_0.05",0.05,2.36991557347428,0.421955959609991,2.37037540392882,2.36952261489048,0.799999999983918
"GCST90670408","Gut microbiome species presence (Fimenecus sp000432435, GCA_000432435.1)","presence","one SD on an approximate microbial-presence liability scale",1,0.00197096136610037,0.00195330905325518,0.00198835762045379,0.0020017754349458,32.1227360946746,32.1227360946746,32.1227360946746,0.49,"nominal_0.05",0.05,2.1903241991406,0.456553418161733,2.19567717035295,2.18511824222455,0.799999999974662
"GCST90670409","Gut microbiome species presence (Faecalibacterium prausnitzii A, GCF_023347235.1)","presence","one SD on an approximate microbial-presence liability scale",1,0.00205745963320762,0.00200335340223694,0.00211132339837424,0.0018910187811687,30.3420431538797,30.3420431538797,30.3420431538797,0.23,"nominal_0.05",0.05,2.16509040030472,0.461874478709646,2.18068476470994,2.15016104533937,0.799999999965041
"GCST90670417","Gut microbiome species abundance (Alistipes onderdonkii, GCA_025145285.1)","RIN_standardized_abundance","one source-defined RIN-standardized unit",1,0.0020452986126048,0.0020452986126048,0.0020452986126048,0.00189972617329698,30.4820221606648,30.4820221606648,30.4820221606648,0.91,"nominal_0.05",0.05,2.16854183035869,0.461139363788336,2.16854183035869,2.16854183035869,0.8
"GCST90670426","Gut microbiome species abundance (Agathobaculum butyriciproducens, GCA_003096535.1)","RIN_standardized_abundance","one source-defined RIN-standardized unit",1,0.0026082655153152,0.0026082655153152,0.0026082655153152,0.00279105959595882,44.8239256771703,44.8239256771703,44.8239256771703,0.98,"nominal_0.05",0.05,2.03490790988834,0.491422729815264,2.03490790988834,2.03490790988834,0.799999999998382
"GCST90670427","Gut microbiome species presence (Phascolarctobacterium faecium, GCF_003269275.1)","presence","one SD on an approximate microbial-presence liability scale",1,0.00160310112978261,0.00159858001461063,0.00160745433269575,0.00194383644707093,31.1911712353151,31.1911712353151,31.1911712353151,0.39,"nominal_0.05",0.05,2.31935492156633,0.431154365682278,2.32121016982147,2.31757589985696,0.8
"GCST90670428","Gut microbiome species abundance (Faecousia sp000434635, GCA_000434635.1)","RIN_standardized_abundance","one source-defined RIN-standardized unit",1,0.001674582048395,0.001674582048395,0.001674582048395,0.00212849031601851,34.1604826675849,34.1604826675849,34.1604826675849,0.65,"nominal_0.05",0.05,2.29101830732546,0.436487127493714,2.29101830732546,2.29101830732546,0.799999999977622
"GCST90670435","Gut microbiome species abundance (CAG-115 sp003531585, GCA_003531585.1)","RIN_standardized_abundance","one source-defined RIN-standardized unit",1,0.0016775413304832,0.0016775413304832,0.0016775413304832,0.00227938481663023,36.587745389649,36.587745389649,36.587745389649,0.62,"nominal_0.05",0.05,2.28988398727277,0.436703346352052,2.28988398727277,2.28988398727277,0.8
"GCST90670437","Gut microbiome species abundance (Blautia A massiliensis, GCF_001487165.1)","RIN_standardized_abundance","one source-defined RIN-standardized unit",1,0.0018967951321088,0.0018967951321088,0.0018967951321088,0.00191578168974525,30.7401351493295,30.7401351493295,30.7401351493295,0.94,"nominal_0.05",0.05,2.21331046824931,0.451811896408271,2.21331046824931,2.21331046824931,0.8
"GCST90670449","Gut microbiome species abundance (Mediterraneibacter faecis, GCA_001312505.1)","RIN_standardized_abundance","one source-defined RIN-standardized unit",1,0.0018975183575102,0.0018975183575102,0.0018975183575102,0.00219292251509224,35.1968380177515,35.1968380177515,35.1968380177515,0.91,"nominal_0.05",0.05,2.21307988538282,0.451858971113018,2.21307988538282,2.21307988538282,0.8
"GCST90670457","Gut microbiome species presence (Parasutterella excrementihominis, GCF_000205025.1)","presence","one SD on an approximate microbial-presence liability scale",1,0.00147982704312769,0.00147084328938183,0.00148866867637424,0.00188405821445674,30.2301476625526,30.2301476625526,30.2301476625526,0.39,"nominal_0.05",0.05,2.37291053181615,0.421423389795751,2.37707158167778,2.36885170406141,0.8
"GCST90670460","Gut microbiome species presence (Eubacterium R sp000434995, GCA_000434995.1)","presence","one SD on an approximate microbial-presence liability scale",1,0.00242897196778321,0.00240694811219848,0.00245058704413976,0.00213053337086175,34.193341990523,34.193341990523,34.193341990523,0.2,"nominal_0.05",0.05,2.07241004739275,0.482529990268132,2.07730202061094,2.06767280197001,0.8
"GCST90670466","Gut microbiome species presence (Bifidobacterium catenulatum, GCF_001025195.1)","presence","one SD on an approximate microbial-presence liability scale",1,0.00380116390703555,0.00375718850903251,0.00384411622342173,0.00243318474685146,39.0625,39.0625,39.0625,0.16,"nominal_0.05",0.05,1.85711611760408,0.538469291457191,1.86212671338308,1.85230517436949,0.8
"GCST90670468","Gut microbiome species presence (COE1 sp001916965, GCA_001916965.1)","presence","one SD on an approximate microbial-presence liability scale",1,0.00152134185228715,0.00150645575042026,0.00153607886490112,0.00191954991876816,30.8007154599311,30.8007154599311,30.8007154599311,0.39,"nominal_0.05",0.05,2.35415746364729,0.424780421633608,2.36079364388687,2.34768191776006,0.799999999986132
"GCST90670473","Gut microbiome species abundance (Blautia A obeum, GCA_025147765.1)","RIN_standardized_abundance","one source-defined RIN-standardized unit",1,0.00253218649662,0.00253218649662,0.00253218649662,0.00284879145346937,45.7537379850481,45.7537379850481,45.7537379850481,0.96,"nominal_0.05",0.05,2.05033647335853,0.487724826141321,2.05033647335853,2.05033647335853,0.8
"GCST90670478","Gut microbiome species presence (CAG-882 sp003486385, GCA_003486385.1)","presence","one SD on an approximate microbial-presence liability scale",2,0.00479975297591772,0.00472191151236277,0.00487676099203404,0.00399220819393466,30.2021928166352,32.0317540046895,32.0317540046895,0.21,"nominal_0.05",0.05,1.76256179680385,0.567355993879678,1.7688376249127,1.75650149856079,0.8
"GCST90670492","Gut microbiome species presence (CAG-313 sp003539625, GCA_003539625.1)","presence","one SD on an approximate microbial-presence liability scale",1,0.0025027006137256,0.00247956267127822,0.00252540269213507,0.00200500307950871,32.1746345597062,32.1746345597062,32.1746345597062,0.18,"nominal_0.05",0.05,2.0565035188439,0.48626223628451,2.06141932609483,2.05174579885158,0.799999999963862
"GCST90670494","Gut microbiome species presence (Clostridium sp900540255, GCA_900540255.1)","presence","one SD on an approximate microbial-presence liability scale",3,0.00760275784160324,0.00759898439576937,0.007605139593136,0.00998146844069047,31.5439727331262,52.3086559278877,53.4833775536713,0.36,"nominal_0.05",0.05,1.60548165433284,0.622866039796356,1.6056324588038,1.60538652626735,0.800000000000001
"GCST90670495","Gut microbiome species abundance (Streptococcus thermophilus, GCF_010120595.1)","RIN_standardized_abundance","one source-defined RIN-standardized unit",1,0.0018253901692928,0.0018253901692928,0.0018253901692928,0.00189559170074515,30.4155565640299,30.4155565640299,30.4155565640299,0.67,"nominal_0.05",0.05,2.23674086314118,0.447079058856933,2.23674086314118,2.23674086314118,0.800000000001759
"GCST90670498","Gut microbiome species presence (CAG-103 sp900757655, GCA_900757655.1)","presence","one SD on an approximate microbial-presence liability scale",1,0.0030945452363997,0.00302624476211605,0.00316211063012811,0.00203475617898224,32.6530612244898,32.6530612244898,32.6530612244898,0.14,"nominal_0.05",0.05,1.95008607964954,0.512797876173608,1.96075703461634,1.93987091192349,0.800000000015016
"GCST90670515","Gut microbiome species abundance (CAG-170 sp900545925, GCA_900545925.1)","RIN_standardized_abundance","one source-defined RIN-standardized unit",1,0.0015892298309342,0.0015892298309342,0.0015892298309342,0.00202816199568046,32.547025,32.547025,32.547025,0.64,"nominal_0.05",0.05,2.32507185443728,0.430094234761628,2.32507185443728,2.32507185443728,0.8
"GCST90670517","Gut microbiome species presence (Ventricola sp900542395, GCA_900542395.1)","presence","one SD on an approximate microbial-presence liability scale",1,0.00154679010475538,0.00154465688886674,0.00154876598458701,0.00213457376050658,34.258325697626,34.258325697626,34.258325697626,0.51,"nominal_0.05",0.05,2.34303286094028,0.426797257806572,2.34395493755851,2.3421804735349,0.799999999978252
"GCST90670524","Gut microbiome species abundance (Mediterraneibacter torques, GCF_000153925.1)","RIN_standardized_abundance","one source-defined RIN-standardized unit",1,0.0021155756271488,0.0021155756271488,0.0021155756271488,0.00244814451396421,39.3032544378698,39.3032544378698,39.3032544378698,0.87,"nominal_0.05",0.05,2.14900663677152,0.465331275803928,2.14900663677152,2.14900663677152,0.8
"GCST90670529","Gut microbiome species presence (Butyribacter intestini, GCA_001414325.1)","presence","one SD on an approximate microbial-presence liability scale",1,0.00149984911948675,0.00149292018661456,0.00150663079812502,0.00201644367100357,32.3585946745562,32.3585946745562,32.3585946745562,0.45,"nominal_0.05",0.05,2.36377009732668,0.42305298689198,2.3669127101984,2.36071504372791,0.799999999975264
"GCST90670534","Gut microbiome species abundance (Acutalibacter ornithocaccae, GCA_000435395.1)","RIN_standardized_abundance","one source-defined RIN-standardized unit",1,0.001445960517755,0.001445960517755,0.001445960517755,0.00190907956999611,30.6323889814724,30.6323889814724,30.6323889814724,0.68,"nominal_0.05",0.05,2.38879596615118,0.418620934633943,2.38879596615118,2.38879596615118,0.8
"GCST90670546","Gut microbiome species presence (Gemmiger sp900540775, GCF_018784445.1)","presence","one SD on an approximate microbial-presence liability scale",1,0.00139194185682802,0.00137834627648425,0.00140541137636834,0.00192298840128077,30.855994966943,30.855994966943,30.855994966943,0.56,"nominal_0.05",0.05,2.41530868694128,0.414025753894998,2.4222226194875,2.40855675235455,0.800000000000001
"GCST90670550","Gut microbiome species presence (Negativibacillus sp000435195, GCA_000435195.1)","presence","one SD on an approximate microbial-presence liability scale",1,0.00318013012303688,0.00314906753235183,0.00321055634559007,0.0033147285635415,53.261926775148,53.261926775148,53.261926775148,0.28,"nominal_0.05",0.05,1.93720152745739,0.516208554363735,1.94181733362391,1.93274518815103,0.800000000000001
"GCST90670551","Gut microbiome species presence (Enterocloster sp001517625, GCF_001517625.2)","presence","one SD on an approximate microbial-presence liability scale",1,0.00275321676852288,0.00273585841951179,0.00277009810091698,0.00232521102645445,37.3250431906579,37.3250431906579,37.3250431906579,0.17,"nominal_0.05",0.05,2.00729453389181,0.498182993634305,2.01048574862543,2.00421971212847,0.799999999990778
"GCST90670554","Gut microbiome species presence (Faecalimonas phoceensis, GCF_900104635.1)","presence","one SD on an approximate microbial-presence liability scale",1,0.00302708009020083,0.00301343781236205,0.00304014023670306,0.00188070967760039,30.1763183807833,30.1763183807833,30.1763183807833,0.15,"nominal_0.05",0.05,1.96062435649355,0.510041608270355,1.9627980861606,1.95855705948781,0.8
"GCST90670555","Gut microbiome species abundance (Limiplasma merdipullorum, GCA_900540045.1)","RIN_standardized_abundance","one source-defined RIN-standardized unit",1,0.00226615439232,0.00226615439232,0.00226615439232,0.00250009993963895,40.1394531777848,40.1394531777848,40.1394531777848,0.74,"nominal_0.05",0.05,2.11023263586941,0.473881401984859,2.11023263586941,2.11023263586941,0.800000000000001
"GCST90670562","Gut microbiome species presence (CAG-273 sp000437855, GCA_000437855.1)","presence","one SD on an approximate microbial-presence liability scale",1,0.00317286427461198,0.00310072904594527,0.00324422003050451,0.00187698872402502,30.116502751332,30.116502751332,30.116502751332,0.13,"nominal_0.05",0.05,1.93827515288024,0.515922622499709,1.94913733697489,1.92788770055274,0.8
"GCST90670564","Gut microbiome species presence (UBA738 sp003522945, GCA_003522945.1)","presence","one SD on an approximate microbial-presence liability scale",1,0.00149703170647213,0.00149151100401304,0.00150240451017191,0.00201767109507344,32.3783314109958,32.3783314109958,32.3783314109958,0.45,"nominal_0.05",0.05,2.3650453316393,0.422824876386984,2.36755449082054,2.36261652856975,0.79999999999044
"GCST90670572","Gut microbiome species abundance (Alistipes A ihumii, GCA_025144665.1)","RIN_standardized_abundance","one source-defined RIN-standardized unit",1,0.001597813952,0.001597813952,0.001597813952,0.0020010524566554,32.1111111111111,32.1111111111111,32.1111111111111,0.66,"nominal_0.05",0.05,2.32152529666369,0.430751282976379,2.32152529666369,2.32152529666369,0.799999999973203
"GCST90670586","Gut microbiome species presence (UBA644 sp900547165, GCA_900547165.1)","presence","one SD on an approximate microbial-presence liability scale",1,0.00180430698335663,0.00176982869833028,0.00183858235727365,0.00214266566231287,34.3884735834673,34.3884735834673,34.3884735834673,0.35,"nominal_0.05",0.05,2.24392128274131,0.445648431471864,2.25593660463526,2.23231033899583,0.8
"GCST90670588","Gut microbiome species abundance (Faecalibacterium sp900539945, GCA_900539945.1)","RIN_standardized_abundance","one source-defined RIN-standardized unit",1,0.0022055877307512,0.0022055877307512,0.0022055877307512,0.00217399428249882,34.8923742563548,34.8923742563548,34.8923742563548,0.91,"nominal_0.05",0.05,2.12535360466219,0.470509941407583,2.12535360466219,2.12535360466219,0.8
"GCST90670591","Gut microbiome species abundance (Copromonas sp000435795, GCA_014385265.1)","RIN_standardized_abundance","one source-defined RIN-standardized unit",1,0.0023693125091328,0.0023693125091328,0.0023693125091328,0.00272955887014448,43.833531510107,43.833531510107,43.833531510107,0.68,"nominal_0.05",0.05,2.08581818034677,0.479428173281024,2.08581818034677,2.08581818034677,0.799999999997895
"GCST90670634","Gut microbiome species presence (CAG-245 sp000434195, GCA_000434195.1)","presence","one SD on an approximate microbial-presence liability scale",1,0.00539249106042034,0.00523482113087528,0.00561546725483529,0.00215955653844708,34.660148513576,34.660148513576,34.660148513576,0.08,"nominal_0.05",0.05,1.71931877354327,0.581625708616642,1.73010144303153,1.70485206522983,0.800000000002799
"GCST90670635","Gut microbiome species presence (Agathobacter sp000434275, GCA_902363675.1)","presence","one SD on an approximate microbial-presence liability scale",1,0.00185882614844587,0.00183932974383392,0.00187809130133263,0.00231609179123778,37.1783184348119,37.1783184348119,37.1783184348119,0.42,"nominal_0.05",0.05,2.22560273772726,0.449316485394504,2.23206074876633,2.21931953735253,0.799999999985779
"GCST90670644","Gut microbiome species presence (CAG-345 sp000433315, GCA_000433315.1)","presence","one SD on an approximate microbial-presence liability scale",1,0.00208424475548142,0.00202444485381286,0.00214371030533909,0.00193834170334477,31.1028302921137,31.1028302921137,31.1028302921137,0.23,"nominal_0.05",0.05,2.1575945615568,0.463479106694844,2.17453206240244,2.14145471778407,0.79999999999988
"GCST90670680","Gut microbiome species presence (Spyradocola merdavium, GCA_904393115.1)","presence","one SD on an approximate microbial-presence liability scale",1,0.00180951713471338,0.00179638267471929,0.00182243497048696,0.00249931433854631,40.1268086400133,40.1268086400133,40.1268086400133,0.46,"nominal_0.05",0.05,2.2421352656782,0.446003421518603,2.24665245121335,2.2377398832123,0.8
"GCST90670684","Gut microbiome species presence (Clostridium saudiense, GCF_000577815.1)","presence","one SD on an approximate microbial-presence liability scale",4,0.00723053802011084,0.00718739786755008,0.00727277386420735,0.00944279641274015,29.8844444444444,35.1196989883673,37.9008208586468,0.4,"nominal_0.05",0.05,1.62092137228829,0.616933070965855,1.62278802922447,1.6191099661419,0.800000000036966
"GCST90670687","Gut microbiome species abundance (UMGS1071 sp900542375, GCA_900542375.1)","RIN_standardized_abundance","one source-defined RIN-standardized unit",1,0.0015322913901792,0.0015322913901792,0.0015322913901792,0.00209964771481681,33.6966091612136,33.6966091612136,33.6966091612136,0.59,"nominal_0.05",0.05,2.34933733877509,0.425651941717908,2.34933733877509,2.34933733877509,0.799999999993069
"GCST90670698","Gut microbiome species presence (Negativibacillus faecipullorum, GCA_900547455.1)","presence","one SD on an approximate microbial-presence liability scale",1,0.00159964584430035,0.00159514323674894,0.00160397903198475,0.00190971794689551,30.6426517415029,30.6426517415029,30.6426517415029,0.37,"nominal_0.05",0.05,2.32077210362623,0.430891080790523,2.32262567573163,2.31899557285086,0.8
"GCST90670700","Gut microbiome species presence (Schaedlerella glycyrrhizinilytica A, GCF_015560805.1)","presence","one SD on an approximate microbial-presence liability scale",1,0.00184377652841619,0.00183416778829654,0.00185316595896985,0.00229266850624617,36.8014596751134,36.8014596751134,36.8014596751134,0.32,"nominal_0.05",0.05,2.23057885439478,0.44831412170422,2.23378767099625,2.22746721119875,0.799999999985237
"GCST90670711","Gut microbiome species abundance (Egerieenecus merdigallinarum, GCA_900553295.1)","RIN_standardized_abundance","one source-defined RIN-standardized unit",1,0.0016096361385272,0.0016096361385272,0.0016096361385272,0.00197260870359676,31.6537688881125,31.6537688881125,31.6537688881125,0.69,"nominal_0.05",0.05,2.31668694976491,0.431650897028395,2.31668694976491,2.31668694976491,0.799999999975771
"GCST90670746","Gut microbiome species abundance (Ventricola sp900542445, GCA_900542445.1)","RIN_standardized_abundance","one source-defined RIN-standardized unit",1,0.0018683875024062,0.0018683875024062,0.0018683875024062,0.00194225787090097,31.1657918069188,31.1657918069188,31.1657918069188,0.76,"nominal_0.05",0.05,2.22247232049219,0.44994936079948,2.22247232049219,2.22247232049219,0.8
"GCST90670748","Gut microbiome species presence (Faecousia sp000435995, GCA_900545515.1)","presence","one SD on an approximate microbial-presence liability scale",1,0.00170030993263599,0.00169020953684646,0.00171021996761819,0.00205766433246995,33.0214413265306,33.0214413265306,33.0214413265306,0.51,"nominal_0.05",0.05,2.28125488568907,0.438355225570483,2.28506153645786,2.2775524859718,0.799999999985506
"GCST90670749","Gut microbiome species abundance (Lachnoclostridium B sp900066555, GCF_003477705.1)","RIN_standardized_abundance","one source-defined RIN-standardized unit",1,0.0017953367929728,0.0017953367929728,0.0017953367929728,0.00199028950247698,31.9380523524956,31.9380523524956,31.9380523524956,0.96,"nominal_0.05",0.05,2.24701425989349,0.445035003937803,2.24701425989349,2.24701425989349,0.800000000000001
"GCST90670756","Gut microbiome species abundance (Intestinibacter sp900540355, GCF_015667935.1)","RIN_standardized_abundance","one source-defined RIN-standardized unit",4,0.0066784008097408,0.0066784008097408,0.0066784008097408,0.00879251610686311,31.1264067721096,33.3526318309442,35.2820176084995,0.56,"nominal_0.05",0.05,1.6461608016485,0.607474068753539,1.6461608016485,1.6461608016485,0.800000000000001
"GCST90670761","Gut microbiome species presence (UBA1417 sp900552925, GCA_900552925.1)","presence","one SD on an approximate microbial-presence liability scale",1,0.00335586329778536,0.00328777993942237,0.00342308739133742,0.00202575932093607,32.508389698231,32.508389698231,32.508389698231,0.12,"nominal_0.05",0.05,1.912303262183,0.522929610473207,1.92171299237816,1.90328838367334,0.8
"GCST90670769","Gut microbiome species presence (Coprobacillus cateniformis, GCF_009767585.1)","presence","one SD on an approximate microbial-presence liability scale",1,0.00498564128211763,0.00487944659034846,0.00509035354429496,0.00441740622819268,71.0586556927298,71.0586556927298,71.0586556927298,0.27,"nominal_0.05",0.05,1.7481735868396,0.572025574306857,1.75629274078406,1.74041770155045,0.8
"GCST90670774","Gut microbiome species abundance (Pauljensenia sp000278725, GCF_000278725.1)","RIN_standardized_abundance","one source-defined RIN-standardized unit",1,0.00181190403072,0.00181190403072,0.00181190403072,0.00230353112868557,36.9762269156208,36.9762269156208,36.9762269156208,0.76,"nominal_0.05",0.05,2.24131959983863,0.44616573204107,2.24131959983863,2.24131959983863,0.799999999997095
"GCST90670780","Gut microbiome species presence (Faecalibacterium prausnitzii F, GCF_002549775.1)","presence","one SD on an approximate microbial-presence liability scale",1,0.00280927940373522,0.00279082620143862,0.00282719244279035,0.00219080764007441,35.1628193290243,35.1628193290243,35.1628193290243,0.17,"nominal_0.05",0.05,1.9971897878673,0.500703541583722,2.00048229818098,1.99402441771922,0.800000000036003
"GCST90670781","Gut microbiome species presence (Fimisoma avicola, GCA_900542565.1)","presence","one SD on an approximate microbial-presence liability scale",1,0.00177957951172847,0.00175234265428508,0.00180659857569838,0.00215961189086605,34.6610388238135,34.6610388238135,34.6610388238135,0.36,"nominal_0.05",0.05,2.25250347763554,0.443950479956507,2.2621641623352,2.24313479151485,0.8
"GCST90670784","Gut microbiome species presence (Oribacterium sinus, GCF_014202695.1)","presence","one SD on an approximate microbial-presence liability scale",1,0.00318680677241012,0.00313879574567557,0.00323408459594189,0.00190422174696647,30.5542934276762,30.5542934276762,30.5542934276762,0.18,"nominal_0.05",0.05,1.93621819319872,0.516470717769651,1.9433586981261,1.92934222952183,0.799999999984052
"GCST90670786","Gut microbiome species presence (V9D3004 sp900760345, GCA_900760345.1)","presence","one SD on an approximate microbial-presence liability scale",1,0.00255238309552026,0.00251993073046493,0.00258443903317581,0.00217136381971736,34.8500637402941,34.8500637402941,34.8500637402941,0.2,"nominal_0.05",0.05,2.04617381423,0.488717035202755,2.05288671466117,2.0396668454416,0.8
"GCST90670792","Gut microbiome species abundance (CAG-317 sp000433215, GCF_003435815.1)","RIN_standardized_abundance","one source-defined RIN-standardized unit",1,0.0015755181757422,0.0015755181757422,0.0015755181757422,0.00190073592773864,30.4982550117685,30.4982550117685,30.4982550117685,0.78,"nominal_0.05",0.05,2.33079623417833,0.429037933619507,2.33079623417833,2.33079623417833,0.8
"GCST90670796","Gut microbiome species presence (Longicatena caecimuris, GCF_004341945.1)","presence","one SD on an approximate microbial-presence liability scale",1,0.00265522592707601,0.00264066943962456,0.00266930369021524,0.00188336068562208,30.2189345334993,30.2189345334993,30.2189345334993,0.18,"nominal_0.05",0.05,2.02571575186308,0.493652675149654,2.02853895805897,2.02300729241914,0.79999999999742
"GCST90670806","Gut microbiome species presence (Allisonella histaminiformans, GCF_900103425.1)","presence","one SD on an approximate microbial-presence liability scale",1,0.00269480393443623,0.00266760630285246,0.00272149080039485,0.00208121746823876,33.4002108561204,33.4002108561204,33.4002108561204,0.15,"nominal_0.05",0.05,2.01815514452407,0.495502044386098,2.02333272536897,2.01315010271173,0.8
"GCST90670813","Gut microbiome species abundance (Lawsonibacter sp900066645, GCA_902362775.1)","RIN_standardized_abundance","one source-defined RIN-standardized unit",1,0.00185813485182,0.00185813485182,0.00185813485182,0.00201287614063154,32.3012297669251,32.3012297669251,32.3012297669251,0.93,"nominal_0.05",0.05,2.22582999874631,0.449270609419069,2.22582999874631,2.22582999874631,0.799999999990152
"GCST90670815","Gut microbiome species presence (Scatenecus faecavium, GCA_900551915.1)","presence","one SD on an approximate microbial-presence liability scale",1,0.00355733271377276,0.00355006240902297,0.00356376254835871,0.00213195520072949,34.2162099664701,34.2162099664701,34.2162099664701,0.12,"nominal_0.05",0.05,1.88605477730621,0.530207294100051,1.88696304578127,1.88525381935691,0.8
"GCST90670827","Gut microbiome species presence (Merdimonas faecis, GCF_001754075.1)","presence","one SD on an approximate microbial-presence liability scale",1,0.00213896680835735,0.00213796285042873,0.00213966974281983,0.00207683859073389,33.3297906259964,33.3297906259964,33.3297906259964,0.22,"nominal_0.05",0.05,2.14271758763154,0.466697060673009,2.14298540836914,2.14253018084677,0.799999999995969
"GCST90670835","Gut microbiome species presence (Faecivicinus sp900553265, GCA_900553265.1)","presence","one SD on an approximate microbial-presence liability scale",1,0.00139683811677404,0.00138740209959999,0.00140614473888977,0.00191422720420545,30.7151444404192,30.7151444404192,30.7151444404192,0.56,"nominal_0.05",0.05,2.41284316455499,0.414448819007443,2.41760619032205,2.40819188744146,0.799999999983672
"GCST90670838","Gut microbiome species presence (Massilicoli timonensis, GCF_900199515.1)","presence","one SD on an approximate microbial-presence liability scale",1,0.00317559533794153,0.0031377329103399,0.00321284802473186,0.00191391152598009,30.7100694444444,30.7100694444444,30.7100694444444,0.16,"nominal_0.05",0.05,1.93787117119021,0.516030175208095,1.94351861578871,1.93241209846766,0.800000000000001
"GCST90670852","Gut microbiome species abundance (Blautia A sp900066505, GCF_013304385.1)","RIN_standardized_abundance","one source-defined RIN-standardized unit",1,0.001684090108995,0.001684090108995,0.001684090108995,0.001932668125116,31.0116151839071,31.0116151839071,31.0116151839071,0.88,"nominal_0.05",0.05,2.28738431319809,0.437180579682238,2.28738431319809,2.28738431319809,0.799999999999431
"GCST90670875","Gut microbiome species presence (Blautia A luti, GCF_009707925.1)","presence","one SD on an approximate microbial-presence liability scale",1,0.0014908833826638,0.00148773241990341,0.00149388901614407,0.00189462343930636,30.3999909158352,30.3999909158352,30.3999909158352,0.63,"nominal_0.05",0.05,2.36784061627603,0.422325722908127,2.36927980739066,2.36647199918819,0.8
"GCST90670881","Gut microbiome species presence (Dysosmobacter excrementavium, GCA_019118505.1)","presence","one SD on an approximate microbial-presence liability scale",1,0.0026686341913733,0.00264323685221852,0.00269353861456001,0.00231518789727887,37.1637752977076,37.1637752977076,37.1637752977076,0.22,"nominal_0.05",0.05,2.02313561570208,0.4942822380461,2.02803932684537,2.01839428887433,0.8
"GCST90670884","Gut microbiome species abundance (Enterocloster excrementigallinarum, GCA_900547035.1)","RIN_standardized_abundance","one source-defined RIN-standardized unit",1,0.0016616411119968,0.0016616411119968,0.0016616411119968,0.00223532244902484,35.8788899091929,35.8788899091929,35.8788899091929,0.58,"nominal_0.05",0.05,2.29601388146289,0.435537436456114,2.29601388146289,2.29601388146289,0.799999999975791
"GCST90670890","Gut microbiome species presence (Pseudobutyricicoccus sp003477405, GCA_003477405.1)","presence","one SD on an approximate microbial-presence liability scale",1,0.00240522737574274,0.00235240890559287,0.00245771845613147,0.00188150758181224,30.1891450279816,30.1891450279816,30.1891450279816,0.16,"nominal_0.05",0.05,2.07768704558689,0.481304440013739,2.08970909158748,2.06612350972297,0.800000000000001
"GCST90670899","Gut microbiome species presence (Dysosmobacter sp900544615, GCA_900544615.1)","presence","one SD on an approximate microbial-presence liability scale",1,0.00156719002853192,0.00155822725634028,0.00157599366966555,0.00194378912425388,31.190410405453,31.190410405453,31.190410405453,0.37,"nominal_0.05",0.05,2.33430930663752,0.428392243117284,2.33812115962145,2.33059648761515,0.799999999999986
"GCST90670908","Gut microbiome species presence (Scatomorpha sp900759385, GCA_900759385.1)","presence","one SD on an approximate microbial-presence liability scale",1,0.00189123742494161,0.00188664607980877,0.00189559636690132,0.00190309257002987,30.5361406113433,30.5361406113433,30.5361406113433,0.27,"nominal_0.05",0.05,2.21508678361445,0.451449580845884,2.2165601055651,2.21369295368189,0.799999999975652
"GCST90670910","Gut microbiome species abundance (Turicibacter sanguinis, GCF_013046825.1)","RIN_standardized_abundance","one source-defined RIN-standardized unit",2,0.003671716884075,0.003671716884075,0.003671716884075,0.00519065511520439,33.4329452888487,41.6765564945423,41.6765564945423,0.54,"nominal_0.05",0.05,1.87212117585264,0.534153458065854,1.87212117585264,1.87212117585264,0.799999999986542
"GCST90670917","Gut microbiome species presence (Acutalibacter timonensis, GCF_900048895.1)","presence","one SD on an approximate microbial-presence liability scale",1,0.00201194223938544,0.00195612757970594,0.0020675197247197,0.00198197429243054,31.8043537047053,31.8043537047053,31.8043537047053,0.28,"nominal_0.05",0.05,2.17816767872111,0.45910147770953,2.19481764579645,2.16225811901968,0.8
"GCST90670925","Gut microbiome species presence (Copromonas sp900541255, GCA_018223415.1)","presence","one SD on an approximate microbial-presence liability scale",1,0.00207283767687523,0.00200447466928323,0.00214086585371853,0.001911450124093,30.6704988662132,30.6704988662132,30.6704988662132,0.25,"nominal_0.05",0.05,2.16076920120489,0.462798155139558,2.18035524965966,2.14221150086846,0.799999999969929
"GCST90670927","Gut microbiome species presence (Enterocloster asparagiformis, GCA_025149125.1)","presence","one SD on an approximate microbial-presence liability scale",1,0.00211418830644761,0.00208168290002953,0.00214642137455449,0.00211506527486648,33.9445653484255,33.9445653484255,33.9445653484255,0.25,"nominal_0.05",0.05,2.1493828907891,0.465249818580658,2.15830528021215,2.14073481332854,0.8
"GCST90670937","Gut microbiome species presence (Massilistercora sp902406105, GCA_902406105.1)","presence","one SD on an approximate microbial-presence liability scale",1,0.0013797983764253,0.0013752313024992,0.00138423858398683,0.00211617727888831,33.9624496857567,33.9624496857567,33.9624496857567,0.29,"nominal_0.05",0.05,2.4214793577074,0.41297068951551,2.42382094520011,2.41921378871246,0.8
"GCST90670943","Gut microbiome species presence (Pauljensenia bouchesdurhonensis, GCF_900128465.1)","presence","one SD on an approximate microbial-presence liability scale",1,0.00226900673743468,0.00224187729318714,0.00229578027588361,0.00264384196950011,42.453369140625,42.453369140625,42.453369140625,0.29,"nominal_0.05",0.05,2.10953539844354,0.474038027869938,2.11622044845907,2.10305387593916,0.799999999999385
"GCST90670986","Gut microbiome species presence (GCA-900066495 sp902362365, GCA_902362365.1)","presence","one SD on an approximate microbial-presence liability scale",1,0.00454487596650711,0.00449656601581858,0.00458729491091449,0.00243589500002938,39.1061168199026,39.1061168199026,39.1061168199026,0.1,"nominal_0.05",0.05,1.78370593444344,0.560630528098807,1.78791483272936,1.78006517650652,0.8
"GCST90670988","Gut microbiome species abundance (Gordonibacter pamelaeae, GCF_000210055.1)","RIN_standardized_abundance","one source-defined RIN-standardized unit",1,0.0014587883235758,0.0014587883235758,0.0014587883235758,0.00188272158925025,30.2086607496184,30.2086607496184,30.2086607496184,0.7,"nominal_0.05",0.05,2.38271469172208,0.419689358308049,2.38271469172208,2.38271469172208,0.8
"GCST90670990","Gut microbiome species presence (Harryflintia acetispora, GCA_004340125.1)","presence","one SD on an approximate microbial-presence liability scale",1,0.00139495874303959,0.00139382498231513,0.00139596466627552,0.00191473234320026,30.7232653061224,30.7232653061224,30.7232653061224,0.45,"nominal_0.05",0.05,2.4137880121216,0.414286588125463,2.41435891766157,2.41328205402617,0.799999999995973
"GCST90671001","Gut microbiome species presence (Marvinbryantia sp900066075, GCA_003435055.1)","presence","one SD on an approximate microbial-presence liability scale",1,0.00146981618142807,0.00143212516732743,0.00150736022434207,0.00193220459451391,31.0041629672747,31.0041629672747,31.0041629672747,0.45,"nominal_0.05",0.05,2.3775497118203,0.420601089865069,2.39544512288047,2.36038766150593,0.8
"GCST90671012","Gut microbiome species abundance (Phocea massiliensis, GCF_900104615.1)","RIN_standardized_abundance","one source-defined RIN-standardized unit",1,0.00256673982302,0.00256673982302,0.00256673982302,0.00284047079975457,45.6197213444413,45.6197213444413,45.6197213444413,0.76,"nominal_0.05",0.05,2.04324457317187,0.489417670860434,2.04324457317187,2.04324457317187,0.799999999977634
"GCST90671032","Gut microbiome species presence (Dysosmobacter hMGS.03207, )","presence","one SD on an approximate microbial-presence liability scale",1,0.00380031988609277,0.0036671080211113,0.00393229508362659,0.00187260660224008,30.0460591836735,30.0460591836735,30.0460591836735,0.11,"nominal_0.05",0.05,1.8572114683032,0.538441646019788,1.87266999187777,1.84267629719723,0.8
"GCST90671051","Gut microbiome species presence (Catenibacillus sp018369015, GCA_018369015.1)","presence","one SD on an approximate microbial-presence liability scale",1,0.00184930713067364,0.00184724398896885,0.00185114449026908,0.00193307526847231,31.0181608642241,31.0181608642241,31.0181608642241,0.26,"nominal_0.05",0.05,2.22874317681332,0.44868337025256,2.22942700392757,2.2281351395149,0.800000000000001
"GCST90671057","Gut microbiome species presence (Emergencia sp904420065, GCA_904420065.1)","presence","one SD on an approximate microbial-presence liability scale",1,0.00163312377571199,0.00163090072742177,0.00163517092324314,0.00185500317202842,29.7630864197531,29.7630864197531,29.7630864197531,0.37,"nominal_0.05",0.05,2.30722912588263,0.433420326044754,2.30811561437218,2.30641436460214,0.79999999998905
"GCST90671072","Gut microbiome species presence (HGM14224 sp900761905, GCA_900761905.1)","presence","one SD on an approximate microbial-presence liability scale",2,0.00371508174486049,0.00368394729468043,0.0037457604430134,0.00461472580457762,35.6160027452887,37.0380026733727,37.0380026733727,0.49,"nominal_0.05",0.05,1.86700736905139,0.535616525449543,1.87066978392283,1.86344323265594,0.80000000002922
"GCST90671075","Gut microbiome species presence (Lachnoclostridium B sp000765215, GCF_000765215.1)","presence","one SD on an approximate microbial-presence liability scale",1,0.00538957589018392,0.00528222311203755,0.00554090131324328,0.00199889755790992,32.0764619513883,32.0764619513883,32.0764619513883,0.08,"nominal_0.05",0.05,1.71951383306769,0.58155972971497,1.72680904982655,1.70959263522805,0.8
"GCST90671089","Gut microbiome species abundance (Pullichristensenella excrementipullorum, GCA_900754775.1)","RIN_standardized_abundance","one source-defined RIN-standardized unit",1,0.002368100518875,0.002368100518875,0.002368100518875,0.00268365048281357,43.094312554954,43.094312554954,43.094312554954,0.72,"nominal_0.05",0.05,2.08609577966406,0.479364375187527,2.08609577966406,2.08609577966406,0.799999999999998
"GCST90671093","Gut microbiome species presence (QAMM01 sp003150405, GCA_003150405.1)","presence","one SD on an approximate microbial-presence liability scale",1,0.00236486945685822,0.00235043328701504,0.00237895259931027,0.00187627396845728,30.1050128567866,30.1050128567866,30.1050128567866,0.18,"nominal_0.05",0.05,2.08683687235621,0.479194139823165,2.09016656633035,2.08361769185451,0.8
"GCST90671102","Gut microbiome species presence (UMGS882 sp900757905, GCA_900757905.1)","presence","one SD on an approximate microbial-presence liability scale",1,0.00214537566766015,0.00214245147862105,0.00214799572728492,0.00191920670939801,30.7951978012465,30.7951978012465,30.7951978012465,0.26,"nominal_0.05",0.05,2.1410123324544,0.467068771553327,2.14178945135825,2.14031737709858,0.799999999964165
"GCST90671111","Gut microbiome species presence (Ruminococcaceae hMGS.05315, )","presence","one SD on an approximate microbial-presence liability scale",1,0.00175361743864366,0.00170480831707896,0.00180222002159255,0.00236615732324567,37.9838853803375,37.9838853803375,37.9838853803375,0.52,"nominal_0.05",0.05,2.26170703829236,0.442143913013165,2.27957032197626,2.24463883647342,0.799999999998623
"GCST90671115","Gut microbiome species presence (Lawsonibacter hMGS.05443, )","presence","one SD on an approximate microbial-presence liability scale",1,0.00228654987961208,0.00224365547079365,0.00232905853995437,0.00189060716239136,30.3354260795178,30.3354260795178,30.3354260795178,0.19,"nominal_0.05",0.05,2.10527564762952,0.474997182020307,2.11577859484157,2.0951530551755,0.8
"GCST90671122","Gut microbiome species abundance (Pullichristensenella hMGS.05548, )","RIN_standardized_abundance","one source-defined RIN-standardized unit",1,0.001929220269795,0.001929220269795,0.001929220269795,0.00215798153396154,34.6348155588021,34.6348155588021,34.6348155588021,0.73,"nominal_0.05",0.05,2.2030992458322,0.453906015306295,2.2030992458322,2.2030992458322,0.8
"GCST90671134","Gut microbiome species presence (CAG-302 sp934162325, GCA_934162325.1)","presence","one SD on an approximate microbial-presence liability scale",1,0.00183708854585816,0.00179988953016898,0.00187404164948492,0.0019723862407925,31.650192049609,31.650192049609,31.650192049609,0.25,"nominal_0.05",0.05,2.23280965076447,0.447866211818648,2.24544158381589,2.22063232427103,0.8
"GCST90671138","Gut microbiome species presence (Pseudoruminococcus massiliensis, GCF_900291955.1)","presence","one SD on an approximate microbial-presence liability scale",2,0.00517465951131494,0.00513689023811023,0.00521158117248934,0.00423526334584617,30.1904625369808,33.9867387173583,33.9867387173583,0.22,"nominal_0.05",0.05,1.73434502242904,0.576586542508967,1.73704711871121,1.73173199618703,0.799999999980839
"GCST90671139","Gut microbiome species abundance (Actinomyces graevenitzii hMGS.05799, )","RIN_standardized_abundance","one source-defined RIN-standardized unit",2,0.002980522115123,0.002980522115123,0.002980522115123,0.00387535792460577,30.8943162873363,31.0921776749182,31.0921776749182,0.7,"nominal_0.05",0.05,1.96810389649859,0.508103257037942,1.96810389649859,1.96810389649859,0.8
"GCST90671147","Gut microbiome species presence (Cag-433 hMGS.05835, )","presence","one SD on an approximate microbial-presence liability scale",1,0.00267645143095572,0.00264588954152753,0.00270657953028796,0.00193448444272603,31.0408163265306,31.0408163265306,31.0408163265306,0.15,"nominal_0.05",0.05,2.02164026958761,0.494647843656175,2.02752386102245,2.01593758128479,0.8
"GCST90671159","Gut microbiome species presence (Butyribacter hominis, GCF_014384965.1)","presence","one SD on an approximate microbial-presence liability scale",1,0.00210700340522143,0.00209172447416951,0.00212200016509704,0.00231071232655071,37.0917663113388,37.0917663113388,37.0917663113388,0.27,"nominal_0.05",0.05,2.15133740326155,0.464827134267243,2.15552693720906,2.14726902456908,0.799999999974085
"GCST90671164","Gut microbiome species presence (Vescimonas fastidiosa, GCF_018326305.1)","presence","one SD on an approximate microbial-presence liability scale",1,0.00241364679262048,0.00233353351740025,0.00249330299323736,0.00185346736787953,29.7383990488006,29.7383990488006,29.7383990488006,0.24,"nominal_0.05",0.05,2.07580705354383,0.481740342048071,2.09410345732768,2.0584918928805,0.799999999983062
"GCST90671172","Gut microbiome species abundance (UMGS1623 sp934647945, GCA_934647945.1)","RIN_standardized_abundance","one source-defined RIN-standardized unit",1,0.0014890718516832,0.0014890718516832,0.0014890718516832,0.0019452615435644,31.2140831758034,31.2140831758034,31.2140831758034,0.69,"nominal_0.05",0.05,2.36866747508516,0.422178296666166,2.36866747508516,2.36866747508516,0.8
"GCST90671176","Gut microbiome species abundance (Turicibacter bilis, GCF_024499055.1)","RIN_standardized_abundance","one source-defined RIN-standardized unit",2,0.0029162489578496,0.0029162489578496,0.0029162489578496,0.00391500395396097,30.25,31.4109650193828,31.4109650193828,0.64,"nominal_0.05",0.05,1.97872119681766,0.505376907877816,1.97872119681766,1.97872119681766,0.8
"GCST90671181","Gut microbiome species presence (Blautia A wexlerae B, GCF_013300825.1)","presence","one SD on an approximate microbial-presence liability scale",1,0.0013834900487594,0.00137603247271855,0.00139082227265213,0.00185965602751847,29.8378794731189,29.8378794731189,29.8378794731189,0.46,"nominal_0.05",0.05,2.41959496647145,0.41329231291067,2.42340934484742,2.41587426028311,0.799999999999225
"GCST90671188","Gut microbiome species presence (Thomasclavelia sp000508865, GCA_000508865.1)","presence","one SD on an approximate microbial-presence liability scale",1,0.00186640647980583,0.00186131614684407,0.00187126525826062,0.00195580930181031,31.3836664352311,31.3836664352311,31.3836664352311,0.28,"nominal_0.05",0.05,2.2231189538046,0.449818485101133,2.2247852014406,2.22153479567684,0.8
"GCST90671189","Gut microbiome species abundance (Dysosmobacter sp944387015, GCA_944387015.1)","RIN_standardized_abundance","one source-defined RIN-standardized unit",1,0.0017106878603502,0.0017106878603502,0.0017106878603502,0.00206505226422473,33.1402483564646,33.1402483564646,33.1402483564646,0.72,"nominal_0.05",0.05,2.27737846889745,0.43910136749652,2.27737846889745,2.27737846889745,0.800000000007429
"GCST90671190","Gut microbiome species presence (Pauljensenia sp019425105, GCA_019425105.1)","presence","one SD on an approximate microbial-presence liability scale",1,0.00430498222854189,0.00414855355058234,0.00444499358580179,0.00190868350156029,30.6260216597485,30.6260216597485,30.6260216597485,0.1,"nominal_0.05",0.05,1.80529724482197,0.553925400854757,1.82037305290095,1.79248339745076,0.80000000003258
"GCST90671193","Gut microbiome species presence (Lachnoclostridium A avicola, GCA_019114465.1)","presence","one SD on an approximate microbial-presence liability scale",1,0.00228417810774647,0.00226409917182352,0.00230389841838524,0.00215529220460157,34.591559575392,34.591559575392,34.591559575392,0.24,"nominal_0.05",0.05,2.10584869793843,0.474867924262068,2.11073583291603,2.1011108070033,0.8
"GCST90671209","Gut microbiome species presence (UMGS882 sp934479825, GCA_934479825.1)","presence","one SD on an approximate microbial-presence liability scale",1,0.00398585954662675,0.00381614740376105,0.00417300207955419,0.00187041202222482,30.0107810616245,30.0107810616245,30.0107810616245,0.1,"nominal_0.05",0.05,1.83698359338581,0.544370675710207,1.85542866169231,1.81796112972012,0.8
"GCST90671210","Gut microbiome species abundance (Zhenpiania hominis, GCF_014333425.1)","RIN_standardized_abundance","one source-defined RIN-standardized unit",1,0.0013800716468448,0.0013800716468448,0.0013800716468448,0.00187367378985602,30.0632144014068,30.0632144014068,30.0632144014068,0.59,"nominal_0.05",0.05,2.42133961284896,0.412994523648584,2.42133961284896,2.42133961284896,0.8
"GCST90671214","Gut microbiome species abundance (Lentihominibacter sp900066305, GCA_902362435.1)","RIN_standardized_abundance","one source-defined RIN-standardized unit",1,0.00162296187768,0.00162296187768,0.00162296187768,0.00188529315529518,30.25,30.25,30.25,0.84,"nominal_0.05",0.05,2.31129610107322,0.432657676156535,2.31129610107322,2.31129610107322,0.799999999973931
"GCST90671218","Gut microbiome species abundance (Lentihominibacter excrementipullorum, GCA_900543485.1)","RIN_standardized_abundance","one source-defined RIN-standardized unit",1,0.0016268732251518,0.0016268732251518,0.0016268732251518,0.00199063608220932,31.943624989082,31.943624989082,31.943624989082,0.61,"nominal_0.05",0.05,2.30972624556241,0.432951741324871,2.30972624556241,2.30972624556241,0.8
"GCST90671223","Gut microbiome species presence (Fumia xinanensis, GCF_014384905.1)","presence","one SD on an approximate microbial-presence liability scale",1,0.00243721277414138,0.0023942625096333,0.00247973219360346,0.00191003165312264,30.6476949922896,30.6476949922896,30.6476949922896,0.22,"nominal_0.05",0.05,2.07059656671765,0.482952602198709,2.08015018810642,2.06138306122316,0.799999999968537
"GCST90671235","Gut microbiome species presence (Dysosmobacter A sp014334055, GCF_014334055.1)","presence","one SD on an approximate microbial-presence liability scale",1,0.00159487372007764,0.00158250775748167,0.00160707622006766,0.001903707275431,30.5460227016801,30.5460227016801,30.5460227016801,0.35,"nominal_0.05",0.05,2.32273687295834,0.430526596293431,2.32786900803161,2.31773013930576,0.799999999987544
"GCST90671237","Gut microbiome species presence (Marseille-P3106 sp900169975, GCA_900169975.1)","presence","one SD on an approximate microbial-presence liability scale",1,0.00446872154542437,0.00443482995886899,0.00449495181111438,0.00200261907366584,32.1363012345679,32.1363012345679,32.1363012345679,0.09,"nominal_0.05",0.05,1.79037163483915,0.55854325467452,1.79339312373915,1.78805663593278,0.80000000001789
"GCST90671245","Gut microbiome species presence (Gehongia tenuis, GCF_014384795.1)","presence","one SD on an approximate microbial-presence liability scale",1,0.00206209901223798,0.00199810724879699,0.00212579003729453,0.00196454486767371,31.5241165972635,31.5241165972635,31.5241165972635,0.4,"nominal_0.05",0.05,2.16378168967783,0.462153832232905,2.18223014626983,2.14624766817575,0.8
"GCST90671259","Gut microbiome species abundance (JAHZGC01 sp019421015, GCA_019421015.1)","RIN_standardized_abundance","one source-defined RIN-standardized unit",1,0.0013722960717198,0.0013722960717198,0.0013722960717198,0.00186304569640376,29.8923676748582,29.8923676748582,29.8923676748582,0.59,"nominal_0.05",0.05,2.42533195412976,0.41231469296285,2.42533195412976,2.42533195412976,0.800000000001099
"GCST90671277","Gut microbiome species presence (Excrementavichristensenella intestinipullorum, GCA_018711685.1)","presence","one SD on an approximate microbial-presence liability scale",1,0.00194536413195874,0.00190931444224774,0.00198114810118277,0.00192013821403469,30.8101732888785,30.8101732888785,30.8101732888785,0.33,"nominal_0.05",0.05,2.19810998406958,0.454936289470193,2.20933735555449,2.18726748554966,0.8
"GCST90671285","Gut microbiome species presence (Lentihominibacter sp905193765, GCA_905193765.1)","presence","one SD on an approximate microbial-presence liability scale",1,0.00153465820582742,0.00149847716225714,0.0015706868755917,0.00192089896281674,30.8224036126411,30.8224036126411,30.8224036126411,0.55,"nominal_0.05",0.05,2.34830214610237,0.425839580166362,2.36439063679715,2.33283086177236,0.799999999978354
"GCST90671292","Gut microbiome genus abundance (Agathobacter)","RIN_standardized_abundance","one source-defined RIN-standardized unit",1,0.0021056687558478,0.0021056687558478,0.0021056687558478,0.00191525189601935,30.7316179042086,30.7316179042086,30.7316179042086,0.99,"nominal_0.05",0.05,2.15170156245712,0.464748465794698,2.15170156245712,2.15170156245712,0.799999999981931
"GCST90671293","Gut microbiome genus abundance (Bifidobacterium)","RIN_standardized_abundance","one source-defined RIN-standardized unit",1,0.0065989789441632,0.0065989789441632,0.0065989789441632,0.00651497294677554,105.021504,105.021504,105.021504,0.98,"nominal_0.05",0.05,1.65004979749994,0.606042315519898,1.65004979749994,1.65004979749994,0.800000000008777
"GCST90671302","Gut microbiome genus abundance (ER4)","RIN_standardized_abundance","one source-defined RIN-standardized unit",1,0.0018824017477632,0.0018824017477632,0.0018824017477632,0.00201674604537168,32.3634567901235,32.3634567901235,32.3634567901235,0.92,"nominal_0.05",0.05,2.21792682664207,0.450871502155909,2.21792682664207,2.21792682664207,0.8
"GCST90671312","Gut microbiome genus presence (Cryptobacteroides)","presence","one SD on an approximate microbial-presence liability scale",1,0.00216396603845559,0.00211311007628127,0.00221454867891832,0.00186010260136887,29.845058031004,29.845058031004,29.845058031004,0.24,"nominal_0.05",0.05,2.13610849723988,0.468141014977529,2.14967557076853,2.12307763377527,0.799999999963309
"GCST90671314","Gut microbiome genus presence (Fimenecus)","presence","one SD on an approximate microbial-presence liability scale",1,0.00184995384678066,0.00183393504656437,0.00186574746700979,0.00190121503167059,30.5059571164298,30.5059571164298,30.5059571164298,0.5,"nominal_0.05",0.05,2.22852905665939,0.448726480371326,2.23386570455989,2.2233342910932,0.8
"GCST90671323","Gut microbiome genus abundance (Agathobaculum)","RIN_standardized_abundance","one source-defined RIN-standardized unit",1,0.0024400435441152,0.0024400435441152,0.0024400435441152,0.00263305406680059,42.2796855778654,42.2796855778654,42.2796855778654,1,"nominal_0.05",0.05,2.06997573436624,0.483097450563191,2.06997573436624,2.06997573436624,0.80000000003469
"GCST90671324","Gut microbiome genus presence (Phascolarctobacterium)","presence","one SD on an approximate microbial-presence liability scale",1,0.00185193146182702,0.00179884558563617,0.00190477760724391,0.0020214799342246,32.439577100791,32.439577100791,32.439577100791,0.41,"nominal_0.05",0.05,2.22787498156157,0.448858220625591,2.24580167614546,2.21077267027409,0.800000000000001
"GCST90671336","Gut microbiome genus abundance (Mediterraneibacter)","RIN_standardized_abundance","one source-defined RIN-standardized unit",1,0.00221746914048,0.00221746914048,0.00221746914048,0.00237598726140264,38.142061042524,38.142061042524,38.142061042524,1,"nominal_0.05",0.05,2.12233883622672,0.47117829770193,2.12233883622672,2.12233883622672,0.799999999969362
"GCST90671353","Gut microbiome genus presence (Peptidiphaga)","presence","one SD on an approximate microbial-presence liability scale",1,0.00251883806675506,0.00241666948067167,0.00262046217307512,0.00203733464104101,32.694523962513,32.694523962513,32.694523962513,0.17,"nominal_0.05",0.05,2.05311498043379,0.487064781821774,2.0751344952899,2.0324968738408,0.799999999995499
"GCST90671359","Gut microbiome genus abundance (Ventricola)","RIN_standardized_abundance","one source-defined RIN-standardized unit",1,0.0017820135647262,0.0017820135647262,0.0017820135647262,0.00186963139773387,29.9982324720142,29.9982324720142,29.9982324720142,0.91,"nominal_0.05",0.05,2.25165083950289,0.444118591770995,2.25165083950289,2.25165083950289,0.799999999999326
"GCST90671360","Gut microbiome genus presence (Scatocola)","presence","one SD on an approximate microbial-presence liability scale",2,0.00357915348577511,0.00355815424586539,0.0035997194118592,0.00398902645792709,31.3917810975303,32.0059891929704,32.0059891929704,0.26,"nominal_0.05",0.05,1.88334534030034,0.530970066191116,1.88595231920136,1.88081424902723,0.800000000019339
"GCST90671365","Gut microbiome genus abundance (Acutalibacter)","RIN_standardized_abundance","one source-defined RIN-standardized unit",1,0.0016278201581568,0.0016278201581568,0.0016278201581568,0.00189508102108587,30.4073469387755,30.4073469387755,30.4073469387755,0.91,"nominal_0.05",0.05,2.30934702740974,0.4330228363823,2.30934702740974,2.30934702740974,0.8
"GCST90671373","Gut microbiome genus abundance (Intestinibacter)","RIN_standardized_abundance","one source-defined RIN-standardized unit",1,0.0015198894013952,0.0015198894013952,0.0015198894013952,0.00187264268577177,30.0466392318244,30.0466392318244,30.0466392318244,0.79,"nominal_0.05",0.05,2.35480071620669,0.424664385872484,2.35480071620669,2.35480071620669,0.799999999995455
"GCST90671377","Gut microbiome genus presence (UBA738)","presence","one SD on an approximate microbial-presence liability scale",1,0.0016991337870753,0.00169245794328619,0.00170561936751777,0.00228989751108757,36.7568781237985,36.7568781237985,36.7568781237985,0.47,"nominal_0.05",0.05,2.28169642315822,0.438270398222322,2.2842112349947,2.27926730072182,0.799999999993006
"GCST90671385","Gut microbiome genus presence (Alloscardovia)","presence","one SD on an approximate microbial-presence liability scale",1,0.00214319163905609,0.00210725432315542,0.00217879319830601,0.00193162936328543,30.9949149408284,30.9949149408284,30.9949149408284,0.18,"nominal_0.05",0.05,2.14159260042003,0.46694221851713,2.15126897865726,2.13224211826718,0.799999999971846
"GCST90671389","Gut microbiome genus presence (Limivicinus)","presence","one SD on an approximate microbial-presence liability scale",1,0.00155262208183592,0.00152242595886932,0.00158265705503655,0.00188529315529518,30.25,30.25,30.25,0.47,"nominal_0.05",0.05,2.34052160377826,0.427255188922725,2.35367793438077,2.32780669176611,0.8
"GCST90671397","Gut microbiome genus presence (Merdicola)","presence","one SD on an approximate microbial-presence liability scale",2,0.00296756505479731,0.00291144502036666,0.00302340219853883,0.00392453970811665,30.3943665923214,31.4876132436899,31.4876132436899,0.42,"nominal_0.05",0.05,1.97021658598179,0.507558411148834,1.97952880090636,1.96120893956445,0.800000000030374
"GCST90671414","Gut microbiome genus presence (Sellimonas)","presence","one SD on an approximate microbial-presence liability scale",2,0.00349475227712849,0.00347172384124319,0.00351737964562032,0.00424051071213804,30.9053635116598,34.0286454746508,34.0286454746508,0.31,"nominal_0.05",0.05,1.8939651841031,0.527992810212907,1.89692963392603,1.89108069874106,0.799999999977976
"GCST90671419","Gut microbiome genus abundance (Hungatella)","RIN_standardized_abundance","one source-defined RIN-standardized unit",1,0.0017762582796288,0.0017762582796288,0.0017762582796288,0.00207341175926686,33.2746814404432,33.2746814404432,33.2746814404432,0.82,"nominal_0.05",0.05,2.25366969128219,0.44372074748499,2.25366969128219,2.25366969128219,0.8
"GCST90671426","Gut microbiome genus presence (UBA7597)","presence","one SD on an approximate microbial-presence liability scale",1,0.00235943153346201,0.00234528903752065,0.0023731950214977,0.00214050057068447,34.3536506483297,34.3536506483297,34.3536506483297,0.19,"nominal_0.05",0.05,2.08808755814127,0.478907120585576,2.0913604658226,2.08493033774229,0.8
"GCST90671432","Gut microbiome genus abundance (Spyradocola)","RIN_standardized_abundance","one source-defined RIN-standardized unit",1,0.0014612710405368,0.0014612710405368,0.0014612710405368,0.0018792955491259,30.1535857186827,30.1535857186827,30.1535857186827,0.67,"nominal_0.05",0.05,2.38154685637203,0.419895160712214,2.38154685637203,2.38154685637203,0.799999999996982
"GCST90671434","Gut microbiome genus presence (UBA10281)","presence","one SD on an approximate microbial-presence liability scale",1,0.00201372134921037,0.00197018894125768,0.00205694902327718,0.00190641726003709,30.5895889398263,30.5895889398263,30.5895889398263,0.19,"nominal_0.05",0.05,2.17764828375966,0.459210978860884,2.19055693827967,2.16523470545885,0.8
"GCST90671435","Gut microbiome genus abundance (UMGS1071)","RIN_standardized_abundance","one source-defined RIN-standardized unit",1,0.001666281967955,0.001666281967955,0.001666281967955,0.00186903604377713,29.9886621315193,29.9886621315193,29.9886621315193,0.73,"nominal_0.05",0.05,2.29421575241295,0.435878796032259,2.29421575241295,2.29421575241295,0.8
"GCST90671449","Gut microbiome genus presence (Faeciplasma)","presence","one SD on an approximate microbial-presence liability scale",1,0.00286633452066848,0.00286350101907924,0.00286862622799751,0.00230622812698798,37.019619140625,37.019619140625,37.019619140625,0.18,"nominal_0.05",0.05,1.98721086559978,0.503217860424782,1.987699422603,1.9868162532674,0.8
"GCST90671450","Gut microbiome genus presence (UBA11512)","presence","one SD on an approximate microbial-presence liability scale",1,0.00217040409998679,0.00216975845140104,0.00217074013418156,0.00194331733303058,31.1828252132144,31.1828252132144,31.1828252132144,0.21,"nominal_0.05",0.05,2.13442485225867,0.468510286947695,2.13459336264075,2.13433717891889,0.800000000000001
"GCST90671463","Gut microbiome genus presence (Coprobacillus)","presence","one SD on an approximate microbial-presence liability scale",1,0.00428140556667714,0.00419574390414531,0.00436595785756426,0.00444217370245678,71.4588444444444,71.4588444444444,71.4588444444444,0.29,"nominal_0.05",0.05,1.80751651917348,0.553245289540848,1.81573650355242,1.7996410981632,0.8
"GCST90671465","Gut microbiome genus abundance (Mogibacterium)","RIN_standardized_abundance","one source-defined RIN-standardized unit",1,0.0019209476952288,0.0019209476952288,0.0019209476952288,0.00228527130325025,36.6824492702029,36.6824492702029,36.6824492702029,0.78,"nominal_0.05",0.05,2.2056800310836,0.453374916537066,2.2056800310836,2.2056800310836,0.799999999985419
"GCST90671469","Gut microbiome genus presence (UMGS1994)","presence","one SD on an approximate microbial-presence liability scale",1,0.00489218020569316,0.00487663551167091,0.00491300911288011,0.00204083903096837,32.7508763477072,32.7508763477072,32.7508763477072,0.08,"nominal_0.05",0.05,1.75530526664679,0.569701475293998,1.75651125665374,1.75369829163166,0.8
"GCST90671470","Gut microbiome genus presence (V9D3004)","presence","one SD on an approximate microbial-presence liability scale",1,0.00193269341654038,0.00193115764909242,0.00193398307449604,0.00219870068685585,35.2897831704924,35.2897831704924,35.2897831704924,0.3,"nominal_0.05",0.05,2.20202063533099,0.454128351004163,2.20249722283009,2.20162085697724,0.799999999999999
"GCST90671474","Gut microbiome genus abundance (Massilistercora)","RIN_standardized_abundance","one source-defined RIN-standardized unit",2,0.0030746391834798,0.0030746391834798,0.0030746391834798,0.00379870012824409,30.0212673611111,30.4759887101414,30.4759887101414,0.62,"nominal_0.05",0.05,1.95315948838658,0.511990959236031,1.95315948838658,1.95315948838658,0.799999999964277
"GCST90671483","Gut microbiome genus presence (Egerieisoma)","presence","one SD on an approximate microbial-presence liability scale",1,0.0018390928458916,0.00180977963615243,0.00186816437795018,0.00186732884099408,29.9612188365651,29.9612188365651,29.9612188365651,0.24,"nominal_0.05",0.05,2.23213984465927,0.448000604618322,2.24204548368054,2.22254510044094,0.8
"GCST90671486","Gut microbiome genus presence (HGM11501)","presence","one SD on an approximate microbial-presence liability scale",1,0.00289925156754764,0.0028687685641707,0.00292914290412722,0.00204905884000806,32.883056640625,32.883056640625,32.883056640625,0.16,"nominal_0.05",0.05,1.98158765093049,0.504645857845568,1.98679175973834,1.9765633527963,0.800000000000001
"GCST90671488","Gut microbiome genus presence (Merdimonas)","presence","one SD on an approximate microbial-presence liability scale",1,0.00157348186334893,0.00156304890400259,0.00158374728953073,0.00187580133325262,30.0974151234568,30.0974151234568,30.0974151234568,0.28,"nominal_0.05",0.05,2.33165266567737,0.428880345139009,2.33606649032884,2.3273518960608,0.8
"GCST90671490","Gut microbiome genus abundance (Anaerotruncus)","RIN_standardized_abundance","one source-defined RIN-standardized unit",1,0.0020386736207838,0.0020386736207838,0.0020386736207838,0.00195730273797617,31.4076776822092,31.4076776822092,31.4076776822092,0.97,"nominal_0.05",0.05,2.17043496315386,0.460737141161281,2.17043496315386,2.17043496315386,0.799999999969396
"GCST90671499","Gut microbiome genus presence (UMGS1484)","presence","one SD on an approximate microbial-presence liability scale",1,0.00169873072098583,0.00167177728603054,0.00172549320967756,0.00197744526118177,31.7315332278375,31.7315332278375,31.7315332278375,0.49,"nominal_0.05",0.05,2.28184784289781,0.438241315306134,2.29209614998492,2.27190837419307,0.799999999995276
"GCST90671500","Gut microbiome genus presence (Alectryocaccomicrobium)","presence","one SD on an approximate microbial-presence liability scale",1,0.00177368320468654,0.00173242275337848,0.00181472464180817,0.00187572549471551,30.096196,30.096196,30.096196,0.39,"nominal_0.05",0.05,2.25457613329197,0.44354235159044,2.26937202994221,2.2403577791082,0.799999999970054
"GCST90671503","Gut microbiome genus abundance (Marvinbryantia)","RIN_standardized_abundance","one source-defined RIN-standardized unit",1,0.0017381795857272,0.0017381795857272,0.0017381795857272,0.00219831629641734,35.2836,35.2836,35.2836,0.78,"nominal_0.05",0.05,2.26727635674082,0.441057834448327,2.26727635674082,2.26727635674082,0.799999999982242
"GCST90671519","Gut microbiome genus presence (HGM11507)","presence","one SD on an approximate microbial-presence liability scale",1,0.00260410454676271,0.00257562760399425,0.00263210636223374,0.00193293364342099,31.0158839449447,31.0158839449447,31.0158839449447,0.2,"nominal_0.05",0.05,2.03573430512211,0.491223239439401,2.04144340447159,2.03021063319624,0.8
"GCST90671524","Gut microbiome genus abundance (Turicibacter)","RIN_standardized_abundance","one source-defined RIN-standardized unit",4,0.0070744413008356,0.0070744413008356,0.0070744413008356,0.00877691487507025,30.1714795918367,31.157340154551,35.2214648220378,0.73,"nominal_0.05",0.05,1.62775628157294,0.614342583911687,1.62775628157294,1.62775628157294,0.800000000000001
"GCST90671536","Gut microbiome genus presence (Oxalobacter)","presence","one SD on an approximate microbial-presence liability scale",1,0.00156898567764768,0.00152733187519284,0.00161047176383111,0.00202206049111584,32.4489124290225,32.4489124290225,32.4489124290225,0.45,"nominal_0.05",0.05,2.33354950689515,0.428531726901533,2.35151423076486,2.31634695796185,0.799999999993017
"GCST90671554","Gut microbiome genus presence (Gallimonas)","presence","one SD on an approximate microbial-presence liability scale",1,0.00423347528662897,0.00410854803770894,0.004332755803887,0.0018785018767607,30.1408271567037,30.1408271567037,30.1408271567037,0.09,"nominal_0.05",0.05,1.81208515040592,0.551850446860067,1.82436599198012,1.80270615913472,0.8
"GCST90671561","Gut microbiome genus abundance (Massilioclostridium)","RIN_standardized_abundance","one source-defined RIN-standardized unit",1,0.0016402000358528,0.0016402000358528,0.0016402000358528,0.00185993054027564,29.8422921931562,29.8422921931562,29.8422921931562,0.94,"nominal_0.05",0.05,2.30441920053533,0.433948823099414,2.30441920053533,2.30441920053533,0.8
"GCST90671563","Gut microbiome genus abundance (Phocea)","RIN_standardized_abundance","one source-defined RIN-standardized unit",1,0.00256673982302,0.00256673982302,0.00256673982302,0.00284047079975457,45.6197213444413,45.6197213444413,45.6197213444413,0.76,"nominal_0.05",0.05,2.04324457317187,0.489417670860434,2.04324457317187,2.04324457317187,0.799999999977634
"GCST90671570","Gut microbiome genus presence (UMGS1384)","presence","one SD on an approximate microbial-presence liability scale",1,0.00153754160967211,0.00153647043540217,0.00153845718139617,0.00197698011894759,31.7240544298458,31.7240544298458,31.7240544298458,0.4,"nominal_0.05",0.05,2.34704420407121,0.426067816816313,2.34751111627586,2.34664549938198,0.8
"GCST90671572","Gut microbiome genus abundance (UMGS1766)","RIN_standardized_abundance","one source-defined RIN-standardized unit",1,0.0017863147926558,0.0017863147926558,0.0017863147926558,0.0018833160158966,30.2182164455879,30.2182164455879,30.2182164455879,0.81,"nominal_0.05",0.05,2.25014836290223,0.444415140124451,2.25014836290223,2.25014836290223,0.799999999975805
"GCST90671581","Gut microbiome genus presence (Catenibacillus)","presence","one SD on an approximate microbial-presence liability scale",1,0.00148257964893192,0.0014729012565923,0.00149211102367735,0.00198045076877332,31.7798575051322,31.7798575051322,31.7798575051322,0.37,"nominal_0.05",0.05,2.37164307913718,0.421648606738838,2.37611506242448,2.36728111548348,0.8
"GCST90671588","Gut microbiome genus presence (HGM14224)","presence","one SD on an approximate microbial-presence liability scale",2,0.00390899551475412,0.00387759396954995,0.00393989561169774,0.0048271545259667,35.4278236758714,38.7476451648175,38.7476451648175,0.52,"nominal_0.05",0.05,1.84518889885036,0.541949932943478,1.84861090876333,1.84186148101022,0.799999999999999
"GCST90671595","Gut microbiome genus abundance (Pullichristensenella)","RIN_standardized_abundance","one source-defined RIN-standardized unit",2,0.003873353964543,0.003873353964543,0.003873353964543,0.00436833706212132,29.7804081632653,35.0577625220519,35.0577625220519,0.8,"nominal_0.05",0.05,1.84907614732682,0.540810610447648,1.84907614732682,1.84907614732682,0.8
"GCST90671613","Gut microbiome genus abundance (Vescimonas)","RIN_standardized_abundance","one source-defined RIN-standardized unit",1,0.0017810325757952,0.0017810325757952,0.0017810325757952,0.00190400094639659,30.5507438016529,30.5507438016529,30.5507438016529,0.96,"nominal_0.05",0.05,2.25199426730999,0.444050863945806,2.25199426730999,2.25199426730999,0.800000000033819
"GCST90671614","Gut microbiome genus presence (Pseudoruminococcus)","presence","one SD on an approximate microbial-presence liability scale",1,0.00267400874182816,0.0026509988073033,0.00269652711913367,0.00260335229201776,41.8015110161782,41.8015110161782,41.8015110161782,0.23,"nominal_0.05",0.05,2.02210682598644,0.494533714613309,2.02653320900537,2.01782973370364,0.8
"GCST90671616","Gut microbiome genus presence (Tidjanibacter)","presence","one SD on an approximate microbial-presence liability scale",1,0.00158423719487469,0.00154325847428221,0.00162504598151985,0.00195539492769748,31.3770042019379,31.3770042019379,31.3770042019379,0.54,"nominal_0.05",0.05,2.32714768132556,0.429710588642312,2.3445604239307,2.3104589286063,0.799999999976317
"GCST90671653","Gut microbiome family abundance (Bifidobacteriaceae)","RIN_standardized_abundance","one source-defined RIN-standardized unit",1,0.0065475652019712,0.0065475652019712,0.0065475652019712,0.006464541844492,104.203264,104.203264,104.203264,0.99,"nominal_0.05",0.05,1.65260499238849,0.605105275976876,1.65260499238849,1.65260499238849,0.8
"GCST90671656","Gut microbiome family abundance (Bacteroidaceae)","RIN_standardized_abundance","one source-defined RIN-standardized unit",1,0.00181462732088,0.00181462732088,0.00181462732088,0.00191750389301599,30.767822265625,30.767822265625,30.767822265625,1,"nominal_0.05",0.05,2.24039092824898,0.446350673621754,2.24039092824898,2.24039092824898,0.79999999998099
"GCST90671664","Gut microbiome family abundance (Coprobacillaceae)","RIN_standardized_abundance","one source-defined RIN-standardized unit",1,0.0021443186377208,0.0021443186377208,0.0021443186377208,0.00188207695610196,30.1982979727008,30.1982979727008,30.1982979727008,1,"nominal_0.05",0.05,2.14129306157546,0.467007537615729,2.14129306157546,2.14129306157546,0.799999999967001
"GCST90671665","Gut microbiome family presence (UBA932)","presence","one SD on an approximate microbial-presence liability scale",1,0.00214974603832143,0.00209937845939508,0.00219984377918106,0.00186124110172061,29.8633591555513,29.8633591555513,29.8633591555513,0.24,"nominal_0.05",0.05,2.1398538207685,0.467321641457201,2.15342251107094,2.12681976017162,0.8
"GCST90671669","Gut microbiome family abundance (Butyricicoccaceae)","RIN_standardized_abundance","one source-defined RIN-standardized unit",2,0.00688008899678,0.00688008899678,0.00688008899678,0.0071958877919035,32.4023668639053,57.8694896047922,57.8694896047922,1,"nominal_0.05",0.05,1.63658940315635,0.611026808600489,1.63658940315635,1.63658940315635,0.799999999999999
"GCST90671674","Gut microbiome family abundance (Lactobacillaceae)","RIN_standardized_abundance","one source-defined RIN-standardized unit",1,0.0017126879390478,0.0017126879390478,0.0017126879390478,0.00186461443518991,29.9175849403122,29.9175849403122,29.9175849403122,0.93,"nominal_0.05",0.05,2.27663540277197,0.439244684846078,2.27663540277197,2.27663540277197,0.799999999993951
"GCST90671689","Gut microbiome family presence (Propionibacteriaceae)","presence","one SD on an approximate microbial-presence liability scale",1,0.00176091465087334,0.00175206900971336,0.00176955418385312,0.00196903020608314,31.5962326869806,31.5962326869806,31.5962326869806,0.39,"nominal_0.05",0.05,2.25909980876649,0.442654191780051,2.26226235284335,2.25603366417293,0.8
"GCST90671693","Gut microbiome family abundance (Peptostreptococcaceae)","RIN_standardized_abundance","one source-defined RIN-standardized unit",1,0.00165277167608,0.00165277167608,0.00165277167608,0.00185496368530218,29.7624516871796,29.7624516871796,29.7624516871796,0.94,"nominal_0.05",0.05,2.29947123389385,0.434882587466264,2.29947123389385,2.29947123389385,0.8
"GCST90671695","Gut microbiome family abundance (Pumilibacteraceae)","RIN_standardized_abundance","one source-defined RIN-standardized unit",2,0.003449429751123,0.003449429751123,0.003449429751123,0.00432567855293075,33.0502670891806,34.7131218258403,34.7131218258403,0.66,"nominal_0.05",0.05,1.89982771781648,0.526363517397947,1.89982771781648,1.89982771781648,0.8
"GCST90671707","Gut microbiome family abundance (UBA1750)","RIN_standardized_abundance","one source-defined RIN-standardized unit",1,0.0015417148547982,0.0015417148547982,0.0015417148547982,0.00198254674691823,31.8135580178516,31.8135580178516,31.8135580178516,0.67,"nominal_0.05",0.05,2.34522972681221,0.426397460584498,2.34522972681221,2.34522972681221,0.8
"GCST90671709","Gut microbiome family presence (Peptococcaceae)","presence","one SD on an approximate microbial-presence liability scale",1,0.00150780491278607,0.00150572282873723,0.00150973811544916,0.00196762852575249,31.5736961451247,31.5736961451247,31.5736961451247,0.36,"nominal_0.05",0.05,2.36018819095822,0.4236950272995,2.36112288843375,2.35932204152908,0.799999999996516
"GCST90671716","Gut microbiome family presence (Feifaniaceae)","presence","one SD on an approximate microbial-presence liability scale",1,0.00162501689297156,0.00162386634346633,0.00162599401525514,0.00215681010636763,34.6159739359043,34.6159739359043,34.6159739359043,0.57,"nominal_0.05",0.05,2.31047060233981,0.432812258674619,2.31093258648072,2.31007863612088,0.8
"GCST90671717","Gut microbiome family presence (Burkholderiaceae)","presence","one SD on an approximate microbial-presence liability scale",2,0.00299434327303471,0.00294562784619101,0.00304275673724739,0.00390471859712504,30.2292488430046,31.3282733382521,31.3282733382521,0.45,"nominal_0.05",0.05,1.96586539299259,0.508681827130454,1.97382513288174,1.95814448814523,0.800000000031314
"GCST90671718","Gut microbiome family presence (HGM11501)","presence","one SD on an approximate microbial-presence liability scale",1,0.00289925156754764,0.0028687685641707,0.00292914290412722,0.00204905884000806,32.883056640625,32.883056640625,32.883056640625,0.16,"nominal_0.05",0.05,1.98158765093049,0.504645857845568,1.98679175973834,1.9765633527963,0.800000000000001
"GCST90671721","Gut microbiome family presence (HGM11507)","presence","one SD on an approximate microbial-presence liability scale",1,0.00260410454676271,0.00257562760399425,0.00263210636223374,0.00193293364342099,31.0158839449447,31.0158839449447,31.0158839449447,0.2,"nominal_0.05",0.05,2.03573430512211,0.491223239439401,2.04144340447159,2.03021063319624,0.8
"GCST90671723","Gut microbiome family abundance (Turicibacteraceae)","RIN_standardized_abundance","one source-defined RIN-standardized unit",4,0.0070744413008356,0.0070744413008356,0.0070744413008356,0.00877691487507025,30.1714795918367,31.157340154551,35.2214648220378,0.73,"nominal_0.05",0.05,1.62775628157294,0.614342583911687,1.62775628157294,1.62775628157294,0.800000000000001
"GCST90671729","Gut microbiome family presence (UMGS1384)","presence","one SD on an approximate microbial-presence liability scale",1,0.00153754160967211,0.00153647043540217,0.00153845718139617,0.00197698011894759,31.7240544298458,31.7240544298458,31.7240544298458,0.4,"nominal_0.05",0.05,2.34704420407121,0.426067816816313,2.34751111627586,2.34664549938198,0.8
"GCST90671733","Gut microbiome family presence (HGM14224)","presence","one SD on an approximate microbial-presence liability scale",2,0.00390899551475412,0.00387759396954995,0.00393989561169774,0.0048271545259667,35.4278236758714,38.7476451648175,38.7476451648175,0.52,"nominal_0.05",0.05,1.84518889885036,0.541949932943478,1.84861090876333,1.84186148101022,0.799999999999999
"GCST90671741","Gut microbiome order abundance (Actinomycetales)","RIN_standardized_abundance","one source-defined RIN-standardized unit",1,0.0068051466666462,0.0068051466666462,0.0068051466666462,0.0067186175409814,108.326464,108.326464,108.326464,1,"nominal_0.05",0.05,1.64009616769523,0.609720344268143,1.64009616769523,1.64009616769523,0.799999999996692
"GCST90671755","Gut microbiome order abundance (Veillonellales)","RIN_standardized_abundance","one source-defined RIN-standardized unit",1,0.0019953017955,0.0019953017955,0.0019953017955,0.00186994750879077,30.0033139755081,30.0033139755081,30.0033139755081,0.95,"nominal_0.05",0.05,2.18305904187087,0.45807281471554,2.18305904187087,2.18305904187087,0.8
"GCST90671759","Gut microbiome order abundance (TANB77)","RIN_standardized_abundance","one source-defined RIN-standardized unit",1,0.0016832825498232,0.0016832825498232,0.0016832825498232,0.00191596389708173,30.7430644132653,30.7430644132653,30.7430644132653,0.91,"nominal_0.05",0.05,2.28769177826503,0.43712182274764,2.28769177826503,2.28769177826503,0.800000000020696
"GCST90671764","Gut microbiome order presence (Propionibacteriales)","presence","one SD on an approximate microbial-presence liability scale",1,0.00179177126365834,0.00178269099868179,0.00180063811631267,0.00200352634095882,32.1508895044629,32.1508895044629,32.1508895044629,0.39,"nominal_0.05",0.05,2.2482500654696,0.444790379575114,2.25141384525053,2.24518356184993,0.8
"GCST90671773","Gut microbiome order presence (Peptococcales)","presence","one SD on an approximate microbial-presence liability scale",1,0.00150780491278607,0.00150572282873723,0.00150973811544916,0.00196762852575249,31.5736961451247,31.5736961451247,31.5736961451247,0.36,"nominal_0.05",0.05,2.36018819095822,0.4236950272995,2.36112288843375,2.35932204152908,0.799999999996516
"GCST90671780","Gut microbiome order presence (UMGS1840)","presence","one SD on an approximate microbial-presence liability scale",1,0.00261140106639382,0.00258283251851614,0.00263949276754154,0.00194850613223028,31.2662481839862,31.2662481839862,31.2662481839862,0.21,"nominal_0.05",0.05,2.03428646860171,0.491572851431963,2.03999007608691,2.02876818673974,0.799999999983566
"GCST90671781","Gut microbiome order abundance (Haloplasmatales)","RIN_standardized_abundance","one source-defined RIN-standardized unit",4,0.0070744413008356,0.0070744413008356,0.0070744413008356,0.00877691487507025,30.1714795918367,31.157340154551,35.2214648220378,0.73,"nominal_0.05",0.05,1.62775628157294,0.614342583911687,1.62775628157294,1.62775628157294,0.800000000000001
"GCST90671784","Gut microbiome order presence (DTUO25)","presence","one SD on an approximate microbial-presence liability scale",2,0.00390899551475412,0.00387759396954995,0.00393989561169774,0.0048271545259667,35.4278236758714,38.7476451648175,38.7476451648175,0.52,"nominal_0.05",0.05,1.84518889885036,0.541949932943478,1.84861090876333,1.84186148101022,0.799999999999999
"GCST90671789","Gut microbiome class abundance (Actinomycetia)","RIN_standardized_abundance","one source-defined RIN-standardized unit",1,0.0067737986238648,0.0067737986238648,0.0067737986238648,0.00668787508234933,107.827456,107.827456,107.827456,1,"nominal_0.05",0.05,1.64158027173838,0.609169114185952,1.64158027173838,1.64158027173838,0.8
"GCST90671803","Gut microbiome class presence (Peptococcia)","presence","one SD on an approximate microbial-presence liability scale",1,0.00150780491278607,0.00150572282873723,0.00150973811544916,0.00196762852575249,31.5736961451247,31.5736961451247,31.5736961451247,0.36,"nominal_0.05",0.05,2.36018819095822,0.4236950272995,2.36112288843375,2.35932204152908,0.799999999996516
"GCST90671808","Gut microbiome phylum abundance (Actinomycetota)","RIN_standardized_abundance","one source-defined RIN-standardized unit",1,0.0050220306419712,0.0050220306419712,0.0050220306419712,0.0052163370720524,83.9776941682344,83.9776941682344,83.9776941682344,1,"nominal_0.05",0.05,1.74545080843429,0.572917893284558,1.74545080843429,1.74545080843429,0.800000000026921
"GCST90671821","Gut microbiome superkingdom presence (Archaea)","presence","one SD on an approximate microbial-presence liability scale",1,0.00152109299983699,0.0015207418356234,0.00152129207862302,0.0019833069155493,31.825780543166,31.825780543166,31.825780543166,0.54,"nominal_0.05",0.05,2.35426760923724,0.424760548068701,2.3544230849166,2.35417949203267,0.799999999987795
"GCST90671822","Gut microbiome superkingdom presence (Eukaryota)","presence","one SD on an approximate microbial-presence liability scale",1,0.00148663518960407,0.00145480775103984,0.00151831266708267,0.00196946988390862,31.6033019422038,31.6033019422038,31.6033019422038,0.44,"nominal_0.05",0.05,2.36978202453563,0.421979738915421,2.3845932565326,2.35550004328677,0.79999999998212
"GCST90671829","Gut microbiome function abundance (Lactose and galactose degradation, MF0007)","RIN_standardized_abundance","one source-defined RIN-standardized unit",1,0.0017205927070968,0.0017205927070968,0.0017205927070968,0.00189364707654978,30.3842950624628,30.3842950624628,30.3842950624628,0.86,"nominal_0.05",0.05,2.27371120552245,0.439809593043819,2.27371120552245,2.27371120552245,0.8
"GCST90671830","Gut microbiome function abundance (Maltose degradation, MF0008)","RIN_standardized_abundance","one source-defined RIN-standardized unit",1,0.0021169416890232,0.0021169416890232,0.0021169416890232,0.00203736036037217,32.6949375410914,32.6949375410914,32.6949375410914,1,"nominal_0.05",0.05,2.14863650736311,0.465411434913781,2.14863650736311,2.14863650736311,0.8
"GCST90671832","Gut microbiome function abundance (Sucrose degradation I, MF0010)","RIN_standardized_abundance","one source-defined RIN-standardized unit",1,0.0018832608795,0.0018832608795,0.0018832608795,0.00206227300445283,33.0955542343771,33.0955542343771,33.0955542343771,1,"nominal_0.05",0.05,2.21764980701838,0.450927823155494,2.21764980701838,2.21764980701838,0.800000000000001
"GCST90671836","Gut microbiome function abundance (Arabinose degradation, MF0014)","RIN_standardized_abundance","one source-defined RIN-standardized unit",1,0.00176857408728,0.00176857408728,0.00176857408728,0.00189163426915152,30.3519375857339,30.3519375857339,30.3519375857339,1,"nominal_0.05",0.05,2.25638037764497,0.443187686751522,2.25638037764497,2.25638037764497,0.79999999999572
"GCST90671843","Gut microbiome function abundance (Xylose degradation, MF0021)","RIN_standardized_abundance","one source-defined RIN-standardized unit",1,0.001980411342,0.001980411342,0.001980411342,0.00186397005231593,29.9072265625,29.9072265625,29.9072265625,1,"nominal_0.05",0.05,2.18748777793986,0.457145411318267,2.18748777793986,2.18748777793986,0.8
"GCST90671860","Gut microbiome function abundance (Valine degradation I, MF0041)","RIN_standardized_abundance","one source-defined RIN-standardized unit",1,0.001733256229875,0.001733256229875,0.001733256229875,0.00186149844810523,29.8674959437534,29.8674959437534,29.8674959437534,0.77,"nominal_0.05",0.05,2.26906797733082,0.440709582079746,2.26906797733082,2.26906797733082,0.8
"GCST90671866","Gut microbiome function abundance (Serine degradation, MF0048)","RIN_standardized_abundance","one source-defined RIN-standardized unit",1,0.00227747919672,0.00227747919672,0.00227747919672,0.00202398834365897,32.4799122875715,32.4799122875715,32.4799122875715,1,"nominal_0.05",0.05,2.10747204357942,0.474502142529757,2.10747204357942,2.10747204357942,0.800000000035964
"GCST90671868","Gut microbiome function abundance (Threonine degradation II, MF0050)","RIN_standardized_abundance","one source-defined RIN-standardized unit",1,0.0017154216138752,0.0017154216138752,0.0017154216138752,0.00188529315529518,30.25,30.25,30.25,1,"nominal_0.05",0.05,2.27562187482525,0.439440317858956,2.27562187482525,2.27562187482525,0.799999999977184
"GCST90671882","Gut microbiome function abundance (Glycolysis (preparatory phase), MF0067)","RIN_standardized_abundance","one source-defined RIN-standardized unit",1,0.0019916033903598,0.0019916033903598,0.0019916033903598,0.00192603432339611,30.9049637100575,30.9049637100575,30.9049637100575,1,"nominal_0.05",0.05,2.18415442302677,0.457843085386891,2.18415442302677,2.18415442302677,0.8
"GCST90671902","Gut microbiome function abundance (Ethanol production I, MF0090)","RIN_standardized_abundance","one source-defined RIN-standardized unit",2,0.0037642760935704,0.0037642760935704,0.0037642760935704,0.00398547310006679,30.2986921450388,31.9775740288596,31.9775740288596,1,"nominal_0.05",0.05,1.86131322780319,0.537255086926046,1.86131322780319,1.86131322780319,0.8
"GCST90670368","Gut microbiome alpha diversity abundance (Richness)","RIN_standardized_diversity","one source-defined RIN-standardized unit",1,0.0020566468395,0.0020566468395,0.0020566468395,0.00224285091271572,36,36,36,,"forward_bonferroni_0.05_over_230",0.000217391304347826,2.87970585959953,0.347257688373446,2.87970585959953,2.87970585959953,0.8
"GCST90670372","Gut microbiome species abundance (Bifidobacterium longum, GCF_000196555.1)","RIN_standardized_abundance","one source-defined RIN-standardized unit",1,0.0021747046386912,0.0021747046386912,0.0021747046386912,0.00219420172098593,35.2174146734749,35.2174146734749,35.2174146734749,0.9,"forward_bonferroni_0.05_over_230",0.000217391304347826,2.82895615444302,0.353487274247587,2.82895615444302,2.82895615444302,0.799999999999999
"GCST90670374","Gut microbiome species abundance (Bifidobacterium adolescentis, GCF_000010425.1)","RIN_standardized_abundance","one source-defined RIN-standardized unit",1,0.00403123038318,0.00403123038318,0.00403123038318,0.00425518576678643,68.4380165289256,68.4380165289256,68.4380165289256,0.9,"forward_bonferroni_0.05_over_230",0.000217391304347826,2.34797391213392,0.425899110221018,2.34797391213392,2.34797391213392,0.800000000000003
"GCST90670384","Gut microbiome species presence (Coprococcus eutactus A, GCF_001404675.1)","presence","one SD on an approximate microbial-presence liability scale",1,0.001544898695869,0.00150421505983871,0.00158541894459646,0.00189482647206064,30.4032548421629,30.4032548421629,30.4032548421629,0.56,"forward_bonferroni_0.05_over_230",0.000217391304347826,3.16101616456508,0.316353965920825,3.18913186883374,3.13405393470491,0.799999999962477
"GCST90670385","Gut microbiome species presence (Bifidobacterium bifidum, GCF_001025135.1)","presence","one SD on an approximate microbial-presence liability scale",1,0.002151253865265,0.00208834962870107,0.00221389353335508,0.00189157604568245,30.351001599192,30.351001599192,30.351001599192,0.25,"forward_bonferroni_0.05_over_230",0.000217391304347826,2.83871243084901,0.352272385583247,2.86566752324279,2.81299066615023,0.799999999999972
"GCST90670387","Gut microbiome species abundance (Ruminiclostridium E siraeum, GCA_025150425.1)","RIN_standardized_abundance","one source-defined RIN-standardized unit",1,0.0020977919683968,0.0020977919683968,0.0020977919683968,0.0019711709621095,31.6306523816709,31.6306523816709,31.6306523816709,0.81,"forward_bonferroni_0.05_over_230",0.000217391304347826,2.86154628931617,0.349461409634919,2.86154628931617,2.86154628931617,0.800000000000001
"GCST90670392","Gut microbiome species presence (Bifidobacterium pseudocatenulatum, GCF_001025215.1)","presence","one SD on an approximate microbial-presence liability scale",1,0.00207936361147766,0.00206219161623933,0.00209623918459264,0.00185999721338554,29.8433639461473,29.8433639461473,29.8433639461473,0.24,"forward_bonferroni_0.05_over_230",0.000217391304347826,2.8696149108333,0.348478813733796,2.87722788550689,2.86222216123419,0.79999999995055
"GCST90670394","Gut microbiome species abundance (Alistipes putredinis, GCF_000154465.1)","RIN_standardized_abundance","one source-defined RIN-standardized unit",1,0.0016860573727712,0.0016860573727712,0.0016860573727712,0.00194653258139302,31.2345182985414,31.2345182985414,31.2345182985414,0.94,"forward_bonferroni_0.05_over_230",0.000217391304347826,3.07118971759419,0.325606716599503,3.07118971759419,3.07118971759419,0.800000000000485
"GCST90670400","Gut microbiome species abundance (Ruminococcus B gnavus, GCF_008121495.1)","RIN_standardized_abundance","one source-defined RIN-standardized unit",1,0.00185037080238,0.00185037080238,0.00185037080238,0.00255604987049449,41.0400390625,41.0400390625,41.0400390625,0.62,"forward_bonferroni_0.05_over_230",0.000217391304347826,2.97942300121252,0.335635456795841,2.97942300121252,2.97942300121252,0.800000000000001
"GCST90670407","Gut microbiome species presence (SFEL01 sp004557245, GCA_004557245.1)","presence","one SD on an approximate microbial-presence liability scale",1,0.00148634361742371,0.00148534033566771,0.00148720179088112,0.00197284511749668,31.6575700391929,31.6575700391929,31.6575700391929,0.57,"forward_bonferroni_0.05_over_230",0.000217391304347826,3.20183090111545,0.312321303305437,3.20255031541005,3.20121609212133,0.800000000000001
"GCST90670408","Gut microbiome species presence (Fimenecus sp000432435, GCA_000432435.1)","presence","one SD on an approximate microbial-presence liability scale",1,0.00197096136610037,0.00195330905325518,0.00198835762045379,0.0020017754349458,32.1227360946746,32.1227360946746,32.1227360946746,0.49,"forward_bonferroni_0.05_over_230",0.000217391304347826,2.91928002295587,0.342550215168282,2.92774513193635,2.91104498776189,0.799999999999999
"GCST90670409","Gut microbiome species presence (Faecalibacterium prausnitzii A, GCF_023347235.1)","presence","one SD on an approximate microbial-presence liability scale",1,0.00205745963320762,0.00200335340223694,0.00211132339837424,0.0018910187811687,30.3420431538797,30.3420431538797,30.3420431538797,0.23,"forward_bonferroni_0.05_over_230",0.000217391304347826,2.87934201123227,0.347301569629108,2.9040300312583,2.85568727086287,0.8
"GCST90670417","Gut microbiome species abundance (Alistipes onderdonkii, GCA_025145285.1)","RIN_standardized_abundance","one source-defined RIN-standardized unit",1,0.0020452986126048,0.0020452986126048,0.0020452986126048,0.00189972617329698,30.4820221606648,30.4820221606648,30.4820221606648,0.91,"forward_bonferroni_0.05_over_230",0.000217391304347826,2.88480790499937,0.34664353153879,2.88480790499937,2.88480790499937,0.800000000000001
"GCST90670426","Gut microbiome species abundance (Agathobaculum butyriciproducens, GCA_003096535.1)","RIN_standardized_abundance","one source-defined RIN-standardized unit",1,0.0026082655153152,0.0026082655153152,0.0026082655153152,0.00279105959595882,44.8239256771703,44.8239256771703,44.8239256771703,0.98,"forward_bonferroni_0.05_over_230",0.000217391304347826,2.67246327207169,0.374186620430073,2.67246327207169,2.67246327207169,0.8
"GCST90670427","Gut microbiome species presence (Phascolarctobacterium faecium, GCF_003269275.1)","presence","one SD on an approximate microbial-presence liability scale",1,0.00160310112978261,0.00159858001461063,0.00160745433269575,0.00194383644707093,31.1911712353151,31.1911712353151,31.1911712353151,0.39,"forward_bonferroni_0.05_over_230",0.000217391304347826,3.1225975384282,0.320246201341517,3.12550939091663,3.11980500746559,0.8
"GCST90670428","Gut microbiome species abundance (Faecousia sp000434635, GCA_000434635.1)","RIN_standardized_abundance","one source-defined RIN-standardized unit",1,0.001674582048395,0.001674582048395,0.001674582048395,0.00212849031601851,34.1604826675849,34.1604826675849,34.1604826675849,0.65,"forward_bonferroni_0.05_over_230",0.000217391304347826,3.0780808726551,0.324877753825038,3.0780808726551,3.0780808726551,0.799999999999997
"GCST90670435","Gut microbiome species abundance (CAG-115 sp003531585, GCA_003531585.1)","RIN_standardized_abundance","one source-defined RIN-standardized unit",1,0.0016775413304832,0.0016775413304832,0.0016775413304832,0.00227938481663023,36.587745389649,36.587745389649,36.587745389649,0.62,"forward_bonferroni_0.05_over_230",0.000217391304347826,3.07629724529842,0.325066116913222,3.07629724529842,3.07629724529842,0.800000000028571
"GCST90670437","Gut microbiome species abundance (Blautia A massiliensis, GCF_001487165.1)","RIN_standardized_abundance","one source-defined RIN-standardized unit",1,0.0018967951321088,0.0018967951321088,0.0018967951321088,0.00191578168974525,30.7401351493295,30.7401351493295,30.7401351493295,0.94,"forward_bonferroni_0.05_over_230",0.000217391304347826,2.95561221974557,0.338339377987172,2.95561221974557,2.95561221974557,0.799999999994281
"GCST90670449","Gut microbiome species abundance (Mediterraneibacter faecis, GCA_001312505.1)","RIN_standardized_abundance","one source-defined RIN-standardized unit",1,0.0018975183575102,0.0018975183575102,0.0018975183575102,0.00219292251509224,35.1968380177515,35.1968380177515,35.1968380177515,0.91,"forward_bonferroni_0.05_over_230",0.000217391304347826,2.95524799303444,0.338381077444944,2.95524799303444,2.95524799303444,0.79999999998043
"GCST90670457","Gut microbiome species presence (Parasutterella excrementihominis, GCF_000205025.1)","presence","one SD on an approximate microbial-presence liability scale",1,0.00147982704312769,0.00147084328938183,0.00148866867637424,0.00188405821445674,30.2301476625526,30.2301476625526,30.2301476625526,0.39,"forward_bonferroni_0.05_over_230",0.000217391304347826,3.20651618728346,0.311864946749948,3.21302417084751,3.20016637247207,0.8
"GCST90670460","Gut microbiome species presence (Eubacterium R sp000434995, GCA_000434995.1)","presence","one SD on an approximate microbial-presence liability scale",1,0.00242897196778321,0.00240694811219848,0.00245058704413976,0.00213053337086175,34.193341990523,34.193341990523,34.193341990523,0.2,"forward_bonferroni_0.05_over_230",0.000217391304347826,2.73219742428792,0.366005761922795,2.73998149331897,2.72465778368441,0.799999999999692
"GCST90670466","Gut microbiome species presence (Bifidobacterium catenulatum, GCF_001025195.1)","presence","one SD on an approximate microbial-presence liability scale",1,0.00380116390703555,0.00375718850903251,0.00384411622342173,0.00243318474685146,39.0625,39.0625,39.0625,0.16,"forward_bonferroni_0.05_over_230",0.000217391304347826,2.38792741713989,0.418773197552938,2.39597402061744,2.38020005825621,0.8
"GCST90670468","Gut microbiome species presence (COE1 sp001916965, GCA_001916965.1)","presence","one SD on an approximate microbial-presence liability scale",1,0.00152134185228715,0.00150645575042026,0.00153607886490112,0.00191954991876816,30.8007154599311,30.8007154599311,30.8007154599311,0.39,"forward_bonferroni_0.05_over_230",0.000217391304347826,3.1771639986062,0.31474610704348,3.18755499481911,3.16702023741021,0.8
"GCST90670473","Gut microbiome species abundance (Blautia A obeum, GCA_025147765.1)","RIN_standardized_abundance","one source-defined RIN-standardized unit",1,0.00253218649662,0.00253218649662,0.00253218649662,0.00284879145346937,45.7537379850481,45.7537379850481,45.7537379850481,0.96,"forward_bonferroni_0.05_over_230",0.000217391304347826,2.69705113918284,0.370775320301484,2.69705113918284,2.69705113918284,0.799999999999999
"GCST90670478","Gut microbiome species presence (CAG-882 sp003486385, GCA_003486385.1)","presence","one SD on an approximate microbial-presence liability scale",2,0.00479975297591772,0.00472191151236277,0.00487676099203404,0.00399220819393466,30.2021928166352,32.0317540046895,32.0317540046895,0.21,"forward_bonferroni_0.05_over_230",0.000217391304347826,2.23581892323348,0.447263411901794,2.245929396074,2.22605381813078,0.800000000028144
"GCST90670492","Gut microbiome species presence (CAG-313 sp003539625, GCA_003539625.1)","presence","one SD on an approximate microbial-presence liability scale",1,0.0025027006137256,0.00247956267127822,0.00252540269213507,0.00200500307950871,32.1746345597062,32.1746345597062,32.1746345597062,0.18,"forward_bonferroni_0.05_over_230",0.000217391304347826,2.70687427504265,0.369429791852539,2.71470230566569,2.6992962284213,0.799999999959883
"GCST90670494","Gut microbiome species presence (Clostridium sp900540255, GCA_900540255.1)","presence","one SD on an approximate microbial-presence liability scale",3,0.00760275784160324,0.00759898439576937,0.007605139593136,0.00998146844069047,31.5439727331262,52.3086559278877,53.4833775536713,0.36,"forward_bonferroni_0.05_over_230",0.000217391304347826,1.98218492104592,0.504493798425396,1.98242889038969,1.98203102380092,0.799999999999999
"GCST90670495","Gut microbiome species abundance (Streptococcus thermophilus, GCF_010120595.1)","RIN_standardized_abundance","one source-defined RIN-standardized unit",1,0.0018253901692928,0.0018253901692928,0.0018253901692928,0.00189559170074515,30.4155565640299,30.4155565640299,30.4155565640299,0.67,"forward_bonferroni_0.05_over_230",0.000217391304347826,2.99259763318087,0.334157853001136,2.99259763318087,2.99259763318087,0.799999999999999
"GCST90670498","Gut microbiome species presence (CAG-103 sp900757655, GCA_900757655.1)","presence","one SD on an approximate microbial-presence liability scale",1,0.0030945452363997,0.00302624476211605,0.00316211063012811,0.00203475617898224,32.6530612244898,32.6530612244898,32.6530612244898,0.14,"forward_bonferroni_0.05_over_230",0.000217391304347826,2.53697828148482,0.394169712566372,2.55405048698894,2.52062813829669,0.799999999963074
"GCST90670515","Gut microbiome species abundance (CAG-170 sp900545925, GCA_900545925.1)","RIN_standardized_abundance","one source-defined RIN-standardized unit",1,0.0015892298309342,0.0015892298309342,0.0015892298309342,0.00202816199568046,32.547025,32.547025,32.547025,0.64,"forward_bonferroni_0.05_over_230",0.000217391304347826,3.13156930230647,0.319328714604361,3.13156930230647,3.13156930230647,0.800000000005583
"GCST90670517","Gut microbiome species presence (Ventricola sp900542395, GCA_900542395.1)","presence","one SD on an approximate microbial-presence liability scale",1,0.00154679010475538,0.00154465688886674,0.00154876598458701,0.00213457376050658,34.258325697626,34.258325697626,34.258325697626,0.51,"forward_bonferroni_0.05_over_230",0.000217391304347826,3.15973502021527,0.316482234618481,3.16118011527037,3.15839906748013,0.800000000002197
"GCST90670524","Gut microbiome species abundance (Mediterraneibacter torques, GCF_000153925.1)","RIN_standardized_abundance","one source-defined RIN-standardized unit",1,0.0021155756271488,0.0021155756271488,0.0021155756271488,0.00244814451396421,39.3032544378698,39.3032544378698,39.3032544378698,0.87,"forward_bonferroni_0.05_over_230",0.000217391304347826,2.85385738695746,0.350402933436739,2.85385738695746,2.85385738695746,0.799999999999999
"GCST90670529","Gut microbiome species presence (Butyribacter intestini, GCA_001414325.1)","presence","one SD on an approximate microbial-presence liability scale",1,0.00149984911948675,0.00149292018661456,0.00150663079812502,0.00201644367100357,32.3585946745562,32.3585946745562,32.3585946745562,0.45,"forward_bonferroni_0.05_over_230",0.000217391304347826,3.19221410405552,0.313262195893928,3.19713232785027,3.18743194804723,0.800000000000001
"GCST90670534","Gut microbiome species abundance (Acutalibacter ornithocaccae, GCA_000435395.1)","RIN_standardized_abundance","one source-defined RIN-standardized unit",1,0.001445960517755,0.001445960517755,0.001445960517755,0.00190907956999611,30.6323889814724,30.6323889814724,30.6323889814724,0.68,"forward_bonferroni_0.05_over_230",0.000217391304347826,3.2313518050734,0.309468006061718,3.2313518050734,3.2313518050734,0.800000000000001
"GCST90670546","Gut microbiome species presence (Gemmiger sp900540775, GCF_018784445.1)","presence","one SD on an approximate microbial-presence liability scale",1,0.00139194185682802,0.00137834627648425,0.00140541137636834,0.00192298840128077,30.855994966943,30.855994966943,30.855994966943,0.56,"forward_bonferroni_0.05_over_230",0.000217391304347826,3.27274391556968,0.305554001717831,3.28352590665563,3.2622096762854,0.8
"GCST90670550","Gut microbiome species presence (Negativibacillus sp000435195, GCA_000435195.1)","presence","one SD on an approximate microbial-presence liability scale",1,0.00318013012303688,0.00314906753235183,0.00321055634559007,0.0033147285635415,53.261926775148,53.261926775148,53.261926775148,0.28,"forward_bonferroni_0.05_over_230",0.000217391304347826,2.51635444907323,0.397400294846499,2.52374406658751,2.5092187986041,0.799999999999999
"GCST90670551","Gut microbiome species presence (Enterocloster sp001517625, GCF_001517625.2)","presence","one SD on an approximate microbial-presence liability scale",1,0.00275321676852288,0.00273585841951179,0.00277009810091698,0.00232521102645445,37.3250431906579,37.3250431906579,37.3250431906579,0.17,"forward_bonferroni_0.05_over_230",0.000217391304347826,2.62841292851168,0.380457723804549,2.63350656830407,2.62350437457598,0.800000000021046
"GCST90670554","Gut microbiome species presence (Faecalimonas phoceensis, GCF_900104635.1)","presence","one SD on an approximate microbial-presence liability scale",1,0.00302708009020083,0.00301343781236205,0.00304014023670306,0.00188070967760039,30.1763183807833,30.1763183807833,30.1763183807833,0.15,"forward_bonferroni_0.05_over_230",0.000217391304347826,2.55383826566266,0.391567474512927,2.5573150391996,2.55053142839872,0.799999999997035
"GCST90670555","Gut microbiome species abundance (Limiplasma merdipullorum, GCA_900540045.1)","RIN_standardized_abundance","one source-defined RIN-standardized unit",1,0.00226615439232,0.00226615439232,0.00226615439232,0.00250009993963895,40.1394531777848,40.1394531777848,40.1394531777848,0.74,"forward_bonferroni_0.05_over_230",0.000217391304347826,2.79233124577131,0.358123700945005,2.79233124577131,2.79233124577131,0.800000000000001
"GCST90670562","Gut microbiome species presence (CAG-273 sp000437855, GCA_000437855.1)","presence","one SD on an approximate microbial-presence liability scale",1,0.00317286427461198,0.00310072904594527,0.00324422003050451,0.00187698872402502,30.116502751332,30.116502751332,30.116502751332,0.13,"forward_bonferroni_0.05_over_230",0.000217391304347826,2.51807338172316,0.39712901429254,2.5354600404136,2.50143933687968,0.800000000000002
"GCST90670564","Gut microbiome species presence (UBA738 sp003522945, GCA_003522945.1)","presence","one SD on an approximate microbial-presence liability scale",1,0.00149703170647213,0.00149151100401304,0.00150240451017191,0.00201767109507344,32.3783314109958,32.3783314109958,32.3783314109958,0.45,"forward_bonferroni_0.05_over_230",0.000217391304347826,3.19420998110004,0.313066456468718,3.19813659791753,3.19040850386274,0.799999999999999
"GCST90670572","Gut microbiome species abundance (Alistipes A ihumii, GCA_025144665.1)","RIN_standardized_abundance","one source-defined RIN-standardized unit",1,0.001597813952,0.001597813952,0.001597813952,0.0020010524566554,32.1111111111111,32.1111111111111,32.1111111111111,0.66,"forward_bonferroni_0.05_over_230",0.000217391304347826,3.12600395583213,0.319897227939945,3.12600395583213,3.12600395583213,0.799999999976863
"GCST90670586","Gut microbiome species presence (UBA644 sp900547165, GCA_900547165.1)","presence","one SD on an approximate microbial-presence liability scale",1,0.00180430698335663,0.00176982869833028,0.00183858235727365,0.00214266566231287,34.3884735834673,34.3884735834673,34.3884735834673,0.35,"forward_bonferroni_0.05_over_230",0.000217391304347826,3.0039220711661,0.332898116631837,3.02286112031001,2.98560777314451,0.8
"GCST90670588","Gut microbiome species abundance (Faecalibacterium sp900539945, GCA_900539945.1)","RIN_standardized_abundance","one source-defined RIN-standardized unit",1,0.0022055877307512,0.0022055877307512,0.0022055877307512,0.00217399428249882,34.8923742563548,34.8923742563548,34.8923742563548,0.91,"forward_bonferroni_0.05_over_230",0.000217391304347826,2.81633978602028,0.355070792581133,2.81633978602028,2.81633978602028,0.799999999999999
"GCST90670591","Gut microbiome species abundance (Copromonas sp000435795, GCA_014385265.1)","RIN_standardized_abundance","one source-defined RIN-standardized unit",1,0.0023693125091328,0.0023693125091328,0.0023693125091328,0.00272955887014448,43.833531510107,43.833531510107,43.833531510107,0.68,"forward_bonferroni_0.05_over_230",0.000217391304347826,2.75352787051922,0.363170466043417,2.75352787051922,2.75352787051922,0.8
"GCST90670634","Gut microbiome species presence (CAG-245 sp000434195, GCA_000434195.1)","presence","one SD on an approximate microbial-presence liability scale",1,0.00539249106042034,0.00523482113087528,0.00561546725483529,0.00215955653844708,34.660148513576,34.660148513576,34.660148513576,0.08,"forward_bonferroni_0.05_over_230",0.000217391304347826,2.16610176208214,0.461658827625328,2.18349403462476,2.14275890471426,0.800000000000002
"GCST90670635","Gut microbiome species presence (Agathobacter sp000434275, GCA_902363675.1)","presence","one SD on an approximate microbial-presence liability scale",1,0.00185882614844587,0.00183932974383392,0.00187809130133263,0.00231609179123778,37.1783184348119,37.1783184348119,37.1783184348119,0.42,"forward_bonferroni_0.05_over_230",0.000217391304347826,2.97502205396984,0.336131962001966,2.98521395130504,2.96510240894044,0.799999999969492
"GCST90670644","Gut microbiome species presence (CAG-345 sp000433315, GCA_000433315.1)","presence","one SD on an approximate microbial-presence liability scale",1,0.00208424475548142,0.00202444485381286,0.00214371030533909,0.00193834170334477,31.1028302921137,31.1028302921137,31.1028302921137,0.23,"forward_bonferroni_0.05_over_230",0.000217391304347826,2.86746763664401,0.348739768575162,2.89429196702879,2.84188387268712,0.8
"GCST90670680","Gut microbiome species presence (Spyradocola merdavium, GCA_904393115.1)","presence","one SD on an approximate microbial-presence liability scale",1,0.00180951713471338,0.00179638267471929,0.00182243497048696,0.00249931433854631,40.1268086400133,40.1268086400133,40.1268086400133,0.46,"forward_bonferroni_0.05_over_230",0.000217391304347826,3.00110573731741,0.333210518898234,3.00822822625781,2.99417349887277,0.800000000024527
"GCST90670684","Gut microbiome species presence (Clostridium saudiense, GCF_000577815.1)","presence","one SD on an approximate microbial-presence liability scale",4,0.00723053802011084,0.00718739786755008,0.00727277386420735,0.00944279641274015,29.8844444444444,35.1196989883673,37.9008208586468,0.4,"forward_bonferroni_0.05_over_230",0.000217391304347826,2.00715894426338,0.498216647395104,2.01017772086953,2.00422939984179,0.800000000019576
"GCST90670687","Gut microbiome species abundance (UMGS1071 sp900542375, GCA_900542375.1)","RIN_standardized_abundance","one source-defined RIN-standardized unit",1,0.0015322913901792,0.0015322913901792,0.0015322913901792,0.00209964771481681,33.6966091612136,33.6966091612136,33.6966091612136,0.59,"forward_bonferroni_0.05_over_230",0.000217391304347826,3.16961380976879,0.315495849026776,3.16961380976879,3.16961380976879,0.8
"GCST90670698","Gut microbiome species presence (Negativibacillus faecipullorum, GCA_900547455.1)","presence","one SD on an approximate microbial-presence liability scale",1,0.00159964584430035,0.00159514323674894,0.00160397903198475,0.00190971794689551,30.6426517415029,30.6426517415029,30.6426517415029,0.37,"forward_bonferroni_0.05_over_230",0.000217391304347826,3.12482186710795,0.320018241847977,3.12773083062659,3.12203349367482,0.800000000016997
"GCST90670700","Gut microbiome species presence (Schaedlerella glycyrrhizinilytica A, GCF_015560805.1)","presence","one SD on an approximate microbial-presence liability scale",1,0.00184377652841619,0.00183416778829654,0.00185316595896985,0.00229266850624617,36.8014596751134,36.8014596751134,36.8014596751134,0.32,"forward_bonferroni_0.05_over_230",0.000217391304347826,2.98287559229595,0.335246968590564,2.98793869996983,2.97796491617197,0.799999999987627
"GCST90670711","Gut microbiome species abundance (Egerieenecus merdigallinarum, GCA_900553295.1)","RIN_standardized_abundance","one source-defined RIN-standardized unit",1,0.0016096361385272,0.0016096361385272,0.0016096361385272,0.00197260870359676,31.6537688881125,31.6537688881125,31.6537688881125,0.69,"forward_bonferroni_0.05_over_230",0.000217391304347826,3.11840950592438,0.320676292866666,3.11840950592438,3.11840950592438,0.800000000045799
"GCST90670746","Gut microbiome species abundance (Ventricola sp900542445, GCA_900542445.1)","RIN_standardized_abundance","one source-defined RIN-standardized unit",1,0.0018683875024062,0.0018683875024062,0.0018683875024062,0.00194225787090097,31.1657918069188,31.1657918069188,31.1657918069188,0.76,"forward_bonferroni_0.05_over_230",0.000217391304347826,2.97008033284367,0.336691229843794,2.97008033284367,2.97008033284367,0.800000000000001
"GCST90670748","Gut microbiome species presence (Faecousia sp000435995, GCA_900545515.1)","presence","one SD on an approximate microbial-presence liability scale",1,0.00170030993263599,0.00169020953684646,0.00171021996761819,0.00205766433246995,33.0214413265306,33.0214413265306,33.0214413265306,0.51,"forward_bonferroni_0.05_over_230",0.000217391304347826,3.06272464314935,0.326506662045764,3.0687129518806,3.05689900979715,0.800000000040098
"GCST90670749","Gut microbiome species abundance (Lachnoclostridium B sp900066555, GCF_003477705.1)","RIN_standardized_abundance","one source-defined RIN-standardized unit",1,0.0017953367929728,0.0017953367929728,0.0017953367929728,0.00199028950247698,31.9380523524956,31.9380523524956,31.9380523524956,0.96,"forward_bonferroni_0.05_over_230",0.000217391304347826,3.00879862785217,0.332358566885498,3.00879862785217,3.00879862785217,0.799999999976911
"GCST90670756","Gut microbiome species abundance (Intestinibacter sp900540355, GCF_015667935.1)","RIN_standardized_abundance","one source-defined RIN-standardized unit",4,0.0066784008097408,0.0066784008097408,0.0066784008097408,0.00879251610686311,31.1264067721096,33.3526318309442,35.2820176084995,0.56,"forward_bonferroni_0.05_over_230",0.000217391304347826,2.04796552092585,0.488289470590266,2.04796552092585,2.04796552092585,0.800000000000001
"GCST90670761","Gut microbiome species presence (UBA1417 sp900552925, GCA_900552925.1)","presence","one SD on an approximate microbial-presence liability scale",1,0.00335586329778536,0.00328777993942237,0.00342308739133742,0.00202575932093607,32.508389698231,32.508389698231,32.508389698231,0.12,"forward_bonferroni_0.05_over_230",0.000217391304347826,2.47646994281656,0.403800580298048,2.49154808357735,2.46201923704981,0.8
"GCST90670769","Gut microbiome species presence (Coprobacillus cateniformis, GCF_009767585.1)","presence","one SD on an approximate microbial-presence liability scale",1,0.00498564128211763,0.00487944659034846,0.00509035354429496,0.00441740622819268,71.0586556927298,71.0586556927298,71.0586556927298,0.27,"forward_bonferroni_0.05_over_230",0.000217391304347826,2.21263191912368,0.451950453826976,2.22571740953366,2.2001289311026,0.8
"GCST90670774","Gut microbiome species abundance (Pauljensenia sp000278725, GCF_000278725.1)","RIN_standardized_abundance","one source-defined RIN-standardized unit",1,0.00181190403072,0.00181190403072,0.00181190403072,0.00230353112868557,36.9762269156208,36.9762269156208,36.9762269156208,0.76,"forward_bonferroni_0.05_over_230",0.000217391304347826,2.99981943276493,0.3333533975671,2.99981943276493,2.99981943276493,0.800000000000002
"GCST90670780","Gut microbiome species presence (Faecalibacterium prausnitzii F, GCF_002549775.1)","presence","one SD on an approximate microbial-presence liability scale",1,0.00280927940373522,0.00279082620143862,0.00282719244279035,0.00219080764007441,35.1628193290243,35.1628193290243,35.1628193290243,0.17,"forward_bonferroni_0.05_over_230",0.000217391304347826,2.61227946813946,0.382807433965796,2.61753716498037,2.60722407007804,0.8
"GCST90670781","Gut microbiome species presence (Fimisoma avicola, GCA_900542565.1)","presence","one SD on an approximate microbial-presence liability scale",1,0.00177957951172847,0.00175234265428508,0.00180659857569838,0.00215961189086605,34.6610388238135,34.6610388238135,34.6610388238135,0.36,"forward_bonferroni_0.05_over_230",0.000217391304347826,3.0174510493953,0.331405541839825,3.03267197179123,3.00268190539562,0.8
"GCST90670784","Gut microbiome species presence (Oribacterium sinus, GCF_014202695.1)","presence","one SD on an approximate microbial-presence liability scale",1,0.00318680677241012,0.00313879574567557,0.00323408459594189,0.00190422174696647,30.5542934276762,30.5542934276762,30.5542934276762,0.18,"forward_bonferroni_0.05_over_230",0.000217391304347826,2.51478001100349,0.397649096789569,2.52621138133218,2.50376898464632,0.8
"GCST90670786","Gut microbiome species presence (V9D3004 sp900760345, GCA_900760345.1)","presence","one SD on an approximate microbial-presence liability scale",1,0.00255238309552026,0.00251993073046493,0.00258443903317581,0.00217136381971736,34.8500637402941,34.8500637402941,34.8500637402941,0.2,"forward_bonferroni_0.05_over_230",0.000217391304347826,2.69041904496338,0.371689310582326,2.70111362427862,2.68004929755844,0.8
"GCST90670792","Gut microbiome species abundance (CAG-317 sp000433215, GCF_003435815.1)","RIN_standardized_abundance","one source-defined RIN-standardized unit",1,0.0015755181757422,0.0015755181757422,0.0015755181757422,0.00190073592773864,30.4982550117685,30.4982550117685,30.4982550117685,0.78,"forward_bonferroni_0.05_over_230",0.000217391304347826,3.1405495202046,0.318415612798506,3.1405495202046,3.1405495202046,0.799999999993221
"GCST90670796","Gut microbiome species presence (Longicatena caecimuris, GCF_004341945.1)","presence","one SD on an approximate microbial-presence liability scale",1,0.00265522592707601,0.00264066943962456,0.00266930369021524,0.00188336068562208,30.2189345334993,30.2189345334993,30.2189345334993,0.18,"forward_bonferroni_0.05_over_230",0.000217391304347826,2.65780566040081,0.37625023337831,2.66230814783321,2.65348562073384,0.800000000000001
"GCST90670806","Gut microbiome species presence (Allisonella histaminiformans, GCF_900103425.1)","presence","one SD on an approximate microbial-presence liability scale",1,0.00269480393443623,0.00266760630285246,0.00272149080039485,0.00208121746823876,33.4002108561204,33.4002108561204,33.4002108561204,0.15,"forward_bonferroni_0.05_over_230",0.000217391304347826,2.64574501531303,0.377965372404447,2.65400472042288,2.63775869854584,0.800000000000001
"GCST90670813","Gut microbiome species abundance (Lawsonibacter sp900066645, GCA_902362775.1)","RIN_standardized_abundance","one source-defined RIN-standardized unit",1,0.00185813485182,0.00185813485182,0.00185813485182,0.00201287614063154,32.3012297669251,32.3012297669251,32.3012297669251,0.93,"forward_bonferroni_0.05_over_230",0.000217391304347826,2.97538077688799,0.336091436688624,2.97538077688799,2.97538077688799,0.799999999986231
"GCST90670815","Gut microbiome species presence (Scatenecus faecavium, GCA_900551915.1)","presence","one SD on an approximate microbial-presence liability scale",1,0.00355733271377276,0.00355006240902297,0.00356376254835871,0.00213195520072949,34.2162099664701,34.2162099664701,34.2162099664701,0.12,"forward_bonferroni_0.05_over_230",0.000217391304347826,2.43437992136443,0.410782224756239,2.4358370625209,2.43309489735456,0.800000000000003
"GCST90670827","Gut microbiome species presence (Merdimonas faecis, GCF_001754075.1)","presence","one SD on an approximate microbial-presence liability scale",1,0.00213896680835735,0.00213796285042873,0.00213966974281983,0.00207683859073389,33.3297906259964,33.3297906259964,33.3297906259964,0.22,"forward_bonferroni_0.05_over_230",0.000217391304347826,2.8438864771659,0.351631476160947,2.84431115844887,2.84358930399727,0.800000000047346
"GCST90670835","Gut microbiome species presence (Faecivicinus sp900553265, GCA_900553265.1)","presence","one SD on an approximate microbial-presence liability scale",1,0.00139683811677404,0.00138740209959999,0.00140614473888977,0.00191422720420545,30.7151444404192,30.7151444404192,30.7151444404192,0.56,"forward_bonferroni_0.05_over_230",0.000217391304347826,3.26889781215638,0.305913508914595,3.27632733877332,3.26164028436257,0.800000000035103
"GCST90670838","Gut microbiome species presence (Massilicoli timonensis, GCF_900199515.1)","presence","one SD on an approximate microbial-presence liability scale",1,0.00317559533794153,0.0031377329103399,0.00321284802473186,0.00191391152598009,30.7100694444444,30.7100694444444,30.7100694444444,0.16,"forward_bonferroni_0.05_over_230",0.000217391304347826,2.51742659398466,0.397231046334968,2.52646735792591,2.50868539121414,0.800000000000002
"GCST90670852","Gut microbiome species abundance (Blautia A sp900066505, GCF_013304385.1)","RIN_standardized_abundance","one source-defined RIN-standardized unit",1,0.001684090108995,0.001684090108995,0.001684090108995,0.001932668125116,31.0116151839071,31.0116151839071,31.0116151839071,0.88,"forward_bonferroni_0.05_over_230",0.000217391304347826,3.07236627272109,0.325482026306172,3.07236627272109,3.07236627272109,0.8
"GCST90670875","Gut microbiome species presence (Blautia A luti, GCF_009707925.1)","presence","one SD on an approximate microbial-presence liability scale",1,0.0014908833826638,0.00148773241990341,0.00149388901614407,0.00189462343930636,30.3999909158352,30.3999909158352,30.3999909158352,0.63,"forward_bonferroni_0.05_over_230",0.000217391304347826,3.19858431865115,0.31263831132071,3.20083619627129,3.19644267102279,0.8
"GCST90670881","Gut microbiome species presence (Dysosmobacter excrementavium, GCA_019118505.1)","presence","one SD on an approximate microbial-presence liability scale",1,0.0026686341913733,0.00264323685221852,0.00269353861456001,0.00231518789727887,37.1637752977076,37.1637752977076,37.1637752977076,0.22,"forward_bonferroni_0.05_over_230",0.000217391304347826,2.6536903107259,0.376833723196004,2.66151137211566,2.64612656137335,0.799999999974444
"GCST90670884","Gut microbiome species abundance (Enterocloster excrementigallinarum, GCA_900547035.1)","RIN_standardized_abundance","one source-defined RIN-standardized unit",1,0.0016616411119968,0.0016616411119968,0.0016616411119968,0.00223532244902484,35.8788899091929,35.8788899091929,35.8788899091929,0.58,"forward_bonferroni_0.05_over_230",0.000217391304347826,3.08593454102373,0.324050943630275,3.08593454102373,3.08593454102373,0.8
"GCST90670890","Gut microbiome species presence (Pseudobutyricicoccus sp003477405, GCA_003477405.1)","presence","one SD on an approximate microbial-presence liability scale",1,0.00240522737574274,0.00235240890559287,0.00245771845613147,0.00188150758181224,30.1891450279816,30.1891450279816,30.1891450279816,0.16,"forward_bonferroni_0.05_over_230",0.000217391304347826,2.74059406273451,0.364884392620416,2.75971511471655,2.72219160519255,0.8
"GCST90670899","Gut microbiome species presence (Dysosmobacter sp900544615, GCA_900544615.1)","presence","one SD on an approximate microbial-presence liability scale",1,0.00156719002853192,0.00155822725634028,0.00157599366966555,0.00194378912425388,31.190410405453,31.190410405453,31.190410405453,0.37,"forward_bonferroni_0.05_over_230",0.000217391304347826,3.14605910423259,0.31785798259627,3.15203588009441,3.14023621900424,0.800000000021462
"GCST90670908","Gut microbiome species presence (Scatomorpha sp900759385, GCA_900759385.1)","presence","one SD on an approximate microbial-presence liability scale",1,0.00189123742494161,0.00188664607980877,0.00189559636690132,0.00190309257002987,30.5361406113433,30.5361406113433,30.5361406113433,0.27,"forward_bonferroni_0.05_over_230",0.000217391304347826,2.95841791219392,0.338018505052389,2.96074481104737,2.95621637990196,0.8
"GCST90670910","Gut microbiome species abundance (Turicibacter sanguinis, GCF_013046825.1)","RIN_standardized_abundance","one source-defined RIN-standardized unit",2,0.003671716884075,0.003671716884075,0.003671716884075,0.00519065511520439,33.4329452888487,41.6765564945423,41.6765564945423,0.54,"forward_bonferroni_0.05_over_230",0.000217391304347826,2.41201987433984,0.414590282044709,2.41201987433984,2.41201987433984,0.800000000000002
"GCST90670917","Gut microbiome species presence (Acutalibacter timonensis, GCF_900048895.1)","presence","one SD on an approximate microbial-presence liability scale",1,0.00201194223938544,0.00195612757970594,0.0020675197247197,0.00198197429243054,31.8043537047053,31.8043537047053,31.8043537047053,0.28,"forward_bonferroni_0.05_over_230",0.000217391304347826,2.90004656147289,0.344822049854302,2.9263860626279,2.87485587642533,0.800000000000001
"GCST90670925","Gut microbiome species presence (Copromonas sp900541255, GCA_018223415.1)","presence","one SD on an approximate microbial-presence liability scale",1,0.00207283767687523,0.00200447466928323,0.00214086585371853,0.001911450124093,30.6704988662132,30.6704988662132,30.6704988662132,0.25,"forward_bonferroni_0.05_over_230",0.000217391304347826,2.87249726028015,0.348129139695845,2.9035085813056,2.84308396261946,0.8
"GCST90670927","Gut microbiome species presence (Enterocloster asparagiformis, GCA_025149125.1)","presence","one SD on an approximate microbial-presence liability scale",1,0.00211418830644761,0.00208168290002953,0.00214642137455449,0.00211506527486648,33.9445653484255,33.9445653484255,33.9445653484255,0.25,"forward_bonferroni_0.05_over_230",0.000217391304347826,2.85445380961447,0.350329718642413,2.86859371214991,2.8407422194948,0.8
"GCST90670937","Gut microbiome species presence (Massilistercora sp902406105, GCA_902406105.1)","presence","one SD on an approximate microbial-presence liability scale",1,0.0013797983764253,0.0013752313024992,0.00138423858398683,0.00211617727888831,33.9624496857567,33.9624496857567,33.9624496857567,0.29,"forward_bonferroni_0.05_over_230",0.000217391304347826,3.28236706386684,0.304658187381985,3.28601770750899,3.27883438248144,0.8
"GCST90670943","Gut microbiome species presence (Pauljensenia bouchesdurhonensis, GCF_900128465.1)","presence","one SD on an approximate microbial-presence liability scale",1,0.00226900673743468,0.00224187729318714,0.00229578027588361,0.00264384196950011,42.453369140625,42.453369140625,42.453369140625,0.29,"forward_bonferroni_0.05_over_230",0.000217391304347826,2.79122374784846,0.358265796774917,2.80184071453646,2.78092656250885,0.799999999999999
"GCST90670986","Gut microbiome species presence (GCA-900066495 sp902362365, GCA_902362365.1)","presence","one SD on an approximate microbial-presence liability scale",1,0.00454487596650711,0.00449656601581858,0.00458729491091449,0.00243589500002938,39.1061168199026,39.1061168199026,39.1061168199026,0.1,"forward_bonferroni_0.05_over_230",0.000217391304347826,2.26987457852446,0.440552975684697,2.2766508857647,2.26401223701176,0.800000000000003
"GCST90670988","Gut microbiome species abundance (Gordonibacter pamelaeae, GCF_000210055.1)","RIN_standardized_abundance","one source-defined RIN-standardized unit",1,0.0014587883235758,0.0014587883235758,0.0014587883235758,0.00188272158925025,30.2086607496184,30.2086607496184,30.2086607496184,0.7,"forward_bonferroni_0.05_over_230",0.000217391304347826,3.22184728847813,0.310380943124204,3.22184728847813,3.22184728847813,0.8
"GCST90670990","Gut microbiome species presence (Harryflintia acetispora, GCA_004340125.1)","presence","one SD on an approximate microbial-presence liability scale",1,0.00139495874303959,0.00139382498231513,0.00139596466627552,0.00191473234320026,30.7232653061224,30.7232653061224,30.7232653061224,0.45,"forward_bonferroni_0.05_over_230",0.000217391304347826,3.2703718074378,0.305775630075364,3.27126239443888,3.26958250673535,0.799999999995888
"GCST90671001","Gut microbiome species presence (Marvinbryantia sp900066075, GCA_003435055.1)","presence","one SD on an approximate microbial-presence liability scale",1,0.00146981618142807,0.00143212516732743,0.00150736022434207,0.00193220459451391,31.0041629672747,31.0041629672747,31.0041629672747,0.45,"forward_bonferroni_0.05_over_230",0.000217391304347826,3.21377186417887,0.31116085467862,3.24173948471518,3.1869194317856,0.8
"GCST90671012","Gut microbiome species abundance (Phocea massiliensis, GCF_900104615.1)","RIN_standardized_abundance","one source-defined RIN-standardized unit",1,0.00256673982302,0.00256673982302,0.00256673982302,0.00284047079975457,45.6197213444413,45.6197213444413,45.6197213444413,0.76,"forward_bonferroni_0.05_over_230",0.000217391304347826,2.68575129149528,0.37233529521762,2.68575129149528,2.68575129149528,0.8
"GCST90671032","Gut microbiome species presence (Dysosmobacter hMGS.03207, )","presence","one SD on an approximate microbial-presence liability scale",1,0.00380031988609277,0.0036671080211113,0.00393229508362659,0.00187260660224008,30.0460591836735,30.0460591836735,30.0460591836735,0.11,"forward_bonferroni_0.05_over_230",0.000217391304347826,2.38808055622931,0.418746343121257,2.41290081214548,2.36473009022689,0.8
"GCST90671051","Gut microbiome species presence (Catenibacillus sp018369015, GCA_018369015.1)","presence","one SD on an approximate microbial-presence liability scale",1,0.00184930713067364,0.00184724398896885,0.00185114449026908,0.00193307526847231,31.0181608642241,31.0181608642241,31.0181608642241,0.26,"forward_bonferroni_0.05_over_230",0.000217391304347826,2.97997870276155,0.335572868045432,2.9810578888048,2.97901908927969,0.800000000000002
"GCST90671057","Gut microbiome species presence (Emergencia sp904420065, GCA_904420065.1)","presence","one SD on an approximate microbial-presence liability scale",1,0.00163312377571199,0.00163090072742177,0.00163517092324314,0.00185500317202842,29.7630864197531,29.7630864197531,29.7630864197531,0.37,"forward_bonferroni_0.05_over_230",0.000217391304347826,3.10355753187185,0.322210878880299,3.1049499884581,3.10227767370571,0.80000000000557
"GCST90671072","Gut microbiome species presence (HGM14224 sp900761905, GCA_900761905.1)","presence","one SD on an approximate microbial-presence liability scale",2,0.00371508174486049,0.00368394729468043,0.0037457604430134,0.00461472580457762,35.6160027452887,37.0380026733727,37.0380026733727,0.49,"forward_bonferroni_0.05_over_230",0.000217391304347826,2.40381052915106,0.416006165158601,2.4096900704218,2.39808799714359,0.8
"GCST90671075","Gut microbiome species presence (Lachnoclostridium B sp000765215, GCF_000765215.1)","presence","one SD on an approximate microbial-presence liability scale",1,0.00538957589018392,0.00528222311203755,0.00554090131324328,0.00199889755790992,32.0764619513883,32.0764619513883,32.0764619513883,0.08,"forward_bonferroni_0.05_over_230",0.000217391304347826,2.16641643731156,0.461591770989774,2.17818402553185,2.15040911559007,0.800000000000441
"GCST90671089","Gut microbiome species abundance (Pullichristensenella excrementipullorum, GCA_900754775.1)","RIN_standardized_abundance","one source-defined RIN-standardized unit",1,0.002368100518875,0.002368100518875,0.002368100518875,0.00268365048281357,43.094312554954,43.094312554954,43.094312554954,0.72,"forward_bonferroni_0.05_over_230",0.000217391304347826,2.75396934266664,0.363112248385348,2.75396934266664,2.75396934266664,0.800000000000002
"GCST90671093","Gut microbiome species presence (QAMM01 sp003150405, GCA_003150405.1)","presence","one SD on an approximate microbial-presence liability scale",1,0.00236486945685822,0.00235043328701504,0.00237895259931027,0.00187627396845728,30.1050128567866,30.1050128567866,30.1050128567866,0.18,"forward_bonferroni_0.05_over_230",0.000217391304347826,2.7551478884858,0.362956922994645,2.76044250256435,2.75002817142671,0.800000000002589
"GCST90671102","Gut microbiome species presence (UMGS882 sp900757905, GCA_900757905.1)","presence","one SD on an approximate microbial-presence liability scale",1,0.00214537566766015,0.00214245147862105,0.00214799572728492,0.00191920670939801,30.7951978012465,30.7951978012465,30.7951978012465,0.26,"forward_bonferroni_0.05_over_230",0.000217391304347826,2.84118232557995,0.351966148387143,2.84241469172356,2.84008021266864,0.799999999999999
"GCST90671111","Gut microbiome species presence (Ruminococcaceae hMGS.05315, )","presence","one SD on an approximate microbial-presence liability scale",1,0.00175361743864366,0.00170480831707896,0.00180222002159255,0.00236615732324567,37.9838853803375,37.9838853803375,37.9838853803375,0.52,"forward_bonferroni_0.05_over_230",0.000217391304347826,3.03195194497097,0.329820530849336,3.06007418581637,3.0050534843053,0.799999999999999
"GCST90671115","Gut microbiome species presence (Lawsonibacter hMGS.05443, )","presence","one SD on an approximate microbial-presence liability scale",1,0.00228654987961208,0.00224365547079365,0.00232905853995437,0.00189060716239136,30.3354260795178,30.3354260795178,30.3354260795178,0.19,"forward_bonferroni_0.05_over_230",0.000217391304347826,2.78445666950832,0.359136491851597,2.80113908995973,2.76836997499056,0.799999999999999
"GCST90671122","Gut microbiome species abundance (Pullichristensenella hMGS.05548, )","RIN_standardized_abundance","one source-defined RIN-standardized unit",1,0.001929220269795,0.001929220269795,0.001929220269795,0.00215798153396154,34.6348155588021,34.6348155588021,34.6348155588021,0.73,"forward_bonferroni_0.05_over_230",0.000217391304347826,2.93947810660164,0.340196444312392,2.93947810660164,2.93947810660164,0.800000000000001
"GCST90671134","Gut microbiome species presence (CAG-302 sp934162325, GCA_934162325.1)","presence","one SD on an approximate microbial-presence liability scale",1,0.00183708854585816,0.00179988953016898,0.00187404164948492,0.0019723862407925,31.650192049609,31.650192049609,31.650192049609,0.25,"forward_bonferroni_0.05_over_230",0.000217391304347826,2.98639560695312,0.334851818584161,3.00631917129002,2.96717527500891,0.800000000000001
"GCST90671138","Gut microbiome species presence (Pseudoruminococcus massiliensis, GCF_900291955.1)","presence","one SD on an approximate microbial-presence liability scale",2,0.00517465951131494,0.00513689023811023,0.00521158117248934,0.00423526334584617,30.1904625369808,33.9867387173583,33.9867387173583,0.22,"forward_bonferroni_0.05_over_230",0.000217391304347826,2.19033738295249,0.456550670131027,2.194694440336,2.18612362261838,0.800000000000001
"GCST90671139","Gut microbiome species abundance (Actinomyces graevenitzii hMGS.05799, )","RIN_standardized_abundance","one source-defined RIN-standardized unit",2,0.002980522115123,0.002980522115123,0.002980522115123,0.00387535792460577,30.8943162873363,31.0921776749182,31.0921776749182,0.7,"forward_bonferroni_0.05_over_230",0.000217391304347826,2.56580006895473,0.389741980327947,2.56580006895473,2.56580006895473,0.8
"GCST90671147","Gut microbiome species presence (Cag-433 hMGS.05835, )","presence","one SD on an approximate microbial-presence liability scale",1,0.00267645143095572,0.00264588954152753,0.00270657953028796,0.00193448444272603,31.0408163265306,31.0408163265306,31.0408163265306,0.15,"forward_bonferroni_0.05_over_230",0.000217391304347826,2.65130499103466,0.37717275205285,2.66068932511308,2.64220677586322,0.800000000000001
"GCST90671159","Gut microbiome species presence (Butyribacter hominis, GCF_014384965.1)","presence","one SD on an approximate microbial-presence liability scale",1,0.00210700340522143,0.00209172447416951,0.00212200016509704,0.00231071232655071,37.0917663113388,37.0917663113388,37.0917663113388,0.27,"forward_bonferroni_0.05_over_230",0.000217391304347826,2.85755183162051,0.349949907796739,2.86419141115287,2.8511028395983,0.799999999992829
"GCST90671164","Gut microbiome species presence (Vescimonas fastidiosa, GCF_018326305.1)","presence","one SD on an approximate microbial-presence liability scale",1,0.00241364679262048,0.00233353351740025,0.00249330299323736,0.00185346736787953,29.7383990488006,29.7383990488006,29.7383990488006,0.24,"forward_bonferroni_0.05_over_230",0.000217391304347826,2.73760291157233,0.365283071468409,2.76670149876142,2.71004082474565,0.799999999969108
"GCST90671172","Gut microbiome species abundance (UMGS1623 sp934647945, GCA_934647945.1)","RIN_standardized_abundance","one source-defined RIN-standardized unit",1,0.0014890718516832,0.0014890718516832,0.0014890718516832,0.0019452615435644,31.2140831758034,31.2140831758034,31.2140831758034,0.69,"forward_bonferroni_0.05_over_230",0.000217391304347826,3.19987811624583,0.312511903163743,3.19987811624583,3.19987811624583,0.8
"GCST90671176","Gut microbiome species abundance (Turicibacter bilis, GCF_024499055.1)","RIN_standardized_abundance","one source-defined RIN-standardized unit",2,0.0029162489578496,0.0029162489578496,0.0029162489578496,0.00391500395396097,30.25,31.4109650193828,31.4109650193828,0.64,"forward_bonferroni_0.05_over_230",0.000217391304347826,2.58277340395127,0.387180694392371,2.58277340395127,2.58277340395127,0.799999999998578
"GCST90671181","Gut microbiome species presence (Blautia A wexlerae B, GCF_013300825.1)","presence","one SD on an approximate microbial-presence liability scale",1,0.0013834900487594,0.00137603247271855,0.00139082227265213,0.00185965602751847,29.8378794731189,29.8378794731189,29.8378794731189,0.46,"forward_bonferroni_0.05_over_230",0.000217391304347826,3.27942878762692,0.304931152575393,3.28537604568192,3.27362609385698,0.8
"GCST90671188","Gut microbiome species presence (Thomasclavelia sp000508865, GCA_000508865.1)","presence","one SD on an approximate microbial-presence liability scale",1,0.00186640647980583,0.00186131614684407,0.00187126525826062,0.00195580930181031,31.3836664352311,31.3836664352311,31.3836664352311,0.28,"forward_bonferroni_0.05_over_230",0.000217391304347826,2.97110119008569,0.336575544224786,2.97373156528778,2.96860017025907,0.8
"GCST90671189","Gut microbiome species abundance (Dysosmobacter sp944387015, GCA_944387015.1)","RIN_standardized_abundance","one source-defined RIN-standardized unit",1,0.0017106878603502,0.0017106878603502,0.0017106878603502,0.00206505226422473,33.1402483564646,33.1402483564646,33.1402483564646,0.72,"forward_bonferroni_0.05_over_230",0.000217391304347826,3.05662516620719,0.327158204105494,3.05662516620719,3.05662516620719,0.799999999981576
"GCST90671190","Gut microbiome species presence (Pauljensenia sp019425105, GCA_019425105.1)","presence","one SD on an approximate microbial-presence liability scale",1,0.00430498222854189,0.00414855355058234,0.00444499358580179,0.00190868350156029,30.6260216597485,30.6260216597485,30.6260216597485,0.1,"forward_bonferroni_0.05_over_230",0.000217391304347826,2.30462665588126,0.433909760371844,2.32887700580707,2.28400521162729,0.8
"GCST90671193","Gut microbiome species presence (Lachnoclostridium A avicola, GCA_019114465.1)","presence","one SD on an approximate microbial-presence liability scale",1,0.00228417810774647,0.00226409917182352,0.00230389841838524,0.00215529220460157,34.591559575392,34.591559575392,34.591559575392,0.24,"forward_bonferroni_0.05_over_230",0.000217391304347826,2.78536710763069,0.359019102817879,2.79313050388336,2.77783895267178,0.800000000000001
"GCST90671209","Gut microbiome species presence (UMGS882 sp934479825, GCA_934479825.1)","presence","one SD on an approximate microbial-presence liability scale",1,0.00398585954662675,0.00381614740376105,0.00417300207955419,0.00187041202222482,30.0107810616245,30.0107810616245,30.0107810616245,0.1,"forward_bonferroni_0.05_over_230",0.000217391304347826,2.35558156987812,0.424523613526039,2.38521717130216,2.32499811363008,0.8
"GCST90671210","Gut microbiome species abundance (Zhenpiania hominis, GCF_014333425.1)","RIN_standardized_abundance","one source-defined RIN-standardized unit",1,0.0013800716468448,0.0013800716468448,0.0013800716468448,0.00187367378985602,30.0632144014068,30.0632144014068,30.0632144014068,0.59,"forward_bonferroni_0.05_over_230",0.000217391304347826,3.28214917672631,0.30467841227053,3.28214917672631,3.28214917672631,0.800000000000001
"GCST90671214","Gut microbiome species abundance (Lentihominibacter sp900066305, GCA_902362435.1)","RIN_standardized_abundance","one source-defined RIN-standardized unit",1,0.00162296187768,0.00162296187768,0.00162296187768,0.00188529315529518,30.25,30.25,30.25,0.84,"forward_bonferroni_0.05_over_230",0.000217391304347826,3.10994512540437,0.321549081953648,3.10994512540437,3.10994512540437,0.8
"GCST90671218","Gut microbiome species abundance (Lentihominibacter excrementipullorum, GCA_900543485.1)","RIN_standardized_abundance","one source-defined RIN-standardized unit",1,0.0016268732251518,0.0016268732251518,0.0016268732251518,0.00199063608220932,31.943624989082,31.943624989082,31.943624989082,0.61,"forward_bonferroni_0.05_over_230",0.000217391304347826,3.10747970044409,0.32180419388004,3.10747970044409,3.10747970044409,0.8
"GCST90671223","Gut microbiome species presence (Fumia xinanensis, GCF_014384905.1)","presence","one SD on an approximate microbial-presence liability scale",1,0.00243721277414138,0.0023942625096333,0.00247973219360346,0.00191003165312264,30.6476949922896,30.6476949922896,30.6476949922896,0.22,"forward_bonferroni_0.05_over_230",0.000217391304347826,2.72931135505037,0.366392789210209,2.74451261398384,2.71464456353604,0.800000000000001
"GCST90671235","Gut microbiome species presence (Dysosmobacter A sp014334055, GCF_014334055.1)","presence","one SD on an approximate microbial-presence liability scale",1,0.00159487372007764,0.00158250775748167,0.00160707622006766,0.001903707275431,30.5460227016801,30.5460227016801,30.5460227016801,0.35,"forward_bonferroni_0.05_over_230",0.000217391304347826,3.12790533083956,0.319702770458079,3.13595778957325,3.12004712940335,0.800000000000001
"GCST90671237","Gut microbiome species presence (Marseille-P3106 sp900169975, GCA_900169975.1)","presence","one SD on an approximate microbial-presence liability scale",1,0.00446872154542437,0.00443482995886899,0.00449495181111438,0.00200261907366584,32.1363012345679,32.1363012345679,32.1363012345679,0.09,"forward_bonferroni_0.05_over_230",0.000217391304347826,2.2806059007957,0.438479966946987,2.28546952892653,2.27687917230861,0.800000000000003
"GCST90671245","Gut microbiome species presence (Gehongia tenuis, GCF_014384795.1)","presence","one SD on an approximate microbial-presence liability scale",1,0.00206209901223798,0.00199810724879699,0.00212579003729453,0.00196454486767371,31.5241165972635,31.5241165972635,31.5241165972635,0.4,"forward_bonferroni_0.05_over_230",0.000217391304347826,2.87726919067166,0.34755177000542,2.90647543589084,2.84948361723385,0.799999999999967
"GCST90671259","Gut microbiome species abundance (JAHZGC01 sp019421015, GCA_019421015.1)","RIN_standardized_abundance","one source-defined RIN-standardized unit",1,0.0013722960717198,0.0013722960717198,0.0013722960717198,0.00186304569640376,29.8923676748582,29.8923676748582,29.8923676748582,0.59,"forward_bonferroni_0.05_over_230",0.000217391304347826,3.28837313101457,0.304101742764048,3.28837313101457,3.28837313101457,0.799999999999999
"GCST90671277","Gut microbiome species presence (Excrementavichristensenella intestinipullorum, GCA_018711685.1)","presence","one SD on an approximate microbial-presence liability scale",1,0.00194536413195874,0.00190931444224774,0.00198114810118277,0.00192013821403469,30.8101732888785,30.8101732888785,30.8101732888785,0.33,"forward_bonferroni_0.05_over_230",0.000217391304347826,2.9315915125555,0.341111643868926,2.94933565971205,2.91444505261796,0.799999999999999
"GCST90671285","Gut microbiome species presence (Lentihominibacter sp905193765, GCA_905193765.1)","presence","one SD on an approximate microbial-presence liability scale",1,0.00153465820582742,0.00149847716225714,0.0015706868755917,0.00192089896281674,30.8224036126411,30.8224036126411,30.8224036126411,0.55,"forward_bonferroni_0.05_over_230",0.000217391304347826,3.16799199044678,0.315657363722997,3.19318533486927,3.14374059487621,0.799999999956013
"GCST90671292","Gut microbiome genus abundance (Agathobacter)","RIN_standardized_abundance","one source-defined RIN-standardized unit",1,0.0021056687558478,0.0021056687558478,0.0021056687558478,0.00191525189601935,30.7316179042086,30.7316179042086,30.7316179042086,0.99,"forward_bonferroni_0.05_over_230",0.000217391304347826,2.85812901058177,0.349879237885225,2.85812901058177,2.85812901058177,0.800000000000001
"GCST90671293","Gut microbiome genus abundance (Bifidobacterium)","RIN_standardized_abundance","one source-defined RIN-standardized unit",1,0.0065989789441632,0.0065989789441632,0.0065989789441632,0.00651497294677554,105.021504,105.021504,105.021504,0.98,"forward_bonferroni_0.05_over_230",0.000217391304347826,2.05425102714629,0.486795424115802,2.05425102714629,2.05425102714629,0.8
"GCST90671302","Gut microbiome genus abundance (ER4)","RIN_standardized_abundance","one source-defined RIN-standardized unit",1,0.0018824017477632,0.0018824017477632,0.0018824017477632,0.00201674604537168,32.3634567901235,32.3634567901235,32.3634567901235,0.92,"forward_bonferroni_0.05_over_230",0.000217391304347826,2.9629031746955,0.337506810394765,2.9629031746955,2.9629031746955,0.8
"GCST90671312","Gut microbiome genus presence (Cryptobacteroides)","presence","one SD on an approximate microbial-presence liability scale",1,0.00216396603845559,0.00211311007628127,0.00221454867891832,0.00186010260136887,29.845058031004,29.845058031004,29.845058031004,0.24,"forward_bonferroni_0.05_over_230",0.000217391304347826,2.833404590979,0.352932300308895,2.85491774582955,2.81272727554307,0.8
"GCST90671314","Gut microbiome genus presence (Fimenecus)","presence","one SD on an approximate microbial-presence liability scale",1,0.00184995384678066,0.00183393504656437,0.00186574746700979,0.00190121503167059,30.5059571164298,30.5059571164298,30.5059571164298,0.5,"forward_bonferroni_0.05_over_230",0.000217391304347826,2.9796407789937,0.335610925669276,2.98806181539011,2.97144114040496,0.800000000000001
"GCST90671323","Gut microbiome genus abundance (Agathobaculum)","RIN_standardized_abundance","one source-defined RIN-standardized unit",1,0.0024400435441152,0.0024400435441152,0.0024400435441152,0.00263305406680059,42.2796855778654,42.2796855778654,42.2796855778654,1,"forward_bonferroni_0.05_over_230",0.000217391304347826,2.72832327072995,0.366525481319688,2.72832327072995,2.72832327072995,0.799999999999999
"GCST90671324","Gut microbiome genus presence (Phascolarctobacterium)","presence","one SD on an approximate microbial-presence liability scale",1,0.00185193146182702,0.00179884558563617,0.00190477760724391,0.0020214799342246,32.439577100791,32.439577100791,32.439577100791,0.41,"forward_bonferroni_0.05_over_230",0.000217391304347826,2.97860849387291,0.335727237083031,3.00688690740559,2.95160327385738,0.8
"GCST90671336","Gut microbiome genus abundance (Mediterraneibacter)","RIN_standardized_abundance","one source-defined RIN-standardized unit",1,0.00221746914048,0.00221746914048,0.00221746914048,0.00237598726140264,38.142061042524,38.142061042524,38.142061042524,1,"forward_bonferroni_0.05_over_230",0.000217391304347826,2.81155453561764,0.355675121123098,2.81155453561764,2.81155453561764,0.800000000010967
"GCST90671353","Gut microbiome genus presence (Peptidiphaga)","presence","one SD on an approximate microbial-presence liability scale",1,0.00251883806675506,0.00241666948067167,0.00262046217307512,0.00203733464104101,32.694523962513,32.694523962513,32.694523962513,0.17,"forward_bonferroni_0.05_over_230",0.000217391304347826,2.70147722315859,0.370167844254779,2.73653277446918,2.66861929335717,0.799999999996422
"GCST90671359","Gut microbiome genus abundance (Ventricola)","RIN_standardized_abundance","one source-defined RIN-standardized unit",1,0.0017820135647262,0.0017820135647262,0.0017820135647262,0.00186963139773387,29.9982324720142,29.9982324720142,29.9982324720142,0.91,"forward_bonferroni_0.05_over_230",0.000217391304347826,3.01610725527727,0.331553196011283,3.01610725527727,3.01610725527727,0.799999999996258
"GCST90671360","Gut microbiome genus presence (Scatocola)","presence","one SD on an approximate microbial-presence liability scale",2,0.00357915348577511,0.00355815424586539,0.0035997194118592,0.00398902645792709,31.3917810975303,32.0059891929704,32.0059891929704,0.26,"forward_bonferroni_0.05_over_230",0.000217391304347826,2.43003285420876,0.411517069930978,2.43421554397817,2.42597152451083,0.799999999957791
"GCST90671365","Gut microbiome genus abundance (Acutalibacter)","RIN_standardized_abundance","one source-defined RIN-standardized unit",1,0.0016278201581568,0.0016278201581568,0.0016278201581568,0.00189508102108587,30.4073469387755,30.4073469387755,30.4073469387755,0.91,"forward_bonferroni_0.05_over_230",0.000217391304347826,3.10688411030995,0.321865883790637,3.10688411030995,3.10688411030995,0.8
"GCST90671373","Gut microbiome genus abundance (Intestinibacter)","RIN_standardized_abundance","one source-defined RIN-standardized unit",1,0.0015198894013952,0.0015198894013952,0.0015198894013952,0.00187264268577177,30.0466392318244,30.0466392318244,30.0466392318244,0.79,"forward_bonferroni_0.05_over_230",0.000217391304347826,3.17817140480019,0.314646339870039,3.17817140480019,3.17817140480019,0.799999999999999
"GCST90671377","Gut microbiome genus presence (UBA738)","presence","one SD on an approximate microbial-presence liability scale",1,0.0016991337870753,0.00169245794328619,0.00170561936751777,0.00228989751108757,36.7568781237985,36.7568781237985,36.7568781237985,0.47,"forward_bonferroni_0.05_over_230",0.000217391304347826,3.06341930415292,0.326432623390585,3.06737544764124,3.05959738988274,0.799999999977919
"GCST90671385","Gut microbiome genus presence (Alloscardovia)","presence","one SD on an approximate microbial-presence liability scale",1,0.00214319163905609,0.00210725432315542,0.00217879319830601,0.00193162936328543,30.9949149408284,30.9949149408284,30.9949149408284,0.18,"forward_bonferroni_0.05_over_230",0.000217391304347826,2.84210252750364,0.351852190525424,2.85744337987881,2.82727090396279,0.800000000000002
"GCST90671389","Gut microbiome genus presence (Limivicinus)","presence","one SD on an approximate microbial-presence liability scale",1,0.00155262208183592,0.00152242595886932,0.00158265705503655,0.00188529315529518,30.25,30.25,30.25,0.47,"forward_bonferroni_0.05_over_230",0.000217391304347826,3.15579890106785,0.316876971996417,3.17641297439725,3.13586002927642,0.8
"GCST90671397","Gut microbiome genus presence (Merdicola)","presence","one SD on an approximate microbial-presence liability scale",2,0.00296756505479731,0.00291144502036666,0.00302340219853883,0.00392453970811665,30.3943665923214,31.4876132436899,31.4876132436899,0.42,"forward_bonferroni_0.05_over_230",0.000217391304347826,2.56917813671245,0.389229530529795,2.58406416012955,2.5547733090013,0.800000000000001
"GCST90671414","Gut microbiome genus presence (Sellimonas)","presence","one SD on an approximate microbial-presence liability scale",2,0.00349475227712849,0.00347172384124319,0.00351737964562032,0.00424051071213804,30.9053635116598,34.0286454746508,34.0286454746508,0.31,"forward_bonferroni_0.05_over_230",0.000217391304347826,2.44706893997437,0.408652156735099,2.4518231954526,2.44244240646205,0.799999999997975
"GCST90671419","Gut microbiome genus abundance (Hungatella)","RIN_standardized_abundance","one source-defined RIN-standardized unit",1,0.0017762582796288,0.0017762582796288,0.0017762582796288,0.00207341175926686,33.2746814404432,33.2746814404432,33.2746814404432,0.82,"forward_bonferroni_0.05_over_230",0.000217391304347826,3.01928894255102,0.331203809581434,3.01928894255102,3.01928894255102,0.799999999999999
"GCST90671426","Gut microbiome genus presence (UBA7597)","presence","one SD on an approximate microbial-presence liability scale",1,0.00235943153346201,0.00234528903752065,0.0023731950214977,0.00214050057068447,34.3536506483297,34.3536506483297,34.3536506483297,0.19,"forward_bonferroni_0.05_over_230",0.000217391304347826,2.75713673223565,0.362695106234046,2.76234073243838,2.75211587460373,0.8
"GCST90671432","Gut microbiome genus abundance (Spyradocola)","RIN_standardized_abundance","one source-defined RIN-standardized unit",1,0.0014612710405368,0.0014612710405368,0.0014612710405368,0.0018792955491259,30.1535857186827,30.1535857186827,30.1535857186827,0.67,"forward_bonferroni_0.05_over_230",0.000217391304347826,3.22002162336522,0.310556920718721,3.22002162336522,3.22002162336522,0.8
"GCST90671434","Gut microbiome genus presence (UBA10281)","presence","one SD on an approximate microbial-presence liability scale",1,0.00201372134921037,0.00197018894125768,0.00205694902327718,0.00190641726003709,30.5895889398263,30.5895889398263,30.5895889398263,0.19,"forward_bonferroni_0.05_over_230",0.000217391304347826,2.89922451310888,0.344919820965395,2.91964812554408,2.87957056208376,0.799999999999999
"GCST90671435","Gut microbiome genus abundance (UMGS1071)","RIN_standardized_abundance","one source-defined RIN-standardized unit",1,0.001666281967955,0.001666281967955,0.001666281967955,0.00186903604377713,29.9886621315193,29.9886621315193,29.9886621315193,0.73,"forward_bonferroni_0.05_over_230",0.000217391304347826,3.08310793347623,0.324348035027269,3.08310793347623,3.08310793347623,0.800000000023159
"GCST90671449","Gut microbiome genus presence (Faeciplasma)","presence","one SD on an approximate microbial-presence liability scale",1,0.00286633452066848,0.00286350101907924,0.00286862622799751,0.00230622812698798,37.019619140625,37.019619140625,37.019619140625,0.18,"forward_bonferroni_0.05_over_230",0.000217391304347826,2.59633977206607,0.385157601774223,2.59712032549252,2.59570929904048,0.8
"GCST90671450","Gut microbiome genus presence (UBA11512)","presence","one SD on an approximate microbial-presence liability scale",1,0.00217040409998679,0.00216975845140104,0.00217074013418156,0.00194331733303058,31.1828252132144,31.1828252132144,31.1828252132144,0.21,"forward_bonferroni_0.05_over_230",0.000217391304347826,2.8307337815343,0.353265293445569,2.83100110452851,2.83059469659168,0.800000000021318
"GCST90671463","Gut microbiome genus presence (Coprobacillus)","presence","one SD on an approximate microbial-presence liability scale",1,0.00428140556667714,0.00419574390414531,0.00436595785756426,0.00444217370245678,71.4588444444444,71.4588444444444,71.4588444444444,0.29,"forward_bonferroni_0.05_over_230",0.000217391304347826,2.30819726581532,0.433238534162622,2.32142015260649,2.29552524016523,0.799999999999738
"GCST90671465","Gut microbiome genus abundance (Mogibacterium)","RIN_standardized_abundance","one source-defined RIN-standardized unit",1,0.0019209476952288,0.0019209476952288,0.0019209476952288,0.00228527130325025,36.6824492702029,36.6824492702029,36.6824492702029,0.78,"forward_bonferroni_0.05_over_230",0.000217391304347826,2.94355672195534,0.339725065442503,2.94355672195534,2.94355672195534,0.8
"GCST90671469","Gut microbiome genus presence (UMGS1994)","presence","one SD on an approximate microbial-presence liability scale",1,0.00489218020569316,0.00487663551167091,0.00491300911288011,0.00204083903096837,32.7508763477072,32.7508763477072,32.7508763477072,0.08,"forward_bonferroni_0.05_over_230",0.000217391304347826,2.22412608728406,0.449614797343225,2.22606954303711,2.22153633268446,0.799999999999997
"GCST90671470","Gut microbiome genus presence (V9D3004)","presence","one SD on an approximate microbial-presence liability scale",1,0.00193269341654038,0.00193115764909242,0.00193398307449604,0.00219870068685585,35.2897831704924,35.2897831704924,35.2897831704924,0.3,"forward_bonferroni_0.05_over_230",0.000217391304347826,2.93777331928271,0.340393860015096,2.93852659774813,2.93714142727161,0.8
"GCST90671474","Gut microbiome genus abundance (Massilistercora)","RIN_standardized_abundance","one source-defined RIN-standardized unit",2,0.0030746391834798,0.0030746391834798,0.0030746391834798,0.00379870012824409,30.0212673611111,30.4759887101414,30.4759887101414,0.62,"forward_bonferroni_0.05_over_230",0.000217391304347826,2.54189614084057,0.393407104221541,2.54189614084057,2.54189614084057,0.799999999969517
"GCST90671483","Gut microbiome genus presence (Egerieisoma)","presence","one SD on an approximate microbial-presence liability scale",1,0.0018390928458916,0.00180977963615243,0.00186816437795018,0.00186732884099408,29.9612188365651,29.9612188365651,29.9612188365651,0.24,"forward_bonferroni_0.05_over_230",0.000217391304347826,2.98533875524327,0.334970360815389,3.00096415415012,2.97019523437709,0.8
"GCST90671486","Gut microbiome genus presence (HGM11501)","presence","one SD on an approximate microbial-presence liability scale",1,0.00289925156754764,0.0028687685641707,0.00292914290412722,0.00204905884000806,32.883056640625,32.883056640625,32.883056640625,0.16,"forward_bonferroni_0.05_over_230",0.000217391304347826,2.58735451904547,0.386495160457918,2.59567016531265,2.57932439985703,0.800000000017706
"GCST90671488","Gut microbiome genus presence (Merdimonas)","presence","one SD on an approximate microbial-presence liability scale",1,0.00157348186334893,0.00156304890400259,0.00158374728953073,0.00187580133325262,30.0974151234568,30.0974151234568,30.0974151234568,0.28,"forward_bonferroni_0.05_over_230",0.000217391304347826,3.14189278258663,0.318279479663443,3.14881445136831,3.13514654479937,0.8
"GCST90671490","Gut microbiome genus abundance (Anaerotruncus)","RIN_standardized_abundance","one source-defined RIN-standardized unit",1,0.0020386736207838,0.0020386736207838,0.0020386736207838,0.00195730273797617,31.4076776822092,31.4076776822092,31.4076776822092,0.97,"forward_bonferroni_0.05_over_230",0.000217391304347826,2.8878055503288,0.346283703169052,2.8878055503288,2.8878055503288,0.8
"GCST90671499","Gut microbiome genus presence (UMGS1484)","presence","one SD on an approximate microbial-presence liability scale",1,0.00169873072098583,0.00167177728603054,0.00172549320967756,0.00197744526118177,31.7315332278375,31.7315332278375,31.7315332278375,0.49,"forward_bonferroni_0.05_over_230",0.000217391304347826,3.06365752520919,0.326407240943721,3.07977557933285,3.04801563902687,0.799999999987564
"GCST90671500","Gut microbiome genus presence (Alectryocaccomicrobium)","presence","one SD on an approximate microbial-presence liability scale",1,0.00177368320468654,0.00173242275337848,0.00181472464180817,0.00187572549471551,30.096196,30.096196,30.096196,0.39,"forward_bonferroni_0.05_over_230",0.000217391304347826,3.02071736160601,0.331047191872442,3.04402265954961,2.99830256349151,0.800000000000001
"GCST90671503","Gut microbiome genus abundance (Marvinbryantia)","RIN_standardized_abundance","one source-defined RIN-standardized unit",1,0.0017381795857272,0.0017381795857272,0.0017381795857272,0.00219831629641734,35.2836,35.2836,35.2836,0.78,"forward_bonferroni_0.05_over_230",0.000217391304347826,3.04072297321203,0.32886915671363,3.04072297321203,3.04072297321203,0.800000000000001
"GCST90671519","Gut microbiome genus presence (HGM11507)","presence","one SD on an approximate microbial-presence liability scale",1,0.00260410454676271,0.00257562760399425,0.00263210636223374,0.00193293364342099,31.0158839449447,31.0158839449447,31.0158839449447,0.2,"forward_bonferroni_0.05_over_230",0.000217391304347826,2.67378071635014,0.374002248533326,2.68288080373826,2.664973880504,0.799999999999999
"GCST90671524","Gut microbiome genus abundance (Turicibacter)","RIN_standardized_abundance","one source-defined RIN-standardized unit",4,0.0070744413008356,0.0070744413008356,0.0070744413008356,0.00877691487507025,30.1714795918367,31.157340154551,35.2214648220378,0.73,"forward_bonferroni_0.05_over_230",0.000217391304347826,2.01821181260448,0.495488131500682,2.01821181260448,2.01821181260448,0.799999999999999
"GCST90671536","Gut microbiome genus presence (Oxalobacter)","presence","one SD on an approximate microbial-presence liability scale",1,0.00156898567764768,0.00152733187519284,0.00161047176383111,0.00202206049111584,32.4489124290225,32.4489124290225,32.4489124290225,0.45,"forward_bonferroni_0.05_over_230",0.000217391304347826,3.14486760715816,0.317978409559709,3.17302395863647,3.1178757556398,0.800000000000001
"GCST90671554","Gut microbiome genus presence (Gallimonas)","presence","one SD on an approximate microbial-presence liability scale",1,0.00423347528662897,0.00410854803770894,0.004332755803887,0.0018785018767607,30.1408271567037,30.1408271567037,30.1408271567037,0.09,"forward_bonferroni_0.05_over_230",0.000217391304347826,2.31554694060142,0.431863410957357,2.33529780793327,2.30045750141216,0.799999999999998
"GCST90671561","Gut microbiome genus abundance (Massilioclostridium)","RIN_standardized_abundance","one source-defined RIN-standardized unit",1,0.0016402000358528,0.0016402000358528,0.0016402000358528,0.00185993054027564,29.8422921931562,29.8422921931562,29.8422921931562,0.94,"forward_bonferroni_0.05_over_230",0.000217391304347826,3.09914332113595,0.322669814325806,3.09914332113595,3.09914332113595,0.8
"GCST90671563","Gut microbiome genus abundance (Phocea)","RIN_standardized_abundance","one source-defined RIN-standardized unit",1,0.00256673982302,0.00256673982302,0.00256673982302,0.00284047079975457,45.6197213444413,45.6197213444413,45.6197213444413,0.76,"forward_bonferroni_0.05_over_230",0.000217391304347826,2.68575129149528,0.37233529521762,2.68575129149528,2.68575129149528,0.8
"GCST90671570","Gut microbiome genus presence (UMGS1384)","presence","one SD on an approximate microbial-presence liability scale",1,0.00153754160967211,0.00153647043540217,0.00153845718139617,0.00197698011894759,31.7240544298458,31.7240544298458,31.7240544298458,0.4,"forward_bonferroni_0.05_over_230",0.000217391304347826,3.16602104842399,0.315853869795903,3.1667526245235,3.16539632522509,0.800000000000001
"GCST90671572","Gut microbiome genus abundance (UMGS1766)","RIN_standardized_abundance","one source-defined RIN-standardized unit",1,0.0017863147926558,0.0017863147926558,0.0017863147926558,0.0018833160158966,30.2182164455879,30.2182164455879,30.2182164455879,0.81,"forward_bonferroni_0.05_over_230",0.000217391304347826,3.01373912385452,0.331813723385923,3.01373912385452,3.01373912385452,0.800000000000001
"GCST90671581","Gut microbiome genus presence (Catenibacillus)","presence","one SD on an approximate microbial-presence liability scale",1,0.00148257964893192,0.0014729012565923,0.00149211102367735,0.00198045076877332,31.7798575051322,31.7798575051322,31.7798575051322,0.37,"forward_bonferroni_0.05_over_230",0.000217391304347826,3.20453350760131,0.312057900979332,3.21152830867701,3.19770882030904,0.799999999986871
"GCST90671588","Gut microbiome genus presence (HGM14224)","presence","one SD on an approximate microbial-presence liability scale",2,0.00390899551475412,0.00387759396954995,0.00393989561169774,0.0048271545259667,35.4278236758714,38.7476451648175,38.7476451648175,0.52,"forward_bonferroni_0.05_over_230",0.000217391304347826,2.3687674057566,0.422160486322883,2.37426540031864,2.36342074420364,0.800000000000002
"GCST90671595","Gut microbiome genus abundance (Pullichristensenella)","RIN_standardized_abundance","one source-defined RIN-standardized unit",2,0.003873353964543,0.003873353964543,0.003873353964543,0.00436833706212132,29.7804081632653,35.0577625220519,35.0577625220519,0.8,"forward_bonferroni_0.05_over_230",0.000217391304347826,2.37501282683834,0.421050357581107,2.37501282683834,2.37501282683834,0.800000000000002
"GCST90671613","Gut microbiome genus abundance (Vescimonas)","RIN_standardized_abundance","one source-defined RIN-standardized unit",1,0.0017810325757952,0.0017810325757952,0.0017810325757952,0.00190400094639659,30.5507438016529,30.5507438016529,30.5507438016529,0.96,"forward_bonferroni_0.05_over_230",0.000217391304347826,3.01664852020764,0.331493706774685,3.01664852020764,3.01664852020764,0.8
"GCST90671614","Gut microbiome genus presence (Pseudoruminococcus)","presence","one SD on an approximate microbial-presence liability scale",1,0.00267400874182816,0.0026509988073033,0.00269652711913367,0.00260335229201776,41.8015110161782,41.8015110161782,41.8015110161782,0.23,"forward_bonferroni_0.05_over_230",0.000217391304347826,2.65204924182865,0.377066905179512,2.65910941258728,2.64522582757873,0.80000000001335
"GCST90671616","Gut microbiome genus presence (Tidjanibacter)","presence","one SD on an approximate microbial-presence liability scale",1,0.00158423719487469,0.00154325847428221,0.00162504598151985,0.00195539492769748,31.3770042019379,31.3770042019379,31.3770042019379,0.54,"forward_bonferroni_0.05_over_230",0.000217391304347826,3.13482616562859,0.318996954588543,3.16212899815183,3.1086303935949,0.8
"GCST90671653","Gut microbiome family abundance (Bifidobacteriaceae)","RIN_standardized_abundance","one source-defined RIN-standardized unit",1,0.0065475652019712,0.0065475652019712,0.0065475652019712,0.006464541844492,104.203264,104.203264,104.203264,0.99,"forward_bonferroni_0.05_over_230",0.000217391304347826,2.05838048664569,0.485818830137468,2.05838048664569,2.05838048664569,0.8
"GCST90671656","Gut microbiome family abundance (Bacteroidaceae)","RIN_standardized_abundance","one source-defined RIN-standardized unit",1,0.00181462732088,0.00181462732088,0.00181462732088,0.00191750389301599,30.767822265625,30.767822265625,30.767822265625,1,"forward_bonferroni_0.05_over_230",0.000217391304347826,2.99835484378909,0.333516228765064,2.99835484378909,2.99835484378909,0.8
"GCST90671664","Gut microbiome family abundance (Coprobacillaceae)","RIN_standardized_abundance","one source-defined RIN-standardized unit",1,0.0021443186377208,0.0021443186377208,0.0021443186377208,0.00188207695610196,30.1982979727008,30.1982979727008,30.1982979727008,1,"forward_bonferroni_0.05_over_230",0.000217391304347826,2.84162751562067,0.351911006809624,2.84162751562067,2.84162751562067,0.8
"GCST90671665","Gut microbiome family presence (UBA932)","presence","one SD on an approximate microbial-presence liability scale",1,0.00214974603832143,0.00209937845939508,0.00219984377918106,0.00186124110172061,29.8633591555513,29.8633591555513,29.8633591555513,0.24,"forward_bonferroni_0.05_over_230",0.000217391304347826,2.83934504749649,0.352193897984228,2.86085649924352,2.81866670002794,0.8
"GCST90671669","Gut microbiome family abundance (Butyricicoccaceae)","RIN_standardized_abundance","one source-defined RIN-standardized unit",2,0.00688008899678,0.00688008899678,0.00688008899678,0.0071958877919035,32.4023668639053,57.8694896047922,57.8694896047922,1,"forward_bonferroni_0.05_over_230",0.000217391304347826,2.03249348651136,0.492006496766901,2.03249348651136,2.03249348651136,0.799999999999997
"GCST90671674","Gut microbiome family abundance (Lactobacillaceae)","RIN_standardized_abundance","one source-defined RIN-standardized unit",1,0.0017126879390478,0.0017126879390478,0.0017126879390478,0.00186461443518991,29.9175849403122,29.9175849403122,29.9175849403122,0.93,"forward_bonferroni_0.05_over_230",0.000217391304347826,3.05545580118977,0.327283412056102,3.05545580118977,3.05545580118977,0.800000000020046
"GCST90671689","Gut microbiome family presence (Propionibacteriaceae)","presence","one SD on an approximate microbial-presence liability scale",1,0.00176091465087334,0.00175206900971336,0.00176955418385312,0.00196903020608314,31.5962326869806,31.5962326869806,31.5962326869806,0.39,"forward_bonferroni_0.05_over_230",0.000217391304347826,3.0278448630497,0.330267911742605,3.03282663132892,3.02301405500632,0.800000000007135
"GCST90671693","Gut microbiome family abundance (Peptostreptococcaceae)","RIN_standardized_abundance","one source-defined RIN-standardized unit",1,0.00165277167608,0.00165277167608,0.00165277167608,0.00185496368530218,29.7624516871796,29.7624516871796,29.7624516871796,0.94,"forward_bonferroni_0.05_over_230",0.000217391304347826,3.0913685240306,0.323481329458636,3.0913685240306,3.0913685240306,0.799999999988828
"GCST90671695","Gut microbiome family abundance (Pumilibacteraceae)","RIN_standardized_abundance","one source-defined RIN-standardized unit",2,0.003449429751123,0.003449429751123,0.003449429751123,0.00432567855293075,33.0502670891806,34.7131218258403,34.7131218258403,0.66,"forward_bonferroni_0.05_over_230",0.000217391304347826,2.45647048837418,0.407088139154423,2.45647048837418,2.45647048837418,0.800000000000001
"GCST90671707","Gut microbiome family abundance (UBA1750)","RIN_standardized_abundance","one source-defined RIN-standardized unit",1,0.0015417148547982,0.0015417148547982,0.0015417148547982,0.00198254674691823,31.8135580178516,31.8135580178516,31.8135580178516,0.67,"forward_bonferroni_0.05_over_230",0.000217391304347826,3.16317784773891,0.316137772877619,3.16317784773891,3.16317784773891,0.8
"GCST90671709","Gut microbiome family presence (Peptococcaceae)","presence","one SD on an approximate microbial-presence liability scale",1,0.00150780491278607,0.00150572282873723,0.00150973811544916,0.00196762852575249,31.5736961451247,31.5736961451247,31.5736961451247,0.36,"forward_bonferroni_0.05_over_230",0.000217391304347826,3.186607155683,0.313813391844237,3.18807041296367,3.1852511304044,0.8
"GCST90671716","Gut microbiome family presence (Feifaniaceae)","presence","one SD on an approximate microbial-presence liability scale",1,0.00162501689297156,0.00162386634346633,0.00162599401525514,0.00215681010636763,34.6159739359043,34.6159739359043,34.6159739359043,0.57,"forward_bonferroni_0.05_over_230",0.000217391304347826,3.10864872699953,0.321683177425197,3.10937425481925,3.10803314329127,0.8
"GCST90671717","Gut microbiome family presence (Burkholderiaceae)","presence","one SD on an approximate microbial-presence liability scale",2,0.00299434327303471,0.00294562784619101,0.00304275673724739,0.00390471859712504,30.2292488430046,31.3282733382521,31.3282733382521,0.45,"forward_bonferroni_0.05_over_230",0.000217391304347826,2.5622204979632,0.390286472532297,2.57494728378102,2.54987144684897,0.8
"GCST90671718","Gut microbiome family presence (HGM11501)","presence","one SD on an approximate microbial-presence liability scale",1,0.00289925156754764,0.0028687685641707,0.00292914290412722,0.00204905884000806,32.883056640625,32.883056640625,32.883056640625,0.16,"forward_bonferroni_0.05_over_230",0.000217391304347826,2.58735451904547,0.386495160457918,2.59567016531265,2.57932439985703,0.800000000017706
"GCST90671721","Gut microbiome family presence (HGM11507)","presence","one SD on an approximate microbial-presence liability scale",1,0.00260410454676271,0.00257562760399425,0.00263210636223374,0.00193293364342099,31.0158839449447,31.0158839449447,31.0158839449447,0.2,"forward_bonferroni_0.05_over_230",0.000217391304347826,2.67378071635014,0.374002248533326,2.68288080373826,2.664973880504,0.799999999999999
"GCST90671723","Gut microbiome family abundance (Turicibacteraceae)","RIN_standardized_abundance","one source-defined RIN-standardized unit",4,0.0070744413008356,0.0070744413008356,0.0070744413008356,0.00877691487507025,30.1714795918367,31.157340154551,35.2214648220378,0.73,"forward_bonferroni_0.05_over_230",0.000217391304347826,2.01821181260448,0.495488131500682,2.01821181260448,2.01821181260448,0.799999999999999
"GCST90671729","Gut microbiome family presence (UMGS1384)","presence","one SD on an approximate microbial-presence liability scale",1,0.00153754160967211,0.00153647043540217,0.00153845718139617,0.00197698011894759,31.7240544298458,31.7240544298458,31.7240544298458,0.4,"forward_bonferroni_0.05_over_230",0.000217391304347826,3.16602104842399,0.315853869795903,3.1667526245235,3.16539632522509,0.800000000000001
"GCST90671733","Gut microbiome family presence (HGM14224)","presence","one SD on an approximate microbial-presence liability scale",2,0.00390899551475412,0.00387759396954995,0.00393989561169774,0.0048271545259667,35.4278236758714,38.7476451648175,38.7476451648175,0.52,"forward_bonferroni_0.05_over_230",0.000217391304347826,2.3687674057566,0.422160486322883,2.37426540031864,2.36342074420364,0.800000000000002
"GCST90671741","Gut microbiome order abundance (Actinomycetales)","RIN_standardized_abundance","one source-defined RIN-standardized unit",1,0.0068051466666462,0.0068051466666462,0.0068051466666462,0.0067186175409814,108.326464,108.326464,108.326464,1,"forward_bonferroni_0.05_over_230",0.000217391304347826,2.03816252706814,0.490638006890688,2.03816252706814,2.03816252706814,0.800000000000003
"GCST90671755","Gut microbiome order abundance (Veillonellales)","RIN_standardized_abundance","one source-defined RIN-standardized unit",1,0.0019953017955,0.0019953017955,0.0019953017955,0.00186994750879077,30.0033139755081,30.0033139755081,30.0033139755081,0.95,"forward_bonferroni_0.05_over_230",0.000217391304347826,2.90778699073019,0.343904145382012,2.90778699073019,2.90778699073019,0.800000000003803
"GCST90671759","Gut microbiome order abundance (TANB77)","RIN_standardized_abundance","one source-defined RIN-standardized unit",1,0.0016832825498232,0.0016832825498232,0.0016832825498232,0.00191596389708173,30.7430644132653,30.7430644132653,30.7430644132653,0.91,"forward_bonferroni_0.05_over_230",0.000217391304347826,3.07284982267679,0.325430807786399,3.07284982267679,3.07284982267679,0.8
"GCST90671764","Gut microbiome order presence (Propionibacteriales)","presence","one SD on an approximate microbial-presence liability scale",1,0.00179177126365834,0.00178269099868179,0.00180063811631267,0.00200352634095882,32.1508895044629,32.1508895044629,32.1508895044629,0.39,"forward_bonferroni_0.05_over_230",0.000217391304347826,3.01074681933146,0.332143504588025,3.01573373021322,3.00591235607078,0.8
"GCST90671773","Gut microbiome order presence (Peptococcales)","presence","one SD on an approximate microbial-presence liability scale",1,0.00150780491278607,0.00150572282873723,0.00150973811544916,0.00196762852575249,31.5736961451247,31.5736961451247,31.5736961451247,0.36,"forward_bonferroni_0.05_over_230",0.000217391304347826,3.186607155683,0.313813391844237,3.18807041296367,3.1852511304044,0.8
"GCST90671780","Gut microbiome order presence (UMGS1840)","presence","one SD on an approximate microbial-presence liability scale",1,0.00261140106639382,0.00258283251851614,0.00263949276754154,0.00194850613223028,31.2662481839862,31.2662481839862,31.2662481839862,0.21,"forward_bonferroni_0.05_over_230",0.000217391304347826,2.67147253313908,0.374325390807954,2.68056448497323,2.66267369900319,0.799999999999872
"GCST90671781","Gut microbiome order abundance (Haloplasmatales)","RIN_standardized_abundance","one source-defined RIN-standardized unit",4,0.0070744413008356,0.0070744413008356,0.0070744413008356,0.00877691487507025,30.1714795918367,31.157340154551,35.2214648220378,0.73,"forward_bonferroni_0.05_over_230",0.000217391304347826,2.01821181260448,0.495488131500682,2.01821181260448,2.01821181260448,0.799999999999999
"GCST90671784","Gut microbiome order presence (DTUO25)","presence","one SD on an approximate microbial-presence liability scale",2,0.00390899551475412,0.00387759396954995,0.00393989561169774,0.0048271545259667,35.4278236758714,38.7476451648175,38.7476451648175,0.52,"forward_bonferroni_0.05_over_230",0.000217391304347826,2.3687674057566,0.422160486322883,2.37426540031864,2.36342074420364,0.800000000000002
"GCST90671789","Gut microbiome class abundance (Actinomycetia)","RIN_standardized_abundance","one source-defined RIN-standardized unit",1,0.0067737986238648,0.0067737986238648,0.0067737986238648,0.00668787508234933,107.827456,107.827456,107.827456,1,"forward_bonferroni_0.05_over_230",0.000217391304347826,2.04056159170086,0.490061169467802,2.04056159170086,2.04056159170086,0.8
"GCST90671803","Gut microbiome class presence (Peptococcia)","presence","one SD on an approximate microbial-presence liability scale",1,0.00150780491278607,0.00150572282873723,0.00150973811544916,0.00196762852575249,31.5736961451247,31.5736961451247,31.5736961451247,0.36,"forward_bonferroni_0.05_over_230",0.000217391304347826,3.186607155683,0.313813391844237,3.18807041296367,3.1852511304044,0.8
"GCST90671808","Gut microbiome phylum abundance (Actinomycetota)","RIN_standardized_abundance","one source-defined RIN-standardized unit",1,0.0050220306419712,0.0050220306419712,0.0050220306419712,0.0052163370720524,83.9776941682344,83.9776941682344,83.9776941682344,1,"forward_bonferroni_0.05_over_230",0.000217391304347826,2.20824295276593,0.452848722441276,2.20824295276593,2.20824295276593,0.799999999999999
"GCST90671821","Gut microbiome superkingdom presence (Archaea)","presence","one SD on an approximate microbial-presence liability scale",1,0.00152109299983699,0.0015207418356234,0.00152129207862302,0.0019833069155493,31.825780543166,31.825780543166,31.825780543166,0.54,"forward_bonferroni_0.05_over_230",0.000217391304347826,3.17733650201192,0.314729018902087,3.17757999659465,3.17719849823802,0.8
"GCST90671822","Gut microbiome superkingdom presence (Eukaryota)","presence","one SD on an approximate microbial-presence liability scale",1,0.00148663518960407,0.00145480775103984,0.00151831266708267,0.00196946988390862,31.6033019422038,31.6033019422038,31.6033019422038,0.44,"forward_bonferroni_0.05_over_230",0.000217391304347826,3.20162195697694,0.312341686007247,3.22478373437362,3.17926658259008,0.800000000000001
"GCST90671829","Gut microbiome function abundance (Lactose and galactose degradation, MF0007)","RIN_standardized_abundance","one source-defined RIN-standardized unit",1,0.0017205927070968,0.0017205927070968,0.0017205927070968,0.00189364707654978,30.3842950624628,30.3842950624628,30.3842950624628,0.86,"forward_bonferroni_0.05_over_230",0.000217391304347826,3.05085347601844,0.327777131173492,3.05085347601844,3.05085347601844,0.8
"GCST90671830","Gut microbiome function abundance (Maltose degradation, MF0008)","RIN_standardized_abundance","one source-defined RIN-standardized unit",1,0.0021169416890232,0.0021169416890232,0.0021169416890232,0.00203736036037217,32.6949375410914,32.6949375410914,32.6949375410914,1,"forward_bonferroni_0.05_over_230",0.000217391304347826,2.85327066113855,0.350474987746506,2.85327066113855,2.85327066113855,0.8
"GCST90671832","Gut microbiome function abundance (Sucrose degradation I, MF0010)","RIN_standardized_abundance","one source-defined RIN-standardized unit",1,0.0018832608795,0.0018832608795,0.0018832608795,0.00206227300445283,33.0955542343771,33.0955542343771,33.0955542343771,1,"forward_bonferroni_0.05_over_230",0.000217391304347826,2.96246571123879,0.337556649586279,2.96246571123879,2.96246571123879,0.799999999998644
"GCST90671836","Gut microbiome function abundance (Arabinose degradation, MF0014)","RIN_standardized_abundance","one source-defined RIN-standardized unit",1,0.00176857408728,0.00176857408728,0.00176857408728,0.00189163426915152,30.3519375857339,30.3519375857339,30.3519375857339,1,"forward_bonferroni_0.05_over_230",0.000217391304347826,3.02356035703675,0.330735914589134,3.02356035703675,3.02356035703675,0.8
"GCST90671843","Gut microbiome function abundance (Xylose degradation, MF0021)","RIN_standardized_abundance","one source-defined RIN-standardized unit",1,0.001980411342,0.001980411342,0.001980411342,0.00186397005231593,29.9072265625,29.9072265625,29.9072265625,1,"forward_bonferroni_0.05_over_230",0.000217391304347826,2.91479352848376,0.343077473662496,2.91479352848376,2.91479352848376,0.800000000030023
"GCST90671860","Gut microbiome function abundance (Valine degradation I, MF0041)","RIN_standardized_abundance","one source-defined RIN-standardized unit",1,0.001733256229875,0.001733256229875,0.001733256229875,0.00186149844810523,29.8674959437534,29.8674959437534,29.8674959437534,0.77,"forward_bonferroni_0.05_over_230",0.000217391304347826,3.04354394726927,0.328564337274387,3.04354394726927,3.04354394726927,0.799999999999329
"GCST90671866","Gut microbiome function abundance (Serine degradation, MF0048)","RIN_standardized_abundance","one source-defined RIN-standardized unit",1,0.00227747919672,0.00227747919672,0.00227747919672,0.00202398834365897,32.4799122875715,32.4799122875715,32.4799122875715,1,"forward_bonferroni_0.05_over_230",0.000217391304347826,2.78794606673178,0.358686996112614,2.78794606673178,2.78794606673178,0.799999999998254
"GCST90671868","Gut microbiome function abundance (Threonine degradation II, MF0050)","RIN_standardized_abundance","one source-defined RIN-standardized unit",1,0.0017154216138752,0.0017154216138752,0.0017154216138752,0.00188529315529518,30.25,30.25,30.25,1,"forward_bonferroni_0.05_over_230",0.000217391304347826,3.05386072518775,0.327454356956151,3.05386072518775,3.05386072518775,0.8
"GCST90671882","Gut microbiome function abundance (Glycolysis (preparatory phase), MF0067)","RIN_standardized_abundance","one source-defined RIN-standardized unit",1,0.0019916033903598,0.0019916033903598,0.0019916033903598,0.00192603432339611,30.9049637100575,30.9049637100575,30.9049637100575,1,"forward_bonferroni_0.05_over_230",0.000217391304347826,2.90952011169408,0.343699291158275,2.90952011169408,2.90952011169408,0.799999999995918
"GCST90671902","Gut microbiome function abundance (Ethanol production I, MF0090)","RIN_standardized_abundance","one source-defined RIN-standardized unit",2,0.0037642760935704,0.0037642760935704,0.0037642760935704,0.00398547310006679,30.2986921450388,31.9775740288596,31.9775740288596,1,"forward_bonferroni_0.05_over_230",0.000217391304347826,2.3946677301407,0.417594469334268,2.3946677301407,2.3946677301407,0.799999999999999
"GCST90670368","Gut microbiome alpha diversity abundance (Richness)","RIN_standardized_diversity","one source-defined RIN-standardized unit",1,0.0020566468395,0.0020566468395,0.0020566468395,0.00224285091271572,36,36,36,,"global_bonferroni_0.05_over_1802",2.77469478357381e-05,3.07889940331731,0.3247913845196,3.07889940331731,3.07889940331731,0.8
"GCST90670372","Gut microbiome species abundance (Bifidobacterium longum, GCF_000196555.1)","RIN_standardized_abundance","one source-defined RIN-standardized unit",1,0.0021747046386912,0.0021747046386912,0.0021747046386912,0.00219420172098593,35.2174146734749,35.2174146734749,35.2174146734749,0.9,"global_bonferroni_0.05_over_1802",2.77469478357381e-05,3.02316972430471,0.330778649958195,3.02316972430471,3.02316972430471,0.799999999999882
"GCST90670374","Gut microbiome species abundance (Bifidobacterium adolescentis, GCF_000010425.1)","RIN_standardized_abundance","one source-defined RIN-standardized unit",1,0.00403123038318,0.00403123038318,0.00403123038318,0.00425518576678643,68.4380165289256,68.4380165289256,68.4380165289256,0.9,"global_bonferroni_0.05_over_1802",2.77469478357381e-05,2.49337067447376,0.401063512231713,2.49337067447376,2.49337067447376,0.799999999999999
"GCST90670384","Gut microbiome species presence (Coprococcus eutactus A, GCF_001404675.1)","presence","one SD on an approximate microbial-presence liability scale",1,0.001544898695869,0.00150421505983871,0.00158541894459646,0.00189482647206064,30.4032548421629,30.4032548421629,30.4032548421629,0.56,"global_bonferroni_0.05_over_1802",2.77469478357381e-05,3.38711412070441,0.295236583227976,3.41784923102066,3.35762755110853,0.800000000000001
"GCST90670385","Gut microbiome species presence (Bifidobacterium bifidum, GCF_001025135.1)","presence","one SD on an approximate microbial-presence liability scale",1,0.002151253865265,0.00208834962870107,0.00221389353335508,0.00189157604568245,30.351001599192,30.351001599192,30.351001599192,0.25,"global_bonferroni_0.05_over_1802",2.77469478357381e-05,3.03388618127325,0.329610255708513,3.06348715882815,3.00563011355401,0.800000000000002
"GCST90670387","Gut microbiome species abundance (Ruminiclostridium E siraeum, GCA_025150425.1)","RIN_standardized_abundance","one source-defined RIN-standardized unit",1,0.0020977919683968,0.0020977919683968,0.0020977919683968,0.0019711709621095,31.6306523816709,31.6306523816709,31.6306523816709,0.81,"global_bonferroni_0.05_over_1802",2.77469478357381e-05,3.05896205362196,0.326908272306272,3.05896205362196,3.05896205362196,0.8
"GCST90670392","Gut microbiome species presence (Bifidobacterium pseudocatenulatum, GCF_001025215.1)","presence","one SD on an approximate microbial-presence liability scale",1,0.00207936361147766,0.00206219161623933,0.00209623918459264,0.00185999721338554,29.8433639461473,29.8433639461473,29.8433639461473,0.24,"global_bonferroni_0.05_over_1802",2.77469478357381e-05,3.06782115487861,0.325964242866553,3.07617911883649,3.0597041759448,0.800000000000002
"GCST90670394","Gut microbiome species abundance (Alistipes putredinis, GCF_000154465.1)","RIN_standardized_abundance","one source-defined RIN-standardized unit",1,0.0016860573727712,0.0016860573727712,0.0016860573727712,0.00194653258139302,31.2345182985414,31.2345182985414,31.2345182985414,0.94,"global_bonferroni_0.05_over_1802",2.77469478357381e-05,3.28883144329566,0.30405936492687,3.28883144329566,3.28883144329566,0.799999999999999
"GCST90670400","Gut microbiome species abundance (Ruminococcus B gnavus, GCF_008121495.1)","RIN_standardized_abundance","one source-defined RIN-standardized unit",1,0.00185037080238,0.00185037080238,0.00185037080238,0.00255604987049449,41.0400390625,41.0400390625,41.0400390625,0.62,"global_bonferroni_0.05_over_1802",2.77469478357381e-05,3.1882929860852,0.313647460996948,3.1882929860852,3.1882929860852,0.800000000000001
"GCST90670407","Gut microbiome species presence (SFEL01 sp004557245, GCA_004557245.1)","presence","one SD on an approximate microbial-presence liability scale",1,0.00148634361742371,0.00148534033566771,0.00148720179088112,0.00197284511749668,31.6575700391929,31.6575700391929,31.6575700391929,0.57,"global_bonferroni_0.05_over_1802",2.77469478357381e-05,3.43172699677897,0.291398471072612,3.43251310560108,3.43105518388501,0.8
"GCST90670408","Gut microbiome species presence (Fimenecus sp000432435, GCA_000432435.1)","presence","one SD on an approximate microbial-presence liability scale",1,0.00197096136610037,0.00195330905325518,0.00198835762045379,0.0020017754349458,32.1227360946746,32.1227360946746,32.1227360946746,0.49,"global_bonferroni_0.05_over_1802",2.77469478357381e-05,3.12233133376461,0.320273504988433,3.13161867198905,3.11329540751176,0.799999999999999
"GCST90670409","Gut microbiome species presence (Faecalibacterium prausnitzii A, GCF_023347235.1)","presence","one SD on an approximate microbial-presence liability scale",1,0.00205745963320762,0.00200335340223694,0.00211132339837424,0.0018910187811687,30.3420431538797,30.3420431538797,30.3420431538797,0.23,"global_bonferroni_0.05_over_1802",2.77469478357381e-05,3.07849998130117,0.324833524792596,3.10559743616281,3.0525284504265,0.800000000000001
"GCST90670417","Gut microbiome species abundance (Alistipes onderdonkii, GCA_025145285.1)","RIN_standardized_abundance","one source-defined RIN-standardized unit",1,0.0020452986126048,0.0020452986126048,0.0020452986126048,0.00189972617329698,30.4820221606648,30.4820221606648,30.4820221606648,0.91,"global_bonferroni_0.05_over_1802",2.77469478357381e-05,3.08450007826064,0.324201645202714,3.08450007826064,3.08450007826064,0.79999999998624
"GCST90670426","Gut microbiome species abundance (Agathobaculum butyriciproducens, GCA_003096535.1)","RIN_standardized_abundance","one source-defined RIN-standardized unit",1,0.0026082655153152,0.0026082655153152,0.0026082655153152,0.00279105959595882,44.8239256771703,44.8239256771703,44.8239256771703,0.98,"global_bonferroni_0.05_over_1802",2.77469478357381e-05,2.85109990676502,0.350741830416824,2.85109990676502,2.85109990676502,0.799999999986872
"GCST90670427","Gut microbiome species presence (Phascolarctobacterium faecium, GCF_003269275.1)","presence","one SD on an approximate microbial-presence liability scale",1,0.00160310112978261,0.00159858001461063,0.00160745433269575,0.00194383644707093,31.1911712353151,31.1911712353151,31.1911712353151,0.39,"global_bonferroni_0.05_over_1802",2.77469478357381e-05,3.34509491519979,0.29894517953918,3.3482805179741,3.34203972129481,0.799999999999918
"GCST90670428","Gut microbiome species abundance (Faecousia sp000434635, GCA_000434635.1)","RIN_standardized_abundance","one source-defined RIN-standardized unit",1,0.001674582048395,0.001674582048395,0.001674582048395,0.00212849031601851,34.1604826675849,34.1604826675849,34.1604826675849,0.65,"global_bonferroni_0.05_over_1802",2.77469478357381e-05,3.29637596378469,0.303363454589647,3.29637596378469,3.29637596378469,0.799999999999999
"GCST90670435","Gut microbiome species abundance (CAG-115 sp003531585, GCA_003531585.1)","RIN_standardized_abundance","one source-defined RIN-standardized unit",1,0.0016775413304832,0.0016775413304832,0.0016775413304832,0.00227938481663023,36.587745389649,36.587745389649,36.587745389649,0.62,"global_bonferroni_0.05_over_1802",2.77469478357381e-05,3.29442329958954,0.303543263588681,3.29442329958954,3.29442329958954,0.8
"GCST90670437","Gut microbiome species abundance (Blautia A massiliensis, GCF_001487165.1)","RIN_standardized_abundance","one source-defined RIN-standardized unit",1,0.0018967951321088,0.0018967951321088,0.0018967951321088,0.00191578168974525,30.7401351493295,30.7401351493295,30.7401351493295,0.94,"global_bonferroni_0.05_over_1802",2.77469478357381e-05,3.16218504017846,0.316237028287113,3.16218504017846,3.16218504017846,0.799999999999546
"GCST90670449","Gut microbiome species abundance (Mediterraneibacter faecis, GCA_001312505.1)","RIN_standardized_abundance","one source-defined RIN-standardized unit",1,0.0018975183575102,0.0018975183575102,0.0018975183575102,0.00219292251509224,35.1968380177515,35.1968380177515,35.1968380177515,0.91,"global_bonferroni_0.05_over_1802",2.77469478357381e-05,3.16178560815182,0.31627697887604,3.16178560815182,3.16178560815182,0.799999999988562
"GCST90670457","Gut microbiome species presence (Parasutterella excrementihominis, GCF_000205025.1)","presence","one SD on an approximate microbial-presence liability scale",1,0.00147982704312769,0.00147084328938183,0.00148866867637424,0.00188405821445674,30.2301476625526,30.2301476625526,30.2301476625526,0.39,"global_bonferroni_0.05_over_1802",2.77469478357381e-05,3.4368464820568,0.290964407406857,3.44395695763349,3.42990812139131,0.8
"GCST90670460","Gut microbiome species presence (Eubacterium R sp000434995, GCA_000434995.1)","presence","one SD on an approximate microbial-presence liability scale",1,0.00242897196778321,0.00240694811219848,0.00245058704413976,0.00213053337086175,34.193341990523,34.193341990523,34.193341990523,0.2,"global_bonferroni_0.05_over_1802",2.77469478357381e-05,2.91681794217559,0.342839361188968,2.92537838648845,2.90852555013396,0.8
"GCST90670466","Gut microbiome species presence (Bifidobacterium catenulatum, GCF_001025195.1)","presence","one SD on an approximate microbial-presence liability scale",1,0.00380116390703555,0.00375718850903251,0.00384411622342173,0.00243318474685146,39.0625,39.0625,39.0625,0.16,"global_bonferroni_0.05_over_1802",2.77469478357381e-05,2.53747807119843,0.394092075651991,2.54635934641591,2.52894854431599,0.8
"GCST90670468","Gut microbiome species presence (COE1 sp001916965, GCA_001916965.1)","presence","one SD on an approximate microbial-presence liability scale",1,0.00152134185228715,0.00150645575042026,0.00153607886490112,0.00191954991876816,30.8007154599311,30.8007154599311,30.8007154599311,0.39,"global_bonferroni_0.05_over_1802",2.77469478357381e-05,3.40476799607984,0.293705768249517,3.41612579965504,3.39367867860666,0.799999999963068
"GCST90670473","Gut microbiome species abundance (Blautia A obeum, GCA_025147765.1)","RIN_standardized_abundance","one source-defined RIN-standardized unit",1,0.00253218649662,0.00253218649662,0.00253218649662,0.00284879145346937,45.7537379850481,45.7537379850481,45.7537379850481,0.96,"global_bonferroni_0.05_over_1802",2.77469478357381e-05,2.87815639919168,0.347444635142429,2.87815639919168,2.87815639919168,0.800000000000001
"GCST90670478","Gut microbiome species presence (CAG-882 sp003486385, GCA_003486385.1)","presence","one SD on an approximate microbial-presence liability scale",2,0.00479975297591772,0.00472191151236277,0.00487676099203404,0.00399220819393466,30.2021928166352,32.0317540046895,32.0317540046895,0.21,"global_bonferroni_0.05_over_1802",2.77469478357381e-05,2.36947450930562,0.42203450430579,2.3806480725915,2.35868178863506,0.800000000000003
"GCST90670492","Gut microbiome species presence (CAG-313 sp003539625, GCA_003539625.1)","presence","one SD on an approximate microbial-presence liability scale",1,0.0025027006137256,0.00247956267127822,0.00252540269213507,0.00200500307950871,32.1746345597062,32.1746345597062,32.1746345597062,0.18,"global_bonferroni_0.05_over_1802",2.77469478357381e-05,2.88896362878507,0.346144890865428,2.8975749933454,2.8806265130924,0.800000000026314
"GCST90670494","Gut microbiome species presence (Clostridium sp900540255, GCA_900540255.1)","presence","one SD on an approximate microbial-presence liability scale",3,0.00760275784160324,0.00759898439576937,0.007605139593136,0.00998146844069047,31.5439727331262,52.3086559278877,53.4833775536713,0.36,"global_bonferroni_0.05_over_1802",2.77469478357381e-05,2.0889070885413,0.478719233366339,2.08917718432239,2.08873671039836,0.800000000000008
"GCST90670495","Gut microbiome species abundance (Streptococcus thermophilus, GCF_010120595.1)","RIN_standardized_abundance","one source-defined RIN-standardized unit",1,0.0018253901692928,0.0018253901692928,0.0018253901692928,0.00189559170074515,30.4155565640299,30.4155565640299,30.4155565640299,0.67,"global_bonferroni_0.05_over_1802",2.77469478357381e-05,3.20273495935271,0.312233142202347,3.20273495935271,3.20273495935271,0.800000000000001
"GCST90670498","Gut microbiome species presence (CAG-103 sp900757655, GCA_900757655.1)","presence","one SD on an approximate microbial-presence liability scale",1,0.0030945452363997,0.00302624476211605,0.00316211063012811,0.00203475617898224,32.6530612244898,32.6530612244898,32.6530612244898,0.14,"global_bonferroni_0.05_over_1802",2.77469478357381e-05,2.7018795946461,0.370112717821159,2.72069449967463,2.68385735369095,0.8
"GCST90670515","Gut microbiome species abundance (CAG-170 sp900545925, GCA_900545925.1)","RIN_standardized_abundance","one source-defined RIN-standardized unit",1,0.0015892298309342,0.0015892298309342,0.0015892298309342,0.00202816199568046,32.547025,32.547025,32.547025,0.64,"global_bonferroni_0.05_over_1802",2.77469478357381e-05,3.35490968993039,0.298070616625376,3.35490968993039,3.35490968993039,0.8
"GCST90670517","Gut microbiome species presence (Ventricola sp900542395, GCA_900542395.1)","presence","one SD on an approximate microbial-presence liability scale",1,0.00154679010475538,0.00154465688886674,0.00154876598458701,0.00213457376050658,34.258325697626,34.258325697626,34.258325697626,0.51,"global_bonferroni_0.05_over_1802",2.77469478357381e-05,3.38571330244144,0.295358735566564,3.38729338432922,3.38425252696188,0.799999999999999
"GCST90670524","Gut microbiome species abundance (Mediterraneibacter torques, GCF_000153925.1)","RIN_standardized_abundance","one source-defined RIN-standardized unit",1,0.0021155756271488,0.0021155756271488,0.0021155756271488,0.00244814451396421,39.3032544378698,39.3032544378698,39.3032544378698,0.87,"global_bonferroni_0.05_over_1802",2.77469478357381e-05,3.05051901316035,0.327813069082955,3.05051901316035,3.05051901316035,0.799999999999995
"GCST90670529","Gut microbiome species presence (Butyribacter intestini, GCA_001414325.1)","presence","one SD on an approximate microbial-presence liability scale",1,0.00149984911948675,0.00149292018661456,0.00150663079812502,0.00201644367100357,32.3585946745562,32.3585946745562,32.3585946745562,0.45,"global_bonferroni_0.05_over_1802",2.77469478357381e-05,3.42121781308192,0.292293579255971,3.42659261771217,3.41599131493263,0.80000000000017
"GCST90670534","Gut microbiome species abundance (Acutalibacter ornithocaccae, GCA_000435395.1)","RIN_standardized_abundance","one source-defined RIN-standardized unit",1,0.001445960517755,0.001445960517755,0.001445960517755,0.00190907956999611,30.6323889814724,30.6323889814724,30.6323889814724,0.68,"global_bonferroni_0.05_over_1802",2.77469478357381e-05,3.46397741274323,0.288685485165468,3.46397741274323,3.46397741274323,0.8
"GCST90670546","Gut microbiome species presence (Gemmiger sp900540775, GCF_018784445.1)","presence","one SD on an approximate microbial-presence liability scale",1,0.00139194185682802,0.00137834627648425,0.00140541137636834,0.00192298840128077,30.855994966943,30.855994966943,30.855994966943,0.56,"global_bonferroni_0.05_over_1802",2.77469478357381e-05,3.50917126068696,0.28496756804176,3.52093861614849,3.49767232245201,0.8
"GCST90670550","Gut microbiome species presence (Negativibacillus sp000435195, GCA_000435195.1)","presence","one SD on an approximate microbial-presence liability scale",1,0.00318013012303688,0.00314906753235183,0.00321055634559007,0.0033147285635415,53.261926775148,53.261926775148,53.261926775148,0.28,"global_bonferroni_0.05_over_1802",2.77469478357381e-05,2.67914610658843,0.373253253169302,2.68729217443831,2.67127942416357,0.799999999999999
"GCST90670551","Gut microbiome species presence (Enterocloster sp001517625, GCF_001517625.2)","presence","one SD on an approximate microbial-presence liability scale",1,0.00275321676852288,0.00273585841951179,0.00277009810091698,0.00232521102645445,37.3250431906579,37.3250431906579,37.3250431906579,0.17,"global_bonferroni_0.05_over_1802",2.77469478357381e-05,2.80260801107952,0.356810512225295,2.80821645896723,2.79720305681956,0.8
"GCST90670554","Gut microbiome species presence (Faecalimonas phoceensis, GCF_900104635.1)","presence","one SD on an approximate microbial-presence liability scale",1,0.00302708009020083,0.00301343781236205,0.00304014023670306,0.00188070967760039,30.1763183807833,30.1763183807833,30.1763183807833,0.15,"global_bonferroni_0.05_over_1802",2.77469478357381e-05,2.72046063569423,0.367584807837078,2.72429191059883,2.71681649510936,0.8
"GCST90670555","Gut microbiome species abundance (Limiplasma merdipullorum, GCA_900540045.1)","RIN_standardized_abundance","one source-defined RIN-standardized unit",1,0.00226615439232,0.00226615439232,0.00226615439232,0.00250009993963895,40.1394531777848,40.1394531777848,40.1394531777848,0.74,"global_bonferroni_0.05_over_1802",2.77469478357381e-05,2.98292856675347,0.335241014868945,2.98292856675347,2.98292856675347,0.8
"GCST90670562","Gut microbiome species presence (CAG-273 sp000437855, GCA_000437855.1)","presence","one SD on an approximate microbial-presence liability scale",1,0.00317286427461198,0.00310072904594527,0.00324422003050451,0.00187698872402502,30.116502751332,30.116502751332,30.116502751332,0.13,"global_bonferroni_0.05_over_1802",2.77469478357381e-05,2.68104105521714,0.372989439327705,2.70020621324838,2.66270232866176,0.800000000000002
"GCST90670564","Gut microbiome species presence (UBA738 sp003522945, GCA_003522945.1)","presence","one SD on an approximate microbial-presence liability scale",1,0.00149703170647213,0.00149151100401304,0.00150240451017191,0.00201767109507344,32.3783314109958,32.3783314109958,32.3783314109958,0.45,"global_bonferroni_0.05_over_1802",2.77469478357381e-05,3.42339902583707,0.292107344908613,3.42769006803386,3.41924448801426,0.8
"GCST90670572","Gut microbiome species abundance (Alistipes A ihumii, GCA_025144665.1)","RIN_standardized_abundance","one source-defined RIN-standardized unit",1,0.001597813952,0.001597813952,0.001597813952,0.0020010524566554,32.1111111111111,32.1111111111111,32.1111111111111,0.66,"global_bonferroni_0.05_over_1802",2.77469478357381e-05,3.348821564267,0.298612506163458,3.348821564267,3.348821564267,0.799999999999999
"GCST90670586","Gut microbiome species presence (UBA644 sp900547165, GCA_900547165.1)","presence","one SD on an approximate microbial-presence liability scale",1,0.00180430698335663,0.00176982869833028,0.00183858235727365,0.00214266566231287,34.3884735834673,34.3884735834673,34.3884735834673,0.35,"global_bonferroni_0.05_over_1802",2.77469478357381e-05,3.21514663725532,0.311027804583641,3.23589957570729,3.19507303508378,0.799999999999999
"GCST90670588","Gut microbiome species abundance (Faecalibacterium sp900539945, GCA_900539945.1)","RIN_standardized_abundance","one source-defined RIN-standardized unit",1,0.0022055877307512,0.0022055877307512,0.0022055877307512,0.00217399428249882,34.8923742563548,34.8923742563548,34.8923742563548,0.91,"global_bonferroni_0.05_over_1802",2.77469478357381e-05,3.00930973303078,0.332302118663228,3.00930973303078,3.00930973303078,0.799999999993256
"GCST90670591","Gut microbiome species abundance (Copromonas sp000435795, GCA_014385265.1)","RIN_standardized_abundance","one source-defined RIN-standardized unit",1,0.0023693125091328,0.0023693125091328,0.0023693125091328,0.00272955887014448,43.833531510107,43.833531510107,43.833531510107,0.68,"global_bonferroni_0.05_over_1802",2.77469478357381e-05,2.94027396505062,0.340104361663721,2.94027396505062,2.94027396505062,0.800000000000002
"GCST90670634","Gut microbiome species presence (CAG-245 sp000434195, GCA_000434195.1)","presence","one SD on an approximate microbial-presence liability scale",1,0.00539249106042034,0.00523482113087528,0.00561546725483529,0.00215955653844708,34.660148513576,34.660148513576,34.660148513576,0.08,"global_bonferroni_0.05_over_1802",2.77469478357381e-05,2.29240319599429,0.436223436499908,2.31163386928544,2.2665891470662,0.79999999998018
"GCST90670635","Gut microbiome species presence (Agathobacter sp000434275, GCA_902363675.1)","presence","one SD on an approximate microbial-presence liability scale",1,0.00185882614844587,0.00183932974383392,0.00187809130133263,0.00231609179123778,37.1783184348119,37.1783184348119,37.1783184348119,0.42,"global_bonferroni_0.05_over_1802",2.77469478357381e-05,3.18346809906423,0.314122827332225,3.19464132570502,3.17259182756309,0.799999999997712
"GCST90670644","Gut microbiome species presence (CAG-345 sp000433315, GCA_000433315.1)","presence","one SD on an approximate microbial-presence liability scale",1,0.00208424475548142,0.00202444485381286,0.00214371030533909,0.00193834170334477,31.1028302921137,31.1028302921137,31.1028302921137,0.23,"global_bonferroni_0.05_over_1802",2.77469478357381e-05,3.06546360343955,0.326214931691887,3.09491003436897,3.03736945955934,0.8
"GCST90670680","Gut microbiome species presence (Spyradocola merdavium, GCA_904393115.1)","presence","one SD on an approximate microbial-presence liability scale",1,0.00180951713471338,0.00179638267471929,0.00182243497048696,0.00249931433854631,40.1268086400133,40.1268086400133,40.1268086400133,0.46,"global_bonferroni_0.05_over_1802",2.77469478357381e-05,3.21206009586469,0.311326678254692,3.21986570160108,3.20446223890949,0.799999999993105
"GCST90670684","Gut microbiome species presence (Clostridium saudiense, GCF_000577815.1)","presence","one SD on an approximate microbial-presence liability scale",4,0.00723053802011084,0.00718739786755008,0.00727277386420735,0.00944279641274015,29.8844444444444,35.1196989883673,37.9008208586468,0.4,"global_bonferroni_0.05_over_1802",2.77469478357381e-05,2.11655358288511,0.472466186580962,2.11989512537581,2.11331075626506,0.799999999999994
"GCST90670687","Gut microbiome species abundance (UMGS1071 sp900542375, GCA_900542375.1)","RIN_standardized_abundance","one source-defined RIN-standardized unit",1,0.0015322913901792,0.0015322913901792,0.0015322913901792,0.00209964771481681,33.6966091612136,33.6966091612136,33.6966091612136,0.59,"global_bonferroni_0.05_over_1802",2.77469478357381e-05,3.39651417658028,0.294419498347813,3.39651417658028,3.39651417658028,0.800000000029838
"GCST90670698","Gut microbiome species presence (Negativibacillus faecipullorum, GCA_900547455.1)","presence","one SD on an approximate microbial-presence liability scale",1,0.00159964584430035,0.00159514323674894,0.00160397903198475,0.00190971794689551,30.6426517415029,30.6426517415029,30.6426517415029,0.37,"global_bonferroni_0.05_over_1802",2.77469478357381e-05,3.34752837083156,0.298727864030496,3.35071070696724,3.34447782716664,0.8
"GCST90670700","Gut microbiome species presence (Schaedlerella glycyrrhizinilytica A, GCF_015560805.1)","presence","one SD on an approximate microbial-presence liability scale",1,0.00184377652841619,0.00183416778829654,0.00185316595896985,0.00229266850624617,36.8014596751134,36.8014596751134,36.8014596751134,0.32,"global_bonferroni_0.05_over_1802",2.77469478357381e-05,3.19207795678608,0.313275557031459,3.19762815970786,3.18669447738749,0.8
"GCST90670711","Gut microbiome species abundance (Egerieenecus merdigallinarum, GCA_900553295.1)","RIN_standardized_abundance","one source-defined RIN-standardized unit",1,0.0016096361385272,0.0016096361385272,0.0016096361385272,0.00197260870359676,31.6537688881125,31.6537688881125,31.6537688881125,0.69,"global_bonferroni_0.05_over_1802",2.77469478357381e-05,3.34051291225568,0.299355226657319,3.34051291225568,3.34051291225568,0.799999999999999
"GCST90670746","Gut microbiome species abundance (Ventricola sp900542445, GCA_900542445.1)","RIN_standardized_abundance","one source-defined RIN-standardized unit",1,0.0018683875024062,0.0018683875024062,0.0018683875024062,0.00194225787090097,31.1657918069188,31.1657918069188,31.1657918069188,0.76,"global_bonferroni_0.05_over_1802",2.77469478357381e-05,3.17804999611996,0.314658360070133,3.17804999611996,3.17804999611996,0.8
"GCST90670748","Gut microbiome species presence (Faecousia sp000435995, GCA_900545515.1)","presence","one SD on an approximate microbial-presence liability scale",1,0.00170030993263599,0.00169020953684646,0.00171021996761819,0.00205766433246995,33.0214413265306,33.0214413265306,33.0214413265306,0.51,"global_bonferroni_0.05_over_1802",2.77469478357381e-05,3.27956274016581,0.304918697774155,3.28611966483842,3.27318339126228,0.8
"GCST90670749","Gut microbiome species abundance (Lachnoclostridium B sp900066555, GCF_003477705.1)","RIN_standardized_abundance","one source-defined RIN-standardized unit",1,0.0017953367929728,0.0017953367929728,0.0017953367929728,0.00199028950247698,31.9380523524956,31.9380523524956,31.9380523524956,0.96,"global_bonferroni_0.05_over_1802",2.77469478357381e-05,3.2204907766358,0.310511679541161,3.2204907766358,3.2204907766358,0.8
"GCST90670756","Gut microbiome species abundance (Intestinibacter sp900540355, GCF_015667935.1)","RIN_standardized_abundance","one source-defined RIN-standardized unit",4,0.0066784008097408,0.0066784008097408,0.0066784008097408,0.00879251610686311,31.1264067721096,33.3526318309442,35.2820176084995,0.56,"global_bonferroni_0.05_over_1802",2.77469478357381e-05,2.16171802664643,0.462595022881567,2.16171802664643,2.16171802664643,0.800000000000001
"GCST90670761","Gut microbiome species presence (UBA1417 sp900552925, GCA_900552925.1)","presence","one SD on an approximate microbial-presence liability scale",1,0.00335586329778536,0.00328777993942237,0.00342308739133742,0.00202575932093607,32.508389698231,32.508389698231,32.508389698231,0.12,"global_bonferroni_0.05_over_1802",2.77469478357381e-05,2.63516830915961,0.379482402138828,2.65179595325544,2.61923026863474,0.799999999972081
"GCST90670769","Gut microbiome species presence (Coprobacillus cateniformis, GCF_009767585.1)","presence","one SD on an approximate microbial-presence liability scale",1,0.00498564128211763,0.00487944659034846,0.00509035354429496,0.00441740622819268,71.0586556927298,71.0586556927298,71.0586556927298,0.27,"global_bonferroni_0.05_over_1802",2.77469478357381e-05,2.34384612619317,0.426649168144917,2.35830996393508,2.33002479772046,0.800000000000001
"GCST90670774","Gut microbiome species abundance (Pauljensenia sp000278725, GCF_000278725.1)","RIN_standardized_abundance","one source-defined RIN-standardized unit",1,0.00181190403072,0.00181190403072,0.00181190403072,0.00230353112868557,36.9762269156208,36.9762269156208,36.9762269156208,0.76,"global_bonferroni_0.05_over_1802",2.77469478357381e-05,3.21065033892023,0.311463377957348,3.21065033892023,3.21065033892023,0.800000000011123
"GCST90670780","Gut microbiome species presence (Faecalibacterium prausnitzii F, GCF_002549775.1)","presence","one SD on an approximate microbial-presence liability scale",1,0.00280927940373522,0.00279082620143862,0.00282719244279035,0.00219080764007441,35.1628193290243,35.1628193290243,35.1628193290243,0.17,"global_bonferroni_0.05_over_1802",2.77469478357381e-05,2.78484188326564,0.35908681423139,2.79063199205059,2.77927424521321,0.799999999999999
"GCST90670781","Gut microbiome species presence (Fimisoma avicola, GCA_900542565.1)","presence","one SD on an approximate microbial-presence liability scale",1,0.00177957951172847,0.00175234265428508,0.00180659857569838,0.00215961189086605,34.6610388238135,34.6610388238135,34.6610388238135,0.36,"global_bonferroni_0.05_over_1802",2.77469478357381e-05,3.22997192122453,0.309600214611427,3.24664787329586,3.21378750130545,0.799999999999999
"GCST90670784","Gut microbiome species presence (Oribacterium sinus, GCF_014202695.1)","presence","one SD on an approximate microbial-presence liability scale",1,0.00318680677241012,0.00313879574567557,0.00323408459594189,0.00190422174696647,30.5542934276762,30.5542934276762,30.5542934276762,0.18,"global_bonferroni_0.05_over_1802",2.77469478357381e-05,2.67741041957073,0.373495222357554,2.69001192335371,2.66527090719061,0.799999999998548
"GCST90670786","Gut microbiome species presence (V9D3004 sp900760345, GCA_900760345.1)","presence","one SD on an approximate microbial-presence liability scale",1,0.00255238309552026,0.00251993073046493,0.00258443903317581,0.00217136381971736,34.8500637402941,34.8500637402941,34.8500637402941,0.2,"global_bonferroni_0.05_over_1802",2.77469478357381e-05,2.87085919658321,0.348327776294346,2.88262601890762,2.85944838583981,0.800000000003337
"GCST90670792","Gut microbiome species abundance (CAG-317 sp000433215, GCF_003435815.1)","RIN_standardized_abundance","one source-defined RIN-standardized unit",1,0.0015755181757422,0.0015755181757422,0.0015755181757422,0.00190073592773864,30.4982550117685,30.4982550117685,30.4982550117685,0.78,"global_bonferroni_0.05_over_1802",2.77469478357381e-05,3.36473238703207,0.297200456076113,3.36473238703207,3.36473238703207,0.800000000000001
"GCST90670796","Gut microbiome species presence (Longicatena caecimuris, GCF_004341945.1)","presence","one SD on an approximate microbial-presence liability scale",1,0.00265522592707601,0.00264066943962456,0.00266930369021524,0.00188336068562208,30.2189345334993,30.2189345334993,30.2189345334993,0.18,"global_bonferroni_0.05_over_1802",2.77469478357381e-05,2.83496705002756,0.352737785784945,2.83992298477964,2.83021170063826,0.799999999999998
"GCST90670806","Gut microbiome species presence (Allisonella histaminiformans, GCF_900103425.1)","presence","one SD on an approximate microbial-presence liability scale",1,0.00269480393443623,0.00266760630285246,0.00272149080039485,0.00208121746823876,33.4002108561204,33.4002108561204,33.4002108561204,0.15,"global_bonferroni_0.05_over_1802",2.77469478357381e-05,2.82169053370393,0.35439747486672,2.83078311975255,2.8128981042911,0.799999999999999
"GCST90670813","Gut microbiome species abundance (Lawsonibacter sp900066645, GCA_902362775.1)","RIN_standardized_abundance","one source-defined RIN-standardized unit",1,0.00185813485182,0.00185813485182,0.00185813485182,0.00201287614063154,32.3012297669251,32.3012297669251,32.3012297669251,0.93,"global_bonferroni_0.05_over_1802",2.77469478357381e-05,3.18386138844074,0.314084025024009,3.18386138844074,3.18386138844074,0.799999999994472
"GCST90670815","Gut microbiome species presence (Scatenecus faecavium, GCA_900551915.1)","presence","one SD on an approximate microbial-presence liability scale",1,0.00355733271377276,0.00355006240902297,0.00356376254835871,0.00213195520072949,34.2162099664701,34.2162099664701,34.2162099664701,0.12,"global_bonferroni_0.05_over_1802",2.77469478357381e-05,2.58873998607076,0.386288312221661,2.59034763080521,2.58732221753096,0.800000000001509
"GCST90670827","Gut microbiome species presence (Merdimonas faecis, GCF_001754075.1)","presence","one SD on an approximate microbial-presence liability scale",1,0.00213896680835735,0.00213796285042873,0.00213966974281983,0.00207683859073389,33.3297906259964,33.3297906259964,33.3297906259964,0.22,"global_bonferroni_0.05_over_1802",2.77469478357381e-05,3.0395689002447,0.328994022777209,3.04003531639619,3.03924252146768,0.8
"GCST90670835","Gut microbiome species presence (Faecivicinus sp900553265, GCA_900553265.1)","presence","one SD on an approximate microbial-presence liability scale",1,0.00139683811677404,0.00138740209959999,0.00140614473888977,0.00191422720420545,30.7151444404192,30.7151444404192,30.7151444404192,0.56,"global_bonferroni_0.05_over_1802",2.77469478357381e-05,3.50497316676007,0.285308888947752,3.51308239988043,3.49705073157835,0.800000000022305
"GCST90670838","Gut microbiome species presence (Massilicoli timonensis, GCF_900199515.1)","presence","one SD on an approximate microbial-presence liability scale",1,0.00317559533794153,0.0031377329103399,0.00321284802473186,0.00191391152598009,30.7100694444444,30.7100694444444,30.7100694444444,0.16,"global_bonferroni_0.05_over_1802",2.77469478357381e-05,2.68032804131825,0.373088661008888,2.69029408532006,2.67069134750857,0.799999999999998
"GCST90670852","Gut microbiome species abundance (Blautia A sp900066505, GCF_013304385.1)","RIN_standardized_abundance","one source-defined RIN-standardized unit",1,0.001684090108995,0.001684090108995,0.001684090108995,0.001932668125116,31.0116151839071,31.0116151839071,31.0116151839071,0.88,"global_bonferroni_0.05_over_1802",2.77469478357381e-05,3.29011960387737,0.303940318407122,3.29011960387737,3.29011960387737,0.800000000000001
"GCST90670875","Gut microbiome species presence (Blautia A luti, GCF_009707925.1)","presence","one SD on an approximate microbial-presence liability scale",1,0.0014908833826638,0.00148773241990341,0.00149388901614407,0.00189462343930636,30.3999909158352,30.3999909158352,30.3999909158352,0.63,"global_bonferroni_0.05_over_1802",2.77469478357381e-05,3.42817932474456,0.291700026536538,3.43064006161076,3.42583896157621,0.799999999981912
"GCST90670881","Gut microbiome species presence (Dysosmobacter excrementavium, GCA_019118505.1)","presence","one SD on an approximate microbial-presence liability scale",1,0.0026686341913733,0.00264323685221852,0.00269353861456001,0.00231518789727887,37.1637752977076,37.1637752977076,37.1637752977076,0.22,"global_bonferroni_0.05_over_1802",2.77469478357381e-05,2.83043702151976,0.353302331900345,2.83904598383764,2.82211057211947,0.800000000000003
"GCST90670884","Gut microbiome species abundance (Enterocloster excrementigallinarum, GCA_900547035.1)","RIN_standardized_abundance","one source-defined RIN-standardized unit",1,0.0016616411119968,0.0016616411119968,0.0016616411119968,0.00223532244902484,35.8788899091929,35.8788899091929,35.8788899091929,0.58,"global_bonferroni_0.05_over_1802",2.77469478357381e-05,3.30497332852678,0.302574302602847,3.30497332852678,3.30497332852678,0.800000000000001
"GCST90670890","Gut microbiome species presence (Pseudobutyricicoccus sp003477405, GCA_003477405.1)","presence","one SD on an approximate microbial-presence liability scale",1,0.00240522737574274,0.00235240890559287,0.00245771845613147,0.00188150758181224,30.1891450279816,30.1891450279816,30.1891450279816,0.16,"global_bonferroni_0.05_over_1802",2.77469478357381e-05,2.92605201922713,0.341757423801417,2.94707664260731,2.90581298976786,0.799999999999998
"GCST90670899","Gut microbiome species presence (Dysosmobacter sp900544615, GCA_900544615.1)","presence","one SD on an approximate microbial-presence liability scale",1,0.00156719002853192,0.00155822725634028,0.00157599366966555,0.00194378912425388,31.190410405453,31.190410405453,31.190410405453,0.37,"global_bonferroni_0.05_over_1802",2.77469478357381e-05,3.37075819342804,0.296669159463796,3.37729439662315,3.36438971589758,0.8
"GCST90670908","Gut microbiome species presence (Scatomorpha sp900759385, GCA_900759385.1)","presence","one SD on an approximate microbial-presence liability scale",1,0.00189123742494161,0.00188664607980877,0.00189559636690132,0.00190309257002987,30.5361406113433,30.5361406113433,30.5361406113433,0.27,"global_bonferroni_0.05_over_1802",2.77469478357381e-05,3.16526185778273,0.315929627604492,3.16781352448546,3.1628475926837,0.799999999999999
"GCST90670910","Gut microbiome species abundance (Turicibacter sanguinis, GCF_013046825.1)","RIN_standardized_abundance","one source-defined RIN-standardized unit",2,0.003671716884075,0.003671716884075,0.003671716884075,0.00519065511520439,33.4329452888487,41.6765564945423,41.6765564945423,0.54,"global_bonferroni_0.05_over_1802",2.77469478357381e-05,2.56406767414795,0.390005306834308,2.56406767414795,2.56406767414795,0.800000000000001
"GCST90670917","Gut microbiome species presence (Acutalibacter timonensis, GCF_900048895.1)","presence","one SD on an approximate microbial-presence liability scale",1,0.00201194223938544,0.00195612757970594,0.0020675197247197,0.00198197429243054,31.8043537047053,31.8043537047053,31.8043537047053,0.28,"global_bonferroni_0.05_over_1802",2.77469478357381e-05,3.10122579496026,0.322453141472343,3.13012766526452,3.07357507886272,0.8
"GCST90670925","Gut microbiome species presence (Copromonas sp900541255, GCA_018223415.1)","presence","one SD on an approximate microbial-presence liability scale",1,0.00207283767687523,0.00200447466928323,0.00214086585371853,0.001911450124093,30.6704988662132,30.6704988662132,30.6704988662132,0.25,"global_bonferroni_0.05_over_1802",2.77469478357381e-05,3.07098566215572,0.325628351940281,3.10502518630623,3.03868751325695,0.799999999997927
"GCST90670927","Gut microbiome species presence (Enterocloster asparagiformis, GCA_025149125.1)","presence","one SD on an approximate microbial-presence liability scale",1,0.00211418830644761,0.00208168290002953,0.00214642137455449,0.00211506527486648,33.9445653484255,33.9445653484255,33.9445653484255,0.25,"global_bonferroni_0.05_over_1802",2.77469478357381e-05,3.05117396368375,0.327742702285214,3.06669996088356,3.03611556791159,0.8
"GCST90670937","Gut microbiome species presence (Massilistercora sp902406105, GCA_902406105.1)","presence","one SD on an approximate microbial-presence liability scale",1,0.0013797983764253,0.0013752313024992,0.00138423858398683,0.00211617727888831,33.9624496857567,33.9624496857567,33.9624496857567,0.29,"global_bonferroni_0.05_over_1802",2.77469478357381e-05,3.51967396537563,0.284117225014981,3.5236578500715,3.51581858651241,0.8
"GCST90670943","Gut microbiome species presence (Pauljensenia bouchesdurhonensis, GCF_900128465.1)","presence","one SD on an approximate microbial-presence liability scale",1,0.00226900673743468,0.00224187729318714,0.00229578027588361,0.00264384196950011,42.453369140625,42.453369140625,42.453369140625,0.29,"global_bonferroni_0.05_over_1802",2.77469478357381e-05,2.98171143116271,0.335377860361911,2.99337874529008,2.97039407225219,0.799999999951694
"GCST90670986","Gut microbiome species presence (GCA-900066495 sp902362365, GCA_902362365.1)","presence","one SD on an approximate microbial-presence liability scale",1,0.00454487596650711,0.00449656601581858,0.00458729491091449,0.00243589500002938,39.1061168199026,39.1061168199026,39.1061168199026,0.1,"global_bonferroni_0.05_over_1802",2.77469478357381e-05,2.40710744744366,0.415436378239783,2.41459432485405,2.40063004300992,0.800000000000003
"GCST90670988","Gut microbiome species abundance (Gordonibacter pamelaeae, GCF_000210055.1)","RIN_standardized_abundance","one source-defined RIN-standardized unit",1,0.0014587883235758,0.0014587883235758,0.0014587883235758,0.00188272158925025,30.2086607496184,30.2086607496184,30.2086607496184,0.7,"global_bonferroni_0.05_over_1802",2.77469478357381e-05,3.45359573808822,0.289553287598613,3.45359573808822,3.45359573808822,0.8
"GCST90670990","Gut microbiome species presence (Harryflintia acetispora, GCA_004340125.1)","presence","one SD on an approximate microbial-presence liability scale",1,0.00139495874303959,0.00139382498231513,0.00139596466627552,0.00191473234320026,30.7232653061224,30.7232653061224,30.7232653061224,0.45,"global_bonferroni_0.05_over_1802",2.77469478357381e-05,3.50658209098882,0.285177980737935,3.50755418343886,3.50572054276729,0.799999999996701
"GCST90671001","Gut microbiome species presence (Marvinbryantia sp900066075, GCA_003435055.1)","presence","one SD on an approximate microbial-presence liability scale",1,0.00146981618142807,0.00143212516732743,0.00150736022434207,0.00193220459451391,31.0041629672747,31.0041629672747,31.0041629672747,0.45,"global_bonferroni_0.05_over_1802",2.77469478357381e-05,3.44477382406707,0.29029482081333,3.47532197195005,3.41543115439386,0.8
"GCST90671012","Gut microbiome species abundance (Phocea massiliensis, GCF_900104615.1)","RIN_standardized_abundance","one source-defined RIN-standardized unit",1,0.00256673982302,0.00256673982302,0.00256673982302,0.00284047079975457,45.6197213444413,45.6197213444413,45.6197213444413,0.76,"global_bonferroni_0.05_over_1802",2.77469478357381e-05,2.86572299591184,0.348952079955589,2.86572299591184,2.86572299591184,0.799999999999999
"GCST90671032","Gut microbiome species presence (Dysosmobacter hMGS.03207, )","presence","one SD on an approximate microbial-presence liability scale",1,0.00380031988609277,0.0036671080211113,0.00393229508362659,0.00187260660224008,30.0460591836735,30.0460591836735,30.0460591836735,0.11,"global_bonferroni_0.05_over_1802",2.77469478357381e-05,2.53764710143678,0.394065825556996,2.56503980779992,2.51187087395391,0.8
"GCST90671051","Gut microbiome species presence (Catenibacillus sp018369015, GCA_018369015.1)","presence","one SD on an approximate microbial-presence liability scale",1,0.00184930713067364,0.00184724398896885,0.00185114449026908,0.00193307526847231,31.0181608642241,31.0181608642241,31.0181608642241,0.26,"global_bonferroni_0.05_over_1802",2.77469478357381e-05,3.18890219703604,0.313587541483543,3.19008528616178,3.18785017787576,0.800000000000001
"GCST90671057","Gut microbiome species presence (Emergencia sp904420065, GCA_904420065.1)","presence","one SD on an approximate microbial-presence liability scale",1,0.00163312377571199,0.00163090072742177,0.00163517092324314,0.00185500317202842,29.7630864197531,29.7630864197531,29.7630864197531,0.37,"global_bonferroni_0.05_over_1802",2.77469478357381e-05,3.32426149899263,0.300818693205404,3.32578531339258,3.32286087734098,0.8
"GCST90671072","Gut microbiome species presence (HGM14224 sp900761905, GCA_900761905.1)","presence","one SD on an approximate microbial-presence liability scale",2,0.00371508174486049,0.00368394729468043,0.0037457604430134,0.00461472580457762,35.6160027452887,37.0380026733727,37.0380026733727,0.49,"global_bonferroni_0.05_over_1802",2.77469478357381e-05,2.55500810486941,0.391388190939266,2.56149664745743,2.54869249677219,0.800000000000001
"GCST90671075","Gut microbiome species presence (Lachnoclostridium B sp000765215, GCF_000765215.1)","presence","one SD on an approximate microbial-presence liability scale",1,0.00538957589018392,0.00528222311203755,0.00554090131324328,0.00199889755790992,32.0764619513883,32.0764619513883,32.0764619513883,0.08,"global_bonferroni_0.05_over_1802",2.77469478357381e-05,2.29275115477759,0.436157233163406,2.30576284072795,2.27504972134877,0.800000000009115
"GCST90671089","Gut microbiome species abundance (Pullichristensenella excrementipullorum, GCA_900754775.1)","RIN_standardized_abundance","one source-defined RIN-standardized unit",1,0.002368100518875,0.002368100518875,0.002368100518875,0.00268365048281357,43.094312554954,43.094312554954,43.094312554954,0.72,"global_bonferroni_0.05_over_1802",2.77469478357381e-05,2.94075936642729,0.340048224079923,2.94075936642729,2.94075936642729,0.800000000000001
"GCST90671093","Gut microbiome species presence (QAMM01 sp003150405, GCA_003150405.1)","presence","one SD on an approximate microbial-presence liability scale",1,0.00236486945685822,0.00235043328701504,0.00237895259931027,0.00187627396845728,30.1050128567866,30.1050128567866,30.1050128567866,0.18,"global_bonferroni_0.05_over_1802",2.77469478357381e-05,2.94205517219797,0.339898452432119,2.94787634892091,2.93642593276498,0.799999999973874
"GCST90671102","Gut microbiome species presence (UMGS882 sp900757905, GCA_900757905.1)","presence","one SD on an approximate microbial-presence liability scale",1,0.00214537566766015,0.00214245147862105,0.00214799572728492,0.00191920670939801,30.7951978012465,30.7951978012465,30.7951978012465,0.26,"global_bonferroni_0.05_over_1802",2.77469478357381e-05,3.03659894398262,0.329315796536655,3.03795245835299,3.03538846945751,0.799999999996586
"GCST90671111","Gut microbiome species presence (Ruminococcaceae hMGS.05315, )","presence","one SD on an approximate microbial-presence liability scale",1,0.00175361743864366,0.00170480831707896,0.00180222002159255,0.00236615732324567,37.9838853803375,37.9838853803375,37.9838853803375,0.52,"global_bonferroni_0.05_over_1802",2.77469478357381e-05,3.24585909755795,0.308084845935659,3.2766604286377,3.21638656719581,0.800000000000001
"GCST90671115","Gut microbiome species presence (Lawsonibacter hMGS.05443, )","presence","one SD on an approximate microbial-presence liability scale",1,0.00228654987961208,0.00224365547079365,0.00232905853995437,0.00189060716239136,30.3354260795178,30.3354260795178,30.3354260795178,0.19,"global_bonferroni_0.05_over_1802",2.77469478357381e-05,2.97427407935477,0.336216492938989,2.99260775572607,2.95659152999083,0.800000000000001
"GCST90671122","Gut microbiome species abundance (Pullichristensenella hMGS.05548, )","RIN_standardized_abundance","one source-defined RIN-standardized unit",1,0.001929220269795,0.001929220269795,0.001929220269795,0.00215798153396154,34.6348155588021,34.6348155588021,34.6348155588021,0.73,"global_bonferroni_0.05_over_1802",2.77469478357381e-05,3.14448954029946,0.318016640597497,3.14448954029946,3.14448954029946,0.799999999999999
"GCST90671134","Gut microbiome species presence (CAG-302 sp934162325, GCA_934162325.1)","presence","one SD on an approximate microbial-presence liability scale",1,0.00183708854585816,0.00179988953016898,0.00187404164948492,0.0019723862407925,31.650192049609,31.650192049609,31.650192049609,0.25,"global_bonferroni_0.05_over_1802",2.77469478357381e-05,3.19593665516998,0.312897315527931,3.2177736261841,3.17486471858791,0.8
"GCST90671138","Gut microbiome species presence (Pseudoruminococcus massiliensis, GCF_900291955.1)","presence","one SD on an approximate microbial-presence liability scale",2,0.00517465951131494,0.00513689023811023,0.00521158117248934,0.00423526334584617,30.1904625369808,33.9867387173583,33.9867387173583,0.22,"global_bonferroni_0.05_over_1802",2.77469478357381e-05,2.31919989920518,0.431183185348841,2.32401687636044,2.31454119641091,0.8
"GCST90671139","Gut microbiome species abundance (Actinomyces graevenitzii hMGS.05799, )","RIN_standardized_abundance","one source-defined RIN-standardized unit",2,0.002980522115123,0.002980522115123,0.002980522115123,0.00387535792460577,30.8943162873363,31.0921776749182,31.0921776749182,0.7,"global_bonferroni_0.05_over_1802",2.77469478357381e-05,2.73364151080685,0.365812413971152,2.73364151080685,2.73364151080685,0.8
"GCST90671147","Gut microbiome species presence (Cag-433 hMGS.05835, )","presence","one SD on an approximate microbial-presence liability scale",1,0.00267645143095572,0.00264588954152753,0.00270657953028796,0.00193448444272603,31.0408163265306,31.0408163265306,31.0408163265306,0.15,"global_bonferroni_0.05_over_1802",2.77469478357381e-05,2.82781125147769,0.353630391518333,2.83814115879267,2.81779525264487,0.8
"GCST90671159","Gut microbiome species presence (Butyribacter hominis, GCF_014384965.1)","presence","one SD on an approximate microbial-presence liability scale",1,0.00210700340522143,0.00209172447416951,0.00212200016509704,0.00231071232655071,37.0917663113388,37.0917663113388,37.0917663113388,0.27,"global_bonferroni_0.05_over_1802",2.77469478357381e-05,3.05457591846174,0.327377687343123,3.06186641896856,3.04749409273898,0.800000000000001
"GCST90671164","Gut microbiome species presence (Vescimonas fastidiosa, GCF_018326305.1)","presence","one SD on an approximate microbial-presence liability scale",1,0.00241364679262048,0.00233353351740025,0.00249330299323736,0.00185346736787953,29.7383990488006,29.7383990488006,29.7383990488006,0.24,"global_bonferroni_0.05_over_1802",2.77469478357381e-05,2.92276265169707,0.34214204818149,2.95475733634436,2.89244714324256,0.79999999999775
"GCST90671172","Gut microbiome species abundance (UMGS1623 sp934647945, GCA_934647945.1)","RIN_standardized_abundance","one source-defined RIN-standardized unit",1,0.0014890718516832,0.0014890718516832,0.0014890718516832,0.0019452615435644,31.2140831758034,31.2140831758034,31.2140831758034,0.69,"global_bonferroni_0.05_over_1802",2.77469478357381e-05,3.42959313124093,0.291579776881046,3.42959313124093,3.42959313124093,0.8
"GCST90671176","Gut microbiome species abundance (Turicibacter bilis, GCF_024499055.1)","RIN_standardized_abundance","one source-defined RIN-standardized unit",2,0.0029162489578496,0.0029162489578496,0.0029162489578496,0.00391500395396097,30.25,31.4109650193828,31.4109650193828,0.64,"global_bonferroni_0.05_over_1802",2.77469478357381e-05,2.75234180521368,0.363326966914404,2.75234180521368,2.75234180521368,0.8
"GCST90671181","Gut microbiome species presence (Blautia A wexlerae B, GCF_013300825.1)","presence","one SD on an approximate microbial-presence liability scale",1,0.0013834900487594,0.00137603247271855,0.00139082227265213,0.00185965602751847,29.8378794731189,29.8378794731189,29.8378794731189,0.46,"global_bonferroni_0.05_over_1802",2.77469478357381e-05,3.51646730381164,0.284376311110887,3.52295763262963,3.51013413810967,0.800000000000001
"GCST90671188","Gut microbiome species presence (Thomasclavelia sp000508865, GCA_000508865.1)","presence","one SD on an approximate microbial-presence liability scale",1,0.00186640647980583,0.00186131614684407,0.00187126525826062,0.00195580930181031,31.3836664352311,31.3836664352311,31.3836664352311,0.28,"global_bonferroni_0.05_over_1802",2.77469478357381e-05,3.17916929423362,0.314547577511459,3.18205324293921,3.17642707409851,0.799999999999999
"GCST90671189","Gut microbiome species abundance (Dysosmobacter sp944387015, GCA_944387015.1)","RIN_standardized_abundance","one source-defined RIN-standardized unit",1,0.0017106878603502,0.0017106878603502,0.0017106878603502,0.00206505226422473,33.1402483564646,33.1402483564646,33.1402483564646,0.72,"global_bonferroni_0.05_over_1802",2.77469478357381e-05,3.27288350612981,0.305540969645602,3.27288350612981,3.27288350612981,0.799999999999999
"GCST90671190","Gut microbiome species presence (Pauljensenia sp019425105, GCA_019425105.1)","presence","one SD on an approximate microbial-presence liability scale",1,0.00430498222854189,0.00414855355058234,0.00444499358580179,0.00190868350156029,30.6260216597485,30.6260216597485,30.6260216597485,0.1,"global_bonferroni_0.05_over_1802",2.77469478357381e-05,2.445499243163,0.408914458998811,2.47228281010523,2.42271936337132,0.800000000000003
"GCST90671193","Gut microbiome species presence (Lachnoclostridium A avicola, GCA_019114465.1)","presence","one SD on an approximate microbial-presence liability scale",1,0.00228417810774647,0.00226409917182352,0.00230389841838524,0.00215529220460157,34.591559575392,34.591559575392,34.591559575392,0.24,"global_bonferroni_0.05_over_1802",2.77469478357381e-05,2.97527473169831,0.336103415710183,2.98380693761122,2.96700028414279,0.79999999997136
"GCST90671209","Gut microbiome species presence (UMGS882 sp934479825, GCA_934479825.1)","presence","one SD on an approximate microbial-presence liability scale",1,0.00398585954662675,0.00381614740376105,0.00417300207955419,0.00187041202222482,30.0107810616245,30.0107810616245,30.0107810616245,0.1,"global_bonferroni_0.05_over_1802",2.77469478357381e-05,2.50177049375486,0.399716921474728,2.53448654592748,2.46799909668445,0.80000000000623
"GCST90671210","Gut microbiome species abundance (Zhenpiania hominis, GCF_014333425.1)","RIN_standardized_abundance","one source-defined RIN-standardized unit",1,0.0013800716468448,0.0013800716468448,0.0013800716468448,0.00187367378985602,30.0632144014068,30.0632144014068,30.0632144014068,0.59,"global_bonferroni_0.05_over_1802",2.77469478357381e-05,3.5194361814262,0.284136420849877,3.5194361814262,3.5194361814262,0.800000000000001
"GCST90671214","Gut microbiome species abundance (Lentihominibacter sp900066305, GCA_902362435.1)","RIN_standardized_abundance","one source-defined RIN-standardized unit",1,0.00162296187768,0.00162296187768,0.00162296187768,0.00188529315529518,30.25,30.25,30.25,0.84,"global_bonferroni_0.05_over_1802",2.77469478357381e-05,3.33125140875935,0.300187490313866,3.33125140875935,3.33125140875935,0.8
"GCST90671218","Gut microbiome species abundance (Lentihominibacter excrementipullorum, GCA_900543485.1)","RIN_standardized_abundance","one source-defined RIN-standardized unit",1,0.0016268732251518,0.0016268732251518,0.0016268732251518,0.00199063608220932,31.943624989082,31.943624989082,31.943624989082,0.61,"global_bonferroni_0.05_over_1802",2.77469478357381e-05,3.32855358589968,0.300430794996412,3.32855358589968,3.32855358589968,0.800000000033961
"GCST90671223","Gut microbiome species presence (Fumia xinanensis, GCF_014384905.1)","presence","one SD on an approximate microbial-presence liability scale",1,0.00243721277414138,0.0023942625096333,0.00247973219360346,0.00191003165312264,30.6476949922896,30.6476949922896,30.6476949922896,0.22,"global_bonferroni_0.05_over_1802",2.77469478357381e-05,2.91364381777042,0.343212850486721,2.93036107025826,2.89751147597965,0.800000000000001
"GCST90671235","Gut microbiome species presence (Dysosmobacter A sp014334055, GCF_014334055.1)","presence","one SD on an approximate microbial-presence liability scale",1,0.00159487372007764,0.00158250775748167,0.00160707622006766,0.001903707275431,30.5460227016801,30.5460227016801,30.5460227016801,0.35,"global_bonferroni_0.05_over_1802",2.77469478357381e-05,3.35090160160542,0.298427145554169,3.35971004926189,3.34230462213519,0.800000000022597
"GCST90671237","Gut microbiome species presence (Marseille-P3106 sp900169975, GCA_900169975.1)","presence","one SD on an approximate microbial-presence liability scale",1,0.00446872154542437,0.00443482995886899,0.00449495181111438,0.00200261907366584,32.1363012345679,32.1363012345679,32.1363012345679,0.09,"global_bonferroni_0.05_over_1802",2.77469478357381e-05,2.4189638752263,0.413400138067977,2.42433707844567,2.41484654251758,0.800000000027282
"GCST90671245","Gut microbiome species presence (Gehongia tenuis, GCF_014384795.1)","presence","one SD on an approximate microbial-presence liability scale",1,0.00206209901223798,0.00199810724879699,0.00212579003729453,0.00196454486767371,31.5241165972635,31.5241165972635,31.5241165972635,0.4,"global_bonferroni_0.05_over_1802",2.77469478357381e-05,3.07622446377563,0.3250738077717,3.10828102030325,3.04571588538327,0.800000000000001
"GCST90671259","Gut microbiome species abundance (JAHZGC01 sp019421015, GCA_019421015.1)","RIN_standardized_abundance","one source-defined RIN-standardized unit",1,0.0013722960717198,0.0013722960717198,0.0013722960717198,0.00186304569640376,29.8923676748582,29.8923676748582,29.8923676748582,0.59,"global_bonferroni_0.05_over_1802",2.77469478357381e-05,3.52622815802841,0.283589136943176,3.52622815802841,3.52622815802841,0.8
"GCST90671277","Gut microbiome species presence (Excrementavichristensenella intestinipullorum, GCA_018711685.1)","presence","one SD on an approximate microbial-presence liability scale",1,0.00194536413195874,0.00190931444224774,0.00198114810118277,0.00192013821403469,30.8101732888785,30.8101732888785,30.8101732888785,0.33,"global_bonferroni_0.05_over_1802",2.77469478357381e-05,3.13583830872945,0.318893993104246,3.15530152459699,3.1170262629768,0.8
"GCST90671285","Gut microbiome species presence (Lentihominibacter sp905193765, GCA_905193765.1)","presence","one SD on an approximate microbial-presence liability scale",1,0.00153465820582742,0.00149847716225714,0.0015706868755917,0.00192089896281674,30.8224036126411,30.8224036126411,30.8224036126411,0.55,"global_bonferroni_0.05_over_1802",2.77469478357381e-05,3.39474108898363,0.294573274894256,3.4222792401297,3.36822251177643,0.800000000000001
"GCST90671292","Gut microbiome genus abundance (Agathobacter)","RIN_standardized_abundance","one source-defined RIN-standardized unit",1,0.0021056687558478,0.0021056687558478,0.0021056687558478,0.00191525189601935,30.7316179042086,30.7316179042086,30.7316179042086,0.99,"global_bonferroni_0.05_over_1802",2.77469478357381e-05,3.05520970679692,0.327309774440458,3.05520970679692,3.05520970679692,0.800000000000001
"GCST90671293","Gut microbiome genus abundance (Bifidobacterium)","RIN_standardized_abundance","one source-defined RIN-standardized unit",1,0.0065989789441632,0.0065989789441632,0.0065989789441632,0.00651497294677554,105.021504,105.021504,105.021504,0.98,"global_bonferroni_0.05_over_1802",2.77469478357381e-05,2.16867377395363,0.461111307754203,2.16867377395363,2.16867377395363,0.799999999999998
"GCST90671302","Gut microbiome genus abundance (ER4)","RIN_standardized_abundance","one source-defined RIN-standardized unit",1,0.0018824017477632,0.0018824017477632,0.0018824017477632,0.00201674604537168,32.3634567901235,32.3634567901235,32.3634567901235,0.92,"global_bonferroni_0.05_over_1802",2.77469478357381e-05,3.17018030349763,0.315439471659296,3.17018030349763,3.17018030349763,0.8
"GCST90671312","Gut microbiome genus presence (Cryptobacteroides)","presence","one SD on an approximate microbial-presence liability scale",1,0.00216396603845559,0.00211311007628127,0.00221454867891832,0.00186010260136887,29.845058031004,29.845058031004,29.845058031004,0.24,"global_bonferroni_0.05_over_1802",2.77469478357381e-05,3.02805612595411,0.330244869449014,3.05168342319421,3.00534072435628,0.800000000000001
"GCST90671314","Gut microbiome genus presence (Fimenecus)","presence","one SD on an approximate microbial-presence liability scale",1,0.00184995384678066,0.00183393504656437,0.00186574746700979,0.00190121503167059,30.5059571164298,30.5059571164298,30.5059571164298,0.5,"global_bonferroni_0.05_over_1802",2.77469478357381e-05,3.18853173460028,0.313623975934918,3.19776311455338,3.17954202233615,0.8
"GCST90671323","Gut microbiome genus abundance (Agathobaculum)","RIN_standardized_abundance","one source-defined RIN-standardized unit",1,0.0024400435441152,0.0024400435441152,0.0024400435441152,0.00263305406680059,42.2796855778654,42.2796855778654,42.2796855778654,1,"global_bonferroni_0.05_over_1802",2.77469478357381e-05,2.91255708893593,0.343340909539164,2.91255708893593,2.91255708893593,0.799999999999999
"GCST90671324","Gut microbiome genus presence (Phascolarctobacterium)","presence","one SD on an approximate microbial-presence liability scale",1,0.00185193146182702,0.00179884558563617,0.00190477760724391,0.0020214799342246,32.439577100791,32.439577100791,32.439577100791,0.41,"global_bonferroni_0.05_over_1802",2.77469478357381e-05,3.18740004004276,0.313735328931785,3.21839579692951,3.15778848935519,0.800000000000001
"GCST90671336","Gut microbiome genus abundance (Mediterraneibacter)","RIN_standardized_abundance","one source-defined RIN-standardized unit",1,0.00221746914048,0.00221746914048,0.00221746914048,0.00237598726140264,38.142061042524,38.142061042524,38.142061042524,1,"global_bonferroni_0.05_over_1802",2.77469478357381e-05,3.00405221466913,0.332883694603204,3.00405221466913,3.00405221466913,0.8
"GCST90671353","Gut microbiome genus presence (Peptidiphaga)","presence","one SD on an approximate microbial-presence liability scale",1,0.00251883806675506,0.00241666948067167,0.00262046217307512,0.00203733464104101,32.694523962513,32.694523962513,32.694523962513,0.17,"global_bonferroni_0.05_over_1802",2.77469478357381e-05,2.88302604656274,0.346857775077072,2.9215857938791,2.84686930280444,0.799999999966123
"GCST90671359","Gut microbiome genus abundance (Ventricola)","RIN_standardized_abundance","one source-defined RIN-standardized unit",1,0.0017820135647262,0.0017820135647262,0.0017820135647262,0.00186963139773387,29.9982324720142,29.9982324720142,29.9982324720142,0.91,"global_bonferroni_0.05_over_1802",2.77469478357381e-05,3.22849949541247,0.309741414369414,3.22849949541247,3.22849949541247,0.8
"GCST90671360","Gut microbiome genus presence (Scatocola)","presence","one SD on an approximate microbial-presence liability scale",2,0.00357915348577511,0.00355815424586539,0.0035997194118592,0.00398902645792709,31.3917810975303,32.0059891929704,32.0059891929704,0.26,"global_bonferroni_0.05_over_1802",2.77469478357381e-05,2.58394379226743,0.387005322249093,2.58855862925913,2.57946267966149,0.8
"GCST90671365","Gut microbiome genus abundance (Acutalibacter)","RIN_standardized_abundance","one source-defined RIN-standardized unit",1,0.0016278201581568,0.0016278201581568,0.0016278201581568,0.00189508102108587,30.4073469387755,30.4073469387755,30.4073469387755,0.91,"global_bonferroni_0.05_over_1802",2.77469478357381e-05,3.32790183887608,0.300489632331741,3.32790183887608,3.32790183887608,0.8
"GCST90671373","Gut microbiome genus abundance (Intestinibacter)","RIN_standardized_abundance","one source-defined RIN-standardized unit",1,0.0015198894013952,0.0015198894013952,0.0015198894013952,0.00187264268577177,30.0466392318244,30.0466392318244,30.0466392318244,0.79,"global_bonferroni_0.05_over_1802",2.77469478357381e-05,3.4058692138942,0.293610804525468,3.4058692138942,3.4058692138942,0.800000000000313
"GCST90671377","Gut microbiome genus presence (UBA738)","presence","one SD on an approximate microbial-presence liability scale",1,0.0016991337870753,0.00169245794328619,0.00170561936751777,0.00228989751108757,36.7568781237985,36.7568781237985,36.7568781237985,0.47,"global_bonferroni_0.05_over_1802",2.77469478357381e-05,3.28032339158326,0.304847992294243,3.28465520821605,3.27613831425596,0.8
"GCST90671385","Gut microbiome genus presence (Alloscardovia)","presence","one SD on an approximate microbial-presence liability scale",1,0.00214319163905609,0.00210725432315542,0.00217879319830601,0.00193162936328543,30.9949149408284,30.9949149408284,30.9949149408284,0.18,"global_bonferroni_0.05_over_1802",2.77469478357381e-05,3.03760960872407,0.329206227531011,3.05445682931488,3.02131848273616,0.800000000000001
"GCST90671389","Gut microbiome genus presence (Limivicinus)","presence","one SD on an approximate microbial-presence liability scale",1,0.00155262208183592,0.00152242595886932,0.00158265705503655,0.00188529315529518,30.25,30.25,30.25,0.47,"global_bonferroni_0.05_over_1802",2.77469478357381e-05,3.38140933265062,0.29573467794747,3.40394702406207,3.35960311733041,0.800000000038173
"GCST90671397","Gut microbiome genus presence (Merdicola)","presence","one SD on an approximate microbial-presence liability scale",2,0.00296756505479731,0.00291144502036666,0.00302340219853883,0.00392453970811665,30.3943665923214,31.4876132436899,31.4876132436899,0.42,"global_bonferroni_0.05_over_1802",2.77469478357381e-05,2.73736354972275,0.365315012725031,2.75376375179316,2.72149103230797,0.800000000038887
"GCST90671414","Gut microbiome genus presence (Sellimonas)","presence","one SD on an approximate microbial-presence liability scale",2,0.00349475227712849,0.00347172384124319,0.00351737964562032,0.00424051071213804,30.9053635116598,34.0286454746508,34.0286454746508,0.31,"global_bonferroni_0.05_over_1802",2.77469478357381e-05,2.60273886627329,0.384210653230779,2.60798345686181,2.59763494112695,0.799999999999998
"GCST90671419","Gut microbiome genus abundance (Hungatella)","RIN_standardized_abundance","one source-defined RIN-standardized unit",1,0.0017762582796288,0.0017762582796288,0.0017762582796288,0.00207341175926686,33.2746814404432,33.2746814404432,33.2746814404432,0.82,"global_bonferroni_0.05_over_1802",2.77469478357381e-05,3.23198569728003,0.309407309828623,3.23198569728003,3.23198569728003,0.800000000000001
"GCST90671426","Gut microbiome genus presence (UBA7597)","presence","one SD on an approximate microbial-presence liability scale",1,0.00235943153346201,0.00234528903752065,0.0023731950214977,0.00214050057068447,34.3536506483297,34.3536506483297,34.3536506483297,0.19,"global_bonferroni_0.05_over_1802",2.77469478357381e-05,2.94424185515729,0.339646010482579,2.94996327167327,2.93872144940026,0.800000000000001
"GCST90671432","Gut microbiome genus abundance (Spyradocola)","RIN_standardized_abundance","one source-defined RIN-standardized unit",1,0.0014612710405368,0.0014612710405368,0.0014612710405368,0.0018792955491259,30.1535857186827,30.1535857186827,30.1535857186827,0.67,"global_bonferroni_0.05_over_1802",2.77469478357381e-05,3.45160140696114,0.289720591138714,3.45160140696114,3.45160140696114,0.799999999990559
"GCST90671434","Gut microbiome genus presence (UBA10281)","presence","one SD on an approximate microbial-presence liability scale",1,0.00201372134921037,0.00197018894125768,0.00205694902327718,0.00190641726003709,30.5895889398263,30.5895889398263,30.5895889398263,0.19,"global_bonferroni_0.05_over_1802",2.77469478357381e-05,3.10032361295406,0.322546974071257,3.12273521264122,3.07875087791297,0.8
"GCST90671435","Gut microbiome genus abundance (UMGS1071)","RIN_standardized_abundance","one source-defined RIN-standardized unit",1,0.001666281967955,0.001666281967955,0.001666281967955,0.00186903604377713,29.9886621315193,29.9886621315193,29.9886621315193,0.73,"global_bonferroni_0.05_over_1802",2.77469478357381e-05,3.30187917175542,0.302857841847785,3.30187917175542,3.30187917175542,0.8
"GCST90671449","Gut microbiome genus presence (Faeciplasma)","presence","one SD on an approximate microbial-presence liability scale",1,0.00286633452066848,0.00286350101907924,0.00286862622799751,0.00230622812698798,37.019619140625,37.019619140625,37.019619140625,0.18,"global_bonferroni_0.05_over_1802",2.77469478357381e-05,2.76728605399082,0.361364882592407,2.76814581872918,2.7665915946912,0.800000000000001
"GCST90671450","Gut microbiome genus presence (UBA11512)","presence","one SD on an approximate microbial-presence liability scale",1,0.00217040409998679,0.00216975845140104,0.00217074013418156,0.00194331733303058,31.1828252132144,31.1828252132144,31.1828252132144,0.21,"global_bonferroni_0.05_over_1802",2.77469478357381e-05,3.02512239841188,0.330565136975937,3.02541604148806,3.02496961905279,0.8
"GCST90671463","Gut microbiome genus presence (Coprobacillus)","presence","one SD on an approximate microbial-presence liability scale",1,0.00428140556667714,0.00419574390414531,0.00436595785756426,0.00444217370245678,71.4588444444444,71.4588444444444,71.4588444444444,0.29,"global_bonferroni_0.05_over_1802",2.77469478357381e-05,2.44944318841976,0.408256049671903,2.46404759490357,2.43544566888033,0.799999999999997
"GCST90671465","Gut microbiome genus abundance (Mogibacterium)","RIN_standardized_abundance","one source-defined RIN-standardized unit",1,0.0019209476952288,0.0019209476952288,0.0019209476952288,0.00228527130325025,36.6824492702029,36.6824492702029,36.6824492702029,0.78,"global_bonferroni_0.05_over_1802",2.77469478357381e-05,3.14896323206656,0.317564838425799,3.14896323206656,3.14896323206656,0.8
"GCST90671469","Gut microbiome genus presence (UMGS1994)","presence","one SD on an approximate microbial-presence liability scale",1,0.00489218020569316,0.00487663551167091,0.00491300911288011,0.00204083903096837,32.7508763477072,32.7508763477072,32.7508763477072,0.08,"global_bonferroni_0.05_over_1802",2.77469478357381e-05,2.35655109920272,0.424348956548544,2.35869916898386,2.3536886358227,0.8
"GCST90671470","Gut microbiome genus presence (V9D3004)","presence","one SD on an approximate microbial-presence liability scale",1,0.00193269341654038,0.00193115764909242,0.00193398307449604,0.00219870068685585,35.2897831704924,35.2897831704924,35.2897831704924,0.3,"global_bonferroni_0.05_over_1802",2.77469478357381e-05,3.14261954497366,0.318205874331626,3.14344582767762,3.14192640644208,0.8
"GCST90671474","Gut microbiome genus abundance (Massilistercora)","RIN_standardized_abundance","one source-defined RIN-standardized unit",2,0.0030746391834798,0.0030746391834798,0.0030746391834798,0.00379870012824409,30.0212673611111,30.4759887101414,30.4759887101414,0.62,"global_bonferroni_0.05_over_1802",2.77469478357381e-05,2.70729980157834,0.369371725812194,2.70729980157834,2.70729980157834,0.799999999978469
"GCST90671483","Gut microbiome genus presence (Egerieisoma)","presence","one SD on an approximate microbial-presence liability scale",1,0.0018390928458916,0.00180977963615243,0.00186816437795018,0.00186732884099408,29.9612188365651,29.9612188365651,29.9612188365651,0.24,"global_bonferroni_0.05_over_1802",2.77469478357381e-05,3.19477813663309,0.313010781103529,3.21190492556913,3.17817597835047,0.800000000000001
"GCST90671486","Gut microbiome genus presence (HGM11501)","presence","one SD on an approximate microbial-presence liability scale",1,0.00289925156754764,0.0028687685641707,0.00292914290412722,0.00204905884000806,32.883056640625,32.883056640625,32.883056640625,0.16,"global_bonferroni_0.05_over_1802",2.77469478357381e-05,2.75738844871669,0.362661996522618,2.76654848915255,2.74854215370863,0.8
"GCST90671488","Gut microbiome genus presence (Merdimonas)","presence","one SD on an approximate microbial-presence liability scale",1,0.00157348186334893,0.00156304890400259,0.00158374728953073,0.00187580133325262,30.0974151234568,30.0974151234568,30.0974151234568,0.28,"global_bonferroni_0.05_over_1802",2.77469478357381e-05,3.36620155319501,0.297070744041116,3.37377151529245,3.35882269084158,0.800000000035632
"GCST90671490","Gut microbiome genus abundance (Anaerotruncus)","RIN_standardized_abundance","one source-defined RIN-standardized unit",1,0.0020386736207838,0.0020386736207838,0.0020386736207838,0.00195730273797617,31.4076776822092,31.4076776822092,31.4076776822092,0.97,"global_bonferroni_0.05_over_1802",2.77469478357381e-05,3.0877905128648,0.323856167001503,3.0877905128648,3.0877905128648,0.799999999999999
"GCST90671499","Gut microbiome genus presence (UMGS1484)","presence","one SD on an approximate microbial-presence liability scale",1,0.00169873072098583,0.00167177728603054,0.00172549320967756,0.00197744526118177,31.7315332278375,31.7315332278375,31.7315332278375,0.49,"global_bonferroni_0.05_over_1802",2.77469478357381e-05,3.28058424100453,0.304823752885491,3.29823123293604,3.26345463878669,0.8
"GCST90671500","Gut microbiome genus presence (Alectryocaccomicrobium)","presence","one SD on an approximate microbial-presence liability scale",1,0.00177368320468654,0.00173242275337848,0.00181472464180817,0.00187572549471551,30.096196,30.096196,30.096196,0.39,"global_bonferroni_0.05_over_1802",2.77469478357381e-05,3.2335507771128,0.30925755274296,3.25908126388306,3.20898785618735,0.799999999982852
"GCST90671503","Gut microbiome genus abundance (Marvinbryantia)","RIN_standardized_abundance","one source-defined RIN-standardized unit",1,0.0017381795857272,0.0017381795857272,0.0017381795857272,0.00219831629641734,35.2836,35.2836,35.2836,0.78,"global_bonferroni_0.05_over_1802",2.77469478357381e-05,3.25546704018864,0.307175587298237,3.25546704018864,3.25546704018864,0.799999999984411
"GCST90671519","Gut microbiome genus presence (HGM11507)","presence","one SD on an approximate microbial-presence liability scale",1,0.00260410454676271,0.00257562760399425,0.00263210636223374,0.00193293364342099,31.0158839449447,31.0158839449447,31.0158839449447,0.2,"global_bonferroni_0.05_over_1802",2.77469478357381e-05,2.85254981622617,0.35056355346073,2.86256429416601,2.84285706544686,0.8
"GCST90671524","Gut microbiome genus abundance (Turicibacter)","RIN_standardized_abundance","one source-defined RIN-standardized unit",4,0.0070744413008356,0.0070744413008356,0.0070744413008356,0.00877691487507025,30.1714795918367,31.157340154551,35.2214648220378,0.73,"global_bonferroni_0.05_over_1802",2.77469478357381e-05,2.12878792521431,0.469750879434985,2.12878792521431,2.12878792521431,0.800000000021164
"GCST90671536","Gut microbiome genus presence (Oxalobacter)","presence","one SD on an approximate microbial-presence liability scale",1,0.00156898567764768,0.00152733187519284,0.00161047176383111,0.00202206049111584,32.4489124290225,32.4489124290225,32.4489124290225,0.45,"global_bonferroni_0.05_over_1802",2.77469478357381e-05,3.36945510123289,0.296783892337398,3.40024224867101,3.33992893124863,0.799999999999999
"GCST90671554","Gut microbiome genus presence (Gallimonas)","presence","one SD on an approximate microbial-presence liability scale",1,0.00423347528662897,0.00410854803770894,0.004332755803887,0.0018785018767607,30.1408271567037,30.1408271567037,30.1408271567037,0.09,"global_bonferroni_0.05_over_1802",2.77469478357381e-05,2.45756095528836,0.40690750634206,2.47937340600684,2.4408940212091,0.799999999943921
"GCST90671561","Gut microbiome genus abundance (Massilioclostridium)","RIN_standardized_abundance","one source-defined RIN-standardized unit",1,0.0016402000358528,0.0016402000358528,0.0016402000358528,0.00185993054027564,29.8422921931562,29.8422921931562,29.8422921931562,0.94,"global_bonferroni_0.05_over_1802",2.77469478357381e-05,3.31943066477094,0.301256480701038,3.31943066477094,3.31943066477094,0.800000000000001
"GCST90671563","Gut microbiome genus abundance (Phocea)","RIN_standardized_abundance","one source-defined RIN-standardized unit",1,0.00256673982302,0.00256673982302,0.00256673982302,0.00284047079975457,45.6197213444413,45.6197213444413,45.6197213444413,0.76,"global_bonferroni_0.05_over_1802",2.77469478357381e-05,2.86572299591184,0.348952079955589,2.86572299591184,2.86572299591184,0.799999999999999
"GCST90671570","Gut microbiome genus presence (UMGS1384)","presence","one SD on an approximate microbial-presence liability scale",1,0.00153754160967211,0.00153647043540217,0.00153845718139617,0.00197698011894759,31.7240544298458,31.7240544298458,31.7240544298458,0.4,"global_bonferroni_0.05_over_1802",2.77469478357381e-05,3.39258625633699,0.294760375843681,3.39338609669013,3.39190323236861,0.8
"GCST90671572","Gut microbiome genus abundance (UMGS1766)","RIN_standardized_abundance","one source-defined RIN-standardized unit",1,0.0017863147926558,0.0017863147926558,0.0017863147926558,0.0018833160158966,30.2182164455879,30.2182164455879,30.2182164455879,0.81,"global_bonferroni_0.05_over_1802",2.77469478357381e-05,3.22590461173985,0.30999056709884,3.22590461173985,3.22590461173985,0.799999999960787
"GCST90671581","Gut microbiome genus presence (Catenibacillus)","presence","one SD on an approximate microbial-presence liability scale",1,0.00148257964893192,0.0014729012565923,0.00149211102367735,0.00198045076877332,31.7798575051322,31.7798575051322,31.7798575051322,0.37,"global_bonferroni_0.05_over_1802",2.77469478357381e-05,3.43468010740093,0.291147928986235,3.44232267663209,3.42722260168571,0.800000000016219
"GCST90671588","Gut microbiome genus presence (HGM14224)","presence","one SD on an approximate microbial-presence liability scale",2,0.00390899551475412,0.00387759396954995,0.00393989561169774,0.0048271545259667,35.4278236758714,38.7476451648175,38.7476451648175,0.52,"global_bonferroni_0.05_over_1802",2.77469478357381e-05,2.51632799185409,0.397404473199528,2.52239741249461,2.51042534697565,0.799999999999998
"GCST90671595","Gut microbiome genus abundance (Pullichristensenella)","RIN_standardized_abundance","one source-defined RIN-standardized unit",2,0.003873353964543,0.003873353964543,0.003873353964543,0.00436833706212132,29.7804081632653,35.0577625220519,35.0577625220519,0.8,"global_bonferroni_0.05_over_1802",2.77469478357381e-05,2.52322249861196,0.396318596774603,2.52322249861196,2.52322249861196,0.800000000000002
"GCST90671613","Gut microbiome genus abundance (Vescimonas)","RIN_standardized_abundance","one source-defined RIN-standardized unit",1,0.0017810325757952,0.0017810325757952,0.0017810325757952,0.00190400094639659,30.5507438016529,30.5507438016529,30.5507438016529,0.96,"global_bonferroni_0.05_over_1802",2.77469478357381e-05,3.22909257508274,0.309684524908481,3.22909257508274,3.22909257508274,0.8
"GCST90671614","Gut microbiome genus presence (Pseudoruminococcus)","presence","one SD on an approximate microbial-presence liability scale",1,0.00267400874182816,0.0026509988073033,0.00269652711913367,0.00260335229201776,41.8015110161782,41.8015110161782,41.8015110161782,0.23,"global_bonferroni_0.05_over_1802",2.77469478357381e-05,2.8286305334396,0.353527966335005,2.83640212957955,2.82111896469429,0.799999999999999
"GCST90671616","Gut microbiome genus presence (Tidjanibacter)","presence","one SD on an approximate microbial-presence liability scale",1,0.00158423719487469,0.00154325847428221,0.00162504598151985,0.00195539492769748,31.3770042019379,31.3770042019379,31.3770042019379,0.54,"global_bonferroni_0.05_over_1802",2.77469478357381e-05,3.35847224958542,0.297754432874485,3.38833088364038,3.32981275889275,0.800000000024552
"GCST90671653","Gut microbiome family abundance (Bifidobacteriaceae)","RIN_standardized_abundance","one source-defined RIN-standardized unit",1,0.0065475652019712,0.0065475652019712,0.0065475652019712,0.006464541844492,104.203264,104.203264,104.203264,0.99,"global_bonferroni_0.05_over_1802",2.77469478357381e-05,2.17324341929814,0.460141736135088,2.17324341929814,2.17324341929814,0.799999999999999
"GCST90671656","Gut microbiome family abundance (Bacteroidaceae)","RIN_standardized_abundance","one source-defined RIN-standardized unit",1,0.00181462732088,0.00181462732088,0.00181462732088,0.00191750389301599,30.767822265625,30.767822265625,30.767822265625,1,"global_bonferroni_0.05_over_1802",2.77469478357381e-05,3.20904515577398,0.311619173759745,3.20904515577398,3.20904515577398,0.800000000000001
"GCST90671664","Gut microbiome family abundance (Coprobacillaceae)","RIN_standardized_abundance","one source-defined RIN-standardized unit",1,0.0021443186377208,0.0021443186377208,0.0021443186377208,0.00188207695610196,30.1982979727008,30.1982979727008,30.1982979727008,1,"global_bonferroni_0.05_over_1802",2.77469478357381e-05,3.0370879010601,0.32926277821954,3.0370879010601,3.0370879010601,0.8
"GCST90671665","Gut microbiome family presence (UBA932)","presence","one SD on an approximate microbial-presence liability scale",1,0.00214974603832143,0.00209937845939508,0.00219984377918106,0.00186124110172061,29.8633591555513,29.8633591555513,29.8633591555513,0.24,"global_bonferroni_0.05_over_1802",2.77469478357381e-05,3.03458101207934,0.329534784545028,3.05820464217608,3.01186618176782,0.800000000000001
"GCST90671669","Gut microbiome family abundance (Butyricicoccaceae)","RIN_standardized_abundance","one source-defined RIN-standardized unit",2,0.00688008899678,0.00688008899678,0.00688008899678,0.0071958877919035,32.4023668639053,57.8694896047922,57.8694896047922,1,"global_bonferroni_0.05_over_1802",2.77469478357381e-05,2.14459500573067,0.466288505441752,2.14459500573067,2.14459500573067,0.799999999999997
"GCST90671674","Gut microbiome family abundance (Lactobacillaceae)","RIN_standardized_abundance","one source-defined RIN-standardized unit",1,0.0017126879390478,0.0017126879390478,0.0017126879390478,0.00186461443518991,29.9175849403122,29.9175849403122,29.9175849403122,0.93,"global_bonferroni_0.05_over_1802",2.77469478357381e-05,3.27160292520039,0.30566056543636,3.27160292520039,3.27160292520039,0.8
"GCST90671689","Gut microbiome family presence (Propionibacteriaceae)","presence","one SD on an approximate microbial-presence liability scale",1,0.00176091465087334,0.00175206900971336,0.00176955418385312,0.00196903020608314,31.5962326869806,31.5962326869806,31.5962326869806,0.39,"global_bonferroni_0.05_over_1802",2.77469478357381e-05,3.24135971234258,0.30851250362376,3.24681729883664,3.23606713511179,0.799999999999397
"GCST90671693","Gut microbiome family abundance (Peptostreptococcaceae)","RIN_standardized_abundance","one source-defined RIN-standardized unit",1,0.00165277167608,0.00165277167608,0.00165277167608,0.00185496368530218,29.7624516871796,29.7624516871796,29.7624516871796,0.94,"global_bonferroni_0.05_over_1802",2.77469478357381e-05,3.31092129785433,0.302030737078547,3.31092129785433,3.31092129785433,0.799999999999999
"GCST90671695","Gut microbiome family abundance (Pumilibacteraceae)","RIN_standardized_abundance","one source-defined RIN-standardized unit",2,0.003449429751123,0.003449429751123,0.003449429751123,0.00432567855293075,33.0502670891806,34.7131218258403,34.7131218258403,0.66,"global_bonferroni_0.05_over_1802",2.77469478357381e-05,2.61310982167901,0.382685791352415,2.61310982167901,2.61310982167901,0.799999999999999
"GCST90671707","Gut microbiome family abundance (UBA1750)","RIN_standardized_abundance","one source-defined RIN-standardized unit",1,0.0015417148547982,0.0015417148547982,0.0015417148547982,0.00198254674691823,31.8135580178516,31.8135580178516,31.8135580178516,0.67,"global_bonferroni_0.05_over_1802",2.77469478357381e-05,3.38947766807161,0.295030709132518,3.38947766807161,3.38947766807161,0.799999999962115
"GCST90671709","Gut microbiome family presence (Peptococcaceae)","presence","one SD on an approximate microbial-presence liability scale",1,0.00150780491278607,0.00150572282873723,0.00150973811544916,0.00196762852575249,31.5736961451247,31.5736961451247,31.5736961451247,0.36,"global_bonferroni_0.05_over_1802",2.77469478357381e-05,3.41508984646118,0.292818064812037,3.41668912628799,3.41360773450522,0.799999999999999
"GCST90671716","Gut microbiome family presence (Feifaniaceae)","presence","one SD on an approximate microbial-presence liability scale",1,0.00162501689297156,0.00162386634346633,0.00162599401525514,0.00215681010636763,34.6159739359043,34.6159739359043,34.6159739359043,0.57,"global_bonferroni_0.05_over_1802",2.77469478357381e-05,3.32983282047867,0.300315377351662,3.33062673508788,3.32915920633775,0.799999999996352
"GCST90671717","Gut microbiome family presence (Burkholderiaceae)","presence","one SD on an approximate microbial-presence liability scale",2,0.00299434327303471,0.00294562784619101,0.00304275673724739,0.00390471859712504,30.2292488430046,31.3282733382521,31.3282733382521,0.45,"global_bonferroni_0.05_over_1802",2.77469478357381e-05,2.72969730602464,0.36634098505828,2.74371983150259,2.71608917922087,0.800000000000003
"GCST90671718","Gut microbiome family presence (HGM11501)","presence","one SD on an approximate microbial-presence liability scale",1,0.00289925156754764,0.0028687685641707,0.00292914290412722,0.00204905884000806,32.883056640625,32.883056640625,32.883056640625,0.16,"global_bonferroni_0.05_over_1802",2.77469478357381e-05,2.75738844871669,0.362661996522618,2.76654848915255,2.74854215370863,0.8
"GCST90671721","Gut microbiome family presence (HGM11507)","presence","one SD on an approximate microbial-presence liability scale",1,0.00260410454676271,0.00257562760399425,0.00263210636223374,0.00193293364342099,31.0158839449447,31.0158839449447,31.0158839449447,0.2,"global_bonferroni_0.05_over_1802",2.77469478357381e-05,2.85254981622617,0.35056355346073,2.86256429416601,2.84285706544686,0.8
"GCST90671723","Gut microbiome family abundance (Turicibacteraceae)","RIN_standardized_abundance","one source-defined RIN-standardized unit",4,0.0070744413008356,0.0070744413008356,0.0070744413008356,0.00877691487507025,30.1714795918367,31.157340154551,35.2214648220378,0.73,"global_bonferroni_0.05_over_1802",2.77469478357381e-05,2.12878792521431,0.469750879434985,2.12878792521431,2.12878792521431,0.800000000021164
"GCST90671729","Gut microbiome family presence (UMGS1384)","presence","one SD on an approximate microbial-presence liability scale",1,0.00153754160967211,0.00153647043540217,0.00153845718139617,0.00197698011894759,31.7240544298458,31.7240544298458,31.7240544298458,0.4,"global_bonferroni_0.05_over_1802",2.77469478357381e-05,3.39258625633699,0.294760375843681,3.39338609669013,3.39190323236861,0.8
"GCST90671733","Gut microbiome family presence (HGM14224)","presence","one SD on an approximate microbial-presence liability scale",2,0.00390899551475412,0.00387759396954995,0.00393989561169774,0.0048271545259667,35.4278236758714,38.7476451648175,38.7476451648175,0.52,"global_bonferroni_0.05_over_1802",2.77469478357381e-05,2.51632799185409,0.397404473199528,2.52239741249461,2.51042534697565,0.799999999999998
"GCST90671741","Gut microbiome order abundance (Actinomycetales)","RIN_standardized_abundance","one source-defined RIN-standardized unit",1,0.0068051466666462,0.0068051466666462,0.0068051466666462,0.0067186175409814,108.326464,108.326464,108.326464,1,"global_bonferroni_0.05_over_1802",2.77469478357381e-05,2.15086916719754,0.46492832537227,2.15086916719754,2.15086916719754,0.800000000000006
"GCST90671755","Gut microbiome order abundance (Veillonellales)","RIN_standardized_abundance","one source-defined RIN-standardized unit",1,0.0019953017955,0.0019953017955,0.0019953017955,0.00186994750879077,30.0033139755081,30.0033139755081,30.0033139755081,0.95,"global_bonferroni_0.05_over_1802",2.77469478357381e-05,3.10972028313474,0.321572330933879,3.10972028313474,3.10972028313474,0.800000000000001
"GCST90671759","Gut microbiome order abundance (TANB77)","RIN_standardized_abundance","one source-defined RIN-standardized unit",1,0.0016832825498232,0.0016832825498232,0.0016832825498232,0.00191596389708173,30.7430644132653,30.7430644132653,30.7430644132653,0.91,"global_bonferroni_0.05_over_1802",2.77469478357381e-05,3.2906490159221,0.303891419340504,3.2906490159221,3.2906490159221,0.8
"GCST90671764","Gut microbiome order presence (Propionibacteriales)","presence","one SD on an approximate microbial-presence liability scale",1,0.00179177126365834,0.00178269099868179,0.00180063811631267,0.00200352634095882,32.1508895044629,32.1508895044629,32.1508895044629,0.39,"global_bonferroni_0.05_over_1802",2.77469478357381e-05,3.22262566550044,0.310305975250374,3.22809021054432,3.21732780244388,0.799999999999999
"GCST90671773","Gut microbiome order presence (Peptococcales)","presence","one SD on an approximate microbial-presence liability scale",1,0.00150780491278607,0.00150572282873723,0.00150973811544916,0.00196762852575249,31.5736961451247,31.5736961451247,31.5736961451247,0.36,"global_bonferroni_0.05_over_1802",2.77469478357381e-05,3.41508984646118,0.292818064812037,3.41668912628799,3.41360773450522,0.799999999999999
"GCST90671780","Gut microbiome order presence (UMGS1840)","presence","one SD on an approximate microbial-presence liability scale",1,0.00261140106639382,0.00258283251851614,0.00263949276754154,0.00194850613223028,31.2662481839862,31.2662481839862,31.2662481839862,0.21,"global_bonferroni_0.05_over_1802",2.77469478357381e-05,2.85000953759627,0.350876018767086,2.86001532723832,2.84032533967541,0.800000000000438
"GCST90671781","Gut microbiome order abundance (Haloplasmatales)","RIN_standardized_abundance","one source-defined RIN-standardized unit",4,0.0070744413008356,0.0070744413008356,0.0070744413008356,0.00877691487507025,30.1714795918367,31.157340154551,35.2214648220378,0.73,"global_bonferroni_0.05_over_1802",2.77469478357381e-05,2.12878792521431,0.469750879434985,2.12878792521431,2.12878792521431,0.800000000021164
"GCST90671784","Gut microbiome order presence (DTUO25)","presence","one SD on an approximate microbial-presence liability scale",2,0.00390899551475412,0.00387759396954995,0.00393989561169774,0.0048271545259667,35.4278236758714,38.7476451648175,38.7476451648175,0.52,"global_bonferroni_0.05_over_1802",2.77469478357381e-05,2.51632799185409,0.397404473199528,2.52239741249461,2.51042534697565,0.799999999999998
"GCST90671789","Gut microbiome class abundance (Actinomycetia)","RIN_standardized_abundance","one source-defined RIN-standardized unit",1,0.0067737986238648,0.0067737986238648,0.0067737986238648,0.00668787508234933,107.827456,107.827456,107.827456,1,"global_bonferroni_0.05_over_1802",2.77469478357381e-05,2.15352424516366,0.464355115688053,2.15352424516366,2.15352424516366,0.8
"GCST90671803","Gut microbiome class presence (Peptococcia)","presence","one SD on an approximate microbial-presence liability scale",1,0.00150780491278607,0.00150572282873723,0.00150973811544916,0.00196762852575249,31.5736961451247,31.5736961451247,31.5736961451247,0.36,"global_bonferroni_0.05_over_1802",2.77469478357381e-05,3.41508984646118,0.292818064812037,3.41668912628799,3.41360773450522,0.799999999999999
"GCST90671808","Gut microbiome phylum abundance (Actinomycetota)","RIN_standardized_abundance","one source-defined RIN-standardized unit",1,0.0050220306419712,0.0050220306419712,0.0050220306419712,0.0052163370720524,83.9776941682344,83.9776941682344,83.9776941682344,1,"global_bonferroni_0.05_over_1802",2.77469478357381e-05,2.33899452762327,0.427534134086296,2.33899452762327,2.33899452762327,0.799999999943636
"GCST90671821","Gut microbiome superkingdom presence (Archaea)","presence","one SD on an approximate microbial-presence liability scale",1,0.00152109299983699,0.0015207418356234,0.00152129207862302,0.0019833069155493,31.825780543166,31.825780543166,31.825780543166,0.54,"global_bonferroni_0.05_over_1802",2.77469478357381e-05,3.40495656455574,0.293689502653164,3.40522273469061,3.40480570866815,0.799999999973299
"GCST90671822","Gut microbiome superkingdom presence (Eukaryota)","presence","one SD on an approximate microbial-presence liability scale",1,0.00148663518960407,0.00145480775103984,0.00151831266708267,0.00196946988390862,31.6033019422038,31.6033019422038,31.6033019422038,0.44,"global_bonferroni_0.05_over_1802",2.77469478357381e-05,3.43149868046629,0.291417859401337,3.45680335038242,3.4070663573171,0.799999999999999
"GCST90671829","Gut microbiome function abundance (Lactose and galactose degradation, MF0007)","RIN_standardized_abundance","one source-defined RIN-standardized unit",1,0.0017205927070968,0.0017205927070968,0.0017205927070968,0.00189364707654978,30.3842950624628,30.3842950624628,30.3842950624628,0.86,"global_bonferroni_0.05_over_1802",2.77469478357381e-05,3.26656267261384,0.306132194671721,3.26656267261384,3.26656267261384,0.799999999999999
"GCST90671830","Gut microbiome function abundance (Maltose degradation, MF0008)","RIN_standardized_abundance","one source-defined RIN-standardized unit",1,0.0021169416890232,0.0021169416890232,0.0021169416890232,0.00203736036037217,32.6949375410914,32.6949375410914,32.6949375410914,1,"global_bonferroni_0.05_over_1802",2.77469478357381e-05,3.04987470610902,0.327882321853078,3.04987470610902,3.04987470610902,0.799999999978214
"GCST90671832","Gut microbiome function abundance (Sucrose degradation I, MF0010)","RIN_standardized_abundance","one source-defined RIN-standardized unit",1,0.0018832608795,0.0018832608795,0.0018832608795,0.00206227300445283,33.0955542343771,33.0955542343771,33.0955542343771,1,"global_bonferroni_0.05_over_1802",2.77469478357381e-05,3.16970060346594,0.31548721002436,3.16970060346594,3.16970060346594,0.799999999999999
"GCST90671836","Gut microbiome function abundance (Arabinose degradation, MF0014)","RIN_standardized_abundance","one source-defined RIN-standardized unit",1,0.00176857408728,0.00176857408728,0.00176857408728,0.00189163426915152,30.3519375857339,30.3519375857339,30.3519375857339,1,"global_bonferroni_0.05_over_1802",2.77469478357381e-05,3.23666567549083,0.308959929835309,3.23666567549083,3.23666567549083,0.8
"GCST90671843","Gut microbiome function abundance (Xylose degradation, MF0021)","RIN_standardized_abundance","one source-defined RIN-standardized unit",1,0.001980411342,0.001980411342,0.001980411342,0.00186397005231593,29.9072265625,29.9072265625,29.9072265625,1,"global_bonferroni_0.05_over_1802",2.77469478357381e-05,3.11740863230159,0.320779249033418,3.11740863230159,3.11740863230159,0.800000000000001
"GCST90671860","Gut microbiome function abundance (Valine degradation I, MF0041)","RIN_standardized_abundance","one source-defined RIN-standardized unit",1,0.001733256229875,0.001733256229875,0.001733256229875,0.00186149844810523,29.8674959437534,29.8674959437534,29.8674959437534,0.77,"global_bonferroni_0.05_over_1802",2.77469478357381e-05,3.25855692973048,0.306884311541769,3.25855692973048,3.25855692973048,0.799999999999999
"GCST90671866","Gut microbiome function abundance (Serine degradation, MF0048)","RIN_standardized_abundance","one source-defined RIN-standardized unit",1,0.00227747919672,0.00227747919672,0.00227747919672,0.00202398834365897,32.4799122875715,32.4799122875715,32.4799122875715,1,"global_bonferroni_0.05_over_1802",2.77469478357381e-05,2.97810917600718,0.335783526022617,2.97810917600718,2.97810917600718,0.8
"GCST90671868","Gut microbiome function abundance (Threonine degradation II, MF0050)","RIN_standardized_abundance","one source-defined RIN-standardized unit",1,0.0017154216138752,0.0017154216138752,0.0017154216138752,0.00188529315529518,30.25,30.25,30.25,1,"global_bonferroni_0.05_over_1802",2.77469478357381e-05,3.26985610998769,0.305823854739518,3.26985610998769,3.26985610998769,0.799999999969638
"GCST90671882","Gut microbiome function abundance (Glycolysis (preparatory phase), MF0067)","RIN_standardized_abundance","one source-defined RIN-standardized unit",1,0.0019916033903598,0.0019916033903598,0.0019916033903598,0.00192603432339611,30.9049637100575,30.9049637100575,30.9049637100575,1,"global_bonferroni_0.05_over_1802",2.77469478357381e-05,3.11162212221222,0.321375784309262,3.11162212221222,3.11162212221222,0.80000000004412
"GCST90671902","Gut microbiome function abundance (Ethanol production I, MF0090)","RIN_standardized_abundance","one source-defined RIN-standardized unit",2,0.0037642760935704,0.0037642760935704,0.0037642760935704,0.00398547310006679,30.2986921450388,31.9775740288596,31.9775740288596,1,"global_bonferroni_0.05_over_1802",2.77469478357381e-05,2.54491759917969,0.392940030876573,2.54491759917969,2.54491759917969,0.799999999999998
