"direction","p","expected_p","observed_minus_log10_p","expected_minus_log10_p"
"forward",0.00719552323281241,0.00229357798165138,2.14293762023175,2.63948648926859
"forward",0.0106172024821376,0.00688073394495413,1.97398990007369,2.16236523454892
"forward",0.0226398401078971,0.0114678899082569,1.6451266446438,1.94051648493257
"forward",0.0226398401078971,0.0160550458715596,1.6451266446438,1.79438844925433
"forward",0.0226398401078971,0.0206422018348624,1.6451266446438,1.68524397982926
"forward",0.0352480232576871,0.0252293577981651,1.45286523363288,1.59809380411036
"forward",0.0465682005677712,0.0298165137614679,1.33191054322651,1.52554313696175
"forward",0.0534322589178885,0.0344036697247706,1.27219646506777,1.4633952302129
"forward",0.0551351090514849,0.0389908256880734,1.2585717620997,1.40903756789031
"forward",0.0553979207768969,0.0435779816513761,1.25650653512836,1.36073288831576
"forward",0.0600151432424463,0.0481651376146789,1.2217391530023,1.31726719453467
"forward",0.0631571183220754,0.0527522935779817,1.19957769382163,1.27775865325099
"forward",0.0632658344750464,0.0573394495412844,1.19883075925124,1.24154648059655
"forward",0.0661820530797933,0.0619266055045872,1.17925976441408,1.2081227251096
"forward",0.0757405421903986,0.0665137614678899,1.12067159029711,1.17708849136963
"forward",0.081950426152444,0.0711009174311927,1.0864487837021,1.14812479543431
"forward",0.0907875187009254,0.0756880733944954,1.04197385337211,1.1209725493907
"forward",0.0915176074201761,0.0802752293577982,1.03849534232943,1.09541844491831
"forward",0.0931134691042082,0.0848623853211009,1.03098749265414,1.07128476520159
"forward",0.0966767588916477,0.0894495412844037,1.01467791783273,1.04842188224209
"forward",0.105470097389089,0.0940366972477064,0.976870652970026,1.02670263254885
"forward",0.111124001232486,0.0986238532110092,0.954192129384333,1.006018033689
"forward",0.113122108695974,0.103211009174312,0.946452507839168,0.986273975493242
"forward",0.113226872434991,0.107798165137615,0.946050488649329,0.967388631332869
"forward",0.114427896785626,0.112385321100917,0.941468084431898,0.949290409240072
"forward",0.131991280137216,0.11697247706422,0.879454759047021,0.93191631317065
"forward",0.137280958319233,0.121559633027523,0.862389697798822,0.915210619667797
"forward",0.139935336472453,0.126146788990826,0.854072603612589,0.899123799774342
"forward",0.145581392882825,0.130733944954128,0.836894129725698,0.883611633596095
"forward",0.146890336788082,0.135321100917431,0.833006773424516,0.868634477626442
"forward",0.152012610459768,0.139908256880734,0.818120382937314,0.854156654257819
"forward",0.159579034407126,0.144495412844037,0.797024167116837,0.840145939815004
"forward",0.159655730512454,0.149082568807339,0.796815488741995,0.82657313262573
"forward",0.161037239567823,0.153669724770642,0.793073682547725,0.81341168656776
"forward",0.162246034635997,0.158256880733945,0.78982590874485,0.800637398531331
"forward",0.167967603293638,0.162844036697248,0.774774474628682,0.788228140549511
"forward",0.168180064064572,0.16743119266055,0.774225486420913,0.77616362914813
"forward",0.168813409484889,0.172018348623853,0.772593058693844,0.764425225876886
"forward",0.170034685520076,0.176605504587156,0.769462477483874,0.752995764096104
"forward",0.171951020502782,0.181192660550459,0.764595242363562,0.741859397978145
"forward",0.171951020502782,0.185779816513761,0.764595242363562,0.731001470389936
"forward",0.171951020502782,0.190366972477064,0.764595242363562,0.720408396892512
"forward",0.179310293488495,0.194954128440367,0.746394778608836,0.710067563554293
"forward",0.195832338120866,0.19954128440367,0.70811559083826,0.699967236649968
"forward",0.198518159744119,0.204128440366972,0.702199759349582,0.690096482623673
"forward",0.198518159744119,0.208715596330275,0.702199759349582,0.680445096947492
"forward",0.201667939889615,0.213302752293578,0.695363138156672,0.671003540714651
"forward",0.213199533883761,0.217889908256881,0.671213749138579,0.661762883979738
"forward",0.214040910098983,0.222477064220183,0.66950321107974,0.652714755002341
"forward",0.221727994253473,0.227064220183486,0.6541794716023,0.643851294671036
"forward",0.225615423740577,0.231651376146789,0.64663121401292,0.635165115485943
"forward",0.226324739441605,0.236238532110092,0.645267970942614,0.626649264563414
"forward",0.226416127494702,0.240825688073395,0.64509264182784,0.618297190198648
"forward",0.238684647140107,0.245412844036697,0.622175515122988,0.610102711583376
"forward",0.245874934113401,0.25,0.609285743449588,0.602059991327962
"forward",0.256317484116628,0.254587155963303,0.591221768390909,0.594163510481929
"forward",0.261293270576053,0.259174311926606,0.582871775076809,0.586408045785166
"forward",0.261293270576053,0.263761467889908,0.582871775076809,0.578788648914974
"forward",0.261293270576053,0.268348623853211,0.582871775076809,0.571300627522424
"forward",0.269569052866598,0.272935779816514,0.569329967258077,0.563939527876055
"forward",0.26972132327202,0.277522935779817,0.569084718310515,0.556701118952136
"forward",0.275285439053323,0.282110091743119,0.56021675956938,0.549581377829188
"forward",0.278254116167994,0.286697247706422,0.555558402497929,0.54257647626053
"forward",0.279253595874817,0.291284403669725,0.55400122588098,0.535682768312629
"forward",0.279253595874817,0.295871559633028,0.55400122588098,0.528896778969337
"forward",0.29454666306571,0.30045871559633,0.530845893044633,0.522215193612822
"forward",0.298110501791738,0.305045871559633,0.525622724437459,0.5156348483015
"forward",0.298935903042746,0.309633027522936,0.52442192183941,0.50915272077358
"forward",0.302519956615618,0.314220183486239,0.519245970558089,0.502765922112179
"forward",0.304809465671756,0.318807339449541,0.515971550373186,0.496471689014491
"forward",0.305371252799809,0.323394495412844,0.515171849198532,0.490267376613206
"forward",0.311662208490739,0.327981651376147,0.506315856173517,0.484150451803524
"forward",0.319155843114337,0.33256880733945,0.49599720008555,0.478118487033611
"forward",0.321174981260425,0.337155963302752,0.493258292545687,0.47216915452041
"forward",0.327217224004735,0.341743119266055,0.485163844079761,0.466300220856312
"forward",0.342162010719933,0.346330275229358,0.465768210606033,0.460509541975417
"forward",0.345570430935615,0.350917431192661,0.461463425426035,0.454795058450987
"forward",0.346659318286186,0.355504587155963,0.460097121367762,0.449154791098295
"forward",0.348848959530752,0.360091743119266,0.457362568000093,0.443586836859352
"forward",0.358601283148712,0.364678899082569,0.445388160776602,0.438089364948135
"forward",0.358601283148712,0.369266055045872,0.445388160776602,0.432660613236736
"forward",0.358601283148712,0.373853211009174,0.445388160776602,0.427298884864628
"forward",0.358601283148712,0.378440366972477,0.445388160776602,0.42200254505468
"forward",0.358601283148712,0.38302752293578,0.445388160776602,0.416770018121003
"forward",0.358601283148712,0.387614678899083,0.445388160776602,0.411599784654913
"forward",0.358601283148712,0.392201834862385,0.445388160776602,0.406490378876432
"forward",0.367765948465325,0.396788990825688,0.434428484663518,0.401440386139791
"forward",0.379034425539346,0.401376146788991,0.421321343744843,0.396448440582292
"forward",0.379034425539346,0.405963302752294,0.421321343744843,0.391513222906779
"forward",0.388128653299061,0.410550458715596,0.41102429462065,0.386633458288693
"forward",0.396785313745336,0.415137614678899,0.401444410805653,0.381807914399402
"forward",0.400907448653582,0.419724770642202,0.396955874707082,0.377035399538157
"forward",0.405388309407031,0.424311926605505,0.392128779651948,0.372314760865572
"forward",0.413300792190866,0.428899082568807,0.383733762287147,0.367644882732087
"forward",0.413300792190866,0.43348623853211,0.383733762287147,0.363024685095342
"forward",0.42807092015255,0.438073394495413,0.368484273792036,0.358453122020859
"forward",0.443404946049579,0.442660550458716,0.353199466769436,0.353929180260812
"forward",0.453483714064638,0.447247706422018,0.343438305117366,0.349451877906068
"forward",0.458690847915859,0.451834862385321,0.338479925094294,0.345020263106993
"forward",0.464569931424853,0.456422018348624,0.332948902669351,0.340633412858879
"forward",0.478700409471685,0.461009174311927,0.319936201030236,0.336290431848097
"forward",0.480239655581467,0.465596330275229,0.31854198111962,0.331990451355373
"forward",0.486378406716285,0.470183486238532,0.313025714270129,0.327732628212832
"forward",0.490178462194678,0.474770642201835,0.309645775000498,0.323516143811668
"forward",0.499775428260856,0.479357798165138,0.301225100016389,0.319340203157532
"forward",0.499775428260856,0.48394495412844,0.301225100016389,0.315204033970893
"forward",0.50945534575038,0.488532110091743,0.292893876317202,0.311106885829848
"forward",0.515062462221516,0.493119266055046,0.288140100370063,0.307048029352981
"forward",0.541528579195427,0.497706422018349,0.266378618522781,0.303026755420057
"forward",0.541685218669883,0.502293577981651,0.266253015137719,0.299042374428468
"forward",0.544343850777447,0.506880733944954,0.264126678757369,0.295094215583475
"forward",0.557414970686148,0.511467889908257,0.253821371469369,0.291181626220425
"forward",0.561889030628358,0.51605504587156,0.250349446253695,0.287303971157224
"forward",0.570508307302005,0.520642201834862,0.243738027338399,0.283460632075463
"forward",0.574761976884856,0.525229357798165,0.240511970139921,0.279651006928698
"forward",0.585477353410414,0.529816513761468,0.232489899018784,0.275874509376442
"forward",0.589605844074519,0.534403669724771,0.229438220473399,0.272130568242567
"forward",0.604085626705598,0.538990825688074,0.218901497521166,0.26841862699685
"forward",0.611791377565657,0.543577981651376,0.213396648145789,0.264738143258482
"forward",0.612894308543243,0.548165137614679,0.212614411572903,0.261088588320448
"forward",0.612894308543243,0.552752293577982,0.212614411572903,0.257469446693718
"forward",0.612894308543243,0.557339449541284,0.212614411572903,0.253880215670274
"forward",0.612894308543243,0.561926605504587,0.212614411572903,0.250320404904054
"forward",0.612894308543243,0.56651376146789,0.212614411572903,0.24678953600892
"forward",0.613116853675178,0.571100917431193,0.21245674559593,0.24328714217285
"forward",0.618231299473913,0.575688073394495,0.208849011494152,0.239812767787548
"forward",0.618231299473913,0.580275229357798,0.208849011494152,0.236365968092768
"forward",0.618231299473913,0.584862385321101,0.208849011494152,0.232946308834631
"forward",0.618231299473913,0.589449541284404,0.208849011494152,0.229553365937292
"forward",0.618231299473913,0.594036697247707,0.208849011494152,0.226186725187334
"forward",0.618231299473913,0.598623853211009,0.208849011494152,0.222845981930305
"forward",0.618231299473913,0.603211009174312,0.208849011494152,0.219530740778828
"forward",0.618231299473914,0.607798165137615,0.208849011494152,0.216240615331778
"forward",0.625672237306943,0.612385321100918,0.203653115362734,0.212975227904011
"forward",0.63538558099319,0.61697247706422,0.19696264497967,0.209734209266178
"forward",0.63538558099319,0.621559633027523,0.19696264497967,0.20651719839418
"forward",0.639382970719619,0.626146788990826,0.194238934878513,0.20332384222783
"forward",0.654154639199526,0.630733944954129,0.184319574286775,0.200153795438323
"forward",0.654506016642217,0.635321100917431,0.184086356779376,0.197006720204137
"forward",0.654647545352491,0.639908256880734,0.183992456201283,0.193882285994988
"forward",0.664174396876849,0.644495412844037,0.177717869944226,0.190780169363506
"forward",0.676188907803458,0.64908256880734,0.169931957674452,0.187700053744296
"forward",0.69405987499609,0.653669724770642,0.158603062313521,0.184641629260076
"forward",0.70572154979991,0.658256880733945,0.151366620816831,0.181604592534594
"forward",0.706258877827278,0.662844036697248,0.15103607996236,0.178588646512038
"forward",0.706258877827278,0.667431192660551,0.15103607996236,0.175593500282679
"forward",0.706258877827278,0.672018348623853,0.15103607996236,0.172618868914477
"forward",0.710374391373733,0.676605504587156,0.148512703036803,0.169664473290423
"forward",0.718198432910098,0.681192660550459,0.143755546827935,0.166730039951374
"forward",0.71907444759387,0.685779816513762,0.143226143684663,0.163815300944156
"forward",0.722038005555959,0.690366972477064,0.141439942085723,0.160919993674743
"forward",0.727066171405423,0.694954128440367,0.138426061536483,0.158043860766281
"forward",0.727756791526909,0.69954128440367,0.138013732974143,0.1551866499218
"forward",0.731937441422669,0.704128440366973,0.135526036436083,0.1523481137914
"forward",0.734575308337009,0.708715596330275,0.133963673912329,0.149528009843751
"forward",0.745272009024095,0.713302752293578,0.127685189724613,0.146726100241749
"forward",0.746699104564027,0.717889908256881,0.126854369474122,0.143942151722138
"forward",0.76366489380226,0.722477064220184,0.117097173753036,0.141175935478985
"forward",0.778444212130252,0.727064220183486,0.108772506065856,0.138427227050835
"forward",0.785875211984109,0.731651376146789,0.10464640949397,0.135695806211405
"forward",0.791615313073269,0.736238532110092,0.10148581335536,0.132981456863714
"forward",0.796507713021697,0.740825688073395,0.0988100143304666,0.130283966937483
"forward",0.799541578391794,0.745412844036697,0.0971589468063015,0.127603128289712
"forward",0.799541578391794,0.75,0.0971589468063015,0.1249387366083
"forward",0.800975168838671,0.754587155963303,0.0963809473408579,0.122290591318612
"forward",0.805384385873392,0.759174311926605,0.0939967943893255,0.119658495492867
"forward",0.805384385873392,0.763761467889908,0.0939967943893255,0.117042255762266
"forward",0.813520077052485,0.768348623853211,0.0896317245396452,0.114441682231741
"forward",0.817167044899937,0.772935779816514,0.0876891561202301,0.111856588397247
"forward",0.81731095997303,0.777522935779817,0.0876126772418576,0.109286791065504
"forward",0.818651176623899,0.782110091743119,0.0869011096410973,0.106732110276088
"forward",0.82498464255431,0.786697247706422,0.0835541359543151,0.104192369225816
"forward",0.825799176869524,0.791284403669725,0.0831255543520914,0.101667394195312
"forward",0.825799176869524,0.795871559633028,0.0831255543520914,0.0991570144777123
"forward",0.831663322270334,0.80045871559633,0.0800524512000849,0.0966610623094061
"forward",0.839886604644221,0.805045871559633,0.0757793452495734,0.0941793728027619
"forward",0.842317076899625,0.809633027522936,0.074524394454971,0.0917117838807635
"forward",0.844668533105206,0.814220183486239,0.0733136845237835,0.089258136213492
"forward",0.846192376707138,0.818807339449541,0.0725308915182399,0.0868182731563928
"forward",0.856178482551423,0.823394495412844,0.0674356910387435,0.0843920406902669
"forward",0.857900047548078,0.827981651376147,0.0665633081034697,0.0819792873629281
"forward",0.860441872079256,0.83256880733945,0.0652784634978577,0.0795798642324735
"forward",0.868304134617468,0.837155963302752,0.0613281309855254,0.0771936248121113
"forward",0.876560248598682,0.841743119266055,0.0572182281900284,0.0748204250164967
"forward",0.881486297867219,0.846330275229358,0.0547844341382351,0.0724601231095257
"forward",0.882200878477102,0.850917431192661,0.0544325140960745,0.0701125796535402
"forward",0.889475734214147,0.855504587155963,0.0508658954054008,0.0677776574598984
"forward",0.891754641377021,0.860091743119266,0.0497546215812171,0.0654552215408672
"forward",0.892239486956463,0.864678899082569,0.049518560529707,0.0631451390627932
"forward",0.89432302838217,0.869266055045872,0.0485055862324538,0.0608472793005137
"forward",0.906993636103803,0.873853211009174,0.0423957601446432,0.0585615135929667
"forward",0.909435009006983,0.878440366972477,0.0412283314967561,0.0562877152999633
"forward",0.91875577863187,0.88302752293578,0.0367999163485196,0.0540257597600854
"forward",0.919201273761159,0.887614678899083,0.0365893825061732,0.0517755242496746
"forward",0.92163988786761,0.892201834862385,0.035438737581966,0.0495368879428783
"forward",0.922984553934689,0.896788990825688,0.0348055667932228,0.0473097318727192
"forward",0.922984553934689,0.901376146788991,0.0348055667932228,0.0450939388931593
"forward",0.925885488391665,0.905963302752293,0.0334427226429552,0.0428893936421258
"forward",0.925885488391665,0.910550458715596,0.0334427226429552,0.0406959825054709
"forward",0.925885488391665,0.915137614678899,0.0334427226429552,0.0385135935818378
"forward",0.93629127699157,0.919724770642202,0.0285890227242368,0.0363421166484037
"forward",0.948143815031205,0.924311926605504,0.0231257836140559,0.0341814431274766
"forward",0.94998250059806,0.928899082568807,0.0222843946729382,0.0320314660539175
"forward",0.94998250059806,0.93348623853211,0.0222843946729382,0.029892080043366
"forward",0.952748881646244,0.938073394495413,0.0210215523381621,0.0277631812612442
"forward",0.952748881646244,0.942660550458715,0.0210215523381621,0.0256446673925168
"forward",0.958715112550042,0.947247706422018,0.0183104266441931,0.023536437612185
"forward",0.95890699995158,0.951834862385321,0.0182235110424491,0.0214383925564933
"forward",0.96029833298552,0.956422018348624,0.017593825042087,0.0193504342948285
"forward",0.96085465971081,0.961009174311927,0.0173422993857746,0.0172724663022907
"forward",0.961076424130338,0.965596330275229,0.0172420761624544,0.0152043934329177
"forward",0.962389170752059,0.970183486238532,0.0166492725230376,0.0131461218935437
"forward",0.973900007029541,0.974770642201835,0.0114856310316272,0.0110975592182745
"forward",0.97811374991681,0.979357798165138,0.00961063591942384,0.00905861424356218
"forward",0.978808356794603,0.98394495412844,0.00930233141844069,0.00702919708386176
"forward",0.979670273997021,0.988532110091743,0.0089200694900751,0.00500921910785442
"forward",0.984849251920984,0.993119266055046,0.00663024063863192,0.00299859291522059
"forward",0.994751139689019,0.997706422018349,0.00228555460894934,0.000997232313948714
"reverse",0.00186089832981135,0.000318066157760814,2.73027735390206,3.49748253736737
"reverse",0.00282389701009678,0.000954198473282443,2.54915114641708,3.02036128264771
"reverse",0.00440984281138978,0.00159033078880407,2.35557689065976,2.79851253303135
"reverse",0.00534780501987283,0.0022264631043257,2.27182443542968,2.65238449735311
"reverse",0.00601283043542947,0.00286259541984733,2.22092104328499,2.54324002792805
"reverse",0.00760820518482656,0.00349872773536896,2.11871778347386,2.45608985220915
"reverse",0.00814314478802112,0.00413486005089059,2.0892078432276,2.38353918506053
"reverse",0.0086099710290924,0.00477099236641221,2.06499830986185,2.32139127831169
"reverse",0.00890669066564544,0.00540712468193384,2.05028363071293,2.2670336159891
"reverse",0.00932967824299303,0.00604325699745547,2.03013333371354,2.21872893641454
"reverse",0.00967309962187386,0.0066793893129771,2.01443433946667,2.17526324263345
"reverse",0.00967309962187386,0.00731552162849873,2.01443433946667,2.13575470134978
"reverse",0.0110978416447803,0.00795165394402036,1.95476147643019,2.09954252869533
"reverse",0.0127599920013793,0.00858778625954199,1.89414959785294,2.06611877320838
"reverse",0.0138104595770201,0.00922391857506361,1.85979186896352,2.03508453946841
"reverse",0.0139805692254871,0.00986005089058524,1.85447514572515,2.0061208435331
"reverse",0.0147188512251302,0.0104961832061069,1.83212608443165,1.97896859748948
"reverse",0.014855292964248,0.0111323155216285,1.82811877896623,1.95341449301709
"reverse",0.0149144092683297,0.0117684478371501,1.82639394354801,1.92928081330038
"reverse",0.0155909995803799,0.0124045801526718,1.80712604014619,1.90641793034087
"reverse",0.0175258848958259,0.0130407124681934,1.75632004493493,1.88469868064763
"reverse",0.0177790951255585,0.013676844783715,1.75009034640164,1.86401408178778
"reverse",0.0195000324287002,0.0143129770992366,1.7099646664019,1.84427002359203
"reverse",0.0203864517600891,0.0149491094147583,1.6906583561301,1.82538467943165
"reverse",0.0208723098760537,0.0155852417302799,1.68042948620464,1.80728645733886
"reverse",0.0209994180866619,0.0162213740458015,1.67779273980195,1.78991236126943
"reverse",0.0212411185136492,0.0168575063613232,1.67282261793351,1.77320666776658
"reverse",0.021539818639525,0.0174936386768448,1.66675795768544,1.75711984787313
"reverse",0.0221057776898523,0.0181297709923664,1.65549420184065,1.74160768169488
"reverse",0.0222299074648428,0.018765903307888,1.65306234510991,1.72663052572523
"reverse",0.0229417551912311,0.0194020356234097,1.63937335885383,1.7121527023566
"reverse",0.0233717377308021,0.0200381679389313,1.63130899583022,1.69814198791379
"reverse",0.0239633555600764,0.0206743002544529,1.62045236828656,1.68456918072451
"reverse",0.0251473946429661,0.0213104325699746,1.59950700268736,1.67140773466654
"reverse",0.0252548357457875,0.0219465648854962,1.59765545173805,1.65863344663012
"reverse",0.0253436353349547,0.0225826972010178,1.59613108903143,1.6462241886483
"reverse",0.0255726242666164,0.0232188295165394,1.59222470232055,1.63415967724691
"reverse",0.0263830553194275,0.0238549618320611,1.57867491191578,1.62242127397567
"reverse",0.0263830553194275,0.0244910941475827,1.57867491191578,1.61099181219489
"reverse",0.0263938283035382,0.0251272264631043,1.57849761279174,1.59985544607693
"reverse",0.0265734817661624,0.025763358778626,1.57555153882398,1.58899751848872
"reverse",0.0269270842944447,0.0263994910941476,1.56981067010829,1.5784044449913
"reverse",0.0274408919969798,0.0270356234096692,1.56160177550647,1.56806361165308
"reverse",0.0278707942295958,0.0276717557251908,1.55485065508949,1.55796328474875
"reverse",0.0290298409245207,0.0283078880407125,1.53715534397515,1.54809253072246
"reverse",0.0298193420155233,0.0289440203562341,1.52550194378645,1.53844114504628
"reverse",0.0301522489405849,0.0295801526717557,1.5206802899563,1.52899958881344
"reverse",0.032022857064646,0.0302162849872774,1.49453992313326,1.51975893207852
"reverse",0.0348411940705944,0.030852417302799,1.4579069693537,1.51071080310113
"reverse",0.0352415462949494,0.0314885496183206,1.45294504428295,1.50184734276982
"reverse",0.0357601548183592,0.0321246819338422,1.44660060965762,1.49316116358473
"reverse",0.0377777468553809,0.0327608142493639,1.42276394788203,1.4846453126622
"reverse",0.0378874228373591,0.0333969465648855,1.42150493512035,1.47629323829743
"reverse",0.0393659419794098,0.0340330788804071,1.40487935195561,1.46809875968216
"reverse",0.0394012478264795,0.0346692111959288,1.40449002397206,1.46005603942675
"reverse",0.0400705737669151,0.0353053435114504,1.39717443889944,1.45215955858071
"reverse",0.0401195110646124,0.035941475826972,1.39664436835438,1.44440409388395
"reverse",0.0413561702278331,0.0365776081424936,1.38345968572477,1.43678469701376
"reverse",0.0416479122555613,0.0372137404580153,1.38040676421193,1.42929667562121
"reverse",0.0419870663927392,0.0378498727735369,1.37688446815684,1.42193557597484
"reverse",0.0424672146918602,0.0384860050890585,1.37194622225922,1.41469716705092
"reverse",0.0424899375801562,0.0391221374045802,1.37171390691034,1.40757742592797
"reverse",0.0424899375801562,0.0397582697201018,1.37171390691034,1.40057252435931
"reverse",0.0424899375801562,0.0403944020356234,1.37171390691034,1.39367881641141
"reverse",0.0424899375801562,0.041030534351145,1.37171390691034,1.38689282706812
"reverse",0.0432158226963917,0.0416666666666667,1.36435721495357,1.38021124171161
"reverse",0.0432690825753248,0.0423027989821883,1.36382231295237,1.37363089640028
"reverse",0.0445581962500816,0.0429389312977099,1.35107239805182,1.36714876887236
"reverse",0.0450239853499292,0.0435750636132316,1.34655606555767,1.36076197021096
"reverse",0.046371749980904,0.0442111959287532,1.33374651435416,1.35446773711328
"reverse",0.0465748198651554,0.0448473282442748,1.33184881612512,1.34826342471199
"reverse",0.0466816504899648,0.0454834605597964,1.33085379731364,1.34214649990231
"reverse",0.0469318188222784,0.0461195928753181,1.32853261456712,1.3361145351324
"reverse",0.0471603112808847,0.0467557251908397,1.32642333701367,1.33016520261919
"reverse",0.0481493916815818,0.0473918575063613,1.31740919537228,1.3242962689551
"reverse",0.0485143449654765,0.048027989821883,1.31412982803261,1.3185055900742
"reverse",0.0489624836593155,0.0486641221374046,1.31013656038501,1.31279110654977
"reverse",0.0501422331163194,0.0493002544529262,1.29979632836546,1.30715083919708
"reverse",0.0519263098527639,0.0499363867684478,1.28461253947938,1.30158288495814
"reverse",0.0530019462835655,0.0505725190839695,1.27570818238613,1.29608541304692
"reverse",0.0535346135624328,0.0512086513994911,1.27136532791551,1.29065666133552
"reverse",0.0537523786251072,0.0518447837150127,1.26960231279093,1.28529493296341
"reverse",0.0539350166088017,0.0524809160305344,1.26812918319422,1.27999859315346
"reverse",0.0543622246807697,0.053117048346056,1.26470277881937,1.27476606621979
"reverse",0.0552821443719961,0.0537531806615776,1.25741511920002,1.2695958327537
"reverse",0.0559407022858362,0.0543893129770992,1.25227208574874,1.26448642697522
"reverse",0.0563122652078736,0.0550254452926209,1.24939700244956,1.25943643423858
"reverse",0.0567570445621708,0.0556615776081425,1.24598022709332,1.25444448868108
"reverse",0.0575312142648911,0.0562977099236641,1.24009645957477,1.24950927100556
"reverse",0.0582320431251806,0.0569338422391858,1.23483797200042,1.24462950638748
"reverse",0.0595428332022655,0.0575699745547074,1.22517050434103,1.23980396249819
"reverse",0.0606657257078913,0.058206106870229,1.21705660282865,1.23503144763694
"reverse",0.0613246308718073,0.0588422391857506,1.21236505724012,1.23031080896436
"reverse",0.0618740720242154,0.0594783715012723,1.20849130147712,1.22564093083087
"reverse",0.0619028544619341,0.0601145038167939,1.20828932434847,1.22102073319413
"reverse",0.0619499343605299,0.0607506361323155,1.20795914944732,1.21644917011964
"reverse",0.0619499343605299,0.0613867684478372,1.20795914944732,1.2119252283596
"reverse",0.0625572651711687,0.0620229007633588,1.20372224567442,1.20744792600485
"reverse",0.064081261440261,0.0626590330788804,1.19326894774853,1.20301631120578
"reverse",0.0654121676930314,0.063295165394402,1.18434145854999,1.19862946095766
"reverse",0.0661090313490654,0.0639312977099237,1.1797392062158,1.19428647994688
"reverse",0.0664891927364516,0.0645674300254453,1.17724893990517,1.18998649945416
"reverse",0.0674160352093493,0.0652035623409669,1.17123679226793,1.18572867631162
"reverse",0.0676704221099865,0.0658396946564886,1.16960111449531,1.18151219191045
"reverse",0.0677144023520961,0.0664758269720102,1.16931895026887,1.17733625125632
"reverse",0.0679780012594444,0.0671119592875318,1.16763160901973,1.17320008206968
"reverse",0.0690307034101978,0.0677480916030534,1.16095770120809,1.16910293392863
"reverse",0.0694353156966002,0.0683842239185751,1.15841958558126,1.16504407745177
"reverse",0.0697434025781508,0.0690203562340967,1.15649686847614,1.16102280351884
"reverse",0.069808366199514,0.0696564885496183,1.15609252613684,1.15703842252725
"reverse",0.0705403120721308,0.0702926208651399,1.15156262333447,1.15309026368226
"reverse",0.0705877181805912,0.0709287531806616,1.15127085688594,1.14917767431921
"reverse",0.0706446032414318,0.0715648854961832,1.15092100963975,1.14530001925601
"reverse",0.0706516746972479,0.0722010178117048,1.15087753936173,1.14145668017425
"reverse",0.0707596512412158,0.0728371501272265,1.15021431629918,1.13764705502748
"reverse",0.0714500068523957,0.0734732824427481,1.1459977252221,1.13387055747523
"reverse",0.0733435994280246,0.0741094147582697,1.13463778031256,1.13012661634135
"reverse",0.0741654600482141,0.0747455470737913,1.12979830500269,1.12641467509563
"reverse",0.0759847234633252,0.075381679389313,1.1192737127516,1.12273419135727
"reverse",0.0765332867171492,0.0760178117048346,1.11614963552105,1.11908463641923
"reverse",0.0767079504660051,0.0766539440203562,1.11515962086755,1.1154654947925
"reverse",0.0767772507051883,0.0772900763358779,1.1147674434682,1.11187626376906
"reverse",0.0775612183602885,0.0779262086513995,1.11035537748149,1.10831645300284
"reverse",0.0782095003644195,0.0785623409669211,1.10674048856117,1.1047855841077
"reverse",0.0798585362162759,0.0791984732824427,1.09767865456017,1.10128319027163
"reverse",0.0801903304156763,0.0798346055979644,1.09587799705617,1.09780881588633
"reverse",0.0806999244537972,0.080470737913486,1.09312687183697,1.09436201619155
"reverse",0.0813534114719258,0.0811068702290076,1.0896242306513,1.09094235693342
"reverse",0.0821525496314055,0.0817430025445293,1.08537895354763,1.08754941403608
"reverse",0.0827283757573719,0.0823791348600509,1.08234550228371,1.08418277328612
"reverse",0.0851295942385439,0.0830152671755725,1.06991943662268,1.08084203002909
"reverse",0.0857397483080528,0.0836513994910942,1.06681779570974,1.07752678887761
"reverse",0.0868183403655526,0.0842875318066158,1.06138852046658,1.07423666343056
"reverse",0.0871889566422769,0.0849236641221374,1.05953851934545,1.0709712760028
"reverse",0.0873130156325002,0.085559796437659,1.05892101178082,1.06773025736496
"reverse",0.0873742587428674,0.0861959287531807,1.05861649565539,1.06451324649296
"reverse",0.0875879726517606,0.0868320610687023,1.05755552590485,1.06131989032661
"reverse",0.0883992067273261,0.0874681933842239,1.05355163222098,1.05814984353711
"reverse",0.0885134207925645,0.0881043256997456,1.05299087467783,1.05500276830292
"reverse",0.0901769543815754,0.0887404580152672,1.04490443655675,1.05187833409377
"reverse",0.090625111264664,0.0893765903307888,1.04275144721709,1.04877621746229
"reverse",0.0907735317539488,0.0900127226463104,1.04204076699579,1.04569610184308
"reverse",0.0918705307029427,0.0906488549618321,1.03682377485481,1.04263767735886
"reverse",0.0921784678337671,0.0912849872773537,1.03537051488009,1.03960064063338
"reverse",0.0923793720375608,0.0919211195928753,1.03442499426039,1.03658469461082
"reverse",0.0935170775542012,0.0925572519083969,1.02910907350913,1.03358954838146
"reverse",0.0938916001205837,0.0931933842239186,1.02737325953854,1.03061491701326
"reverse",0.0953633026081116,0.0938295165394402,1.02061871691967,1.02766052138921
"reverse",0.0963360323989967,0.0944656488549618,1.01621124407831,1.02472608805016
"reverse",0.0967495180165982,0.0951017811704835,1.01435118985689,1.02181134904294
"reverse",0.0983040691041298,0.0957379134860051,1.00742850502753,1.01891604177353
"reverse",0.0986326518635946,0.0963740458015267,1.00597929016298,1.01603990886507
"reverse",0.0991297097111392,0.0970101781170484,1.00379616559647,1.01318269802058
"reverse",0.0995643463123959,0.09764631043257,1.00189615326182,1.01034416189018
"reverse",0.100609886835237,0.0982824427480916,0.997359339488776,1.00752405794254
"reverse",0.101213800936014,0.0989185750636132,0.994760265542602,1.00472214834053
"reverse",0.103256945500971,0.0995547073791349,0.986080726196542,1.00193819982092
"reverse",0.10390392182357,0.100190839694657,0.983368059813456,0.99917198357777
"reverse",0.10624634605125,0.100826972010178,0.973685996967689,0.996423275149619
"reverse",0.108312090343811,0.1014631043257,0.965323062520277,0.993691854310189
"reverse",0.10927725100755,0.102099236641221,0.96147023869245,0.990977504962498
"reverse",0.110257743425076,0.102735368956743,0.957590900194008,0.988280015036267
"reverse",0.110799261390683,0.103371501272265,0.955463134688996,0.985599176388496
"reverse",0.11129227031039,0.104007633587786,0.953534998092236,0.982934784707084
"reverse",0.111528408620416,0.104643765903308,0.952614494628237,0.980286639417396
"reverse",0.113644350667326,0.10527989821883,0.944452148456279,0.977654543591651
"reverse",0.113672886076423,0.105916030534351,0.944343113427064,0.97503830386105
"reverse",0.113785685197866,0.106552162849873,0.943912370898896,0.972437730330525
"reverse",0.113977325639172,0.107188295165394,0.943181537516394,0.969852636496032
"reverse",0.114315246669182,0.107824427480916,0.941895842196993,0.967282839164288
"reverse",0.11445884332832,0.108460559796438,0.941350647198084,0.964728158374873
"reverse",0.114650713883202,0.109096692111959,0.940623236751137,0.9621884173246
"reverse",0.116881438998854,0.109732824427481,0.932254450175961,0.959663442294096
"reverse",0.11703191989303,0.110368956743003,0.93169567036708,0.957153062576497
"reverse",0.117846429262999,0.111005089058524,0.928683572026967,0.95465711040819
"reverse",0.118461416529795,0.111641221374046,0.926423078487282,0.952175420901546
"reverse",0.120277914373873,0.112277353689567,0.919814111198152,0.949707831979548
"reverse",0.120872001226783,0.112913486005089,0.917674287401731,0.947254184312276
"reverse",0.120884138609992,0.113549618320611,0.917630679834532,0.944814321255177
"reverse",0.120940098781492,0.114185750636132,0.917429681006748,0.942388088789051
"reverse",0.120995436086343,0.114821882951654,0.917231010839735,0.939975335461712
"reverse",0.12180296093203,0.115458015267176,0.914342154225212,0.937575912331258
"reverse",0.123103874652829,0.116094147582697,0.909728277581593,0.935189672910896
"reverse",0.124266084171397,0.116730279898219,0.905647386781342,0.932816473115281
"reverse",0.124921583194409,0.11736641221374,0.903362520373326,0.93045617120831
"reverse",0.12549803343099,0.118002544529262,0.901363079575461,0.928108627752324
"reverse",0.126075793884168,0.118638676844784,0.899368288459902,0.925773705558683
"reverse",0.127461478543889,0.119274809160305,0.894621048042502,0.923451269639651
"reverse",0.127611092615869,0.119910941475827,0.894111572852503,0.921141187161578
"reverse",0.129548063765942,0.120547073791349,0.887569073624132,0.918843327399298
"reverse",0.130701219432402,0.12118320610687,0.883720360466183,0.916557561691751
"reverse",0.131293906229564,0.121819338422392,0.881755430439763,0.914283763398748
"reverse",0.132109549246184,0.122455470737913,0.879065789236075,0.91202180785887
"reverse",0.132115670260568,0.123091603053435,0.879045667593062,0.909771572348459
"reverse",0.132399430847421,0.123727735368957,0.878113881817435,0.907532936041662
"reverse",0.134432956492661,0.124363867684478,0.871494250118842,0.905305779971503
"reverse",0.134558755971806,0.125,0.871088036684967,0.903089986991944
"reverse",0.134620387749424,0.125636132315522,0.870889162871587,0.90088544174091
"reverse",0.13508223176045,0.126272264631043,0.869401772783134,0.898692030604255
"reverse",0.135480471111278,0.126908396946565,0.868123301836437,0.896509641680622
"reverse",0.135664071887571,0.127544529262087,0.867535151949133,0.894338164747188
"reverse",0.13578663900686,0.128180661577608,0.867142961212096,0.892177491226261
"reverse",0.135876254414794,0.12881679389313,0.866856433463822,0.890027514152702
"reverse",0.137504713420114,0.129452926208651,0.861682414726359,0.88788812814215
"reverse",0.138004881267942,0.130089058524173,0.860105552220208,0.885759229360028
"reverse",0.138879627552158,0.130725190839695,0.857361456858392,0.883640715491301
"reverse",0.138998463949549,0.131361323155216,0.856989999040299,0.881532485710969
"reverse",0.139296668949928,0.131997455470738,0.856059268888041,0.879434440655278
"reverse",0.139543811822889,0.13263358778626,0.855289417869445,0.877346482393613
"reverse",0.13996532853632,0.133269720101781,0.853979532108898,0.875268514401075
"reverse",0.140194866601696,0.133905852417303,0.853267888276439,0.873200441531702
"reverse",0.140242469223095,0.134541984732824,0.853120450304705,0.871142169992328
"reverse",0.141052970496258,0.135178117048346,0.850617763414682,0.869093607317059
"reverse",0.141469425489108,0.135814249363868,0.849337410147663,0.867054662342346
"reverse",0.142983748817469,0.136450381679389,0.844713320576676,0.865025245182646
"reverse",0.143273031852499,0.137086513994911,0.843835548750305,0.863005267206639
"reverse",0.145114917834388,0.137722646310433,0.83828793973223,0.860994641014005
"reverse",0.145114917834388,0.138358778625954,0.83828793973223,0.858993280412733
"reverse",0.145603586876145,0.138994910941476,0.836827926250114,0.857001100396948
"reverse",0.145837873467842,0.139631043256997,0.836129676963578,0.855018017125249
"reverse",0.146885197535471,0.140267175572519,0.833021968352545,0.853043947899532
"reverse",0.148069549930857,0.140903307888041,0.829534243684586,0.851078811144301
"reverse",0.148603242928145,0.141539440203562,0.827971712981695,0.849122526386439
"reverse",0.148937424619739,0.142175572519084,0.826996160114687,0.847175014235434
"reverse",0.149271197965846,0.142811704834606,0.826023981767228,0.845236196364047
"reverse",0.150510149851884,0.143447837150127,0.822434211857304,0.84330599548941
"reverse",0.150727381149305,0.144083969465649,0.82180784654481,0.841384335354538
"reverse",0.151386677346467,0.14472010178117,0.819912342864349,0.839471140710258
"reverse",0.151821343776433,0.145356234096692,0.818667168936435,0.83756633729752
"reverse",0.152972626330251,0.145992366412214,0.81538627700807,0.835669851830109
"reverse",0.15312474050478,0.146628498727735,0.814954634274658,0.833781611977722
"reverse",0.153232576439467,0.147264631043257,0.814648896166055,0.831901546349417
"reverse",0.153583104167526,0.147900763358779,0.813656558851469,0.830029584477416
"reverse",0.153583104167526,0.1485368956743,0.813656558851469,0.828165656801258
"reverse",0.153583104167526,0.149173027989822,0.813656558851469,0.826309694652287
"reverse",0.154293222601029,0.149809160305344,0.811653150097698,0.824461630238474
"reverse",0.154472916567017,0.150445292620865,0.811147653563132,0.822621396629559
"reverse",0.1546921478399,0.151081424936387,0.81053173049165,0.820788927742504
"reverse",0.154702428325627,0.151717557251908,0.81050286923442,0.818964158327256
"reverse",0.155124523867921,0.15235368956743,0.809319538494677,0.817147023952807
"reverse",0.155540023375995,0.152989821882952,0.808157840111093,0.815337460993539
"reverse",0.157507411466201,0.153625954198473,0.802699005790928,0.813535406615858
"reverse",0.157802760629,0.154262086513995,0.801885403436775,0.811740798765107
"reverse",0.16090371935679,0.154898218829517,0.793433916886298,0.809953576152736
"reverse",0.161056489389686,0.155534351145038,0.793021771624468,0.80817367824375
"reverse",0.16114917837413,0.15617048346056,0.792771904414701,0.806401045244402
"reverse",0.16114917837413,0.156806615776081,0.792771904414701,0.80463561809014
"reverse",0.161627719783877,0.157442748091603,0.791484153977341,0.802877338433802
"reverse",0.161895474632925,0.158078880407125,0.790765290650067,0.801126148634038
"reverse",0.162292450735333,0.158715012722646,0.789701681530765,0.79938199174398
"reverse",0.162983443613311,0.159351145038168,0.787856510397124,0.797644811500125
"reverse",0.164584224006095,0.15998727735369,0.783611795827613,0.795914552311443
"reverse",0.164996411125443,0.160623409669211,0.782525502121653,0.794191159248709
"reverse",0.165052398682103,0.161259541984733,0.782378159750323,0.792474578034034
"reverse",0.165370168858322,0.161895674300254,0.781542830144242,0.790764755030612
"reverse",0.165685537558942,0.162531806615776,0.78071539883755,0.789061637232658
"reverse",0.165757062039792,0.163167938931298,0.780527959516992,0.787365172255554
"reverse",0.165967405672781,0.163804071246819,0.779977194648884,0.785675308326179
"reverse",0.168674687037605,0.164440203562341,0.772950086970606,0.783991994273428
"reverse",0.168693767217361,0.165076335877863,0.772900963131753,0.782315179518912
"reverse",0.168768586631693,0.165712468193384,0.772708386632801,0.780644814067846
"reverse",0.169269747980974,0.166348600508906,0.771420652398458,0.778980848500096
"reverse",0.170573591694421,0.166984732824427,0.768088205695816,0.777323233961413
"reverse",0.171236218101012,0.167620865139949,0.766404372498549,0.775671922154824
"reverse",0.171643473327473,0.168256997455471,0.76537270579345,0.774026865332185
"reverse",0.172063912398068,0.168893129770992,0.764310206312826,0.772388016285901
"reverse",0.172063912398068,0.169529262086514,0.764310206312826,0.770755328340798
"reverse",0.173770036715313,0.170165394402036,0.760025107122366,0.769128755346142
"reverse",0.176925587869407,0.170801526717557,0.752209352693085,0.767508251667815
"reverse",0.179306991267916,0.171437659033079,0.746402776751906,0.765893772180632
"reverse",0.179664445217463,0.172073791348601,0.745537859305254,0.764285272260801
"reverse",0.180137027139082,0.172709923664122,0.744397008838547,0.762682707778523
"reverse",0.180153673424809,0.173346055979644,0.744356877966286,0.761086035090728
"reverse",0.180429697645721,0.173982188295165,0.743691978644541,0.75949521103394
"reverse",0.180519925794056,0.174618320610687,0.743474853676369,0.757910192917278
"reverse",0.180625036248644,0.175254452926209,0.7432220527432,0.756330938515585
"reverse",0.181232985228346,0.17589058524173,0.741762755892425,0.754757406062672
"reverse",0.181324215000936,0.176526717557252,0.741544194034421,0.753189554244694
"reverse",0.181461109751626,0.177162849872774,0.741216437459987,0.751627342193641
"reverse",0.182622244317047,0.177798982188295,0.738446324305722,0.750070729480947
"reverse",0.182677117034534,0.178435114503817,0.738315850939972,0.748519676111209
"reverse",0.184726112059998,0.179071246819338,0.733471710287849,0.746974142516024
"reverse",0.184885939262606,0.17970737913486,0.733096116060179,0.745434089547932
"reverse",0.184962604204146,0.180343511450382,0.73291606851298,0.743899478474464
"reverse",0.185118508136442,0.180979643765903,0.732550158342205,0.742370270972299
"reverse",0.185956743631587,0.181615776081425,0.730588067539581,0.740846429121522
"reverse",0.186925849572157,0.182251908396947,0.728330636821921,0.73932791539998
"reverse",0.188045297332867,0.182888040712468,0.725737523012247,0.73781469267774
"reverse",0.188245505797545,0.18352417302799,0.725275383417437,0.736306724211639
"reverse",0.18972118225531,0.184160305343511,0.7218841776879,0.734803973639934
"reverse",0.190734813005812,0.184796437659033,0.71957003209051,0.73330640497704
"reverse",0.191040043530606,0.185432569974555,0.718875591591869,0.731813982608356
"reverse",0.191873304297918,0.186068702290076,0.716985445288504,0.73032667128519
"reverse",0.193266113309699,0.186704834605598,0.713844287165094,0.728844436119756
"reverse",0.194283684505624,0.18734096692112,0.711563668914836,0.727367242580269
"reverse",0.194702939065401,0.187977099236641,0.710627492700555,0.725895056486115
"reverse",0.19511235582005,0.188613231552163,0.709715227301761,0.724427844003108
"reverse",0.195140227588985,0.189249363867684,0.709653192834933,0.722965571638821
"reverse",0.197686971830963,0.189885496183206,0.704021951062452,0.721508206238001
"reverse",0.197731489457264,0.190521628498728,0.703924162206217,0.720055714978059
"reverse",0.19938995107265,0.191157760814249,0.70029673320425,0.718608065364631
"reverse",0.199688469223442,0.191793893129771,0.699647012231009,0.717165225227219
"reverse",0.19996287075267,0.192430025445293,0.699050636956985,0.715727162714901
"reverse",0.200972589901702,0.193066157760814,0.696863170769476,0.714293846292113
"reverse",0.201936649853359,0.193702290076336,0.694784852999889,0.712865244734495
"reverse",0.204112980335404,0.194338422391858,0.690129375936615,0.711441327124816
"reverse",0.204113730383224,0.194974554707379,0.690127780050697,0.710022062848955
"reverse",0.204170870985089,0.195610687022901,0.690006218531299,0.708607421591954
"reverse",0.204710284958981,0.196246819338422,0.688860337167865,0.707197373334129
"reverse",0.205317963274814,0.196882951653944,0.687573052529805,0.705791888347252
"reverse",0.207743006383874,0.197519083969466,0.682473587712402,0.70439093719079
"reverse",0.207962665215462,0.198155216284987,0.682014625355831,0.702994490708201
"reverse",0.209277090334187,0.198791348600509,0.679278311489386,0.701602520023295
"reverse",0.209567278530065,0.199427480916031,0.678676526379132,0.700214996536654
"reverse",0.210028306769109,0.200063613231552,0.677722168860581,0.698831891922101
"reverse",0.210041488776517,0.200699745547074,0.677694912089729,0.697453178123236
"reverse",0.21059460283279,0.201335877862595,0.676552763207383,0.696078827350015
"reverse",0.210640242717655,0.201972010178117,0.676458653470553,0.694708812075395
"reverse",0.210981053912358,0.202608142493639,0.675756542573164,0.69334310503202
"reverse",0.211003041601007,0.20324427480916,0.675711284318361,0.69198167920897
"reverse",0.211218860402191,0.203880407124682,0.675267304874549,0.690624507848553
"reverse",0.21128073112249,0.204516539440204,0.675140108952242,0.689271564443148
"reverse",0.211507458506693,0.205152671755725,0.674674313247867,0.687922822732103
"reverse",0.211992927597889,0.205788804071247,0.673678627545046,0.68657825669867
"reverse",0.21448109939403,0.206424936386768,0.668610972899025,0.685237840567001
"reverse",0.21448109939403,0.20706106870229,0.668610972899025,0.683901548799178
"reverse",0.21490052391929,0.207697201017812,0.667762525713865,0.682569356092296
"reverse",0.215935335262256,0.208333333333333,0.665676284697925,0.681241237375587
"reverse",0.216713373091318,0.208969465648855,0.664114288123818,0.67991716780759
"reverse",0.217233413718323,0.209605597964377,0.663073373017829,0.67859712277336
"reverse",0.21811107192237,0.210241730279898,0.661322287870445,0.67728107788173
"reverse",0.219140271517552,0.21087786259542,0.659277804590335,0.675969008962597
"reverse",0.219955786825165,0.211513994910941,0.657664607666764,0.674660892064266
"reverse",0.22027976175026,0.212150127226463,0.65702540191385,0.673356703450821
"reverse",0.220732217989816,0.212786259541985,0.656134272755858,0.672056419599547
"reverse",0.220956804644286,0.213422391857506,0.655692619247832,0.670760017198378
"reverse",0.221728236398685,0.214058524173028,0.654178997317254,0.669467473143394
"reverse",0.221895565504696,0.21469465648855,0.653851376885091,0.668178764536345
"reverse",0.223513103454826,0.215330788804071,0.650697011273382,0.666893868682226
"reverse",0.223537839027379,0.215966921119593,0.650648951772074,0.665612763086869
"reverse",0.225356675398747,0.216603053435115,0.647129572956207,0.664335425454585
"reverse",0.226107187728139,0.217239185750636,0.645685631634952,0.663061833685838
"reverse",0.22722275857127,0.217875318066158,0.643548171962266,0.661791965874945
"reverse",0.228492042381623,0.218511450381679,0.641128920364062,0.66052580030782
"reverse",0.228779481451983,0.219147582697201,0.640582928706693,0.659263315459745
"reverse",0.229129396911529,0.219783715012723,0.639919187993317,0.658004489993172
"reverse",0.229633783152896,0.220419847328244,0.638964219246238,0.656749302755564
"reverse",0.230021515297556,0.221055979643766,0.63823153990418,0.655497732777256
"reverse",0.230452636670296,0.221692111959288,0.637418318631631,0.654249759269361
"reverse",0.230506711664663,0.222328244274809,0.637316424736409,0.653005361621689
"reverse",0.234971606636049,0.222964376590331,0.628984613584794,0.651764519400712
"reverse",0.23526050292679,0.223600508905852,0.628450978904621,0.650527212347546
"reverse",0.23526050292679,0.224236641221374,0.628450978904621,0.649293420375972
"reverse",0.235779167975256,0.224872773536896,0.627494569186057,0.648063123570471
"reverse",0.236257615171602,0.225508905852417,0.626614184199843,0.646836302184304
"reverse",0.236573860531032,0.226145038167939,0.626033243031307,0.645612936637604
"reverse",0.237465550631139,0.226781170483461,0.624399385011599,0.644393007515505
"reverse",0.238519848298997,0.227417302798982,0.622475475541834,0.64317649556629
"reverse",0.240156621548804,0.228053435114504,0.619505434582118,0.64196338169957
"reverse",0.241071159431698,0.228689567430025,0.617854743371494,0.640753646984488
"reverse",0.241318649160599,0.229325699745547,0.617409114417045,0.639547272647941
"reverse",0.241590583838753,0.229961832061069,0.616919996650917,0.638344240072839
"reverse",0.242195728697977,0.23059796437659,0.61583352023201,0.637144530796377
"reverse",0.243939090949674,0.231234096692112,0.612718598934353,0.635948126508333
"reverse",0.244674156431913,0.231870229007634,0.611411900332483,0.634755009049396
"reverse",0.244735748407494,0.232506361323155,0.611302588873924,0.63356516040951
"reverse",0.245227973554418,0.233142493638677,0.610429990648801,0.632378562726242
"reverse",0.246485503420231,0.233778625954198,0.608208617846118,0.631195198283175
"reverse",0.246607169006156,0.23441475826972,0.607994302377113,0.630015049508319
"reverse",0.246977436051046,0.235050890585242,0.607342722230801,0.628838098972545
"reverse",0.248364509595916,0.235687022900763,0.604910463196962,0.627664329388042
"reverse",0.248655942599869,0.236323155216285,0.604401157153689,0.626493723606795
"reverse",0.249492550666387,0.236959287531807,0.6029424169856,0.625326264619078
"reverse",0.249823442298183,0.237595419847328,0.60236681182631,0.624161935551972
"reverse",0.250186628746697,0.23823155216285,0.60173590494117,0.623000719667904
"reverse",0.250924296973004,0.238867684478372,0.60045728396076,0.621842600363202
"reverse",0.25099353938526,0.239503816793893,0.600337457186061,0.62068756116667
"reverse",0.251320328622872,0.240139949109415,0.599772381078466,0.619535585738182
"reverse",0.251918984795172,0.240776081424936,0.598739102525304,0.618386657867298
"reverse",0.252163148378086,0.241412213740458,0.598318381781379,0.61724076147189
"reverse",0.25337100332857,0.24204834605598,0.596243088801304,0.616097880596798
"reverse",0.253918759785296,0.242684478371501,0.595305211807397,0.61495799941249
"reverse",0.254699812378318,0.243320610687023,0.593971374954293,0.613821102213753
"reverse",0.255738393658862,0.243956743002545,0.592204067036288,0.612687173418389
"reverse",0.256783016888503,0.244592875318066,0.590433703015604,0.611556197565939
"reverse",0.256783016888503,0.245229007633588,0.590433703015604,0.610428159316413
"reverse",0.257706330373136,0.245865139949109,0.588874913182295,0.609303043449045
"reverse",0.257731544086968,0.246501272264631,0.588832424349647,0.60818083486106
"reverse",0.258001009952829,0.247137404580153,0.588378593974436,0.607061518566456
"reverse",0.260318383241629,0.247773536895674,0.584495161669891,0.605945079694806
"reverse",0.261169082718625,0.248409669211196,0.58307823627684,0.60483150349007
"reverse",0.261751434116606,0.249045801526718,0.582110930175492,0.603720775309427
"reverse",0.261844433034593,0.249681933842239,0.581956655018397,0.602612880622118
"reverse",0.262943567639364,0.250318066157761,0.580137448820475,0.601507805008306
"reverse",0.263010306564045,0.250954198473282,0.580027232513326,0.60040553415795
"reverse",0.265169556853621,0.251590330788804,0.576476337165451,0.599306053869694
"reverse",0.265642844527599,0.252226463104326,0.575701877943713,0.598209350049766
"reverse",0.265708918628975,0.252862595419847,0.57559386807243,0.5971154087109
"reverse",0.266511354552489,0.253498727735369,0.57428428339372,0.596024215971258
"reverse",0.267731532029931,0.254134860050891,0.572300476851336,0.594935758053379
"reverse",0.268192437967249,0.254770992366412,0.571553471806552,0.593850021283133
"reverse",0.269086255865773,0.255407124681934,0.570108484154084,0.592766992088689
"reverse",0.270511323505779,0.256043256997455,0.56781455076759,0.591686656999502
"reverse",0.271192296982466,0.256679389312977,0.566722650444798,0.5906090026453
"reverse",0.2715739501342,0.257315521628499,0.566111890707996,0.589534015755098
"reverse",0.272711166025586,0.25795165394402,0.564297079718735,0.588461683156214
"reverse",0.27364226800311,0.258587786259542,0.56281681871104,0.587391991773302
"reverse",0.273835282500046,0.259223918575064,0.562510595618083,0.586324928627394
"reverse",0.274094048440937,0.259860050890585,0.562100394439784,0.585260480834955
"reverse",0.27471726149008,0.260496183206107,0.561114051411736,0.584198635606952
"reverse",0.278424329003495,0.261132315521629,0.555292818306006,0.583139380247929
"reverse",0.278980637218115,0.26176844783715,0.554425938092498,0.5820827021551
"reverse",0.279462950036761,0.262404580152672,0.553675760804936,0.581028588817445
"reverse",0.279462950036761,0.263040712468193,0.553675760804936,0.579977027814824
"reverse",0.279462950036761,0.263676844783715,0.553675760804936,0.578928006817097
"reverse",0.280367374330905,0.264312977099237,0.552272525557159,0.577881513583259
"reverse",0.280667285084115,0.264949109414758,0.551808206301998,0.576837535960583
"reverse",0.28168600544617,0.26558524173028,0.550234728834171,0.575796061883768
"reverse",0.282620173166794,0.266221374045802,0.548796841842258,0.57475707937411
"reverse",0.283640200222925,0.266857506361323,0.547232216726915,0.57372057653867
"reverse",0.283640200222925,0.267493638676845,0.547232216726915,0.572686541569458
"reverse",0.283706807282102,0.268129770992366,0.547130243585234,0.571654962742628
"reverse",0.283735442718542,0.268765903307888,0.54708641106468,0.570625828417678
"reverse",0.283797703338041,0.26940203562341,0.546991123436866,0.569599127036663
"reverse",0.284064824556763,0.270038167938931,0.546582541168629,0.568574847123418
"reverse",0.284064824556763,0.270674300254453,0.546582541168629,0.567552977282782
"reverse",0.285309141087252,0.271310432569975,0.544684313656086,0.566533506199847
"reverse",0.285930359469084,0.271946564885496,0.543739729742056,0.565516422639198
"reverse",0.287850672007855,0.272582697201018,0.540832752316325,0.564501715444172
"reverse",0.289342475988936,0.273218829516539,0.538587806471238,0.563489373536128
"reverse",0.289385576184461,0.273854961832061,0.538523119172774,0.562479385913716
"reverse",0.289541536126937,0.274491094147583,0.53828912583367,0.561471741652161
"reverse",0.290364289377041,0.275127226463104,0.537056796650128,0.560466429902556
"reverse",0.290621681724736,0.275763358778626,0.536671988447653,0.55946343989116
"reverse",0.291050566287068,0.276399491094148,0.536031551386455,0.558462760918704
"reverse",0.291293675737002,0.277035623409669,0.535668944216608,0.557464382359707
"reverse",0.293296196461709,0.277671755725191,0.532693569022183,0.556468293661801
"reverse",0.295106548458792,0.278307888040712,0.5300211533331,0.555474484345057
"reverse",0.295158338279085,0.278944020356234,0.52994494336793,0.55448294400133
"reverse",0.295260038111716,0.279580152671756,0.529795328524202,0.553493662293598
"reverse",0.295441232145951,0.280216284987277,0.529528894115974,0.552506628955322
"reverse",0.295479009394462,0.280852417302799,0.529473365638732,0.551521833789802
"reverse",0.297848144089947,0.281488549618321,0.526005101672258,0.550539266669545
"reverse",0.29961781989436,0.282124681933842,0.523432360359616,0.549558917535644
"reverse",0.29999375015553,0.282760814249364,0.522887792951136,0.548580776397157
"reverse",0.29999375015553,0.283396946564886,0.522887792951136,0.547604833330496
"reverse",0.301026966853598,0.284033078880407,0.521394597326027,0.546631078478824
"reverse",0.301582466420332,0.284669211195929,0.520593911337571,0.545659502051458
"reverse",0.302035726187633,0.28530534351145,0.519941683637291,0.544690094323278
"reverse",0.302037169513367,0.285941475826972,0.519939608297026,0.543722845634142
"reverse",0.302966711257794,0.286577608142494,0.518605087376457,0.542757746388307
"reverse",0.305092308198518,0.287213740458015,0.515568741387579,0.541794787053864
"reverse",0.305189112093793,0.287849872773537,0.515430964301469,0.540833958162167
"reverse",0.305206214468717,0.288486005089059,0.515406627722418,0.539875250307275
"reverse",0.306295091432586,0.28912213740458,0.513859962974111,0.538918654145403
"reverse",0.306530976700532,0.289758269720102,0.513525630997657,0.537964160394372
"reverse",0.306753502768955,0.290394402035623,0.513210469433743,0.537011759833071
"reverse",0.306880341132927,0.291030534351145,0.513030931740708,0.536061443300922
"reverse",0.307049421112291,0.291666666666667,0.512791717066945,0.535113201697349
"reverse",0.307843594598747,0.292302798982188,0.511669878484257,0.534167025981259
"reverse",0.307888133031395,0.29293893129771,0.511607049837633,0.533222907170521
"reverse",0.30794160912887,0.293575063613232,0.511531625178785,0.532280836341458
"reverse",0.308366765251244,0.294211195928753,0.510932434919948,0.531340804628338
"reverse",0.30869797993313,0.294847328244275,0.510466212457539,0.530402803222873
"reverse",0.309500868001533,0.295483460559796,0.509338128654372,0.529466823373729
"reverse",0.310644419544186,0.296119592875318,0.507736443702033,0.528532856386028
"reverse",0.310743834099873,0.29675572519084,0.507597480041002,0.52760089362087
"reverse",0.311498905000634,0.297391857506361,0.506543475659766,0.526670926494853
"reverse",0.312483833925984,0.298027989821883,0.505172445578608,0.525742946479592
"reverse",0.312615072394024,0.298664122137405,0.504990086778283,0.524816945101259
"reverse",0.313629822293636,0.299300254452926,0.50358264802276,0.523892913940113
"reverse",0.313792049875809,0.299936386768448,0.503358063740811,0.522970844630042
"reverse",0.314695393284993,0.300572519083969,0.502109614524183,0.522050728858107
"reverse",0.314876322175641,0.301208651399491,0.501859995873729,0.521132558364097
"reverse",0.315214750947035,0.301844783715013,0.501393467245291,0.520216324940078
"reverse",0.315794051296836,0.302480916030534,0.500596055180452,0.519302020429956
"reverse",0.315796846425959,0.303117048346056,0.50059221120753,0.518389636729044
"reverse",0.315994670397062,0.303753180661578,0.500320242181172,0.517479165783624
"reverse",0.316104351223942,0.304389312977099,0.500169525990406,0.516570599590527
"reverse",0.316924513820141,0.305025445292621,0.499044167231065,0.515663930196707
"reverse",0.317934677512187,0.305661577608143,0.497662100487746,0.514759149698825
"reverse",0.318894046700874,0.306297709923664,0.496353588342783,0.513856250242836
"reverse",0.319104727526752,0.306933842239186,0.496066761699399,0.512955224023578
"reverse",0.319108068161919,0.307569974554707,0.496062215192563,0.512056063284369
"reverse",0.321212244233153,0.308206106870229,0.493207908282704,0.511158760316605
"reverse",0.32261411851332,0.308842239185751,0.491316630566842,0.510263307459366
"reverse",0.322625555195567,0.309478371501272,0.49130123508453,0.509369697099018
"reverse",0.323376239414401,0.310114503816794,0.490291893737932,0.508477921668833
"reverse",0.325703163054669,0.310750636132316,0.487178023779252,0.507587973648597
"reverse",0.326496667542919,0.311386768447837,0.486121247084489,0.506699845564233
"reverse",0.330779473790276,0.312022900763359,0.480461448019732,0.505813529987422
"reverse",0.330843772912091,0.31265903307888,0.480377035163858,0.504929019535235
"reverse",0.331586324211295,0.313295165394402,0.47940338958753,0.504046306869759
"reverse",0.332487160940256,0.313931297709924,0.478225120407361,0.503165384697734
"reverse",0.332736330661201,0.314567430025445,0.47789977699634,0.502286245770191
"reverse",0.334657677633735,0.315203562340967,0.475399207069515,0.501408882882095
"reverse",0.336020312508321,0.315839694656489,0.473634468611234,0.500533288871989
"reverse",0.336723578821071,0.31647582697201,0.472726471395271,0.499659456621645
"reverse",0.337071480222563,0.317111959287532,0.472277991786187,0.498787379055715
"reverse",0.33775927851623,0.317748091603053,0.471392711726953,0.497917049141388
"reverse",0.338513863953355,0.318384223918575,0.47042353993263,0.497048459888052
"reverse",0.338578000084919,0.319020356234097,0.470341264632656,0.496181604346952
"reverse",0.339440094902255,0.319656488549618,0.469236859819334,0.495316475610863
"reverse",0.33944618595352,0.32029262086514,0.46922906673225,0.494453066813752
"reverse",0.33945722153794,0.320928753180662,0.469214947806448,0.49359137113046
"reverse",0.339624132202699,0.321564885496183,0.469001458268748,0.492731381776369
"reverse",0.339928823969109,0.322201017811705,0.468612008232518,0.49187309200709
"reverse",0.340118722570109,0.322837150127226,0.468369460730953,0.491016495118139
"reverse",0.34385334131014,0.323473282442748,0.46362675115181,0.490161584444626
"reverse",0.344812862444789,0.32410941475827,0.462416542195915,0.489308353360944
"reverse",0.345269909525287,0.324745547073791,0.461841269019664,0.48845679528046
"reverse",0.346225869504805,0.325381679389313,0.460640485381928,0.48760690365521
"reverse",0.347442352487548,0.326017811704835,0.45911724308371,0.486758671975597
"reverse",0.34759664777318,0.326653944020356,0.458924420545092,0.485912093770092
"reverse",0.350274653599041,0.327290076335878,0.45559128774749,0.485067162604937
"reverse",0.350858746131751,0.3279262086514,0.45486769300031,0.484223872083854
"reverse",0.351354504509806,0.328562340966921,0.454254474256513,0.48338221584775
"reverse",0.3530756708555,0.329198473282443,0.45213220703965,0.482542187574434
"reverse",0.353851063689862,0.329834605597964,0.4511794945509,0.481703780978329
"reverse",0.353851063689862,0.330470737913486,0.4511794945509,0.480866989810193
"reverse",0.353935857854095,0.331106870229008,0.451075436008197,0.480031807856834
"reverse",0.354384049355105,0.331743002544529,0.450525833717704,0.479198228940839
"reverse",0.354649348400419,0.332379134860051,0.450200833746826,0.478366246920298
"reverse",0.355685259122381,0.333015267175573,0.448934133168071,0.477535855688528
"reverse",0.356198431851023,0.333651399491094,0.448307996832199,0.476707049173812
"reverse",0.360151947533583,0.334287531806616,0.443514232419149,0.475879821339128
"reverse",0.360183770441823,0.334923664122137,0.443475859996094,0.475054166181884
"reverse",0.361658525503116,0.335559796437659,0.441701292670232,0.474230077733659
"reverse",0.362104971733094,0.336195928753181,0.441165512240638,0.473407550059944
"reverse",0.362832606462028,0.336832061068702,0.440293691374281,0.472586577259885
"reverse",0.36285438576267,0.337468193384224,0.44026762330308,0.47176715346603
"reverse",0.3633196763491,0.338104325699746,0.43971108135986,0.470949272844074
"reverse",0.363783070865393,0.338740458015267,0.439157515280269,0.470132929592614
"reverse",0.36402640762374,0.339376590330789,0.438867110116677,0.4693181179429
"reverse",0.364780587373375,0.34001272264631,0.437968281694911,0.468504832158592
"reverse",0.3660529647764,0.340648854961832,0.436456071310711,0.467693066535515
"reverse",0.366157009591133,0.341284987277354,0.436332647454727,0.466882815401419
"reverse",0.366190024209513,0.341921119592875,0.43629349097308,0.466074073115746
"reverse",0.366218556281061,0.342557251908397,0.436259653791029,0.465266834069389
"reverse",0.367024992717718,0.343193384223919,0.435304361279726,0.46446109268446
"reverse",0.367769300117982,0.34382951653944,0.434424526717907,0.46365684341406
"reverse",0.368195461664711,0.344465648854962,0.433921568863291,0.46285408074205
"reverse",0.369234074813874,0.345101781170483,0.432698226874794,0.462052799182822
"reverse",0.369657354548889,0.345737913486005,0.432200648838233,0.461252993281076
"reverse",0.370415557203924,0.346374045801527,0.431310781531319,0.460454657611595
"reverse",0.371721057065014,0.347010178117048,0.429782836514938,0.459657786779028
"reverse",0.372654710840625,0.34764631043257,0.428693384351463,0.458862375417667
"reverse",0.372732104074994,0.348282442748092,0.428603199083703,0.458068418191233
"reverse",0.373708595177172,0.348918575063613,0.427466913402465,0.457275909792659
"reverse",0.374657897762723,0.349554707379135,0.42636510807157,0.45648484494388
"reverse",0.375177103580308,0.350190839694656,0.425763673736864,0.455695218395619
"reverse",0.375680149607441,0.350826972010178,0.425181751818985,0.45490702492718
"reverse",0.375926956059434,0.3514631043257,0.424896531833056,0.454120259346241
"reverse",0.376107129910189,0.352099236641221,0.42468843352442,0.453334916488648
"reverse",0.376813535897236,0.352735368956743,0.423873504870957,0.45255099121821
"reverse",0.37711001887478,0.353371501272265,0.423531929317446,0.451768478426503
"reverse",0.378064425521002,0.354007633587786,0.422434186236479,0.450987373032662
"reverse",0.379040270198509,0.354643765903308,0.421314647034777,0.450207669983191
"reverse",0.380483745311202,0.35527989821883,0.419663892040423,0.449429364251761
"reverse",0.380931953653838,0.355916030534351,0.419152595956831,0.44865245083902
"reverse",0.381036768421484,0.356552162849873,0.419033114738826,0.447876924772397
"reverse",0.381036768421484,0.357188295165394,0.419033114738826,0.447102781105913
"reverse",0.381252108095708,0.357824427480916,0.418787746250267,0.446330014919989
"reverse",0.382784521747977,0.358460559796438,0.417045631645844,0.445558621321264
"reverse",0.383308443742465,0.359096692111959,0.416451613747556,0.444788595442402
"reverse",0.38501971346769,0.359732824427481,0.41451703352772,0.444019932441915
"reverse",0.385059759242245,0.360368956743003,0.414471865049544,0.443252627503973
"reverse",0.385626670532741,0.361005089058524,0.41383293725716,0.442486675838229
"reverse",0.387171776954895,0.361641221374046,0.4120963082838,0.441722072679636
"reverse",0.388415099165173,0.362277353689567,0.41070389576543,0.44095881328827
"reverse",0.388415099165173,0.362913486005089,0.41070389576543,0.440196892949156
"reverse",0.38854268341455,0.363549618320611,0.410561264757099,0.439436306972089
"reverse",0.388557383516097,0.364185750636132,0.410544833995456,0.438677050691464
"reverse",0.389238478442572,0.364821882951654,0.409784233796115,0.437919119466103
"reverse",0.389659714367376,0.365458015267176,0.409314492160441,0.437162508679085
"reverse",0.389712573038566,0.366094147582697,0.409255582626128,0.436407213737578
"reverse",0.389877954045878,0.366730279898219,0.409071321639189,0.435653230072671
"reverse",0.390710643587314,0.36736641221374,0.408144757732789,0.434900553139207
"reverse",0.39198763105316,0.368002544529262,0.406727636678803,0.434149178415621
"reverse",0.392429035971463,0.368638676844784,0.406238866491742,0.433399101403774
"reverse",0.393295375532851,0.369274809160305,0.405281160105311,0.432650317628796
"reverse",0.394650060012417,0.369910941475827,0.403787826817669,0.431902822638922
"reverse",0.394798337805455,0.370547073791349,0.403624684481222,0.431156612005332
"reverse",0.3952467084358,0.37118320610687,0.403131738129773,0.430411681322
"reverse",0.395287680392647,0.371819338422392,0.403086720746497,0.42966802620553
"reverse",0.395440222545732,0.372455470737913,0.40291915813509,0.428925642295007
"reverse",0.395984110491357,0.373091603053435,0.402322240499673,0.428184525251841
"reverse",0.396930537639753,0.373727735368957,0.401285487592567,0.427444670759615
"reverse",0.397120392143397,0.374363867684478,0.401077811329558,0.426706074523936
"reverse",0.397381406600648,0.375,0.400792457305845,0.425968732272281
"reverse",0.398488637160124,0.375636132315522,0.399584057929134,0.425232639753856
"reverse",0.398912466728088,0.376272264631043,0.399122390998727,0.42449779273944
"reverse",0.399021129932778,0.376908396946565,0.399004105891615,0.423764187021248
"reverse",0.399979720926091,0.377544529262087,0.397962026954922,0.423031818412779
"reverse",0.400287831007178,0.378180661577608,0.397627612509845,0.422300682748679
"reverse",0.400650598558741,0.37881679389313,0.397234204100871,0.421570775884593
"reverse",0.400757696376956,0.379452926208651,0.397118128457419,0.420842093697028
"reverse",0.402880323430859,0.380089058524173,0.39482394292206,0.420114632083214
"reverse",0.402895714627668,0.380725190839695,0.394807351930199,0.41938838696096
"reverse",0.404033583213986,0.381361323155216,0.393582534893479,0.418663354268522
"reverse",0.404180737525529,0.381997455470738,0.393424387964978,0.417939529964464
"reverse",0.405357453965037,0.38263358778626,0.392161836496169,0.417216910027526
"reverse",0.405557105781668,0.383269720101781,0.391947984906073,0.416495490456483
"reverse",0.40624866224567,0.383905852417303,0.391208056118374,0.415775267270021
"reverse",0.406589247828883,0.384541984732824,0.390844110376602,0.415056236506598
"reverse",0.406741221300779,0.385178117048346,0.39068181167143,0.414338394224318
"reverse",0.408184314151408,0.385814249363868,0.389143688518474,0.413621736500797
"reverse",0.40874809957236,0.386450381679389,0.388544253529593,0.412906259433039
"reverse",0.408897729449252,0.387086513994911,0.388385301014259,0.412191959137305
"reverse",0.409974941580208,0.387722646310433,0.387242687343729,0.411478831748988
"reverse",0.411291468944758,0.388358778625954,0.3858502985838,0.410766873422488
"reverse",0.411434430045316,0.388994910941476,0.385699368078756,0.410056080331085
"reverse",0.411605338180085,0.389631043256997,0.385519001433607,0.409346448666819
"reverse",0.412214348328894,0.390267175572519,0.38487689540103,0.408637974640366
"reverse",0.412846853329917,0.390903307888041,0.384211021196836,0.407930654480916
"reverse",0.413667878006369,0.391539440203562,0.383348201478681,0.407224484436054
"reverse",0.414979372003672,0.392175572519084,0.381973490872568,0.406519460771639
"reverse",0.416599395733482,0.392811704834606,0.380281364320593,0.405815579771686
"reverse",0.416747467143652,0.393447837150127,0.380127030993366,0.40511283773825
"reverse",0.416811752118037,0.394083969465649,0.380060044487657,0.404411230991307
"reverse",0.416818761621982,0.394720101781171,0.380052741038865,0.40371075586864
"reverse",0.417439237979876,0.395356234096692,0.379406731031889,0.403011408725726
"reverse",0.419161081254816,0.395992366412214,0.37761904802082,0.402313185935615
"reverse",0.41940805541748,0.396628498727735,0.377363232454928,0.401616083888828
"reverse",0.42112866589108,0.397264631043257,0.375585195495922,0.400920098993235
"reverse",0.421324500541953,0.397900763358779,0.37538328537638,0.40022522767395
"reverse",0.422075410992123,0.3985368956743,0.374609947967582,0.39953146637322
"reverse",0.42391372595292,0.399173027989822,0.372722521131464,0.398838811550313
"reverse",0.424330126740738,0.399809160305344,0.372296132945186,0.398147259681413
"reverse",0.424604637617689,0.400445292620865,0.372015266691988,0.397456807259508
"reverse",0.42509592523415,0.401081424936387,0.371513057951732,0.396767450794289
"reverse",0.427021220324043,0.401717557251908,0.369550542678381,0.39607918681204
"reverse",0.427129552859792,0.40235368956743,0.369440378936297,0.395392011855534
"reverse",0.427294732047204,0.402989821882952,0.369272461399825,0.394705922483929
"reverse",0.427728216146495,0.403625954198473,0.368832099491779,0.394020915272665
"reverse",0.427954995239127,0.404262086513995,0.368601900021843,0.393336986813362
"reverse",0.427954995239127,0.404898218829517,0.368601900021843,0.392654133713715
"reverse",0.4280449932558,0.405534351145038,0.368510578426767,0.391972352597396
"reverse",0.428156353778745,0.40617048346056,0.368397606726694,0.391291640103955
"reverse",0.428680032682915,0.406806615776081,0.367866744848553,0.390611992888716
"reverse",0.429949039371805,0.407442748091603,0.366583017051074,0.389933407622684
"reverse",0.43238483277895,0.408078880407125,0.364129548659377,0.389255880992442
"reverse",0.432917553599508,0.408715012722646,0.363594804399716,0.388579409700057
"reverse",0.433500867228232,0.409351145038168,0.363010029371026,0.387903990462984
"reverse",0.434568081261646,0.40998727735369,0.361942175486747,0.387229620013967
"reverse",0.434752048681694,0.410623409669211,0.361758362794926,0.38655629510095
"reverse",0.435034104325804,0.411259541984733,0.36147669536737,0.385884012486976
"reverse",0.435440507509443,0.411895674300254,0.361071172516947,0.3852127689501
"reverse",0.435536306748947,0.412531806615776,0.360975635918099,0.38454256128329
"reverse",0.435686080330912,0.413167938931298,0.360826315051721,0.383873386294342
"reverse",0.435808437514115,0.413804071246819,0.360704365805347,0.383205240805784
"reverse",0.436347494614322,0.414440203562341,0.360167513287952,0.382538121654786
"reverse",0.436489094454821,0.415076335877863,0.360026602536325,0.381872025693071
"reverse",0.437126502882357,0.415712468193384,0.359392861534532,0.381206949786826
"reverse",0.438906948563057,0.416348600508906,0.357627543559891,0.380542890816614
"reverse",0.438910911165191,0.416984732824428,0.357623622618384,0.379879845677286
"reverse",0.439038736950264,0.417620865139949,0.357497159708777,0.379217811277891
"reverse",0.439444696168489,0.418256997455471,0.357095772831675,0.378556784541594
"reverse",0.439805917909308,0.418893129770992,0.356738931186994,0.377896762405587
"reverse",0.44105986605402,0.419529262086514,0.355502458758127,0.377237741821005
"reverse",0.441379719900115,0.420165394402036,0.35518762526999,0.376579719752843
"reverse",0.441665694701485,0.420801526717557,0.35490633218928,0.375922693179869
"reverse",0.443211363567132,0.421437659033079,0.353389113191104,0.375266659094544
"reverse",0.443299175982051,0.422073791348601,0.353303075979666,0.374611614502935
"reverse",0.443319158751103,0.422709923664122,0.353283499559928,0.373957556424638
"reverse",0.443337735992212,0.423346055979644,0.353265300878225,0.373304481892695
"reverse",0.443432530538881,0.423982188295165,0.353172449887966,0.372652387953511
"reverse",0.445417747805873,0.424618320610687,0.351232482361264,0.372001271666776
"reverse",0.445871706421712,0.425254452926209,0.350790085701045,0.371351130105386
"reverse",0.445894005236109,0.42589058524173,0.350768366426753,0.370701960355361
"reverse",0.445950794866323,0.426526717557252,0.350713057648675,0.370053759515771
"reverse",0.446556048699342,0.427162849872774,0.350124023644015,0.369406524698655
"reverse",0.44663431372534,0.427798982188295,0.350047914293906,0.368760253028944
"reverse",0.448805570772628,0.428435114503817,0.347941761063844,0.368114941644385
"reverse",0.449019299880381,0.429071246819338,0.347734991621592,0.367470587695466
"reverse",0.449800980241743,0.42970737913486,0.346979602450596,0.36682718834534
"reverse",0.449800980241743,0.430343511450382,0.346979602450596,0.366184740769747
"reverse",0.453086905904606,0.430979643765903,0.343818488638617,0.365543242156946
"reverse",0.454380527693901,0.431615776081425,0.342580288424438,0.364902689707633
"reverse",0.456275632635548,0.432251908396947,0.340772724070856,0.364263080634876
"reverse",0.457117664315468,0.432888040712468,0.339971996023056,0.363624412164036
"reverse",0.457597763917534,0.43352417302799,0.339516106419247,0.362986681532697
"reverse",0.459278386127081,0.434160305343512,0.33792399221894,0.362349885990595
"reverse",0.459806537883216,0.434796437659033,0.337424857889668,0.361714022799548
"reverse",0.459854659805631,0.435432569974555,0.33737940835796,0.36107908923338
"reverse",0.461404750224379,0.436068702290076,0.335917938671414,0.360445082577858
"reverse",0.462998551009001,0.436704834605598,0.334420368139239,0.359812000130615
"reverse",0.463280870004827,0.43734096692112,0.334155632503234,0.359179839201089
"reverse",0.4640840364517,0.437977099236641,0.333403370172169,0.358548597110447
"reverse",0.464189489391257,0.438613231552163,0.33330469746704,0.357918271191521
"reverse",0.464353163244224,0.439249363867684,0.333151591625947,0.357288858788739
"reverse",0.465035836270029,0.439885496183206,0.332513578519426,0.35666035725806
"reverse",0.466340355949363,0.440521628498728,0.331297000141146,0.356032763966903
"reverse",0.467203872581717,0.441157760814249,0.330493566079946,0.355406076294085
"reverse",0.467642649617175,0.441793893129771,0.330085887482971,0.354780291629755
"reverse",0.469086675542125,0.442430025445293,0.328746903059482,0.354155407375324
"reverse",0.469446062138494,0.443066157760814,0.328414299588052,0.353531420943407
"reverse",0.470549655318827,0.443702290076336,0.327394540370442,0.352908329757754
"reverse",0.47149688604701,0.444338422391858,0.326521171170696,0.352286131253188
"reverse",0.47266831490141,0.444974554707379,0.325443509448061,0.351664822875543
"reverse",0.47376097560562,0.445610687022901,0.324440715620723,0.351044402081596
"reverse",0.476482922370829,0.446246819338422,0.321952660299575,0.35042486633901
"reverse",0.477626630497219,0.446882951653944,0.320911466728845,0.349806213126272
"reverse",0.477938744515363,0.447519083969466,0.320627761596429,0.349188439932625
"reverse",0.477938744515363,0.448155216284987,0.320627761596429,0.348571544258014
"reverse",0.477967088949661,0.448791348600509,0.320602006274135,0.347955523613022
"reverse",0.478079828422229,0.449427480916031,0.320499580064361,0.347340375518812
"reverse",0.479658896799029,0.450063613231552,0.319067495747555,0.346726097507061
"reverse",0.480112844807925,0.450699745547074,0.318656674879448,0.34611268711991
"reverse",0.480587922821495,0.451335877862595,0.318227147218938,0.345500141909896
"reverse",0.481267153236484,0.451972010178117,0.317613778162524,0.344888459439901
"reverse",0.481751207373929,0.452608142493639,0.317177188234154,0.344277637283086
"reverse",0.482360145354073,0.45324427480916,0.316628582642038,0.343667673022841
"reverse",0.482639238364593,0.453880407124682,0.316377373035419,0.343058564252723
"reverse",0.483363758600846,0.454516539440204,0.315725915015886,0.3424503085764
"reverse",0.483492362580433,0.455152671755725,0.315610381798914,0.341842903607594
"reverse",0.483523738277899,0.455788804071247,0.315582199657442,0.341236346970026
"reverse",0.483523738277899,0.456424936386769,0.315582199657442,0.340630636297359
"reverse",0.484594047206659,0.45706106870229,0.314621925075068,0.340025769233145
"reverse",0.484617357953173,0.457697201017812,0.314601034424116,0.339421743430765
"reverse",0.484647702873853,0.458333333333333,0.314573841384478,0.338818556553381
"reverse",0.484700711256972,0.458969465648855,0.314526342986646,0.338216206273876
"reverse",0.48560122336966,0.459605597964377,0.313720227818253,0.337614690274804
"reverse",0.485717520747768,0.460241730279898,0.313616230422714,0.337014006248333
"reverse",0.4859996146052,0.46087786259542,0.313364075130508,0.336414151896196
"reverse",0.486035718540109,0.461513994910941,0.313331813464335,0.335815124929634
"reverse",0.486198981314825,0.462150127226463,0.313185955426484,0.335216923069349
"reverse",0.486321486252236,0.462786259541985,0.313076542369629,0.334619544045444
"reverse",0.487537651505442,0.463422391857506,0.311991839022627,0.33402298559738
"reverse",0.487862326658732,0.464058524173028,0.311702717357978,0.333427245473919
"reverse",0.488828317358612,0.46469465648855,0.310843643771287,0.332832321433074
"reverse",0.4893107666797,0.465330788804071,0.310415228020691,0.332238211242059
"reverse",0.490297362855034,0.465966921119593,0.309540442671804,0.331644912677242
"reverse",0.491005989600661,0.466603053435115,0.308913210046787,0.331052423524088
"reverse",0.491477664027835,0.467239185750636,0.308496214576262,0.330460741577114
"reverse",0.491901552071766,0.467875318066158,0.308121807131378,0.32986986463984
"reverse",0.493141574580075,0.468511450381679,0.307028382482859,0.329279790524739
"reverse",0.493153103520415,0.469147582697201,0.307018229421541,0.328690517053188
"reverse",0.493330657519446,0.469783715012723,0.306861894921376,0.328102042055421
"reverse",0.4936654621987,0.470419847328244,0.306567255809048,0.327514363370478
"reverse",0.494415538951872,0.471055979643766,0.305907888293426,0.326927478846162
"reverse",0.49460024659417,0.471692111959288,0.305745671447304,0.326341386338988
"reverse",0.495065330668137,0.472328244274809,0.305337486164408,0.325756083714139
"reverse",0.495476927046599,0.472964376590331,0.304976564568518,0.325171568845416
"reverse",0.497513495636845,0.473600508905853,0.303195134011489,0.324587839615194
"reverse",0.498258350928446,0.474236641221374,0.302545413687686,0.324004893914376
"reverse",0.498287227177778,0.474872773536896,0.302520245153457,0.323422729642345
"reverse",0.498353743677999,0.475508905852417,0.302462274931704,0.322841344706922
"reverse",0.498774381878384,0.476145038167939,0.302095860916375,0.322260737024318
"reverse",0.499077971813441,0.476781170483461,0.30183159849892,0.321680904519091
"reverse",0.499787938227077,0.477417302798982,0.301214229251251,0.3211018451241
"reverse",0.499971302383914,0.478053435114504,0.301054922811958,0.320523556780462
"reverse",0.499984939945727,0.478689567430025,0.301043076857922,0.319946037437508
"reverse",0.500996401343443,0.479325699745547,0.300165393658299,0.319369285052739
"reverse",0.501661755201994,0.479961832061069,0.299589006681721,0.318793297591781
"reverse",0.502886577641439,0.48059796437659,0.298529955816833,0.318218073028345
"reverse",0.503445822548041,0.481234096692112,0.298047258445812,0.317643609344184
"reverse",0.503873118834731,0.481870229007634,0.297678810235511,0.317069904529046
"reverse",0.503971191941674,0.482506361323155,0.297594288035311,0.31649695658064
"reverse",0.505573013091747,0.483142493638677,0.29621611624889,0.315924763504584
"reverse",0.50582303342689,0.483778625954199,0.296001398276635,0.315353323314372
"reverse",0.506149237546153,0.48441475826972,0.295721413028144,0.314782634031328
"reverse",0.507197774393437,0.485050890585242,0.294822660825791,0.314212693684566
"reverse",0.50766609405161,0.485687022900763,0.29442184123989,0.313643500310949
"reverse",0.508006858474124,0.486323155216285,0.294130424374822,0.31307505195505
"reverse",0.508286969186946,0.486959287531807,0.293891024042615,0.312507346669109
"reverse",0.509419758656053,0.487595419847328,0.292924214243083,0.311940382512995
"reverse",0.509493016682235,0.48823155216285,0.292861764232933,0.311374157554165
"reverse",0.509628302563638,0.488867684478372,0.292746461155648,0.310808669867625
"reverse",0.509780288436667,0.489503816793893,0.292616961312198,0.310243917535892
"reverse",0.509892560526302,0.490139949109415,0.292521324463092,0.309679898648951
"reverse",0.510188672256853,0.490776081424936,0.292269188280042,0.309116611304222
"reverse",0.510285813511934,0.491412213740458,0.292186505348205,0.308554053606517
"reverse",0.510486078540083,0.49204834605598,0.29201609705535,0.307992223668003
"reverse",0.510824170880851,0.492684478371501,0.291728561228865,0.307431119608164
"reverse",0.512075690881271,0.493320610687023,0.290665840386473,0.306870739553765
"reverse",0.512179291044561,0.493956743002545,0.290577985350005,0.306311081638812
"reverse",0.512502115056206,0.494592875318066,0.290304337969098,0.305752144004514
"reverse",0.513304242667447,0.495229007633588,0.289625146104626,0.30519392479925
"reverse",0.514010909584657,0.495865139949109,0.289027663257379,0.304636422178529
"reverse",0.515366615106514,0.496501272264631,0.287883718002073,0.304079634304953
"reverse",0.516245934745785,0.497137404580153,0.287143355237576,0.303523559348183
"reverse",0.518043321911952,0.497773536895674,0.285633920408059,0.302968195484903
"reverse",0.518776647715322,0.498409669211196,0.285019581540605,0.30241354089878
"reverse",0.519159525369926,0.499045801526718,0.284699173283349,0.301859593780434
"reverse",0.519159525369926,0.499681933842239,0.284699173283349,0.301306352327397
"reverse",0.519534311527011,0.500318066157761,0.284385765113977,0.300753814744083
"reverse",0.520017895832761,0.500954198473283,0.283981710350427,0.300201979241751
"reverse",0.520514096355892,0.501590330788804,0.283567504603624,0.299650844038467
"reverse",0.521673586985084,0.502226463104326,0.282601151617706,0.299100407359076
"reverse",0.521965405868747,0.502862595419847,0.282358279637911,0.298550667435161
"reverse",0.522132895705242,0.503498727735369,0.282218944266368,0.298001622505014
"reverse",0.522321913108833,0.504134860050891,0.28206175370998,0.2974532708136
"reverse",0.523584792799874,0.504770992366412,0.281012975755754,0.296905610612522
"reverse",0.523870540693307,0.505407124681934,0.280776022957016,0.296358640159991
"reverse",0.524253249698734,0.506043256997455,0.28045886878469,0.295812357720789
"reverse",0.524374767260959,0.506679389312977,0.280358214584895,0.295266761566239
"reverse",0.52605972652456,0.507315521628499,0.278964945147612,0.29472184997417
"reverse",0.526454005120041,0.50795165394402,0.278639565969723,0.294177621228887
"reverse",0.528875274632855,0.508587786259542,0.276646736141382,0.293634073621136
"reverse",0.52912440206958,0.509223918575064,0.27644220928671,0.293091205448071
"reverse",0.529637471086068,0.509860050890585,0.276021296774108,0.292549015013225
"reverse",0.529637471086068,0.510496183206107,0.276021296774108,0.292007500626479
"reverse",0.531495501643403,0.511132315521629,0.274500406812773,0.291466660604026
"reverse",0.531933477536389,0.51176844783715,0.274142676248703,0.290926493268341
"reverse",0.532870919630619,0.512404580152672,0.273377979868979,0.290386996948152
"reverse",0.534882292450456,0.513040712468193,0.271741779406066,0.289848169978409
"reverse",0.534898448446773,0.513676844783715,0.271728661839479,0.289310010700249
"reverse",0.535378348618738,0.514312977099237,0.271339196215095,0.288772517460969
"reverse",0.535505758299402,0.514949109414758,0.271235854833601,0.288235688613997
"reverse",0.536158244188122,0.51558524173028,0.270707011734741,0.287699522518855
"reverse",0.536386997930591,0.516221374045801,0.270521758030423,0.287164017541138
"reverse",0.536989112563079,0.516857506361323,0.270034519517782,0.286629172052477
"reverse",0.5370874067449,0.517493638676845,0.269955030542611,0.286094984430511
"reverse",0.537443315288345,0.518129770992367,0.269667334492673,0.285561453058861
"reverse",0.537558863009442,0.518765903307888,0.269573973309087,0.285028576327094
"reverse",0.537871502141722,0.51940203562341,0.269321465181734,0.284496352630702
"reverse",0.538265832183125,0.520038167938931,0.269003187275685,0.283964780371065
"reverse",0.538358615599177,0.520674300254453,0.268928332342219,0.283433857955429
"reverse",0.538358615599177,0.521310432569975,0.268928332342219,0.282903583796871
"reverse",0.539126830013722,0.521946564885496,0.268309054673003,0.282373956314277
"reverse",0.539273312084803,0.522582697201018,0.268191071833284,0.281844973932309
"reverse",0.539736838552995,0.523218829516539,0.267817939106745,0.281316635081377
"reverse",0.539740403520488,0.523854961832061,0.2678150705966,0.280788938197616
"reverse",0.540606149384031,0.524491094147583,0.267119018518236,0.280261881722852
"reverse",0.540983169418869,0.525127226463104,0.266816246062032,0.279735464104577
"reverse",0.541044880621797,0.525763358778626,0.266766707910168,0.279209683795923
"reverse",0.541064982799926,0.526399491094148,0.266750572274902,0.278684539255633
"reverse",0.543523023474322,0.527035623409669,0.264782054602392,0.278160028948034
"reverse",0.543916487766528,0.527671755725191,0.264467776195875,0.27763615134301
"reverse",0.544318794622358,0.528307888040713,0.264146669798562,0.277112904915976
"reverse",0.545423410327674,0.528944020356234,0.263266225474083,0.276590288147851
"reverse",0.545463561082316,0.529580152671756,0.26323425653202,0.276068299525032
"reverse",0.545714016432286,0.530216284987277,0.263034891404644,0.275546937539365
"reverse",0.54583528182401,0.530852417302799,0.262938395734183,0.275026200688124
"reverse",0.546713324645566,0.531488549618321,0.262240341236442,0.274506087473979
"reverse",0.548972364094165,0.532124681933842,0.260449517887798,0.273986596404976
"reverse",0.550202408026823,0.532760814249364,0.259477513200292,0.273467725994506
"reverse",0.550708573490251,0.533396946564885,0.259078162322924,0.272949474761285
"reverse",0.551110247659089,0.534033078880407,0.258761513379507,0.272431841229322
"reverse",0.551556051331532,0.534669211195929,0.25841034623913,0.271914823927899
"reverse",0.551806535055497,0.53530534351145,0.258213160468404,0.271398421391546
"reverse",0.552862726365108,0.535941475826972,0.257382688917521,0.270882632160013
"reverse",0.554608413199986,0.536577608142494,0.25601354662506,0.270367454778245
"reverse",0.554740815386209,0.537213740458015,0.255909879470192,0.269852887796362
"reverse",0.555304851569043,0.537849872773537,0.255468532181207,0.269338929769629
"reverse",0.555318353165059,0.538486005089059,0.255457972940914,0.268825579258435
"reverse",0.555318353165059,0.53912213740458,0.255457972940914,0.268312834828269
"reverse",0.555318353165059,0.539758269720102,0.255457972940914,0.267800695049695
"reverse",0.55619521162841,0.540394402035623,0.254772754364902,0.267289158498325
"reverse",0.557036913475317,0.541030534351145,0.254116024238393,0.266778223754801
"reverse",0.557284955262851,0.541666666666667,0.253922681211735,0.266267889404769
"reverse",0.557441718504132,0.542302798982188,0.253800532145592,0.265758154038854
"reverse",0.559195565132051,0.54293893129771,0.252436281551209,0.265249016252637
"reverse",0.559974829270806,0.543575063613232,0.251831493983934,0.264740474646633
"reverse",0.5607580826477,0.544211195928753,0.251224457871616,0.26423252782627
"reverse",0.560799321937233,0.544847328244275,0.251192520146776,0.26372517440186
"reverse",0.56191327417741,0.545483460559797,0.25033070836798,0.263218412988581
"reverse",0.562026201835723,0.546119592875318,0.250243437015614,0.262712242206454
"reverse",0.562600380870516,0.54675572519084,0.249799978161029,0.262206660680318
"reverse",0.562665519603621,0.547391857506361,0.249749697791979,0.26170166703981
"reverse",0.562947641713105,0.548027989821883,0.249531995863558,0.261197259919342
"reverse",0.563969339165338,0.548664122137405,0.2487445062884,0.260693437958077
"reverse",0.564209645023179,0.549300254452926,0.248559493961331,0.260190199799912
"reverse",0.564934816439359,0.549936386768448,0.248001659249247,0.259687544093448
"reverse",0.566193298882152,0.550572519083969,0.247035274984561,0.259185469491976
"reverse",0.566483178735748,0.551208651399491,0.246812981635899,0.258683974653453
"reverse",0.567731755118187,0.551844783715013,0.245856813565844,0.258183058240478
"reverse",0.56832819387234,0.552480916030534,0.245400798751219,0.257682718920272
"reverse",0.568775327322885,0.553117048346056,0.24505925095608,0.257182955364658
"reverse",0.568837110289729,0.553753180661578,0.245012078473229,0.256683766250039
"reverse",0.568906865508532,0.554389312977099,0.244958825180234,0.256185150257377
"reverse",0.569696170109397,0.555025445292621,0.244356700160568,0.255687106072172
"reverse",0.57045708457636,0.555661577608143,0.243777021942914,0.255189632384439
"reverse",0.570506317474135,0.556297709923664,0.243739542080183,0.254692727888694
"reverse",0.570511587141022,0.556933842239186,0.24373553059668,0.254196391283924
"reverse",0.571484456018874,0.557569974554707,0.242995577616968,0.253700621273575
"reverse",0.571910434523955,0.558206106870229,0.242671979664493,0.253205416565527
"reverse",0.572358148208728,0.558842239185751,0.242332130094862,0.252710775872075
"reverse",0.572397625624323,0.559478371501272,0.242302176415394,0.252216697909909
"reverse",0.572664228939883,0.560114503816794,0.242099943932606,0.251723181400093
"reverse",0.573265154918948,0.560750636132316,0.241644455375739,0.251230225068048
"reverse",0.573562656859553,0.561386768447837,0.241419132179473,0.250737827643529
"reverse",0.574437362131022,0.562022900763359,0.240757320785884,0.250245987860606
"reverse",0.574512653613364,0.562659033078881,0.240700401555432,0.249754704457647
"reverse",0.575598510578885,0.563295165394402,0.239880338516198,0.249263976177296
"reverse",0.577021404947432,0.563931297709924,0.238808076136934,0.248773801766452
"reverse",0.578302055912095,0.564567430025445,0.237845263740516,0.248284179976257
"reverse",0.579777681901695,0.565203562340967,0.236738506493083,0.247795109562069
"reverse",0.580096399276066,0.565839694656489,0.236499830238986,0.247306589283445
"reverse",0.580116560374704,0.56647582697201,0.236484736710137,0.246818617904127
"reverse",0.580116560374704,0.567111959287532,0.236484736710137,0.246331194192016
"reverse",0.580247694212173,0.567748091603053,0.236386576667683,0.245844316919158
"reverse",0.580247694212173,0.568384223918575,0.236386576667683,0.245357984861726
"reverse",0.580802128614533,0.569020356234097,0.235971800634664,0.244872196799997
"reverse",0.58113254102891,0.569656488549618,0.235724805177978,0.244386951518339
"reverse",0.584348575174022,0.57029262086514,0.233328010569435,0.243902247805187
"reverse",0.585109001218611,0.570928753180662,0.232763220724517,0.243418084453032
"reverse",0.585133066691448,0.571564885496183,0.232745358604626,0.242934460258396
"reverse",0.585426353001394,0.572201017811705,0.232527731670786,0.242451374021819
"reverse",0.585426353001394,0.572837150127227,0.232527731670786,0.241968824547837
"reverse",0.586889381412062,0.573473282442748,0.23144374810419,0.241486810644968
"reverse",0.587099601627478,0.57410941475827,0.231288214309863,0.241005331125694
"reverse",0.587099601627478,0.574745547073791,0.231288214309863,0.240524384806438
"reverse",0.587873138618377,0.575381679389313,0.230716383349496,0.240043970507557
"reverse",0.588419807899608,0.576017811704835,0.230312716099667,0.239564087053312
"reverse",0.58868342815452,0.576653944020356,0.230118189705662,0.239084733271862
"reverse",0.58868342815452,0.577290076335878,0.230118189705662,0.238605907995239
"reverse",0.58868342815452,0.5779262086514,0.230118189705662,0.238127610059336
"reverse",0.58868342815452,0.578562340966921,0.230118189705662,0.237649838303887
"reverse",0.589339754877062,0.579198473282443,0.229634261872111,0.23717259157245
"reverse",0.590089766725563,0.579834605597964,0.229081916784752,0.236695868712394
"reverse",0.590309697872773,0.580470737913486,0.228920081935446,0.236219668574877
"reverse",0.590780575613997,0.581106870229008,0.228573792375553,0.235743990014833
"reverse",0.591347668020109,0.581743002544529,0.228157111490171,0.235268831890953
"reverse",0.591805579277103,0.582379134860051,0.227820944822839,0.234794193065674
"reverse",0.592120136359662,0.583015267175573,0.227590169518934,0.234320072405154
"reverse",0.592389523259426,0.583651399491094,0.227392630824114,0.233846468779262
"reverse",0.593934960297269,0.584287531806616,0.2262611104574,0.233373381061562
"reverse",0.594414136759303,0.584923664122137,0.225910870439356,0.232900808129293
"reverse",0.594414136759303,0.585559796437659,0.225910870439356,0.232428748863356
"reverse",0.595013447315153,0.586195928753181,0.225473219097041,0.231957202148297
"reverse",0.596244954543515,0.586832061068702,0.224575282959261,0.231486166872291
"reverse",0.597137935882657,0.587468193384224,0.223925337424555,0.231015641927129
"reverse",0.597315960885478,0.588104325699746,0.223795880310893,0.230545626208197
"reverse",0.59764570210842,0.588740458015267,0.223556199320868,0.230076118614466
"reverse",0.597778806808481,0.589376590330789,0.223459486167407,0.229607118048473
"reverse",0.598865219801323,0.590012722646311,0.222670908633903,0.229138623416306
"reverse",0.599263294806748,0.590648854961832,0.222382322255242,0.22867063362759
"reverse",0.599548428811391,0.591284987277354,0.222175730803532,0.228203147595472
"reverse",0.599683335785853,0.591921119592875,0.222078019324307,0.227736164236603
"reverse",0.600670960408839,0.592557251908397,0.221363363622899,0.227269682471128
"reverse",0.601363978502604,0.593193384223919,0.220862589547894,0.226803701222664
"reverse",0.601363978502604,0.59382951653944,0.220862589547894,0.226338219418292
"reverse",0.602249312143639,0.594465648854962,0.220223687356838,0.225873235988538
"reverse",0.602510895931899,0.595101781170484,0.220035094810669,0.22540874986736
"reverse",0.602798010369645,0.595737913486005,0.219828189812798,0.224944759992133
"reverse",0.60297979553611,0.596374045801527,0.219697239823672,0.224481265303633
"reverse",0.604381889031955,0.597010178117048,0.218688558249842,0.224018264746024
"reverse",0.604554439490306,0.59764631043257,0.218564585281783,0.223555757266845
"reverse",0.604756172707674,0.598282442748092,0.218419690127389,0.223093741816991
"reverse",0.605598432744823,0.598918575063613,0.217815257436577,0.222632217350705
"reverse",0.606687098766622,0.599554707379135,0.217035240252983,0.222171182825559
"reverse",0.606752571976255,0.600190839694657,0.216988374052101,0.221710637202439
"reverse",0.606830328044961,0.600826972010178,0.216932722260008,0.221250579445537
"reverse",0.608591948420429,0.6014631043257,0.215673797590256,0.220791008522331
"reverse",0.609805574025444,0.602099236641221,0.214808610214278,0.220331923403574
"reverse",0.6109525801039,0.602735368956743,0.213992496792488,0.219873323063279
"reverse",0.612330070314493,0.603371501272265,0.213014412700494,0.219415206478708
"reverse",0.612559286708868,0.604007633587786,0.212851871625531,0.218957572630353
"reverse",0.613218746253157,0.604643765903308,0.212384577121872,0.218500420501927
"reverse",0.613218746253157,0.60527989821883,0.212384577121872,0.21804374908035
"reverse",0.613417279743952,0.605916030534351,0.212243994262,0.217587557355732
"reverse",0.614014984594898,0.606552162849873,0.211821030084453,0.217131844321365
"reverse",0.614102419924029,0.607188295165394,0.211759191239259,0.216676608973704
"reverse",0.614214675331712,0.607824427480916,0.211679811241301,0.216221850312357
"reverse",0.614419551908135,0.608460559796438,0.211534972744272,0.215767567340074
"reverse",0.615513150383672,0.609096692111959,0.210762663970595,0.215313759062729
"reverse",0.616098914812627,0.609732824427481,0.210349556165693,0.214860424489308
"reverse",0.616261203621205,0.610368956743003,0.210235172174531,0.214407562631899
"reverse",0.616586686954545,0.611005089058524,0.210005856587449,0.213955172505677
"reverse",0.617405105471766,0.611641221374046,0.20942978355323,0.21350325312889
"reverse",0.617994494317953,0.612277353689568,0.209015394001772,0.213051803522851
"reverse",0.61836387345834,0.612913486005089,0.208755891043157,0.212600822711917
"reverse",0.618502944055041,0.613549618320611,0.208658228801529,0.212150309723486
"reverse",0.618535574111985,0.614185750636132,0.208635317544571,0.211700263587976
"reverse",0.61867235929502,0.614821882951654,0.20853928671768,0.211250683338817
"reverse",0.620735435935538,0.615458015267176,0.20709346132963,0.21080156801244
"reverse",0.621054255761463,0.616094147582697,0.206870457877292,0.210352916648259
"reverse",0.621591588566692,0.616730279898219,0.206494871079386,0.209904728288665
"reverse",0.621687386006782,0.617366412213741,0.206427944346859,0.209457001979007
"reverse",0.621740416767168,0.618002544529262,0.206390900030222,0.209009736767588
"reverse",0.622070067147873,0.618638676844784,0.206160695595542,0.208562931705644
"reverse",0.623263569776627,0.619274809160305,0.205328257204526,0.208116585847339
"reverse",0.623985941283576,0.619910941475827,0.20482519507999,0.207670698249749
"reverse",0.623985941283576,0.620547073791349,0.20482519507999,0.207225267972852
"reverse",0.624796973083276,0.62118320610687,0.204261083126298,0.206780294079516
"reverse",0.625088025082778,0.621819338422392,0.204058820870489,0.206335775635485
"reverse",0.625112309066176,0.622455470737914,0.204041949334462,0.205891711709369
"reverse",0.625147114394803,0.623091603053435,0.204017769133323,0.205448101372634
"reverse",0.625381218481421,0.623727735368957,0.203855165677609,0.205004943699586
"reverse",0.625739541529259,0.624363867684478,0.203606400359914,0.204562237767364
"reverse",0.626045012642746,0.625,0.203394439889305,0.204119982655925
"reverse",0.627993126348277,0.625636132315522,0.202045109774509,0.203678177448034
"reverse",0.628975612837401,0.626272264631043,0.201366193053092,0.203236821229252
"reverse",0.629490188453505,0.626908396946565,0.201011034632702,0.202795913087927
"reverse",0.630087005750706,0.627544529262087,0.200599476723479,0.202355452115179
"reverse",0.631596851660187,0.628180661577608,0.199560043499107,0.201915437404891
"reverse",0.632724765060676,0.62881679389313,0.198785166775703,0.201475868053698
"reverse",0.633490087074203,0.629452926208652,0.198260176617409,0.201036743160974
"reverse",0.634100481089716,0.630089058524173,0.197841917315278,0.200598061828823
"reverse",0.635130816015697,0.630725190839695,0.197136815144889,0.200159823162068
"reverse",0.635354007908896,0.631361323155216,0.196984226138246,0.199722026268236
"reverse",0.637584040423487,0.631997455470738,0.195462562444379,0.199284670257555
"reverse",0.637663292742289,0.63263358778626,0.195408582571012,0.198847754242935
"reverse",0.637971146369652,0.633269720101781,0.195198962745623,0.198411277339961
"reverse",0.638603385404235,0.633905852417303,0.194768783481383,0.197975238666883
"reverse",0.63862878779849,0.634541984732825,0.194751508439484,0.197539637344603
"reverse",0.638957814780007,0.635178117048346,0.194527813849479,0.197104472496668
"reverse",0.640350490913582,0.635814249363868,0.193582253195923,0.196669743249253
"reverse",0.640736070004755,0.636450381679389,0.193320826869555,0.196235448731159
"reverse",0.640736070004755,0.637086513994911,0.193320826869555,0.195801588073794
"reverse",0.641139102935199,0.637722646310433,0.193047734781995,0.195368160411169
"reverse",0.642581579163697,0.638358778625954,0.192071728492291,0.194935164879885
"reverse",0.642647325332274,0.638994910941476,0.192027295631897,0.194502600619121
"reverse",0.642961871155496,0.639631043256998,0.191814780789237,0.194070466770628
"reverse",0.643221709512612,0.640267175572519,0.191639306046885,0.193638762478716
"reverse",0.644331749803527,0.640903307888041,0.190890468025463,0.193207486890242
"reverse",0.644331749803527,0.641539440203562,0.190890468025463,0.192776639154605
"reverse",0.645319039273077,0.642175572519084,0.19022552142742,0.192346218423731
"reverse",0.645451584140709,0.642811704834606,0.190136328965529,0.191916223852066
"reverse",0.645475458320582,0.643447837150127,0.190120265432519,0.191486654596566
"reverse",0.646729842027728,0.644083969465649,0.189277098958628,0.191057509816683
"reverse",0.647875298085129,0.644720101781171,0.188508578335014,0.190628788674362
"reverse",0.648854399807215,0.645356234096692,0.187852746118598,0.190200490334024
"reverse",0.649387600136257,0.645992366412214,0.18749600835525,0.189772613962564
"reverse",0.649464818875313,0.646628498727735,0.187444369428732,0.189345158729332
"reverse",0.649620806480564,0.647264631043257,0.187340073676075,0.188918123806131
"reverse",0.649786659046574,0.647900763358779,0.187229209522175,0.188491508367206
"reverse",0.650124912443951,0.6485368956743,0.187003191706035,0.18806531158923
"reverse",0.650511374680439,0.649173027989822,0.186745105070484,0.1876395326513
"reverse",0.650779604539675,0.649809160305344,0.186566066329329,0.187214170734923
"reverse",0.650952241003657,0.650445292620865,0.186450873535392,0.18678922502401
"reverse",0.651755344676678,0.651081424936387,0.185915398741802,0.186364694704865
"reverse",0.652296703416693,0.651717557251908,0.185554816313565,0.185940578966175
"reverse",0.652310694395091,0.65235368956743,0.185545501320066,0.185516876999004
"reverse",0.652563515321617,0.652989821882952,0.185377211175535,0.185093587996778
"reverse",0.652618047588997,0.653625954198473,0.18534092034291,0.184670711155282
"reverse",0.653312806196413,0.654262086513995,0.184878828713714,0.184248245672646
"reverse",0.653316408297392,0.654898218829517,0.184876434197257,0.183826190749339
"reverse",0.65333820144137,0.655534351145038,0.184861947366379,0.183404545588157
"reverse",0.65360652711619,0.65617048346056,0.18468361945546,0.182983309394219
"reverse",0.653748043641,0.656806615776081,0.184589597760906,0.18256248137495
"reverse",0.655206353955872,0.657442748091603,0.183621899595328,0.182142060740082
"reverse",0.6569383543621,0.658078880407125,0.182475381759037,0.181722046701636
"reverse",0.657044521746172,0.658715012722646,0.182405201378457,0.181302438473918
"reverse",0.657092253664821,0.659351145038168,0.182373652594073,0.180883235273509
"reverse",0.657242925392828,0.65998727735369,0.182274079971531,0.180464436319259
"reverse",0.658376071399043,0.660623409669211,0.181525961890869,0.180046040832271
"reverse",0.659074230238475,0.661259541984733,0.181065668915167,0.179628048035901
"reverse",0.659591176196008,0.661895674300254,0.180725162844098,0.179210457155743
"reverse",0.659786898662626,0.662531806615776,0.180596312456965,0.178793267419624
"reverse",0.659786898662626,0.663167938931298,0.180596312456965,0.178376478057594
"reverse",0.660710071705833,0.663804071246819,0.179989072860325,0.177960088301916
"reverse",0.661434583758511,0.664440203562341,0.179513101314027,0.177544097387062
"reverse",0.661509952159971,0.665076335877863,0.179463617635746,0.177128504549698
"reverse",0.663001271249917,0.665712468193384,0.1784856388708,0.176713309028684
"reverse",0.66344524801232,0.666348600508906,0.178194912237792,0.176298510065056
"reverse",0.663506026626553,0.666984732824428,0.178155128083992,0.175884106902026
"reverse",0.663976213239378,0.667620865139949,0.177847478830659,0.17547009878497
"reverse",0.664027530745638,0.668256997455471,0.177813914302086,0.175056484961418
"reverse",0.664037117955663,0.668893129770992,0.177807644016352,0.174643264681049
"reverse",0.665028816272684,0.669529262086514,0.177159535934378,0.174230437195683
"reverse",0.666762864593635,0.670165394402036,0.176028596233318,0.17381800175927
"reverse",0.668031443633105,0.670801526717557,0.175203095196669,0.173405957627884
"reverse",0.669269878352069,0.671437659033079,0.174398720730639,0.172994304059714
"reverse",0.670372255249635,0.672073791348601,0.173683968186441,0.172583040315057
"reverse",0.670803995360684,0.672709923664122,0.173404359366592,0.172172165656309
"reverse",0.671299131436524,0.673346055979644,0.173083914728634,0.171761679347958
"reverse",0.671503020380941,0.673982188295165,0.172952029559933,0.171351580656576
"reverse",0.671522941591818,0.674618320610687,0.172939145710771,0.170941868850808
"reverse",0.67181152191983,0.675254452926209,0.172752552052418,0.170532543201371
"reverse",0.671850741338815,0.67589058524173,0.172727199286743,0.17012360298104
"reverse",0.672725302876339,0.676526717557252,0.172162237111448,0.169715047464641
"reverse",0.673847909959448,0.677162849872774,0.171438114323556,0.169306875929048
"reverse",0.673898830813103,0.677798982188295,0.1714052971108,0.168899087653168
"reverse",0.674873147662487,0.678435114503817,0.170777851535614,0.168491681917942
"reverse",0.67578172183742,0.679071246819338,0.170193558954285,0.168084658006328
"reverse",0.678902368751772,0.67970737913486,0.168192676030236,0.167678015203301
"reverse",0.680107750919783,0.680343511450382,0.167422275642704,0.167271752795842
"reverse",0.680295412806678,0.680979643765903,0.167302457452579,0.166865870072932
"reverse",0.680631785600816,0.681615776081425,0.167087773152784,0.166460366325542
"reverse",0.681796480801354,0.682251908396947,0.166345244779901,0.166055240846627
"reverse",0.681887719702764,0.682888040712468,0.166287130809729,0.165650492931122
"reverse",0.682465383589391,0.68352417302799,0.165919372268714,0.165246121875927
"reverse",0.682781916439704,0.684160305343512,0.165717989746013,0.164842126979908
"reverse",0.684753971029306,0.684796437659033,0.164465440503553,0.164438507543883
"reverse",0.685132386498437,0.685432569974555,0.164225502711067,0.16403526287062
"reverse",0.685347834926786,0.686068702290076,0.164088954860358,0.163632392264825
"reverse",0.685476409540833,0.686704834605598,0.164007486727908,0.16322989503314
"reverse",0.685489036592801,0.68734096692112,0.163999486731981,0.162827770484129
"reverse",0.687718916305952,0.687977099236641,0.162589029846856,0.162426017928279
"reverse",0.68802952903643,0.688613231552163,0.162392922197083,0.162024636677986
"reverse",0.688542694965991,0.689249363867685,0.162069124959354,0.161623626047552
"reverse",0.689628167044309,0.689885496183206,0.161385008578218,0.161222985353177
"reverse",0.690020216714412,0.690521628498728,0.161138184800587,0.16082271391295
"reverse",0.690412131742568,0.691157760814249,0.160891585916018,0.160422811046846
"reverse",0.691794174000638,0.691793893129771,0.160023099751592,0.160023276076714
"reverse",0.692080769540886,0.692430025445293,0.15984321808811,0.159624108326276
"reverse",0.693369556645686,0.693066157760814,0.159035230564013,0.159225307121115
"reverse",0.694727881147966,0.693702290076336,0.158185271464305,0.15882687178867
"reverse",0.695312096164095,0.694338422391858,0.157820215240268,0.158428801658231
"reverse",0.696202307400074,0.694974554707379,0.157264541681637,0.15803109606093
"reverse",0.6962256149404,0.695610687022901,0.157250002564762,0.157633754329733
"reverse",0.696584751911028,0.696246819338422,0.157026036385647,0.157236775799439
"reverse",0.696637362871316,0.696882951653944,0.156993236662603,0.156840159806665
"reverse",0.696799311841699,0.697519083969466,0.156892286908976,0.156443905689847
"reverse",0.697005009619434,0.698155216284987,0.156764100464031,0.15604801278923
"reverse",0.698076727986646,0.698791348600509,0.156096839970186,0.15565248044686
"reverse",0.699240253119551,0.699427480916031,0.155373578650961,0.15525730800658
"reverse",0.700704762434852,0.700063613231552,0.154464930755107,0.154862494814022
"reverse",0.701407093808982,0.700699745547074,0.154029846115598,0.154468040216603
"reverse",0.701811055102279,0.701335877862595,0.153779794952043,0.154073943563513
"reverse",0.702262233777182,0.701972010178117,0.153500686422369,0.153680204205715
"reverse",0.703144985564663,0.702608142493639,0.152955116034892,0.153286821495935
"reverse",0.703268074652252,0.70324427480916,0.152879097241877,0.152893794788656
"reverse",0.703268074652252,0.703880407124682,0.152879097241877,0.152501123440112
"reverse",0.704181844451616,0.704516539440204,0.152315176306624,0.152108806808282
"reverse",0.704214276923228,0.705152671755725,0.152295174485766,0.151716844252882
"reverse",0.704492998684447,0.705788804071247,0.152123318591274,0.151325235135362
"reverse",0.70515507278936,0.706424936386768,0.151715365489595,0.150933978818896
"reverse",0.707306453170708,0.70706106870229,0.150392379576758,0.15054307466838
"reverse",0.708882161998332,0.707697201017812,0.149425951907472,0.15015252205042
"reverse",0.711222076567034,0.708333333333333,0.147994771185147,0.149762320333332
"reverse",0.71242401961003,0.708969465648855,0.147261446580721,0.149372468887133
"reverse",0.715313791443079,0.709605597964377,0.145503401559951,0.148982967083533
"reverse",0.71623843237383,0.710241730279898,0.144942379051475,0.148593814295932
"reverse",0.71623843237383,0.71087786259542,0.144942379051475,0.148205009899415
"reverse",0.716500086417373,0.711513994910941,0.144783752886196,0.147816553270741
"reverse",0.717000454160844,0.712150127226463,0.144480569242261,0.14742844378834
"reverse",0.717469172863779,0.712786259541985,0.144196754305146,0.147040680832309
"reverse",0.719160407336355,0.713422391857506,0.143174230269071,0.146653263784403
"reverse",0.720065621957921,0.714058524173028,0.142627923074896,0.146266192028028
"reverse",0.720401491999237,0.71469465648855,0.142425396398917,0.145879464948241
"reverse",0.720805096555357,0.715330788804071,0.142182151276991,0.145493081931738
"reverse",0.721141924064063,0.715966921119593,0.141979255707386,0.14510704236685
"reverse",0.72127860447362,0.716603053435115,0.141896950240071,0.144721345643539
"reverse",0.722329516050202,0.717239185750636,0.141264638502817,0.144335991153391
"reverse",0.72352169164448,0.717875318066158,0.140548443922577,0.143950978289608
"reverse",0.724122850921857,0.718511450381679,0.140187747405938,0.143566306447007
"reverse",0.724431123014725,0.719147582697201,0.140002899794752,0.143181975022011
"reverse",0.724793251755914,0.719783715012723,0.139785858845057,0.142797983412642
"reverse",0.725717880396007,0.720419847328244,0.13923217654412,0.14241433101852
"reverse",0.725789372294234,0.721055979643766,0.139189395446239,0.142031017240853
"reverse",0.725973679742001,0.721692111959288,0.139079124410127,0.141648041482434
"reverse",0.727811287308463,0.722328244274809,0.13798121341347,0.141265403147635
"reverse",0.727891195276697,0.722964376590331,0.137933533904622,0.140883101642399
"reverse",0.728029432323336,0.723600508905852,0.13785106294351,0.140501136374239
"reverse",0.730477616232379,0.724236641221374,0.136393087458228,0.140119506752227
"reverse",0.731193050077891,0.724872773536896,0.135967945183369,0.139738212186995
"reverse",0.733443853649269,0.725508905852417,0.134633126515446,0.139357252090722
"reverse",0.733510689363966,0.726145038167939,0.134593552852792,0.138976625877135
"reverse",0.735696045163174,0.726781170483461,0.13330157856186,0.138596332961501
"reverse",0.735798366908879,0.727417302798982,0.133241180412543,0.138216372760622
"reverse",0.735811841222759,0.728053435114504,0.133233227463951,0.137836744692827
"reverse",0.736353247888659,0.728689567430025,0.132913793264886,0.137457448177973
"reverse",0.737940226678038,0.729325699745547,0.131978814701642,0.137078482637431
"reverse",0.738805151606931,0.729961832061069,0.13147008493366,0.13669984749409
"reverse",0.741292674518179,0.73059796437659,0.130010291571299,0.136321542172344
"reverse",0.741831244164393,0.731234096692112,0.129694879173447,0.135943566098091
"reverse",0.743366033749226,0.731870229007634,0.128797286786553,0.135565918698727
"reverse",0.743782013033291,0.732506361323155,0.128554328443895,0.135188599403139
"reverse",0.743828962479004,0.733142493638677,0.128526915517338,0.134811607641703
"reverse",0.744288357322393,0.733778625954199,0.128258774492189,0.134434942846277
"reverse",0.744288357322393,0.73441475826972,0.128258774492189,0.134058604450194
"reverse",0.745892037679145,0.735050890585242,0.127324028872292,0.133682591888261
"reverse",0.746222659333955,0.735687022900763,0.127131567578373,0.133306904596751
"reverse",0.748452111755562,0.736323155216285,0.12583598191497,0.132931542013398
"reverse",0.749105862377901,0.736959287531807,0.1254568041993,0.132556503577395
"reverse",0.751111847113587,0.737595419847328,0.124295387939269,0.132181788729383
"reverse",0.751195126569437,0.73823155216285,0.124247238248424,0.131807396911453
"reverse",0.753514834880328,0.738867684478372,0.122908193059708,0.131433327567135
"reverse",0.754436013208269,0.739503816793893,0.122377588610703,0.131059580141398
"reverse",0.755058640459965,0.740139949109415,0.122019318252644,0.13068615408064
"reverse",0.757675671319392,0.740776081424936,0.120516657559032,0.13031304883269
"reverse",0.757675671319392,0.741412213740458,0.120516657559032,0.129940263846794
"reverse",0.75874509923898,0.74204834605598,0.11990410103081,0.129567798573618
"reverse",0.758959746671898,0.742684478371501,0.119781257387603,0.129195652465239
"reverse",0.75909617070401,0.743320610687023,0.119703199387464,0.128823824975143
"reverse",0.759656432510366,0.743956743002545,0.119382780352206,0.128452315558217
"reverse",0.762956474179438,0.744592875318066,0.117500237356887,0.128081123670746
"reverse",0.763334106064838,0.745229007633588,0.117285332738475,0.127710248770408
"reverse",0.764281118797784,0.745865139949109,0.116746869321505,0.127339690316268
"reverse",0.76497427564047,0.746501272264631,0.11635316894473,0.126969447768778
"reverse",0.765600596685106,0.747137404580153,0.115997736755575,0.126599520589764
"reverse",0.766144970357574,0.747773536895674,0.115689045159417,0.126229908242431
"reverse",0.766316012425931,0.748409669211196,0.115592099622005,0.125860610191349
"reverse",0.767454302936951,0.749045801526718,0.114947474578022,0.125491625902455
"reverse",0.768019899514448,0.749681933842239,0.114627527185473,0.125122954843047
"reverse",0.768509122787467,0.750318066157761,0.114350972728009,0.124754596481775
"reverse",0.768586007749009,0.750954198473283,0.11430752621139,0.124386550288643
"reverse",0.768586007749009,0.751590330788804,0.11430752621139,0.124018815735001
"reverse",0.769245883235549,0.752226463104326,0.113934819283128,0.12365139229354
"reverse",0.769342859971859,0.752862595419847,0.113880072409808,0.123284279438288
"reverse",0.770352725964828,0.753498727735369,0.113310376302207,0.122917476644605
"reverse",0.770957670471963,0.754134860050891,0.11296946628771,0.122550983389182
"reverse",0.770970250876258,0.754770992366412,0.112962379574914,0.122184799150031
"reverse",0.772088142206797,0.755407124681934,0.112333117424714,0.121818923406485
"reverse",0.772804936182271,0.756043256997455,0.111930112589101,0.12145335563919
"reverse",0.773817283896511,0.756679389312977,0.11136157415335,0.121088095330104
"reverse",0.774784373600098,0.757315521628499,0.11081914702325,0.12072314196249
"reverse",0.776025361609945,0.75795165394402,0.110124085149974,0.120358495020914
"reverse",0.776800544979783,0.758587786259542,0.109690478412063,0.119994153991238
"reverse",0.777021635029589,0.759223918575064,0.109566888736851,0.119630118360616
"reverse",0.777084651421284,0.759860050890585,0.109531668917671,0.119266387617492
"reverse",0.777214536916326,0.760496183206107,0.109459085010621,0.118902961251595
"reverse",0.777362562638149,0.761132315521629,0.109376378589202,0.118539838753933
"reverse",0.777402320356071,0.76176844783715,0.109354167439852,0.118177019616788
"reverse",0.777419876578702,0.762404580152672,0.109344359796731,0.117814503333716
"reverse",0.777447420110603,0.763040712468193,0.109328973269606,0.11745228939954
"reverse",0.779590988852348,0.763676844783715,0.108133189454773,0.117090377310343
"reverse",0.781075569960761,0.764312977099237,0.107306945598709,0.11672876656347
"reverse",0.781312748726635,0.764949109414758,0.107175089223692,0.11636745665752
"reverse",0.781691710077737,0.76558524173028,0.106964493756819,0.11600644709234
"reverse",0.782245496634888,0.766221374045801,0.106656928395573,0.115645737369027
"reverse",0.783299459754456,0.766857506361323,0.10607217299236,0.115285326989917
"reverse",0.783674987724003,0.767493638676845,0.105864014233474,0.114925215458584
"reverse",0.784128381120293,0.768129770992367,0.105612826795633,0.114565402279839
"reverse",0.784128578413322,0.768765903307888,0.10561271752365,0.11420588695972
"reverse",0.784947940837534,0.76940203562341,0.105159145492595,0.113846669005491
"reverse",0.785241343354564,0.770038167938931,0.104996842645558,0.113487747925637
"reverse",0.785355380375115,0.770674300254453,0.10493377661709,0.113129123229864
"reverse",0.78549463277281,0.771310432569975,0.104856778116198,0.112770794429088
"reverse",0.785801370294678,0.771946564885496,0.10468721819296,0.112412761035436
"reverse",0.785821993332593,0.772582697201018,0.104675820460177,0.11205502256224
"reverse",0.786759621285364,0.773218829516539,0.104157937393969,0.111697578524035
"reverse",0.787038169029506,0.773854961832061,0.104004205128954,0.111340428436552
"reverse",0.787044313010177,0.774491094147583,0.104000814840411,0.110983571816717
"reverse",0.787196690308895,0.775127226463104,0.103916740521336,0.110627008182646
"reverse",0.788239301735695,0.775763358778626,0.103341914939314,0.11027073705364
"reverse",0.788759552710498,0.776399491094148,0.103055367951506,0.109914757950182
"reverse",0.788915100596557,0.777035623409669,0.102969731044474,0.109559070393934
"reverse",0.789219147791699,0.777671755725191,0.10280238657317,0.109203673907731
"reverse",0.789674366481699,0.778307888040713,0.102551959335592,0.108848568015581
"reverse",0.789719871471593,0.778944020356234,0.102526933834624,0.108493752242656
"reverse",0.791378800395326,0.779580152671756,0.10161558787672,0.108139226115292
"reverse",0.791378800395326,0.780216284987277,0.10161558787672,0.107784989160985
"reverse",0.791378800395326,0.780852417302799,0.10161558787672,0.107431040908383
"reverse",0.791705479507286,0.781488549618321,0.101436349235427,0.107077380887289
"reverse",0.792013862945353,0.782124681933842,0.101267216708513,0.106724008628653
"reverse",0.792173463035335,0.782760814249364,0.101179710089203,0.106370923664568
"reverse",0.792560904057138,0.783396946564885,0.10096735462487,0.106018125528267
"reverse",0.79450891728311,0.784033078880407,0.0999012240637569,0.105665613754121
"reverse",0.79450891728311,0.784669211195929,0.0999012240637569,0.105313387877634
"reverse",0.794702435820541,0.78530534351145,0.0997954558370154,0.104961447435438
"reverse",0.800447878734574,0.785941475826972,0.0966669419644449,0.104609791965291
"reverse",0.800529019443744,0.786577608142494,0.0966229201396197,0.104258421006073
"reverse",0.800871562352287,0.787213740458015,0.09643712715446,0.103907334097783
"reverse",0.80165102184751,0.787849872773537,0.096014649508684,0.103556530781533
"reverse",0.802560730414898,0.788486005089059,0.0955220942674587,0.103206010599549
"reverse",0.802561376126422,0.78912213740458,0.0955217448498653,0.102855773095161
"reverse",0.804022821053411,0.789758269720102,0.0947316242404659,0.102505817812806
"reverse",0.804833592675996,0.790394402035623,0.0942939050399518,0.102156144298019
"reverse",0.806643924280094,0.791030534351145,0.0933181329940571,0.101806752097434
"reverse",0.807307866064347,0.791666666666667,0.092960815915323,0.101457640758777
"reverse",0.807755411928066,0.792302798982188,0.0927201235453889,0.101108809830864
"reverse",0.809134195771032,0.79293893129771,0.0919794442101671,0.100760258863597
"reverse",0.809296911518634,0.793575063613232,0.0918921169816899,0.100411987407962
"reverse",0.811034157581031,0.794211195928753,0.0909608546216823,0.100063995016023
"reverse",0.811233897681059,0.794847328244275,0.0908539104906998,0.0997162812409202
"reverse",0.811328449713528,0.795483460559797,0.0908032949614212,0.0993688456368677
"reverse",0.811328449713528,0.796119592875318,0.0908032949614212,0.099021687759147
"reverse",0.811713299481019,0.79675572519084,0.090597338295675,0.0986748071641058
"reverse",0.811760857321883,0.797391857506361,0.0905718939634966,0.0983282034091538
"reverse",0.812498319649899,0.798027989821883,0.0901775285245109,0.0979818760527598
"reverse",0.814118169047167,0.798664122137405,0.0893125528007476,0.0976358246544479
"reverse",0.814240210564507,0.799300254452926,0.0892474541611524,0.0972900487747943
"reverse",0.816856733305455,0.799936386768448,0.0878541067367042,0.0969445479754241
"reverse",0.81766599638251,0.800572519083969,0.0874240625273369,0.0965993218190076
"reverse",0.81783161590691,0.801208651399491,0.0873361044095778,0.0962543698692573
"reverse",0.81819018443561,0.801844783715013,0.0871457348975586,0.0959096916909243
"reverse",0.81969413695735,0.802480916030534,0.0863481712890985,0.0955652868497956
"reverse",0.819793429688341,0.803117048346056,0.0862955666996006,0.0952211549126901
"reverse",0.821781160193258,0.803753180661578,0.0852438194113296,0.0948772954474555
"reverse",0.822253647252117,0.804389312977099,0.084994191450713,0.0945337080229655
"reverse",0.822345077144377,0.805025445292621,0.0849459030784294,0.094190392209116
"reverse",0.822345077144377,0.805661577608143,0.0849459030784294,0.0938473475768223
"reverse",0.823451322284158,0.806297709923664,0.0843620687325037,0.0935045736980155
"reverse",0.823735029732861,0.806933842239186,0.0842124650394982,0.0931620701456396
"reverse",0.823908886438078,0.807569974554707,0.0841208129449445,0.0928198364936481
"reverse",0.823908886438078,0.808206106870229,0.0841208129449445,0.092477872317001
"reverse",0.824207261132935,0.808842239185751,0.083963563730291,0.0921361771916614
"reverse",0.824314420753304,0.809478371501272,0.083907102438473,0.0917947506945928
"reverse",0.825052646997725,0.810114503816794,0.0835183380305667,0.0914535924037552
"reverse",0.82517152860134,0.810750636132316,0.0834557651688881,0.0911127018981027
"reverse",0.825242023496066,0.811386768447837,0.0834186647175963,0.0907720787575802
"reverse",0.825419025608272,0.812022900763359,0.0833255250134122,0.09043172256312
"reverse",0.825537592769551,0.812659033078881,0.0832631453440815,0.0900916328966387
"reverse",0.825651313343017,0.813295165394402,0.0832033239421444,0.0897518093410348
"reverse",0.825704346989285,0.813931297709924,0.0831754290186091,0.0894122514801848
"reverse",0.825704346989285,0.814567430025445,0.0831754290186091,0.0890729588989406
"reverse",0.825770584702613,0.815203562340967,0.083140591464789,0.0887339311831263
"reverse",0.826129190860951,0.815839694656489,0.0829520319886112,0.0883951679195352
"reverse",0.827297490463181,0.81647582697201,0.0823382930661288,0.0880566686959269
"reverse",0.827454818490802,0.817111959287532,0.0822557106831574,0.0877184331010241
"reverse",0.82810099755694,0.817748091603053,0.0819166921924783,0.0873804607245097
"reverse",0.828285768482281,0.818384223918575,0.0818198005784304,0.0870427511570237
"reverse",0.828561095010726,0.819020356234097,0.0816754628055673,0.0867053039901604
"reverse",0.828901676673849,0.819656488549618,0.0814969818869724,0.0863681188164655
"reverse",0.828901676673849,0.82029262086514,0.0814969818869724,0.0860311952294328
"reverse",0.828901676673849,0.820928753180662,0.0814969818869724,0.0856945328235014
"reverse",0.829272005567451,0.821564885496183,0.081302995214313,0.0853581311940531
"reverse",0.831174380357439,0.822201017811705,0.0803078516886903,0.085021989937409
"reverse",0.831222415349483,0.822837150127226,0.0802827537914342,0.0846861086508269
"reverse",0.831359958530885,0.823473282442748,0.080210896606153,0.0843504869324983
"reverse",0.831467263267367,0.82410941475827,0.0801548452565119,0.0840151243815455
"reverse",0.832297883556796,0.824745547073791,0.079721209729389,0.0836800205980188
"reverse",0.834709059130957,0.825381679389313,0.0784648730577181,0.0833451751828936
"reverse",0.834907398424962,0.826017811704835,0.0783616904843237,0.0830105877380676
"reverse",0.835357480009948,0.826653944020356,0.0781276342504645,0.0826762578663577
"reverse",0.835407829466135,0.827290076335878,0.0781014588314857,0.0823421851714976
"reverse",0.83553940628068,0.8279262086514,0.0780330627943171,0.0820083692581345
"reverse",0.835570081383612,0.828562340966921,0.0780171188624144,0.081674809731827
"reverse",0.836226071497559,0.829198473282443,0.0776762963275609,0.0813415061990414
"reverse",0.837509350477523,0.829834605597964,0.0770103355291801,0.0810084582671495
"reverse",0.837825618967777,0.830470737913486,0.0768463639482677,0.0806756655444258
"reverse",0.839008859336408,0.831106870229008,0.0762334533064589,0.0803431276400447
"reverse",0.839978447164829,0.831743002544529,0.0757318572684396,0.0800108441640772
"reverse",0.840215116061389,0.832379134860051,0.0756095094643014,0.0796788147274893
"reverse",0.842307771819785,0.833015267175573,0.0745291921342066,0.0793470389421381
"reverse",0.842749904355619,0.833651399491094,0.0743012880954262,0.0790155164207698
"reverse",0.843172402908726,0.834287531806616,0.0740836163874513,0.0786842467770167
"reverse",0.843497056711044,0.834923664122137,0.0739164284943965,0.0783532296253946
"reverse",0.844347055241299,0.835559796437659,0.0734790069340656,0.0780224645813
"reverse",0.845113723823027,0.836195928753181,0.0730848457182807,0.0776919512610076
"reverse",0.845401596449145,0.836832061068702,0.07293693638824,0.0773616892816673
"reverse",0.845523608804519,0.837468193384224,0.0728742614779716,0.0770316782613021
"reverse",0.845666520388453,0.838104325699746,0.072800862619524,0.0767019178188049
"reverse",0.845788391931433,0.838740458015267,0.0727382796463412,0.0763724075739359
"reverse",0.846491761715471,0.839376590330789,0.0723772642046874,0.0760431471473206
"reverse",0.846624060340054,0.84001272264631,0.072309393404606,0.0757141361604462
"reverse",0.84714418708577,0.840648854961832,0.0720426648447827,0.07538537423566
"reverse",0.847155113496119,0.841284987277354,0.0720370633790676,0.0750568609961657
"reverse",0.847272402566193,0.841921119592875,0.0719769392421315,0.0747285960660221
"reverse",0.847356369814746,0.842557251908397,0.0719339014826748,0.0744005790701393
"reverse",0.847447996370046,0.843193384223919,0.0718869427797173,0.0740728096342769
"reverse",0.847584016393258,0.84382951653944,0.0718172417413991,0.0737452873850411
"reverse",0.847678914774785,0.844465648854962,0.0717686193799659,0.0734180119498824
"reverse",0.848136172137222,0.845101781170484,0.071534414181933,0.0730909829570927
"reverse",0.84820273468725,0.845737913486005,0.0715003316668446,0.0727642000358032
"reverse",0.848248852996916,0.846374045801527,0.0714767189359504,0.0724376628159814
"reverse",0.849236601559883,0.847010178117048,0.0709712962854422,0.072111370928429
"reverse",0.849310815034092,0.84764631043257,0.0709333456200236,0.0717853240047792
"reverse",0.850756956698813,0.848282442748092,0.0701944909614457,0.0714595216774941
"reverse",0.851117014322296,0.848918575063613,0.0700107275993619,0.0711339635798626
"reverse",0.851139907250345,0.849554707379135,0.069999046316471,0.0708086493459974
"reverse",0.851999937121627,0.850190839694657,0.0695604372846279,0.0704835786108331
"reverse",0.852421694818224,0.850826972010178,0.0693455056730613,0.0701587510101231
"reverse",0.852688141564005,0.8514631043257,0.0692097767600183,0.0698341661804377
"reverse",0.853084195262744,0.852099236641221,0.0690081039631542,0.0695098237591614
"reverse",0.854090997882653,0.852735368956743,0.0684958555721983,0.0691857233844907
"reverse",0.85532186387234,0.853371501272265,0.0678704263249658,0.0688618646954313
"reverse",0.855340395219384,0.854007633587786,0.0678610170313183,0.0685382473317959
"reverse",0.85579011328266,0.854643765903308,0.0676327351126458,0.0682148709342018
"reverse",0.856168931515469,0.85527989821883,0.0674405358058477,0.0678917351440687
"reverse",0.857841323342751,0.855916030534351,0.0665930370576936,0.0675688396036157
"reverse",0.857857846867857,0.856552162849873,0.0665846718665226,0.0672461839558598
"reverse",0.858559932083373,0.857188295165394,0.0662293833631419,0.0669237678446128
"reverse",0.858810776268071,0.857824427480916,0.0661025147197246,0.0666015909144791
"reverse",0.859352383223563,0.858460559796438,0.065828714273449,0.0662796528108537
"reverse",0.860055172934739,0.859096692111959,0.0654736876720987,0.0659579531799194
"reverse",0.860463974849953,0.859732824427481,0.0652673076157784,0.0656364916686449
"reverse",0.86101489104412,0.860368956743003,0.0649893374634564,0.0653152679247821
"reverse",0.861470806385104,0.861005089058524,0.0647594353844739,0.0649942815968639
"reverse",0.862559028256238,0.861641221374046,0.0642111747836538,0.0646735323342021
"reverse",0.864016144141287,0.862277353689568,0.0634781426530831,0.0643530197868847
"reverse",0.866224808691051,0.862913486005089,0.0623693822278141,0.0640327436057742
"reverse",0.866669160263852,0.863549618320611,0.0621466571866063,0.0637127034425045
"reverse",0.866909204745174,0.864185750636132,0.0620263857337318,0.0633928989494795
"reverse",0.866966289618374,0.864821882951654,0.0619977889336496,0.0630733297798702
"reverse",0.866992373807231,0.865458015267176,0.0619847226252937,0.0627539955876126
"reverse",0.867118064814785,0.866094147582697,0.0619217659532324,0.0624348960274057
"reverse",0.868926788026714,0.866730279898219,0.0610168137647363,0.062116030754709
"reverse",0.869199187294049,0.867366412213741,0.0608806884190176,0.0617973994257404
"reverse",0.869223996334081,0.868002544529262,0.0608682927845261,0.0614790016974738
"reverse",0.870523036538044,0.868638676844784,0.0602197317161184,0.061160837227637
"reverse",0.873160870789219,0.869274809160305,0.0589057346911248,0.0608429056747096
"reverse",0.873240049448106,0.869910941475827,0.058866354438556,0.0605252066979207
"reverse",0.874905418560973,0.870547073791349,0.0580388937402537,0.0602077399572467
"reverse",0.87496155235378,0.87118320610687,0.0580110303690627,0.0598905051134089
"reverse",0.87514650531288,0.871819338422392,0.0579192371229303,0.0595735018278719
"reverse",0.87514650531288,0.872455470737913,0.0579192371229303,0.0592567297628408
"reverse",0.875808974555276,0.873091603053435,0.0575906088357588,0.0589401885812596
"reverse",0.876672349330852,0.873727735368957,0.0571626910872816,0.0586238779468084
"reverse",0.877392327531964,0.874363867684478,0.0568061676574238,0.0583077975239018
"reverse",0.878306953648874,0.875,0.0563536788789988,0.0579919469776868
"reverse",0.879884285163357,0.875636132315522,0.0555744387809585,0.05767632597404
"reverse",0.880015185794003,0.876272264631043,0.0555098334752462,0.0573609341795664
"reverse",0.880712939472738,0.876908396946565,0.0551656229365301,0.0570457712615966
"reverse",0.881186253342806,0.877544529262087,0.0549322865370791,0.0567308368881848
"reverse",0.881758166528057,0.878180661577608,0.0546505093620351,0.0564161307281071
"reverse",0.881764090555648,0.87881679389313,0.0546475915962025,0.056101652450859
"reverse",0.882321627122368,0.879452926208652,0.0543730753864499,0.0557874017266532
"reverse",0.882659764572333,0.880089058524173,0.0542066699714894,0.0554733782264183
"reverse",0.883678431784895,0.880725190839695,0.0537057448380457,0.0551595816217958
"reverse",0.884277324847398,0.881361323155216,0.0534115112733559,0.0548460115851385
"reverse",0.885334238184107,0.881997455470738,0.0528927401552747,0.0545326677895086
"reverse",0.886272707650676,0.88263358778626,0.0524326243831538,0.0542195499086752
"reverse",0.886337571289682,0.883269720101781,0.0524008408367716,0.0539066576171127
"reverse",0.88730842654872,0.883905852417303,0.051925394074169,0.0535939905899984
"reverse",0.888883466052798,0.884541984732825,0.0511551719517276,0.0532815485032108
"reverse",0.889301782177618,0.885178117048346,0.0509508373490953,0.0529693310333273
"reverse",0.891690450672311,0.885814249363868,0.0497858842973852,0.0526573378576226
"reverse",0.892076618894998,0.886450381679389,0.0495978432311711,0.0523455686540661
"reverse",0.892662570466719,0.887086513994911,0.0493126749052656,0.0520340231013204
"reverse",0.893024157311905,0.887722646310433,0.0491367927963867,0.0517227008787393
"reverse",0.894225085668648,0.888358778625954,0.0485531510474382,0.0514116016663652
"reverse",0.89593893790514,0.888994910941476,0.0477215883674733,0.0511007251449282
"reverse",0.896227272276911,0.889631043256997,0.0475818446015523,0.050790070995843
"reverse",0.896227272276911,0.890267175572519,0.0475818446015523,0.0504796389012079
"reverse",0.896227272276911,0.890903307888041,0.0475818446015523,0.0501694285438021
"reverse",0.896576389552922,0.891539440203562,0.0474127020326773,0.0498594396070842
"reverse",0.898565402708744,0.892175572519084,0.0464503069781791,0.0495496717751901
"reverse",0.898695692819843,0.892811704834606,0.0463873397481681,0.0492401247329312
"reverse",0.898719406733232,0.893447837150127,0.0463758801562994,0.0489307981657922
"reverse",0.899598887140465,0.894083969465649,0.0459510904852428,0.0486216917599296
"reverse",0.899962934771394,0.89472010178117,0.0457753767337128,0.0483128052021694
"reverse",0.900389083743744,0.895356234096692,0.0455697789964775,0.0480041381800053
"reverse",0.90042812114308,0.895992366412214,0.045550950070281,0.047695690381597
"reverse",0.901231637697399,0.896628498727736,0.0451635707917207,0.0473874614957679
"reverse",0.901712288470837,0.897264631043257,0.0449320117503749,0.047079451212004
"reverse",0.901877388078304,0.897900763358779,0.0448525015939131,0.0467716592204509
"reverse",0.90193997674094,0.8985368956743,0.0448223633866272,0.0464640852119129
"reverse",0.901976628893071,0.899173027989822,0.044804715312018,0.0461567288778507
"reverse",0.903409026388287,0.899809160305344,0.0441155745106876,0.0458495899103795
"reverse",0.903426591974927,0.900445292620865,0.0441071303143569,0.0455426680022673
"reverse",0.903786401258662,0.901081424936387,0.0439341975287766,0.0452359628469331
"reverse",0.903891874539999,0.901717557251908,0.0438835176431597,0.0449294741384449
"reverse",0.904058763498426,0.90235368956743,0.0438033396201359,0.044623201571518
"reverse",0.904178497498191,0.902989821882952,0.0437458252478886,0.0443171448415131
"reverse",0.904491018126556,0.903625954198473,0.0435957414602667,0.0440113036444344
"reverse",0.905081272842407,0.904262086513995,0.0433124210575592,0.0437056776769282
"reverse",0.905481032990302,0.904898218829516,0.0431206423724761,0.0434002666362803
"reverse",0.905778785311132,0.905534351145038,0.0429778553578594,0.0430950702204152
"reverse",0.906451412713298,0.90617048346056,0.0426554698431824,0.0427900881278934
"reverse",0.906953404313026,0.906806615776081,0.0424150247034701,0.0424853200579103
"reverse",0.906953404313026,0.907442748091603,0.0424150247034701,0.0421807657102939
"reverse",0.908148702965894,0.908078880407125,0.0418430329878252,0.0418764247855034
"reverse",0.908876370065754,0.908715012722646,0.0414951876798915,0.0415722969846273
"reverse",0.909006519375088,0.909351145038168,0.041433002016236,0.0412683820093814
"reverse",0.909996323312259,0.90998727735369,0.0409603623694815,0.0409646795621076
"reverse",0.91013399915963,0.910623409669211,0.0408946617323563,0.0406611893457717
"reverse",0.910931130961195,0.911259541984733,0.0405144557098984,0.0403579110639615
"reverse",0.911823954760615,0.911895674300254,0.0400890025226354,0.0400548444208858
"reverse",0.913429456845017,0.912531806615776,0.0393249871028243,0.0397519891213719
"reverse",0.913722187942803,0.913167938931298,0.039185828974488,0.0394493448708643
"reverse",0.914269831892709,0.913804071246819,0.0389256103848807,0.0391469113754228
"reverse",0.914527845069219,0.914440203562341,0.0388030668132526,0.038844688341721
"reverse",0.91467456180454,0.915076335877863,0.0387333989968863,0.0385426754770442
"reverse",0.915301521443989,0.915712468193384,0.0384358157389031,0.0382408724892883
"reverse",0.915301521443989,0.916348600508906,0.0384358157389031,0.0379392790869573
"reverse",0.915301521443989,0.916984732824428,0.0384358157389031,0.0376378949791625
"reverse",0.916151218577857,0.917620865139949,0.038032836404585,0.0373367198756201
"reverse",0.916209771564887,0.918256997455471,0.0380050806956263,0.0370357534866498
"reverse",0.916264713993958,0.918893129770992,0.0379790381024409,0.0367349955231733
"reverse",0.919030148061644,0.919529262086514,0.0366702416910871,0.0364344456967124
"reverse",0.920141351078601,0.920165394402036,0.0361454517000656,0.0361341037193874
"reverse",0.920141351078601,0.920801526717557,0.0361454517000656,0.0358339693039153
"reverse",0.921232023689635,0.921437659033079,0.0356309735845246,0.0355340421636085
"reverse",0.921953736588787,0.9220737913486,0.0352908711896459,0.0352343220123729
"reverse",0.92227453994315,0.922709923664122,0.0351397802105583,0.0349348085647062
"reverse",0.922329666330913,0.923346055979644,0.0351138222452252,0.0346355015356965
"reverse",0.92272959285592,0.923982188295165,0.0349255509094049,0.0343364006410207
"reverse",0.923318823241249,0.924618320610687,0.0346483106037044,0.0340375055969425
"reverse",0.924021515440796,0.925254452926209,0.0343179163032411,0.0337388161203111
"reverse",0.924152941976388,0.92589058524173,0.0342561496025377,0.0334403319285595
"reverse",0.924672573932936,0.926526717557252,0.0340120234853354,0.033142052739703
"reverse",0.926139299221364,0.927162849872774,0.0333236868241985,0.0328439782723374
"reverse",0.926300953855054,0.927798982188295,0.0332478887352213,0.0325461082456376
"reverse",0.928563799930458,0.928435114503817,0.0321882513147875,0.0322484423793559
"reverse",0.929021568899453,0.929071246819338,0.0319742029651596,0.0319509803938206
"reverse",0.929126594465329,0.92970737913486,0.0319251088997169,0.0316537220099339
"reverse",0.930462431332052,0.930343511450382,0.0313011574010974,0.0313566669491711
"reverse",0.930649107701896,0.930979643765903,0.0312140347156521,0.0310598149335784
"reverse",0.930819372130417,0.931615776081425,0.0311345867929197,0.0307631656857716
"reverse",0.931319252827602,0.932251908396947,0.0309014189388164,0.0304667189289348
"reverse",0.931765044847191,0.932888040712468,0.030693586133698,0.0301704743868181
"reverse",0.933232497820335,0.93352417302799,0.0300101462410109,0.029874431783737
"reverse",0.93423250901413,0.934160305343512,0.0295450243959116,0.02957859084457
"reverse",0.934535564943729,0.934796437659033,0.0294041663398256,0.0292829512947577
"reverse",0.937079505871011,0.935432569974555,0.0282235601301252,0.0289875128603009
"reverse",0.93809533149894,0.936068702290076,0.027753025330757,0.0286922752677593
"reverse",0.938395674503649,0.936704834605598,0.0276140027505048,0.0283972382442498
"reverse",0.93913750362855,0.93734096692112,0.0272708159392391,0.0281024015174452
"reverse",0.939642670800728,0.937977099236641,0.0270372693821818,0.0278077648155722
"reverse",0.940916407447668,0.938613231552163,0.0264489582909174,0.0275133278674108
"reverse",0.940979043903819,0.939249363867684,0.0264200484306349,0.0272190904022919
"reverse",0.941687895116795,0.939885496183206,0.0260930121626126,0.0269250521500961
"reverse",0.943380415375888,0.940521628498728,0.0253131439716702,0.0266312128412526
"reverse",0.943783175900807,0.941157760814249,0.0251277687588746,0.0263375722067373
"reverse",0.944261782984322,0.941793893129771,0.0249075871166479,0.0260441299780711
"reverse",0.94445335665539,0.942430025445293,0.0248194855424486,0.0257508858873192
"reverse",0.945770368167729,0.943066157760814,0.0242142969423303,0.0254578396670889
"reverse",0.945770368167729,0.943702290076336,0.0242142969423303,0.0251649910505284
"reverse",0.946168688842769,0.944338422391857,0.0240314279718815,0.0248723397713256
"reverse",0.948578116373703,0.944974554707379,0.0229268987098394,0.0245798855637062
"reverse",0.949318659011817,0.945610687022901,0.0225879829143759,0.0242876281624325
"reverse",0.949982440975455,0.946246819338422,0.0222844219300394,0.0239955673028019
"reverse",0.950102295762948,0.946882951653944,0.0222296325073357,0.0237037027206455
"reverse",0.950122313267455,0.947519083969466,0.0222204825450546,0.0234120341523267
"reverse",0.950572743073767,0.948155216284987,0.0220146429156249,0.0231205613347395
"reverse",0.950753313510004,0.948791348600509,0.0219321523359404,0.0228292840053076
"reverse",0.950761938488594,0.949427480916031,0.0219282125509671,0.0225382019019824
"reverse",0.95153109691503,0.950063613231552,0.0215770140002736,0.022247314763242
"reverse",0.951561093130361,0.950699745547074,0.0215633234487959,0.0219566223280896
"reverse",0.951853736274036,0.951335877862596,0.0214297810370179,0.0216661243360521
"reverse",0.952080353655471,0.951972010178117,0.0213263964931454,0.0213758205271789
"reverse",0.952378596704866,0.952608142493639,0.0211903732812483,0.0210857106420401
"reverse",0.953703597938744,0.95324427480916,0.0205865789446825,0.0207957944217255
"reverse",0.953981026650576,0.953880407124682,0.0204602627203271,0.0205060716078432
"reverse",0.954716323080341,0.954516539440204,0.0201256521045035,0.0202165419425177
"reverse",0.958088330762992,0.955152671755725,0.0185944493822833,0.0199272051683892
"reverse",0.959051672139503,0.955788804071247,0.0181579931207825,0.019638061028612
"reverse",0.959443153338079,0.956424936386768,0.0179807519581665,0.0193491092668528
"reverse",0.959951972207199,0.95706106870229,0.0177504948012295,0.0190603496272897
"reverse",0.961975110846136,0.957697201017812,0.0168361643052375,0.0187717818546109
"reverse",0.962278177547466,0.958333333333333,0.0166993629829599,0.0184834056940131
"reverse",0.962653995910381,0.958969465648855,0.0165297821057361,0.0181952208912002
"reverse",0.96498544301124,0.959605597964377,0.0154792380215709,0.0179072271923818
"reverse",0.966169635679523,0.960241730279898,0.0149466154357607,0.0176194243442725
"reverse",0.967050094609375,0.96087786259542,0.0145510282448955,0.0173318120940898
"reverse",0.967091111893034,0.961513994910941,0.0145326081007007,0.0170443901895532
"reverse",0.967091111893034,0.962150127226463,0.0145326081007007,0.0167571583788826
"reverse",0.967328096757198,0.962786259541985,0.0144261976402837,0.0164701164107973
"reverse",0.967328096757198,0.963422391857506,0.0144261976402837,0.0161832640345146
"reverse",0.967417155503413,0.964058524173028,0.0143862154027995,0.015896600999748
"reverse",0.967734218372057,0.96469465648855,0.0142439023441317,0.0156101270567068
"reverse",0.96785258719432,0.965330788804071,0.0141907846784662,0.0153238419560939
"reverse",0.967878446285842,0.965966921119593,0.014179181350771,0.0150377454491051
"reverse",0.968334259428193,0.966603053435115,0.0139747026428534,0.0147518372874274
"reverse",0.968334259428193,0.967239185750636,0.0139747026428534,0.0144661172232381
"reverse",0.968334259428193,0.967875318066158,0.0139747026428534,0.0141805850092032
"reverse",0.969101037648456,0.968511450381679,0.013630941416047,0.0138952403984761
"reverse",0.969478344406869,0.969147582697201,0.0134618874719584,0.0136100831446967
"reverse",0.970455568914848,0.969783715012723,0.013024343445969,0.0133251130019896
"reverse",0.97111303994543,0.970419847328244,0.0127302142040725,0.0130403297249633
"reverse",0.9720435971892,0.971055979643766,0.0123142560674659,0.0127557330687085
"reverse",0.972051165871766,0.971692111959288,0.0123108745069204,0.0124713227887973
"reverse",0.972290799002046,0.972328244274809,0.0122038240512199,0.0121870986412815
"reverse",0.973569350866994,0.972964376590331,0.0116331066749271,0.0119030603826916
"reverse",0.974672646345029,0.973600508905852,0.0111412220015378,0.0116192077700357
"reverse",0.97481303412669,0.974236641221374,0.0110786725408076,0.0113355405607976
"reverse",0.975609753343709,0.974872773536896,0.0107238666176554,0.0110520585129364
"reverse",0.97562883592085,0.975508905852417,0.0107153720563048,0.0107687613848848
"reverse",0.976075971807637,0.976145038167939,0.0105163781808775,0.0104856489355477
"reverse",0.976774621536354,0.976781170483461,0.0102056327137699,0.0102027209243014
"reverse",0.977316546187493,0.977417302798982,0.00996474846484824,0.00991997711099208
"reverse",0.978691878562017,0.978053435114504,0.00935401555397227,0.00963741725593474
"reverse",0.978952074314069,0.978689567430025,0.00923856904509074,0.00935504111991185
"reverse",0.979283604845414,0.979325699745547,0.00909151638615543,0.00907284846417219
"reverse",0.979403681902783,0.979961832061069,0.00903826765795189,0.00879083905042966
"reverse",0.980232746426125,0.98059796437659,0.00867079319798961,0.00850901264086204
"reverse",0.981355890890845,0.981234096692112,0.00817346619738206,0.00822736899810981
"reverse",0.981451497570289,0.981870229007633,0.00813115796724945,0.00794590788527494
"reverse",0.984382089984153,0.982506361323155,0.00683629652532191,0.00766462906591967
"reverse",0.984619518512446,0.983142493638677,0.00673155928210293,0.00738353230406533
"reverse",0.984903866957458,0.983778625954199,0.00660615740835464,0.00710261736419128
"reverse",0.985306184099823,0.98441475826972,0.0064287914292917,0.00682188401123349
"reverse",0.98582479480708,0.985050890585242,0.0062002629590633,0.0065413320105835
"reverse",0.986808732055675,0.985687022900763,0.00576701618795954,0.00626096112808726
"reverse",0.987297463856033,0.986323155216285,0.00555197858886569,0.00598077113004389
"reverse",0.988668915390811,0.986959287531807,0.00494912022482797,0.00570076178320456
"reverse",0.989249997191878,0.987595419847328,0.00469394229473919,0.00542093285477129
"reverse",0.989542511725123,0.98823155216285,0.0045655433362656,0.00514128411239584
"reverse",0.990198208141256,0.988867684478372,0.0042778639013929,0.00486181532417848
"reverse",0.990821672607209,0.989503816793893,0.00400450249922113,0.0045825262586669
"reverse",0.991041691675637,0.990139949109415,0.00390807499624952,0.00430341668485503
"reverse",0.99107169520339,0.990776081424936,0.00389492704353603,0.00402448637218188
"reverse",0.992039934860817,0.991412213740458,0.00347084484118419,0.00374573509053041
"reverse",0.992527080377501,0.99204834605598,0.00325763499500161,0.0034671626102265
"reverse",0.992832420913597,0.992684478371501,0.00312404940419333,0.00318876870203758
"reverse",0.992832420913597,0.993320610687023,0.00312404940419333,0.00291055313717168
"reverse",0.994231453207185,0.993956743002544,0.00251250177009827,0.00263251568727625
"reverse",0.995558252225322,0.994592875318066,0.00193332340165096,0.00235465612443704
"reverse",0.995813428398525,0.995229007633588,0.00182202162346447,0.00207697422117697
"reverse",0.996368004826975,0.995865139949109,0.0015802268904407,0.00179946975045503
"reverse",0.996481257430833,0.996501272264631,0.00153086542402054,0.00152214248566514
"reverse",0.996771586294079,0.997137404580153,0.00140435039153623,0.00124499220063505
"reverse",0.998045706848837,0.997773536895674,0.000849569155821204,0.000968018669625256
"reverse",0.998071968762834,0.998409669211196,0.000838141568687309,0.000691221667327871
"reverse",0.999661660520424,0.999045801526717,0.000146963832225305,0.000414600968865531
"reverse",0.999962161252223,0.999681933842239,1.64334702745935e-05,0.0001381563497903
