"dataset","source_id","trait","canonical_trait_id","sample_size","genome_build","manifest_sha256","schema_sha256","shard","candidate_rows","primary_rows","rsid_rows","min_p"
"microbiome_2026","GCST90670368","Gut microbiome alpha diversity abundance (Richness)","alpha:richness",16017,"GRCh37","2648a90d7032c268b812fc96620d034c842a39c747a3687866fe4988b52a1e3f","e2bb6beb199bfc576ecf2adc98bc83f014b729be832c4a4f7f2d2e09df552237",1,245,25,245,1.948e-09
"microbiome_2026","GCST90670369","Gut microbiome alpha diversity abundance (Shannon diversity)","alpha:shannon",16017,"GRCh37","2648a90d7032c268b812fc96620d034c842a39c747a3687866fe4988b52a1e3f","e2bb6beb199bfc576ecf2adc98bc83f014b729be832c4a4f7f2d2e09df552237",1,92,0,92,2.413e-07
"microbiome_2026","GCST90670370","Gut microbiome alpha diversity abundance (Inverse Simpson diversity)","alpha:inverse_simpson_diversity",16017,"GRCh37","2648a90d7032c268b812fc96620d034c842a39c747a3687866fe4988b52a1e3f","e2bb6beb199bfc576ecf2adc98bc83f014b729be832c4a4f7f2d2e09df552237",1,88,0,88,1.386e-07
"microbiome_2026","GCST90670371","Gut microbiome species abundance (Agathobacter rectalis, GCA_000020605.1)","taxon:agathobacter rectalis",16017,"GRCh37","2648a90d7032c268b812fc96620d034c842a39c747a3687866fe4988b52a1e3f","e2bb6beb199bfc576ecf2adc98bc83f014b729be832c4a4f7f2d2e09df552237",1,108,0,108,5.752e-08
"microbiome_2026","GCST90670372","Gut microbiome species abundance (Bifidobacterium longum, GCF_000196555.1)","taxon:bifidobacterium longum",16017,"GRCh37","2648a90d7032c268b812fc96620d034c842a39c747a3687866fe4988b52a1e3f","e2bb6beb199bfc576ecf2adc98bc83f014b729be832c4a4f7f2d2e09df552237",1,227,48,227,2.606e-09
"microbiome_2026","GCST90670373","Gut microbiome species abundance (Gemmiger qucibialis, GCA_004000625.1)","taxon:gemmiger qucibialis",16017,"GRCh37","2648a90d7032c268b812fc96620d034c842a39c747a3687866fe4988b52a1e3f","e2bb6beb199bfc576ecf2adc98bc83f014b729be832c4a4f7f2d2e09df552237",1,145,0,145,2.125e-07
"microbiome_2026","GCST90670374","Gut microbiome species abundance (Bifidobacterium adolescentis, GCF_000010425.1)","taxon:bifidobacterium adolescentis",16017,"GRCh37","2648a90d7032c268b812fc96620d034c842a39c747a3687866fe4988b52a1e3f","e2bb6beb199bfc576ecf2adc98bc83f014b729be832c4a4f7f2d2e09df552237",1,397,163,397,1.702e-16
"microbiome_2026","GCST90670375","Gut microbiome species abundance (Ruminococcus E bromii B, GCF_002834235.1)","taxon:ruminococcus e bromii b",16017,"GRCh37","2648a90d7032c268b812fc96620d034c842a39c747a3687866fe4988b52a1e3f","e2bb6beb199bfc576ecf2adc98bc83f014b729be832c4a4f7f2d2e09df552237",1,98,0,98,2.605e-07
"microbiome_2026","GCST90670376","Gut microbiome species abundance (Agathobacter faecis, GCF_001406815.1)","taxon:agathobacter faecis",16017,"GRCh37","2648a90d7032c268b812fc96620d034c842a39c747a3687866fe4988b52a1e3f","e2bb6beb199bfc576ecf2adc98bc83f014b729be832c4a4f7f2d2e09df552237",1,108,1,108,4.969e-08
"microbiome_2026","GCST90670377","Gut microbiome species abundance (Anaerostipes hadrus, GCF_000332875.2)","taxon:anaerostipes hadrus",16017,"GRCh37","2648a90d7032c268b812fc96620d034c842a39c747a3687866fe4988b52a1e3f","e2bb6beb199bfc576ecf2adc98bc83f014b729be832c4a4f7f2d2e09df552237",1,140,0,140,9.841e-07
"microbiome_2026","GCST90670378","Gut microbiome species abundance (Lachnospira eligens A, GCF_009680455.1)","taxon:lachnospira eligens a",16017,"GRCh37","2648a90d7032c268b812fc96620d034c842a39c747a3687866fe4988b52a1e3f","e2bb6beb199bfc576ecf2adc98bc83f014b729be832c4a4f7f2d2e09df552237",1,94,0,94,5.759e-08
"microbiome_2026","GCST90670379","Gut microbiome species abundance (UBA11524 sp000437595, GCA_000437595.1)","taxon:uba11524 sp000437595",16017,"GRCh37","2648a90d7032c268b812fc96620d034c842a39c747a3687866fe4988b52a1e3f","e2bb6beb199bfc576ecf2adc98bc83f014b729be832c4a4f7f2d2e09df552237",1,44,0,43,6.85e-07
"microbiome_2026","GCST90670380","Gut microbiome species abundance (Ruminococcus D bicirculans, GCF_000723465.1)","taxon:ruminococcus d bicirculans",16017,"GRCh37","2648a90d7032c268b812fc96620d034c842a39c747a3687866fe4988b52a1e3f","e2bb6beb199bfc576ecf2adc98bc83f014b729be832c4a4f7f2d2e09df552237",1,111,0,111,2.322e-07
"microbiome_2026","GCST90670381","Gut microbiome species abundance (Fusicatenibacter saccharivorans, GCF_015557635.1)","taxon:fusicatenibacter saccharivorans",16017,"GRCh37","2648a90d7032c268b812fc96620d034c842a39c747a3687866fe4988b52a1e3f","e2bb6beb199bfc576ecf2adc98bc83f014b729be832c4a4f7f2d2e09df552237",1,41,0,41,1.221e-06
"microbiome_2026","GCST90670382","Gut microbiome species abundance (Acetatifactor sp900066565, GCA_003584705.1)","taxon:acetatifactor sp900066565",16017,"GRCh37","2648a90d7032c268b812fc96620d034c842a39c747a3687866fe4988b52a1e3f","e2bb6beb199bfc576ecf2adc98bc83f014b729be832c4a4f7f2d2e09df552237",1,33,0,33,9.862e-07
"microbiome_2026","GCST90670383","Gut microbiome species abundance (Blautia A wexlerae, GCA_025148125.1)","taxon:blautia a wexlerae",16017,"GRCh37","2648a90d7032c268b812fc96620d034c842a39c747a3687866fe4988b52a1e3f","e2bb6beb199bfc576ecf2adc98bc83f014b729be832c4a4f7f2d2e09df552237",1,56,0,56,2.903e-07
"microbiome_2026","GCST90670384","Gut microbiome species presence (Coprococcus eutactus A, GCF_001404675.1)","taxon:coprococcus eutactus a",16017,"GRCh37","2648a90d7032c268b812fc96620d034c842a39c747a3687866fe4988b52a1e3f","e2bb6beb199bfc576ecf2adc98bc83f014b729be832c4a4f7f2d2e09df552237",2,58,1,58,3.56e-08
"microbiome_2026","GCST90670385","Gut microbiome species presence (Bifidobacterium bifidum, GCF_001025135.1)","taxon:bifidobacterium bifidum",16017,"GRCh37","2648a90d7032c268b812fc96620d034c842a39c747a3687866fe4988b52a1e3f","e2bb6beb199bfc576ecf2adc98bc83f014b729be832c4a4f7f2d2e09df552237",2,88,1,88,3.591e-08
"microbiome_2026","GCST90670386","Gut microbiome species presence (CAG-177 sp003514385, GCA_003514385.1)","taxon:cag-177 sp003514385",16017,"GRCh37","2648a90d7032c268b812fc96620d034c842a39c747a3687866fe4988b52a1e3f","e2bb6beb199bfc576ecf2adc98bc83f014b729be832c4a4f7f2d2e09df552237",2,80,0,80,7.112e-07
"microbiome_2026","GCST90670387","Gut microbiome species abundance (Ruminiclostridium E siraeum, GCA_025150425.1)","taxon:ruminiclostridium e siraeum",16017,"GRCh37","2648a90d7032c268b812fc96620d034c842a39c747a3687866fe4988b52a1e3f","e2bb6beb199bfc576ecf2adc98bc83f014b729be832c4a4f7f2d2e09df552237",2,122,1,122,1.87e-08
"microbiome_2026","GCST90670388","Gut microbiome species abundance (Acetatifactor intestinalis, GCF_009695995.1)","taxon:acetatifactor intestinalis",16017,"GRCh37","2648a90d7032c268b812fc96620d034c842a39c747a3687866fe4988b52a1e3f","e2bb6beb199bfc576ecf2adc98bc83f014b729be832c4a4f7f2d2e09df552237",2,75,0,75,1.178e-07
"microbiome_2026","GCST90670389","Gut microbiome species abundance (Phocaeicola vulgatus, GCF_000012825.1)","taxon:phocaeicola vulgatus",16017,"GRCh37","2648a90d7032c268b812fc96620d034c842a39c747a3687866fe4988b52a1e3f","e2bb6beb199bfc576ecf2adc98bc83f014b729be832c4a4f7f2d2e09df552237",2,138,0,138,2.509e-07
"microbiome_2026","GCST90670390","Gut microbiome species presence (Phascolarctobacterium A succinatutens, GCF_000188175.1)","taxon:phascolarctobacterium a succinatutens",16017,"GRCh37","2648a90d7032c268b812fc96620d034c842a39c747a3687866fe4988b52a1e3f","e2bb6beb199bfc576ecf2adc98bc83f014b729be832c4a4f7f2d2e09df552237",2,55,0,55,4.936e-07
"microbiome_2026","GCST90670391","Gut microbiome species abundance (ER4 sp000765235, GCF_000765235.1)","taxon:er4 sp000765235",16017,"GRCh37","2648a90d7032c268b812fc96620d034c842a39c747a3687866fe4988b52a1e3f","e2bb6beb199bfc576ecf2adc98bc83f014b729be832c4a4f7f2d2e09df552237",2,115,0,115,8.198e-08
"microbiome_2026","GCST90670392","Gut microbiome species presence (Bifidobacterium pseudocatenulatum, GCF_001025215.1)","taxon:bifidobacterium pseudocatenulatum",16017,"GRCh37","2648a90d7032c268b812fc96620d034c842a39c747a3687866fe4988b52a1e3f","e2bb6beb199bfc576ecf2adc98bc83f014b729be832c4a4f7f2d2e09df552237",2,240,1,240,4.847e-08
"microbiome_2026","GCST90670393","Gut microbiome species abundance (RUG115 sp900066395, GCF_003479605.1)","taxon:rug115 sp900066395",16017,"GRCh37","2648a90d7032c268b812fc96620d034c842a39c747a3687866fe4988b52a1e3f","e2bb6beb199bfc576ecf2adc98bc83f014b729be832c4a4f7f2d2e09df552237",2,115,0,115,1.212e-06
"microbiome_2026","GCST90670394","Gut microbiome species abundance (Alistipes putredinis, GCF_000154465.1)","taxon:alistipes putredinis",16017,"GRCh37","2648a90d7032c268b812fc96620d034c842a39c747a3687866fe4988b52a1e3f","e2bb6beb199bfc576ecf2adc98bc83f014b729be832c4a4f7f2d2e09df552237",2,118,2,118,2.359e-08
"microbiome_2026","GCST90670395","Gut microbiome species abundance (Streptococcus salivarius, GCF_000785515.1)","taxon:streptococcus salivarius",16017,"GRCh37","2648a90d7032c268b812fc96620d034c842a39c747a3687866fe4988b52a1e3f","e2bb6beb199bfc576ecf2adc98bc83f014b729be832c4a4f7f2d2e09df552237",2,30,0,30,1.637e-06
"microbiome_2026","GCST90670396","Gut microbiome species presence (CAG-217 sp000436335, GCA_000436335.1)","taxon:cag-217 sp000436335",16017,"GRCh37","2648a90d7032c268b812fc96620d034c842a39c747a3687866fe4988b52a1e3f","e2bb6beb199bfc576ecf2adc98bc83f014b729be832c4a4f7f2d2e09df552237",2,178,0,178,1.375e-07
"microbiome_2026","GCST90670397","Gut microbiome species abundance (Escherichia coli, GCF_003697165.2)","taxon:escherichia coli",16017,"GRCh37","2648a90d7032c268b812fc96620d034c842a39c747a3687866fe4988b52a1e3f","e2bb6beb199bfc576ecf2adc98bc83f014b729be832c4a4f7f2d2e09df552237",2,81,0,81,1.052e-07
"microbiome_2026","GCST90670398","Gut microbiome species presence (PeH17 sp000435055, GCA_000435055.1)","taxon:peh17 sp000435055",16017,"GRCh37","2648a90d7032c268b812fc96620d034c842a39c747a3687866fe4988b52a1e3f","e2bb6beb199bfc576ecf2adc98bc83f014b729be832c4a4f7f2d2e09df552237",2,50,0,50,2.408e-07
"microbiome_2026","GCST90670399","Gut microbiome species presence (Methanobrevibacter A smithii, GCF_000016525.1)","taxon:methanobrevibacter a smithii",16017,"GRCh37","2648a90d7032c268b812fc96620d034c842a39c747a3687866fe4988b52a1e3f","e2bb6beb199bfc576ecf2adc98bc83f014b729be832c4a4f7f2d2e09df552237",2,526,0,526,3.782e-07
"microbiome_2026","GCST90670400","Gut microbiome species abundance (Ruminococcus B gnavus, GCF_008121495.1)","taxon:ruminococcus b gnavus",16017,"GRCh37","2648a90d7032c268b812fc96620d034c842a39c747a3687866fe4988b52a1e3f","e2bb6beb199bfc576ecf2adc98bc83f014b729be832c4a4f7f2d2e09df552237",3,142,41,142,1.65e-10
"microbiome_2026","GCST90670401","Gut microbiome species presence (Ruminococcus E sp003526955, GCF_023921805.1)","taxon:ruminococcus e sp003526955",16017,"GRCh37","2648a90d7032c268b812fc96620d034c842a39c747a3687866fe4988b52a1e3f","e2bb6beb199bfc576ecf2adc98bc83f014b729be832c4a4f7f2d2e09df552237",3,74,0,74,3.159e-07
"microbiome_2026","GCST90670402","Gut microbiome species abundance (Parabacteroides distasonis, GCF_000012845.1)","taxon:parabacteroides distasonis",16017,"GRCh37","2648a90d7032c268b812fc96620d034c842a39c747a3687866fe4988b52a1e3f","e2bb6beb199bfc576ecf2adc98bc83f014b729be832c4a4f7f2d2e09df552237",3,49,0,49,6.912e-07
"microbiome_2026","GCST90670403","Gut microbiome species abundance (Roseburia intestinalis, GCF_900537995.1)","taxon:roseburia intestinalis",16017,"GRCh37","2648a90d7032c268b812fc96620d034c842a39c747a3687866fe4988b52a1e3f","e2bb6beb199bfc576ecf2adc98bc83f014b729be832c4a4f7f2d2e09df552237",3,95,0,95,1.111e-06
"microbiome_2026","GCST90670404","Gut microbiome species abundance (Bacteroides uniformis, GCA_025147485.1)","taxon:bacteroides uniformis",16017,"GRCh37","2648a90d7032c268b812fc96620d034c842a39c747a3687866fe4988b52a1e3f","e2bb6beb199bfc576ecf2adc98bc83f014b729be832c4a4f7f2d2e09df552237",3,110,0,110,1.247e-06
"microbiome_2026","GCST90670405","Gut microbiome species abundance (Faecalibacillus intestinalis, GCF_003024685.1)","taxon:faecalibacillus intestinalis",16017,"GRCh37","2648a90d7032c268b812fc96620d034c842a39c747a3687866fe4988b52a1e3f","e2bb6beb199bfc576ecf2adc98bc83f014b729be832c4a4f7f2d2e09df552237",3,27,0,27,1.087e-06
"microbiome_2026","GCST90670406","Gut microbiome species abundance (Lachnospira sp000437735, GCF_020564355.1)","taxon:lachnospira sp000437735",16017,"GRCh37","2648a90d7032c268b812fc96620d034c842a39c747a3687866fe4988b52a1e3f","e2bb6beb199bfc576ecf2adc98bc83f014b729be832c4a4f7f2d2e09df552237",3,50,0,50,1.183e-07
"microbiome_2026","GCST90670407","Gut microbiome species presence (SFEL01 sp004557245, GCA_004557245.1)","taxon:sfel01 sp004557245",16017,"GRCh37","2648a90d7032c268b812fc96620d034c842a39c747a3687866fe4988b52a1e3f","e2bb6beb199bfc576ecf2adc98bc83f014b729be832c4a4f7f2d2e09df552237",3,124,23,124,1.933e-08
"microbiome_2026","GCST90670408","Gut microbiome species presence (Fimenecus sp000432435, GCA_000432435.1)","taxon:fimenecus sp000432435",16017,"GRCh37","2648a90d7032c268b812fc96620d034c842a39c747a3687866fe4988b52a1e3f","e2bb6beb199bfc576ecf2adc98bc83f014b729be832c4a4f7f2d2e09df552237",3,197,1,197,1.457e-08
"microbiome_2026","GCST90670409","Gut microbiome species presence (Faecalibacterium prausnitzii A, GCF_023347235.1)","taxon:faecalibacterium prausnitzii a",16017,"GRCh37","2648a90d7032c268b812fc96620d034c842a39c747a3687866fe4988b52a1e3f","e2bb6beb199bfc576ecf2adc98bc83f014b729be832c4a4f7f2d2e09df552237",3,217,1,217,3.523e-08
"microbiome_2026","GCST90670410","Gut microbiome species abundance (Eisenbergiella sp900066775, GCA_003481005.1)","taxon:eisenbergiella sp900066775",16017,"GRCh37","2648a90d7032c268b812fc96620d034c842a39c747a3687866fe4988b52a1e3f","e2bb6beb199bfc576ecf2adc98bc83f014b729be832c4a4f7f2d2e09df552237",3,109,0,109,1.679e-07
"microbiome_2026","GCST90670411","Gut microbiome species abundance (Roseburia hominis, GCF_000225345.1)","taxon:roseburia hominis",16017,"GRCh37","2648a90d7032c268b812fc96620d034c842a39c747a3687866fe4988b52a1e3f","e2bb6beb199bfc576ecf2adc98bc83f014b729be832c4a4f7f2d2e09df552237",3,30,0,30,4.497e-07
"microbiome_2026","GCST90670412","Gut microbiome species abundance (Faecalibacterium prausnitzii D, GCF_023347255.1)","taxon:faecalibacterium prausnitzii d",16017,"GRCh37","2648a90d7032c268b812fc96620d034c842a39c747a3687866fe4988b52a1e3f","e2bb6beb199bfc576ecf2adc98bc83f014b729be832c4a4f7f2d2e09df552237",3,72,0,72,1.338e-06
"microbiome_2026","GCST90670413","Gut microbiome species abundance (Roseburia inulinivorans, GCF_000174195.1)","taxon:roseburia inulinivorans",16017,"GRCh37","2648a90d7032c268b812fc96620d034c842a39c747a3687866fe4988b52a1e3f","e2bb6beb199bfc576ecf2adc98bc83f014b729be832c4a4f7f2d2e09df552237",3,341,1,341,1.53e-08
"microbiome_2026","GCST90670414","Gut microbiome species presence (Coprococcus sp900066115, GCF_003461625.1)","taxon:coprococcus sp900066115",16017,"GRCh37","2648a90d7032c268b812fc96620d034c842a39c747a3687866fe4988b52a1e3f","e2bb6beb199bfc576ecf2adc98bc83f014b729be832c4a4f7f2d2e09df552237",3,62,0,62,3.44e-07
"microbiome_2026","GCST90670415","Gut microbiome species abundance (CAG-41 sp900066215, GCA_003460745.1)","taxon:cag-41 sp900066215",16017,"GRCh37","2648a90d7032c268b812fc96620d034c842a39c747a3687866fe4988b52a1e3f","e2bb6beb199bfc576ecf2adc98bc83f014b729be832c4a4f7f2d2e09df552237",3,86,0,86,2.731e-07
"microbiome_2026","GCST90670416","Gut microbiome species abundance (Eubacterium F sp003491505, GCF_003477605.1)","taxon:eubacterium f sp003491505",16017,"GRCh37","2648a90d7032c268b812fc96620d034c842a39c747a3687866fe4988b52a1e3f","e2bb6beb199bfc576ecf2adc98bc83f014b729be832c4a4f7f2d2e09df552237",4,153,0,153,2.76e-07
"microbiome_2026","GCST90670417","Gut microbiome species abundance (Alistipes onderdonkii, GCA_025145285.1)","taxon:alistipes onderdonkii",16017,"GRCh37","2648a90d7032c268b812fc96620d034c842a39c747a3687866fe4988b52a1e3f","e2bb6beb199bfc576ecf2adc98bc83f014b729be832c4a4f7f2d2e09df552237",4,55,1,55,3.336e-08
"microbiome_2026","GCST90670418","Gut microbiome species presence (Catenibacterium sp000437715, GCF_004168205.1)","taxon:catenibacterium sp000437715",16017,"GRCh37","2648a90d7032c268b812fc96620d034c842a39c747a3687866fe4988b52a1e3f","e2bb6beb199bfc576ecf2adc98bc83f014b729be832c4a4f7f2d2e09df552237",4,21,0,21,1.068e-06
"microbiome_2026","GCST90670419","Gut microbiome species presence (Prevotella sp003447235, GCA_003447235.1)","taxon:prevotella sp003447235",16017,"GRCh37","2648a90d7032c268b812fc96620d034c842a39c747a3687866fe4988b52a1e3f","e2bb6beb199bfc576ecf2adc98bc83f014b729be832c4a4f7f2d2e09df552237",4,57,0,57,3.798e-07
"microbiome_2026","GCST90670420","Gut microbiome species abundance (UBA1417 sp003531055, GCA_021029595.1)","taxon:uba1417 sp003531055",16017,"GRCh37","2648a90d7032c268b812fc96620d034c842a39c747a3687866fe4988b52a1e3f","e2bb6beb199bfc576ecf2adc98bc83f014b729be832c4a4f7f2d2e09df552237",4,285,0,285,1.567e-06
"microbiome_2026","GCST90670421","Gut microbiome species abundance (Alistipes shahii, GCA_025145845.1)","taxon:alistipes shahii",16017,"GRCh37","2648a90d7032c268b812fc96620d034c842a39c747a3687866fe4988b52a1e3f","e2bb6beb199bfc576ecf2adc98bc83f014b729be832c4a4f7f2d2e09df552237",4,88,0,88,5.992e-07
"microbiome_2026","GCST90670422","Gut microbiome species presence (Sutterella wadsworthensis A, GCF_000297775.1)","taxon:sutterella wadsworthensis a",16017,"GRCh37","2648a90d7032c268b812fc96620d034c842a39c747a3687866fe4988b52a1e3f","e2bb6beb199bfc576ecf2adc98bc83f014b729be832c4a4f7f2d2e09df552237",4,17,0,17,7.103e-07
"microbiome_2026","GCST90670423","Gut microbiome species presence (Butyrivibrio A crossotus, GCA_025148445.1)","taxon:butyrivibrio a crossotus",16017,"GRCh37","2648a90d7032c268b812fc96620d034c842a39c747a3687866fe4988b52a1e3f","e2bb6beb199bfc576ecf2adc98bc83f014b729be832c4a4f7f2d2e09df552237",4,60,0,60,5.222e-07
"microbiome_2026","GCST90670424","Gut microbiome species abundance (Odoribacter splanchnicus, GCF_000190535.1)","taxon:odoribacter splanchnicus",16017,"GRCh37","2648a90d7032c268b812fc96620d034c842a39c747a3687866fe4988b52a1e3f","e2bb6beb199bfc576ecf2adc98bc83f014b729be832c4a4f7f2d2e09df552237",4,143,0,143,4.044e-07
"microbiome_2026","GCST90670425","Gut microbiome species presence (Eubacterium R sp000436835, GCA_000436835.1)","taxon:eubacterium r sp000436835",16017,"GRCh37","2648a90d7032c268b812fc96620d034c842a39c747a3687866fe4988b52a1e3f","e2bb6beb199bfc576ecf2adc98bc83f014b729be832c4a4f7f2d2e09df552237",4,152,0,150,3.459e-07
"microbiome_2026","GCST90670426","Gut microbiome species abundance (Agathobaculum butyriciproducens, GCA_003096535.1)","taxon:agathobaculum butyriciproducens",16017,"GRCh37","2648a90d7032c268b812fc96620d034c842a39c747a3687866fe4988b52a1e3f","e2bb6beb199bfc576ecf2adc98bc83f014b729be832c4a4f7f2d2e09df552237",4,106,39,106,2.378e-11
"microbiome_2026","GCST90670427","Gut microbiome species presence (Phascolarctobacterium faecium, GCF_003269275.1)","taxon:phascolarctobacterium faecium",16017,"GRCh37","2648a90d7032c268b812fc96620d034c842a39c747a3687866fe4988b52a1e3f","e2bb6beb199bfc576ecf2adc98bc83f014b729be832c4a4f7f2d2e09df552237",4,176,1,176,2.4e-08
"microbiome_2026","GCST90670428","Gut microbiome species abundance (Faecousia sp000434635, GCA_000434635.1)","taxon:faecousia sp000434635",16017,"GRCh37","2648a90d7032c268b812fc96620d034c842a39c747a3687866fe4988b52a1e3f","e2bb6beb199bfc576ecf2adc98bc83f014b729be832c4a4f7f2d2e09df552237",4,126,3,126,4.898e-09
"microbiome_2026","GCST90670429","Gut microbiome species abundance (Barnesiella intestinihominis, GCF_000296465.1)","taxon:barnesiella intestinihominis",16017,"GRCh37","2648a90d7032c268b812fc96620d034c842a39c747a3687866fe4988b52a1e3f","e2bb6beb199bfc576ecf2adc98bc83f014b729be832c4a4f7f2d2e09df552237",4,47,0,47,2.475e-07
"microbiome_2026","GCST90670430","Gut microbiome species presence (CAG-349 sp003539515, GCA_022009995.1)","taxon:cag-349 sp003539515",16017,"GRCh37","2648a90d7032c268b812fc96620d034c842a39c747a3687866fe4988b52a1e3f","e2bb6beb199bfc576ecf2adc98bc83f014b729be832c4a4f7f2d2e09df552237",4,67,0,67,5.897e-08
"microbiome_2026","GCST90670431","Gut microbiome species abundance (Akkermansia muciniphila, GCF_000020225.1)","taxon:akkermansia muciniphila",16017,"GRCh37","2648a90d7032c268b812fc96620d034c842a39c747a3687866fe4988b52a1e3f","e2bb6beb199bfc576ecf2adc98bc83f014b729be832c4a4f7f2d2e09df552237",4,58,0,58,3.419e-07
"microbiome_2026","GCST90670432","Gut microbiome species presence (Phocaeicola plebeius A, GCF_003437535.1)","taxon:phocaeicola plebeius a",16017,"GRCh37","2648a90d7032c268b812fc96620d034c842a39c747a3687866fe4988b52a1e3f","e2bb6beb199bfc576ecf2adc98bc83f014b729be832c4a4f7f2d2e09df552237",5,65,0,65,1.273e-06
"microbiome_2026","GCST90670433","Gut microbiome species abundance (Clostridium Q fessum, GCF_003024715.1)","taxon:clostridium q fessum",16017,"GRCh37","2648a90d7032c268b812fc96620d034c842a39c747a3687866fe4988b52a1e3f","e2bb6beb199bfc576ecf2adc98bc83f014b729be832c4a4f7f2d2e09df552237",5,95,0,95,1.044e-06
"microbiome_2026","GCST90670434","Gut microbiome species presence (Lachnospira sp000436475, GCA_000436475.1)","taxon:lachnospira sp000436475",16017,"GRCh37","2648a90d7032c268b812fc96620d034c842a39c747a3687866fe4988b52a1e3f","e2bb6beb199bfc576ecf2adc98bc83f014b729be832c4a4f7f2d2e09df552237",5,14,0,14,1.109e-06
"microbiome_2026","GCST90670435","Gut microbiome species abundance (CAG-115 sp003531585, GCA_003531585.1)","taxon:cag-115 sp003531585",16017,"GRCh37","2648a90d7032c268b812fc96620d034c842a39c747a3687866fe4988b52a1e3f","e2bb6beb199bfc576ecf2adc98bc83f014b729be832c4a4f7f2d2e09df552237",5,122,8,122,1.472e-09
"microbiome_2026","GCST90670436","Gut microbiome species abundance (Anaerotignum faecicola, GCF_003865035.1)","taxon:anaerotignum faecicola",16017,"GRCh37","2648a90d7032c268b812fc96620d034c842a39c747a3687866fe4988b52a1e3f","e2bb6beb199bfc576ecf2adc98bc83f014b729be832c4a4f7f2d2e09df552237",5,86,0,86,6.438e-07
"microbiome_2026","GCST90670437","Gut microbiome species abundance (Blautia A massiliensis, GCF_001487165.1)","taxon:blautia a massiliensis",16017,"GRCh37","2648a90d7032c268b812fc96620d034c842a39c747a3687866fe4988b52a1e3f","e2bb6beb199bfc576ecf2adc98bc83f014b729be832c4a4f7f2d2e09df552237",5,111,1,111,2.787e-08
"microbiome_2026","GCST90670438","Gut microbiome species abundance (Copromonas sp900066535, GCF_003435375.1)","taxon:copromonas sp900066535",16017,"GRCh37","2648a90d7032c268b812fc96620d034c842a39c747a3687866fe4988b52a1e3f","e2bb6beb199bfc576ecf2adc98bc83f014b729be832c4a4f7f2d2e09df552237",5,97,0,97,1.526e-07
"microbiome_2026","GCST90670439","Gut microbiome species presence (Phil1 sp001940855, GCA_001940855.1)","taxon:phil1 sp001940855",16017,"GRCh37","2648a90d7032c268b812fc96620d034c842a39c747a3687866fe4988b52a1e3f","e2bb6beb199bfc576ecf2adc98bc83f014b729be832c4a4f7f2d2e09df552237",5,289,0,289,2.962e-07
"microbiome_2026","GCST90670440","Gut microbiome species presence (Ligilactobacillus ruminis, GCF_900113455.1)","taxon:ligilactobacillus ruminis",16017,"GRCh37","2648a90d7032c268b812fc96620d034c842a39c747a3687866fe4988b52a1e3f","e2bb6beb199bfc576ecf2adc98bc83f014b729be832c4a4f7f2d2e09df552237",5,99,0,99,2.739e-07
"microbiome_2026","GCST90670441","Gut microbiome species abundance (Ruthenibacterium lactatiformans, GCF_000949455.1)","taxon:ruthenibacterium lactatiformans",16017,"GRCh37","2648a90d7032c268b812fc96620d034c842a39c747a3687866fe4988b52a1e3f","e2bb6beb199bfc576ecf2adc98bc83f014b729be832c4a4f7f2d2e09df552237",5,163,0,163,1.711e-07
"microbiome_2026","GCST90670442","Gut microbiome species abundance (Gemmiger formicilis, GCF_900167555.1)","taxon:gemmiger formicilis",16017,"GRCh37","2648a90d7032c268b812fc96620d034c842a39c747a3687866fe4988b52a1e3f","e2bb6beb199bfc576ecf2adc98bc83f014b729be832c4a4f7f2d2e09df552237",5,23,0,23,1.307e-07
"microbiome_2026","GCST90670443","Gut microbiome species abundance (Alistipes finegoldii, GCF_000265365.1)","taxon:alistipes finegoldii",16017,"GRCh37","2648a90d7032c268b812fc96620d034c842a39c747a3687866fe4988b52a1e3f","e2bb6beb199bfc576ecf2adc98bc83f014b729be832c4a4f7f2d2e09df552237",5,78,0,78,6.516e-07
"microbiome_2026","GCST90670444","Gut microbiome species presence (Enterococcus faecalis, GCF_000392875.1)","taxon:enterococcus faecalis",16017,"GRCh37","2648a90d7032c268b812fc96620d034c842a39c747a3687866fe4988b52a1e3f","e2bb6beb199bfc576ecf2adc98bc83f014b729be832c4a4f7f2d2e09df552237",5,20,0,20,7.141e-07
"microbiome_2026","GCST90670445","Gut microbiome species abundance (CAG-170 sp000432135, GCA_000432135.1)","taxon:cag-170 sp000432135",16017,"GRCh37","2648a90d7032c268b812fc96620d034c842a39c747a3687866fe4988b52a1e3f","e2bb6beb199bfc576ecf2adc98bc83f014b729be832c4a4f7f2d2e09df552237",5,51,0,51,7.226e-07
"microbiome_2026","GCST90670446","Gut microbiome species abundance (ER4 sp900317525, GCF_018918025.1)","taxon:er4 sp900317525",16017,"GRCh37","2648a90d7032c268b812fc96620d034c842a39c747a3687866fe4988b52a1e3f","e2bb6beb199bfc576ecf2adc98bc83f014b729be832c4a4f7f2d2e09df552237",5,89,0,89,1.208e-06
"microbiome_2026","GCST90670447","Gut microbiome species presence (Dialister invisus, GCF_000160055.1)","taxon:dialister invisus",16017,"GRCh37","2648a90d7032c268b812fc96620d034c842a39c747a3687866fe4988b52a1e3f","e2bb6beb199bfc576ecf2adc98bc83f014b729be832c4a4f7f2d2e09df552237",5,54,0,54,1.654e-07
"microbiome_2026","GCST90670448","Gut microbiome species presence (Sutterella wadsworthensis, GCF_003315195.1)","taxon:sutterella wadsworthensis",16017,"GRCh37","2648a90d7032c268b812fc96620d034c842a39c747a3687866fe4988b52a1e3f","e2bb6beb199bfc576ecf2adc98bc83f014b729be832c4a4f7f2d2e09df552237",6,59,0,59,1.34e-06
"microbiome_2026","GCST90670449","Gut microbiome species abundance (Mediterraneibacter faecis, GCA_001312505.1)","taxon:mediterraneibacter faecis",16017,"GRCh37","2648a90d7032c268b812fc96620d034c842a39c747a3687866fe4988b52a1e3f","e2bb6beb199bfc576ecf2adc98bc83f014b729be832c4a4f7f2d2e09df552237",6,118,37,118,2.591e-09
"microbiome_2026","GCST90670450","Gut microbiome species presence (Coprococcus eutactus, GCA_025149915.1)","taxon:coprococcus eutactus",16017,"GRCh37","2648a90d7032c268b812fc96620d034c842a39c747a3687866fe4988b52a1e3f","e2bb6beb199bfc576ecf2adc98bc83f014b729be832c4a4f7f2d2e09df552237",6,23,0,23,8.006e-07
"microbiome_2026","GCST90670451","Gut microbiome species presence (Ruminococcus E bromii, GCF_002834225.1)","taxon:ruminococcus e bromii",16017,"GRCh37","2648a90d7032c268b812fc96620d034c842a39c747a3687866fe4988b52a1e3f","e2bb6beb199bfc576ecf2adc98bc83f014b729be832c4a4f7f2d2e09df552237",6,30,0,30,4.979e-07
"microbiome_2026","GCST90670452","Gut microbiome species abundance (Eggerthella lenta, GCF_000024265.1)","taxon:eggerthella lenta",16017,"GRCh37","2648a90d7032c268b812fc96620d034c842a39c747a3687866fe4988b52a1e3f","e2bb6beb199bfc576ecf2adc98bc83f014b729be832c4a4f7f2d2e09df552237",6,67,0,67,5.229e-07
"microbiome_2026","GCST90670453","Gut microbiome species presence (Parasutterella gallistercoris, GCA_000980495.1)","taxon:parasutterella gallistercoris",16017,"GRCh37","2648a90d7032c268b812fc96620d034c842a39c747a3687866fe4988b52a1e3f","e2bb6beb199bfc576ecf2adc98bc83f014b729be832c4a4f7f2d2e09df552237",6,34,0,34,7.035e-07
"microbiome_2026","GCST90670454","Gut microbiome species abundance (Lachnospira sp900316325, GCF_014287955.1)","taxon:lachnospira sp900316325",16017,"GRCh37","2648a90d7032c268b812fc96620d034c842a39c747a3687866fe4988b52a1e3f","e2bb6beb199bfc576ecf2adc98bc83f014b729be832c4a4f7f2d2e09df552237",6,41,0,41,8.235e-07
"microbiome_2026","GCST90670455","Gut microbiome species presence (CAG-269 sp003525075, GCA_003525075.1)","taxon:cag-269 sp003525075",16017,"GRCh37","2648a90d7032c268b812fc96620d034c842a39c747a3687866fe4988b52a1e3f","e2bb6beb199bfc576ecf2adc98bc83f014b729be832c4a4f7f2d2e09df552237",6,41,0,41,8.212e-07
"microbiome_2026","GCST90670456","Gut microbiome species presence (CAG-302 sp000431795, GCA_000431795.1)","taxon:cag-302 sp000431795",16017,"GRCh37","2648a90d7032c268b812fc96620d034c842a39c747a3687866fe4988b52a1e3f","e2bb6beb199bfc576ecf2adc98bc83f014b729be832c4a4f7f2d2e09df552237",6,100,0,100,1.412e-06
"microbiome_2026","GCST90670457","Gut microbiome species presence (Parasutterella excrementihominis, GCF_000205025.1)","taxon:parasutterella excrementihominis",16017,"GRCh37","2648a90d7032c268b812fc96620d034c842a39c747a3687866fe4988b52a1e3f","e2bb6beb199bfc576ecf2adc98bc83f014b729be832c4a4f7f2d2e09df552237",6,126,1,126,3.931e-08
"microbiome_2026","GCST90670458","Gut microbiome species presence (CAG-103 sp000432375, GCA_000432375.1)","taxon:cag-103 sp000432375",16017,"GRCh37","2648a90d7032c268b812fc96620d034c842a39c747a3687866fe4988b52a1e3f","e2bb6beb199bfc576ecf2adc98bc83f014b729be832c4a4f7f2d2e09df552237",6,77,0,77,8.782e-07
"microbiome_2026","GCST90670459","Gut microbiome species presence (CAG-103 sp900543625, GCA_900543625.1)","taxon:cag-103 sp900543625",16017,"GRCh37","2648a90d7032c268b812fc96620d034c842a39c747a3687866fe4988b52a1e3f","e2bb6beb199bfc576ecf2adc98bc83f014b729be832c4a4f7f2d2e09df552237",6,38,0,38,6.272e-07
"microbiome_2026","GCST90670460","Gut microbiome species presence (Eubacterium R sp000434995, GCA_000434995.1)","taxon:eubacterium r sp000434995",16017,"GRCh37","2648a90d7032c268b812fc96620d034c842a39c747a3687866fe4988b52a1e3f","e2bb6beb199bfc576ecf2adc98bc83f014b729be832c4a4f7f2d2e09df552237",6,231,88,230,5.078e-09
"microbiome_2026","GCST90670461","Gut microbiome species presence (Veillonella atypica, GCF_002959915.1)","taxon:veillonella atypica",16017,"GRCh37","2648a90d7032c268b812fc96620d034c842a39c747a3687866fe4988b52a1e3f","e2bb6beb199bfc576ecf2adc98bc83f014b729be832c4a4f7f2d2e09df552237",6,134,0,134,1.078e-07
"microbiome_2026","GCST90670462","Gut microbiome species abundance (Butyribacter sp003529475, GCF_003478335.1)","taxon:butyribacter sp003529475",16017,"GRCh37","2648a90d7032c268b812fc96620d034c842a39c747a3687866fe4988b52a1e3f","e2bb6beb199bfc576ecf2adc98bc83f014b729be832c4a4f7f2d2e09df552237",6,53,0,53,8.583e-07
"microbiome_2026","GCST90670463","Gut microbiome species presence (Ruminococcus C sp000433635, GCA_000433635.1)","taxon:ruminococcus c sp000433635",16017,"GRCh37","2648a90d7032c268b812fc96620d034c842a39c747a3687866fe4988b52a1e3f","e2bb6beb199bfc576ecf2adc98bc83f014b729be832c4a4f7f2d2e09df552237",6,38,0,38,6.647e-07
"microbiome_2026","GCST90670464","Gut microbiome species presence (Limisoma sp000437795, GCA_022009815.1)","taxon:limisoma sp000437795",16017,"GRCh37","2648a90d7032c268b812fc96620d034c842a39c747a3687866fe4988b52a1e3f","e2bb6beb199bfc576ecf2adc98bc83f014b729be832c4a4f7f2d2e09df552237",7,82,0,82,5.081e-07
"microbiome_2026","GCST90670465","Gut microbiome species abundance (Mediterraneibacter lactaris, GCA_025152405.1)","taxon:mediterraneibacter lactaris",16017,"GRCh37","2648a90d7032c268b812fc96620d034c842a39c747a3687866fe4988b52a1e3f","e2bb6beb199bfc576ecf2adc98bc83f014b729be832c4a4f7f2d2e09df552237",7,151,0,151,1.061e-07
"microbiome_2026","GCST90670466","Gut microbiome species presence (Bifidobacterium catenulatum, GCF_001025195.1)","taxon:bifidobacterium catenulatum",16017,"GRCh37","2648a90d7032c268b812fc96620d034c842a39c747a3687866fe4988b52a1e3f","e2bb6beb199bfc576ecf2adc98bc83f014b729be832c4a4f7f2d2e09df552237",7,262,41,262,4.284e-10
"microbiome_2026","GCST90670467","Gut microbiome species abundance (Faecousia sp003525905, GCA_003525905.1)","taxon:faecousia sp003525905",16017,"GRCh37","2648a90d7032c268b812fc96620d034c842a39c747a3687866fe4988b52a1e3f","e2bb6beb199bfc576ecf2adc98bc83f014b729be832c4a4f7f2d2e09df552237",7,73,0,73,9.858e-08
"microbiome_2026","GCST90670468","Gut microbiome species presence (COE1 sp001916965, GCA_001916965.1)","taxon:coe1 sp001916965",16017,"GRCh37","2648a90d7032c268b812fc96620d034c842a39c747a3687866fe4988b52a1e3f","e2bb6beb199bfc576ecf2adc98bc83f014b729be832c4a4f7f2d2e09df552237",7,124,1,123,2.815e-08
"microbiome_2026","GCST90670469","Gut microbiome species presence (Paraprevotella clara, GCF_000233955.1)","taxon:paraprevotella clara",16017,"GRCh37","2648a90d7032c268b812fc96620d034c842a39c747a3687866fe4988b52a1e3f","e2bb6beb199bfc576ecf2adc98bc83f014b729be832c4a4f7f2d2e09df552237",7,43,0,43,1.382e-07
"microbiome_2026","GCST90670470","Gut microbiome species abundance (Eubacterium G ventriosum, GCA_025150745.1)","taxon:eubacterium g ventriosum",16017,"GRCh37","2648a90d7032c268b812fc96620d034c842a39c747a3687866fe4988b52a1e3f","e2bb6beb199bfc576ecf2adc98bc83f014b729be832c4a4f7f2d2e09df552237",7,227,0,227,3.547e-07
"microbiome_2026","GCST90670471","Gut microbiome species presence (Holdemanella biformis, GCF_000156655.1)","taxon:holdemanella biformis",16017,"GRCh37","2648a90d7032c268b812fc96620d034c842a39c747a3687866fe4988b52a1e3f","e2bb6beb199bfc576ecf2adc98bc83f014b729be832c4a4f7f2d2e09df552237",7,154,0,154,8.963e-07
"microbiome_2026","GCST90670472","Gut microbiome species abundance (Dorea A longicatena, GCA_025150085.1)","taxon:dorea a longicatena",16017,"GRCh37","2648a90d7032c268b812fc96620d034c842a39c747a3687866fe4988b52a1e3f","e2bb6beb199bfc576ecf2adc98bc83f014b729be832c4a4f7f2d2e09df552237",7,46,0,46,4.211e-07
"microbiome_2026","GCST90670473","Gut microbiome species abundance (Blautia A obeum, GCA_025147765.1)","taxon:blautia a obeum",16017,"GRCh37","2648a90d7032c268b812fc96620d034c842a39c747a3687866fe4988b52a1e3f","e2bb6beb199bfc576ecf2adc98bc83f014b729be832c4a4f7f2d2e09df552237",7,159,34,159,1.62e-11
"microbiome_2026","GCST90670474","Gut microbiome species abundance (Bacteroides thetaiotaomicron, GCF_000011065.1)","taxon:bacteroides thetaiotaomicron",16017,"GRCh37","2648a90d7032c268b812fc96620d034c842a39c747a3687866fe4988b52a1e3f","e2bb6beb199bfc576ecf2adc98bc83f014b729be832c4a4f7f2d2e09df552237",7,184,0,184,4.993e-07
"microbiome_2026","GCST90670475","Gut microbiome species presence (CAG-353 sp900066885, GCA_902363145.1)","taxon:cag-353 sp900066885",16017,"GRCh37","2648a90d7032c268b812fc96620d034c842a39c747a3687866fe4988b52a1e3f","e2bb6beb199bfc576ecf2adc98bc83f014b729be832c4a4f7f2d2e09df552237",7,99,0,99,2.376e-07
"microbiome_2026","GCST90670476","Gut microbiome species presence (Methanobrevibacter A smithii A, GCF_023617305.1)","taxon:methanobrevibacter a smithii a",16017,"GRCh37","2648a90d7032c268b812fc96620d034c842a39c747a3687866fe4988b52a1e3f","e2bb6beb199bfc576ecf2adc98bc83f014b729be832c4a4f7f2d2e09df552237",7,85,0,85,2.62e-07
"microbiome_2026","GCST90670477","Gut microbiome species abundance (Enterocloster sp000431375, GCF_003473545.1)","taxon:enterocloster sp000431375",16017,"GRCh37","2648a90d7032c268b812fc96620d034c842a39c747a3687866fe4988b52a1e3f","e2bb6beb199bfc576ecf2adc98bc83f014b729be832c4a4f7f2d2e09df552237",7,277,0,277,1.261e-07
"microbiome_2026","GCST90670478","Gut microbiome species presence (CAG-882 sp003486385, GCA_003486385.1)","taxon:cag-882 sp003486385",16017,"GRCh37","2648a90d7032c268b812fc96620d034c842a39c747a3687866fe4988b52a1e3f","e2bb6beb199bfc576ecf2adc98bc83f014b729be832c4a4f7f2d2e09df552237",7,99,4,99,5.68e-09
"microbiome_2026","GCST90670479","Gut microbiome species presence (Duodenibacillus massiliensis, GCF_900128485.1)","taxon:duodenibacillus massiliensis",16017,"GRCh37","2648a90d7032c268b812fc96620d034c842a39c747a3687866fe4988b52a1e3f","e2bb6beb199bfc576ecf2adc98bc83f014b729be832c4a4f7f2d2e09df552237",7,76,0,76,1.835e-07
"microbiome_2026","GCST90670480","Gut microbiome species presence (Bacteroides fragilis, GCF_000025985.1)","taxon:bacteroides fragilis",16017,"GRCh37","2648a90d7032c268b812fc96620d034c842a39c747a3687866fe4988b52a1e3f","e2bb6beb199bfc576ecf2adc98bc83f014b729be832c4a4f7f2d2e09df552237",8,83,0,83,1.031e-07
"microbiome_2026","GCST90670481","Gut microbiome species abundance (Flavonifractor plautii, GCF_000239295.1)","taxon:flavonifractor plautii",16017,"GRCh37","2648a90d7032c268b812fc96620d034c842a39c747a3687866fe4988b52a1e3f","e2bb6beb199bfc576ecf2adc98bc83f014b729be832c4a4f7f2d2e09df552237",8,113,0,113,7.968e-08
"microbiome_2026","GCST90670482","Gut microbiome species abundance (Anaerobutyricum hallii, GCF_000173975.1)","taxon:anaerobutyricum hallii",16017,"GRCh37","2648a90d7032c268b812fc96620d034c842a39c747a3687866fe4988b52a1e3f","e2bb6beb199bfc576ecf2adc98bc83f014b729be832c4a4f7f2d2e09df552237",8,85,0,85,9.454e-08
"microbiome_2026","GCST90670483","Gut microbiome species presence (CAG-273 sp003534295, GCA_003534295.1)","taxon:cag-273 sp003534295",16017,"GRCh37","2648a90d7032c268b812fc96620d034c842a39c747a3687866fe4988b52a1e3f","e2bb6beb199bfc576ecf2adc98bc83f014b729be832c4a4f7f2d2e09df552237",8,121,0,121,3.868e-07
"microbiome_2026","GCST90670484","Gut microbiome species abundance (KLE1615 sp900066985, GCA_003478935.1)","taxon:kle1615 sp900066985",16017,"GRCh37","2648a90d7032c268b812fc96620d034c842a39c747a3687866fe4988b52a1e3f","e2bb6beb199bfc576ecf2adc98bc83f014b729be832c4a4f7f2d2e09df552237",8,33,0,33,7.503e-07
"microbiome_2026","GCST90670485","Gut microbiome species abundance (Bacteroides ovatus, GCF_001314995.1)","taxon:bacteroides ovatus",16017,"GRCh37","2648a90d7032c268b812fc96620d034c842a39c747a3687866fe4988b52a1e3f","e2bb6beb199bfc576ecf2adc98bc83f014b729be832c4a4f7f2d2e09df552237",8,57,0,57,1.265e-06
"microbiome_2026","GCST90670486","Gut microbiome species presence (Scatacola A faecigallinarum, GCA_000436375.1)","taxon:scatacola a faecigallinarum",16017,"GRCh37","2648a90d7032c268b812fc96620d034c842a39c747a3687866fe4988b52a1e3f","e2bb6beb199bfc576ecf2adc98bc83f014b729be832c4a4f7f2d2e09df552237",8,131,0,131,4.115e-07
"microbiome_2026","GCST90670487","Gut microbiome species presence (Lachnospira sp000436535, GCA_000436535.1)","taxon:lachnospira sp000436535",16017,"GRCh37","2648a90d7032c268b812fc96620d034c842a39c747a3687866fe4988b52a1e3f","e2bb6beb199bfc576ecf2adc98bc83f014b729be832c4a4f7f2d2e09df552237",8,132,0,129,2.364e-07
"microbiome_2026","GCST90670488","Gut microbiome species presence (Peptidiphaga sp000466165, GCF_000466165.1)","taxon:peptidiphaga sp000466165",16017,"GRCh37","2648a90d7032c268b812fc96620d034c842a39c747a3687866fe4988b52a1e3f","e2bb6beb199bfc576ecf2adc98bc83f014b729be832c4a4f7f2d2e09df552237",8,75,0,75,1.341e-06
"microbiome_2026","GCST90670489","Gut microbiome species presence (CAG-273 sp000435755, GCA_000435755.1)","taxon:cag-273 sp000435755",16017,"GRCh37","2648a90d7032c268b812fc96620d034c842a39c747a3687866fe4988b52a1e3f","e2bb6beb199bfc576ecf2adc98bc83f014b729be832c4a4f7f2d2e09df552237",8,16,0,16,2.662e-07
"microbiome_2026","GCST90670490","Gut microbiome species presence (Faecalibacterium prausnitzii E, GCF_019967995.1)","taxon:faecalibacterium prausnitzii e",16017,"GRCh37","2648a90d7032c268b812fc96620d034c842a39c747a3687866fe4988b52a1e3f","e2bb6beb199bfc576ecf2adc98bc83f014b729be832c4a4f7f2d2e09df552237",8,140,0,140,1.63e-07
"microbiome_2026","GCST90670491","Gut microbiome species presence (Bacteroides stercoris, GCA_025147325.1)","taxon:bacteroides stercoris",16017,"GRCh37","2648a90d7032c268b812fc96620d034c842a39c747a3687866fe4988b52a1e3f","e2bb6beb199bfc576ecf2adc98bc83f014b729be832c4a4f7f2d2e09df552237",8,36,0,36,5.655e-07
"microbiome_2026","GCST90670492","Gut microbiome species presence (CAG-313 sp003539625, GCA_003539625.1)","taxon:cag-313 sp003539625",16017,"GRCh37","2648a90d7032c268b812fc96620d034c842a39c747a3687866fe4988b52a1e3f","e2bb6beb199bfc576ecf2adc98bc83f014b729be832c4a4f7f2d2e09df552237",8,59,1,59,1.468e-08
"microbiome_2026","GCST90670493","Gut microbiome species abundance (CAG-95 sp000438155, GCA_000438155.1)","taxon:cag-95 sp000438155",16017,"GRCh37","2648a90d7032c268b812fc96620d034c842a39c747a3687866fe4988b52a1e3f","e2bb6beb199bfc576ecf2adc98bc83f014b729be832c4a4f7f2d2e09df552237",8,230,0,230,2.634e-07
"microbiome_2026","GCST90670494","Gut microbiome species presence (Clostridium sp900540255, GCA_900540255.1)","taxon:clostridium sp900540255",16017,"GRCh37","2648a90d7032c268b812fc96620d034c842a39c747a3687866fe4988b52a1e3f","e2bb6beb199bfc576ecf2adc98bc83f014b729be832c4a4f7f2d2e09df552237",8,282,89,282,2.239e-18
"microbiome_2026","GCST90670495","Gut microbiome species abundance (Streptococcus thermophilus, GCF_010120595.1)","taxon:streptococcus thermophilus",16017,"GRCh37","2648a90d7032c268b812fc96620d034c842a39c747a3687866fe4988b52a1e3f","e2bb6beb199bfc576ecf2adc98bc83f014b729be832c4a4f7f2d2e09df552237",8,74,1,74,3.574e-08
"microbiome_2026","GCST90670496","Gut microbiome species presence (CAG-269 sp000431335, GCA_000431335.1)","taxon:cag-269 sp000431335",16017,"GRCh37","2648a90d7032c268b812fc96620d034c842a39c747a3687866fe4988b52a1e3f","e2bb6beb199bfc576ecf2adc98bc83f014b729be832c4a4f7f2d2e09df552237",9,49,0,49,1.208e-07
"microbiome_2026","GCST90670497","Gut microbiome species abundance (Blautia A sp900066335, GCF_003461955.1)","taxon:blautia a sp900066335",16017,"GRCh37","2648a90d7032c268b812fc96620d034c842a39c747a3687866fe4988b52a1e3f","e2bb6beb199bfc576ecf2adc98bc83f014b729be832c4a4f7f2d2e09df552237",9,47,0,47,1.796e-07
"microbiome_2026","GCST90670498","Gut microbiome species presence (CAG-103 sp900757655, GCA_900757655.1)","taxon:cag-103 sp900757655",16017,"GRCh37","2648a90d7032c268b812fc96620d034c842a39c747a3687866fe4988b52a1e3f","e2bb6beb199bfc576ecf2adc98bc83f014b729be832c4a4f7f2d2e09df552237",9,11,4,11,1.09e-08
"microbiome_2026","GCST90670499","Gut microbiome species presence (Prevotella bivia, GCF_000262545.1)","taxon:prevotella bivia",16017,"GRCh37","2648a90d7032c268b812fc96620d034c842a39c747a3687866fe4988b52a1e3f","e2bb6beb199bfc576ecf2adc98bc83f014b729be832c4a4f7f2d2e09df552237",9,28,0,28,3.41e-07
"microbiome_2026","GCST90670500","Gut microbiome species presence (Ruminococcus C callidus, GCF_000468015.1)","taxon:ruminococcus c callidus",16017,"GRCh37","2648a90d7032c268b812fc96620d034c842a39c747a3687866fe4988b52a1e3f","e2bb6beb199bfc576ecf2adc98bc83f014b729be832c4a4f7f2d2e09df552237",9,159,0,159,8.131e-08
"microbiome_2026","GCST90670501","Gut microbiome species abundance (UBA11774 sp003507655, GCA_003507655.1)","taxon:uba11774 sp003507655",16017,"GRCh37","2648a90d7032c268b812fc96620d034c842a39c747a3687866fe4988b52a1e3f","e2bb6beb199bfc576ecf2adc98bc83f014b729be832c4a4f7f2d2e09df552237",9,26,0,26,6.708e-07
"microbiome_2026","GCST90670502","Gut microbiome species presence (CAG-194 sp000432915, GCA_000432915.1)","taxon:cag-194 sp000432915",16017,"GRCh37","2648a90d7032c268b812fc96620d034c842a39c747a3687866fe4988b52a1e3f","e2bb6beb199bfc576ecf2adc98bc83f014b729be832c4a4f7f2d2e09df552237",9,39,0,39,1.102e-06
"microbiome_2026","GCST90670503","Gut microbiome species abundance (Dysosmobacter sp001916835, GCF_014297285.1)","taxon:dysosmobacter sp001916835",16017,"GRCh37","2648a90d7032c268b812fc96620d034c842a39c747a3687866fe4988b52a1e3f","e2bb6beb199bfc576ecf2adc98bc83f014b729be832c4a4f7f2d2e09df552237",9,74,0,74,1.44e-07
"microbiome_2026","GCST90670504","Gut microbiome species presence (CAG-314 sp000437915, GCA_000437915.1)","taxon:cag-314 sp000437915",16017,"GRCh37","2648a90d7032c268b812fc96620d034c842a39c747a3687866fe4988b52a1e3f","e2bb6beb199bfc576ecf2adc98bc83f014b729be832c4a4f7f2d2e09df552237",9,112,0,112,3.113e-07
"microbiome_2026","GCST90670505","Gut microbiome species abundance (Acetatifactor sp003447295, GCA_003447295.1)","taxon:acetatifactor sp003447295",16017,"GRCh37","2648a90d7032c268b812fc96620d034c842a39c747a3687866fe4988b52a1e3f","e2bb6beb199bfc576ecf2adc98bc83f014b729be832c4a4f7f2d2e09df552237",9,96,0,96,1.599e-07
"microbiome_2026","GCST90670506","Gut microbiome species abundance (Bilophila wadsworthia, GCF_000701705.1)","taxon:bilophila wadsworthia",16017,"GRCh37","2648a90d7032c268b812fc96620d034c842a39c747a3687866fe4988b52a1e3f","e2bb6beb199bfc576ecf2adc98bc83f014b729be832c4a4f7f2d2e09df552237",9,31,0,31,3.342e-06
"microbiome_2026","GCST90670507","Gut microbiome species presence (Eubacterium F sp900539115, GCA_900539115.1)","taxon:eubacterium f sp900539115",16017,"GRCh37","2648a90d7032c268b812fc96620d034c842a39c747a3687866fe4988b52a1e3f","e2bb6beb199bfc576ecf2adc98bc83f014b729be832c4a4f7f2d2e09df552237",9,98,0,98,1.189e-06
"microbiome_2026","GCST90670508","Gut microbiome species presence (Faecalibacillus faecis, GCF_003024675.1)","taxon:faecalibacillus faecis",16017,"GRCh37","2648a90d7032c268b812fc96620d034c842a39c747a3687866fe4988b52a1e3f","e2bb6beb199bfc576ecf2adc98bc83f014b729be832c4a4f7f2d2e09df552237",9,33,0,33,1.38e-06
"microbiome_2026","GCST90670509","Gut microbiome species presence (Dialister hominis, GCF_007164725.1)","taxon:dialister hominis",16017,"GRCh37","2648a90d7032c268b812fc96620d034c842a39c747a3687866fe4988b52a1e3f","e2bb6beb199bfc576ecf2adc98bc83f014b729be832c4a4f7f2d2e09df552237",9,39,0,39,3.902e-07
"microbiome_2026","GCST90670510","Gut microbiome species presence (CAG-452 sp000434035, GCA_000434035.1)","taxon:cag-452 sp000434035",16017,"GRCh37","2648a90d7032c268b812fc96620d034c842a39c747a3687866fe4988b52a1e3f","e2bb6beb199bfc576ecf2adc98bc83f014b729be832c4a4f7f2d2e09df552237",9,2,0,2,2.418e-06
"microbiome_2026","GCST90670511","Gut microbiome species presence (F23-B02 sp001916715, GCA_001916715.1)","taxon:f23-b02 sp001916715",16017,"GRCh37","2648a90d7032c268b812fc96620d034c842a39c747a3687866fe4988b52a1e3f","e2bb6beb199bfc576ecf2adc98bc83f014b729be832c4a4f7f2d2e09df552237",9,15,0,15,1.448e-06
"microbiome_2026","GCST90670512","Gut microbiome species presence (Phocaeicola coprocola, GCF_000154845.1)","taxon:phocaeicola coprocola",16017,"GRCh37","2648a90d7032c268b812fc96620d034c842a39c747a3687866fe4988b52a1e3f","e2bb6beb199bfc576ecf2adc98bc83f014b729be832c4a4f7f2d2e09df552237",10,124,0,124,1.702e-07
"microbiome_2026","GCST90670513","Gut microbiome species abundance (CAG-170 sp002404795, GCA_002404795.1)","taxon:cag-170 sp002404795",16017,"GRCh37","2648a90d7032c268b812fc96620d034c842a39c747a3687866fe4988b52a1e3f","e2bb6beb199bfc576ecf2adc98bc83f014b729be832c4a4f7f2d2e09df552237",10,74,0,74,1.074e-07
"microbiome_2026","GCST90670514","Gut microbiome species abundance (Bacteroides xylanisolvens, GCF_000210075.1)","taxon:bacteroides xylanisolvens",16017,"GRCh37","2648a90d7032c268b812fc96620d034c842a39c747a3687866fe4988b52a1e3f","e2bb6beb199bfc576ecf2adc98bc83f014b729be832c4a4f7f2d2e09df552237",10,111,0,111,4.205e-07
"microbiome_2026","GCST90670515","Gut microbiome species abundance (CAG-170 sp900545925, GCA_900545925.1)","taxon:cag-170 sp900545925",16017,"GRCh37","2648a90d7032c268b812fc96620d034c842a39c747a3687866fe4988b52a1e3f","e2bb6beb199bfc576ecf2adc98bc83f014b729be832c4a4f7f2d2e09df552237",10,78,9,78,1.209e-08
"microbiome_2026","GCST90670516","Gut microbiome species presence (Slackia A isoflavoniconvertens, GCF_003725955.1)","taxon:slackia a isoflavoniconvertens",16017,"GRCh37","2648a90d7032c268b812fc96620d034c842a39c747a3687866fe4988b52a1e3f","e2bb6beb199bfc576ecf2adc98bc83f014b729be832c4a4f7f2d2e09df552237",10,39,0,39,8.685e-07
"microbiome_2026","GCST90670517","Gut microbiome species presence (Ventricola sp900542395, GCA_900542395.1)","taxon:ventricola sp900542395",16017,"GRCh37","2648a90d7032c268b812fc96620d034c842a39c747a3687866fe4988b52a1e3f","e2bb6beb199bfc576ecf2adc98bc83f014b729be832c4a4f7f2d2e09df552237",10,135,20,135,4.776e-09
"microbiome_2026","GCST90670518","Gut microbiome species presence (51-20 sp001917175, GCA_001917175.1)","taxon:51-20 sp001917175",16017,"GRCh37","2648a90d7032c268b812fc96620d034c842a39c747a3687866fe4988b52a1e3f","e2bb6beb199bfc576ecf2adc98bc83f014b729be832c4a4f7f2d2e09df552237",10,167,0,167,3.111e-07
"microbiome_2026","GCST90670519","Gut microbiome species presence (CAG-273 sp003507395, GCA_003507395.1)","taxon:cag-273 sp003507395",16017,"GRCh37","2648a90d7032c268b812fc96620d034c842a39c747a3687866fe4988b52a1e3f","e2bb6beb199bfc576ecf2adc98bc83f014b729be832c4a4f7f2d2e09df552237",10,55,0,55,1.287e-06
"microbiome_2026","GCST90670520","Gut microbiome species abundance (Alistipes communis, GCF_006542665.1)","taxon:alistipes communis",16017,"GRCh37","2648a90d7032c268b812fc96620d034c842a39c747a3687866fe4988b52a1e3f","e2bb6beb199bfc576ecf2adc98bc83f014b729be832c4a4f7f2d2e09df552237",10,88,0,88,1.039e-07
"microbiome_2026","GCST90670521","Gut microbiome species presence (Scatocola faecipullorum, GCA_001917125.1)","taxon:scatocola faecipullorum",16017,"GRCh37","2648a90d7032c268b812fc96620d034c842a39c747a3687866fe4988b52a1e3f","e2bb6beb199bfc576ecf2adc98bc83f014b729be832c4a4f7f2d2e09df552237",10,43,0,43,8.044e-08
"microbiome_2026","GCST90670522","Gut microbiome species presence (CAG-245 sp000435175, GCA_000435175.1)","taxon:cag-245 sp000435175",16017,"GRCh37","2648a90d7032c268b812fc96620d034c842a39c747a3687866fe4988b52a1e3f","e2bb6beb199bfc576ecf2adc98bc83f014b729be832c4a4f7f2d2e09df552237",10,75,0,75,7.134e-07
"microbiome_2026","GCST90670523","Gut microbiome species abundance (Dysosmobacter welbionis, GCF_005121165.3)","taxon:dysosmobacter welbionis",16017,"GRCh37","2648a90d7032c268b812fc96620d034c842a39c747a3687866fe4988b52a1e3f","e2bb6beb199bfc576ecf2adc98bc83f014b729be832c4a4f7f2d2e09df552237",10,72,0,72,3.738e-07
"microbiome_2026","GCST90670524","Gut microbiome species abundance (Mediterraneibacter torques, GCF_000153925.1)","taxon:mediterraneibacter torques",16017,"GRCh37","2648a90d7032c268b812fc96620d034c842a39c747a3687866fe4988b52a1e3f","e2bb6beb199bfc576ecf2adc98bc83f014b729be832c4a4f7f2d2e09df552237",10,365,74,365,1.42e-18
"microbiome_2026","GCST90670525","Gut microbiome species abundance (Anaerostipes hadrus A, GCF_001404655.1)","taxon:anaerostipes hadrus a",16017,"GRCh37","2648a90d7032c268b812fc96620d034c842a39c747a3687866fe4988b52a1e3f","e2bb6beb199bfc576ecf2adc98bc83f014b729be832c4a4f7f2d2e09df552237",10,35,0,35,1.368e-06
"microbiome_2026","GCST90670526","Gut microbiome species presence (CAG-417 sp000432835, GCA_000432835.1)","taxon:cag-417 sp000432835",16017,"GRCh37","2648a90d7032c268b812fc96620d034c842a39c747a3687866fe4988b52a1e3f","e2bb6beb199bfc576ecf2adc98bc83f014b729be832c4a4f7f2d2e09df552237",10,45,0,45,3.727e-07
"microbiome_2026","GCST90670527","Gut microbiome species presence (Coprococcus sp000154245, GCA_020735665.1)","taxon:coprococcus sp000154245",16017,"GRCh37","2648a90d7032c268b812fc96620d034c842a39c747a3687866fe4988b52a1e3f","e2bb6beb199bfc576ecf2adc98bc83f014b729be832c4a4f7f2d2e09df552237",10,31,0,31,2.295e-06
"microbiome_2026","GCST90670528","Gut microbiome species abundance (Bacteroides cellulosilyticus, GCF_000158035.1)","taxon:bacteroides cellulosilyticus",16017,"GRCh37","2648a90d7032c268b812fc96620d034c842a39c747a3687866fe4988b52a1e3f","e2bb6beb199bfc576ecf2adc98bc83f014b729be832c4a4f7f2d2e09df552237",11,25,0,25,5.752e-07
"microbiome_2026","GCST90670529","Gut microbiome species presence (Butyribacter intestini, GCA_001414325.1)","taxon:butyribacter intestini",16017,"GRCh37","2648a90d7032c268b812fc96620d034c842a39c747a3687866fe4988b52a1e3f","e2bb6beb199bfc576ecf2adc98bc83f014b729be832c4a4f7f2d2e09df552237",11,272,9,271,1.354e-08
"microbiome_2026","GCST90670530","Gut microbiome species abundance (Parabacteroides merdae, GCA_025151215.1)","taxon:parabacteroides merdae",16017,"GRCh37","2648a90d7032c268b812fc96620d034c842a39c747a3687866fe4988b52a1e3f","e2bb6beb199bfc576ecf2adc98bc83f014b729be832c4a4f7f2d2e09df552237",11,16,0,16,9.54e-07
"microbiome_2026","GCST90670531","Gut microbiome species presence (Ellagibacter isourolithinifaciens, GCF_008831035.1)","taxon:ellagibacter isourolithinifaciens",16017,"GRCh37","2648a90d7032c268b812fc96620d034c842a39c747a3687866fe4988b52a1e3f","e2bb6beb199bfc576ecf2adc98bc83f014b729be832c4a4f7f2d2e09df552237",11,20,0,20,1.065e-06
"microbiome_2026","GCST90670532","Gut microbiome species abundance (Blautia A sp000436615, GCF_003461245.1)","taxon:blautia a sp000436615",16017,"GRCh37","2648a90d7032c268b812fc96620d034c842a39c747a3687866fe4988b52a1e3f","e2bb6beb199bfc576ecf2adc98bc83f014b729be832c4a4f7f2d2e09df552237",11,57,0,57,4.57e-07
"microbiome_2026","GCST90670533","Gut microbiome species presence (Onthocola B sp000437355, GCA_000437355.1)","taxon:onthocola b sp000437355",16017,"GRCh37","2648a90d7032c268b812fc96620d034c842a39c747a3687866fe4988b52a1e3f","e2bb6beb199bfc576ecf2adc98bc83f014b729be832c4a4f7f2d2e09df552237",11,113,0,113,6.978e-07
"microbiome_2026","GCST90670534","Gut microbiome species abundance (Acutalibacter ornithocaccae, GCA_000435395.1)","taxon:acutalibacter ornithocaccae",16017,"GRCh37","2648a90d7032c268b812fc96620d034c842a39c747a3687866fe4988b52a1e3f","e2bb6beb199bfc576ecf2adc98bc83f014b729be832c4a4f7f2d2e09df552237",11,262,2,262,3.511e-08
"microbiome_2026","GCST90670535","Gut microbiome species abundance (Bacteroides caccae, GCF_002222615.2)","taxon:bacteroides caccae",16017,"GRCh37","2648a90d7032c268b812fc96620d034c842a39c747a3687866fe4988b52a1e3f","e2bb6beb199bfc576ecf2adc98bc83f014b729be832c4a4f7f2d2e09df552237",11,66,0,66,1.968e-06
"microbiome_2026","GCST90670536","Gut microbiome species abundance (Blautia A faecis, GCF_020554845.1)","taxon:blautia a faecis",16017,"GRCh37","2648a90d7032c268b812fc96620d034c842a39c747a3687866fe4988b52a1e3f","e2bb6beb199bfc576ecf2adc98bc83f014b729be832c4a4f7f2d2e09df552237",11,42,0,42,7.311e-07
"microbiome_2026","GCST90670537","Gut microbiome species presence (Alistipes avistercoris, GCA_000434235.1)","taxon:alistipes avistercoris",16017,"GRCh37","2648a90d7032c268b812fc96620d034c842a39c747a3687866fe4988b52a1e3f","e2bb6beb199bfc576ecf2adc98bc83f014b729be832c4a4f7f2d2e09df552237",11,48,0,48,1.395e-06
"microbiome_2026","GCST90670538","Gut microbiome species presence (Faecalibacterium prausnitzii J, GCF_003287405.1)","taxon:faecalibacterium prausnitzii j",16017,"GRCh37","2648a90d7032c268b812fc96620d034c842a39c747a3687866fe4988b52a1e3f","e2bb6beb199bfc576ecf2adc98bc83f014b729be832c4a4f7f2d2e09df552237",11,36,0,36,2.606e-06
"microbiome_2026","GCST90670539","Gut microbiome species abundance (Gemmiger sp900539695, GCA_900539695.1)","taxon:gemmiger sp900539695",16017,"GRCh37","2648a90d7032c268b812fc96620d034c842a39c747a3687866fe4988b52a1e3f","e2bb6beb199bfc576ecf2adc98bc83f014b729be832c4a4f7f2d2e09df552237",11,40,0,40,1.281e-06
"microbiome_2026","GCST90670540","Gut microbiome species presence (CAG-302 sp900543825, GCA_900543825.1)","taxon:cag-302 sp900543825",16017,"GRCh37","2648a90d7032c268b812fc96620d034c842a39c747a3687866fe4988b52a1e3f","e2bb6beb199bfc576ecf2adc98bc83f014b729be832c4a4f7f2d2e09df552237",11,28,0,28,4.272e-07
"microbiome_2026","GCST90670541","Gut microbiome species presence (CAZU01 sp000432275, GCA_000432275.1)","taxon:cazu01 sp000432275",16017,"GRCh37","2648a90d7032c268b812fc96620d034c842a39c747a3687866fe4988b52a1e3f","e2bb6beb199bfc576ecf2adc98bc83f014b729be832c4a4f7f2d2e09df552237",11,44,0,44,8.4e-07
"microbiome_2026","GCST90670542","Gut microbiome species abundance (Phocaeicola dorei, GCF_013009555.1)","taxon:phocaeicola dorei",16017,"GRCh37","2648a90d7032c268b812fc96620d034c842a39c747a3687866fe4988b52a1e3f","e2bb6beb199bfc576ecf2adc98bc83f014b729be832c4a4f7f2d2e09df552237",11,61,0,61,4.28e-07
"microbiome_2026","GCST90670543","Gut microbiome species presence (CAG-533 sp000434495, GCA_900547775.1)","taxon:cag-533 sp000434495",16017,"GRCh37","2648a90d7032c268b812fc96620d034c842a39c747a3687866fe4988b52a1e3f","e2bb6beb199bfc576ecf2adc98bc83f014b729be832c4a4f7f2d2e09df552237",11,73,0,73,9.805e-07
"microbiome_2026","GCST90670544","Gut microbiome species abundance (Dorea A longicatena B, GCF_024168045.1)","taxon:dorea a longicatena b",16017,"GRCh37","2648a90d7032c268b812fc96620d034c842a39c747a3687866fe4988b52a1e3f","e2bb6beb199bfc576ecf2adc98bc83f014b729be832c4a4f7f2d2e09df552237",12,32,0,32,1.458e-06
"microbiome_2026","GCST90670545","Gut microbiome species presence (Gemmiger sp900540595, GCA_900540595.1)","taxon:gemmiger sp900540595",16017,"GRCh37","2648a90d7032c268b812fc96620d034c842a39c747a3687866fe4988b52a1e3f","e2bb6beb199bfc576ecf2adc98bc83f014b729be832c4a4f7f2d2e09df552237",12,121,0,121,1.124e-07
"microbiome_2026","GCST90670546","Gut microbiome species presence (Gemmiger sp900540775, GCF_018784445.1)","taxon:gemmiger sp900540775",16017,"GRCh37","2648a90d7032c268b812fc96620d034c842a39c747a3687866fe4988b52a1e3f","e2bb6beb199bfc576ecf2adc98bc83f014b729be832c4a4f7f2d2e09df552237",12,116,5,116,2.713e-08
"microbiome_2026","GCST90670547","Gut microbiome species presence (Lactiplantibacillus plantarum, GCF_014131735.1)","taxon:lactiplantibacillus plantarum",16017,"GRCh37","2648a90d7032c268b812fc96620d034c842a39c747a3687866fe4988b52a1e3f","e2bb6beb199bfc576ecf2adc98bc83f014b729be832c4a4f7f2d2e09df552237",12,93,0,93,1.141e-07
"microbiome_2026","GCST90670548","Gut microbiome species abundance (Oliverpabstia intestinalis, GCF_009696065.1)","taxon:oliverpabstia intestinalis",16017,"GRCh37","2648a90d7032c268b812fc96620d034c842a39c747a3687866fe4988b52a1e3f","e2bb6beb199bfc576ecf2adc98bc83f014b729be832c4a4f7f2d2e09df552237",12,131,0,131,1.109e-07
"microbiome_2026","GCST90670549","Gut microbiome species abundance (Faecalibacterium sp900758465, GCF_023347275.1)","taxon:faecalibacterium sp900758465",16017,"GRCh37","2648a90d7032c268b812fc96620d034c842a39c747a3687866fe4988b52a1e3f","e2bb6beb199bfc576ecf2adc98bc83f014b729be832c4a4f7f2d2e09df552237",12,118,0,118,1.352e-07
"microbiome_2026","GCST90670550","Gut microbiome species presence (Negativibacillus sp000435195, GCA_000435195.1)","taxon:negativibacillus sp000435195",16017,"GRCh37","2648a90d7032c268b812fc96620d034c842a39c747a3687866fe4988b52a1e3f","e2bb6beb199bfc576ecf2adc98bc83f014b729be832c4a4f7f2d2e09df552237",12,308,90,308,2.944e-13
"microbiome_2026","GCST90670551","Gut microbiome species presence (Enterocloster sp001517625, GCF_001517625.2)","taxon:enterocloster sp001517625",16017,"GRCh37","2648a90d7032c268b812fc96620d034c842a39c747a3687866fe4988b52a1e3f","e2bb6beb199bfc576ecf2adc98bc83f014b729be832c4a4f7f2d2e09df552237",12,246,27,246,9.947e-10
"microbiome_2026","GCST90670552","Gut microbiome species presence (CAG-628 sp003524085, GCA_003524085.1)","taxon:cag-628 sp003524085",16017,"GRCh37","2648a90d7032c268b812fc96620d034c842a39c747a3687866fe4988b52a1e3f","e2bb6beb199bfc576ecf2adc98bc83f014b729be832c4a4f7f2d2e09df552237",12,13,0,13,1.99e-06
"microbiome_2026","GCST90670553","Gut microbiome species presence (ER4 sp003522105, GCA_003522105.1)","taxon:er4 sp003522105",16017,"GRCh37","2648a90d7032c268b812fc96620d034c842a39c747a3687866fe4988b52a1e3f","e2bb6beb199bfc576ecf2adc98bc83f014b729be832c4a4f7f2d2e09df552237",12,116,0,116,2.753e-07
"microbiome_2026","GCST90670554","Gut microbiome species presence (Faecalimonas phoceensis, GCF_900104635.1)","taxon:faecalimonas phoceensis",16017,"GRCh37","2648a90d7032c268b812fc96620d034c842a39c747a3687866fe4988b52a1e3f","e2bb6beb199bfc576ecf2adc98bc83f014b729be832c4a4f7f2d2e09df552237",12,85,1,85,3.881e-08
"microbiome_2026","GCST90670555","Gut microbiome species abundance (Limiplasma merdipullorum, GCA_900540045.1)","taxon:limiplasma merdipullorum",16017,"GRCh37","2648a90d7032c268b812fc96620d034c842a39c747a3687866fe4988b52a1e3f","e2bb6beb199bfc576ecf2adc98bc83f014b729be832c4a4f7f2d2e09df552237",12,124,17,124,2.522e-10
"microbiome_2026","GCST90670556","Gut microbiome species abundance (Intestinibacter bartlettii, GCA_025148965.1)","taxon:intestinibacter bartlettii",16017,"GRCh37","2648a90d7032c268b812fc96620d034c842a39c747a3687866fe4988b52a1e3f","e2bb6beb199bfc576ecf2adc98bc83f014b729be832c4a4f7f2d2e09df552237",12,87,0,87,1.767e-07
"microbiome_2026","GCST90670557","Gut microbiome species abundance (Copromonas sp900066785, GCF_003478035.1)","taxon:copromonas sp900066785",16017,"GRCh37","2648a90d7032c268b812fc96620d034c842a39c747a3687866fe4988b52a1e3f","e2bb6beb199bfc576ecf2adc98bc83f014b729be832c4a4f7f2d2e09df552237",12,54,0,54,7.335e-07
"microbiome_2026","GCST90670558","Gut microbiome species abundance (Enterocloster sp900541315, GCA_900541315.1)","taxon:enterocloster sp900541315",16017,"GRCh37","2648a90d7032c268b812fc96620d034c842a39c747a3687866fe4988b52a1e3f","e2bb6beb199bfc576ecf2adc98bc83f014b729be832c4a4f7f2d2e09df552237",12,67,0,67,1.607e-07
"microbiome_2026","GCST90670559","Gut microbiome species presence (Actinomyces sp000220835, GCF_000220835.1)","taxon:actinomyces sp000220835",16017,"GRCh37","2648a90d7032c268b812fc96620d034c842a39c747a3687866fe4988b52a1e3f","e2bb6beb199bfc576ecf2adc98bc83f014b729be832c4a4f7f2d2e09df552237",12,56,0,56,2.835e-06
"microbiome_2026","GCST90670560","Gut microbiome species presence (Angelakisella sp900547385, GCA_900547385.1)","taxon:angelakisella sp900547385",16017,"GRCh37","2648a90d7032c268b812fc96620d034c842a39c747a3687866fe4988b52a1e3f","e2bb6beb199bfc576ecf2adc98bc83f014b729be832c4a4f7f2d2e09df552237",13,150,0,150,9.129e-07
"microbiome_2026","GCST90670561","Gut microbiome species presence (Butyribacter sp003524945, GCF_003478445.1)","taxon:butyribacter sp003524945",16017,"GRCh37","2648a90d7032c268b812fc96620d034c842a39c747a3687866fe4988b52a1e3f","e2bb6beb199bfc576ecf2adc98bc83f014b729be832c4a4f7f2d2e09df552237",13,12,0,12,1.651e-07
"microbiome_2026","GCST90670562","Gut microbiome species presence (CAG-273 sp000437855, GCA_000437855.1)","taxon:cag-273 sp000437855",16017,"GRCh37","2648a90d7032c268b812fc96620d034c842a39c747a3687866fe4988b52a1e3f","e2bb6beb199bfc576ecf2adc98bc83f014b729be832c4a4f7f2d2e09df552237",13,75,4,75,4.15e-08
"microbiome_2026","GCST90670563","Gut microbiome species abundance (Enterocloster bolteae, GCF_002234575.2)","taxon:enterocloster bolteae",16017,"GRCh37","2648a90d7032c268b812fc96620d034c842a39c747a3687866fe4988b52a1e3f","e2bb6beb199bfc576ecf2adc98bc83f014b729be832c4a4f7f2d2e09df552237",13,83,0,83,3.936e-07
"microbiome_2026","GCST90670564","Gut microbiome species presence (UBA738 sp003522945, GCA_003522945.1)","taxon:uba738 sp003522945",16017,"GRCh37","2648a90d7032c268b812fc96620d034c842a39c747a3687866fe4988b52a1e3f","e2bb6beb199bfc576ecf2adc98bc83f014b729be832c4a4f7f2d2e09df552237",13,175,1,175,1.367e-08
"microbiome_2026","GCST90670565","Gut microbiome species presence (Adlercreutzia equolifaciens, GCF_000478885.1)","taxon:adlercreutzia equolifaciens",16017,"GRCh37","2648a90d7032c268b812fc96620d034c842a39c747a3687866fe4988b52a1e3f","e2bb6beb199bfc576ecf2adc98bc83f014b729be832c4a4f7f2d2e09df552237",13,66,0,66,2.551e-07
"microbiome_2026","GCST90670566","Gut microbiome species presence (Agathobaculum sp003481705, GCF_003481705.1)","taxon:agathobaculum sp003481705",16017,"GRCh37","2648a90d7032c268b812fc96620d034c842a39c747a3687866fe4988b52a1e3f","e2bb6beb199bfc576ecf2adc98bc83f014b729be832c4a4f7f2d2e09df552237",13,81,0,81,3.596e-07
"microbiome_2026","GCST90670567","Gut microbiome species presence (Bifidobacterium dentium, GCF_001042595.1)","taxon:bifidobacterium dentium",16017,"GRCh37","2648a90d7032c268b812fc96620d034c842a39c747a3687866fe4988b52a1e3f","e2bb6beb199bfc576ecf2adc98bc83f014b729be832c4a4f7f2d2e09df552237",13,58,0,58,8.629e-07
"microbiome_2026","GCST90670568","Gut microbiome species presence (SFMI01 sp004556155, GCA_004556155.1)","taxon:sfmi01 sp004556155",16017,"GRCh37","2648a90d7032c268b812fc96620d034c842a39c747a3687866fe4988b52a1e3f","e2bb6beb199bfc576ecf2adc98bc83f014b729be832c4a4f7f2d2e09df552237",13,95,0,95,4.211e-07
"microbiome_2026","GCST90670569","Gut microbiome species presence (CAG-1000 sp000434555, GCA_000434555.1)","taxon:cag-1000 sp000434555",16017,"GRCh37","2648a90d7032c268b812fc96620d034c842a39c747a3687866fe4988b52a1e3f","e2bb6beb199bfc576ecf2adc98bc83f014b729be832c4a4f7f2d2e09df552237",13,32,0,32,2.665e-07
"microbiome_2026","GCST90670570","Gut microbiome species abundance (Clostridium A leptum, GCA_000154345.1)","taxon:clostridium a leptum",16017,"GRCh37","2648a90d7032c268b812fc96620d034c842a39c747a3687866fe4988b52a1e3f","e2bb6beb199bfc576ecf2adc98bc83f014b729be832c4a4f7f2d2e09df552237",13,83,0,83,1.577e-07
"microbiome_2026","GCST90670571","Gut microbiome species abundance (Scatomorpha sp900545405, GCA_900545405.1)","taxon:scatomorpha sp900545405",16017,"GRCh37","2648a90d7032c268b812fc96620d034c842a39c747a3687866fe4988b52a1e3f","e2bb6beb199bfc576ecf2adc98bc83f014b729be832c4a4f7f2d2e09df552237",13,78,0,78,2.386e-07
"microbiome_2026","GCST90670572","Gut microbiome species abundance (Alistipes A ihumii, GCA_025144665.1)","taxon:alistipes a ihumii",16017,"GRCh37","2648a90d7032c268b812fc96620d034c842a39c747a3687866fe4988b52a1e3f","e2bb6beb199bfc576ecf2adc98bc83f014b729be832c4a4f7f2d2e09df552237",13,103,1,103,1.601e-08
"microbiome_2026","GCST90670573","Gut microbiome species presence (Blautia A caecimuris, GCF_024622975.1)","taxon:blautia a caecimuris",16017,"GRCh37","2648a90d7032c268b812fc96620d034c842a39c747a3687866fe4988b52a1e3f","e2bb6beb199bfc576ecf2adc98bc83f014b729be832c4a4f7f2d2e09df552237",13,71,0,71,2.834e-07
"microbiome_2026","GCST90670574","Gut microbiome species presence (Eubacterium R sp003526845, GCA_003526845.1)","taxon:eubacterium r sp003526845",16017,"GRCh37","2648a90d7032c268b812fc96620d034c842a39c747a3687866fe4988b52a1e3f","e2bb6beb199bfc576ecf2adc98bc83f014b729be832c4a4f7f2d2e09df552237",13,70,0,70,6.125e-07
"microbiome_2026","GCST90670575","Gut microbiome species presence (Pelethousia gallinarum, GCA_900543475.1)","taxon:pelethousia gallinarum",16017,"GRCh37","2648a90d7032c268b812fc96620d034c842a39c747a3687866fe4988b52a1e3f","e2bb6beb199bfc576ecf2adc98bc83f014b729be832c4a4f7f2d2e09df552237",13,92,0,92,3.076e-07
"microbiome_2026","GCST90670576","Gut microbiome species presence (Phocaeicola massiliensis, GCF_000382445.1)","taxon:phocaeicola massiliensis",16017,"GRCh37","2648a90d7032c268b812fc96620d034c842a39c747a3687866fe4988b52a1e3f","e2bb6beb199bfc576ecf2adc98bc83f014b729be832c4a4f7f2d2e09df552237",14,29,0,29,1.779e-07
"microbiome_2026","GCST90670577","Gut microbiome species presence (Butyricimonas virosa, GCA_025148635.1)","taxon:butyricimonas virosa",16017,"GRCh37","2648a90d7032c268b812fc96620d034c842a39c747a3687866fe4988b52a1e3f","e2bb6beb199bfc576ecf2adc98bc83f014b729be832c4a4f7f2d2e09df552237",14,68,0,68,7.232e-07
"microbiome_2026","GCST90670578","Gut microbiome species abundance (Clostridium AQ innocuum, GCF_012317185.1)","taxon:clostridium aq innocuum",16017,"GRCh37","2648a90d7032c268b812fc96620d034c842a39c747a3687866fe4988b52a1e3f","e2bb6beb199bfc576ecf2adc98bc83f014b729be832c4a4f7f2d2e09df552237",14,45,0,45,1.67e-06
"microbiome_2026","GCST90670579","Gut microbiome species presence (CAG-288 sp000437395, GCA_000437395.1)","taxon:cag-288 sp000437395",16017,"GRCh37","2648a90d7032c268b812fc96620d034c842a39c747a3687866fe4988b52a1e3f","e2bb6beb199bfc576ecf2adc98bc83f014b729be832c4a4f7f2d2e09df552237",14,147,0,147,5.175e-07
"microbiome_2026","GCST90670580","Gut microbiome species presence (CAG-238 sp000435615, GCA_000435615.1)","taxon:cag-238 sp000435615",16017,"GRCh37","2648a90d7032c268b812fc96620d034c842a39c747a3687866fe4988b52a1e3f","e2bb6beb199bfc576ecf2adc98bc83f014b729be832c4a4f7f2d2e09df552237",14,125,0,125,4e-07
"microbiome_2026","GCST90670581","Gut microbiome species presence (Desulfovibrio fairfieldensis, GCF_001553605.1)","taxon:desulfovibrio fairfieldensis",16017,"GRCh37","2648a90d7032c268b812fc96620d034c842a39c747a3687866fe4988b52a1e3f","e2bb6beb199bfc576ecf2adc98bc83f014b729be832c4a4f7f2d2e09df552237",14,117,0,117,4.527e-07
"microbiome_2026","GCST90670582","Gut microbiome species presence (CAG-170 sp003516765, GCA_003516765.1)","taxon:cag-170 sp003516765",16017,"GRCh37","2648a90d7032c268b812fc96620d034c842a39c747a3687866fe4988b52a1e3f","e2bb6beb199bfc576ecf2adc98bc83f014b729be832c4a4f7f2d2e09df552237",14,57,0,57,4.387e-07
"microbiome_2026","GCST90670583","Gut microbiome species presence (CAG-273 sp000438355, GCA_000438355.1)","taxon:cag-273 sp000438355",16017,"GRCh37","2648a90d7032c268b812fc96620d034c842a39c747a3687866fe4988b52a1e3f","e2bb6beb199bfc576ecf2adc98bc83f014b729be832c4a4f7f2d2e09df552237",14,117,0,117,4.21e-07
"microbiome_2026","GCST90670584","Gut microbiome species presence (F23-B02 sp002472405, GCA_002472405.1)","taxon:f23-b02 sp002472405",16017,"GRCh37","2648a90d7032c268b812fc96620d034c842a39c747a3687866fe4988b52a1e3f","e2bb6beb199bfc576ecf2adc98bc83f014b729be832c4a4f7f2d2e09df552237",14,39,0,39,6.206e-07
"microbiome_2026","GCST90670585","Gut microbiome species presence (Lachnospira sp003451515, GCF_003464165.1)","taxon:lachnospira sp003451515",16017,"GRCh37","2648a90d7032c268b812fc96620d034c842a39c747a3687866fe4988b52a1e3f","e2bb6beb199bfc576ecf2adc98bc83f014b729be832c4a4f7f2d2e09df552237",14,104,0,104,1.45e-06
"microbiome_2026","GCST90670586","Gut microbiome species presence (UBA644 sp900547165, GCA_900547165.1)","taxon:uba644 sp900547165",16017,"GRCh37","2648a90d7032c268b812fc96620d034c842a39c747a3687866fe4988b52a1e3f","e2bb6beb199bfc576ecf2adc98bc83f014b729be832c4a4f7f2d2e09df552237",14,264,3,264,4.639e-09
"microbiome_2026","GCST90670587","Gut microbiome species presence (CAG-448 sp003150135, GCA_022009675.1)","taxon:cag-448 sp003150135",16017,"GRCh37","2648a90d7032c268b812fc96620d034c842a39c747a3687866fe4988b52a1e3f","e2bb6beb199bfc576ecf2adc98bc83f014b729be832c4a4f7f2d2e09df552237",14,21,0,20,6.015e-07
"microbiome_2026","GCST90670588","Gut microbiome species abundance (Faecalibacterium sp900539945, GCA_900539945.1)","taxon:faecalibacterium sp900539945",16017,"GRCh37","2648a90d7032c268b812fc96620d034c842a39c747a3687866fe4988b52a1e3f","e2bb6beb199bfc576ecf2adc98bc83f014b729be832c4a4f7f2d2e09df552237",14,181,2,181,3.904e-09
"microbiome_2026","GCST90670589","Gut microbiome species presence (Alloscardovia omnicolens, GCF_000420505.1)","taxon:alloscardovia omnicolens",16017,"GRCh37","2648a90d7032c268b812fc96620d034c842a39c747a3687866fe4988b52a1e3f","e2bb6beb199bfc576ecf2adc98bc83f014b729be832c4a4f7f2d2e09df552237",14,89,0,89,2.109e-06
"microbiome_2026","GCST90670590","Gut microbiome species presence (Coprococcus A catus, GCF_019734885.1)","taxon:coprococcus a catus",16017,"GRCh37","2648a90d7032c268b812fc96620d034c842a39c747a3687866fe4988b52a1e3f","e2bb6beb199bfc576ecf2adc98bc83f014b729be832c4a4f7f2d2e09df552237",14,41,0,41,8.316e-07
"microbiome_2026","GCST90670591","Gut microbiome species abundance (Copromonas sp000435795, GCA_014385265.1)","taxon:copromonas sp000435795",16017,"GRCh37","2648a90d7032c268b812fc96620d034c842a39c747a3687866fe4988b52a1e3f","e2bb6beb199bfc576ecf2adc98bc83f014b729be832c4a4f7f2d2e09df552237",14,136,9,136,3.234e-11
"microbiome_2026","GCST90670592","Gut microbiome species presence (CAG-628 sp000438415, GCA_000438415.1)","taxon:cag-628 sp000438415",16017,"GRCh37","2648a90d7032c268b812fc96620d034c842a39c747a3687866fe4988b52a1e3f","e2bb6beb199bfc576ecf2adc98bc83f014b729be832c4a4f7f2d2e09df552237",15,24,0,24,2.091e-06
"microbiome_2026","GCST90670593","Gut microbiome species abundance (Dorea formicigenerans, GCA_025150245.1)","taxon:dorea formicigenerans",16017,"GRCh37","2648a90d7032c268b812fc96620d034c842a39c747a3687866fe4988b52a1e3f","e2bb6beb199bfc576ecf2adc98bc83f014b729be832c4a4f7f2d2e09df552237",15,46,0,46,5.176e-07
"microbiome_2026","GCST90670594","Gut microbiome species abundance (Anaerobutyricum soehngenii, GCF_900209925.1)","taxon:anaerobutyricum soehngenii",16017,"GRCh37","2648a90d7032c268b812fc96620d034c842a39c747a3687866fe4988b52a1e3f","e2bb6beb199bfc576ecf2adc98bc83f014b729be832c4a4f7f2d2e09df552237",15,34,0,34,2.248e-06
"microbiome_2026","GCST90670595","Gut microbiome species presence (Clostridium Q symbiosum, GCF_000466485.1)","taxon:clostridium q symbiosum",16017,"GRCh37","2648a90d7032c268b812fc96620d034c842a39c747a3687866fe4988b52a1e3f","e2bb6beb199bfc576ecf2adc98bc83f014b729be832c4a4f7f2d2e09df552237",15,90,0,90,7.776e-07
"microbiome_2026","GCST90670596","Gut microbiome species presence (Clostridium sp000435835, GCA_000435835.1)","taxon:clostridium sp000435835",16017,"GRCh37","2648a90d7032c268b812fc96620d034c842a39c747a3687866fe4988b52a1e3f","e2bb6beb199bfc576ecf2adc98bc83f014b729be832c4a4f7f2d2e09df552237",15,36,0,36,3.037e-07
"microbiome_2026","GCST90670597","Gut microbiome species presence (Lacticaseibacillus paracasei, GCF_000829035.1)","taxon:lacticaseibacillus paracasei",16017,"GRCh37","2648a90d7032c268b812fc96620d034c842a39c747a3687866fe4988b52a1e3f","e2bb6beb199bfc576ecf2adc98bc83f014b729be832c4a4f7f2d2e09df552237",15,76,0,76,1.175e-07
"microbiome_2026","GCST90670598","Gut microbiome species presence (Limivicinus sp900547315, GCA_900547315.1)","taxon:limivicinus sp900547315",16017,"GRCh37","2648a90d7032c268b812fc96620d034c842a39c747a3687866fe4988b52a1e3f","e2bb6beb199bfc576ecf2adc98bc83f014b729be832c4a4f7f2d2e09df552237",15,62,0,62,1.692e-06
"microbiome_2026","GCST90670599","Gut microbiome species presence (Bacteroides eggerthii, GCA_025146565.1)","taxon:bacteroides eggerthii",16017,"GRCh37","2648a90d7032c268b812fc96620d034c842a39c747a3687866fe4988b52a1e3f","e2bb6beb199bfc576ecf2adc98bc83f014b729be832c4a4f7f2d2e09df552237",15,42,0,42,1.43e-07
"microbiome_2026","GCST90670600","Gut microbiome species presence (Blautia A sp003471165, GCF_003471165.1)","taxon:blautia a sp003471165",16017,"GRCh37","2648a90d7032c268b812fc96620d034c842a39c747a3687866fe4988b52a1e3f","e2bb6beb199bfc576ecf2adc98bc83f014b729be832c4a4f7f2d2e09df552237",15,37,0,37,2.95e-07
"microbiome_2026","GCST90670601","Gut microbiome species presence (Blautia stercoris, GCA_003481745.1)","taxon:blautia stercoris",16017,"GRCh37","2648a90d7032c268b812fc96620d034c842a39c747a3687866fe4988b52a1e3f","e2bb6beb199bfc576ecf2adc98bc83f014b729be832c4a4f7f2d2e09df552237",15,39,0,39,2.545e-06
"microbiome_2026","GCST90670602","Gut microbiome species abundance (Coprobacter fastidiosus, GCF_003634345.1)","taxon:coprobacter fastidiosus",16017,"GRCh37","2648a90d7032c268b812fc96620d034c842a39c747a3687866fe4988b52a1e3f","e2bb6beb199bfc576ecf2adc98bc83f014b729be832c4a4f7f2d2e09df552237",15,94,0,94,8.793e-07
"microbiome_2026","GCST90670603","Gut microbiome species presence (UBA1394 sp900066845, GCA_902362965.1)","taxon:uba1394 sp900066845",16017,"GRCh37","2648a90d7032c268b812fc96620d034c842a39c747a3687866fe4988b52a1e3f","e2bb6beb199bfc576ecf2adc98bc83f014b729be832c4a4f7f2d2e09df552237",15,35,0,35,4.522e-07
"microbiome_2026","GCST90670604","Gut microbiome species abundance (Bariatricus comes, GCA_025149785.1)","taxon:bariatricus comes",16017,"GRCh37","2648a90d7032c268b812fc96620d034c842a39c747a3687866fe4988b52a1e3f","e2bb6beb199bfc576ecf2adc98bc83f014b729be832c4a4f7f2d2e09df552237",15,50,0,50,9.43e-07
"microbiome_2026","GCST90670605","Gut microbiome species presence (CAG-45 sp000438375, GCA_902363825.1)","taxon:cag-45 sp000438375",16017,"GRCh37","2648a90d7032c268b812fc96620d034c842a39c747a3687866fe4988b52a1e3f","e2bb6beb199bfc576ecf2adc98bc83f014b729be832c4a4f7f2d2e09df552237",15,156,0,156,1.157e-07
"microbiome_2026","GCST90670606","Gut microbiome species presence (UBA737 sp900549055, GCA_900549055.1)","taxon:uba737 sp900549055",16017,"GRCh37","2648a90d7032c268b812fc96620d034c842a39c747a3687866fe4988b52a1e3f","e2bb6beb199bfc576ecf2adc98bc83f014b729be832c4a4f7f2d2e09df552237",15,184,0,184,1.847e-07
"microbiome_2026","GCST90670607","Gut microbiome species presence (Bacteroides intestinalis, GCF_000172175.1)","taxon:bacteroides intestinalis",16017,"GRCh37","2648a90d7032c268b812fc96620d034c842a39c747a3687866fe4988b52a1e3f","e2bb6beb199bfc576ecf2adc98bc83f014b729be832c4a4f7f2d2e09df552237",15,44,0,44,7.731e-07
"microbiome_2026","GCST90670608","Gut microbiome species presence (CAG-267 sp001917135, GCA_001917135.1)","taxon:cag-267 sp001917135",16017,"GRCh37","2648a90d7032c268b812fc96620d034c842a39c747a3687866fe4988b52a1e3f","e2bb6beb199bfc576ecf2adc98bc83f014b729be832c4a4f7f2d2e09df552237",16,85,0,85,1.994e-07
"microbiome_2026","GCST90670609","Gut microbiome species presence (CAG-475 sp000434435, GCA_000434435.1)","taxon:cag-475 sp000434435",16017,"GRCh37","2648a90d7032c268b812fc96620d034c842a39c747a3687866fe4988b52a1e3f","e2bb6beb199bfc576ecf2adc98bc83f014b729be832c4a4f7f2d2e09df552237",16,76,0,76,2.007e-06
"microbiome_2026","GCST90670610","Gut microbiome species abundance (Alistipes A indistinctus, GCA_025144995.1)","taxon:alistipes a indistinctus",16017,"GRCh37","2648a90d7032c268b812fc96620d034c842a39c747a3687866fe4988b52a1e3f","e2bb6beb199bfc576ecf2adc98bc83f014b729be832c4a4f7f2d2e09df552237",16,19,0,19,3.213e-06
"microbiome_2026","GCST90670611","Gut microbiome species abundance (CAG-95 sp900066375, GCA_003490145.1)","taxon:cag-95 sp900066375",16017,"GRCh37","2648a90d7032c268b812fc96620d034c842a39c747a3687866fe4988b52a1e3f","e2bb6beb199bfc576ecf2adc98bc83f014b729be832c4a4f7f2d2e09df552237",16,81,0,81,1.416e-07
"microbiome_2026","GCST90670612","Gut microbiome species abundance (Faecalibacterium prausnitzii I, GCF_003287495.1)","taxon:faecalibacterium prausnitzii i",16017,"GRCh37","2648a90d7032c268b812fc96620d034c842a39c747a3687866fe4988b52a1e3f","e2bb6beb199bfc576ecf2adc98bc83f014b729be832c4a4f7f2d2e09df552237",16,40,0,40,2.431e-07
"microbiome_2026","GCST90670613","Gut microbiome species presence (Paratractidigestivibacter faecalis, GCF_003416765.1)","taxon:paratractidigestivibacter faecalis",16017,"GRCh37","2648a90d7032c268b812fc96620d034c842a39c747a3687866fe4988b52a1e3f","e2bb6beb199bfc576ecf2adc98bc83f014b729be832c4a4f7f2d2e09df552237",16,55,0,55,5.045e-07
"microbiome_2026","GCST90670614","Gut microbiome species abundance (Ruthenibacterium merdipullorum, GCA_900546885.1)","taxon:ruthenibacterium merdipullorum",16017,"GRCh37","2648a90d7032c268b812fc96620d034c842a39c747a3687866fe4988b52a1e3f","e2bb6beb199bfc576ecf2adc98bc83f014b729be832c4a4f7f2d2e09df552237",16,81,0,81,3.257e-07
"microbiome_2026","GCST90670615","Gut microbiome species presence (CAG-196 sp002102975, GCA_900552525.1)","taxon:cag-196 sp002102975",16017,"GRCh37","2648a90d7032c268b812fc96620d034c842a39c747a3687866fe4988b52a1e3f","e2bb6beb199bfc576ecf2adc98bc83f014b729be832c4a4f7f2d2e09df552237",16,76,0,75,1.323e-07
"microbiome_2026","GCST90670616","Gut microbiome species presence (Akkermansia muciniphila B, GCF_018847375.1)","taxon:akkermansia muciniphila b",16017,"GRCh37","2648a90d7032c268b812fc96620d034c842a39c747a3687866fe4988b52a1e3f","e2bb6beb199bfc576ecf2adc98bc83f014b729be832c4a4f7f2d2e09df552237",16,47,0,47,3.892e-07
"microbiome_2026","GCST90670617","Gut microbiome species presence (CAG-103 sp900317855, GCA_900317855.1)","taxon:cag-103 sp900317855",16017,"GRCh37","2648a90d7032c268b812fc96620d034c842a39c747a3687866fe4988b52a1e3f","e2bb6beb199bfc576ecf2adc98bc83f014b729be832c4a4f7f2d2e09df552237",16,29,0,29,3.183e-06
"microbiome_2026","GCST90670618","Gut microbiome species presence (CAG-274 sp000432155, GCA_000432155.1)","taxon:cag-274 sp000432155",16017,"GRCh37","2648a90d7032c268b812fc96620d034c842a39c747a3687866fe4988b52a1e3f","e2bb6beb199bfc576ecf2adc98bc83f014b729be832c4a4f7f2d2e09df552237",16,130,0,130,8.815e-08
"microbiome_2026","GCST90670619","Gut microbiome species presence (Desulfovibrio sp900556755, GCF_012843875.1)","taxon:desulfovibrio sp900556755",16017,"GRCh37","2648a90d7032c268b812fc96620d034c842a39c747a3687866fe4988b52a1e3f","e2bb6beb199bfc576ecf2adc98bc83f014b729be832c4a4f7f2d2e09df552237",16,102,0,102,7.581e-07
"microbiome_2026","GCST90670620","Gut microbiome species presence (Faecalimonas umbilicata, GCF_004346095.1)","taxon:faecalimonas umbilicata",16017,"GRCh37","2648a90d7032c268b812fc96620d034c842a39c747a3687866fe4988b52a1e3f","e2bb6beb199bfc576ecf2adc98bc83f014b729be832c4a4f7f2d2e09df552237",16,24,0,24,6.93e-07
"microbiome_2026","GCST90670621","Gut microbiome species presence (Merdicola sp001915925, GCA_001915925.1)","taxon:merdicola sp001915925",16017,"GRCh37","2648a90d7032c268b812fc96620d034c842a39c747a3687866fe4988b52a1e3f","e2bb6beb199bfc576ecf2adc98bc83f014b729be832c4a4f7f2d2e09df552237",16,100,0,100,1.686e-07
"microbiome_2026","GCST90670622","Gut microbiome species abundance (Fimisoma sp000435715, GCA_000435715.1)","taxon:fimisoma sp000435715",16017,"GRCh37","2648a90d7032c268b812fc96620d034c842a39c747a3687866fe4988b52a1e3f","e2bb6beb199bfc576ecf2adc98bc83f014b729be832c4a4f7f2d2e09df552237",16,82,0,82,4.819e-07
"microbiome_2026","GCST90670623","Gut microbiome species abundance (Lawsonibacter asaccharolyticus, GCA_003112755.1)","taxon:lawsonibacter asaccharolyticus",16017,"GRCh37","2648a90d7032c268b812fc96620d034c842a39c747a3687866fe4988b52a1e3f","e2bb6beb199bfc576ecf2adc98bc83f014b729be832c4a4f7f2d2e09df552237",16,76,0,76,6.427e-07
"microbiome_2026","GCST90670624","Gut microbiome species presence (UMGS1312 sp900550625, GCA_900550625.1)","taxon:umgs1312 sp900550625",16017,"GRCh37","2648a90d7032c268b812fc96620d034c842a39c747a3687866fe4988b52a1e3f","e2bb6beb199bfc576ecf2adc98bc83f014b729be832c4a4f7f2d2e09df552237",17,135,0,135,2.61e-07
"microbiome_2026","GCST90670625","Gut microbiome species presence (CAG-1193 sp900550145, GCA_900550145.1)","taxon:cag-1193 sp900550145",16017,"GRCh37","2648a90d7032c268b812fc96620d034c842a39c747a3687866fe4988b52a1e3f","e2bb6beb199bfc576ecf2adc98bc83f014b729be832c4a4f7f2d2e09df552237",17,35,0,35,7.157e-07
"microbiome_2026","GCST90670626","Gut microbiome species presence (Faecousia sp900546075, GCA_900546075.1)","taxon:faecousia sp900546075",16017,"GRCh37","2648a90d7032c268b812fc96620d034c842a39c747a3687866fe4988b52a1e3f","e2bb6beb199bfc576ecf2adc98bc83f014b729be832c4a4f7f2d2e09df552237",17,162,0,162,5.049e-07
"microbiome_2026","GCST90670627","Gut microbiome species presence (Nanogingivalis sp015257795, GCA_015257795.3)","taxon:nanogingivalis sp015257795",16017,"GRCh37","2648a90d7032c268b812fc96620d034c842a39c747a3687866fe4988b52a1e3f","e2bb6beb199bfc576ecf2adc98bc83f014b729be832c4a4f7f2d2e09df552237",17,29,0,29,7.036e-08
"microbiome_2026","GCST90670628","Gut microbiome species presence (Rothia mucilaginosa A, GCF_001061665.1)","taxon:rothia mucilaginosa a",16017,"GRCh37","2648a90d7032c268b812fc96620d034c842a39c747a3687866fe4988b52a1e3f","e2bb6beb199bfc576ecf2adc98bc83f014b729be832c4a4f7f2d2e09df552237",17,38,0,38,1.139e-06
"microbiome_2026","GCST90670629","Gut microbiome species presence (Streptococcus mutans, GCF_006739205.1)","taxon:streptococcus mutans",16017,"GRCh37","2648a90d7032c268b812fc96620d034c842a39c747a3687866fe4988b52a1e3f","e2bb6beb199bfc576ecf2adc98bc83f014b729be832c4a4f7f2d2e09df552237",17,61,0,61,9.673e-07
"microbiome_2026","GCST90670630","Gut microbiome species presence (Clostridium sp001916075, GCF_014287815.1)","taxon:clostridium sp001916075",16017,"GRCh37","2648a90d7032c268b812fc96620d034c842a39c747a3687866fe4988b52a1e3f","e2bb6beb199bfc576ecf2adc98bc83f014b729be832c4a4f7f2d2e09df552237",17,182,58,182,2.485e-11
"microbiome_2026","GCST90670631","Gut microbiome species presence (Eubacterium F sp000433735, GCA_000433735.1)","taxon:eubacterium f sp000433735",16017,"GRCh37","2648a90d7032c268b812fc96620d034c842a39c747a3687866fe4988b52a1e3f","e2bb6beb199bfc576ecf2adc98bc83f014b729be832c4a4f7f2d2e09df552237",17,295,0,295,1.082e-07
"microbiome_2026","GCST90670632","Gut microbiome species presence (UBA1685 sp002320595, GCA_002320595.1)","taxon:uba1685 sp002320595",16017,"GRCh37","2648a90d7032c268b812fc96620d034c842a39c747a3687866fe4988b52a1e3f","e2bb6beb199bfc576ecf2adc98bc83f014b729be832c4a4f7f2d2e09df552237",17,24,0,24,1.054e-06
"microbiome_2026","GCST90670633","Gut microbiome species presence (Bacteroides clarus, GCF_900129655.1)","taxon:bacteroides clarus",16017,"GRCh37","2648a90d7032c268b812fc96620d034c842a39c747a3687866fe4988b52a1e3f","e2bb6beb199bfc576ecf2adc98bc83f014b729be832c4a4f7f2d2e09df552237",17,42,0,42,1.117e-06
"microbiome_2026","GCST90670634","Gut microbiome species presence (CAG-245 sp000434195, GCA_000434195.1)","taxon:cag-245 sp000434195",16017,"GRCh37","2648a90d7032c268b812fc96620d034c842a39c747a3687866fe4988b52a1e3f","e2bb6beb199bfc576ecf2adc98bc83f014b729be832c4a4f7f2d2e09df552237",17,51,12,51,3.856e-09
"microbiome_2026","GCST90670635","Gut microbiome species presence (Agathobacter sp000434275, GCA_902363675.1)","taxon:agathobacter sp000434275",16017,"GRCh37","2648a90d7032c268b812fc96620d034c842a39c747a3687866fe4988b52a1e3f","e2bb6beb199bfc576ecf2adc98bc83f014b729be832c4a4f7f2d2e09df552237",17,552,54,550,1.085e-09
"microbiome_2026","GCST90670636","Gut microbiome species presence (Desulfovibrio piger A, GCF_900116045.1)","taxon:desulfovibrio piger a",16017,"GRCh37","2648a90d7032c268b812fc96620d034c842a39c747a3687866fe4988b52a1e3f","e2bb6beb199bfc576ecf2adc98bc83f014b729be832c4a4f7f2d2e09df552237",17,19,0,19,4.071e-07
"microbiome_2026","GCST90670637","Gut microbiome species presence (Onthousia sp000438295, GCA_000438295.1)","taxon:onthousia sp000438295",16017,"GRCh37","2648a90d7032c268b812fc96620d034c842a39c747a3687866fe4988b52a1e3f","e2bb6beb199bfc576ecf2adc98bc83f014b729be832c4a4f7f2d2e09df552237",17,26,0,26,2.223e-07
"microbiome_2026","GCST90670638","Gut microbiome species presence (UBA737 sp900549755, GCA_900549755.1)","taxon:uba737 sp900549755",16017,"GRCh37","2648a90d7032c268b812fc96620d034c842a39c747a3687866fe4988b52a1e3f","e2bb6beb199bfc576ecf2adc98bc83f014b729be832c4a4f7f2d2e09df552237",17,92,0,92,3.167e-07
"microbiome_2026","GCST90670639","Gut microbiome species presence (Veillonella rogosae, GCF_002959775.1)","taxon:veillonella rogosae",16017,"GRCh37","2648a90d7032c268b812fc96620d034c842a39c747a3687866fe4988b52a1e3f","e2bb6beb199bfc576ecf2adc98bc83f014b729be832c4a4f7f2d2e09df552237",17,15,0,15,8.723e-07
"microbiome_2026","GCST90670640","Gut microbiome species presence (Alistipes dispar, GCF_006542685.1)","taxon:alistipes dispar",16017,"GRCh37","2648a90d7032c268b812fc96620d034c842a39c747a3687866fe4988b52a1e3f","e2bb6beb199bfc576ecf2adc98bc83f014b729be832c4a4f7f2d2e09df552237",18,100,0,100,9.888e-07
"microbiome_2026","GCST90670641","Gut microbiome species abundance (Blautia A sp900066145, GCF_003460605.1)","taxon:blautia a sp900066145",16017,"GRCh37","2648a90d7032c268b812fc96620d034c842a39c747a3687866fe4988b52a1e3f","e2bb6beb199bfc576ecf2adc98bc83f014b729be832c4a4f7f2d2e09df552237",18,55,0,55,2.767e-07
"microbiome_2026","GCST90670642","Gut microbiome species presence (Parabacteroides goldsteinii, GCF_000969835.1)","taxon:parabacteroides goldsteinii",16017,"GRCh37","2648a90d7032c268b812fc96620d034c842a39c747a3687866fe4988b52a1e3f","e2bb6beb199bfc576ecf2adc98bc83f014b729be832c4a4f7f2d2e09df552237",18,84,0,84,3.642e-07
"microbiome_2026","GCST90670643","Gut microbiome species presence (Rothia dentocariosa, GCF_000164695.2)","taxon:rothia dentocariosa",16017,"GRCh37","2648a90d7032c268b812fc96620d034c842a39c747a3687866fe4988b52a1e3f","e2bb6beb199bfc576ecf2adc98bc83f014b729be832c4a4f7f2d2e09df552237",18,129,0,129,5.858e-07
"microbiome_2026","GCST90670644","Gut microbiome species presence (CAG-345 sp000433315, GCA_000433315.1)","taxon:cag-345 sp000433315",16017,"GRCh37","2648a90d7032c268b812fc96620d034c842a39c747a3687866fe4988b52a1e3f","e2bb6beb199bfc576ecf2adc98bc83f014b729be832c4a4f7f2d2e09df552237",18,433,16,433,2.455e-08
"microbiome_2026","GCST90670645","Gut microbiome species presence (Fimivicinus sp900544375, GCA_900544375.1)","taxon:fimivicinus sp900544375",16017,"GRCh37","2648a90d7032c268b812fc96620d034c842a39c747a3687866fe4988b52a1e3f","e2bb6beb199bfc576ecf2adc98bc83f014b729be832c4a4f7f2d2e09df552237",18,103,0,103,8.318e-08
"microbiome_2026","GCST90670646","Gut microbiome species presence (QAMH01 sp900544245, GCA_900544245.1)","taxon:qamh01 sp900544245",16017,"GRCh37","2648a90d7032c268b812fc96620d034c842a39c747a3687866fe4988b52a1e3f","e2bb6beb199bfc576ecf2adc98bc83f014b729be832c4a4f7f2d2e09df552237",18,50,0,50,6.91e-07
"microbiome_2026","GCST90670647","Gut microbiome species abundance (Romboutsia timonensis, GCF_900106845.1)","taxon:romboutsia timonensis",16017,"GRCh37","2648a90d7032c268b812fc96620d034c842a39c747a3687866fe4988b52a1e3f","e2bb6beb199bfc576ecf2adc98bc83f014b729be832c4a4f7f2d2e09df552237",18,166,0,166,9.554e-08
"microbiome_2026","GCST90670648","Gut microbiome species presence (Ventrimonas sp900538475, GCA_900538475.1)","taxon:ventrimonas sp900538475",16017,"GRCh37","2648a90d7032c268b812fc96620d034c842a39c747a3687866fe4988b52a1e3f","e2bb6beb199bfc576ecf2adc98bc83f014b729be832c4a4f7f2d2e09df552237",18,71,0,71,1.187e-07
"microbiome_2026","GCST90670649","Gut microbiome species presence (Woodwardibium sp900760275, GCA_900760275.1)","taxon:woodwardibium sp900760275",16017,"GRCh37","2648a90d7032c268b812fc96620d034c842a39c747a3687866fe4988b52a1e3f","e2bb6beb199bfc576ecf2adc98bc83f014b729be832c4a4f7f2d2e09df552237",18,77,0,77,1.334e-06
"microbiome_2026","GCST90670650","Gut microbiome species presence (CAG-238 sp900551415, GCA_900551415.1)","taxon:cag-238 sp900551415",16017,"GRCh37","2648a90d7032c268b812fc96620d034c842a39c747a3687866fe4988b52a1e3f","e2bb6beb199bfc576ecf2adc98bc83f014b729be832c4a4f7f2d2e09df552237",18,128,0,128,2.469e-07
"microbiome_2026","GCST90670651","Gut microbiome species presence (Evtepia excrementipullorum, GCA_900546255.1)","taxon:evtepia excrementipullorum",16017,"GRCh37","2648a90d7032c268b812fc96620d034c842a39c747a3687866fe4988b52a1e3f","e2bb6beb199bfc576ecf2adc98bc83f014b729be832c4a4f7f2d2e09df552237",18,40,0,40,1.895e-07
"microbiome_2026","GCST90670652","Gut microbiome species presence (Faecalitalea cylindroides, GCF_000469305.1)","taxon:faecalitalea cylindroides",16017,"GRCh37","2648a90d7032c268b812fc96620d034c842a39c747a3687866fe4988b52a1e3f","e2bb6beb199bfc576ecf2adc98bc83f014b729be832c4a4f7f2d2e09df552237",18,51,0,51,3.203e-07
"microbiome_2026","GCST90670653","Gut microbiome species presence (Onthomonas sp900545815, GCA_900545815.1)","taxon:onthomonas sp900545815",16017,"GRCh37","2648a90d7032c268b812fc96620d034c842a39c747a3687866fe4988b52a1e3f","e2bb6beb199bfc576ecf2adc98bc83f014b729be832c4a4f7f2d2e09df552237",18,77,0,77,1.144e-06
"microbiome_2026","GCST90670654","Gut microbiome species presence (Ruminococcus C sp000980705, GCA_000980705.1)","taxon:ruminococcus c sp000980705",16017,"GRCh37","2648a90d7032c268b812fc96620d034c842a39c747a3687866fe4988b52a1e3f","e2bb6beb199bfc576ecf2adc98bc83f014b729be832c4a4f7f2d2e09df552237",18,117,0,117,1.772e-06
"microbiome_2026","GCST90670655","Gut microbiome species presence (Scatomorpha intestinigallinarum, GCA_900544295.1)","taxon:scatomorpha intestinigallinarum",16017,"GRCh37","2648a90d7032c268b812fc96620d034c842a39c747a3687866fe4988b52a1e3f","e2bb6beb199bfc576ecf2adc98bc83f014b729be832c4a4f7f2d2e09df552237",18,62,0,62,2.107e-07
"microbiome_2026","GCST90670656","Gut microbiome species presence (Sellimonas intestinalis, GCF_001280875.1)","taxon:sellimonas intestinalis",16017,"GRCh37","2648a90d7032c268b812fc96620d034c842a39c747a3687866fe4988b52a1e3f","e2bb6beb199bfc576ecf2adc98bc83f014b729be832c4a4f7f2d2e09df552237",19,34,0,34,4.693e-07
"microbiome_2026","GCST90670657","Gut microbiome species presence (Limiplasma sp900548145, GCA_900548145.1)","taxon:limiplasma sp900548145",16017,"GRCh37","2648a90d7032c268b812fc96620d034c842a39c747a3687866fe4988b52a1e3f","e2bb6beb199bfc576ecf2adc98bc83f014b729be832c4a4f7f2d2e09df552237",19,106,0,106,1.454e-07
"microbiome_2026","GCST90670658","Gut microbiome species presence (UBA6398 sp003150315, GCA_003150315.1)","taxon:uba6398 sp003150315",16017,"GRCh37","2648a90d7032c268b812fc96620d034c842a39c747a3687866fe4988b52a1e3f","e2bb6beb199bfc576ecf2adc98bc83f014b729be832c4a4f7f2d2e09df552237",19,140,0,140,9.574e-08
"microbiome_2026","GCST90670659","Gut microbiome species presence (Holdemanella sp900556915, GCF_024460475.1)","taxon:holdemanella sp900556915",16017,"GRCh37","2648a90d7032c268b812fc96620d034c842a39c747a3687866fe4988b52a1e3f","e2bb6beb199bfc576ecf2adc98bc83f014b729be832c4a4f7f2d2e09df552237",19,38,0,38,1.008e-07
"microbiome_2026","GCST90670660","Gut microbiome species presence (Acidaminococcus intestini, GCF_000425045.1)","taxon:acidaminococcus intestini",16017,"GRCh37","2648a90d7032c268b812fc96620d034c842a39c747a3687866fe4988b52a1e3f","e2bb6beb199bfc576ecf2adc98bc83f014b729be832c4a4f7f2d2e09df552237",19,74,0,74,2.733e-07
"microbiome_2026","GCST90670661","Gut microbiome species presence (Alistipes A pullistercoris, GCF_009557455.1)","taxon:alistipes a pullistercoris",16017,"GRCh37","2648a90d7032c268b812fc96620d034c842a39c747a3687866fe4988b52a1e3f","e2bb6beb199bfc576ecf2adc98bc83f014b729be832c4a4f7f2d2e09df552237",19,31,0,31,1.588e-07
"microbiome_2026","GCST90670662","Gut microbiome species presence (Evtepia sp004556345, GCA_004556345.1)","taxon:evtepia sp004556345",16017,"GRCh37","2648a90d7032c268b812fc96620d034c842a39c747a3687866fe4988b52a1e3f","e2bb6beb199bfc576ecf2adc98bc83f014b729be832c4a4f7f2d2e09df552237",19,117,0,117,5.221e-08
"microbiome_2026","GCST90670663","Gut microbiome species presence (Faecalibacterium prausnitzii, GCF_003324185.1)","taxon:faecalibacterium prausnitzii",16017,"GRCh37","2648a90d7032c268b812fc96620d034c842a39c747a3687866fe4988b52a1e3f","e2bb6beb199bfc576ecf2adc98bc83f014b729be832c4a4f7f2d2e09df552237",19,66,0,66,1.017e-07
"microbiome_2026","GCST90670664","Gut microbiome species presence (Hungatella effluvii, GCF_003201875.1)","taxon:hungatella effluvii",16017,"GRCh37","2648a90d7032c268b812fc96620d034c842a39c747a3687866fe4988b52a1e3f","e2bb6beb199bfc576ecf2adc98bc83f014b729be832c4a4f7f2d2e09df552237",19,122,0,122,5.953e-07
"microbiome_2026","GCST90670665","Gut microbiome species presence (Merdibacter merdipullorum, GCA_900543035.1)","taxon:merdibacter merdipullorum",16017,"GRCh37","2648a90d7032c268b812fc96620d034c842a39c747a3687866fe4988b52a1e3f","e2bb6beb199bfc576ecf2adc98bc83f014b729be832c4a4f7f2d2e09df552237",19,85,0,85,7.692e-07
"microbiome_2026","GCST90670666","Gut microbiome species presence (Merdimorpha sp002314265, GCA_002314265.1)","taxon:merdimorpha sp002314265",16017,"GRCh37","2648a90d7032c268b812fc96620d034c842a39c747a3687866fe4988b52a1e3f","e2bb6beb199bfc576ecf2adc98bc83f014b729be832c4a4f7f2d2e09df552237",19,76,0,76,1.214e-06
"microbiome_2026","GCST90670667","Gut microbiome species abundance (Faecalibacterium sp900539885, GCF_023347535.1)","taxon:faecalibacterium sp900539885",16017,"GRCh37","2648a90d7032c268b812fc96620d034c842a39c747a3687866fe4988b52a1e3f","e2bb6beb199bfc576ecf2adc98bc83f014b729be832c4a4f7f2d2e09df552237",19,73,0,73,1.004e-07
"microbiome_2026","GCST90670668","Gut microbiome species presence (Lactobacillus delbrueckii, GCF_001433875.1)","taxon:lactobacillus delbrueckii",16017,"GRCh37","2648a90d7032c268b812fc96620d034c842a39c747a3687866fe4988b52a1e3f","e2bb6beb199bfc576ecf2adc98bc83f014b729be832c4a4f7f2d2e09df552237",19,64,0,64,2.617e-07
"microbiome_2026","GCST90670669","Gut microbiome species abundance (Lactococcus lactis, GCF_900099625.1)","taxon:lactococcus lactis",16017,"GRCh37","2648a90d7032c268b812fc96620d034c842a39c747a3687866fe4988b52a1e3f","e2bb6beb199bfc576ecf2adc98bc83f014b729be832c4a4f7f2d2e09df552237",19,173,0,173,4.311e-07
"microbiome_2026","GCST90670670","Gut microbiome species presence (Ruminococcus sp900540005, GCA_900540005.1)","taxon:ruminococcus sp900540005",16017,"GRCh37","2648a90d7032c268b812fc96620d034c842a39c747a3687866fe4988b52a1e3f","e2bb6beb199bfc576ecf2adc98bc83f014b729be832c4a4f7f2d2e09df552237",19,64,0,63,6.291e-07
"microbiome_2026","GCST90670671","Gut microbiome species presence (CAG-269 sp900555615, GCA_900555615.1)","taxon:cag-269 sp900555615",16017,"GRCh37","2648a90d7032c268b812fc96620d034c842a39c747a3687866fe4988b52a1e3f","e2bb6beb199bfc576ecf2adc98bc83f014b729be832c4a4f7f2d2e09df552237",19,41,0,41,8.602e-08
"microbiome_2026","GCST90670672","Gut microbiome species presence (UBA11471 sp000434215, GCA_000434215.1)","taxon:uba11471 sp000434215",16017,"GRCh37","2648a90d7032c268b812fc96620d034c842a39c747a3687866fe4988b52a1e3f","e2bb6beb199bfc576ecf2adc98bc83f014b729be832c4a4f7f2d2e09df552237",20,80,0,80,2.059e-07
"microbiome_2026","GCST90670673","Gut microbiome species presence (UBA7597 sp900542935, GCA_900542935.1)","taxon:uba7597 sp900542935",16017,"GRCh37","2648a90d7032c268b812fc96620d034c842a39c747a3687866fe4988b52a1e3f","e2bb6beb199bfc576ecf2adc98bc83f014b729be832c4a4f7f2d2e09df552237",20,99,0,99,1.702e-07
"microbiome_2026","GCST90670674","Gut microbiome species presence (UMGS872 sp900546275, GCA_900546275.1)","taxon:umgs872 sp900546275",16017,"GRCh37","2648a90d7032c268b812fc96620d034c842a39c747a3687866fe4988b52a1e3f","e2bb6beb199bfc576ecf2adc98bc83f014b729be832c4a4f7f2d2e09df552237",20,47,0,47,1.573e-06
"microbiome_2026","GCST90670675","Gut microbiome species presence (UMGS911 sp900545935, GCA_900545935.1)","taxon:umgs911 sp900545935",16017,"GRCh37","2648a90d7032c268b812fc96620d034c842a39c747a3687866fe4988b52a1e3f","e2bb6beb199bfc576ecf2adc98bc83f014b729be832c4a4f7f2d2e09df552237",20,29,0,29,5.261e-07
"microbiome_2026","GCST90670676","Gut microbiome species presence (Butyricimonas paravirosa, GCF_011927845.1)","taxon:butyricimonas paravirosa",16017,"GRCh37","2648a90d7032c268b812fc96620d034c842a39c747a3687866fe4988b52a1e3f","e2bb6beb199bfc576ecf2adc98bc83f014b729be832c4a4f7f2d2e09df552237",20,68,0,68,6.694e-08
"microbiome_2026","GCST90670677","Gut microbiome species presence (Clostridium AP sp000509125, GCF_019597925.1)","taxon:clostridium ap sp000509125",16017,"GRCh37","2648a90d7032c268b812fc96620d034c842a39c747a3687866fe4988b52a1e3f","e2bb6beb199bfc576ecf2adc98bc83f014b729be832c4a4f7f2d2e09df552237",20,126,0,126,6.881e-07
"microbiome_2026","GCST90670678","Gut microbiome species presence (Scatomorpha merdavium, GCA_004553625.1)","taxon:scatomorpha merdavium",16017,"GRCh37","2648a90d7032c268b812fc96620d034c842a39c747a3687866fe4988b52a1e3f","e2bb6beb199bfc576ecf2adc98bc83f014b729be832c4a4f7f2d2e09df552237",20,60,0,60,6.793e-07
"microbiome_2026","GCST90670679","Gut microbiome species presence (Senegalimassilia anaerobia, GCF_000236865.1)","taxon:senegalimassilia anaerobia",16017,"GRCh37","2648a90d7032c268b812fc96620d034c842a39c747a3687866fe4988b52a1e3f","e2bb6beb199bfc576ecf2adc98bc83f014b729be832c4a4f7f2d2e09df552237",20,35,0,35,2.267e-07
"microbiome_2026","GCST90670680","Gut microbiome species presence (Spyradocola merdavium, GCA_904393115.1)","taxon:spyradocola merdavium",16017,"GRCh37","2648a90d7032c268b812fc96620d034c842a39c747a3687866fe4988b52a1e3f","e2bb6beb199bfc576ecf2adc98bc83f014b729be832c4a4f7f2d2e09df552237",20,145,12,145,2.346e-10
"microbiome_2026","GCST90670681","Gut microbiome species presence (UBA737 sp002431945, GCA_002431945.1)","taxon:uba737 sp002431945",16017,"GRCh37","2648a90d7032c268b812fc96620d034c842a39c747a3687866fe4988b52a1e3f","e2bb6beb199bfc576ecf2adc98bc83f014b729be832c4a4f7f2d2e09df552237",20,59,0,59,1.726e-07
"microbiome_2026","GCST90670682","Gut microbiome species abundance (Ventrimonas sp003478505, GCF_003478505.1)","taxon:ventrimonas sp003478505",16017,"GRCh37","2648a90d7032c268b812fc96620d034c842a39c747a3687866fe4988b52a1e3f","e2bb6beb199bfc576ecf2adc98bc83f014b729be832c4a4f7f2d2e09df552237",20,54,0,54,8.616e-07
"microbiome_2026","GCST90670683","Gut microbiome species presence (Clostridium Q saccharolyticum A, GCF_020736365.1)","taxon:clostridium q saccharolyticum a",16017,"GRCh37","2648a90d7032c268b812fc96620d034c842a39c747a3687866fe4988b52a1e3f","e2bb6beb199bfc576ecf2adc98bc83f014b729be832c4a4f7f2d2e09df552237",20,75,0,75,8.87e-07
"microbiome_2026","GCST90670684","Gut microbiome species presence (Clostridium saudiense, GCF_000577815.1)","taxon:clostridium saudiense",16017,"GRCh37","2648a90d7032c268b812fc96620d034c842a39c747a3687866fe4988b52a1e3f","e2bb6beb199bfc576ecf2adc98bc83f014b729be832c4a4f7f2d2e09df552237",20,760,174,760,7.824e-13
"microbiome_2026","GCST90670685","Gut microbiome species presence (Eubacterium G sp000435815, GCF_003460505.1)","taxon:eubacterium g sp000435815",16017,"GRCh37","2648a90d7032c268b812fc96620d034c842a39c747a3687866fe4988b52a1e3f","e2bb6beb199bfc576ecf2adc98bc83f014b729be832c4a4f7f2d2e09df552237",20,62,0,62,1.121e-07
"microbiome_2026","GCST90670686","Gut microbiome species presence (Faecousia gallistercoris, GCA_900546915.1)","taxon:faecousia gallistercoris",16017,"GRCh37","2648a90d7032c268b812fc96620d034c842a39c747a3687866fe4988b52a1e3f","e2bb6beb199bfc576ecf2adc98bc83f014b729be832c4a4f7f2d2e09df552237",20,110,0,110,8.882e-07
"microbiome_2026","GCST90670687","Gut microbiome species abundance (UMGS1071 sp900542375, GCA_900542375.1)","taxon:umgs1071 sp900542375",16017,"GRCh37","2648a90d7032c268b812fc96620d034c842a39c747a3687866fe4988b52a1e3f","e2bb6beb199bfc576ecf2adc98bc83f014b729be832c4a4f7f2d2e09df552237",20,84,2,84,6.213e-09
"microbiome_2026","GCST90670688","Gut microbiome species abundance (Ventrimonas sp003480315, GCF_003480315.1)","taxon:ventrimonas sp003480315",16017,"GRCh37","2648a90d7032c268b812fc96620d034c842a39c747a3687866fe4988b52a1e3f","e2bb6beb199bfc576ecf2adc98bc83f014b729be832c4a4f7f2d2e09df552237",21,20,0,20,2.28e-06
"microbiome_2026","GCST90670689","Gut microbiome species presence (Butyribacter sp000436755, GCA_000436755.1)","taxon:butyribacter sp000436755",16017,"GRCh37","2648a90d7032c268b812fc96620d034c842a39c747a3687866fe4988b52a1e3f","e2bb6beb199bfc576ecf2adc98bc83f014b729be832c4a4f7f2d2e09df552237",21,34,0,34,8.301e-07
"microbiome_2026","GCST90670690","Gut microbiome species presence (CAG-170 sp000436735, GCA_000436735.1)","taxon:cag-170 sp000436735",16017,"GRCh37","2648a90d7032c268b812fc96620d034c842a39c747a3687866fe4988b52a1e3f","e2bb6beb199bfc576ecf2adc98bc83f014b729be832c4a4f7f2d2e09df552237",21,208,0,208,5.356e-08
"microbiome_2026","GCST90670691","Gut microbiome species presence (CAG-313 sp000433035, GCA_000433035.1)","taxon:cag-313 sp000433035",16017,"GRCh37","2648a90d7032c268b812fc96620d034c842a39c747a3687866fe4988b52a1e3f","e2bb6beb199bfc576ecf2adc98bc83f014b729be832c4a4f7f2d2e09df552237",21,100,0,100,6.998e-07
"microbiome_2026","GCST90670692","Gut microbiome species presence (CAG-582 sp000435515, GCA_000435515.1)","taxon:cag-582 sp000435515",16017,"GRCh37","2648a90d7032c268b812fc96620d034c842a39c747a3687866fe4988b52a1e3f","e2bb6beb199bfc576ecf2adc98bc83f014b729be832c4a4f7f2d2e09df552237",21,41,0,41,4.123e-07
"microbiome_2026","GCST90670693","Gut microbiome species abundance (Evtepia gabavorous, GCF_003425665.1)","taxon:evtepia gabavorous",16017,"GRCh37","2648a90d7032c268b812fc96620d034c842a39c747a3687866fe4988b52a1e3f","e2bb6beb199bfc576ecf2adc98bc83f014b729be832c4a4f7f2d2e09df552237",21,45,0,45,4.826e-07
"microbiome_2026","GCST90670694","Gut microbiome species presence (Parolsenella catena, GCF_003966955.1)","taxon:parolsenella catena",16017,"GRCh37","2648a90d7032c268b812fc96620d034c842a39c747a3687866fe4988b52a1e3f","e2bb6beb199bfc576ecf2adc98bc83f014b729be832c4a4f7f2d2e09df552237",21,32,0,32,1.16e-06
"microbiome_2026","GCST90670695","Gut microbiome species abundance (CAG-170 sp900549635, GCA_916988195.3)","taxon:cag-170 sp900549635",16017,"GRCh37","2648a90d7032c268b812fc96620d034c842a39c747a3687866fe4988b52a1e3f","e2bb6beb199bfc576ecf2adc98bc83f014b729be832c4a4f7f2d2e09df552237",21,74,0,74,3.502e-07
"microbiome_2026","GCST90670696","Gut microbiome species presence (CAG-272 sp000433515, GCA_000433515.1)","taxon:cag-272 sp000433515",16017,"GRCh37","2648a90d7032c268b812fc96620d034c842a39c747a3687866fe4988b52a1e3f","e2bb6beb199bfc576ecf2adc98bc83f014b729be832c4a4f7f2d2e09df552237",21,79,0,79,1.413e-07
"microbiome_2026","GCST90670697","Gut microbiome species abundance (Eisenbergiella porci, GCF_009696275.1)","taxon:eisenbergiella porci",16017,"GRCh37","2648a90d7032c268b812fc96620d034c842a39c747a3687866fe4988b52a1e3f","e2bb6beb199bfc576ecf2adc98bc83f014b729be832c4a4f7f2d2e09df552237",21,71,0,71,9.082e-07
"microbiome_2026","GCST90670698","Gut microbiome species presence (Negativibacillus faecipullorum, GCA_900547455.1)","taxon:negativibacillus faecipullorum",16017,"GRCh37","2648a90d7032c268b812fc96620d034c842a39c747a3687866fe4988b52a1e3f","e2bb6beb199bfc576ecf2adc98bc83f014b729be832c4a4f7f2d2e09df552237",21,143,2,143,3.116e-08
"microbiome_2026","GCST90670699","Gut microbiome species presence (Ruminococcus C sp000437175, GCF_020709055.1)","taxon:ruminococcus c sp000437175",16017,"GRCh37","2648a90d7032c268b812fc96620d034c842a39c747a3687866fe4988b52a1e3f","e2bb6beb199bfc576ecf2adc98bc83f014b729be832c4a4f7f2d2e09df552237",21,42,0,42,2.917e-07
"microbiome_2026","GCST90670700","Gut microbiome species presence (Schaedlerella glycyrrhizinilytica A, GCF_015560805.1)","taxon:schaedlerella glycyrrhizinilytica a",16017,"GRCh37","2648a90d7032c268b812fc96620d034c842a39c747a3687866fe4988b52a1e3f","e2bb6beb199bfc576ecf2adc98bc83f014b729be832c4a4f7f2d2e09df552237",21,254,27,254,1.331e-09
"microbiome_2026","GCST90670701","Gut microbiome species presence (CAG-793 sp000433915, GCA_000433915.1)","taxon:cag-793 sp000433915",16017,"GRCh37","2648a90d7032c268b812fc96620d034c842a39c747a3687866fe4988b52a1e3f","e2bb6beb199bfc576ecf2adc98bc83f014b729be832c4a4f7f2d2e09df552237",21,276,0,276,5.454e-08
"microbiome_2026","GCST90670702","Gut microbiome species presence (Enterocloster clostridioformis, GCF_020297485.1)","taxon:enterocloster clostridioformis",16017,"GRCh37","2648a90d7032c268b812fc96620d034c842a39c747a3687866fe4988b52a1e3f","e2bb6beb199bfc576ecf2adc98bc83f014b729be832c4a4f7f2d2e09df552237",21,29,0,29,4.821e-07
"microbiome_2026","GCST90670703","Gut microbiome species presence (Oliverpabstia faecicola, GCF_004123145.1)","taxon:oliverpabstia faecicola",16017,"GRCh37","2648a90d7032c268b812fc96620d034c842a39c747a3687866fe4988b52a1e3f","e2bb6beb199bfc576ecf2adc98bc83f014b729be832c4a4f7f2d2e09df552237",21,94,0,94,6.34e-07
"microbiome_2026","GCST90670704","Gut microbiome species abundance (UBA3402 sp003478355, GCA_003478355.1)","taxon:uba3402 sp003478355",16017,"GRCh37","2648a90d7032c268b812fc96620d034c842a39c747a3687866fe4988b52a1e3f","e2bb6beb199bfc576ecf2adc98bc83f014b729be832c4a4f7f2d2e09df552237",22,130,0,130,8.447e-08
"microbiome_2026","GCST90670705","Gut microbiome species presence (Bacteroides faecis, GCF_900106755.1)","taxon:bacteroides faecis",16017,"GRCh37","2648a90d7032c268b812fc96620d034c842a39c747a3687866fe4988b52a1e3f","e2bb6beb199bfc576ecf2adc98bc83f014b729be832c4a4f7f2d2e09df552237",22,37,0,37,6.363e-08
"microbiome_2026","GCST90670706","Gut microbiome species presence (Bacteroides salyersiae, GCF_000381365.1)","taxon:bacteroides salyersiae",16017,"GRCh37","2648a90d7032c268b812fc96620d034c842a39c747a3687866fe4988b52a1e3f","e2bb6beb199bfc576ecf2adc98bc83f014b729be832c4a4f7f2d2e09df552237",22,106,0,106,1.589e-06
"microbiome_2026","GCST90670707","Gut microbiome species abundance (Blautia A sp900066355, GCA_900066355.1)","taxon:blautia a sp900066355",16017,"GRCh37","2648a90d7032c268b812fc96620d034c842a39c747a3687866fe4988b52a1e3f","e2bb6beb199bfc576ecf2adc98bc83f014b729be832c4a4f7f2d2e09df552237",22,56,0,56,1.776e-06
"microbiome_2026","GCST90670708","Gut microbiome species presence (CAG-269 sp001916055, GCA_001916055.1)","taxon:cag-269 sp001916055",16017,"GRCh37","2648a90d7032c268b812fc96620d034c842a39c747a3687866fe4988b52a1e3f","e2bb6beb199bfc576ecf2adc98bc83f014b729be832c4a4f7f2d2e09df552237",22,41,0,41,1.035e-06
"microbiome_2026","GCST90670709","Gut microbiome species presence (CAG-492 sp000434335, GCA_000434335.1)","taxon:cag-492 sp000434335",16017,"GRCh37","2648a90d7032c268b812fc96620d034c842a39c747a3687866fe4988b52a1e3f","e2bb6beb199bfc576ecf2adc98bc83f014b729be832c4a4f7f2d2e09df552237",22,97,0,97,8.41e-08
"microbiome_2026","GCST90670710","Gut microbiome species presence (Dialister sp900541485, GCA_900541485.1)","taxon:dialister sp900541485",16017,"GRCh37","2648a90d7032c268b812fc96620d034c842a39c747a3687866fe4988b52a1e3f","e2bb6beb199bfc576ecf2adc98bc83f014b729be832c4a4f7f2d2e09df552237",22,45,0,45,6.107e-07
"microbiome_2026","GCST90670711","Gut microbiome species abundance (Egerieenecus merdigallinarum, GCA_900553295.1)","taxon:egerieenecus merdigallinarum",16017,"GRCh37","2648a90d7032c268b812fc96620d034c842a39c747a3687866fe4988b52a1e3f","e2bb6beb199bfc576ecf2adc98bc83f014b729be832c4a4f7f2d2e09df552237",22,200,4,200,2.001e-08
"microbiome_2026","GCST90670712","Gut microbiome species abundance (Enterocloster aldenensis, GCF_003434055.1)","taxon:enterocloster aldenensis",16017,"GRCh37","2648a90d7032c268b812fc96620d034c842a39c747a3687866fe4988b52a1e3f","e2bb6beb199bfc576ecf2adc98bc83f014b729be832c4a4f7f2d2e09df552237",22,120,0,120,1.782e-07
"microbiome_2026","GCST90670713","Gut microbiome species presence (Eubacterium G sp000434315, GCA_902363805.1)","taxon:eubacterium g sp000434315",16017,"GRCh37","2648a90d7032c268b812fc96620d034c842a39c747a3687866fe4988b52a1e3f","e2bb6beb199bfc576ecf2adc98bc83f014b729be832c4a4f7f2d2e09df552237",22,37,0,37,8.069e-07
"microbiome_2026","GCST90670714","Gut microbiome species abundance (Eubacterium I ramulus, GCF_000469345.1)","taxon:eubacterium i ramulus",16017,"GRCh37","2648a90d7032c268b812fc96620d034c842a39c747a3687866fe4988b52a1e3f","e2bb6beb199bfc576ecf2adc98bc83f014b729be832c4a4f7f2d2e09df552237",22,28,0,28,2.015e-07
"microbiome_2026","GCST90670715","Gut microbiome species presence (Parabacteroides johnsonii, GCA_025151045.1)","taxon:parabacteroides johnsonii",16017,"GRCh37","2648a90d7032c268b812fc96620d034c842a39c747a3687866fe4988b52a1e3f","e2bb6beb199bfc576ecf2adc98bc83f014b729be832c4a4f7f2d2e09df552237",22,79,0,79,4.832e-07
"microbiome_2026","GCST90670716","Gut microbiome species presence (UBA11452 sp003526375, GCA_003526375.1)","taxon:uba11452 sp003526375",16017,"GRCh37","2648a90d7032c268b812fc96620d034c842a39c747a3687866fe4988b52a1e3f","e2bb6beb199bfc576ecf2adc98bc83f014b729be832c4a4f7f2d2e09df552237",22,55,0,54,3.06e-07
"microbiome_2026","GCST90670717","Gut microbiome species presence (Bacteroides nordii, GCA_000613465.1)","taxon:bacteroides nordii",16017,"GRCh37","2648a90d7032c268b812fc96620d034c842a39c747a3687866fe4988b52a1e3f","e2bb6beb199bfc576ecf2adc98bc83f014b729be832c4a4f7f2d2e09df552237",22,92,0,92,9.927e-07
"microbiome_2026","GCST90670718","Gut microbiome species presence (Bacteroides sp900552405, GCF_020091405.1)","taxon:bacteroides sp900552405",16017,"GRCh37","2648a90d7032c268b812fc96620d034c842a39c747a3687866fe4988b52a1e3f","e2bb6beb199bfc576ecf2adc98bc83f014b729be832c4a4f7f2d2e09df552237",22,43,0,43,5.569e-07
"microbiome_2026","GCST90670719","Gut microbiome species presence (Caccosoma faecigallinarum, GCA_000433015.1)","taxon:caccosoma faecigallinarum",16017,"GRCh37","2648a90d7032c268b812fc96620d034c842a39c747a3687866fe4988b52a1e3f","e2bb6beb199bfc576ecf2adc98bc83f014b729be832c4a4f7f2d2e09df552237",22,35,0,35,1.63e-07
"microbiome_2026","GCST90670720","Gut microbiome species presence (CAG-269 sp000437215, GCA_000437215.1)","taxon:cag-269 sp000437215",16017,"GRCh37","2648a90d7032c268b812fc96620d034c842a39c747a3687866fe4988b52a1e3f","e2bb6beb199bfc576ecf2adc98bc83f014b729be832c4a4f7f2d2e09df552237",23,37,0,37,9.959e-07
"microbiome_2026","GCST90670721","Gut microbiome species presence (CAG-317 sp000433535, GCA_000433535.1)","taxon:cag-317 sp000433535",16017,"GRCh37","2648a90d7032c268b812fc96620d034c842a39c747a3687866fe4988b52a1e3f","e2bb6beb199bfc576ecf2adc98bc83f014b729be832c4a4f7f2d2e09df552237",23,40,0,40,7.478e-08
"microbiome_2026","GCST90670722","Gut microbiome species presence (CAG-557 sp000435275, GCA_000435275.1)","taxon:cag-557 sp000435275",16017,"GRCh37","2648a90d7032c268b812fc96620d034c842a39c747a3687866fe4988b52a1e3f","e2bb6beb199bfc576ecf2adc98bc83f014b729be832c4a4f7f2d2e09df552237",23,271,0,271,4.947e-07
"microbiome_2026","GCST90670723","Gut microbiome species abundance (Choladocola sp003480725, GCA_003480725.1)","taxon:choladocola sp003480725",16017,"GRCh37","2648a90d7032c268b812fc96620d034c842a39c747a3687866fe4988b52a1e3f","e2bb6beb199bfc576ecf2adc98bc83f014b729be832c4a4f7f2d2e09df552237",23,99,0,99,4.88e-07
"microbiome_2026","GCST90670724","Gut microbiome species presence (Cloacibacillus evryensis, GCF_000585335.1)","taxon:cloacibacillus evryensis",16017,"GRCh37","2648a90d7032c268b812fc96620d034c842a39c747a3687866fe4988b52a1e3f","e2bb6beb199bfc576ecf2adc98bc83f014b729be832c4a4f7f2d2e09df552237",23,49,0,49,4.956e-07
"microbiome_2026","GCST90670725","Gut microbiome species presence (Faeciplasma sp900553675, GCA_900553675.1)","taxon:faeciplasma sp900553675",16017,"GRCh37","2648a90d7032c268b812fc96620d034c842a39c747a3687866fe4988b52a1e3f","e2bb6beb199bfc576ecf2adc98bc83f014b729be832c4a4f7f2d2e09df552237",23,49,0,49,5.328e-07
"microbiome_2026","GCST90670726","Gut microbiome species presence (Lawsonibacter sp900066825, GCA_003573975.1)","taxon:lawsonibacter sp900066825",16017,"GRCh37","2648a90d7032c268b812fc96620d034c842a39c747a3687866fe4988b52a1e3f","e2bb6beb199bfc576ecf2adc98bc83f014b729be832c4a4f7f2d2e09df552237",23,209,0,207,1.11e-07
"microbiome_2026","GCST90670727","Gut microbiome species presence (UBA11512 sp003522145, GCA_003522145.1)","taxon:uba11512 sp003522145",16017,"GRCh37","2648a90d7032c268b812fc96620d034c842a39c747a3687866fe4988b52a1e3f","e2bb6beb199bfc576ecf2adc98bc83f014b729be832c4a4f7f2d2e09df552237",23,42,0,42,1.481e-07
"microbiome_2026","GCST90670728","Gut microbiome species presence (UMGS1820 sp900545865, GCA_900545865.1)","taxon:umgs1820 sp900545865",16017,"GRCh37","2648a90d7032c268b812fc96620d034c842a39c747a3687866fe4988b52a1e3f","e2bb6beb199bfc576ecf2adc98bc83f014b729be832c4a4f7f2d2e09df552237",23,85,0,85,8.775e-07
"microbiome_2026","GCST90670729","Gut microbiome species presence (Victivallis lenta, GCF_009695545.1)","taxon:victivallis lenta",16017,"GRCh37","2648a90d7032c268b812fc96620d034c842a39c747a3687866fe4988b52a1e3f","e2bb6beb199bfc576ecf2adc98bc83f014b729be832c4a4f7f2d2e09df552237",23,76,0,76,4.19e-07
"microbiome_2026","GCST90670730","Gut microbiome species presence (Agathobacter sp905209075, GCA_905209075.1)","taxon:agathobacter sp905209075",16017,"GRCh37","2648a90d7032c268b812fc96620d034c842a39c747a3687866fe4988b52a1e3f","e2bb6beb199bfc576ecf2adc98bc83f014b729be832c4a4f7f2d2e09df552237",23,48,0,48,1.909e-07
"microbiome_2026","GCST90670731","Gut microbiome species presence (CAG-269 sp900551615, GCA_900551615.1)","taxon:cag-269 sp900551615",16017,"GRCh37","2648a90d7032c268b812fc96620d034c842a39c747a3687866fe4988b52a1e3f","e2bb6beb199bfc576ecf2adc98bc83f014b729be832c4a4f7f2d2e09df552237",23,185,0,184,1.954e-07
"microbiome_2026","GCST90670732","Gut microbiome species presence (CAG-269 sp905213875, GCA_905213875.1)","taxon:cag-269 sp905213875",16017,"GRCh37","2648a90d7032c268b812fc96620d034c842a39c747a3687866fe4988b52a1e3f","e2bb6beb199bfc576ecf2adc98bc83f014b729be832c4a4f7f2d2e09df552237",23,93,1,92,2.283e-08
"microbiome_2026","GCST90670733","Gut microbiome species presence (Faecousia sp900544705, GCA_900544705.1)","taxon:faecousia sp900544705",16017,"GRCh37","2648a90d7032c268b812fc96620d034c842a39c747a3687866fe4988b52a1e3f","e2bb6beb199bfc576ecf2adc98bc83f014b729be832c4a4f7f2d2e09df552237",23,76,0,76,2.801e-07
"microbiome_2026","GCST90670734","Gut microbiome species presence (UBA1394 sp900538575, GCA_900538575.1)","taxon:uba1394 sp900538575",16017,"GRCh37","2648a90d7032c268b812fc96620d034c842a39c747a3687866fe4988b52a1e3f","e2bb6beb199bfc576ecf2adc98bc83f014b729be832c4a4f7f2d2e09df552237",23,90,0,90,1.309e-07
"microbiome_2026","GCST90670735","Gut microbiome species presence (UMGS1865 sp900547725, GCA_900547725.1)","taxon:umgs1865 sp900547725",16017,"GRCh37","2648a90d7032c268b812fc96620d034c842a39c747a3687866fe4988b52a1e3f","e2bb6beb199bfc576ecf2adc98bc83f014b729be832c4a4f7f2d2e09df552237",23,29,0,29,1.26e-06
"microbiome_2026","GCST90670736","Gut microbiome species abundance (UMGS856 sp900546265, GCA_900546265.1)","taxon:umgs856 sp900546265",16017,"GRCh37","2648a90d7032c268b812fc96620d034c842a39c747a3687866fe4988b52a1e3f","e2bb6beb199bfc576ecf2adc98bc83f014b729be832c4a4f7f2d2e09df552237",24,157,0,157,4.22e-07
"microbiome_2026","GCST90670737","Gut microbiome species presence (Victivallis vadensis, GCF_003096415.1)","taxon:victivallis vadensis",16017,"GRCh37","2648a90d7032c268b812fc96620d034c842a39c747a3687866fe4988b52a1e3f","e2bb6beb199bfc576ecf2adc98bc83f014b729be832c4a4f7f2d2e09df552237",24,28,0,28,1.663e-06
"microbiome_2026","GCST90670738","Gut microbiome species presence (Anaerostipes caccae, GCF_014467075.1)","taxon:anaerostipes caccae",16017,"GRCh37","2648a90d7032c268b812fc96620d034c842a39c747a3687866fe4988b52a1e3f","e2bb6beb199bfc576ecf2adc98bc83f014b729be832c4a4f7f2d2e09df552237",24,16,0,16,1.384e-06
"microbiome_2026","GCST90670739","Gut microbiome species abundance (Blautia A sp900066205, GCF_013304735.1)","taxon:blautia a sp900066205",16017,"GRCh37","2648a90d7032c268b812fc96620d034c842a39c747a3687866fe4988b52a1e3f","e2bb6beb199bfc576ecf2adc98bc83f014b729be832c4a4f7f2d2e09df552237",24,65,0,65,1.524e-07
"microbiome_2026","GCST90670740","Gut microbiome species presence (CAG-269 sp900556345, GCA_900556345.1)","taxon:cag-269 sp900556345",16017,"GRCh37","2648a90d7032c268b812fc96620d034c842a39c747a3687866fe4988b52a1e3f","e2bb6beb199bfc576ecf2adc98bc83f014b729be832c4a4f7f2d2e09df552237",24,88,0,88,9.119e-08
"microbiome_2026","GCST90670741","Gut microbiome species presence (Clostridium sp900539375, GCA_900539375.1)","taxon:clostridium sp900539375",16017,"GRCh37","2648a90d7032c268b812fc96620d034c842a39c747a3687866fe4988b52a1e3f","e2bb6beb199bfc576ecf2adc98bc83f014b729be832c4a4f7f2d2e09df552237",24,145,0,145,8.499e-08
"microbiome_2026","GCST90670742","Gut microbiome species presence (Lawsonibacter sp000177015, GCF_008727735.1)","taxon:lawsonibacter sp000177015",16017,"GRCh37","2648a90d7032c268b812fc96620d034c842a39c747a3687866fe4988b52a1e3f","e2bb6beb199bfc576ecf2adc98bc83f014b729be832c4a4f7f2d2e09df552237",24,150,0,150,1.751e-07
"microbiome_2026","GCST90670743","Gut microbiome species presence (Lawsonibacter sp900545895, GCF_016899775.1)","taxon:lawsonibacter sp900545895",16017,"GRCh37","2648a90d7032c268b812fc96620d034c842a39c747a3687866fe4988b52a1e3f","e2bb6beb199bfc576ecf2adc98bc83f014b729be832c4a4f7f2d2e09df552237",24,115,0,115,9.63e-07
"microbiome_2026","GCST90670744","Gut microbiome species presence (Scatomorpha pullicola, GCA_900543085.1)","taxon:scatomorpha pullicola",16017,"GRCh37","2648a90d7032c268b812fc96620d034c842a39c747a3687866fe4988b52a1e3f","e2bb6beb199bfc576ecf2adc98bc83f014b729be832c4a4f7f2d2e09df552237",24,53,0,53,1.019e-06
"microbiome_2026","GCST90670745","Gut microbiome species presence (Schaedlerella sp900066545, GCA_003480425.1)","taxon:schaedlerella sp900066545",16017,"GRCh37","2648a90d7032c268b812fc96620d034c842a39c747a3687866fe4988b52a1e3f","e2bb6beb199bfc576ecf2adc98bc83f014b729be832c4a4f7f2d2e09df552237",24,64,0,64,1.423e-06
"microbiome_2026","GCST90670746","Gut microbiome species abundance (Ventricola sp900542445, GCA_900542445.1)","taxon:ventricola sp900542445",16017,"GRCh37","2648a90d7032c268b812fc96620d034c842a39c747a3687866fe4988b52a1e3f","e2bb6beb199bfc576ecf2adc98bc83f014b729be832c4a4f7f2d2e09df552237",24,59,1,59,2.325e-08
"microbiome_2026","GCST90670747","Gut microbiome species presence (CAG-269 sp001916035, GCA_001916035.1)","taxon:cag-269 sp001916035",16017,"GRCh37","2648a90d7032c268b812fc96620d034c842a39c747a3687866fe4988b52a1e3f","e2bb6beb199bfc576ecf2adc98bc83f014b729be832c4a4f7f2d2e09df552237",24,80,0,80,3.025e-07
"microbiome_2026","GCST90670748","Gut microbiome species presence (Faecousia sp000435995, GCA_900545515.1)","taxon:faecousia sp000435995",16017,"GRCh37","2648a90d7032c268b812fc96620d034c842a39c747a3687866fe4988b52a1e3f","e2bb6beb199bfc576ecf2adc98bc83f014b729be832c4a4f7f2d2e09df552237",24,76,4,76,9.102e-09
"microbiome_2026","GCST90670749","Gut microbiome species abundance (Lachnoclostridium B sp900066555, GCF_003477705.1)","taxon:lachnoclostridium b sp900066555",16017,"GRCh37","2648a90d7032c268b812fc96620d034c842a39c747a3687866fe4988b52a1e3f","e2bb6beb199bfc576ecf2adc98bc83f014b729be832c4a4f7f2d2e09df552237",24,107,4,107,1.534e-08
"microbiome_2026","GCST90670750","Gut microbiome species presence (Limivicinus sp003150355, GCA_003150355.1)","taxon:limivicinus sp003150355",16017,"GRCh37","2648a90d7032c268b812fc96620d034c842a39c747a3687866fe4988b52a1e3f","e2bb6beb199bfc576ecf2adc98bc83f014b729be832c4a4f7f2d2e09df552237",24,35,0,35,2.241e-06
"microbiome_2026","GCST90670751","Gut microbiome species presence (QALW01 sp003150515, GCA_003150515.1)","taxon:qalw01 sp003150515",16017,"GRCh37","2648a90d7032c268b812fc96620d034c842a39c747a3687866fe4988b52a1e3f","e2bb6beb199bfc576ecf2adc98bc83f014b729be832c4a4f7f2d2e09df552237",24,64,0,64,5.82e-08
"microbiome_2026","GCST90670752","Gut microbiome species abundance (Ruthenibacterium sp018380115, GCA_018380115.1)","taxon:ruthenibacterium sp018380115",16017,"GRCh37","2648a90d7032c268b812fc96620d034c842a39c747a3687866fe4988b52a1e3f","e2bb6beb199bfc576ecf2adc98bc83f014b729be832c4a4f7f2d2e09df552237",25,37,0,37,4.414e-07
"microbiome_2026","GCST90670753","Gut microbiome species presence (Bacteroides sp902362375, GCA_902362375.1)","taxon:bacteroides sp902362375",16017,"GRCh37","2648a90d7032c268b812fc96620d034c842a39c747a3687866fe4988b52a1e3f","e2bb6beb199bfc576ecf2adc98bc83f014b729be832c4a4f7f2d2e09df552237",25,21,0,21,1.042e-06
"microbiome_2026","GCST90670754","Gut microbiome species presence (CAG-269 sp001916065, GCA_001916065.1)","taxon:cag-269 sp001916065",16017,"GRCh37","2648a90d7032c268b812fc96620d034c842a39c747a3687866fe4988b52a1e3f","e2bb6beb199bfc576ecf2adc98bc83f014b729be832c4a4f7f2d2e09df552237",25,91,0,91,1.159e-07
"microbiome_2026","GCST90670755","Gut microbiome species presence (Campylobacter B hominis, GCF_000017585.1)","taxon:campylobacter b hominis",16017,"GRCh37","2648a90d7032c268b812fc96620d034c842a39c747a3687866fe4988b52a1e3f","e2bb6beb199bfc576ecf2adc98bc83f014b729be832c4a4f7f2d2e09df552237",25,16,0,16,7.947e-07
"microbiome_2026","GCST90670756","Gut microbiome species abundance (Intestinibacter sp900540355, GCF_015667935.1)","taxon:intestinibacter sp900540355",16017,"GRCh37","2648a90d7032c268b812fc96620d034c842a39c747a3687866fe4988b52a1e3f","e2bb6beb199bfc576ecf2adc98bc83f014b729be832c4a4f7f2d2e09df552237",25,692,100,692,5.059e-11
"microbiome_2026","GCST90670757","Gut microbiome species abundance (Limivivens sp900543575, GCA_018223435.1)","taxon:limivivens sp900543575",16017,"GRCh37","2648a90d7032c268b812fc96620d034c842a39c747a3687866fe4988b52a1e3f","e2bb6beb199bfc576ecf2adc98bc83f014b729be832c4a4f7f2d2e09df552237",25,117,39,117,7.935e-11
"microbiome_2026","GCST90670758","Gut microbiome species presence (Negativibacillus massiliensis, GCF_900148495.1)","taxon:negativibacillus massiliensis",16017,"GRCh37","2648a90d7032c268b812fc96620d034c842a39c747a3687866fe4988b52a1e3f","e2bb6beb199bfc576ecf2adc98bc83f014b729be832c4a4f7f2d2e09df552237",25,39,0,39,7.496e-07
"microbiome_2026","GCST90670759","Gut microbiome species presence (QALW01 sp900552055, GCA_900552055.1)","taxon:qalw01 sp900552055",16017,"GRCh37","2648a90d7032c268b812fc96620d034c842a39c747a3687866fe4988b52a1e3f","e2bb6beb199bfc576ecf2adc98bc83f014b729be832c4a4f7f2d2e09df552237",25,49,0,49,3.177e-07
"microbiome_2026","GCST90670760","Gut microbiome species abundance (Streptococcus sp001556435, GCF_009738225.1)","taxon:streptococcus sp001556435",16017,"GRCh37","2648a90d7032c268b812fc96620d034c842a39c747a3687866fe4988b52a1e3f","e2bb6beb199bfc576ecf2adc98bc83f014b729be832c4a4f7f2d2e09df552237",25,94,0,94,1.015e-07
"microbiome_2026","GCST90670761","Gut microbiome species presence (UBA1417 sp900552925, GCA_900552925.1)","taxon:uba1417 sp900552925",16017,"GRCh37","2648a90d7032c268b812fc96620d034c842a39c747a3687866fe4988b52a1e3f","e2bb6beb199bfc576ecf2adc98bc83f014b729be832c4a4f7f2d2e09df552237",25,81,3,81,1.156e-08
"microbiome_2026","GCST90670762","Gut microbiome species presence (UMGS1279 sp900550315, GCA_900550315.1)","taxon:umgs1279 sp900550315",16017,"GRCh37","2648a90d7032c268b812fc96620d034c842a39c747a3687866fe4988b52a1e3f","e2bb6beb199bfc576ecf2adc98bc83f014b729be832c4a4f7f2d2e09df552237",25,47,0,47,3.278e-06
"microbiome_2026","GCST90670763","Gut microbiome species abundance (UMGS1975 sp900546685, GCA_900546685.1)","taxon:umgs1975 sp900546685",16017,"GRCh37","2648a90d7032c268b812fc96620d034c842a39c747a3687866fe4988b52a1e3f","e2bb6beb199bfc576ecf2adc98bc83f014b729be832c4a4f7f2d2e09df552237",25,47,0,46,6.562e-07
"microbiome_2026","GCST90670764","Gut microbiome species presence (UMGS973 sp900547295, GCA_900547295.1)","taxon:umgs973 sp900547295",16017,"GRCh37","2648a90d7032c268b812fc96620d034c842a39c747a3687866fe4988b52a1e3f","e2bb6beb199bfc576ecf2adc98bc83f014b729be832c4a4f7f2d2e09df552237",25,72,0,72,4.193e-07
"microbiome_2026","GCST90670765","Gut microbiome species presence (Porphyromonas hMGS.01029, )","taxon:porphyromonas hmgs.01029,",16017,"GRCh37","2648a90d7032c268b812fc96620d034c842a39c747a3687866fe4988b52a1e3f","e2bb6beb199bfc576ecf2adc98bc83f014b729be832c4a4f7f2d2e09df552237",25,32,0,32,8.823e-07
"microbiome_2026","GCST90670766","Gut microbiome species presence (Alistipes senegalensis, GCA_025145645.1)","taxon:alistipes senegalensis",16017,"GRCh37","2648a90d7032c268b812fc96620d034c842a39c747a3687866fe4988b52a1e3f","e2bb6beb199bfc576ecf2adc98bc83f014b729be832c4a4f7f2d2e09df552237",25,111,0,111,1.997e-07
"microbiome_2026","GCST90670767","Gut microbiome species presence (Bifidobacterium animalis, GCF_000260715.1)","taxon:bifidobacterium animalis",16017,"GRCh37","2648a90d7032c268b812fc96620d034c842a39c747a3687866fe4988b52a1e3f","e2bb6beb199bfc576ecf2adc98bc83f014b729be832c4a4f7f2d2e09df552237",25,41,0,41,8.04e-07
"microbiome_2026","GCST90670768","Gut microbiome species presence (Blautia A sp900548245, GCF_009883055.1)","taxon:blautia a sp900548245",16017,"GRCh37","2648a90d7032c268b812fc96620d034c842a39c747a3687866fe4988b52a1e3f","e2bb6beb199bfc576ecf2adc98bc83f014b729be832c4a4f7f2d2e09df552237",26,71,0,71,1.036e-06
"microbiome_2026","GCST90670769","Gut microbiome species presence (Coprobacillus cateniformis, GCF_009767585.1)","taxon:coprobacillus cateniformis",16017,"GRCh37","2648a90d7032c268b812fc96620d034c842a39c747a3687866fe4988b52a1e3f","e2bb6beb199bfc576ecf2adc98bc83f014b729be832c4a4f7f2d2e09df552237",26,127,21,127,3.265e-17
"microbiome_2026","GCST90670770","Gut microbiome species presence (Dysosmobacter sp905200545, GCA_905200545.1)","taxon:dysosmobacter sp905200545",16017,"GRCh37","2648a90d7032c268b812fc96620d034c842a39c747a3687866fe4988b52a1e3f","e2bb6beb199bfc576ecf2adc98bc83f014b729be832c4a4f7f2d2e09df552237",26,44,0,44,2.05e-06
"microbiome_2026","GCST90670771","Gut microbiome species abundance (Eubacterium G sp000432355, GCF_003479405.1)","taxon:eubacterium g sp000432355",16017,"GRCh37","2648a90d7032c268b812fc96620d034c842a39c747a3687866fe4988b52a1e3f","e2bb6beb199bfc576ecf2adc98bc83f014b729be832c4a4f7f2d2e09df552237",26,67,0,67,1.226e-07
"microbiome_2026","GCST90670772","Gut microbiome species presence (Fimisoma sp900540145, GCA_900540145.1)","taxon:fimisoma sp900540145",16017,"GRCh37","2648a90d7032c268b812fc96620d034c842a39c747a3687866fe4988b52a1e3f","e2bb6beb199bfc576ecf2adc98bc83f014b729be832c4a4f7f2d2e09df552237",26,83,0,83,4.254e-07
"microbiome_2026","GCST90670773","Gut microbiome species presence (HGM13006 sp900756575, GCA_900756575.1)","taxon:hgm13006 sp900756575",16017,"GRCh37","2648a90d7032c268b812fc96620d034c842a39c747a3687866fe4988b52a1e3f","e2bb6beb199bfc576ecf2adc98bc83f014b729be832c4a4f7f2d2e09df552237",26,107,0,107,9.7e-07
"microbiome_2026","GCST90670774","Gut microbiome species abundance (Pauljensenia sp000278725, GCF_000278725.1)","taxon:pauljensenia sp000278725",16017,"GRCh37","2648a90d7032c268b812fc96620d034c842a39c747a3687866fe4988b52a1e3f","e2bb6beb199bfc576ecf2adc98bc83f014b729be832c4a4f7f2d2e09df552237",26,184,33,184,1.34e-09
"microbiome_2026","GCST90670775","Gut microbiome species presence (UBA1417 sp900549945, GCA_900549945.1)","taxon:uba1417 sp900549945",16017,"GRCh37","2648a90d7032c268b812fc96620d034c842a39c747a3687866fe4988b52a1e3f","e2bb6beb199bfc576ecf2adc98bc83f014b729be832c4a4f7f2d2e09df552237",26,47,0,47,5.154e-07
"microbiome_2026","GCST90670776","Gut microbiome species presence (Alistipes sp900541585, GCA_900541585.1)","taxon:alistipes sp900541585",16017,"GRCh37","2648a90d7032c268b812fc96620d034c842a39c747a3687866fe4988b52a1e3f","e2bb6beb199bfc576ecf2adc98bc83f014b729be832c4a4f7f2d2e09df552237",26,88,0,88,5.221e-07
"microbiome_2026","GCST90670777","Gut microbiome species presence (Bacteroides finegoldii, GCF_000156195.1)","taxon:bacteroides finegoldii",16017,"GRCh37","2648a90d7032c268b812fc96620d034c842a39c747a3687866fe4988b52a1e3f","e2bb6beb199bfc576ecf2adc98bc83f014b729be832c4a4f7f2d2e09df552237",26,41,0,41,2.094e-06
"microbiome_2026","GCST90670778","Gut microbiome species abundance (Dysosmobacter sp900542115, GCA_900542115.1)","taxon:dysosmobacter sp900542115",16017,"GRCh37","2648a90d7032c268b812fc96620d034c842a39c747a3687866fe4988b52a1e3f","e2bb6beb199bfc576ecf2adc98bc83f014b729be832c4a4f7f2d2e09df552237",26,29,0,29,1.087e-06
"microbiome_2026","GCST90670779","Gut microbiome species abundance (Eisenbergiella tayi, GCF_001881565.1)","taxon:eisenbergiella tayi",16017,"GRCh37","2648a90d7032c268b812fc96620d034c842a39c747a3687866fe4988b52a1e3f","e2bb6beb199bfc576ecf2adc98bc83f014b729be832c4a4f7f2d2e09df552237",26,41,0,41,6.658e-07
"microbiome_2026","GCST90670780","Gut microbiome species presence (Faecalibacterium prausnitzii F, GCF_002549775.1)","taxon:faecalibacterium prausnitzii f",16017,"GRCh37","2648a90d7032c268b812fc96620d034c842a39c747a3687866fe4988b52a1e3f","e2bb6beb199bfc576ecf2adc98bc83f014b729be832c4a4f7f2d2e09df552237",26,65,2,65,3.147e-09
"microbiome_2026","GCST90670781","Gut microbiome species presence (Fimisoma avicola, GCA_900542565.1)","taxon:fimisoma avicola",16017,"GRCh37","2648a90d7032c268b812fc96620d034c842a39c747a3687866fe4988b52a1e3f","e2bb6beb199bfc576ecf2adc98bc83f014b729be832c4a4f7f2d2e09df552237",26,94,23,94,4.068e-09
"microbiome_2026","GCST90670782","Gut microbiome species presence (HGM12669 sp900761935, GCA_900761935.1)","taxon:hgm12669 sp900761935",16017,"GRCh37","2648a90d7032c268b812fc96620d034c842a39c747a3687866fe4988b52a1e3f","e2bb6beb199bfc576ecf2adc98bc83f014b729be832c4a4f7f2d2e09df552237",26,72,0,72,1.348e-06
"microbiome_2026","GCST90670783","Gut microbiome species presence (Merdivicinus sp900555435, GCA_900555435.1)","taxon:merdivicinus sp900555435",16017,"GRCh37","2648a90d7032c268b812fc96620d034c842a39c747a3687866fe4988b52a1e3f","e2bb6beb199bfc576ecf2adc98bc83f014b729be832c4a4f7f2d2e09df552237",26,122,0,122,4.149e-07
"microbiome_2026","GCST90670784","Gut microbiome species presence (Oribacterium sinus, GCF_014202695.1)","taxon:oribacterium sinus",16017,"GRCh37","2648a90d7032c268b812fc96620d034c842a39c747a3687866fe4988b52a1e3f","e2bb6beb199bfc576ecf2adc98bc83f014b729be832c4a4f7f2d2e09df552237",27,37,1,37,3.22e-08
"microbiome_2026","GCST90670785","Gut microbiome species presence (UMGS172 sp900539855, GCA_900539855.1)","taxon:umgs172 sp900539855",16017,"GRCh37","2648a90d7032c268b812fc96620d034c842a39c747a3687866fe4988b52a1e3f","e2bb6beb199bfc576ecf2adc98bc83f014b729be832c4a4f7f2d2e09df552237",27,161,0,161,6.389e-08
"microbiome_2026","GCST90670786","Gut microbiome species presence (V9D3004 sp900760345, GCA_900760345.1)","taxon:v9d3004 sp900760345",16017,"GRCh37","2648a90d7032c268b812fc96620d034c842a39c747a3687866fe4988b52a1e3f","e2bb6beb199bfc576ecf2adc98bc83f014b729be832c4a4f7f2d2e09df552237",27,391,14,391,3.465e-09
"microbiome_2026","GCST90670787","Gut microbiome species presence (Ventrimonas sp900540335, GCA_900540335.1)","taxon:ventrimonas sp900540335",16017,"GRCh37","2648a90d7032c268b812fc96620d034c842a39c747a3687866fe4988b52a1e3f","e2bb6beb199bfc576ecf2adc98bc83f014b729be832c4a4f7f2d2e09df552237",27,31,0,31,1.274e-06
"microbiome_2026","GCST90670788","Gut microbiome species presence (Acutalibacter stercoravium, GCA_900543555.1)","taxon:acutalibacter stercoravium",16017,"GRCh37","2648a90d7032c268b812fc96620d034c842a39c747a3687866fe4988b52a1e3f","e2bb6beb199bfc576ecf2adc98bc83f014b729be832c4a4f7f2d2e09df552237",27,69,0,69,6.343e-07
"microbiome_2026","GCST90670789","Gut microbiome species presence (Blautia coccoides, GCF_900461125.1)","taxon:blautia coccoides",16017,"GRCh37","2648a90d7032c268b812fc96620d034c842a39c747a3687866fe4988b52a1e3f","e2bb6beb199bfc576ecf2adc98bc83f014b729be832c4a4f7f2d2e09df552237",27,101,0,101,6.524e-08
"microbiome_2026","GCST90670790","Gut microbiome species abundance (CAG-170 sp900553545, GCA_900553545.1)","taxon:cag-170 sp900553545",16017,"GRCh37","2648a90d7032c268b812fc96620d034c842a39c747a3687866fe4988b52a1e3f","e2bb6beb199bfc576ecf2adc98bc83f014b729be832c4a4f7f2d2e09df552237",27,35,0,35,2.079e-06
"microbiome_2026","GCST90670791","Gut microbiome species presence (CAG-274 sp900545305, GCA_900545305.1)","taxon:cag-274 sp900545305",16017,"GRCh37","2648a90d7032c268b812fc96620d034c842a39c747a3687866fe4988b52a1e3f","e2bb6beb199bfc576ecf2adc98bc83f014b729be832c4a4f7f2d2e09df552237",27,9,0,9,6.094e-07
"microbiome_2026","GCST90670792","Gut microbiome species abundance (CAG-317 sp000433215, GCF_003435815.1)","taxon:cag-317 sp000433215",16017,"GRCh37","2648a90d7032c268b812fc96620d034c842a39c747a3687866fe4988b52a1e3f","e2bb6beb199bfc576ecf2adc98bc83f014b729be832c4a4f7f2d2e09df552237",27,74,2,74,3.049e-08
"microbiome_2026","GCST90670793","Gut microbiome species presence (CAG-317 sp900543415, GCA_900543415.1)","taxon:cag-317 sp900543415",16017,"GRCh37","2648a90d7032c268b812fc96620d034c842a39c747a3687866fe4988b52a1e3f","e2bb6beb199bfc576ecf2adc98bc83f014b729be832c4a4f7f2d2e09df552237",27,58,0,58,1.033e-06
"microbiome_2026","GCST90670794","Gut microbiome species abundance (Intestinimonas butyriciproducens, GCF_004154955.1)","taxon:intestinimonas butyriciproducens",16017,"GRCh37","2648a90d7032c268b812fc96620d034c842a39c747a3687866fe4988b52a1e3f","e2bb6beb199bfc576ecf2adc98bc83f014b729be832c4a4f7f2d2e09df552237",27,50,0,50,9.179e-07
"microbiome_2026","GCST90670795","Gut microbiome species presence (Lawsonibacter sp902363045, GCA_902363045.1)","taxon:lawsonibacter sp902363045",16017,"GRCh37","2648a90d7032c268b812fc96620d034c842a39c747a3687866fe4988b52a1e3f","e2bb6beb199bfc576ecf2adc98bc83f014b729be832c4a4f7f2d2e09df552237",27,43,0,43,9.536e-07
"microbiome_2026","GCST90670796","Gut microbiome species presence (Longicatena caecimuris, GCF_004341945.1)","taxon:longicatena caecimuris",16017,"GRCh37","2648a90d7032c268b812fc96620d034c842a39c747a3687866fe4988b52a1e3f","e2bb6beb199bfc576ecf2adc98bc83f014b729be832c4a4f7f2d2e09df552237",27,94,2,94,3.837e-08
"microbiome_2026","GCST90670797","Gut microbiome species presence (Massilistercora timonensis, GCF_900312975.1)","taxon:massilistercora timonensis",16017,"GRCh37","2648a90d7032c268b812fc96620d034c842a39c747a3687866fe4988b52a1e3f","e2bb6beb199bfc576ecf2adc98bc83f014b729be832c4a4f7f2d2e09df552237",27,181,0,181,3.207e-07
"microbiome_2026","GCST90670798","Gut microbiome species abundance (NSJ-51 sp900549795, GCF_014287895.1)","taxon:nsj-51 sp900549795",16017,"GRCh37","2648a90d7032c268b812fc96620d034c842a39c747a3687866fe4988b52a1e3f","e2bb6beb199bfc576ecf2adc98bc83f014b729be832c4a4f7f2d2e09df552237",27,128,0,128,8.355e-07
"microbiome_2026","GCST90670799","Gut microbiome species presence (Olsenella F sp001189515, GCF_001189515.2)","taxon:olsenella f sp001189515",16017,"GRCh37","2648a90d7032c268b812fc96620d034c842a39c747a3687866fe4988b52a1e3f","e2bb6beb199bfc576ecf2adc98bc83f014b729be832c4a4f7f2d2e09df552237",27,61,0,61,6.869e-07
"microbiome_2026","GCST90670800","Gut microbiome species presence (Scatosoma sp003150575, GCA_900540805.1)","taxon:scatosoma sp003150575",16017,"GRCh37","2648a90d7032c268b812fc96620d034c842a39c747a3687866fe4988b52a1e3f","e2bb6beb199bfc576ecf2adc98bc83f014b729be832c4a4f7f2d2e09df552237",28,60,0,60,1.345e-07
"microbiome_2026","GCST90670801","Gut microbiome species presence (UBA4285 sp900545225, GCA_900545225.1)","taxon:uba4285 sp900545225",16017,"GRCh37","2648a90d7032c268b812fc96620d034c842a39c747a3687866fe4988b52a1e3f","e2bb6beb199bfc576ecf2adc98bc83f014b729be832c4a4f7f2d2e09df552237",28,72,0,72,8.471e-08
"microbiome_2026","GCST90670802","Gut microbiome species presence (UMGS1071 sp900541905, GCA_900541905.1)","taxon:umgs1071 sp900541905",16017,"GRCh37","2648a90d7032c268b812fc96620d034c842a39c747a3687866fe4988b52a1e3f","e2bb6beb199bfc576ecf2adc98bc83f014b729be832c4a4f7f2d2e09df552237",28,109,0,109,2.212e-07
"microbiome_2026","GCST90670803","Gut microbiome species presence (UMGS1370 sp900542035, GCA_900542035.1)","taxon:umgs1370 sp900542035",16017,"GRCh37","2648a90d7032c268b812fc96620d034c842a39c747a3687866fe4988b52a1e3f","e2bb6beb199bfc576ecf2adc98bc83f014b729be832c4a4f7f2d2e09df552237",28,28,0,28,1.653e-06
"microbiome_2026","GCST90670804","Gut microbiome species presence (UMGS621 sp900543915, GCA_900543915.1)","taxon:umgs621 sp900543915",16017,"GRCh37","2648a90d7032c268b812fc96620d034c842a39c747a3687866fe4988b52a1e3f","e2bb6beb199bfc576ecf2adc98bc83f014b729be832c4a4f7f2d2e09df552237",28,35,0,35,8.051e-07
"microbiome_2026","GCST90670805","Gut microbiome species presence (UMGS902 sp003343845, GCA_003343845.1)","taxon:umgs902 sp003343845",16017,"GRCh37","2648a90d7032c268b812fc96620d034c842a39c747a3687866fe4988b52a1e3f","e2bb6beb199bfc576ecf2adc98bc83f014b729be832c4a4f7f2d2e09df552237",28,83,0,83,4.095e-07
"microbiome_2026","GCST90670806","Gut microbiome species presence (Allisonella histaminiformans, GCF_900103425.1)","taxon:allisonella histaminiformans",16017,"GRCh37","2648a90d7032c268b812fc96620d034c842a39c747a3687866fe4988b52a1e3f","e2bb6beb199bfc576ecf2adc98bc83f014b729be832c4a4f7f2d2e09df552237",28,212,4,212,7.772e-09
"microbiome_2026","GCST90670807","Gut microbiome species abundance (Anaeromassilibacillus stercoravium, GCF_002159845.1)","taxon:anaeromassilibacillus stercoravium",16017,"GRCh37","2648a90d7032c268b812fc96620d034c842a39c747a3687866fe4988b52a1e3f","e2bb6beb199bfc576ecf2adc98bc83f014b729be832c4a4f7f2d2e09df552237",28,97,0,97,5.73e-07
"microbiome_2026","GCST90670808","Gut microbiome species abundance (Borkfalkia ceftriaxoniphila, GCF_004134775.1)","taxon:borkfalkia ceftriaxoniphila",16017,"GRCh37","2648a90d7032c268b812fc96620d034c842a39c747a3687866fe4988b52a1e3f","e2bb6beb199bfc576ecf2adc98bc83f014b729be832c4a4f7f2d2e09df552237",28,52,0,52,3.368e-07
"microbiome_2026","GCST90670809","Gut microbiome species presence (CAG-269 sp001916005, GCA_001916005.1)","taxon:cag-269 sp001916005",16017,"GRCh37","2648a90d7032c268b812fc96620d034c842a39c747a3687866fe4988b52a1e3f","e2bb6beb199bfc576ecf2adc98bc83f014b729be832c4a4f7f2d2e09df552237",28,65,0,65,1.323e-07
"microbiome_2026","GCST90670810","Gut microbiome species presence (Faecousia sp900544405, GCA_900544405.1)","taxon:faecousia sp900544405",16017,"GRCh37","2648a90d7032c268b812fc96620d034c842a39c747a3687866fe4988b52a1e3f","e2bb6beb199bfc576ecf2adc98bc83f014b729be832c4a4f7f2d2e09df552237",28,74,0,74,1.595e-07
"microbiome_2026","GCST90670811","Gut microbiome species presence (Galloscillospira B excrementipullorum, GCA_018714125.1)","taxon:galloscillospira b excrementipullorum",16017,"GRCh37","2648a90d7032c268b812fc96620d034c842a39c747a3687866fe4988b52a1e3f","e2bb6beb199bfc576ecf2adc98bc83f014b729be832c4a4f7f2d2e09df552237",28,33,0,33,2.598e-07
"microbiome_2026","GCST90670812","Gut microbiome species abundance (Lawsonibacter sp014287875, GCF_014287875.1)","taxon:lawsonibacter sp014287875",16017,"GRCh37","2648a90d7032c268b812fc96620d034c842a39c747a3687866fe4988b52a1e3f","e2bb6beb199bfc576ecf2adc98bc83f014b729be832c4a4f7f2d2e09df552237",28,68,0,68,4.528e-07
"microbiome_2026","GCST90670813","Gut microbiome species abundance (Lawsonibacter sp900066645, GCA_902362775.1)","taxon:lawsonibacter sp900066645",16017,"GRCh37","2648a90d7032c268b812fc96620d034c842a39c747a3687866fe4988b52a1e3f","e2bb6beb199bfc576ecf2adc98bc83f014b729be832c4a4f7f2d2e09df552237",28,75,1,75,1.3e-08
"microbiome_2026","GCST90670814","Gut microbiome species presence (Pauljensenia sp000466265, GCF_000466265.1)","taxon:pauljensenia sp000466265",16017,"GRCh37","2648a90d7032c268b812fc96620d034c842a39c747a3687866fe4988b52a1e3f","e2bb6beb199bfc576ecf2adc98bc83f014b729be832c4a4f7f2d2e09df552237",28,85,0,84,9.997e-08
"microbiome_2026","GCST90670815","Gut microbiome species presence (Scatenecus faecavium, GCA_900551915.1)","taxon:scatenecus faecavium",16017,"GRCh37","2648a90d7032c268b812fc96620d034c842a39c747a3687866fe4988b52a1e3f","e2bb6beb199bfc576ecf2adc98bc83f014b729be832c4a4f7f2d2e09df552237",28,90,3,90,5.129e-09
"microbiome_2026","GCST90670816","Gut microbiome species presence (Senegalimassilia faecalis, GCF_004135645.1)","taxon:senegalimassilia faecalis",16017,"GRCh37","2648a90d7032c268b812fc96620d034c842a39c747a3687866fe4988b52a1e3f","e2bb6beb199bfc576ecf2adc98bc83f014b729be832c4a4f7f2d2e09df552237",29,25,0,25,1.671e-07
"microbiome_2026","GCST90670817","Gut microbiome species presence (Spyradocola sp905193155, GCA_905193155.1)","taxon:spyradocola sp905193155",16017,"GRCh37","2648a90d7032c268b812fc96620d034c842a39c747a3687866fe4988b52a1e3f","e2bb6beb199bfc576ecf2adc98bc83f014b729be832c4a4f7f2d2e09df552237",29,41,0,41,8.514e-07
"microbiome_2026","GCST90670818","Gut microbiome species presence (Streptococcus gordonii, GCF_001553855.1)","taxon:streptococcus gordonii",16017,"GRCh37","2648a90d7032c268b812fc96620d034c842a39c747a3687866fe4988b52a1e3f","e2bb6beb199bfc576ecf2adc98bc83f014b729be832c4a4f7f2d2e09df552237",29,50,0,49,3.972e-07
"microbiome_2026","GCST90670819","Gut microbiome species presence (Alistipes timonensis, GCF_900107675.1)","taxon:alistipes timonensis",16017,"GRCh37","2648a90d7032c268b812fc96620d034c842a39c747a3687866fe4988b52a1e3f","e2bb6beb199bfc576ecf2adc98bc83f014b729be832c4a4f7f2d2e09df552237",29,88,0,88,7.831e-08
"microbiome_2026","GCST90670820","Gut microbiome species presence (Blautia A sp003477525, GCF_003477525.1)","taxon:blautia a sp003477525",16017,"GRCh37","2648a90d7032c268b812fc96620d034c842a39c747a3687866fe4988b52a1e3f","e2bb6beb199bfc576ecf2adc98bc83f014b729be832c4a4f7f2d2e09df552237",29,177,0,177,6.556e-08
"microbiome_2026","GCST90670821","Gut microbiome species abundance (Enterenecus sp900549885, GCA_900549885.1)","taxon:enterenecus sp900549885",16017,"GRCh37","2648a90d7032c268b812fc96620d034c842a39c747a3687866fe4988b52a1e3f","e2bb6beb199bfc576ecf2adc98bc83f014b729be832c4a4f7f2d2e09df552237",29,37,0,37,9.827e-07
"microbiome_2026","GCST90670822","Gut microbiome species presence (Eubacterium G sp900548465, GCA_900548465.1)","taxon:eubacterium g sp900548465",16017,"GRCh37","2648a90d7032c268b812fc96620d034c842a39c747a3687866fe4988b52a1e3f","e2bb6beb199bfc576ecf2adc98bc83f014b729be832c4a4f7f2d2e09df552237",29,26,0,26,4.828e-07
"microbiome_2026","GCST90670823","Gut microbiome species presence (Fournierella excrementavium, GCA_004558145.1)","taxon:fournierella excrementavium",16017,"GRCh37","2648a90d7032c268b812fc96620d034c842a39c747a3687866fe4988b52a1e3f","e2bb6beb199bfc576ecf2adc98bc83f014b729be832c4a4f7f2d2e09df552237",29,81,0,81,4.552e-07
"microbiome_2026","GCST90670824","Gut microbiome species presence (HGM11501 sp900766735, GCA_900766735.1)","taxon:hgm11501 sp900766735",16017,"GRCh37","2648a90d7032c268b812fc96620d034c842a39c747a3687866fe4988b52a1e3f","e2bb6beb199bfc576ecf2adc98bc83f014b729be832c4a4f7f2d2e09df552237",29,63,0,63,3.854e-07
"microbiome_2026","GCST90670825","Gut microbiome species presence (HGM13222 sp900757485, GCA_900757485.1)","taxon:hgm13222 sp900757485",16017,"GRCh37","2648a90d7032c268b812fc96620d034c842a39c747a3687866fe4988b52a1e3f","e2bb6beb199bfc576ecf2adc98bc83f014b729be832c4a4f7f2d2e09df552237",29,106,0,106,1.929e-07
"microbiome_2026","GCST90670826","Gut microbiome species presence (Merdicola sp018371855, GCA_018371855.1)","taxon:merdicola sp018371855",16017,"GRCh37","2648a90d7032c268b812fc96620d034c842a39c747a3687866fe4988b52a1e3f","e2bb6beb199bfc576ecf2adc98bc83f014b729be832c4a4f7f2d2e09df552237",29,91,0,91,4.679e-07
"microbiome_2026","GCST90670827","Gut microbiome species presence (Merdimonas faecis, GCF_001754075.1)","taxon:merdimonas faecis",16017,"GRCh37","2648a90d7032c268b812fc96620d034c842a39c747a3687866fe4988b52a1e3f","e2bb6beb199bfc576ecf2adc98bc83f014b729be832c4a4f7f2d2e09df552237",29,149,3,149,7.684e-09
"microbiome_2026","GCST90670828","Gut microbiome species presence (Ruminococcus C sp000437255, GCA_000437255.1)","taxon:ruminococcus c sp000437255",16017,"GRCh37","2648a90d7032c268b812fc96620d034c842a39c747a3687866fe4988b52a1e3f","e2bb6beb199bfc576ecf2adc98bc83f014b729be832c4a4f7f2d2e09df552237",29,37,0,37,9.716e-07
"microbiome_2026","GCST90670829","Gut microbiome species abundance (Scatosoma sp900555925, GCA_900555925.1)","taxon:scatosoma sp900555925",16017,"GRCh37","2648a90d7032c268b812fc96620d034c842a39c747a3687866fe4988b52a1e3f","e2bb6beb199bfc576ecf2adc98bc83f014b729be832c4a4f7f2d2e09df552237",29,59,0,59,2.615e-06
"microbiome_2026","GCST90670830","Gut microbiome species presence (Veillonella sp900757715, GCA_900757715.1)","taxon:veillonella sp900757715",16017,"GRCh37","2648a90d7032c268b812fc96620d034c842a39c747a3687866fe4988b52a1e3f","e2bb6beb199bfc576ecf2adc98bc83f014b729be832c4a4f7f2d2e09df552237",29,23,0,23,2.411e-07
"microbiome_2026","GCST90670831","Gut microbiome species presence (Anaerotruncus massiliensis, GCF_900199635.1)","taxon:anaerotruncus massiliensis",16017,"GRCh37","2648a90d7032c268b812fc96620d034c842a39c747a3687866fe4988b52a1e3f","e2bb6beb199bfc576ecf2adc98bc83f014b729be832c4a4f7f2d2e09df552237",29,54,0,54,2.886e-07
"microbiome_2026","GCST90670832","Gut microbiome species presence (Blautia sp001304935, GCF_020215665.1)","taxon:blautia sp001304935",16017,"GRCh37","2648a90d7032c268b812fc96620d034c842a39c747a3687866fe4988b52a1e3f","e2bb6beb199bfc576ecf2adc98bc83f014b729be832c4a4f7f2d2e09df552237",30,35,0,35,7.168e-07
"microbiome_2026","GCST90670833","Gut microbiome species presence (Copromonas sp900066055, GCF_003480435.1)","taxon:copromonas sp900066055",16017,"GRCh37","2648a90d7032c268b812fc96620d034c842a39c747a3687866fe4988b52a1e3f","e2bb6beb199bfc576ecf2adc98bc83f014b729be832c4a4f7f2d2e09df552237",30,51,0,51,1.534e-07
"microbiome_2026","GCST90670834","Gut microbiome species presence (Egerieisoma faecipullorum, GCA_904420095.1)","taxon:egerieisoma faecipullorum",16017,"GRCh37","2648a90d7032c268b812fc96620d034c842a39c747a3687866fe4988b52a1e3f","e2bb6beb199bfc576ecf2adc98bc83f014b729be832c4a4f7f2d2e09df552237",30,53,0,53,1.833e-07
"microbiome_2026","GCST90670835","Gut microbiome species presence (Faecivicinus sp900553265, GCA_900553265.1)","taxon:faecivicinus sp900553265",16017,"GRCh37","2648a90d7032c268b812fc96620d034c842a39c747a3687866fe4988b52a1e3f","e2bb6beb199bfc576ecf2adc98bc83f014b729be832c4a4f7f2d2e09df552237",30,104,1,104,3.182e-08
"microbiome_2026","GCST90670836","Gut microbiome species presence (Fimadaptatus sp900553645, GCA_900553645.1)","taxon:fimadaptatus sp900553645",16017,"GRCh37","2648a90d7032c268b812fc96620d034c842a39c747a3687866fe4988b52a1e3f","e2bb6beb199bfc576ecf2adc98bc83f014b729be832c4a4f7f2d2e09df552237",30,101,0,101,1.475e-06
"microbiome_2026","GCST90670837","Gut microbiome species presence (Frisingicoccus sp900757195, GCA_900757195.1)","taxon:frisingicoccus sp900757195",16017,"GRCh37","2648a90d7032c268b812fc96620d034c842a39c747a3687866fe4988b52a1e3f","e2bb6beb199bfc576ecf2adc98bc83f014b729be832c4a4f7f2d2e09df552237",30,79,0,79,2.275e-07
"microbiome_2026","GCST90670838","Gut microbiome species presence (Massilicoli timonensis, GCF_900199515.1)","taxon:massilicoli timonensis",16017,"GRCh37","2648a90d7032c268b812fc96620d034c842a39c747a3687866fe4988b52a1e3f","e2bb6beb199bfc576ecf2adc98bc83f014b729be832c4a4f7f2d2e09df552237",30,29,1,29,3.061e-08
"microbiome_2026","GCST90670839","Gut microbiome species presence (Metalachnospira sp900548595, GCA_900548595.1)","taxon:metalachnospira sp900548595",16017,"GRCh37","2648a90d7032c268b812fc96620d034c842a39c747a3687866fe4988b52a1e3f","e2bb6beb199bfc576ecf2adc98bc83f014b729be832c4a4f7f2d2e09df552237",30,171,0,171,3.258e-07
"microbiome_2026","GCST90670840","Gut microbiome species abundance (Mogibacterium diversum, GCF_002998925.1)","taxon:mogibacterium diversum",16017,"GRCh37","2648a90d7032c268b812fc96620d034c842a39c747a3687866fe4988b52a1e3f","e2bb6beb199bfc576ecf2adc98bc83f014b729be832c4a4f7f2d2e09df552237",30,150,0,150,7.325e-08
"microbiome_2026","GCST90670841","Gut microbiome species presence (Scatomorpha gallistercoris, GCA_900544765.1)","taxon:scatomorpha gallistercoris",16017,"GRCh37","2648a90d7032c268b812fc96620d034c842a39c747a3687866fe4988b52a1e3f","e2bb6beb199bfc576ecf2adc98bc83f014b729be832c4a4f7f2d2e09df552237",30,81,0,81,1.313e-07
"microbiome_2026","GCST90670842","Gut microbiome species presence (Streptococcus parasanguinis, GCF_000164675.2)","taxon:streptococcus parasanguinis",16017,"GRCh37","2648a90d7032c268b812fc96620d034c842a39c747a3687866fe4988b52a1e3f","e2bb6beb199bfc576ecf2adc98bc83f014b729be832c4a4f7f2d2e09df552237",30,77,0,77,4.483e-07
"microbiome_2026","GCST90670843","Gut microbiome species presence (Terrisporobacter sp900557165, GCA_900557165.1)","taxon:terrisporobacter sp900557165",16017,"GRCh37","2648a90d7032c268b812fc96620d034c842a39c747a3687866fe4988b52a1e3f","e2bb6beb199bfc576ecf2adc98bc83f014b729be832c4a4f7f2d2e09df552237",30,181,0,181,2.739e-07
"microbiome_2026","GCST90670844","Gut microbiome species presence (UMGS1484 sp902388225, GCA_902388225.1)","taxon:umgs1484 sp902388225",16017,"GRCh37","2648a90d7032c268b812fc96620d034c842a39c747a3687866fe4988b52a1e3f","e2bb6beb199bfc576ecf2adc98bc83f014b729be832c4a4f7f2d2e09df552237",30,104,0,104,4.032e-07
"microbiome_2026","GCST90670845","Gut microbiome species presence (Woodwardibium gallinarum, GCA_904419545.1)","taxon:woodwardibium gallinarum",16017,"GRCh37","2648a90d7032c268b812fc96620d034c842a39c747a3687866fe4988b52a1e3f","e2bb6beb199bfc576ecf2adc98bc83f014b729be832c4a4f7f2d2e09df552237",30,31,0,31,1.297e-06
"microbiome_2026","GCST90670846","Gut microbiome species presence (Alectryocaccomicrobium faecavium, GCA_900754755.1)","taxon:alectryocaccomicrobium faecavium",16017,"GRCh37","2648a90d7032c268b812fc96620d034c842a39c747a3687866fe4988b52a1e3f","e2bb6beb199bfc576ecf2adc98bc83f014b729be832c4a4f7f2d2e09df552237",30,181,0,181,3.278e-07
"microbiome_2026","GCST90670847","Gut microbiome species abundance (Anaerotruncus colihominis, GCA_025146135.1)","taxon:anaerotruncus colihominis",16017,"GRCh37","2648a90d7032c268b812fc96620d034c842a39c747a3687866fe4988b52a1e3f","e2bb6beb199bfc576ecf2adc98bc83f014b729be832c4a4f7f2d2e09df552237",30,121,0,121,3.034e-07
"microbiome_2026","GCST90670848","Gut microbiome species abundance (Avimicrobium caecorum, GCF_016901815.1)","taxon:avimicrobium caecorum",16017,"GRCh37","2648a90d7032c268b812fc96620d034c842a39c747a3687866fe4988b52a1e3f","e2bb6beb199bfc576ecf2adc98bc83f014b729be832c4a4f7f2d2e09df552237",31,54,0,54,8.387e-08
"microbiome_2026","GCST90670849","Gut microbiome species presence (Bariatricus comes A, GCF_013300725.1)","taxon:bariatricus comes a",16017,"GRCh37","2648a90d7032c268b812fc96620d034c842a39c747a3687866fe4988b52a1e3f","e2bb6beb199bfc576ecf2adc98bc83f014b729be832c4a4f7f2d2e09df552237",31,57,0,57,9.066e-08
"microbiome_2026","GCST90670850","Gut microbiome species presence (Blautia A schinkii, GCF_013304825.1)","taxon:blautia a schinkii",16017,"GRCh37","2648a90d7032c268b812fc96620d034c842a39c747a3687866fe4988b52a1e3f","e2bb6beb199bfc576ecf2adc98bc83f014b729be832c4a4f7f2d2e09df552237",31,35,0,35,2.986e-06
"microbiome_2026","GCST90670851","Gut microbiome species presence (Blautia A sp003474435, GCF_003474435.1)","taxon:blautia a sp003474435",16017,"GRCh37","2648a90d7032c268b812fc96620d034c842a39c747a3687866fe4988b52a1e3f","e2bb6beb199bfc576ecf2adc98bc83f014b729be832c4a4f7f2d2e09df552237",31,54,0,54,1.945e-07
"microbiome_2026","GCST90670852","Gut microbiome species abundance (Blautia A sp900066505, GCF_013304385.1)","taxon:blautia a sp900066505",16017,"GRCh37","2648a90d7032c268b812fc96620d034c842a39c747a3687866fe4988b52a1e3f","e2bb6beb199bfc576ecf2adc98bc83f014b729be832c4a4f7f2d2e09df552237",31,148,16,148,2.411e-08
"microbiome_2026","GCST90670853","Gut microbiome species presence (Blautia A sp905209435, GCA_905209435.1)","taxon:blautia a sp905209435",16017,"GRCh37","2648a90d7032c268b812fc96620d034c842a39c747a3687866fe4988b52a1e3f","e2bb6beb199bfc576ecf2adc98bc83f014b729be832c4a4f7f2d2e09df552237",31,89,0,89,3.441e-07
"microbiome_2026","GCST90670854","Gut microbiome species presence (Butyricimonas faecihominis, GCF_014647335.1)","taxon:butyricimonas faecihominis",16017,"GRCh37","2648a90d7032c268b812fc96620d034c842a39c747a3687866fe4988b52a1e3f","e2bb6beb199bfc576ecf2adc98bc83f014b729be832c4a4f7f2d2e09df552237",31,81,0,81,2.433e-07
"microbiome_2026","GCST90670855","Gut microbiome species abundance (CAG-238 sp900542245, GCA_900542245.1)","taxon:cag-238 sp900542245",16017,"GRCh37","2648a90d7032c268b812fc96620d034c842a39c747a3687866fe4988b52a1e3f","e2bb6beb199bfc576ecf2adc98bc83f014b729be832c4a4f7f2d2e09df552237",31,56,0,56,4.883e-07
"microbiome_2026","GCST90670856","Gut microbiome species presence (CAG-269 sp900556695, GCA_900556695.1)","taxon:cag-269 sp900556695",16017,"GRCh37","2648a90d7032c268b812fc96620d034c842a39c747a3687866fe4988b52a1e3f","e2bb6beb199bfc576ecf2adc98bc83f014b729be832c4a4f7f2d2e09df552237",31,52,0,52,5.527e-07
"microbiome_2026","GCST90670857","Gut microbiome species presence (Collinsella bouchesdurhonensis, GCF_900155365.1)","taxon:collinsella bouchesdurhonensis",16017,"GRCh37","2648a90d7032c268b812fc96620d034c842a39c747a3687866fe4988b52a1e3f","e2bb6beb199bfc576ecf2adc98bc83f014b729be832c4a4f7f2d2e09df552237",31,97,0,97,1.757e-07
"microbiome_2026","GCST90670858","Gut microbiome species abundance (Enterocloster lavalensis, GCF_902364025.1)","taxon:enterocloster lavalensis",16017,"GRCh37","2648a90d7032c268b812fc96620d034c842a39c747a3687866fe4988b52a1e3f","e2bb6beb199bfc576ecf2adc98bc83f014b729be832c4a4f7f2d2e09df552237",31,71,0,71,1.122e-07
"microbiome_2026","GCST90670859","Gut microbiome species presence (Eubacterium I ramulus A, GCF_003122485.1)","taxon:eubacterium i ramulus a",16017,"GRCh37","2648a90d7032c268b812fc96620d034c842a39c747a3687866fe4988b52a1e3f","e2bb6beb199bfc576ecf2adc98bc83f014b729be832c4a4f7f2d2e09df552237",31,109,0,109,3.118e-07
"microbiome_2026","GCST90670860","Gut microbiome species presence (Fimimonas sp900769665, GCA_900769665.1)","taxon:fimimonas sp900769665",16017,"GRCh37","2648a90d7032c268b812fc96620d034c842a39c747a3687866fe4988b52a1e3f","e2bb6beb199bfc576ecf2adc98bc83f014b729be832c4a4f7f2d2e09df552237",31,8,0,8,2.296e-06
"microbiome_2026","GCST90670861","Gut microbiome species abundance (Intestinimonas massiliensis, GCF_001244995.1)","taxon:intestinimonas massiliensis",16017,"GRCh37","2648a90d7032c268b812fc96620d034c842a39c747a3687866fe4988b52a1e3f","e2bb6beb199bfc576ecf2adc98bc83f014b729be832c4a4f7f2d2e09df552237",31,331,0,331,8.518e-08
"microbiome_2026","GCST90670862","Gut microbiome species presence (Limenecus avicola, GCA_000980375.1)","taxon:limenecus avicola",16017,"GRCh37","2648a90d7032c268b812fc96620d034c842a39c747a3687866fe4988b52a1e3f","e2bb6beb199bfc576ecf2adc98bc83f014b729be832c4a4f7f2d2e09df552237",31,50,0,50,1.449e-07
"microbiome_2026","GCST90670863","Gut microbiome species presence (Limiplasma pullistercoris, GCA_900553905.1)","taxon:limiplasma pullistercoris",16017,"GRCh37","2648a90d7032c268b812fc96620d034c842a39c747a3687866fe4988b52a1e3f","e2bb6beb199bfc576ecf2adc98bc83f014b729be832c4a4f7f2d2e09df552237",31,51,0,51,7.354e-07
"microbiome_2026","GCST90670864","Gut microbiome species presence (Limiplasma sp004556545, GCA_004556545.1)","taxon:limiplasma sp004556545",16017,"GRCh37","2648a90d7032c268b812fc96620d034c842a39c747a3687866fe4988b52a1e3f","e2bb6beb199bfc576ecf2adc98bc83f014b729be832c4a4f7f2d2e09df552237",32,53,0,53,4.798e-07
"microbiome_2026","GCST90670865","Gut microbiome species presence (Marvinbryantia sp900550755, GCA_905201705.1)","taxon:marvinbryantia sp900550755",16017,"GRCh37","2648a90d7032c268b812fc96620d034c842a39c747a3687866fe4988b52a1e3f","e2bb6beb199bfc576ecf2adc98bc83f014b729be832c4a4f7f2d2e09df552237",32,28,0,28,1.265e-06
"microbiome_2026","GCST90670866","Gut microbiome species presence (Merdibacter sp900759455, GCA_900759455.1)","taxon:merdibacter sp900759455",16017,"GRCh37","2648a90d7032c268b812fc96620d034c842a39c747a3687866fe4988b52a1e3f","e2bb6beb199bfc576ecf2adc98bc83f014b729be832c4a4f7f2d2e09df552237",32,139,0,138,7.181e-07
"microbiome_2026","GCST90670867","Gut microbiome species presence (Merdisoma sp900553635, GCA_900553635.1)","taxon:merdisoma sp900553635",16017,"GRCh37","2648a90d7032c268b812fc96620d034c842a39c747a3687866fe4988b52a1e3f","e2bb6beb199bfc576ecf2adc98bc83f014b729be832c4a4f7f2d2e09df552237",32,40,0,40,3.802e-07
"microbiome_2026","GCST90670868","Gut microbiome species presence (Monoglobus pectinilyticus, GCF_002874775.1)","taxon:monoglobus pectinilyticus",16017,"GRCh37","2648a90d7032c268b812fc96620d034c842a39c747a3687866fe4988b52a1e3f","e2bb6beb199bfc576ecf2adc98bc83f014b729be832c4a4f7f2d2e09df552237",32,89,0,89,4.955e-07
"microbiome_2026","GCST90670869","Gut microbiome species presence (Propionibacterium freudenreichii, GCF_000940845.1)","taxon:propionibacterium freudenreichii",16017,"GRCh37","2648a90d7032c268b812fc96620d034c842a39c747a3687866fe4988b52a1e3f","e2bb6beb199bfc576ecf2adc98bc83f014b729be832c4a4f7f2d2e09df552237",32,78,0,78,6.302e-07
"microbiome_2026","GCST90670870","Gut microbiome species presence (UMGS1696 sp900753285, GCA_900753285.1)","taxon:umgs1696 sp900753285",16017,"GRCh37","2648a90d7032c268b812fc96620d034c842a39c747a3687866fe4988b52a1e3f","e2bb6beb199bfc576ecf2adc98bc83f014b729be832c4a4f7f2d2e09df552237",32,125,0,125,2.362e-07
"microbiome_2026","GCST90670871","Gut microbiome species presence (Varibaculum timonense A, GCA_900120415.1)","taxon:varibaculum timonense a",16017,"GRCh37","2648a90d7032c268b812fc96620d034c842a39c747a3687866fe4988b52a1e3f","e2bb6beb199bfc576ecf2adc98bc83f014b729be832c4a4f7f2d2e09df552237",32,23,0,23,5.524e-07
"microbiome_2026","GCST90670872","Gut microbiome species presence (Agathobaculum sp900544475, GCA_900544475.1)","taxon:agathobaculum sp900544475",16017,"GRCh37","2648a90d7032c268b812fc96620d034c842a39c747a3687866fe4988b52a1e3f","e2bb6beb199bfc576ecf2adc98bc83f014b729be832c4a4f7f2d2e09df552237",32,86,0,86,6.644e-07
"microbiome_2026","GCST90670873","Gut microbiome species abundance (Alangreenwoodia sp905206455, GCA_905206455.1)","taxon:alangreenwoodia sp905206455",16017,"GRCh37","2648a90d7032c268b812fc96620d034c842a39c747a3687866fe4988b52a1e3f","e2bb6beb199bfc576ecf2adc98bc83f014b729be832c4a4f7f2d2e09df552237",32,35,0,35,1.011e-07
"microbiome_2026","GCST90670874","Gut microbiome species presence (Anaeromassilibacillus sp001305115, GCA_001305115.1)","taxon:anaeromassilibacillus sp001305115",16017,"GRCh37","2648a90d7032c268b812fc96620d034c842a39c747a3687866fe4988b52a1e3f","e2bb6beb199bfc576ecf2adc98bc83f014b729be832c4a4f7f2d2e09df552237",32,42,0,42,5.479e-07
"microbiome_2026","GCST90670875","Gut microbiome species presence (Blautia A luti, GCF_009707925.1)","taxon:blautia a luti",16017,"GRCh37","2648a90d7032c268b812fc96620d034c842a39c747a3687866fe4988b52a1e3f","e2bb6beb199bfc576ecf2adc98bc83f014b729be832c4a4f7f2d2e09df552237",32,55,2,55,3.544e-08
"microbiome_2026","GCST90670876","Gut microbiome species presence (Caccousia sp900752115, GCA_900752115.1)","taxon:caccousia sp900752115",16017,"GRCh37","2648a90d7032c268b812fc96620d034c842a39c747a3687866fe4988b52a1e3f","e2bb6beb199bfc576ecf2adc98bc83f014b729be832c4a4f7f2d2e09df552237",32,60,0,60,1.575e-07
"microbiome_2026","GCST90670877","Gut microbiome species presence (CAG-269 sp900554565, GCA_900554565.1)","taxon:cag-269 sp900554565",16017,"GRCh37","2648a90d7032c268b812fc96620d034c842a39c747a3687866fe4988b52a1e3f","e2bb6beb199bfc576ecf2adc98bc83f014b729be832c4a4f7f2d2e09df552237",32,80,0,80,1.726e-06
"microbiome_2026","GCST90670878","Gut microbiome species abundance (Choladousia sp902363665, GCA_902363665.1)","taxon:choladousia sp902363665",16017,"GRCh37","2648a90d7032c268b812fc96620d034c842a39c747a3687866fe4988b52a1e3f","e2bb6beb199bfc576ecf2adc98bc83f014b729be832c4a4f7f2d2e09df552237",32,14,0,14,1.188e-06
"microbiome_2026","GCST90670879","Gut microbiome species presence (Clostridium AQ sp000165065, GCA_017161075.1)","taxon:clostridium aq sp000165065",16017,"GRCh37","2648a90d7032c268b812fc96620d034c842a39c747a3687866fe4988b52a1e3f","e2bb6beb199bfc576ecf2adc98bc83f014b729be832c4a4f7f2d2e09df552237",32,85,0,85,2.631e-07
"microbiome_2026","GCST90670880","Gut microbiome species abundance (Dielma fastidiosa, GCF_000313565.1)","taxon:dielma fastidiosa",16017,"GRCh37","2648a90d7032c268b812fc96620d034c842a39c747a3687866fe4988b52a1e3f","e2bb6beb199bfc576ecf2adc98bc83f014b729be832c4a4f7f2d2e09df552237",33,67,0,67,5.269e-07
"microbiome_2026","GCST90670881","Gut microbiome species presence (Dysosmobacter excrementavium, GCA_019118505.1)","taxon:dysosmobacter excrementavium",16017,"GRCh37","2648a90d7032c268b812fc96620d034c842a39c747a3687866fe4988b52a1e3f","e2bb6beb199bfc576ecf2adc98bc83f014b729be832c4a4f7f2d2e09df552237",33,233,22,233,1.133e-09
"microbiome_2026","GCST90670882","Gut microbiome species presence (Dysosmobacter sp900551885, GCA_900551885.1)","taxon:dysosmobacter sp900551885",16017,"GRCh37","2648a90d7032c268b812fc96620d034c842a39c747a3687866fe4988b52a1e3f","e2bb6beb199bfc576ecf2adc98bc83f014b729be832c4a4f7f2d2e09df552237",33,38,0,38,4.236e-07
"microbiome_2026","GCST90670883","Gut microbiome species abundance (Enterocloster citroniae, GCF_000233455.1)","taxon:enterocloster citroniae",16017,"GRCh37","2648a90d7032c268b812fc96620d034c842a39c747a3687866fe4988b52a1e3f","e2bb6beb199bfc576ecf2adc98bc83f014b729be832c4a4f7f2d2e09df552237",33,143,0,143,2.907e-07
"microbiome_2026","GCST90670884","Gut microbiome species abundance (Enterocloster excrementigallinarum, GCA_900547035.1)","taxon:enterocloster excrementigallinarum",16017,"GRCh37","2648a90d7032c268b812fc96620d034c842a39c747a3687866fe4988b52a1e3f","e2bb6beb199bfc576ecf2adc98bc83f014b729be832c4a4f7f2d2e09df552237",33,188,41,188,2.158e-09
"microbiome_2026","GCST90670885","Gut microbiome species presence (ER4 sp900552015, GCA_900552015.1)","taxon:er4 sp900552015",16017,"GRCh37","2648a90d7032c268b812fc96620d034c842a39c747a3687866fe4988b52a1e3f","e2bb6beb199bfc576ecf2adc98bc83f014b729be832c4a4f7f2d2e09df552237",33,39,0,39,8.722e-07
"microbiome_2026","GCST90670886","Gut microbiome species presence (Eubacterium I sp900546495, GCA_900546495.1)","taxon:eubacterium i sp900546495",16017,"GRCh37","2648a90d7032c268b812fc96620d034c842a39c747a3687866fe4988b52a1e3f","e2bb6beb199bfc576ecf2adc98bc83f014b729be832c4a4f7f2d2e09df552237",33,34,0,34,3.354e-07
"microbiome_2026","GCST90670887","Gut microbiome species presence (Fimivivens sp900113995, GCA_900113995.1)","taxon:fimivivens sp900113995",16017,"GRCh37","2648a90d7032c268b812fc96620d034c842a39c747a3687866fe4988b52a1e3f","e2bb6beb199bfc576ecf2adc98bc83f014b729be832c4a4f7f2d2e09df552237",33,188,0,188,2.859e-07
"microbiome_2026","GCST90670888","Gut microbiome species abundance (Holdemania filiformis, GCF_000157995.1)","taxon:holdemania filiformis",16017,"GRCh37","2648a90d7032c268b812fc96620d034c842a39c747a3687866fe4988b52a1e3f","e2bb6beb199bfc576ecf2adc98bc83f014b729be832c4a4f7f2d2e09df552237",33,68,0,68,2.819e-07
"microbiome_2026","GCST90670889","Gut microbiome species presence (Pauljensenia sp902373545, GCA_902373545.1)","taxon:pauljensenia sp902373545",16017,"GRCh37","2648a90d7032c268b812fc96620d034c842a39c747a3687866fe4988b52a1e3f","e2bb6beb199bfc576ecf2adc98bc83f014b729be832c4a4f7f2d2e09df552237",33,92,0,92,5.991e-07
"microbiome_2026","GCST90670890","Gut microbiome species presence (Pseudobutyricicoccus sp003477405, GCA_003477405.1)","taxon:pseudobutyricicoccus sp003477405",16017,"GRCh37","2648a90d7032c268b812fc96620d034c842a39c747a3687866fe4988b52a1e3f","e2bb6beb199bfc576ecf2adc98bc83f014b729be832c4a4f7f2d2e09df552237",33,117,1,117,4.021e-08
"microbiome_2026","GCST90670891","Gut microbiome species presence (QALW01 sp900547955, GCA_900547955.1)","taxon:qalw01 sp900547955",16017,"GRCh37","2648a90d7032c268b812fc96620d034c842a39c747a3687866fe4988b52a1e3f","e2bb6beb199bfc576ecf2adc98bc83f014b729be832c4a4f7f2d2e09df552237",33,43,0,43,9.906e-07
"microbiome_2026","GCST90670892","Gut microbiome species presence (Scatosoma sp900552625, GCA_905209085.1)","taxon:scatosoma sp900552625",16017,"GRCh37","2648a90d7032c268b812fc96620d034c842a39c747a3687866fe4988b52a1e3f","e2bb6beb199bfc576ecf2adc98bc83f014b729be832c4a4f7f2d2e09df552237",33,57,0,57,6.024e-07
"microbiome_2026","GCST90670893","Gut microbiome species presence (UMGS1322 sp900550765, GCA_900550765.1)","taxon:umgs1322 sp900550765",16017,"GRCh37","2648a90d7032c268b812fc96620d034c842a39c747a3687866fe4988b52a1e3f","e2bb6beb199bfc576ecf2adc98bc83f014b729be832c4a4f7f2d2e09df552237",33,33,0,33,1.115e-06
"microbiome_2026","GCST90670894","Gut microbiome species presence (Acetatifactor sp900755865, GCA_900755865.1)","taxon:acetatifactor sp900755865",16017,"GRCh37","2648a90d7032c268b812fc96620d034c842a39c747a3687866fe4988b52a1e3f","e2bb6beb199bfc576ecf2adc98bc83f014b729be832c4a4f7f2d2e09df552237",33,34,0,34,5.096e-07
"microbiome_2026","GCST90670895","Gut microbiome species presence (Bacteroides intestinigallinarum, GCF_014334015.1)","taxon:bacteroides intestinigallinarum",16017,"GRCh37","2648a90d7032c268b812fc96620d034c842a39c747a3687866fe4988b52a1e3f","e2bb6beb199bfc576ecf2adc98bc83f014b729be832c4a4f7f2d2e09df552237",33,98,0,98,4.222e-07
"microbiome_2026","GCST90670896","Gut microbiome species abundance (Blautia A sp900120195, GCF_900120195.1)","taxon:blautia a sp900120195",16017,"GRCh37","2648a90d7032c268b812fc96620d034c842a39c747a3687866fe4988b52a1e3f","e2bb6beb199bfc576ecf2adc98bc83f014b729be832c4a4f7f2d2e09df552237",34,143,0,143,2.601e-07
"microbiome_2026","GCST90670897","Gut microbiome species presence (CAG-269 sp905203195, GCA_905203195.1)","taxon:cag-269 sp905203195",16017,"GRCh37","2648a90d7032c268b812fc96620d034c842a39c747a3687866fe4988b52a1e3f","e2bb6beb199bfc576ecf2adc98bc83f014b729be832c4a4f7f2d2e09df552237",34,288,0,288,1.398e-07
"microbiome_2026","GCST90670898","Gut microbiome species abundance (Choladousia sp902363135, GCA_902363135.1)","taxon:choladousia sp902363135",16017,"GRCh37","2648a90d7032c268b812fc96620d034c842a39c747a3687866fe4988b52a1e3f","e2bb6beb199bfc576ecf2adc98bc83f014b729be832c4a4f7f2d2e09df552237",34,36,0,36,1.88e-06
"microbiome_2026","GCST90670899","Gut microbiome species presence (Dysosmobacter sp900544615, GCA_900544615.1)","taxon:dysosmobacter sp900544615",16017,"GRCh37","2648a90d7032c268b812fc96620d034c842a39c747a3687866fe4988b52a1e3f","e2bb6beb199bfc576ecf2adc98bc83f014b729be832c4a4f7f2d2e09df552237",34,39,1,39,2.267e-08
"microbiome_2026","GCST90670900","Gut microbiome species presence (Gemmiger stercorigallinarum, GCA_019119495.1)","taxon:gemmiger stercorigallinarum",16017,"GRCh37","2648a90d7032c268b812fc96620d034c842a39c747a3687866fe4988b52a1e3f","e2bb6beb199bfc576ecf2adc98bc83f014b729be832c4a4f7f2d2e09df552237",34,250,0,250,1.377e-07
"microbiome_2026","GCST90670901","Gut microbiome species presence (HGM11507 sp900761005, GCF_018918095.1)","taxon:hgm11507 sp900761005",16017,"GRCh37","2648a90d7032c268b812fc96620d034c842a39c747a3687866fe4988b52a1e3f","e2bb6beb199bfc576ecf2adc98bc83f014b729be832c4a4f7f2d2e09df552237",34,65,0,65,8.287e-08
"microbiome_2026","GCST90670902","Gut microbiome species presence (Lachnoclostridium B faecipullorum, GCF_020892095.1)","taxon:lachnoclostridium b faecipullorum",16017,"GRCh37","2648a90d7032c268b812fc96620d034c842a39c747a3687866fe4988b52a1e3f","e2bb6beb199bfc576ecf2adc98bc83f014b729be832c4a4f7f2d2e09df552237",34,92,0,92,1.345e-06
"microbiome_2026","GCST90670903","Gut microbiome species presence (Lactobacillus acidophilus, GCF_001591845.1)","taxon:lactobacillus acidophilus",16017,"GRCh37","2648a90d7032c268b812fc96620d034c842a39c747a3687866fe4988b52a1e3f","e2bb6beb199bfc576ecf2adc98bc83f014b729be832c4a4f7f2d2e09df552237",34,63,0,63,1.223e-06
"microbiome_2026","GCST90670904","Gut microbiome species presence (Merdicola sp900555085, GCA_900555085.1)","taxon:merdicola sp900555085",16017,"GRCh37","2648a90d7032c268b812fc96620d034c842a39c747a3687866fe4988b52a1e3f","e2bb6beb199bfc576ecf2adc98bc83f014b729be832c4a4f7f2d2e09df552237",34,61,0,61,1.65e-06
"microbiome_2026","GCST90670905","Gut microbiome species abundance (Merdisoma sp900066385, GCA_902362725.1)","taxon:merdisoma sp900066385",16017,"GRCh37","2648a90d7032c268b812fc96620d034c842a39c747a3687866fe4988b52a1e3f","e2bb6beb199bfc576ecf2adc98bc83f014b729be832c4a4f7f2d2e09df552237",34,67,0,67,3.621e-07
"microbiome_2026","GCST90670906","Gut microbiome species presence (Onthomonas sp900752305, GCA_900752305.1)","taxon:onthomonas sp900752305",16017,"GRCh37","2648a90d7032c268b812fc96620d034c842a39c747a3687866fe4988b52a1e3f","e2bb6beb199bfc576ecf2adc98bc83f014b729be832c4a4f7f2d2e09df552237",34,48,0,48,2.936e-07
"microbiome_2026","GCST90670907","Gut microbiome species presence (Rubneribacter badeniensis, GCF_002899695.1)","taxon:rubneribacter badeniensis",16017,"GRCh37","2648a90d7032c268b812fc96620d034c842a39c747a3687866fe4988b52a1e3f","e2bb6beb199bfc576ecf2adc98bc83f014b729be832c4a4f7f2d2e09df552237",34,20,0,20,3.011e-07
"microbiome_2026","GCST90670908","Gut microbiome species presence (Scatomorpha sp900759385, GCA_900759385.1)","taxon:scatomorpha sp900759385",16017,"GRCh37","2648a90d7032c268b812fc96620d034c842a39c747a3687866fe4988b52a1e3f","e2bb6beb199bfc576ecf2adc98bc83f014b729be832c4a4f7f2d2e09df552237",34,58,8,58,3.135e-08
"microbiome_2026","GCST90670909","Gut microbiome species presence (Scybalosoma faecavium, GCA_900545085.1)","taxon:scybalosoma faecavium",16017,"GRCh37","2648a90d7032c268b812fc96620d034c842a39c747a3687866fe4988b52a1e3f","e2bb6beb199bfc576ecf2adc98bc83f014b729be832c4a4f7f2d2e09df552237",34,27,0,27,1.748e-06
"microbiome_2026","GCST90670910","Gut microbiome species abundance (Turicibacter sanguinis, GCF_013046825.1)","taxon:turicibacter sanguinis",16017,"GRCh37","2648a90d7032c268b812fc96620d034c842a39c747a3687866fe4988b52a1e3f","e2bb6beb199bfc576ecf2adc98bc83f014b729be832c4a4f7f2d2e09df552237",34,672,199,672,2.012e-12
"microbiome_2026","GCST90670911","Gut microbiome species abundance (UBA3818 sp900557155, GCA_934875375.1)","taxon:uba3818 sp900557155",16017,"GRCh37","2648a90d7032c268b812fc96620d034c842a39c747a3687866fe4988b52a1e3f","e2bb6beb199bfc576ecf2adc98bc83f014b729be832c4a4f7f2d2e09df552237",34,161,0,161,5.177e-07
"microbiome_2026","GCST90670912","Gut microbiome species abundance (UMGS1264 sp904399395, GCA_904399395.1)","taxon:umgs1264 sp904399395",16017,"GRCh37","2648a90d7032c268b812fc96620d034c842a39c747a3687866fe4988b52a1e3f","e2bb6beb199bfc576ecf2adc98bc83f014b729be832c4a4f7f2d2e09df552237",35,241,0,241,9.231e-08
"microbiome_2026","GCST90670913","Gut microbiome species presence (UMGS1484 sp900552285, GCA_900552285.1)","taxon:umgs1484 sp900552285",16017,"GRCh37","2648a90d7032c268b812fc96620d034c842a39c747a3687866fe4988b52a1e3f","e2bb6beb199bfc576ecf2adc98bc83f014b729be832c4a4f7f2d2e09df552237",35,106,0,106,2.457e-07
"microbiome_2026","GCST90670914","Gut microbiome species presence (UMGS775 sp900545325, GCA_900545325.1)","taxon:umgs775 sp900545325",16017,"GRCh37","2648a90d7032c268b812fc96620d034c842a39c747a3687866fe4988b52a1e3f","e2bb6beb199bfc576ecf2adc98bc83f014b729be832c4a4f7f2d2e09df552237",35,18,0,18,9.778e-08
"microbiome_2026","GCST90670915","Gut microbiome species presence (JAGZMM01 hMGS.02059, )","taxon:jagzmm01 hmgs.02059,",16017,"GRCh37","2648a90d7032c268b812fc96620d034c842a39c747a3687866fe4988b52a1e3f","e2bb6beb199bfc576ecf2adc98bc83f014b729be832c4a4f7f2d2e09df552237",35,51,0,51,7.274e-07
"microbiome_2026","GCST90670916","Gut microbiome species abundance (Acutalibacter sp900548545, GCA_900548545.1)","taxon:acutalibacter sp900548545",16017,"GRCh37","2648a90d7032c268b812fc96620d034c842a39c747a3687866fe4988b52a1e3f","e2bb6beb199bfc576ecf2adc98bc83f014b729be832c4a4f7f2d2e09df552237",35,26,0,26,6.063e-07
"microbiome_2026","GCST90670917","Gut microbiome species presence (Acutalibacter timonensis, GCF_900048895.1)","taxon:acutalibacter timonensis",16017,"GRCh37","2648a90d7032c268b812fc96620d034c842a39c747a3687866fe4988b52a1e3f","e2bb6beb199bfc576ecf2adc98bc83f014b729be832c4a4f7f2d2e09df552237",35,210,1,210,1.733e-08
"microbiome_2026","GCST90670918","Gut microbiome species abundance (AF33-28 sp003477885, GCF_003477885.1)","taxon:af33-28 sp003477885",16017,"GRCh37","2648a90d7032c268b812fc96620d034c842a39c747a3687866fe4988b52a1e3f","e2bb6beb199bfc576ecf2adc98bc83f014b729be832c4a4f7f2d2e09df552237",35,38,0,38,1.359e-07
"microbiome_2026","GCST90670919","Gut microbiome species abundance (Anaerotruncus rubiinfantis, GCF_900078395.1)","taxon:anaerotruncus rubiinfantis",16017,"GRCh37","2648a90d7032c268b812fc96620d034c842a39c747a3687866fe4988b52a1e3f","e2bb6beb199bfc576ecf2adc98bc83f014b729be832c4a4f7f2d2e09df552237",35,25,0,25,7.587e-07
"microbiome_2026","GCST90670920","Gut microbiome species presence (Blautia A hydrogenotrophica, GCF_000157975.1)","taxon:blautia a hydrogenotrophica",16017,"GRCh37","2648a90d7032c268b812fc96620d034c842a39c747a3687866fe4988b52a1e3f","e2bb6beb199bfc576ecf2adc98bc83f014b729be832c4a4f7f2d2e09df552237",35,126,0,126,2.876e-07
"microbiome_2026","GCST90670921","Gut microbiome species presence (Butyricimonas faecalis, GCF_003991565.1)","taxon:butyricimonas faecalis",16017,"GRCh37","2648a90d7032c268b812fc96620d034c842a39c747a3687866fe4988b52a1e3f","e2bb6beb199bfc576ecf2adc98bc83f014b729be832c4a4f7f2d2e09df552237",35,30,0,30,1.306e-06
"microbiome_2026","GCST90670922","Gut microbiome species presence (CAG-269 sp900754285, GCA_900754285.1)","taxon:cag-269 sp900754285",16017,"GRCh37","2648a90d7032c268b812fc96620d034c842a39c747a3687866fe4988b52a1e3f","e2bb6beb199bfc576ecf2adc98bc83f014b729be832c4a4f7f2d2e09df552237",35,41,0,41,5.017e-07
"microbiome_2026","GCST90670923","Gut microbiome species abundance (Choladocola sp018223365, GCA_018223365.1)","taxon:choladocola sp018223365",16017,"GRCh37","2648a90d7032c268b812fc96620d034c842a39c747a3687866fe4988b52a1e3f","e2bb6beb199bfc576ecf2adc98bc83f014b729be832c4a4f7f2d2e09df552237",35,51,0,51,9.353e-07
"microbiome_2026","GCST90670924","Gut microbiome species presence (Coprobacter secundus, GCA_000803105.1)","taxon:coprobacter secundus",16017,"GRCh37","2648a90d7032c268b812fc96620d034c842a39c747a3687866fe4988b52a1e3f","e2bb6beb199bfc576ecf2adc98bc83f014b729be832c4a4f7f2d2e09df552237",35,60,0,60,3.212e-07
"microbiome_2026","GCST90670925","Gut microbiome species presence (Copromonas sp900541255, GCA_018223415.1)","taxon:copromonas sp900541255",16017,"GRCh37","2648a90d7032c268b812fc96620d034c842a39c747a3687866fe4988b52a1e3f","e2bb6beb199bfc576ecf2adc98bc83f014b729be832c4a4f7f2d2e09df552237",35,50,3,50,2.989e-08
"microbiome_2026","GCST90670926","Gut microbiome species presence (Dysosmobacter sp900763685, GCA_900763685.1)","taxon:dysosmobacter sp900763685",16017,"GRCh37","2648a90d7032c268b812fc96620d034c842a39c747a3687866fe4988b52a1e3f","e2bb6beb199bfc576ecf2adc98bc83f014b729be832c4a4f7f2d2e09df552237",35,90,0,90,2.627e-07
"microbiome_2026","GCST90670927","Gut microbiome species presence (Enterocloster asparagiformis, GCA_025149125.1)","taxon:enterocloster asparagiformis",16017,"GRCh37","2648a90d7032c268b812fc96620d034c842a39c747a3687866fe4988b52a1e3f","e2bb6beb199bfc576ecf2adc98bc83f014b729be832c4a4f7f2d2e09df552237",35,327,64,326,5.777e-09
"microbiome_2026","GCST90670928","Gut microbiome species presence (Fimisoma sp900545135, GCA_900545135.1)","taxon:fimisoma sp900545135",16017,"GRCh37","2648a90d7032c268b812fc96620d034c842a39c747a3687866fe4988b52a1e3f","e2bb6beb199bfc576ecf2adc98bc83f014b729be832c4a4f7f2d2e09df552237",36,27,0,27,3.853e-07
"microbiome_2026","GCST90670929","Gut microbiome species presence (HGM13006 sp900757695, GCA_900757695.1)","taxon:hgm13006 sp900757695",16017,"GRCh37","2648a90d7032c268b812fc96620d034c842a39c747a3687866fe4988b52a1e3f","e2bb6beb199bfc576ecf2adc98bc83f014b729be832c4a4f7f2d2e09df552237",36,153,0,153,8.263e-08
"microbiome_2026","GCST90670930","Gut microbiome species abundance (Holdemania sp900120005, GCF_900120005.1)","taxon:holdemania sp900120005",16017,"GRCh37","2648a90d7032c268b812fc96620d034c842a39c747a3687866fe4988b52a1e3f","e2bb6beb199bfc576ecf2adc98bc83f014b729be832c4a4f7f2d2e09df552237",36,90,0,90,7.23e-08
"microbiome_2026","GCST90670931","Gut microbiome species presence (Howiella sp900543525, GCA_900543525.1)","taxon:howiella sp900543525",16017,"GRCh37","2648a90d7032c268b812fc96620d034c842a39c747a3687866fe4988b52a1e3f","e2bb6beb199bfc576ecf2adc98bc83f014b729be832c4a4f7f2d2e09df552237",36,73,0,73,1.326e-07
"microbiome_2026","GCST90670932","Gut microbiome species presence (Lactococcus cremoris, GCF_001591705.1)","taxon:lactococcus cremoris",16017,"GRCh37","2648a90d7032c268b812fc96620d034c842a39c747a3687866fe4988b52a1e3f","e2bb6beb199bfc576ecf2adc98bc83f014b729be832c4a4f7f2d2e09df552237",36,97,0,97,5.674e-08
"microbiome_2026","GCST90670933","Gut microbiome species presence (Latilactobacillus sakei, GCF_002370355.1)","taxon:latilactobacillus sakei",16017,"GRCh37","2648a90d7032c268b812fc96620d034c842a39c747a3687866fe4988b52a1e3f","e2bb6beb199bfc576ecf2adc98bc83f014b729be832c4a4f7f2d2e09df552237",36,68,0,68,5.953e-07
"microbiome_2026","GCST90670934","Gut microbiome species presence (Leuconostoc mesenteroides, GCF_000014445.1)","taxon:leuconostoc mesenteroides",16017,"GRCh37","2648a90d7032c268b812fc96620d034c842a39c747a3687866fe4988b52a1e3f","e2bb6beb199bfc576ecf2adc98bc83f014b729be832c4a4f7f2d2e09df552237",36,94,0,94,5.828e-07
"microbiome_2026","GCST90670935","Gut microbiome species abundance (Limivivens sp900066135, GCF_003463065.1)","taxon:limivivens sp900066135",16017,"GRCh37","2648a90d7032c268b812fc96620d034c842a39c747a3687866fe4988b52a1e3f","e2bb6beb199bfc576ecf2adc98bc83f014b729be832c4a4f7f2d2e09df552237",36,30,0,30,6.117e-07
"microbiome_2026","GCST90670936","Gut microbiome species presence (Mailhella excrementigallinarum, GCA_944324075.1)","taxon:mailhella excrementigallinarum",16017,"GRCh37","2648a90d7032c268b812fc96620d034c842a39c747a3687866fe4988b52a1e3f","e2bb6beb199bfc576ecf2adc98bc83f014b729be832c4a4f7f2d2e09df552237",36,13,0,13,4.304e-06
"microbiome_2026","GCST90670937","Gut microbiome species presence (Massilistercora sp902406105, GCA_902406105.1)","taxon:massilistercora sp902406105",16017,"GRCh37","2648a90d7032c268b812fc96620d034c842a39c747a3687866fe4988b52a1e3f","e2bb6beb199bfc576ecf2adc98bc83f014b729be832c4a4f7f2d2e09df552237",36,89,12,89,5.313e-09
"microbiome_2026","GCST90670938","Gut microbiome species abundance (Merdibacter merdigallinarum, GCA_019118705.1)","taxon:merdibacter merdigallinarum",16017,"GRCh37","2648a90d7032c268b812fc96620d034c842a39c747a3687866fe4988b52a1e3f","e2bb6beb199bfc576ecf2adc98bc83f014b729be832c4a4f7f2d2e09df552237",36,136,0,136,4.981e-07
"microbiome_2026","GCST90670939","Gut microbiome species abundance (Merdisoma faecalis, GCF_002160765.1)","taxon:merdisoma faecalis",16017,"GRCh37","2648a90d7032c268b812fc96620d034c842a39c747a3687866fe4988b52a1e3f","e2bb6beb199bfc576ecf2adc98bc83f014b729be832c4a4f7f2d2e09df552237",36,123,0,123,2.059e-07
"microbiome_2026","GCST90670940","Gut microbiome species abundance (Muricomes contortus B, GCF_001404335.1)","taxon:muricomes contortus b",16017,"GRCh37","2648a90d7032c268b812fc96620d034c842a39c747a3687866fe4988b52a1e3f","e2bb6beb199bfc576ecf2adc98bc83f014b729be832c4a4f7f2d2e09df552237",36,38,0,38,1.412e-06
"microbiome_2026","GCST90670941","Gut microbiome species abundance (Muricomes sp000509105, GCA_000509105.1)","taxon:muricomes sp000509105",16017,"GRCh37","2648a90d7032c268b812fc96620d034c842a39c747a3687866fe4988b52a1e3f","e2bb6beb199bfc576ecf2adc98bc83f014b729be832c4a4f7f2d2e09df552237",36,115,0,115,3.746e-07
"microbiome_2026","GCST90670942","Gut microbiome species presence (Oxalobacter formigenes, GCF_002127965.1)","taxon:oxalobacter formigenes",16017,"GRCh37","2648a90d7032c268b812fc96620d034c842a39c747a3687866fe4988b52a1e3f","e2bb6beb199bfc576ecf2adc98bc83f014b729be832c4a4f7f2d2e09df552237",36,161,0,161,1.494e-07
"microbiome_2026","GCST90670943","Gut microbiome species presence (Pauljensenia bouchesdurhonensis, GCF_900128465.1)","taxon:pauljensenia bouchesdurhonensis",16017,"GRCh37","2648a90d7032c268b812fc96620d034c842a39c747a3687866fe4988b52a1e3f","e2bb6beb199bfc576ecf2adc98bc83f014b729be832c4a4f7f2d2e09df552237",36,161,21,161,6.818e-11
"microbiome_2026","GCST90670944","Gut microbiome species presence (Pelethomonas sp900555795, GCA_900555795.1)","taxon:pelethomonas sp900555795",16017,"GRCh37","2648a90d7032c268b812fc96620d034c842a39c747a3687866fe4988b52a1e3f","e2bb6beb199bfc576ecf2adc98bc83f014b729be832c4a4f7f2d2e09df552237",37,94,0,94,3.072e-07
"microbiome_2026","GCST90670945","Gut microbiome species presence (QAMM01 sp900552945, GCA_900552945.1)","taxon:qamm01 sp900552945",16017,"GRCh37","2648a90d7032c268b812fc96620d034c842a39c747a3687866fe4988b52a1e3f","e2bb6beb199bfc576ecf2adc98bc83f014b729be832c4a4f7f2d2e09df552237",37,82,0,82,2.795e-07
"microbiome_2026","GCST90670946","Gut microbiome species presence (Scatomorpha stercorigallinarum, GCA_018713375.1)","taxon:scatomorpha stercorigallinarum",16017,"GRCh37","2648a90d7032c268b812fc96620d034c842a39c747a3687866fe4988b52a1e3f","e2bb6beb199bfc576ecf2adc98bc83f014b729be832c4a4f7f2d2e09df552237",37,49,0,49,9.395e-07
"microbiome_2026","GCST90670947","Gut microbiome species presence (Traorella massiliensis, GCF_900104665.1)","taxon:traorella massiliensis",16017,"GRCh37","2648a90d7032c268b812fc96620d034c842a39c747a3687866fe4988b52a1e3f","e2bb6beb199bfc576ecf2adc98bc83f014b729be832c4a4f7f2d2e09df552237",37,78,0,78,1.284e-07
"microbiome_2026","GCST90670948","Gut microbiome species presence (UBA10677 sp003533505, GCA_003533505.1)","taxon:uba10677 sp003533505",16017,"GRCh37","2648a90d7032c268b812fc96620d034c842a39c747a3687866fe4988b52a1e3f","e2bb6beb199bfc576ecf2adc98bc83f014b729be832c4a4f7f2d2e09df552237",37,30,0,30,9.472e-07
"microbiome_2026","GCST90670949","Gut microbiome species presence (UBA10677 sp900553005, GCA_900553005.1)","taxon:uba10677 sp900553005",16017,"GRCh37","2648a90d7032c268b812fc96620d034c842a39c747a3687866fe4988b52a1e3f","e2bb6beb199bfc576ecf2adc98bc83f014b729be832c4a4f7f2d2e09df552237",37,64,0,64,4.368e-07
"microbiome_2026","GCST90670950","Gut microbiome species presence (UBA4636 sp900770945, GCA_900770945.1)","taxon:uba4636 sp900770945",16017,"GRCh37","2648a90d7032c268b812fc96620d034c842a39c747a3687866fe4988b52a1e3f","e2bb6beb199bfc576ecf2adc98bc83f014b729be832c4a4f7f2d2e09df552237",37,31,0,31,7.237e-07
"microbiome_2026","GCST90670951","Gut microbiome species presence (UBA644 sp014872655, GCA_014872655.1)","taxon:uba644 sp014872655",16017,"GRCh37","2648a90d7032c268b812fc96620d034c842a39c747a3687866fe4988b52a1e3f","e2bb6beb199bfc576ecf2adc98bc83f014b729be832c4a4f7f2d2e09df552237",37,36,0,36,4.106e-07
"microbiome_2026","GCST90670952","Gut microbiome species abundance (UBA866 sp900543295, GCA_900543295.1)","taxon:uba866 sp900543295",16017,"GRCh37","2648a90d7032c268b812fc96620d034c842a39c747a3687866fe4988b52a1e3f","e2bb6beb199bfc576ecf2adc98bc83f014b729be832c4a4f7f2d2e09df552237",37,74,0,74,2.342e-07
"microbiome_2026","GCST90670953","Gut microbiome species presence (UMGS1494 sp900552305, GCA_900552305.1)","taxon:umgs1494 sp900552305",16017,"GRCh37","2648a90d7032c268b812fc96620d034c842a39c747a3687866fe4988b52a1e3f","e2bb6beb199bfc576ecf2adc98bc83f014b729be832c4a4f7f2d2e09df552237",37,425,0,425,1.199e-07
"microbiome_2026","GCST90670954","Gut microbiome species presence (UMGS1783 sp900555065, GCA_900555065.1)","taxon:umgs1783 sp900555065",16017,"GRCh37","2648a90d7032c268b812fc96620d034c842a39c747a3687866fe4988b52a1e3f","e2bb6beb199bfc576ecf2adc98bc83f014b729be832c4a4f7f2d2e09df552237",37,30,0,30,9.044e-07
"microbiome_2026","GCST90670955","Gut microbiome species presence (UMGS1795 sp900555125, GCA_900555125.1)","taxon:umgs1795 sp900555125",16017,"GRCh37","2648a90d7032c268b812fc96620d034c842a39c747a3687866fe4988b52a1e3f","e2bb6beb199bfc576ecf2adc98bc83f014b729be832c4a4f7f2d2e09df552237",37,95,0,95,4.634e-07
"microbiome_2026","GCST90670956","Gut microbiome species presence (UMGS1975 sp900751745, GCA_905188085.1)","taxon:umgs1975 sp900751745",16017,"GRCh37","2648a90d7032c268b812fc96620d034c842a39c747a3687866fe4988b52a1e3f","e2bb6beb199bfc576ecf2adc98bc83f014b729be832c4a4f7f2d2e09df552237",37,90,0,90,9.967e-08
"microbiome_2026","GCST90670957","Gut microbiome species presence (UMGS882 sp900546385, GCA_900546385.1)","taxon:umgs882 sp900546385",16017,"GRCh37","2648a90d7032c268b812fc96620d034c842a39c747a3687866fe4988b52a1e3f","e2bb6beb199bfc576ecf2adc98bc83f014b729be832c4a4f7f2d2e09df552237",37,45,0,45,1.786e-07
"microbiome_2026","GCST90670958","Gut microbiome species presence (UMGS911 sp003343545, GCA_905205065.1)","taxon:umgs911 sp003343545",16017,"GRCh37","2648a90d7032c268b812fc96620d034c842a39c747a3687866fe4988b52a1e3f","e2bb6beb199bfc576ecf2adc98bc83f014b729be832c4a4f7f2d2e09df552237",37,65,0,65,1.717e-07
"microbiome_2026","GCST90670959","Gut microbiome species presence (Ventrimonas sp003481825, GCF_003481825.1)","taxon:ventrimonas sp003481825",16017,"GRCh37","2648a90d7032c268b812fc96620d034c842a39c747a3687866fe4988b52a1e3f","e2bb6beb199bfc576ecf2adc98bc83f014b729be832c4a4f7f2d2e09df552237",37,106,0,106,5.546e-07
"microbiome_2026","GCST90670960","Gut microbiome species abundance (Ventrisoma faecale, GCA_001304875.1)","taxon:ventrisoma faecale",16017,"GRCh37","2648a90d7032c268b812fc96620d034c842a39c747a3687866fe4988b52a1e3f","e2bb6beb199bfc576ecf2adc98bc83f014b729be832c4a4f7f2d2e09df552237",38,80,0,80,5.067e-07
"microbiome_2026","GCST90670961","Gut microbiome species presence (Acetatifactor sp900760705, GCA_900760705.1)","taxon:acetatifactor sp900760705",16017,"GRCh37","2648a90d7032c268b812fc96620d034c842a39c747a3687866fe4988b52a1e3f","e2bb6beb199bfc576ecf2adc98bc83f014b729be832c4a4f7f2d2e09df552237",38,129,0,129,3.212e-07
"microbiome_2026","GCST90670962","Gut microbiome species abundance (Agathobaculum sp900291975, GCF_900291975.1)","taxon:agathobaculum sp900291975",16017,"GRCh37","2648a90d7032c268b812fc96620d034c842a39c747a3687866fe4988b52a1e3f","e2bb6beb199bfc576ecf2adc98bc83f014b729be832c4a4f7f2d2e09df552237",38,152,0,152,8.441e-08
"microbiome_2026","GCST90670963","Gut microbiome species abundance (Avimonas A narfia, GCA_904395335.1)","taxon:avimonas a narfia",16017,"GRCh37","2648a90d7032c268b812fc96620d034c842a39c747a3687866fe4988b52a1e3f","e2bb6beb199bfc576ecf2adc98bc83f014b729be832c4a4f7f2d2e09df552237",38,28,0,28,8.427e-07
"microbiome_2026","GCST90670964","Gut microbiome species presence (Avispirillum faecium, GCA_904396155.1)","taxon:avispirillum faecium",16017,"GRCh37","2648a90d7032c268b812fc96620d034c842a39c747a3687866fe4988b52a1e3f","e2bb6beb199bfc576ecf2adc98bc83f014b729be832c4a4f7f2d2e09df552237",38,48,0,48,2.8e-07
"microbiome_2026","GCST90670965","Gut microbiome species presence (Blautia A sp900763175, GCA_900763175.1)","taxon:blautia a sp900763175",16017,"GRCh37","2648a90d7032c268b812fc96620d034c842a39c747a3687866fe4988b52a1e3f","e2bb6beb199bfc576ecf2adc98bc83f014b729be832c4a4f7f2d2e09df552237",38,55,0,55,4.63e-07
"microbiome_2026","GCST90670966","Gut microbiome species presence (Caccousia avistercoris, GCA_018715025.1)","taxon:caccousia avistercoris",16017,"GRCh37","2648a90d7032c268b812fc96620d034c842a39c747a3687866fe4988b52a1e3f","e2bb6beb199bfc576ecf2adc98bc83f014b729be832c4a4f7f2d2e09df552237",38,98,1,98,4.297e-08
"microbiome_2026","GCST90670967","Gut microbiome species presence (CAG-238 sp900754805, GCA_900754805.1)","taxon:cag-238 sp900754805",16017,"GRCh37","2648a90d7032c268b812fc96620d034c842a39c747a3687866fe4988b52a1e3f","e2bb6beb199bfc576ecf2adc98bc83f014b729be832c4a4f7f2d2e09df552237",38,132,0,132,2.625e-06
"microbiome_2026","GCST90670968","Gut microbiome species presence (CAG-269 sp000438255, GCA_000438255.1)","taxon:cag-269 sp000438255",16017,"GRCh37","2648a90d7032c268b812fc96620d034c842a39c747a3687866fe4988b52a1e3f","e2bb6beb199bfc576ecf2adc98bc83f014b729be832c4a4f7f2d2e09df552237",38,136,0,136,2.795e-07
"microbiome_2026","GCST90670969","Gut microbiome species abundance (Choladocola sp003481535, GCA_018228645.1)","taxon:choladocola sp003481535",16017,"GRCh37","2648a90d7032c268b812fc96620d034c842a39c747a3687866fe4988b52a1e3f","e2bb6beb199bfc576ecf2adc98bc83f014b729be832c4a4f7f2d2e09df552237",38,44,0,44,6.693e-07
"microbiome_2026","GCST90670970","Gut microbiome species presence (Clostridium celatum, GCF_000320405.1)","taxon:clostridium celatum",16017,"GRCh37","2648a90d7032c268b812fc96620d034c842a39c747a3687866fe4988b52a1e3f","e2bb6beb199bfc576ecf2adc98bc83f014b729be832c4a4f7f2d2e09df552237",38,60,0,60,1.082e-06
"microbiome_2026","GCST90670971","Gut microbiome species presence (Copromonas avistercoris, GCA_018713185.1)","taxon:copromonas avistercoris",16017,"GRCh37","2648a90d7032c268b812fc96620d034c842a39c747a3687866fe4988b52a1e3f","e2bb6beb199bfc576ecf2adc98bc83f014b729be832c4a4f7f2d2e09df552237",38,29,0,29,1.972e-07
"microbiome_2026","GCST90670972","Gut microbiome species presence (Dysosmobacter avistercoris, GCF_016902445.1)","taxon:dysosmobacter avistercoris",16017,"GRCh37","2648a90d7032c268b812fc96620d034c842a39c747a3687866fe4988b52a1e3f","e2bb6beb199bfc576ecf2adc98bc83f014b729be832c4a4f7f2d2e09df552237",38,130,0,130,3.758e-07
"microbiome_2026","GCST90670973","Gut microbiome species presence (Dysosmobacter sp004553545, GCA_004553545.1)","taxon:dysosmobacter sp004553545",16017,"GRCh37","2648a90d7032c268b812fc96620d034c842a39c747a3687866fe4988b52a1e3f","e2bb6beb199bfc576ecf2adc98bc83f014b729be832c4a4f7f2d2e09df552237",38,226,0,226,7.052e-08
"microbiome_2026","GCST90670974","Gut microbiome species presence (Dysosmobacter sp900548505, GCA_900548505.1)","taxon:dysosmobacter sp900548505",16017,"GRCh37","2648a90d7032c268b812fc96620d034c842a39c747a3687866fe4988b52a1e3f","e2bb6beb199bfc576ecf2adc98bc83f014b729be832c4a4f7f2d2e09df552237",38,87,0,87,4.496e-07
"microbiome_2026","GCST90670975","Gut microbiome species presence (Dysosmobacter sp900550685, GCA_900550685.1)","taxon:dysosmobacter sp900550685",16017,"GRCh37","2648a90d7032c268b812fc96620d034c842a39c747a3687866fe4988b52a1e3f","e2bb6beb199bfc576ecf2adc98bc83f014b729be832c4a4f7f2d2e09df552237",38,171,0,171,3.312e-07
"microbiome_2026","GCST90670976","Gut microbiome species presence (Egerieimonas sp900552095, GCA_900552095.1)","taxon:egerieimonas sp900552095",16017,"GRCh37","2648a90d7032c268b812fc96620d034c842a39c747a3687866fe4988b52a1e3f","e2bb6beb199bfc576ecf2adc98bc83f014b729be832c4a4f7f2d2e09df552237",39,114,0,114,4.438e-07
"microbiome_2026","GCST90670977","Gut microbiome species presence (Eisenbergiella intestinigallinarum, GCA_900544445.1)","taxon:eisenbergiella intestinigallinarum",16017,"GRCh37","2648a90d7032c268b812fc96620d034c842a39c747a3687866fe4988b52a1e3f","e2bb6beb199bfc576ecf2adc98bc83f014b729be832c4a4f7f2d2e09df552237",39,42,0,42,3.923e-07
"microbiome_2026","GCST90670978","Gut microbiome species presence (Eisenbergiella sp900555195, GCA_900555195.1)","taxon:eisenbergiella sp900555195",16017,"GRCh37","2648a90d7032c268b812fc96620d034c842a39c747a3687866fe4988b52a1e3f","e2bb6beb199bfc576ecf2adc98bc83f014b729be832c4a4f7f2d2e09df552237",39,138,0,138,2.239e-07
"microbiome_2026","GCST90670979","Gut microbiome species presence (Eisenbergiella stercoravium, GCA_019113175.1)","taxon:eisenbergiella stercoravium",16017,"GRCh37","2648a90d7032c268b812fc96620d034c842a39c747a3687866fe4988b52a1e3f","e2bb6beb199bfc576ecf2adc98bc83f014b729be832c4a4f7f2d2e09df552237",39,110,0,110,1.529e-06
"microbiome_2026","GCST90670980","Gut microbiome species presence (Emergencia timonensis, GCF_900086585.1)","taxon:emergencia timonensis",16017,"GRCh37","2648a90d7032c268b812fc96620d034c842a39c747a3687866fe4988b52a1e3f","e2bb6beb199bfc576ecf2adc98bc83f014b729be832c4a4f7f2d2e09df552237",39,30,0,30,1.048e-06
"microbiome_2026","GCST90670981","Gut microbiome species presence (Enterocloster sp005845215, GCF_005845215.1)","taxon:enterocloster sp005845215",16017,"GRCh37","2648a90d7032c268b812fc96620d034c842a39c747a3687866fe4988b52a1e3f","e2bb6beb199bfc576ecf2adc98bc83f014b729be832c4a4f7f2d2e09df552237",39,55,0,55,2.416e-07
"microbiome_2026","GCST90670982","Gut microbiome species presence (Enteroscipio rubneri, GCF_002899715.1)","taxon:enteroscipio rubneri",16017,"GRCh37","2648a90d7032c268b812fc96620d034c842a39c747a3687866fe4988b52a1e3f","e2bb6beb199bfc576ecf2adc98bc83f014b729be832c4a4f7f2d2e09df552237",39,26,0,26,4.472e-07
"microbiome_2026","GCST90670983","Gut microbiome species presence (Fimivivens sp014385025, GCA_014385025.1)","taxon:fimivivens sp014385025",16017,"GRCh37","2648a90d7032c268b812fc96620d034c842a39c747a3687866fe4988b52a1e3f","e2bb6beb199bfc576ecf2adc98bc83f014b729be832c4a4f7f2d2e09df552237",39,63,0,63,3.408e-06
"microbiome_2026","GCST90670984","Gut microbiome species abundance (Flemingibacterium sp900546315, GCA_900546315.1)","taxon:flemingibacterium sp900546315",16017,"GRCh37","2648a90d7032c268b812fc96620d034c842a39c747a3687866fe4988b52a1e3f","e2bb6beb199bfc576ecf2adc98bc83f014b729be832c4a4f7f2d2e09df552237",39,39,0,39,7.347e-08
"microbiome_2026","GCST90670985","Gut microbiome species presence (Gabonibacter massiliensis, GCA_001487125.1)","taxon:gabonibacter massiliensis",16017,"GRCh37","2648a90d7032c268b812fc96620d034c842a39c747a3687866fe4988b52a1e3f","e2bb6beb199bfc576ecf2adc98bc83f014b729be832c4a4f7f2d2e09df552237",39,29,0,29,4.466e-07
"microbiome_2026","GCST90670986","Gut microbiome species presence (GCA-900066495 sp902362365, GCA_902362365.1)","taxon:gca-900066495 sp902362365",16017,"GRCh37","2648a90d7032c268b812fc96620d034c842a39c747a3687866fe4988b52a1e3f","e2bb6beb199bfc576ecf2adc98bc83f014b729be832c4a4f7f2d2e09df552237",39,444,110,444,3.994e-10
"microbiome_2026","GCST90670987","Gut microbiome species presence (Geddesella stercoravicola, GCA_904398665.1)","taxon:geddesella stercoravicola",16017,"GRCh37","2648a90d7032c268b812fc96620d034c842a39c747a3687866fe4988b52a1e3f","e2bb6beb199bfc576ecf2adc98bc83f014b729be832c4a4f7f2d2e09df552237",39,112,0,112,4.273e-07
"microbiome_2026","GCST90670988","Gut microbiome species abundance (Gordonibacter pamelaeae, GCF_000210055.1)","taxon:gordonibacter pamelaeae",16017,"GRCh37","2648a90d7032c268b812fc96620d034c842a39c747a3687866fe4988b52a1e3f","e2bb6beb199bfc576ecf2adc98bc83f014b729be832c4a4f7f2d2e09df552237",39,143,1,143,4.131e-08
"microbiome_2026","GCST90670989","Gut microbiome species presence (Gordonibacter urolithinfaciens, GCF_900199375.1)","taxon:gordonibacter urolithinfaciens",16017,"GRCh37","2648a90d7032c268b812fc96620d034c842a39c747a3687866fe4988b52a1e3f","e2bb6beb199bfc576ecf2adc98bc83f014b729be832c4a4f7f2d2e09df552237",39,36,0,36,2.04e-06
"microbiome_2026","GCST90670990","Gut microbiome species presence (Harryflintia acetispora, GCA_004340125.1)","taxon:harryflintia acetispora",16017,"GRCh37","2648a90d7032c268b812fc96620d034c842a39c747a3687866fe4988b52a1e3f","e2bb6beb199bfc576ecf2adc98bc83f014b729be832c4a4f7f2d2e09df552237",39,98,6,98,2.99e-08
"microbiome_2026","GCST90670991","Gut microbiome species presence (HGM11417 sp900761895, GCA_900761895.1)","taxon:hgm11417 sp900761895",16017,"GRCh37","2648a90d7032c268b812fc96620d034c842a39c747a3687866fe4988b52a1e3f","e2bb6beb199bfc576ecf2adc98bc83f014b729be832c4a4f7f2d2e09df552237",39,21,0,21,1.529e-06
"microbiome_2026","GCST90670992","Gut microbiome species presence (HGM11514 sp900757255, GCA_900757255.1)","taxon:hgm11514 sp900757255",16017,"GRCh37","2648a90d7032c268b812fc96620d034c842a39c747a3687866fe4988b52a1e3f","e2bb6beb199bfc576ecf2adc98bc83f014b729be832c4a4f7f2d2e09df552237",40,53,0,53,1.332e-07
"microbiome_2026","GCST90670993","Gut microbiome species presence (Holdemania massiliensis, GCF_000327285.1)","taxon:holdemania massiliensis",16017,"GRCh37","2648a90d7032c268b812fc96620d034c842a39c747a3687866fe4988b52a1e3f","e2bb6beb199bfc576ecf2adc98bc83f014b729be832c4a4f7f2d2e09df552237",40,39,0,39,2.065e-07
"microbiome_2026","GCST90670994","Gut microbiome species abundance (Hydrogeniiclostridium mannosilyticum, GCF_003268275.1)","taxon:hydrogeniiclostridium mannosilyticum",16017,"GRCh37","2648a90d7032c268b812fc96620d034c842a39c747a3687866fe4988b52a1e3f","e2bb6beb199bfc576ecf2adc98bc83f014b729be832c4a4f7f2d2e09df552237",40,205,0,205,1.057e-07
"microbiome_2026","GCST90670995","Gut microbiome species presence (JAGZMM01 sp018364155, GCA_018364155.1)","taxon:jagzmm01 sp018364155",16017,"GRCh37","2648a90d7032c268b812fc96620d034c842a39c747a3687866fe4988b52a1e3f","e2bb6beb199bfc576ecf2adc98bc83f014b729be832c4a4f7f2d2e09df552237",40,56,0,56,3.716e-07
"microbiome_2026","GCST90670996","Gut microbiome species presence (Lachnoclostridium A edouardi, GCF_900240245.1)","taxon:lachnoclostridium a edouardi",16017,"GRCh37","2648a90d7032c268b812fc96620d034c842a39c747a3687866fe4988b52a1e3f","e2bb6beb199bfc576ecf2adc98bc83f014b729be832c4a4f7f2d2e09df552237",40,57,0,57,6.229e-08
"microbiome_2026","GCST90670997","Gut microbiome species presence (Lachnoclostridium B sp900066765, GCA_902362865.1)","taxon:lachnoclostridium b sp900066765",16017,"GRCh37","2648a90d7032c268b812fc96620d034c842a39c747a3687866fe4988b52a1e3f","e2bb6beb199bfc576ecf2adc98bc83f014b729be832c4a4f7f2d2e09df552237",40,62,0,62,1.364e-06
"microbiome_2026","GCST90670998","Gut microbiome species abundance (Lawsonibacter sp900549405, GCA_900549405.1)","taxon:lawsonibacter sp900549405",16017,"GRCh37","2648a90d7032c268b812fc96620d034c842a39c747a3687866fe4988b52a1e3f","e2bb6beb199bfc576ecf2adc98bc83f014b729be832c4a4f7f2d2e09df552237",40,70,0,70,5.074e-07
"microbiome_2026","GCST90670999","Gut microbiome species presence (Mailhella merdigallinarum, GCA_900541395.1)","taxon:mailhella merdigallinarum",16017,"GRCh37","2648a90d7032c268b812fc96620d034c842a39c747a3687866fe4988b52a1e3f","e2bb6beb199bfc576ecf2adc98bc83f014b729be832c4a4f7f2d2e09df552237",40,165,0,165,5.523e-08
"microbiome_2026","GCST90671000","Gut microbiome species presence (Marseille-P3106 sp900543935, GCA_022846075.1)","taxon:marseille-p3106 sp900543935",16017,"GRCh37","2648a90d7032c268b812fc96620d034c842a39c747a3687866fe4988b52a1e3f","e2bb6beb199bfc576ecf2adc98bc83f014b729be832c4a4f7f2d2e09df552237",40,128,0,128,6.695e-07
"microbiome_2026","GCST90671001","Gut microbiome species presence (Marvinbryantia sp900066075, GCA_003435055.1)","taxon:marvinbryantia sp900066075",16017,"GRCh37","2648a90d7032c268b812fc96620d034c842a39c747a3687866fe4988b52a1e3f","e2bb6beb199bfc576ecf2adc98bc83f014b729be832c4a4f7f2d2e09df552237",40,51,7,51,2.576e-08
"microbiome_2026","GCST90671002","Gut microbiome species presence (Marvinbryantia sp900544685, GCA_900544685.1)","taxon:marvinbryantia sp900544685",16017,"GRCh37","2648a90d7032c268b812fc96620d034c842a39c747a3687866fe4988b52a1e3f","e2bb6beb199bfc576ecf2adc98bc83f014b729be832c4a4f7f2d2e09df552237",40,28,0,28,1.842e-07
"microbiome_2026","GCST90671003","Gut microbiome species abundance (Massilioclostridium coli, GCF_900095865.1)","taxon:massilioclostridium coli",16017,"GRCh37","2648a90d7032c268b812fc96620d034c842a39c747a3687866fe4988b52a1e3f","e2bb6beb199bfc576ecf2adc98bc83f014b729be832c4a4f7f2d2e09df552237",40,46,0,46,8.376e-07
"microbiome_2026","GCST90671004","Gut microbiome species presence (Massilioclostridium methylpentosum, GCA_000158655.1)","taxon:massilioclostridium methylpentosum",16017,"GRCh37","2648a90d7032c268b812fc96620d034c842a39c747a3687866fe4988b52a1e3f","e2bb6beb199bfc576ecf2adc98bc83f014b729be832c4a4f7f2d2e09df552237",40,70,0,70,1.865e-07
"microbiome_2026","GCST90671005","Gut microbiome species abundance (Mediterraneibacter A butyricigenes, GCF_003574295.1)","taxon:mediterraneibacter a butyricigenes",16017,"GRCh37","2648a90d7032c268b812fc96620d034c842a39c747a3687866fe4988b52a1e3f","e2bb6beb199bfc576ecf2adc98bc83f014b729be832c4a4f7f2d2e09df552237",40,63,0,63,4.194e-07
"microbiome_2026","GCST90671006","Gut microbiome species presence (Mediterraneibacter massiliensis, GCF_001487105.1)","taxon:mediterraneibacter massiliensis",16017,"GRCh37","2648a90d7032c268b812fc96620d034c842a39c747a3687866fe4988b52a1e3f","e2bb6beb199bfc576ecf2adc98bc83f014b729be832c4a4f7f2d2e09df552237",40,78,0,78,1.498e-06
"microbiome_2026","GCST90671007","Gut microbiome species presence (Mediterraneibacter sp900541505, GCA_900541505.1)","taxon:mediterraneibacter sp900541505",16017,"GRCh37","2648a90d7032c268b812fc96620d034c842a39c747a3687866fe4988b52a1e3f","e2bb6beb199bfc576ecf2adc98bc83f014b729be832c4a4f7f2d2e09df552237",40,47,0,47,3.539e-07
"microbiome_2026","GCST90671008","Gut microbiome species presence (Mediterraneibacter sp900553885, GCA_900553885.1)","taxon:mediterraneibacter sp900553885",16017,"GRCh37","2648a90d7032c268b812fc96620d034c842a39c747a3687866fe4988b52a1e3f","e2bb6beb199bfc576ecf2adc98bc83f014b729be832c4a4f7f2d2e09df552237",41,78,0,78,1.59e-07
"microbiome_2026","GCST90671009","Gut microbiome species abundance (Metalachnospira sp900553995, GCF_018918145.1)","taxon:metalachnospira sp900553995",16017,"GRCh37","2648a90d7032c268b812fc96620d034c842a39c747a3687866fe4988b52a1e3f","e2bb6beb199bfc576ecf2adc98bc83f014b729be832c4a4f7f2d2e09df552237",41,38,0,38,2.162e-06
"microbiome_2026","GCST90671010","Gut microbiome species presence (Oxalobacter sp900760095, GCA_900760095.1)","taxon:oxalobacter sp900760095",16017,"GRCh37","2648a90d7032c268b812fc96620d034c842a39c747a3687866fe4988b52a1e3f","e2bb6beb199bfc576ecf2adc98bc83f014b729be832c4a4f7f2d2e09df552237",41,192,0,192,6.18e-08
"microbiome_2026","GCST90671011","Gut microbiome species presence (Pelethomonas sp900549475, GCA_900549475.1)","taxon:pelethomonas sp900549475",16017,"GRCh37","2648a90d7032c268b812fc96620d034c842a39c747a3687866fe4988b52a1e3f","e2bb6beb199bfc576ecf2adc98bc83f014b729be832c4a4f7f2d2e09df552237",41,148,0,148,6.116e-07
"microbiome_2026","GCST90671012","Gut microbiome species abundance (Phocea massiliensis, GCF_900104615.1)","taxon:phocea massiliensis",16017,"GRCh37","2648a90d7032c268b812fc96620d034c842a39c747a3687866fe4988b52a1e3f","e2bb6beb199bfc576ecf2adc98bc83f014b729be832c4a4f7f2d2e09df552237",41,180,14,180,1.443e-11
"microbiome_2026","GCST90671013","Gut microbiome species presence (Prevotella corporis, GCF_000430525.1)","taxon:prevotella corporis",16017,"GRCh37","2648a90d7032c268b812fc96620d034c842a39c747a3687866fe4988b52a1e3f","e2bb6beb199bfc576ecf2adc98bc83f014b729be832c4a4f7f2d2e09df552237",41,10,0,10,1.414e-06
"microbiome_2026","GCST90671014","Gut microbiome species presence (Protoclostridium gallicola, GCA_904387375.1)","taxon:protoclostridium gallicola",16017,"GRCh37","2648a90d7032c268b812fc96620d034c842a39c747a3687866fe4988b52a1e3f","e2bb6beb199bfc576ecf2adc98bc83f014b729be832c4a4f7f2d2e09df552237",41,15,0,15,2.333e-06
"microbiome_2026","GCST90671015","Gut microbiome species presence (Pseudoflavonifractor capillosus, GCF_000169255.2)","taxon:pseudoflavonifractor capillosus",16017,"GRCh37","2648a90d7032c268b812fc96620d034c842a39c747a3687866fe4988b52a1e3f","e2bb6beb199bfc576ecf2adc98bc83f014b729be832c4a4f7f2d2e09df552237",41,54,0,54,1.698e-06
"microbiome_2026","GCST90671016","Gut microbiome species presence (Pseudoflavonifractor sp014287675, GCF_014287675.1)","taxon:pseudoflavonifractor sp014287675",16017,"GRCh37","2648a90d7032c268b812fc96620d034c842a39c747a3687866fe4988b52a1e3f","e2bb6beb199bfc576ecf2adc98bc83f014b729be832c4a4f7f2d2e09df552237",41,56,0,56,7.799e-07
"microbiome_2026","GCST90671017","Gut microbiome species presence (RGIG9041 sp017937065, GCA_017937065.1)","taxon:rgig9041 sp017937065",16017,"GRCh37","2648a90d7032c268b812fc96620d034c842a39c747a3687866fe4988b52a1e3f","e2bb6beb199bfc576ecf2adc98bc83f014b729be832c4a4f7f2d2e09df552237",41,54,0,54,2.896e-06
"microbiome_2026","GCST90671018","Gut microbiome species presence (RUG11247 sp902767315, GCA_902767315.1)","taxon:rug11247 sp902767315",16017,"GRCh37","2648a90d7032c268b812fc96620d034c842a39c747a3687866fe4988b52a1e3f","e2bb6beb199bfc576ecf2adc98bc83f014b729be832c4a4f7f2d2e09df552237",41,128,0,128,1.116e-07
"microbiome_2026","GCST90671019","Gut microbiome species presence (SFJ001 sp004555865, GCA_004555865.1)","taxon:sfj001 sp004555865",16017,"GRCh37","2648a90d7032c268b812fc96620d034c842a39c747a3687866fe4988b52a1e3f","e2bb6beb199bfc576ecf2adc98bc83f014b729be832c4a4f7f2d2e09df552237",41,81,0,81,1.271e-07
"microbiome_2026","GCST90671020","Gut microbiome species presence (Streptococcus rubneri, GCF_004785935.1)","taxon:streptococcus rubneri",16017,"GRCh37","2648a90d7032c268b812fc96620d034c842a39c747a3687866fe4988b52a1e3f","e2bb6beb199bfc576ecf2adc98bc83f014b729be832c4a4f7f2d2e09df552237",41,229,0,229,1.349e-06
"microbiome_2026","GCST90671021","Gut microbiome species presence (UMGS1384 sp900551265, GCA_900551265.1)","taxon:umgs1384 sp900551265",16017,"GRCh37","2648a90d7032c268b812fc96620d034c842a39c747a3687866fe4988b52a1e3f","e2bb6beb199bfc576ecf2adc98bc83f014b729be832c4a4f7f2d2e09df552237",41,144,0,144,7.928e-08
"microbiome_2026","GCST90671022","Gut microbiome species presence (UMGS1591 sp900553255, GCA_900553255.1)","taxon:umgs1591 sp900553255",16017,"GRCh37","2648a90d7032c268b812fc96620d034c842a39c747a3687866fe4988b52a1e3f","e2bb6beb199bfc576ecf2adc98bc83f014b729be832c4a4f7f2d2e09df552237",41,62,0,62,2.962e-07
"microbiome_2026","GCST90671023","Gut microbiome species presence (UMGS1696 sp900554225, GCA_900554225.1)","taxon:umgs1696 sp900554225",16017,"GRCh37","2648a90d7032c268b812fc96620d034c842a39c747a3687866fe4988b52a1e3f","e2bb6beb199bfc576ecf2adc98bc83f014b729be832c4a4f7f2d2e09df552237",41,56,0,56,9.014e-07
"microbiome_2026","GCST90671024","Gut microbiome species presence (UMGS1783 sp905209135, GCA_905209135.1)","taxon:umgs1783 sp905209135",16017,"GRCh37","2648a90d7032c268b812fc96620d034c842a39c747a3687866fe4988b52a1e3f","e2bb6beb199bfc576ecf2adc98bc83f014b729be832c4a4f7f2d2e09df552237",42,88,0,88,4.038e-07
"microbiome_2026","GCST90671025","Gut microbiome species presence (UMGS1795 sp900553555, GCA_900553555.1)","taxon:umgs1795 sp900553555",16017,"GRCh37","2648a90d7032c268b812fc96620d034c842a39c747a3687866fe4988b52a1e3f","e2bb6beb199bfc576ecf2adc98bc83f014b729be832c4a4f7f2d2e09df552237",42,28,0,28,1.647e-06
"microbiome_2026","GCST90671026","Gut microbiome species presence (UMGS1820 sp902797885, GCA_902797885.1)","taxon:umgs1820 sp902797885",16017,"GRCh37","2648a90d7032c268b812fc96620d034c842a39c747a3687866fe4988b52a1e3f","e2bb6beb199bfc576ecf2adc98bc83f014b729be832c4a4f7f2d2e09df552237",42,116,0,116,1.486e-07
"microbiome_2026","GCST90671027","Gut microbiome species presence (RGIG9041 hMGS.03151, )","taxon:rgig9041 hmgs.03151,",16017,"GRCh37","2648a90d7032c268b812fc96620d034c842a39c747a3687866fe4988b52a1e3f","e2bb6beb199bfc576ecf2adc98bc83f014b729be832c4a4f7f2d2e09df552237",42,42,0,42,2.929e-07
"microbiome_2026","GCST90671028","Gut microbiome species presence (UMGS911 hMGS.03156, )","taxon:umgs911 hmgs.03156,",16017,"GRCh37","2648a90d7032c268b812fc96620d034c842a39c747a3687866fe4988b52a1e3f","e2bb6beb199bfc576ecf2adc98bc83f014b729be832c4a4f7f2d2e09df552237",42,31,0,31,2.033e-06
"microbiome_2026","GCST90671029","Gut microbiome species presence (UMGS1766 hMGS.03161, )","taxon:umgs1766 hmgs.03161,",16017,"GRCh37","2648a90d7032c268b812fc96620d034c842a39c747a3687866fe4988b52a1e3f","e2bb6beb199bfc576ecf2adc98bc83f014b729be832c4a4f7f2d2e09df552237",42,101,0,101,7.42e-07
"microbiome_2026","GCST90671030","Gut microbiome species presence (Clostridium A hMGS.03194, )","taxon:clostridium a hmgs.03194,",16017,"GRCh37","2648a90d7032c268b812fc96620d034c842a39c747a3687866fe4988b52a1e3f","e2bb6beb199bfc576ecf2adc98bc83f014b729be832c4a4f7f2d2e09df552237",42,118,0,118,3.805e-07
"microbiome_2026","GCST90671031","Gut microbiome species presence (Faecimorpha hMGS.03197, )","taxon:faecimorpha hmgs.03197,",16017,"GRCh37","2648a90d7032c268b812fc96620d034c842a39c747a3687866fe4988b52a1e3f","e2bb6beb199bfc576ecf2adc98bc83f014b729be832c4a4f7f2d2e09df552237",42,46,0,46,1.582e-06
"microbiome_2026","GCST90671032","Gut microbiome species presence (Dysosmobacter hMGS.03207, )","taxon:dysosmobacter hmgs.03207,",16017,"GRCh37","2648a90d7032c268b812fc96620d034c842a39c747a3687866fe4988b52a1e3f","e2bb6beb199bfc576ecf2adc98bc83f014b729be832c4a4f7f2d2e09df552237",42,84,1,84,4.254e-08
"microbiome_2026","GCST90671033","Gut microbiome species presence (Ventricola sp900548125, GCA_900548125.1)","taxon:ventricola sp900548125",16017,"GRCh37","2648a90d7032c268b812fc96620d034c842a39c747a3687866fe4988b52a1e3f","e2bb6beb199bfc576ecf2adc98bc83f014b729be832c4a4f7f2d2e09df552237",42,106,0,106,1.462e-07
"microbiome_2026","GCST90671034","Gut microbiome species presence (Ventrimonas sp900770535, GCA_900770535.1)","taxon:ventrimonas sp900770535",16017,"GRCh37","2648a90d7032c268b812fc96620d034c842a39c747a3687866fe4988b52a1e3f","e2bb6beb199bfc576ecf2adc98bc83f014b729be832c4a4f7f2d2e09df552237",42,28,0,28,1.788e-06
"microbiome_2026","GCST90671035","Gut microbiome species presence (1XD42-69 sp014287635, GCF_014287635.1)","taxon:1xd42-69 sp014287635",16017,"GRCh37","2648a90d7032c268b812fc96620d034c842a39c747a3687866fe4988b52a1e3f","e2bb6beb199bfc576ecf2adc98bc83f014b729be832c4a4f7f2d2e09df552237",42,49,0,49,2.214e-07
"microbiome_2026","GCST90671036","Gut microbiome species presence (Alangreenwoodia gallinarii, GCA_904398315.1)","taxon:alangreenwoodia gallinarii",16017,"GRCh37","2648a90d7032c268b812fc96620d034c842a39c747a3687866fe4988b52a1e3f","e2bb6beb199bfc576ecf2adc98bc83f014b729be832c4a4f7f2d2e09df552237",42,95,0,95,1.853e-06
"microbiome_2026","GCST90671037","Gut microbiome species presence (Alectryocaccomicrobium excrementavium, GCA_018716755.1)","taxon:alectryocaccomicrobium excrementavium",16017,"GRCh37","2648a90d7032c268b812fc96620d034c842a39c747a3687866fe4988b52a1e3f","e2bb6beb199bfc576ecf2adc98bc83f014b729be832c4a4f7f2d2e09df552237",42,57,0,57,9.957e-07
"microbiome_2026","GCST90671038","Gut microbiome species presence (Aphodomonas sp004557805, GCA_004557805.1)","taxon:aphodomonas sp004557805",16017,"GRCh37","2648a90d7032c268b812fc96620d034c842a39c747a3687866fe4988b52a1e3f","e2bb6beb199bfc576ecf2adc98bc83f014b729be832c4a4f7f2d2e09df552237",42,76,0,76,3.176e-07
"microbiome_2026","GCST90671039","Gut microbiome species presence (Avimonas sp900551425, GCA_905192745.1)","taxon:avimonas sp900551425",16017,"GRCh37","2648a90d7032c268b812fc96620d034c842a39c747a3687866fe4988b52a1e3f","e2bb6beb199bfc576ecf2adc98bc83f014b729be832c4a4f7f2d2e09df552237",42,59,0,59,1.172e-07
"microbiome_2026","GCST90671040","Gut microbiome species abundance (Bittarella massiliensis, GCF_001486165.1)","taxon:bittarella massiliensis",16017,"GRCh37","2648a90d7032c268b812fc96620d034c842a39c747a3687866fe4988b52a1e3f","e2bb6beb199bfc576ecf2adc98bc83f014b729be832c4a4f7f2d2e09df552237",43,48,0,47,7.892e-08
"microbiome_2026","GCST90671041","Gut microbiome species presence (Blautia A gallistercoris, GCA_900542045.1)","taxon:blautia a gallistercoris",16017,"GRCh37","2648a90d7032c268b812fc96620d034c842a39c747a3687866fe4988b52a1e3f","e2bb6beb199bfc576ecf2adc98bc83f014b729be832c4a4f7f2d2e09df552237",43,23,0,23,1.465e-06
"microbiome_2026","GCST90671042","Gut microbiome species abundance (Blautia A sp000285855, GCA_000285855.2)","taxon:blautia a sp000285855",16017,"GRCh37","2648a90d7032c268b812fc96620d034c842a39c747a3687866fe4988b52a1e3f","e2bb6beb199bfc576ecf2adc98bc83f014b729be832c4a4f7f2d2e09df552237",43,54,0,54,3.932e-07
"microbiome_2026","GCST90671043","Gut microbiome species presence (Blautia A sp900551715, GCA_900551715.1)","taxon:blautia a sp900551715",16017,"GRCh37","2648a90d7032c268b812fc96620d034c842a39c747a3687866fe4988b52a1e3f","e2bb6beb199bfc576ecf2adc98bc83f014b729be832c4a4f7f2d2e09df552237",43,30,0,30,2.472e-06
"microbiome_2026","GCST90671044","Gut microbiome species presence (Borkfalkia excrementavium, GCA_019115945.1)","taxon:borkfalkia excrementavium",16017,"GRCh37","2648a90d7032c268b812fc96620d034c842a39c747a3687866fe4988b52a1e3f","e2bb6beb199bfc576ecf2adc98bc83f014b729be832c4a4f7f2d2e09df552237",43,40,0,40,1.191e-06
"microbiome_2026","GCST90671045","Gut microbiome species presence (Butyricicoccus sp900547195, GCA_900547195.1)","taxon:butyricicoccus sp900547195",16017,"GRCh37","2648a90d7032c268b812fc96620d034c842a39c747a3687866fe4988b52a1e3f","e2bb6beb199bfc576ecf2adc98bc83f014b729be832c4a4f7f2d2e09df552237",43,26,0,26,6.557e-07
"microbiome_2026","GCST90671046","Gut microbiome species presence (CAG-170 sp905214155, GCA_905214155.1)","taxon:cag-170 sp905214155",16017,"GRCh37","2648a90d7032c268b812fc96620d034c842a39c747a3687866fe4988b52a1e3f","e2bb6beb199bfc576ecf2adc98bc83f014b729be832c4a4f7f2d2e09df552237",43,122,0,122,1.101e-07
"microbiome_2026","GCST90671047","Gut microbiome species presence (CAG-272 sp900556615, GCA_900556615.1)","taxon:cag-272 sp900556615",16017,"GRCh37","2648a90d7032c268b812fc96620d034c842a39c747a3687866fe4988b52a1e3f","e2bb6beb199bfc576ecf2adc98bc83f014b729be832c4a4f7f2d2e09df552237",43,68,0,68,5.035e-07
"microbiome_2026","GCST90671048","Gut microbiome species presence (CAG-273 sp905214245, GCA_905214245.1)","taxon:cag-273 sp905214245",16017,"GRCh37","2648a90d7032c268b812fc96620d034c842a39c747a3687866fe4988b52a1e3f","e2bb6beb199bfc576ecf2adc98bc83f014b729be832c4a4f7f2d2e09df552237",43,49,0,49,4.464e-07
"microbiome_2026","GCST90671049","Gut microbiome species abundance (CAJFUR01 sp904420575, GCA_904420575.1)","taxon:cajfur01 sp904420575",16017,"GRCh37","2648a90d7032c268b812fc96620d034c842a39c747a3687866fe4988b52a1e3f","e2bb6beb199bfc576ecf2adc98bc83f014b729be832c4a4f7f2d2e09df552237",43,53,0,53,6.952e-07
"microbiome_2026","GCST90671050","Gut microbiome species abundance (CAJJPW01 sp905193725, GCA_905193725.1)","taxon:cajjpw01 sp905193725",16017,"GRCh37","2648a90d7032c268b812fc96620d034c842a39c747a3687866fe4988b52a1e3f","e2bb6beb199bfc576ecf2adc98bc83f014b729be832c4a4f7f2d2e09df552237",43,46,0,46,6.315e-07
"microbiome_2026","GCST90671051","Gut microbiome species presence (Catenibacillus sp018369015, GCA_018369015.1)","taxon:catenibacillus sp018369015",16017,"GRCh37","2648a90d7032c268b812fc96620d034c842a39c747a3687866fe4988b52a1e3f","e2bb6beb199bfc576ecf2adc98bc83f014b729be832c4a4f7f2d2e09df552237",43,104,4,104,2.513e-08
"microbiome_2026","GCST90671052","Gut microbiome species presence (Catenibacillus sp900553975, GCA_905199445.1)","taxon:catenibacillus sp900553975",16017,"GRCh37","2648a90d7032c268b812fc96620d034c842a39c747a3687866fe4988b52a1e3f","e2bb6beb199bfc576ecf2adc98bc83f014b729be832c4a4f7f2d2e09df552237",43,116,0,116,5.349e-07
"microbiome_2026","GCST90671053","Gut microbiome species presence (Christensenella hongkongensis, GCF_000981035.1)","taxon:christensenella hongkongensis",16017,"GRCh37","2648a90d7032c268b812fc96620d034c842a39c747a3687866fe4988b52a1e3f","e2bb6beb199bfc576ecf2adc98bc83f014b729be832c4a4f7f2d2e09df552237",43,92,0,92,2.255e-07
"microbiome_2026","GCST90671054","Gut microbiome species presence (Christensenella minuta, GCF_003628755.1)","taxon:christensenella minuta",16017,"GRCh37","2648a90d7032c268b812fc96620d034c842a39c747a3687866fe4988b52a1e3f","e2bb6beb199bfc576ecf2adc98bc83f014b729be832c4a4f7f2d2e09df552237",43,63,0,63,2.178e-07
"microbiome_2026","GCST90671055","Gut microbiome species presence (Dysosmobacter sp900544105, GCA_900544105.1)","taxon:dysosmobacter sp900544105",16017,"GRCh37","2648a90d7032c268b812fc96620d034c842a39c747a3687866fe4988b52a1e3f","e2bb6beb199bfc576ecf2adc98bc83f014b729be832c4a4f7f2d2e09df552237",43,82,0,82,7.201e-07
"microbiome_2026","GCST90671056","Gut microbiome species presence (Egerieisoma sp900552695, GCA_900761125.1)","taxon:egerieisoma sp900552695",16017,"GRCh37","2648a90d7032c268b812fc96620d034c842a39c747a3687866fe4988b52a1e3f","e2bb6beb199bfc576ecf2adc98bc83f014b729be832c4a4f7f2d2e09df552237",44,32,0,32,3.237e-06
"microbiome_2026","GCST90671057","Gut microbiome species presence (Emergencia sp904420065, GCA_904420065.1)","taxon:emergencia sp904420065",16017,"GRCh37","2648a90d7032c268b812fc96620d034c842a39c747a3687866fe4988b52a1e3f","e2bb6beb199bfc576ecf2adc98bc83f014b729be832c4a4f7f2d2e09df552237",44,205,1,205,4.791e-08
"microbiome_2026","GCST90671058","Gut microbiome species presence (Enterocloster faecavium, GCA_019118585.1)","taxon:enterocloster faecavium",16017,"GRCh37","2648a90d7032c268b812fc96620d034c842a39c747a3687866fe4988b52a1e3f","e2bb6beb199bfc576ecf2adc98bc83f014b729be832c4a4f7f2d2e09df552237",44,15,0,15,2.034e-06
"microbiome_2026","GCST90671059","Gut microbiome species presence (Enterocloster sp900543885, GCA_900543885.1)","taxon:enterocloster sp900543885",16017,"GRCh37","2648a90d7032c268b812fc96620d034c842a39c747a3687866fe4988b52a1e3f","e2bb6beb199bfc576ecf2adc98bc83f014b729be832c4a4f7f2d2e09df552237",44,38,0,38,1.551e-07
"microbiome_2026","GCST90671060","Gut microbiome species presence (Enterocloster sp900753815, GCF_020554865.1)","taxon:enterocloster sp900753815",16017,"GRCh37","2648a90d7032c268b812fc96620d034c842a39c747a3687866fe4988b52a1e3f","e2bb6beb199bfc576ecf2adc98bc83f014b729be832c4a4f7f2d2e09df552237",44,121,0,121,5.073e-07
"microbiome_2026","GCST90671061","Gut microbiome species presence (Faecaligallichristensenella faecipullorum, GCA_018716505.1)","taxon:faecaligallichristensenella faecipullorum",16017,"GRCh37","2648a90d7032c268b812fc96620d034c842a39c747a3687866fe4988b52a1e3f","e2bb6beb199bfc576ecf2adc98bc83f014b729be832c4a4f7f2d2e09df552237",44,57,0,57,5.581e-07
"microbiome_2026","GCST90671062","Gut microbiome species presence (Faecimorpha sp900764045, GCA_900764045.1)","taxon:faecimorpha sp900764045",16017,"GRCh37","2648a90d7032c268b812fc96620d034c842a39c747a3687866fe4988b52a1e3f","e2bb6beb199bfc576ecf2adc98bc83f014b729be832c4a4f7f2d2e09df552237",44,45,0,45,1.018e-06
"microbiome_2026","GCST90671063","Gut microbiome species presence (Faecimorpha stercoravium, GCA_002305315.1)","taxon:faecimorpha stercoravium",16017,"GRCh37","2648a90d7032c268b812fc96620d034c842a39c747a3687866fe4988b52a1e3f","e2bb6beb199bfc576ecf2adc98bc83f014b729be832c4a4f7f2d2e09df552237",44,146,0,146,6.255e-08
"microbiome_2026","GCST90671064","Gut microbiome species presence (Flavonifractor avistercoris, GCF_002161215.1)","taxon:flavonifractor avistercoris",16017,"GRCh37","2648a90d7032c268b812fc96620d034c842a39c747a3687866fe4988b52a1e3f","e2bb6beb199bfc576ecf2adc98bc83f014b729be832c4a4f7f2d2e09df552237",44,157,0,157,1.702e-07
"microbiome_2026","GCST90671065","Gut microbiome species presence (Flavonifractor intestinigallinarum, GCA_019119165.1)","taxon:flavonifractor intestinigallinarum",16017,"GRCh37","2648a90d7032c268b812fc96620d034c842a39c747a3687866fe4988b52a1e3f","e2bb6beb199bfc576ecf2adc98bc83f014b729be832c4a4f7f2d2e09df552237",44,16,0,16,3.035e-06
"microbiome_2026","GCST90671066","Gut microbiome species presence (Gallacutalibacter pullicola, GCA_018712265.1)","taxon:gallacutalibacter pullicola",16017,"GRCh37","2648a90d7032c268b812fc96620d034c842a39c747a3687866fe4988b52a1e3f","e2bb6beb199bfc576ecf2adc98bc83f014b729be832c4a4f7f2d2e09df552237",44,218,0,218,8.181e-08
"microbiome_2026","GCST90671067","Gut microbiome species presence (Gemmiger variabilis B, GCA_004554775.1)","taxon:gemmiger variabilis b",16017,"GRCh37","2648a90d7032c268b812fc96620d034c842a39c747a3687866fe4988b52a1e3f","e2bb6beb199bfc576ecf2adc98bc83f014b729be832c4a4f7f2d2e09df552237",44,139,0,139,4.23e-07
"microbiome_2026","GCST90671068","Gut microbiome species presence (HGM11327 sp900759935, GCA_900759935.1)","taxon:hgm11327 sp900759935",16017,"GRCh37","2648a90d7032c268b812fc96620d034c842a39c747a3687866fe4988b52a1e3f","e2bb6beb199bfc576ecf2adc98bc83f014b729be832c4a4f7f2d2e09df552237",44,81,0,81,7.569e-07
"microbiome_2026","GCST90671069","Gut microbiome species abundance (HGM11616 sp900761075, GCA_900761075.1)","taxon:hgm11616 sp900761075",16017,"GRCh37","2648a90d7032c268b812fc96620d034c842a39c747a3687866fe4988b52a1e3f","e2bb6beb199bfc576ecf2adc98bc83f014b729be832c4a4f7f2d2e09df552237",44,62,0,62,4.157e-07
"microbiome_2026","GCST90671070","Gut microbiome species abundance (HGM12998 sp900756495, GCA_900756495.1)","taxon:hgm12998 sp900756495",16017,"GRCh37","2648a90d7032c268b812fc96620d034c842a39c747a3687866fe4988b52a1e3f","e2bb6beb199bfc576ecf2adc98bc83f014b729be832c4a4f7f2d2e09df552237",44,58,0,58,1.417e-06
"microbiome_2026","GCST90671071","Gut microbiome species presence (HGM13006 sp905201305, GCA_905201305.1)","taxon:hgm13006 sp905201305",16017,"GRCh37","2648a90d7032c268b812fc96620d034c842a39c747a3687866fe4988b52a1e3f","e2bb6beb199bfc576ecf2adc98bc83f014b729be832c4a4f7f2d2e09df552237",44,35,0,35,5.118e-07
"microbiome_2026","GCST90671072","Gut microbiome species presence (HGM14224 sp900761905, GCA_900761905.1)","taxon:hgm14224 sp900761905",16017,"GRCh37","2648a90d7032c268b812fc96620d034c842a39c747a3687866fe4988b52a1e3f","e2bb6beb199bfc576ecf2adc98bc83f014b729be832c4a4f7f2d2e09df552237",45,93,26,93,5.173e-10
"microbiome_2026","GCST90671073","Gut microbiome species presence (Howiella intestinavium, GCA_904420585.1)","taxon:howiella intestinavium",16017,"GRCh37","2648a90d7032c268b812fc96620d034c842a39c747a3687866fe4988b52a1e3f","e2bb6beb199bfc576ecf2adc98bc83f014b729be832c4a4f7f2d2e09df552237",45,61,0,61,2.183e-07
"microbiome_2026","GCST90671074","Gut microbiome species abundance (JAGTTR01 sp018223385, GCA_018223385.1)","taxon:jagttr01 sp018223385",16017,"GRCh37","2648a90d7032c268b812fc96620d034c842a39c747a3687866fe4988b52a1e3f","e2bb6beb199bfc576ecf2adc98bc83f014b729be832c4a4f7f2d2e09df552237",45,29,0,29,9.539e-08
"microbiome_2026","GCST90671075","Gut microbiome species presence (Lachnoclostridium B sp000765215, GCF_000765215.1)","taxon:lachnoclostridium b sp000765215",16017,"GRCh37","2648a90d7032c268b812fc96620d034c842a39c747a3687866fe4988b52a1e3f","e2bb6beb199bfc576ecf2adc98bc83f014b729be832c4a4f7f2d2e09df552237",45,59,4,59,1.496e-08
"microbiome_2026","GCST90671076","Gut microbiome species presence (Lawsonibacter sp003478995, GCF_003478995.1)","taxon:lawsonibacter sp003478995",16017,"GRCh37","2648a90d7032c268b812fc96620d034c842a39c747a3687866fe4988b52a1e3f","e2bb6beb199bfc576ecf2adc98bc83f014b729be832c4a4f7f2d2e09df552237",45,41,0,41,2.366e-06
"microbiome_2026","GCST90671077","Gut microbiome species presence (Leuconostoc carnosum, GCF_014207505.1)","taxon:leuconostoc carnosum",16017,"GRCh37","2648a90d7032c268b812fc96620d034c842a39c747a3687866fe4988b52a1e3f","e2bb6beb199bfc576ecf2adc98bc83f014b729be832c4a4f7f2d2e09df552237",45,32,0,32,3.848e-07
"microbiome_2026","GCST90671078","Gut microbiome species presence (Leuconostoc pseudomesenteroides, GCF_014634745.1)","taxon:leuconostoc pseudomesenteroides",16017,"GRCh37","2648a90d7032c268b812fc96620d034c842a39c747a3687866fe4988b52a1e3f","e2bb6beb199bfc576ecf2adc98bc83f014b729be832c4a4f7f2d2e09df552237",45,53,0,53,7.523e-07
"microbiome_2026","GCST90671079","Gut microbiome species presence (Mediterraneibacter intestinigallinarum, GCA_019119265.1)","taxon:mediterraneibacter intestinigallinarum",16017,"GRCh37","2648a90d7032c268b812fc96620d034c842a39c747a3687866fe4988b52a1e3f","e2bb6beb199bfc576ecf2adc98bc83f014b729be832c4a4f7f2d2e09df552237",45,23,0,23,1.816e-06
"microbiome_2026","GCST90671080","Gut microbiome species presence (Mediterraneibacter norwichensis, GCA_019112765.1)","taxon:mediterraneibacter norwichensis",16017,"GRCh37","2648a90d7032c268b812fc96620d034c842a39c747a3687866fe4988b52a1e3f","e2bb6beb199bfc576ecf2adc98bc83f014b729be832c4a4f7f2d2e09df552237",45,98,0,98,1.177e-07
"microbiome_2026","GCST90671081","Gut microbiome species presence (Merdicola sp905200315, GCA_905200315.1)","taxon:merdicola sp905200315",16017,"GRCh37","2648a90d7032c268b812fc96620d034c842a39c747a3687866fe4988b52a1e3f","e2bb6beb199bfc576ecf2adc98bc83f014b729be832c4a4f7f2d2e09df552237",45,64,0,64,9.325e-07
"microbiome_2026","GCST90671082","Gut microbiome species presence (Merdisoma merdipullorum, GCA_018715645.1)","taxon:merdisoma merdipullorum",16017,"GRCh37","2648a90d7032c268b812fc96620d034c842a39c747a3687866fe4988b52a1e3f","e2bb6beb199bfc576ecf2adc98bc83f014b729be832c4a4f7f2d2e09df552237",45,57,0,57,9.251e-07
"microbiome_2026","GCST90671083","Gut microbiome species presence (Metalachnospira gallinarum, GCA_904378045.1)","taxon:metalachnospira gallinarum",16017,"GRCh37","2648a90d7032c268b812fc96620d034c842a39c747a3687866fe4988b52a1e3f","e2bb6beb199bfc576ecf2adc98bc83f014b729be832c4a4f7f2d2e09df552237",45,78,0,78,9.358e-07
"microbiome_2026","GCST90671084","Gut microbiome species presence (Neobittarella massiliensis, GCF_900289145.1)","taxon:neobittarella massiliensis",16017,"GRCh37","2648a90d7032c268b812fc96620d034c842a39c747a3687866fe4988b52a1e3f","e2bb6beb199bfc576ecf2adc98bc83f014b729be832c4a4f7f2d2e09df552237",45,168,0,168,3.37e-07
"microbiome_2026","GCST90671085","Gut microbiome species presence (Parachristensenella sp900542005, GCA_900542005.1)","taxon:parachristensenella sp900542005",16017,"GRCh37","2648a90d7032c268b812fc96620d034c842a39c747a3687866fe4988b52a1e3f","e2bb6beb199bfc576ecf2adc98bc83f014b729be832c4a4f7f2d2e09df552237",45,105,0,105,3.02e-07
"microbiome_2026","GCST90671086","Gut microbiome species presence (Prevotella sp900548585, GCA_900548585.1)","taxon:prevotella sp900548585",16017,"GRCh37","2648a90d7032c268b812fc96620d034c842a39c747a3687866fe4988b52a1e3f","e2bb6beb199bfc576ecf2adc98bc83f014b729be832c4a4f7f2d2e09df552237",45,17,0,17,3.243e-06
"microbiome_2026","GCST90671087","Gut microbiome species abundance (Pseudobutyricicoccus lothianensis, GCA_904419295.1)","taxon:pseudobutyricicoccus lothianensis",16017,"GRCh37","2648a90d7032c268b812fc96620d034c842a39c747a3687866fe4988b52a1e3f","e2bb6beb199bfc576ecf2adc98bc83f014b729be832c4a4f7f2d2e09df552237",45,48,0,48,4.228e-07
"microbiome_2026","GCST90671088","Gut microbiome species abundance (Pseudoscilispira sp018369915, GCA_020555865.1)","taxon:pseudoscilispira sp018369915",16017,"GRCh37","2648a90d7032c268b812fc96620d034c842a39c747a3687866fe4988b52a1e3f","e2bb6beb199bfc576ecf2adc98bc83f014b729be832c4a4f7f2d2e09df552237",46,39,0,39,4.857e-07
"microbiome_2026","GCST90671089","Gut microbiome species abundance (Pullichristensenella excrementipullorum, GCA_900754775.1)","taxon:pullichristensenella excrementipullorum",16017,"GRCh37","2648a90d7032c268b812fc96620d034c842a39c747a3687866fe4988b52a1e3f","e2bb6beb199bfc576ecf2adc98bc83f014b729be832c4a4f7f2d2e09df552237",46,216,21,216,5.698e-11
"microbiome_2026","GCST90671090","Gut microbiome species presence (QAKD01 sp003343965, GCA_944383465.1)","taxon:qakd01 sp003343965",16017,"GRCh37","2648a90d7032c268b812fc96620d034c842a39c747a3687866fe4988b52a1e3f","e2bb6beb199bfc576ecf2adc98bc83f014b729be832c4a4f7f2d2e09df552237",46,72,0,72,4.793e-07
"microbiome_2026","GCST90671091","Gut microbiome species abundance (QAKW01 sp003343605, GCA_003343605.1)","taxon:qakw01 sp003343605",16017,"GRCh37","2648a90d7032c268b812fc96620d034c842a39c747a3687866fe4988b52a1e3f","e2bb6beb199bfc576ecf2adc98bc83f014b729be832c4a4f7f2d2e09df552237",46,67,0,67,5.551e-07
"microbiome_2026","GCST90671092","Gut microbiome species presence (QALR01 sp900552255, GCA_900552255.1)","taxon:qalr01 sp900552255",16017,"GRCh37","2648a90d7032c268b812fc96620d034c842a39c747a3687866fe4988b52a1e3f","e2bb6beb199bfc576ecf2adc98bc83f014b729be832c4a4f7f2d2e09df552237",46,40,0,40,5.034e-07
"microbiome_2026","GCST90671093","Gut microbiome species presence (QAMM01 sp003150405, GCA_003150405.1)","taxon:qamm01 sp003150405",16017,"GRCh37","2648a90d7032c268b812fc96620d034c842a39c747a3687866fe4988b52a1e3f","e2bb6beb199bfc576ecf2adc98bc83f014b729be832c4a4f7f2d2e09df552237",46,121,1,121,4.097e-08
"microbiome_2026","GCST90671094","Gut microbiome species presence (QAMM01 sp902766785, GCA_902766785.1)","taxon:qamm01 sp902766785",16017,"GRCh37","2648a90d7032c268b812fc96620d034c842a39c747a3687866fe4988b52a1e3f","e2bb6beb199bfc576ecf2adc98bc83f014b729be832c4a4f7f2d2e09df552237",46,90,0,90,2.199e-07
"microbiome_2026","GCST90671095","Gut microbiome species presence (QANA01 sp900554725, GCA_900554725.1)","taxon:qana01 sp900554725",16017,"GRCh37","2648a90d7032c268b812fc96620d034c842a39c747a3687866fe4988b52a1e3f","e2bb6beb199bfc576ecf2adc98bc83f014b729be832c4a4f7f2d2e09df552237",46,85,0,85,1.558e-06
"microbiome_2026","GCST90671096","Gut microbiome species presence (RGIG4076 sp905198155, GCA_905198155.1)","taxon:rgig4076 sp905198155",16017,"GRCh37","2648a90d7032c268b812fc96620d034c842a39c747a3687866fe4988b52a1e3f","e2bb6beb199bfc576ecf2adc98bc83f014b729be832c4a4f7f2d2e09df552237",46,130,0,130,5.121e-07
"microbiome_2026","GCST90671097","Gut microbiome species abundance (Solibaculum mannosilyticum, GCF_015140235.1)","taxon:solibaculum mannosilyticum",16017,"GRCh37","2648a90d7032c268b812fc96620d034c842a39c747a3687866fe4988b52a1e3f","e2bb6beb199bfc576ecf2adc98bc83f014b729be832c4a4f7f2d2e09df552237",46,58,0,58,1.101e-07
"microbiome_2026","GCST90671098","Gut microbiome species presence (UBA3818 sp904397845, GCA_904397845.1)","taxon:uba3818 sp904397845",16017,"GRCh37","2648a90d7032c268b812fc96620d034c842a39c747a3687866fe4988b52a1e3f","e2bb6beb199bfc576ecf2adc98bc83f014b729be832c4a4f7f2d2e09df552237",46,95,0,95,1.105e-07
"microbiome_2026","GCST90671099","Gut microbiome species presence (UBA866 sp904384225, GCA_904384225.1)","taxon:uba866 sp904384225",16017,"GRCh37","2648a90d7032c268b812fc96620d034c842a39c747a3687866fe4988b52a1e3f","e2bb6beb199bfc576ecf2adc98bc83f014b729be832c4a4f7f2d2e09df552237",46,111,0,111,3.933e-07
"microbiome_2026","GCST90671100","Gut microbiome species presence (UMGS1591 sp905198295, GCA_905198295.1)","taxon:umgs1591 sp905198295",16017,"GRCh37","2648a90d7032c268b812fc96620d034c842a39c747a3687866fe4988b52a1e3f","e2bb6beb199bfc576ecf2adc98bc83f014b729be832c4a4f7f2d2e09df552237",46,102,0,102,3.366e-07
"microbiome_2026","GCST90671101","Gut microbiome species presence (UMGS1766 sp900554855, GCA_900554855.1)","taxon:umgs1766 sp900554855",16017,"GRCh37","2648a90d7032c268b812fc96620d034c842a39c747a3687866fe4988b52a1e3f","e2bb6beb199bfc576ecf2adc98bc83f014b729be832c4a4f7f2d2e09df552237",46,176,0,176,4.483e-07
"microbiome_2026","GCST90671102","Gut microbiome species presence (UMGS882 sp900757905, GCA_900757905.1)","taxon:umgs882 sp900757905",16017,"GRCh37","2648a90d7032c268b812fc96620d034c842a39c747a3687866fe4988b52a1e3f","e2bb6beb199bfc576ecf2adc98bc83f014b729be832c4a4f7f2d2e09df552237",46,249,2,249,2.974e-08
"microbiome_2026","GCST90671103","Gut microbiome species presence (Parachristensenella hMGS.04635, )","taxon:parachristensenella hmgs.04635,",16017,"GRCh37","2648a90d7032c268b812fc96620d034c842a39c747a3687866fe4988b52a1e3f","e2bb6beb199bfc576ecf2adc98bc83f014b729be832c4a4f7f2d2e09df552237",46,108,0,108,9.006e-07
"microbiome_2026","GCST90671104","Gut microbiome species presence (UBA7185 hMGS.04654, )","taxon:uba7185 hmgs.04654,",16017,"GRCh37","2648a90d7032c268b812fc96620d034c842a39c747a3687866fe4988b52a1e3f","e2bb6beb199bfc576ecf2adc98bc83f014b729be832c4a4f7f2d2e09df552237",47,31,0,31,1.651e-06
"microbiome_2026","GCST90671105","Gut microbiome species presence (Gallacutalibacter A hMGS.04728, )","taxon:gallacutalibacter a hmgs.04728,",16017,"GRCh37","2648a90d7032c268b812fc96620d034c842a39c747a3687866fe4988b52a1e3f","e2bb6beb199bfc576ecf2adc98bc83f014b729be832c4a4f7f2d2e09df552237",47,97,0,97,5.403e-08
"microbiome_2026","GCST90671106","Gut microbiome species presence (Aphodoplasma hMGS.04788, )","taxon:aphodoplasma hmgs.04788,",16017,"GRCh37","2648a90d7032c268b812fc96620d034c842a39c747a3687866fe4988b52a1e3f","e2bb6beb199bfc576ecf2adc98bc83f014b729be832c4a4f7f2d2e09df552237",47,57,0,57,1.025e-06
"microbiome_2026","GCST90671107","Gut microbiome species presence (UBA7185 hMGS.04790, )","taxon:uba7185 hmgs.04790,",16017,"GRCh37","2648a90d7032c268b812fc96620d034c842a39c747a3687866fe4988b52a1e3f","e2bb6beb199bfc576ecf2adc98bc83f014b729be832c4a4f7f2d2e09df552237",47,18,0,18,1.549e-06
"microbiome_2026","GCST90671108","Gut microbiome species presence (CAKTXU01 hMGS.04791, )","taxon:caktxu01 hmgs.04791,",16017,"GRCh37","2648a90d7032c268b812fc96620d034c842a39c747a3687866fe4988b52a1e3f","e2bb6beb199bfc576ecf2adc98bc83f014b729be832c4a4f7f2d2e09df552237",47,168,0,168,2.423e-07
"microbiome_2026","GCST90671109","Gut microbiome species presence (UMGS1623 hMGS.04797, )","taxon:umgs1623 hmgs.04797,",16017,"GRCh37","2648a90d7032c268b812fc96620d034c842a39c747a3687866fe4988b52a1e3f","e2bb6beb199bfc576ecf2adc98bc83f014b729be832c4a4f7f2d2e09df552237",47,92,0,92,1.561e-07
"microbiome_2026","GCST90671110","Gut microbiome species presence (Fumia hMGS.04802, )","taxon:fumia hmgs.04802,",16017,"GRCh37","2648a90d7032c268b812fc96620d034c842a39c747a3687866fe4988b52a1e3f","e2bb6beb199bfc576ecf2adc98bc83f014b729be832c4a4f7f2d2e09df552237",47,96,0,96,5.179e-07
"microbiome_2026","GCST90671111","Gut microbiome species presence (Ruminococcaceae hMGS.05315, )","taxon:ruminococcaceae hmgs.05315,",16017,"GRCh37","2648a90d7032c268b812fc96620d034c842a39c747a3687866fe4988b52a1e3f","e2bb6beb199bfc576ecf2adc98bc83f014b729be832c4a4f7f2d2e09df552237",47,147,16,147,6.842e-10
"microbiome_2026","GCST90671112","Gut microbiome species presence (Merdiplasma hMGS.05331, )","taxon:merdiplasma hmgs.05331,",16017,"GRCh37","2648a90d7032c268b812fc96620d034c842a39c747a3687866fe4988b52a1e3f","e2bb6beb199bfc576ecf2adc98bc83f014b729be832c4a4f7f2d2e09df552237",47,107,0,107,1.044e-06
"microbiome_2026","GCST90671113","Gut microbiome species presence (Lawsonibacter hMGS.05355, )","taxon:lawsonibacter hmgs.05355,",16017,"GRCh37","2648a90d7032c268b812fc96620d034c842a39c747a3687866fe4988b52a1e3f","e2bb6beb199bfc576ecf2adc98bc83f014b729be832c4a4f7f2d2e09df552237",47,31,0,31,2.494e-07
"microbiome_2026","GCST90671114","Gut microbiome species presence (Agathobaculum hMGS.05437, )","taxon:agathobaculum hmgs.05437,",16017,"GRCh37","2648a90d7032c268b812fc96620d034c842a39c747a3687866fe4988b52a1e3f","e2bb6beb199bfc576ecf2adc98bc83f014b729be832c4a4f7f2d2e09df552237",47,30,0,30,3.32e-07
"microbiome_2026","GCST90671115","Gut microbiome species presence (Lawsonibacter hMGS.05443, )","taxon:lawsonibacter hmgs.05443,",16017,"GRCh37","2648a90d7032c268b812fc96620d034c842a39c747a3687866fe4988b52a1e3f","e2bb6beb199bfc576ecf2adc98bc83f014b729be832c4a4f7f2d2e09df552237",47,40,1,40,3.709e-08
"microbiome_2026","GCST90671116","Gut microbiome species presence (Lawsonibacter hMGS.05444, )","taxon:lawsonibacter hmgs.05444,",16017,"GRCh37","2648a90d7032c268b812fc96620d034c842a39c747a3687866fe4988b52a1e3f","e2bb6beb199bfc576ecf2adc98bc83f014b729be832c4a4f7f2d2e09df552237",47,24,0,24,1.508e-06
"microbiome_2026","GCST90671117","Gut microbiome species presence (RGIG7265 hMGS.05468, )","taxon:rgig7265 hmgs.05468,",16017,"GRCh37","2648a90d7032c268b812fc96620d034c842a39c747a3687866fe4988b52a1e3f","e2bb6beb199bfc576ecf2adc98bc83f014b729be832c4a4f7f2d2e09df552237",47,14,0,14,3.716e-07
"microbiome_2026","GCST90671118","Gut microbiome species presence (Pullichristensenella hMGS.05500, )","taxon:pullichristensenella hmgs.05500,",16017,"GRCh37","2648a90d7032c268b812fc96620d034c842a39c747a3687866fe4988b52a1e3f","e2bb6beb199bfc576ecf2adc98bc83f014b729be832c4a4f7f2d2e09df552237",47,70,0,70,1.719e-07
"microbiome_2026","GCST90671119","Gut microbiome species presence (Avispirillum hMGS.05502, )","taxon:avispirillum hmgs.05502,",16017,"GRCh37","2648a90d7032c268b812fc96620d034c842a39c747a3687866fe4988b52a1e3f","e2bb6beb199bfc576ecf2adc98bc83f014b729be832c4a4f7f2d2e09df552237",47,63,0,63,9.642e-07
"microbiome_2026","GCST90671120","Gut microbiome species presence (Dysosmobacter hMGS.05507, )","taxon:dysosmobacter hmgs.05507,",16017,"GRCh37","2648a90d7032c268b812fc96620d034c842a39c747a3687866fe4988b52a1e3f","e2bb6beb199bfc576ecf2adc98bc83f014b729be832c4a4f7f2d2e09df552237",48,99,0,99,1.631e-06
"microbiome_2026","GCST90671121","Gut microbiome species presence (Flavonifractor hMGS.05537, )","taxon:flavonifractor hmgs.05537,",16017,"GRCh37","2648a90d7032c268b812fc96620d034c842a39c747a3687866fe4988b52a1e3f","e2bb6beb199bfc576ecf2adc98bc83f014b729be832c4a4f7f2d2e09df552237",48,165,0,165,1.55e-07
"microbiome_2026","GCST90671122","Gut microbiome species abundance (Pullichristensenella hMGS.05548, )","taxon:pullichristensenella hmgs.05548,",16017,"GRCh37","2648a90d7032c268b812fc96620d034c842a39c747a3687866fe4988b52a1e3f","e2bb6beb199bfc576ecf2adc98bc83f014b729be832c4a4f7f2d2e09df552237",48,123,16,123,4.368e-09
"microbiome_2026","GCST90671123","Gut microbiome species presence (Intestinimonas hMGS.05574, )","taxon:intestinimonas hmgs.05574,",16017,"GRCh37","2648a90d7032c268b812fc96620d034c842a39c747a3687866fe4988b52a1e3f","e2bb6beb199bfc576ecf2adc98bc83f014b729be832c4a4f7f2d2e09df552237",48,21,0,21,4.179e-07
"microbiome_2026","GCST90671124","Gut microbiome species presence (JAHZGC01 hMGS.05639, )","taxon:jahzgc01 hmgs.05639,",16017,"GRCh37","2648a90d7032c268b812fc96620d034c842a39c747a3687866fe4988b52a1e3f","e2bb6beb199bfc576ecf2adc98bc83f014b729be832c4a4f7f2d2e09df552237",48,57,0,56,8.741e-07
"microbiome_2026","GCST90671125","Gut microbiome species presence (Ventricola intestinavium, GCA_018715105.1)","taxon:ventricola intestinavium",16017,"GRCh37","2648a90d7032c268b812fc96620d034c842a39c747a3687866fe4988b52a1e3f","e2bb6beb199bfc576ecf2adc98bc83f014b729be832c4a4f7f2d2e09df552237",48,42,0,42,7.81e-07
"microbiome_2026","GCST90671126","Gut microbiome species presence (Ventrimonas sp900555625, GCA_020686985.1)","taxon:ventrimonas sp900555625",16017,"GRCh37","2648a90d7032c268b812fc96620d034c842a39c747a3687866fe4988b52a1e3f","e2bb6beb199bfc576ecf2adc98bc83f014b729be832c4a4f7f2d2e09df552237",48,60,0,60,1.207e-07
"microbiome_2026","GCST90671127","Gut microbiome species presence (Prevotella copri hMGS.05753, )","taxon:prevotella copri hmgs.05753,",16017,"GRCh37","2648a90d7032c268b812fc96620d034c842a39c747a3687866fe4988b52a1e3f","e2bb6beb199bfc576ecf2adc98bc83f014b729be832c4a4f7f2d2e09df552237",48,93,0,93,1.117e-07
"microbiome_2026","GCST90671128","Gut microbiome species presence (Wujia chipingensis, GCF_014337155.1)","taxon:wujia chipingensis",16017,"GRCh37","2648a90d7032c268b812fc96620d034c842a39c747a3687866fe4988b52a1e3f","e2bb6beb199bfc576ecf2adc98bc83f014b729be832c4a4f7f2d2e09df552237",48,53,0,53,3.01e-07
"microbiome_2026","GCST90671129","Gut microbiome species presence (Collinsella aerofaciens hMGS.05755, )","taxon:collinsella aerofaciens hmgs.05755,",16017,"GRCh37","2648a90d7032c268b812fc96620d034c842a39c747a3687866fe4988b52a1e3f","e2bb6beb199bfc576ecf2adc98bc83f014b729be832c4a4f7f2d2e09df552237",48,106,0,106,7.6e-07
"microbiome_2026","GCST90671130","Gut microbiome species abundance (Faecalibacterium longum, GCF_020687245.1)","taxon:faecalibacterium longum",16017,"GRCh37","2648a90d7032c268b812fc96620d034c842a39c747a3687866fe4988b52a1e3f","e2bb6beb199bfc576ecf2adc98bc83f014b729be832c4a4f7f2d2e09df552237",48,166,12,166,3.783e-11
"microbiome_2026","GCST90671131","Gut microbiome species abundance (Lachnospira rogosae, GCA_900112995.1)","taxon:lachnospira rogosae",16017,"GRCh37","2648a90d7032c268b812fc96620d034c842a39c747a3687866fe4988b52a1e3f","e2bb6beb199bfc576ecf2adc98bc83f014b729be832c4a4f7f2d2e09df552237",48,261,0,261,6.391e-08
"microbiome_2026","GCST90671132","Gut microbiome species presence (Veillonella parvula hMGS.05759, )","taxon:veillonella parvula hmgs.05759,",16017,"GRCh37","2648a90d7032c268b812fc96620d034c842a39c747a3687866fe4988b52a1e3f","e2bb6beb199bfc576ecf2adc98bc83f014b729be832c4a4f7f2d2e09df552237",48,58,0,58,3.083e-07
"microbiome_2026","GCST90671133","Gut microbiome species abundance (Faecalibacterium duncaniae, GCF_010509575.1)","taxon:faecalibacterium duncaniae",16017,"GRCh37","2648a90d7032c268b812fc96620d034c842a39c747a3687866fe4988b52a1e3f","e2bb6beb199bfc576ecf2adc98bc83f014b729be832c4a4f7f2d2e09df552237",48,56,0,56,3.878e-07
"microbiome_2026","GCST90671134","Gut microbiome species presence (CAG-302 sp934162325, GCA_934162325.1)","taxon:cag-302 sp934162325",16017,"GRCh37","2648a90d7032c268b812fc96620d034c842a39c747a3687866fe4988b52a1e3f","e2bb6beb199bfc576ecf2adc98bc83f014b729be832c4a4f7f2d2e09df552237",48,93,3,93,1.902e-08
"microbiome_2026","GCST90671135","Gut microbiome species abundance (Vescimonas coprocola, GCF_018408575.1)","taxon:vescimonas coprocola",16017,"GRCh37","2648a90d7032c268b812fc96620d034c842a39c747a3687866fe4988b52a1e3f","e2bb6beb199bfc576ecf2adc98bc83f014b729be832c4a4f7f2d2e09df552237",48,179,0,179,5.266e-08
"microbiome_2026","GCST90671136","Gut microbiome species presence (Vescimonas sp000435555, GCA_000435555.1)","taxon:vescimonas sp000435555",16017,"GRCh37","2648a90d7032c268b812fc96620d034c842a39c747a3687866fe4988b52a1e3f","e2bb6beb199bfc576ecf2adc98bc83f014b729be832c4a4f7f2d2e09df552237",49,109,0,109,2.155e-07
"microbiome_2026","GCST90671137","Gut microbiome species presence (Anaerotardibacter sp000436075, GCA_000436075.1)","taxon:anaerotardibacter sp000436075",16017,"GRCh37","2648a90d7032c268b812fc96620d034c842a39c747a3687866fe4988b52a1e3f","e2bb6beb199bfc576ecf2adc98bc83f014b729be832c4a4f7f2d2e09df552237",49,79,0,79,7.073e-07
"microbiome_2026","GCST90671138","Gut microbiome species presence (Pseudoruminococcus massiliensis, GCF_900291955.1)","taxon:pseudoruminococcus massiliensis",16017,"GRCh37","2648a90d7032c268b812fc96620d034c842a39c747a3687866fe4988b52a1e3f","e2bb6beb199bfc576ecf2adc98bc83f014b729be832c4a4f7f2d2e09df552237",49,257,18,257,7.707e-10
"microbiome_2026","GCST90671139","Gut microbiome species abundance (Actinomyces graevenitzii hMGS.05799, )","taxon:actinomyces graevenitzii hmgs.05799,",16017,"GRCh37","2648a90d7032c268b812fc96620d034c842a39c747a3687866fe4988b52a1e3f","e2bb6beb199bfc576ecf2adc98bc83f014b729be832c4a4f7f2d2e09df552237",49,564,10,563,2.054e-08
"microbiome_2026","GCST90671140","Gut microbiome species presence (Anaerotardibacter sp000435675, GCA_000435675.1)","taxon:anaerotardibacter sp000435675",16017,"GRCh37","2648a90d7032c268b812fc96620d034c842a39c747a3687866fe4988b52a1e3f","e2bb6beb199bfc576ecf2adc98bc83f014b729be832c4a4f7f2d2e09df552237",49,67,0,67,9.385e-07
"microbiome_2026","GCST90671141","Gut microbiome species presence (Vescimonas sp001916855, GCA_018228685.1)","taxon:vescimonas sp001916855",16017,"GRCh37","2648a90d7032c268b812fc96620d034c842a39c747a3687866fe4988b52a1e3f","e2bb6beb199bfc576ecf2adc98bc83f014b729be832c4a4f7f2d2e09df552237",49,126,0,126,4.231e-07
"microbiome_2026","GCST90671142","Gut microbiome species abundance (Hominisplanchenecus faecis, GCF_020687205.1)","taxon:hominisplanchenecus faecis",16017,"GRCh37","2648a90d7032c268b812fc96620d034c842a39c747a3687866fe4988b52a1e3f","e2bb6beb199bfc576ecf2adc98bc83f014b729be832c4a4f7f2d2e09df552237",49,146,0,146,1.888e-07
"microbiome_2026","GCST90671143","Gut microbiome species presence (Faecalibacterium hattorii, GCF_003287455.1)","taxon:faecalibacterium hattorii",16017,"GRCh37","2648a90d7032c268b812fc96620d034c842a39c747a3687866fe4988b52a1e3f","e2bb6beb199bfc576ecf2adc98bc83f014b729be832c4a4f7f2d2e09df552237",49,65,0,65,8.953e-08
"microbiome_2026","GCST90671144","Gut microbiome species presence (Holdemanella porci A, GCF_019052655.1)","taxon:holdemanella porci a",16017,"GRCh37","2648a90d7032c268b812fc96620d034c842a39c747a3687866fe4988b52a1e3f","e2bb6beb199bfc576ecf2adc98bc83f014b729be832c4a4f7f2d2e09df552237",49,33,0,33,2.905e-07
"microbiome_2026","GCST90671145","Gut microbiome species presence (Vescimonas sp000435975, GCA_000435975.1)","taxon:vescimonas sp000435975",16017,"GRCh37","2648a90d7032c268b812fc96620d034c842a39c747a3687866fe4988b52a1e3f","e2bb6beb199bfc576ecf2adc98bc83f014b729be832c4a4f7f2d2e09df552237",49,96,0,96,1.337e-06
"microbiome_2026","GCST90671146","Gut microbiome species presence (Vescimonas sp900545585, GCA_900545585.1)","taxon:vescimonas sp900545585",16017,"GRCh37","2648a90d7032c268b812fc96620d034c842a39c747a3687866fe4988b52a1e3f","e2bb6beb199bfc576ecf2adc98bc83f014b729be832c4a4f7f2d2e09df552237",49,136,0,136,5.009e-07
"microbiome_2026","GCST90671147","Gut microbiome species presence (Cag-433 hMGS.05835, )","taxon:cag-433 hmgs.05835,",16017,"GRCh37","2648a90d7032c268b812fc96620d034c842a39c747a3687866fe4988b52a1e3f","e2bb6beb199bfc576ecf2adc98bc83f014b729be832c4a4f7f2d2e09df552237",49,56,2,56,2.56e-08
"microbiome_2026","GCST90671148","Gut microbiome species presence (Vescimonas sp900548615, GCA_900548615.1)","taxon:vescimonas sp900548615",16017,"GRCh37","2648a90d7032c268b812fc96620d034c842a39c747a3687866fe4988b52a1e3f","e2bb6beb199bfc576ecf2adc98bc83f014b729be832c4a4f7f2d2e09df552237",49,79,0,79,1.246e-06
"microbiome_2026","GCST90671149","Gut microbiome species abundance (Adlercreutzia hattorii, GCF_011405655.1)","taxon:adlercreutzia hattorii",16017,"GRCh37","2648a90d7032c268b812fc96620d034c842a39c747a3687866fe4988b52a1e3f","e2bb6beb199bfc576ecf2adc98bc83f014b729be832c4a4f7f2d2e09df552237",49,30,0,30,1.997e-06
"microbiome_2026","GCST90671150","Gut microbiome species abundance (Coprococcus A catus A, GCF_902381825.1)","taxon:coprococcus a catus a",16017,"GRCh37","2648a90d7032c268b812fc96620d034c842a39c747a3687866fe4988b52a1e3f","e2bb6beb199bfc576ecf2adc98bc83f014b729be832c4a4f7f2d2e09df552237",49,418,0,418,2.569e-07
"microbiome_2026","GCST90671151","Gut microbiome species presence (Butyribacter huaianensis, GCF_014384985.1)","taxon:butyribacter huaianensis",16017,"GRCh37","2648a90d7032c268b812fc96620d034c842a39c747a3687866fe4988b52a1e3f","e2bb6beb199bfc576ecf2adc98bc83f014b729be832c4a4f7f2d2e09df552237",49,20,0,20,4.383e-07
"microbiome_2026","GCST90671152","Gut microbiome species presence (Vescimonas sp003539495, GCA_003539495.1)","taxon:vescimonas sp003539495",16017,"GRCh37","2648a90d7032c268b812fc96620d034c842a39c747a3687866fe4988b52a1e3f","e2bb6beb199bfc576ecf2adc98bc83f014b729be832c4a4f7f2d2e09df552237",50,150,0,150,6.337e-08
"microbiome_2026","GCST90671153","Gut microbiome species presence (Butyricicoccus A intestinisimiae, GCF_018918345.1)","taxon:butyricicoccus a intestinisimiae",16017,"GRCh37","2648a90d7032c268b812fc96620d034c842a39c747a3687866fe4988b52a1e3f","e2bb6beb199bfc576ecf2adc98bc83f014b729be832c4a4f7f2d2e09df552237",50,349,0,349,2.94e-07
"microbiome_2026","GCST90671154","Gut microbiome species presence (Vescimonas sp003487665, GCA_003487665.1)","taxon:vescimonas sp003487665",16017,"GRCh37","2648a90d7032c268b812fc96620d034c842a39c747a3687866fe4988b52a1e3f","e2bb6beb199bfc576ecf2adc98bc83f014b729be832c4a4f7f2d2e09df552237",50,63,0,63,1.027e-06
"microbiome_2026","GCST90671155","Gut microbiome species presence (Tidjanibacter inops, GCF_900104605.1)","taxon:tidjanibacter inops",16017,"GRCh37","2648a90d7032c268b812fc96620d034c842a39c747a3687866fe4988b52a1e3f","e2bb6beb199bfc576ecf2adc98bc83f014b729be832c4a4f7f2d2e09df552237",50,62,0,62,5.117e-08
"microbiome_2026","GCST90671156","Gut microbiome species presence (Thomasclavelia ramosa, GCF_014131695.1)","taxon:thomasclavelia ramosa",16017,"GRCh37","2648a90d7032c268b812fc96620d034c842a39c747a3687866fe4988b52a1e3f","e2bb6beb199bfc576ecf2adc98bc83f014b729be832c4a4f7f2d2e09df552237",50,79,0,79,1.269e-06
"microbiome_2026","GCST90671157","Gut microbiome species presence (Pararoseburia lenta, GCF_014287435.1)","taxon:pararoseburia lenta",16017,"GRCh37","2648a90d7032c268b812fc96620d034c842a39c747a3687866fe4988b52a1e3f","e2bb6beb199bfc576ecf2adc98bc83f014b729be832c4a4f7f2d2e09df552237",50,17,0,17,1.583e-06
"microbiome_2026","GCST90671158","Gut microbiome species presence (Vescimonas sp900547745, GCA_900547745.1)","taxon:vescimonas sp900547745",16017,"GRCh37","2648a90d7032c268b812fc96620d034c842a39c747a3687866fe4988b52a1e3f","e2bb6beb199bfc576ecf2adc98bc83f014b729be832c4a4f7f2d2e09df552237",50,42,0,42,1.234e-07
"microbiome_2026","GCST90671159","Gut microbiome species presence (Butyribacter hominis, GCF_014384965.1)","taxon:butyribacter hominis",16017,"GRCh37","2648a90d7032c268b812fc96620d034c842a39c747a3687866fe4988b52a1e3f","e2bb6beb199bfc576ecf2adc98bc83f014b729be832c4a4f7f2d2e09df552237",50,922,55,921,1.152e-09
"microbiome_2026","GCST90671160","Gut microbiome species presence (Prevotella timonensis hMGS.05908, )","taxon:prevotella timonensis hmgs.05908,",16017,"GRCh37","2648a90d7032c268b812fc96620d034c842a39c747a3687866fe4988b52a1e3f","e2bb6beb199bfc576ecf2adc98bc83f014b729be832c4a4f7f2d2e09df552237",50,34,0,34,1.186e-06
"microbiome_2026","GCST90671161","Gut microbiome species presence (UMGS1271 sp900550255, GCA_900550255.1)","taxon:umgs1271 sp900550255",16017,"GRCh37","2648a90d7032c268b812fc96620d034c842a39c747a3687866fe4988b52a1e3f","e2bb6beb199bfc576ecf2adc98bc83f014b729be832c4a4f7f2d2e09df552237",50,18,0,18,3.666e-06
"microbiome_2026","GCST90671162","Gut microbiome species abundance (Vescimonas sp900552475, GCA_900552475.1)","taxon:vescimonas sp900552475",16017,"GRCh37","2648a90d7032c268b812fc96620d034c842a39c747a3687866fe4988b52a1e3f","e2bb6beb199bfc576ecf2adc98bc83f014b729be832c4a4f7f2d2e09df552237",50,60,0,60,4.007e-07
"microbiome_2026","GCST90671163","Gut microbiome species abundance (Lentihominibacter faecis, GCF_014306095.1)","taxon:lentihominibacter faecis",16017,"GRCh37","2648a90d7032c268b812fc96620d034c842a39c747a3687866fe4988b52a1e3f","e2bb6beb199bfc576ecf2adc98bc83f014b729be832c4a4f7f2d2e09df552237",50,35,0,35,8.01e-07
"microbiome_2026","GCST90671164","Gut microbiome species presence (Vescimonas fastidiosa, GCF_018326305.1)","taxon:vescimonas fastidiosa",16017,"GRCh37","2648a90d7032c268b812fc96620d034c842a39c747a3687866fe4988b52a1e3f","e2bb6beb199bfc576ecf2adc98bc83f014b729be832c4a4f7f2d2e09df552237",50,64,1,64,4.841e-08
"microbiome_2026","GCST90671165","Gut microbiome species presence (Parasutterella sp900552195, GCA_900552195.1)","taxon:parasutterella sp900552195",16017,"GRCh37","2648a90d7032c268b812fc96620d034c842a39c747a3687866fe4988b52a1e3f","e2bb6beb199bfc576ecf2adc98bc83f014b729be832c4a4f7f2d2e09df552237",50,50,0,50,4.75e-07
"microbiome_2026","GCST90671166","Gut microbiome species presence (Anaerotardibacter sp900538545, GCA_900538545.1)","taxon:anaerotardibacter sp900538545",16017,"GRCh37","2648a90d7032c268b812fc96620d034c842a39c747a3687866fe4988b52a1e3f","e2bb6beb199bfc576ecf2adc98bc83f014b729be832c4a4f7f2d2e09df552237",50,19,0,19,1.092e-06
"microbiome_2026","GCST90671167","Gut microbiome species presence (Anaerotardibacter sp000434775, GCA_000434775.1)","taxon:anaerotardibacter sp000434775",16017,"GRCh37","2648a90d7032c268b812fc96620d034c842a39c747a3687866fe4988b52a1e3f","e2bb6beb199bfc576ecf2adc98bc83f014b729be832c4a4f7f2d2e09df552237",50,100,0,100,3.135e-07
"microbiome_2026","GCST90671168","Gut microbiome species presence (Thomasclavelia spiroformis, GCA_025149465.1)","taxon:thomasclavelia spiroformis",16017,"GRCh37","2648a90d7032c268b812fc96620d034c842a39c747a3687866fe4988b52a1e3f","e2bb6beb199bfc576ecf2adc98bc83f014b729be832c4a4f7f2d2e09df552237",51,67,0,67,3.625e-07
"microbiome_2026","GCST90671169","Gut microbiome species presence (Bacteroides zhangwenhongii, GCF_009193325.2)","taxon:bacteroides zhangwenhongii",16017,"GRCh37","2648a90d7032c268b812fc96620d034c842a39c747a3687866fe4988b52a1e3f","e2bb6beb199bfc576ecf2adc98bc83f014b729be832c4a4f7f2d2e09df552237",51,44,0,44,1.173e-06
"microbiome_2026","GCST90671170","Gut microbiome species presence (CAG-269 sp934149075, GCA_934149075.1)","taxon:cag-269 sp934149075",16017,"GRCh37","2648a90d7032c268b812fc96620d034c842a39c747a3687866fe4988b52a1e3f","e2bb6beb199bfc576ecf2adc98bc83f014b729be832c4a4f7f2d2e09df552237",51,83,0,83,5.828e-07
"microbiome_2026","GCST90671171","Gut microbiome species presence (Blautia A intestinalis, GCF_014297355.1)","taxon:blautia a intestinalis",16017,"GRCh37","2648a90d7032c268b812fc96620d034c842a39c747a3687866fe4988b52a1e3f","e2bb6beb199bfc576ecf2adc98bc83f014b729be832c4a4f7f2d2e09df552237",51,30,0,30,1.105e-06
"microbiome_2026","GCST90671172","Gut microbiome species abundance (UMGS1623 sp934647945, GCA_934647945.1)","taxon:umgs1623 sp934647945",16017,"GRCh37","2648a90d7032c268b812fc96620d034c842a39c747a3687866fe4988b52a1e3f","e2bb6beb199bfc576ecf2adc98bc83f014b729be832c4a4f7f2d2e09df552237",51,108,27,108,8.944e-11
"microbiome_2026","GCST90671173","Gut microbiome species abundance (Hungatella hathewayi, GCA_025149285.1)","taxon:hungatella hathewayi",16017,"GRCh37","2648a90d7032c268b812fc96620d034c842a39c747a3687866fe4988b52a1e3f","e2bb6beb199bfc576ecf2adc98bc83f014b729be832c4a4f7f2d2e09df552237",51,60,0,60,1.856e-07
"microbiome_2026","GCST90671174","Gut microbiome species presence (CAG-269 sp934130935, GCA_934130935.1)","taxon:cag-269 sp934130935",16017,"GRCh37","2648a90d7032c268b812fc96620d034c842a39c747a3687866fe4988b52a1e3f","e2bb6beb199bfc576ecf2adc98bc83f014b729be832c4a4f7f2d2e09df552237",51,38,0,38,6.653e-07
"microbiome_2026","GCST90671175","Gut microbiome species presence (KLE1615 sp934292725, GCA_934292725.1)","taxon:kle1615 sp934292725",16017,"GRCh37","2648a90d7032c268b812fc96620d034c842a39c747a3687866fe4988b52a1e3f","e2bb6beb199bfc576ecf2adc98bc83f014b729be832c4a4f7f2d2e09df552237",51,55,0,55,6.276e-07
"microbiome_2026","GCST90671176","Gut microbiome species abundance (Turicibacter bilis, GCF_024499055.1)","taxon:turicibacter bilis",16017,"GRCh37","2648a90d7032c268b812fc96620d034c842a39c747a3687866fe4988b52a1e3f","e2bb6beb199bfc576ecf2adc98bc83f014b729be832c4a4f7f2d2e09df552237",51,280,8,280,1.207e-08
"microbiome_2026","GCST90671177","Gut microbiome species presence (Massilimicrobiota merdigallinarum, GCF_002160815.1)","taxon:massilimicrobiota merdigallinarum",16017,"GRCh37","2648a90d7032c268b812fc96620d034c842a39c747a3687866fe4988b52a1e3f","e2bb6beb199bfc576ecf2adc98bc83f014b729be832c4a4f7f2d2e09df552237",51,56,0,56,9.587e-07
"microbiome_2026","GCST90671178","Gut microbiome species presence (Congzhengia minquanensis, GCF_014384785.1)","taxon:congzhengia minquanensis",16017,"GRCh37","2648a90d7032c268b812fc96620d034c842a39c747a3687866fe4988b52a1e3f","e2bb6beb199bfc576ecf2adc98bc83f014b729be832c4a4f7f2d2e09df552237",51,102,0,102,1.17e-06
"microbiome_2026","GCST90671179","Gut microbiome species presence (Lactonifactor sp009677585, GCF_009677585.1)","taxon:lactonifactor sp009677585",16017,"GRCh37","2648a90d7032c268b812fc96620d034c842a39c747a3687866fe4988b52a1e3f","e2bb6beb199bfc576ecf2adc98bc83f014b729be832c4a4f7f2d2e09df552237",51,54,0,54,6.412e-07
"microbiome_2026","GCST90671180","Gut microbiome species presence (Novisyntrophococcus sp900539175, GCA_900539175.1)","taxon:novisyntrophococcus sp900539175",16017,"GRCh37","2648a90d7032c268b812fc96620d034c842a39c747a3687866fe4988b52a1e3f","e2bb6beb199bfc576ecf2adc98bc83f014b729be832c4a4f7f2d2e09df552237",51,75,0,75,6.225e-07
"microbiome_2026","GCST90671181","Gut microbiome species presence (Blautia A wexlerae B, GCF_013300825.1)","taxon:blautia a wexlerae b",16017,"GRCh37","2648a90d7032c268b812fc96620d034c842a39c747a3687866fe4988b52a1e3f","e2bb6beb199bfc576ecf2adc98bc83f014b729be832c4a4f7f2d2e09df552237",51,63,1,63,4.557e-08
"microbiome_2026","GCST90671182","Gut microbiome species presence (Enterocloster pacaense, GCA_000155435.1)","taxon:enterocloster pacaense",16017,"GRCh37","2648a90d7032c268b812fc96620d034c842a39c747a3687866fe4988b52a1e3f","e2bb6beb199bfc576ecf2adc98bc83f014b729be832c4a4f7f2d2e09df552237",51,64,0,64,1.396e-06
"microbiome_2026","GCST90671183","Gut microbiome species presence (Merdivicinus sp934539585, GCA_934539585.1)","taxon:merdivicinus sp934539585",16017,"GRCh37","2648a90d7032c268b812fc96620d034c842a39c747a3687866fe4988b52a1e3f","e2bb6beb199bfc576ecf2adc98bc83f014b729be832c4a4f7f2d2e09df552237",51,84,0,84,1.861e-07
"microbiome_2026","GCST90671184","Gut microbiome species presence (Intestinimonas pullistercoris, GCA_019119795.1)","taxon:intestinimonas pullistercoris",16017,"GRCh37","2648a90d7032c268b812fc96620d034c842a39c747a3687866fe4988b52a1e3f","e2bb6beb199bfc576ecf2adc98bc83f014b729be832c4a4f7f2d2e09df552237",52,47,0,47,1.357e-06
"microbiome_2026","GCST90671185","Gut microbiome species presence (Granulicatella hMGS.06388, )","taxon:granulicatella hmgs.06388,",16017,"GRCh37","2648a90d7032c268b812fc96620d034c842a39c747a3687866fe4988b52a1e3f","e2bb6beb199bfc576ecf2adc98bc83f014b729be832c4a4f7f2d2e09df552237",52,18,0,18,2.29e-06
"microbiome_2026","GCST90671186","Gut microbiome species abundance (Merdisoma sp014290175, GCF_014290175.1)","taxon:merdisoma sp014290175",16017,"GRCh37","2648a90d7032c268b812fc96620d034c842a39c747a3687866fe4988b52a1e3f","e2bb6beb199bfc576ecf2adc98bc83f014b729be832c4a4f7f2d2e09df552237",52,34,0,34,8.417e-08
"microbiome_2026","GCST90671187","Gut microbiome species presence (Vescimonas sp900554275, GCA_900554275.1)","taxon:vescimonas sp900554275",16017,"GRCh37","2648a90d7032c268b812fc96620d034c842a39c747a3687866fe4988b52a1e3f","e2bb6beb199bfc576ecf2adc98bc83f014b729be832c4a4f7f2d2e09df552237",52,30,0,30,2.386e-06
"microbiome_2026","GCST90671188","Gut microbiome species presence (Thomasclavelia sp000508865, GCA_000508865.1)","taxon:thomasclavelia sp000508865",16017,"GRCh37","2648a90d7032c268b812fc96620d034c842a39c747a3687866fe4988b52a1e3f","e2bb6beb199bfc576ecf2adc98bc83f014b729be832c4a4f7f2d2e09df552237",52,258,4,258,1.995e-08
"microbiome_2026","GCST90671189","Gut microbiome species abundance (Dysosmobacter sp944387015, GCA_944387015.1)","taxon:dysosmobacter sp944387015",16017,"GRCh37","2648a90d7032c268b812fc96620d034c842a39c747a3687866fe4988b52a1e3f","e2bb6beb199bfc576ecf2adc98bc83f014b729be832c4a4f7f2d2e09df552237",52,68,1,68,8.122e-09
"microbiome_2026","GCST90671190","Gut microbiome species presence (Pauljensenia sp019425105, GCA_019425105.1)","taxon:pauljensenia sp019425105",16017,"GRCh37","2648a90d7032c268b812fc96620d034c842a39c747a3687866fe4988b52a1e3f","e2bb6beb199bfc576ecf2adc98bc83f014b729be832c4a4f7f2d2e09df552237",52,7,1,7,3.157e-08
"microbiome_2026","GCST90671191","Gut microbiome species presence (Massilimicrobiota sp002160865, GCF_002160865.1)","taxon:massilimicrobiota sp002160865",16017,"GRCh37","2648a90d7032c268b812fc96620d034c842a39c747a3687866fe4988b52a1e3f","e2bb6beb199bfc576ecf2adc98bc83f014b729be832c4a4f7f2d2e09df552237",52,56,0,56,8.265e-08
"microbiome_2026","GCST90671192","Gut microbiome species presence (RGIG3102 sp934526065, GCA_934526065.1)","taxon:rgig3102 sp934526065",16017,"GRCh37","2648a90d7032c268b812fc96620d034c842a39c747a3687866fe4988b52a1e3f","e2bb6beb199bfc576ecf2adc98bc83f014b729be832c4a4f7f2d2e09df552237",52,22,0,22,1.184e-07
"microbiome_2026","GCST90671193","Gut microbiome species presence (Lachnoclostridium A avicola, GCA_019114465.1)","taxon:lachnoclostridium a avicola",16017,"GRCh37","2648a90d7032c268b812fc96620d034c842a39c747a3687866fe4988b52a1e3f","e2bb6beb199bfc576ecf2adc98bc83f014b729be832c4a4f7f2d2e09df552237",52,94,4,94,4.251e-09
"microbiome_2026","GCST90671194","Gut microbiome species presence (UBA1685 sp944366945, GCA_944366945.1)","taxon:uba1685 sp944366945",16017,"GRCh37","2648a90d7032c268b812fc96620d034c842a39c747a3687866fe4988b52a1e3f","e2bb6beb199bfc576ecf2adc98bc83f014b729be832c4a4f7f2d2e09df552237",52,162,0,162,3.055e-07
"microbiome_2026","GCST90671195","Gut microbiome species abundance (Yeguia hominis, GCF_014384705.1)","taxon:yeguia hominis",16017,"GRCh37","2648a90d7032c268b812fc96620d034c842a39c747a3687866fe4988b52a1e3f","e2bb6beb199bfc576ecf2adc98bc83f014b729be832c4a4f7f2d2e09df552237",52,62,0,62,5.503e-08
"microbiome_2026","GCST90671196","Gut microbiome species presence (Aphodomonas sp934615235, GCA_934615235.1)","taxon:aphodomonas sp934615235",16017,"GRCh37","2648a90d7032c268b812fc96620d034c842a39c747a3687866fe4988b52a1e3f","e2bb6beb199bfc576ecf2adc98bc83f014b729be832c4a4f7f2d2e09df552237",52,71,0,71,1.218e-06
"microbiome_2026","GCST90671197","Gut microbiome species presence (Senegalimassilia sp900550055, GCA_900550055.1)","taxon:senegalimassilia sp900550055",16017,"GRCh37","2648a90d7032c268b812fc96620d034c842a39c747a3687866fe4988b52a1e3f","e2bb6beb199bfc576ecf2adc98bc83f014b729be832c4a4f7f2d2e09df552237",52,40,0,40,8.519e-07
"microbiome_2026","GCST90671198","Gut microbiome species presence (Dysosmobacter pullicola, GCA_019118935.1)","taxon:dysosmobacter pullicola",16017,"GRCh37","2648a90d7032c268b812fc96620d034c842a39c747a3687866fe4988b52a1e3f","e2bb6beb199bfc576ecf2adc98bc83f014b729be832c4a4f7f2d2e09df552237",52,112,0,112,1.263e-06
"microbiome_2026","GCST90671199","Gut microbiome species abundance (Dysosmobacter sp944387035, GCA_944387035.1)","taxon:dysosmobacter sp944387035",16017,"GRCh37","2648a90d7032c268b812fc96620d034c842a39c747a3687866fe4988b52a1e3f","e2bb6beb199bfc576ecf2adc98bc83f014b729be832c4a4f7f2d2e09df552237",52,44,0,44,2.437e-07
"microbiome_2026","GCST90671200","Gut microbiome species presence (Pauljensenia sp916439125, GCA_916439125.1)","taxon:pauljensenia sp916439125",16017,"GRCh37","2648a90d7032c268b812fc96620d034c842a39c747a3687866fe4988b52a1e3f","e2bb6beb199bfc576ecf2adc98bc83f014b729be832c4a4f7f2d2e09df552237",53,177,0,177,3.537e-07
"microbiome_2026","GCST90671201","Gut microbiome species presence (Copromonas faecavium, GCA_018712915.1)","taxon:copromonas faecavium",16017,"GRCh37","2648a90d7032c268b812fc96620d034c842a39c747a3687866fe4988b52a1e3f","e2bb6beb199bfc576ecf2adc98bc83f014b729be832c4a4f7f2d2e09df552237",53,42,0,42,1.513e-06
"microbiome_2026","GCST90671202","Gut microbiome species presence (UBA5905 sp002437905, GCA_002437905.1)","taxon:uba5905 sp002437905",16017,"GRCh37","2648a90d7032c268b812fc96620d034c842a39c747a3687866fe4988b52a1e3f","e2bb6beb199bfc576ecf2adc98bc83f014b729be832c4a4f7f2d2e09df552237",53,154,0,154,9.016e-08
"microbiome_2026","GCST90671203","Gut microbiome species presence (RGIG8748 sp934500705, GCA_934500705.1)","taxon:rgig8748 sp934500705",16017,"GRCh37","2648a90d7032c268b812fc96620d034c842a39c747a3687866fe4988b52a1e3f","e2bb6beb199bfc576ecf2adc98bc83f014b729be832c4a4f7f2d2e09df552237",53,162,0,162,5.623e-07
"microbiome_2026","GCST90671204","Gut microbiome species presence (Lentihominibacter hominis, GCF_014385065.1)","taxon:lentihominibacter hominis",16017,"GRCh37","2648a90d7032c268b812fc96620d034c842a39c747a3687866fe4988b52a1e3f","e2bb6beb199bfc576ecf2adc98bc83f014b729be832c4a4f7f2d2e09df552237",53,92,0,92,6.499e-07
"microbiome_2026","GCST90671205","Gut microbiome species presence (Actinomyces dentalis, GCF_000429225.1)","taxon:actinomyces dentalis",16017,"GRCh37","2648a90d7032c268b812fc96620d034c842a39c747a3687866fe4988b52a1e3f","e2bb6beb199bfc576ecf2adc98bc83f014b729be832c4a4f7f2d2e09df552237",53,21,0,21,3.58e-07
"microbiome_2026","GCST90671206","Gut microbiome species presence (Merdisoma sp944383645, GCA_944383645.1)","taxon:merdisoma sp944383645",16017,"GRCh37","2648a90d7032c268b812fc96620d034c842a39c747a3687866fe4988b52a1e3f","e2bb6beb199bfc576ecf2adc98bc83f014b729be832c4a4f7f2d2e09df552237",53,32,0,32,2.1e-07
"microbiome_2026","GCST90671207","Gut microbiome species abundance (Mediterraneibacter sp014287475, GCF_014287475.1)","taxon:mediterraneibacter sp014287475",16017,"GRCh37","2648a90d7032c268b812fc96620d034c842a39c747a3687866fe4988b52a1e3f","e2bb6beb199bfc576ecf2adc98bc83f014b729be832c4a4f7f2d2e09df552237",53,121,0,121,1.15e-07
"microbiome_2026","GCST90671208","Gut microbiome species presence (CAKTXU01 sp934630995, GCA_934630995.1)","taxon:caktxu01 sp934630995",16017,"GRCh37","2648a90d7032c268b812fc96620d034c842a39c747a3687866fe4988b52a1e3f","e2bb6beb199bfc576ecf2adc98bc83f014b729be832c4a4f7f2d2e09df552237",53,24,0,24,2.069e-06
"microbiome_2026","GCST90671209","Gut microbiome species presence (UMGS882 sp934479825, GCA_934479825.1)","taxon:umgs882 sp934479825",16017,"GRCh37","2648a90d7032c268b812fc96620d034c842a39c747a3687866fe4988b52a1e3f","e2bb6beb199bfc576ecf2adc98bc83f014b729be832c4a4f7f2d2e09df552237",53,25,1,25,4.307e-08
"microbiome_2026","GCST90671210","Gut microbiome species abundance (Zhenpiania hominis, GCF_014333425.1)","taxon:zhenpiania hominis",16017,"GRCh37","2648a90d7032c268b812fc96620d034c842a39c747a3687866fe4988b52a1e3f","e2bb6beb199bfc576ecf2adc98bc83f014b729be832c4a4f7f2d2e09df552237",53,37,1,36,4.053e-08
"microbiome_2026","GCST90671211","Gut microbiome species presence (Pseudoscilispira falkowii, GCA_904374485.1)","taxon:pseudoscilispira falkowii",16017,"GRCh37","2648a90d7032c268b812fc96620d034c842a39c747a3687866fe4988b52a1e3f","e2bb6beb199bfc576ecf2adc98bc83f014b729be832c4a4f7f2d2e09df552237",53,37,0,37,5.541e-07
"microbiome_2026","GCST90671212","Gut microbiome species presence (JAHZIE01 sp019419895, GCA_019419895.1)","taxon:jahzie01 sp019419895",16017,"GRCh37","2648a90d7032c268b812fc96620d034c842a39c747a3687866fe4988b52a1e3f","e2bb6beb199bfc576ecf2adc98bc83f014b729be832c4a4f7f2d2e09df552237",53,79,0,79,1.394e-06
"microbiome_2026","GCST90671213","Gut microbiome species presence (Lachnoclostridium B monacensis, GCF_014982975.1)","taxon:lachnoclostridium b monacensis",16017,"GRCh37","2648a90d7032c268b812fc96620d034c842a39c747a3687866fe4988b52a1e3f","e2bb6beb199bfc576ecf2adc98bc83f014b729be832c4a4f7f2d2e09df552237",53,59,0,59,6.611e-07
"microbiome_2026","GCST90671214","Gut microbiome species abundance (Lentihominibacter sp900066305, GCA_902362435.1)","taxon:lentihominibacter sp900066305",16017,"GRCh37","2648a90d7032c268b812fc96620d034c842a39c747a3687866fe4988b52a1e3f","e2bb6beb199bfc576ecf2adc98bc83f014b729be832c4a4f7f2d2e09df552237",53,71,1,71,4.396e-08
"microbiome_2026","GCST90671215","Gut microbiome species presence (Marvinbryantia shaoxingensis, GCF_014385005.1)","taxon:marvinbryantia shaoxingensis",16017,"GRCh37","2648a90d7032c268b812fc96620d034c842a39c747a3687866fe4988b52a1e3f","e2bb6beb199bfc576ecf2adc98bc83f014b729be832c4a4f7f2d2e09df552237",53,73,0,73,1.963e-07
"microbiome_2026","GCST90671216","Gut microbiome species presence (Ligaoa zhengdingensis, GCF_014384885.1)","taxon:ligaoa zhengdingensis",16017,"GRCh37","2648a90d7032c268b812fc96620d034c842a39c747a3687866fe4988b52a1e3f","e2bb6beb199bfc576ecf2adc98bc83f014b729be832c4a4f7f2d2e09df552237",54,55,0,55,8.533e-07
"microbiome_2026","GCST90671217","Gut microbiome species presence (Faecousia sp934667815, GCA_934667815.1)","taxon:faecousia sp934667815",16017,"GRCh37","2648a90d7032c268b812fc96620d034c842a39c747a3687866fe4988b52a1e3f","e2bb6beb199bfc576ecf2adc98bc83f014b729be832c4a4f7f2d2e09df552237",54,36,0,36,1.208e-06
"microbiome_2026","GCST90671218","Gut microbiome species abundance (Lentihominibacter excrementipullorum, GCA_900543485.1)","taxon:lentihominibacter excrementipullorum",16017,"GRCh37","2648a90d7032c268b812fc96620d034c842a39c747a3687866fe4988b52a1e3f","e2bb6beb199bfc576ecf2adc98bc83f014b729be832c4a4f7f2d2e09df552237",54,166,1,166,1.589e-08
"microbiome_2026","GCST90671219","Gut microbiome species presence (UMGS1449 sp934087515, GCA_934087515.1)","taxon:umgs1449 sp934087515",16017,"GRCh37","2648a90d7032c268b812fc96620d034c842a39c747a3687866fe4988b52a1e3f","e2bb6beb199bfc576ecf2adc98bc83f014b729be832c4a4f7f2d2e09df552237",54,64,0,64,7.808e-07
"microbiome_2026","GCST90671220","Gut microbiome species abundance (Dysosmobacter faecalis, GCF_018408705.1)","taxon:dysosmobacter faecalis",16017,"GRCh37","2648a90d7032c268b812fc96620d034c842a39c747a3687866fe4988b52a1e3f","e2bb6beb199bfc576ecf2adc98bc83f014b729be832c4a4f7f2d2e09df552237",54,44,0,44,4.308e-07
"microbiome_2026","GCST90671221","Gut microbiome species presence (Pelethomonas sp944387775, GCA_944387775.1)","taxon:pelethomonas sp944387775",16017,"GRCh37","2648a90d7032c268b812fc96620d034c842a39c747a3687866fe4988b52a1e3f","e2bb6beb199bfc576ecf2adc98bc83f014b729be832c4a4f7f2d2e09df552237",54,94,0,94,1.487e-07
"microbiome_2026","GCST90671222","Gut microbiome species abundance (Luoshenia tenuis, GCF_014384745.1)","taxon:luoshenia tenuis",16017,"GRCh37","2648a90d7032c268b812fc96620d034c842a39c747a3687866fe4988b52a1e3f","e2bb6beb199bfc576ecf2adc98bc83f014b729be832c4a4f7f2d2e09df552237",54,74,0,74,1.129e-06
"microbiome_2026","GCST90671223","Gut microbiome species presence (Fumia xinanensis, GCF_014384905.1)","taxon:fumia xinanensis",16017,"GRCh37","2648a90d7032c268b812fc96620d034c842a39c747a3687866fe4988b52a1e3f","e2bb6beb199bfc576ecf2adc98bc83f014b729be832c4a4f7f2d2e09df552237",54,60,1,60,3.094e-08
"microbiome_2026","GCST90671224","Gut microbiome species presence (Heritagella sp019422525, GCA_019422525.1)","taxon:heritagella sp019422525",16017,"GRCh37","2648a90d7032c268b812fc96620d034c842a39c747a3687866fe4988b52a1e3f","e2bb6beb199bfc576ecf2adc98bc83f014b729be832c4a4f7f2d2e09df552237",54,23,0,23,7.308e-08
"microbiome_2026","GCST90671225","Gut microbiome species presence (Thomasclavelia saccharogumia, GCF_000686665.1)","taxon:thomasclavelia saccharogumia",16017,"GRCh37","2648a90d7032c268b812fc96620d034c842a39c747a3687866fe4988b52a1e3f","e2bb6beb199bfc576ecf2adc98bc83f014b729be832c4a4f7f2d2e09df552237",54,4,0,4,5.075e-06
"microbiome_2026","GCST90671226","Gut microbiome species presence (Merdisoma sp002160825, GCF_002160825.1)","taxon:merdisoma sp002160825",16017,"GRCh37","2648a90d7032c268b812fc96620d034c842a39c747a3687866fe4988b52a1e3f","e2bb6beb199bfc576ecf2adc98bc83f014b729be832c4a4f7f2d2e09df552237",54,88,0,88,2.675e-07
"microbiome_2026","GCST90671227","Gut microbiome species presence (Egerieenecus sp900553315, GCA_900553315.1)","taxon:egerieenecus sp900553315",16017,"GRCh37","2648a90d7032c268b812fc96620d034c842a39c747a3687866fe4988b52a1e3f","e2bb6beb199bfc576ecf2adc98bc83f014b729be832c4a4f7f2d2e09df552237",54,46,0,46,1.437e-06
"microbiome_2026","GCST90671228","Gut microbiome species presence (Lactococcus A laudensis, GCF_013449735.1)","taxon:lactococcus a laudensis",16017,"GRCh37","2648a90d7032c268b812fc96620d034c842a39c747a3687866fe4988b52a1e3f","e2bb6beb199bfc576ecf2adc98bc83f014b729be832c4a4f7f2d2e09df552237",54,25,0,25,3.23e-07
"microbiome_2026","GCST90671229","Gut microbiome species presence (Anaerofustis stercorihominis A, GCF_005844425.1)","taxon:anaerofustis stercorihominis a",16017,"GRCh37","2648a90d7032c268b812fc96620d034c842a39c747a3687866fe4988b52a1e3f","e2bb6beb199bfc576ecf2adc98bc83f014b729be832c4a4f7f2d2e09df552237",54,82,0,82,5.135e-07
"microbiome_2026","GCST90671230","Gut microbiome species abundance (Scatomonas hejianensis, GCF_014337215.1)","taxon:scatomonas hejianensis",16017,"GRCh37","2648a90d7032c268b812fc96620d034c842a39c747a3687866fe4988b52a1e3f","e2bb6beb199bfc576ecf2adc98bc83f014b729be832c4a4f7f2d2e09df552237",54,50,0,50,9.848e-08
"microbiome_2026","GCST90671231","Gut microbiome species presence (Raoultibacter timonensis, GCF_900240215.1)","taxon:raoultibacter timonensis",16017,"GRCh37","2648a90d7032c268b812fc96620d034c842a39c747a3687866fe4988b52a1e3f","e2bb6beb199bfc576ecf2adc98bc83f014b729be832c4a4f7f2d2e09df552237",54,33,0,33,2.929e-07
"microbiome_2026","GCST90671232","Gut microbiome species abundance (Pararuminococcus gallinarum, GCA_904419775.1)","taxon:pararuminococcus gallinarum",16017,"GRCh37","2648a90d7032c268b812fc96620d034c842a39c747a3687866fe4988b52a1e3f","e2bb6beb199bfc576ecf2adc98bc83f014b729be832c4a4f7f2d2e09df552237",55,142,0,142,1.002e-06
"microbiome_2026","GCST90671233","Gut microbiome species presence (Clostridium disporicum B, GCF_001405015.1)","taxon:clostridium disporicum b",16017,"GRCh37","2648a90d7032c268b812fc96620d034c842a39c747a3687866fe4988b52a1e3f","e2bb6beb199bfc576ecf2adc98bc83f014b729be832c4a4f7f2d2e09df552237",55,162,0,162,5.217e-08
"microbiome_2026","GCST90671234","Gut microbiome species abundance (Diplocloster agilis, GCF_019042275.1)","taxon:diplocloster agilis",16017,"GRCh37","2648a90d7032c268b812fc96620d034c842a39c747a3687866fe4988b52a1e3f","e2bb6beb199bfc576ecf2adc98bc83f014b729be832c4a4f7f2d2e09df552237",55,96,0,96,3.06e-07
"microbiome_2026","GCST90671235","Gut microbiome species presence (Dysosmobacter A sp014334055, GCF_014334055.1)","taxon:dysosmobacter a sp014334055",16017,"GRCh37","2648a90d7032c268b812fc96620d034c842a39c747a3687866fe4988b52a1e3f","e2bb6beb199bfc576ecf2adc98bc83f014b729be832c4a4f7f2d2e09df552237",55,94,1,94,3.089e-08
"microbiome_2026","GCST90671236","Gut microbiome species abundance (Instestinimonas A gabonensis, GCF_014281125.1)","taxon:instestinimonas a gabonensis",16017,"GRCh37","2648a90d7032c268b812fc96620d034c842a39c747a3687866fe4988b52a1e3f","e2bb6beb199bfc576ecf2adc98bc83f014b729be832c4a4f7f2d2e09df552237",55,44,0,44,5.302e-07
"microbiome_2026","GCST90671237","Gut microbiome species presence (Marseille-P3106 sp900169975, GCA_900169975.1)","taxon:marseille-p3106 sp900169975",16017,"GRCh37","2648a90d7032c268b812fc96620d034c842a39c747a3687866fe4988b52a1e3f","e2bb6beb199bfc576ecf2adc98bc83f014b729be832c4a4f7f2d2e09df552237",55,67,2,67,1.399e-08
"microbiome_2026","GCST90671238","Gut microbiome species abundance (Guopingia tenuis, GCF_014384805.1)","taxon:guopingia tenuis",16017,"GRCh37","2648a90d7032c268b812fc96620d034c842a39c747a3687866fe4988b52a1e3f","e2bb6beb199bfc576ecf2adc98bc83f014b729be832c4a4f7f2d2e09df552237",55,51,0,51,3.307e-07
"microbiome_2026","GCST90671239","Gut microbiome species presence (Intestinimonas timonensis, GCF_900626145.1)","taxon:intestinimonas timonensis",16017,"GRCh37","2648a90d7032c268b812fc96620d034c842a39c747a3687866fe4988b52a1e3f","e2bb6beb199bfc576ecf2adc98bc83f014b729be832c4a4f7f2d2e09df552237",55,45,0,45,3.452e-07
"microbiome_2026","GCST90671240","Gut microbiome species presence (Merdisoma sp934373375, GCA_934373375.1)","taxon:merdisoma sp934373375",16017,"GRCh37","2648a90d7032c268b812fc96620d034c842a39c747a3687866fe4988b52a1e3f","e2bb6beb199bfc576ecf2adc98bc83f014b729be832c4a4f7f2d2e09df552237",55,56,0,56,1.173e-07
"microbiome_2026","GCST90671241","Gut microbiome species abundance (Massiliimalia massiliensis, GCF_900155615.1)","taxon:massiliimalia massiliensis",16017,"GRCh37","2648a90d7032c268b812fc96620d034c842a39c747a3687866fe4988b52a1e3f","e2bb6beb199bfc576ecf2adc98bc83f014b729be832c4a4f7f2d2e09df552237",55,73,0,73,1.392e-07
"microbiome_2026","GCST90671242","Gut microbiome species presence (Merdiplasma excrementigallinarum, GCA_018713435.1)","taxon:merdiplasma excrementigallinarum",16017,"GRCh37","2648a90d7032c268b812fc96620d034c842a39c747a3687866fe4988b52a1e3f","e2bb6beb199bfc576ecf2adc98bc83f014b729be832c4a4f7f2d2e09df552237",55,74,0,74,5.064e-07
"microbiome_2026","GCST90671243","Gut microbiome species presence (Pseudoflavonifractor A gallinarum, GCF_014982855.1)","taxon:pseudoflavonifractor a gallinarum",16017,"GRCh37","2648a90d7032c268b812fc96620d034c842a39c747a3687866fe4988b52a1e3f","e2bb6beb199bfc576ecf2adc98bc83f014b729be832c4a4f7f2d2e09df552237",55,42,0,42,1.081e-07
"microbiome_2026","GCST90671244","Gut microbiome species presence (QANA01 sp019420265, GCA_019420265.1)","taxon:qana01 sp019420265",16017,"GRCh37","2648a90d7032c268b812fc96620d034c842a39c747a3687866fe4988b52a1e3f","e2bb6beb199bfc576ecf2adc98bc83f014b729be832c4a4f7f2d2e09df552237",55,69,0,69,5.23e-07
"microbiome_2026","GCST90671245","Gut microbiome species presence (Gehongia tenuis, GCF_014384795.1)","taxon:gehongia tenuis",16017,"GRCh37","2648a90d7032c268b812fc96620d034c842a39c747a3687866fe4988b52a1e3f","e2bb6beb199bfc576ecf2adc98bc83f014b729be832c4a4f7f2d2e09df552237",55,83,10,83,1.934e-08
"microbiome_2026","GCST90671246","Gut microbiome species abundance (Anaerotruncus sp014385085, GCA_014385085.1)","taxon:anaerotruncus sp014385085",16017,"GRCh37","2648a90d7032c268b812fc96620d034c842a39c747a3687866fe4988b52a1e3f","e2bb6beb199bfc576ecf2adc98bc83f014b729be832c4a4f7f2d2e09df552237",55,77,0,76,5.674e-07
"microbiome_2026","GCST90671247","Gut microbiome species presence (Intestinibacillus massiliensis, GCF_900155735.1)","taxon:intestinibacillus massiliensis",16017,"GRCh37","2648a90d7032c268b812fc96620d034c842a39c747a3687866fe4988b52a1e3f","e2bb6beb199bfc576ecf2adc98bc83f014b729be832c4a4f7f2d2e09df552237",55,26,0,26,4.574e-07
"microbiome_2026","GCST90671248","Gut microbiome species presence (Pseudoscilispira sp020555605, GCA_020555605.1)","taxon:pseudoscilispira sp020555605",16017,"GRCh37","2648a90d7032c268b812fc96620d034c842a39c747a3687866fe4988b52a1e3f","e2bb6beb199bfc576ecf2adc98bc83f014b729be832c4a4f7f2d2e09df552237",56,41,0,41,3.408e-07
"microbiome_2026","GCST90671249","Gut microbiome species presence (Dysosmobacter sp934636905, GCA_934636905.1)","taxon:dysosmobacter sp934636905",16017,"GRCh37","2648a90d7032c268b812fc96620d034c842a39c747a3687866fe4988b52a1e3f","e2bb6beb199bfc576ecf2adc98bc83f014b729be832c4a4f7f2d2e09df552237",56,36,0,36,8.759e-07
"microbiome_2026","GCST90671250","Gut microbiome species presence (Acutalibacter sp905215055, GCA_905215055.1)","taxon:acutalibacter sp905215055",16017,"GRCh37","2648a90d7032c268b812fc96620d034c842a39c747a3687866fe4988b52a1e3f","e2bb6beb199bfc576ecf2adc98bc83f014b729be832c4a4f7f2d2e09df552237",56,93,0,93,1.001e-06
"microbiome_2026","GCST90671251","Gut microbiome species presence (Angelakisella massiliensis, GCF_900104675.1)","taxon:angelakisella massiliensis",16017,"GRCh37","2648a90d7032c268b812fc96620d034c842a39c747a3687866fe4988b52a1e3f","e2bb6beb199bfc576ecf2adc98bc83f014b729be832c4a4f7f2d2e09df552237",56,133,0,133,1.527e-07
"microbiome_2026","GCST90671252","Gut microbiome species presence (Ructibacterium sp900550775, GCA_900550775.1)","taxon:ructibacterium sp900550775",16017,"GRCh37","2648a90d7032c268b812fc96620d034c842a39c747a3687866fe4988b52a1e3f","e2bb6beb199bfc576ecf2adc98bc83f014b729be832c4a4f7f2d2e09df552237",56,42,0,42,6.106e-08
"microbiome_2026","GCST90671253","Gut microbiome species abundance (RGIG7067 sp944384895, GCA_944384895.1)","taxon:rgig7067 sp944384895",16017,"GRCh37","2648a90d7032c268b812fc96620d034c842a39c747a3687866fe4988b52a1e3f","e2bb6beb199bfc576ecf2adc98bc83f014b729be832c4a4f7f2d2e09df552237",56,85,0,85,3.518e-07
"microbiome_2026","GCST90671254","Gut microbiome species presence (Paralachnospira dongpingensis, GCF_014337195.1)","taxon:paralachnospira dongpingensis",16017,"GRCh37","2648a90d7032c268b812fc96620d034c842a39c747a3687866fe4988b52a1e3f","e2bb6beb199bfc576ecf2adc98bc83f014b729be832c4a4f7f2d2e09df552237",56,105,0,105,1.946e-07
"microbiome_2026","GCST90671255","Gut microbiome species presence (UMGS856 sp900760305, GCA_900760305.1)","taxon:umgs856 sp900760305",16017,"GRCh37","2648a90d7032c268b812fc96620d034c842a39c747a3687866fe4988b52a1e3f","e2bb6beb199bfc576ecf2adc98bc83f014b729be832c4a4f7f2d2e09df552237",56,101,0,101,5.441e-07
"microbiome_2026","GCST90671256","Gut microbiome species abundance (CAKTXU01 sp934615635, GCA_934615635.1)","taxon:caktxu01 sp934615635",16017,"GRCh37","2648a90d7032c268b812fc96620d034c842a39c747a3687866fe4988b52a1e3f","e2bb6beb199bfc576ecf2adc98bc83f014b729be832c4a4f7f2d2e09df552237",56,41,0,41,9.85e-07
"microbiome_2026","GCST90671257","Gut microbiome species presence (Blautia A sp934364795, GCA_934364795.1)","taxon:blautia a sp934364795",16017,"GRCh37","2648a90d7032c268b812fc96620d034c842a39c747a3687866fe4988b52a1e3f","e2bb6beb199bfc576ecf2adc98bc83f014b729be832c4a4f7f2d2e09df552237",56,58,0,58,1.359e-07
"microbiome_2026","GCST90671258","Gut microbiome species presence (Avoscillospira A sp019422005, GCA_019422005.1)","taxon:avoscillospira a sp019422005",16017,"GRCh37","2648a90d7032c268b812fc96620d034c842a39c747a3687866fe4988b52a1e3f","e2bb6beb199bfc576ecf2adc98bc83f014b729be832c4a4f7f2d2e09df552237",56,79,0,79,5.102e-08
"microbiome_2026","GCST90671259","Gut microbiome species abundance (JAHZGC01 sp019421015, GCA_019421015.1)","taxon:jahzgc01 sp019421015",16017,"GRCh37","2648a90d7032c268b812fc96620d034c842a39c747a3687866fe4988b52a1e3f","e2bb6beb199bfc576ecf2adc98bc83f014b729be832c4a4f7f2d2e09df552237",56,105,1,105,4.861e-08
"microbiome_2026","GCST90671260","Gut microbiome species presence (Vescimonas sp900757415, GCA_900757415.1)","taxon:vescimonas sp900757415",16017,"GRCh37","2648a90d7032c268b812fc96620d034c842a39c747a3687866fe4988b52a1e3f","e2bb6beb199bfc576ecf2adc98bc83f014b729be832c4a4f7f2d2e09df552237",56,97,0,97,3.926e-07
"microbiome_2026","GCST90671261","Gut microbiome species presence (Protoclostridium sp900761765, GCA_900761765.1)","taxon:protoclostridium sp900761765",16017,"GRCh37","2648a90d7032c268b812fc96620d034c842a39c747a3687866fe4988b52a1e3f","e2bb6beb199bfc576ecf2adc98bc83f014b729be832c4a4f7f2d2e09df552237",56,60,0,60,6.119e-08
"microbiome_2026","GCST90671262","Gut microbiome species presence (CALXCR01 sp944386855, GCA_944386855.1)","taxon:calxcr01 sp944386855",16017,"GRCh37","2648a90d7032c268b812fc96620d034c842a39c747a3687866fe4988b52a1e3f","e2bb6beb199bfc576ecf2adc98bc83f014b729be832c4a4f7f2d2e09df552237",56,45,0,45,4.906e-07
"microbiome_2026","GCST90671263","Gut microbiome species presence (Diplocloster modestus, GCF_019042245.1)","taxon:diplocloster modestus",16017,"GRCh37","2648a90d7032c268b812fc96620d034c842a39c747a3687866fe4988b52a1e3f","e2bb6beb199bfc576ecf2adc98bc83f014b729be832c4a4f7f2d2e09df552237",56,35,0,35,3.29e-07
"microbiome_2026","GCST90671264","Gut microbiome species presence (HGM11386 sp900761915, GCA_900761915.1)","taxon:hgm11386 sp900761915",16017,"GRCh37","2648a90d7032c268b812fc96620d034c842a39c747a3687866fe4988b52a1e3f","e2bb6beb199bfc576ecf2adc98bc83f014b729be832c4a4f7f2d2e09df552237",57,39,0,39,6.919e-07
"microbiome_2026","GCST90671265","Gut microbiome species presence (UBA7185 sp900556545, GCA_900556545.1)","taxon:uba7185 sp900556545",16017,"GRCh37","2648a90d7032c268b812fc96620d034c842a39c747a3687866fe4988b52a1e3f","e2bb6beb199bfc576ecf2adc98bc83f014b729be832c4a4f7f2d2e09df552237",57,84,0,84,1.828e-07
"microbiome_2026","GCST90671266","Gut microbiome species presence (Massilimicrobiota sp944325245, GCA_944325245.1)","taxon:massilimicrobiota sp944325245",16017,"GRCh37","2648a90d7032c268b812fc96620d034c842a39c747a3687866fe4988b52a1e3f","e2bb6beb199bfc576ecf2adc98bc83f014b729be832c4a4f7f2d2e09df552237",57,39,0,39,6.53e-07
"microbiome_2026","GCST90671267","Gut microbiome species presence (Gemmiger faecavium, GCA_019114415.1)","taxon:gemmiger faecavium",16017,"GRCh37","2648a90d7032c268b812fc96620d034c842a39c747a3687866fe4988b52a1e3f","e2bb6beb199bfc576ecf2adc98bc83f014b729be832c4a4f7f2d2e09df552237",57,80,0,80,9.683e-07
"microbiome_2026","GCST90671268","Gut microbiome species abundance (Limivivens sp905214955, GCA_905214955.1)","taxon:limivivens sp905214955",16017,"GRCh37","2648a90d7032c268b812fc96620d034c842a39c747a3687866fe4988b52a1e3f","e2bb6beb199bfc576ecf2adc98bc83f014b729be832c4a4f7f2d2e09df552237",57,30,0,30,2.366e-07
"microbiome_2026","GCST90671269","Gut microbiome species presence (Zhenpiania massiliensis, GCA_902363595.1)","taxon:zhenpiania massiliensis",16017,"GRCh37","2648a90d7032c268b812fc96620d034c842a39c747a3687866fe4988b52a1e3f","e2bb6beb199bfc576ecf2adc98bc83f014b729be832c4a4f7f2d2e09df552237",57,88,0,88,4.391e-07
"microbiome_2026","GCST90671270","Gut microbiome species abundance (Pygmaiobacter sp014287275, GCF_014287275.1)","taxon:pygmaiobacter sp014287275",16017,"GRCh37","2648a90d7032c268b812fc96620d034c842a39c747a3687866fe4988b52a1e3f","e2bb6beb199bfc576ecf2adc98bc83f014b729be832c4a4f7f2d2e09df552237",57,37,0,37,1.556e-07
"microbiome_2026","GCST90671271","Gut microbiome species presence (RGIG1902 sp944375715, GCA_944375715.1)","taxon:rgig1902 sp944375715",16017,"GRCh37","2648a90d7032c268b812fc96620d034c842a39c747a3687866fe4988b52a1e3f","e2bb6beb199bfc576ecf2adc98bc83f014b729be832c4a4f7f2d2e09df552237",57,30,0,30,1.193e-06
"microbiome_2026","GCST90671272","Gut microbiome species presence (Faecivicinus sp934663595, GCA_934663595.1)","taxon:faecivicinus sp934663595",16017,"GRCh37","2648a90d7032c268b812fc96620d034c842a39c747a3687866fe4988b52a1e3f","e2bb6beb199bfc576ecf2adc98bc83f014b729be832c4a4f7f2d2e09df552237",57,95,0,95,1.116e-06
"microbiome_2026","GCST90671273","Gut microbiome species presence (HGM12545 sp900761925, GCA_900761925.1)","taxon:hgm12545 sp900761925",16017,"GRCh37","2648a90d7032c268b812fc96620d034c842a39c747a3687866fe4988b52a1e3f","e2bb6beb199bfc576ecf2adc98bc83f014b729be832c4a4f7f2d2e09df552237",57,94,0,94,2.742e-07
"microbiome_2026","GCST90671274","Gut microbiome species presence (Bianquea sp019423265, GCA_019423265.1)","taxon:bianquea sp019423265",16017,"GRCh37","2648a90d7032c268b812fc96620d034c842a39c747a3687866fe4988b52a1e3f","e2bb6beb199bfc576ecf2adc98bc83f014b729be832c4a4f7f2d2e09df552237",57,119,0,119,1.097e-06
"microbiome_2026","GCST90671275","Gut microbiome species presence (Blautia A sp900764225, GCA_900764225.1)","taxon:blautia a sp900764225",16017,"GRCh37","2648a90d7032c268b812fc96620d034c842a39c747a3687866fe4988b52a1e3f","e2bb6beb199bfc576ecf2adc98bc83f014b729be832c4a4f7f2d2e09df552237",57,24,0,24,4.84e-07
"microbiome_2026","GCST90671276","Gut microbiome species presence (Heritagella sp905200265, GCA_905200265.1)","taxon:heritagella sp905200265",16017,"GRCh37","2648a90d7032c268b812fc96620d034c842a39c747a3687866fe4988b52a1e3f","e2bb6beb199bfc576ecf2adc98bc83f014b729be832c4a4f7f2d2e09df552237",57,14,0,14,5.002e-07
"microbiome_2026","GCST90671277","Gut microbiome species presence (Excrementavichristensenella intestinipullorum, GCA_018711685.1)","taxon:excrementavichristensenella intestinipullorum",16017,"GRCh37","2648a90d7032c268b812fc96620d034c842a39c747a3687866fe4988b52a1e3f","e2bb6beb199bfc576ecf2adc98bc83f014b729be832c4a4f7f2d2e09df552237",57,281,1,281,2.944e-08
"microbiome_2026","GCST90671278","Gut microbiome species presence (Avispirillum sp018370615, GCA_018370615.1)","taxon:avispirillum sp018370615",16017,"GRCh37","2648a90d7032c268b812fc96620d034c842a39c747a3687866fe4988b52a1e3f","e2bb6beb199bfc576ecf2adc98bc83f014b729be832c4a4f7f2d2e09df552237",57,21,0,21,1.496e-06
"microbiome_2026","GCST90671279","Gut microbiome species presence (Blautia A sp905206915, GCF_020537505.1)","taxon:blautia a sp905206915",16017,"GRCh37","2648a90d7032c268b812fc96620d034c842a39c747a3687866fe4988b52a1e3f","e2bb6beb199bfc576ecf2adc98bc83f014b729be832c4a4f7f2d2e09df552237",57,21,0,21,1.93e-07
"microbiome_2026","GCST90671280","Gut microbiome species presence (JAJEQR01 sp020687485, GCA_020687485.1)","taxon:jajeqr01 sp020687485",16017,"GRCh37","2648a90d7032c268b812fc96620d034c842a39c747a3687866fe4988b52a1e3f","e2bb6beb199bfc576ecf2adc98bc83f014b729be832c4a4f7f2d2e09df552237",58,106,0,106,1.016e-06
"microbiome_2026","GCST90671281","Gut microbiome species presence (Feifania hominis, GCF_014384765.1)","taxon:feifania hominis",16017,"GRCh37","2648a90d7032c268b812fc96620d034c842a39c747a3687866fe4988b52a1e3f","e2bb6beb199bfc576ecf2adc98bc83f014b729be832c4a4f7f2d2e09df552237",58,99,0,99,8.816e-08
"microbiome_2026","GCST90671282","Gut microbiome species presence (HGM11808 sp900757025, GCA_900757025.1)","taxon:hgm11808 sp900757025",16017,"GRCh37","2648a90d7032c268b812fc96620d034c842a39c747a3687866fe4988b52a1e3f","e2bb6beb199bfc576ecf2adc98bc83f014b729be832c4a4f7f2d2e09df552237",58,28,0,28,1.082e-06
"microbiome_2026","GCST90671283","Gut microbiome species presence (Bianquea renquensis, GCF_014384895.1)","taxon:bianquea renquensis",16017,"GRCh37","2648a90d7032c268b812fc96620d034c842a39c747a3687866fe4988b52a1e3f","e2bb6beb199bfc576ecf2adc98bc83f014b729be832c4a4f7f2d2e09df552237",58,36,0,36,4.472e-07
"microbiome_2026","GCST90671284","Gut microbiome species abundance (Massiliimalia timonensis, GCF_900186585.1)","taxon:massiliimalia timonensis",16017,"GRCh37","2648a90d7032c268b812fc96620d034c842a39c747a3687866fe4988b52a1e3f","e2bb6beb199bfc576ecf2adc98bc83f014b729be832c4a4f7f2d2e09df552237",58,42,0,42,2.251e-07
"microbiome_2026","GCST90671285","Gut microbiome species presence (Lentihominibacter sp905193765, GCA_905193765.1)","taxon:lentihominibacter sp905193765",16017,"GRCh37","2648a90d7032c268b812fc96620d034c842a39c747a3687866fe4988b52a1e3f","e2bb6beb199bfc576ecf2adc98bc83f014b729be832c4a4f7f2d2e09df552237",58,89,1,88,2.894e-08
"microbiome_2026","GCST90671286","Gut microbiome species presence (Bittarella massiliensis A, GCF_017566145.1)","taxon:bittarella massiliensis a",16017,"GRCh37","2648a90d7032c268b812fc96620d034c842a39c747a3687866fe4988b52a1e3f","e2bb6beb199bfc576ecf2adc98bc83f014b729be832c4a4f7f2d2e09df552237",58,58,0,58,5.563e-07
"microbiome_2026","GCST90671287","Gut microbiome species presence (Pullichristensenella sp904420265, GCA_904420265.1)","taxon:pullichristensenella sp904420265",16017,"GRCh37","2648a90d7032c268b812fc96620d034c842a39c747a3687866fe4988b52a1e3f","e2bb6beb199bfc576ecf2adc98bc83f014b729be832c4a4f7f2d2e09df552237",58,81,0,81,3.936e-07
"microbiome_2026","GCST90671288","Gut microbiome species presence (CALWSW01 sp944384305, GCA_944384305.1)","taxon:calwsw01 sp944384305",16017,"GRCh37","2648a90d7032c268b812fc96620d034c842a39c747a3687866fe4988b52a1e3f","e2bb6beb199bfc576ecf2adc98bc83f014b729be832c4a4f7f2d2e09df552237",58,32,0,32,3.021e-07
"microbiome_2026","GCST90671289","Gut microbiome species presence (Avispirillum sp900555345, GCA_900555345.1)","taxon:avispirillum sp900555345",16017,"GRCh37","2648a90d7032c268b812fc96620d034c842a39c747a3687866fe4988b52a1e3f","e2bb6beb199bfc576ecf2adc98bc83f014b729be832c4a4f7f2d2e09df552237",58,43,0,43,2.151e-07
"microbiome_2026","GCST90671290","Gut microbiome species presence (Saccharomyces cerevisiae, )","taxon:saccharomyces cerevisiae,",16017,"GRCh37","2648a90d7032c268b812fc96620d034c842a39c747a3687866fe4988b52a1e3f","e2bb6beb199bfc576ecf2adc98bc83f014b729be832c4a4f7f2d2e09df552237",58,33,0,33,2.768e-06
"microbiome_2026","GCST90671291","Gut microbiome species presence (Blastocystis sp. subtype 4, )","taxon:blastocystis sp. subtype 4,",16017,"GRCh37","2648a90d7032c268b812fc96620d034c842a39c747a3687866fe4988b52a1e3f","e2bb6beb199bfc576ecf2adc98bc83f014b729be832c4a4f7f2d2e09df552237",58,100,0,100,8.251e-07
"microbiome_2026","GCST90671292","Gut microbiome genus abundance (Agathobacter)","taxon:agathobacter",16017,"GRCh37","2648a90d7032c268b812fc96620d034c842a39c747a3687866fe4988b52a1e3f","e2bb6beb199bfc576ecf2adc98bc83f014b729be832c4a4f7f2d2e09df552237",58,56,1,56,3.038e-08
"microbiome_2026","GCST90671293","Gut microbiome genus abundance (Bifidobacterium)","taxon:bifidobacterium",16017,"GRCh37","2648a90d7032c268b812fc96620d034c842a39c747a3687866fe4988b52a1e3f","e2bb6beb199bfc576ecf2adc98bc83f014b729be832c4a4f7f2d2e09df552237",58,826,338,826,8.392e-25
"microbiome_2026","GCST90671294","Gut microbiome genus abundance (Gemmiger)","taxon:gemmiger",16017,"GRCh37","2648a90d7032c268b812fc96620d034c842a39c747a3687866fe4988b52a1e3f","e2bb6beb199bfc576ecf2adc98bc83f014b729be832c4a4f7f2d2e09df552237",58,47,0,47,1.028e-06
"microbiome_2026","GCST90671295","Gut microbiome genus abundance (Anaerostipes)","taxon:anaerostipes",16017,"GRCh37","2648a90d7032c268b812fc96620d034c842a39c747a3687866fe4988b52a1e3f","e2bb6beb199bfc576ecf2adc98bc83f014b729be832c4a4f7f2d2e09df552237",58,31,0,31,2.234e-06
"microbiome_2026","GCST90671296","Gut microbiome genus abundance (Lachnospira)","taxon:lachnospira",16017,"GRCh37","2648a90d7032c268b812fc96620d034c842a39c747a3687866fe4988b52a1e3f","e2bb6beb199bfc576ecf2adc98bc83f014b729be832c4a4f7f2d2e09df552237",59,237,0,237,8.944e-08
"microbiome_2026","GCST90671297","Gut microbiome genus abundance (UBA11524)","taxon:uba11524",16017,"GRCh37","2648a90d7032c268b812fc96620d034c842a39c747a3687866fe4988b52a1e3f","e2bb6beb199bfc576ecf2adc98bc83f014b729be832c4a4f7f2d2e09df552237",59,44,0,43,6.85e-07
"microbiome_2026","GCST90671298","Gut microbiome genus abundance (Fusicatenibacter)","taxon:fusicatenibacter",16017,"GRCh37","2648a90d7032c268b812fc96620d034c842a39c747a3687866fe4988b52a1e3f","e2bb6beb199bfc576ecf2adc98bc83f014b729be832c4a4f7f2d2e09df552237",59,46,0,46,7.727e-07
"microbiome_2026","GCST90671299","Gut microbiome genus abundance (Acetatifactor)","taxon:acetatifactor",16017,"GRCh37","2648a90d7032c268b812fc96620d034c842a39c747a3687866fe4988b52a1e3f","e2bb6beb199bfc576ecf2adc98bc83f014b729be832c4a4f7f2d2e09df552237",59,71,0,71,5.391e-07
"microbiome_2026","GCST90671300","Gut microbiome genus abundance (Coprococcus)","taxon:coprococcus",16017,"GRCh37","2648a90d7032c268b812fc96620d034c842a39c747a3687866fe4988b52a1e3f","e2bb6beb199bfc576ecf2adc98bc83f014b729be832c4a4f7f2d2e09df552237",59,52,0,52,3.289e-07
"microbiome_2026","GCST90671301","Gut microbiome genus abundance (Phocaeicola)","taxon:phocaeicola",16017,"GRCh37","2648a90d7032c268b812fc96620d034c842a39c747a3687866fe4988b52a1e3f","e2bb6beb199bfc576ecf2adc98bc83f014b729be832c4a4f7f2d2e09df552237",59,109,0,109,5.434e-08
"microbiome_2026","GCST90671302","Gut microbiome genus abundance (ER4)","taxon:er4",16017,"GRCh37","2648a90d7032c268b812fc96620d034c842a39c747a3687866fe4988b52a1e3f","e2bb6beb199bfc576ecf2adc98bc83f014b729be832c4a4f7f2d2e09df552237",59,67,11,67,1.178e-08
"microbiome_2026","GCST90671303","Gut microbiome genus abundance (RUG115)","taxon:rug115",16017,"GRCh37","2648a90d7032c268b812fc96620d034c842a39c747a3687866fe4988b52a1e3f","e2bb6beb199bfc576ecf2adc98bc83f014b729be832c4a4f7f2d2e09df552237",59,115,0,115,1.212e-06
"microbiome_2026","GCST90671304","Gut microbiome genus abundance (Alistipes)","taxon:alistipes",16017,"GRCh37","2648a90d7032c268b812fc96620d034c842a39c747a3687866fe4988b52a1e3f","e2bb6beb199bfc576ecf2adc98bc83f014b729be832c4a4f7f2d2e09df552237",59,52,0,52,7.558e-07
"microbiome_2026","GCST90671305","Gut microbiome genus abundance (Streptococcus)","taxon:streptococcus",16017,"GRCh37","2648a90d7032c268b812fc96620d034c842a39c747a3687866fe4988b52a1e3f","e2bb6beb199bfc576ecf2adc98bc83f014b729be832c4a4f7f2d2e09df552237",59,38,0,38,2.193e-07
"microbiome_2026","GCST90671306","Gut microbiome genus abundance (Escherichia)","taxon:escherichia",16017,"GRCh37","2648a90d7032c268b812fc96620d034c842a39c747a3687866fe4988b52a1e3f","e2bb6beb199bfc576ecf2adc98bc83f014b729be832c4a4f7f2d2e09df552237",59,101,0,101,2.696e-07
"microbiome_2026","GCST90671307","Gut microbiome genus presence (PeH17)","taxon:peh17",16017,"GRCh37","2648a90d7032c268b812fc96620d034c842a39c747a3687866fe4988b52a1e3f","e2bb6beb199bfc576ecf2adc98bc83f014b729be832c4a4f7f2d2e09df552237",59,17,0,17,1.819e-07
"microbiome_2026","GCST90671308","Gut microbiome genus abundance (Parabacteroides)","taxon:parabacteroides",16017,"GRCh37","2648a90d7032c268b812fc96620d034c842a39c747a3687866fe4988b52a1e3f","e2bb6beb199bfc576ecf2adc98bc83f014b729be832c4a4f7f2d2e09df552237",59,58,0,58,3.482e-07
"microbiome_2026","GCST90671309","Gut microbiome genus abundance (Roseburia)","taxon:roseburia",16017,"GRCh37","2648a90d7032c268b812fc96620d034c842a39c747a3687866fe4988b52a1e3f","e2bb6beb199bfc576ecf2adc98bc83f014b729be832c4a4f7f2d2e09df552237",59,259,0,259,1.225e-07
"microbiome_2026","GCST90671310","Gut microbiome genus abundance (Bacteroides)","taxon:bacteroides",16017,"GRCh37","2648a90d7032c268b812fc96620d034c842a39c747a3687866fe4988b52a1e3f","e2bb6beb199bfc576ecf2adc98bc83f014b729be832c4a4f7f2d2e09df552237",59,70,0,70,1.633e-06
"microbiome_2026","GCST90671311","Gut microbiome genus abundance (Faecalibacillus)","taxon:faecalibacillus",16017,"GRCh37","2648a90d7032c268b812fc96620d034c842a39c747a3687866fe4988b52a1e3f","e2bb6beb199bfc576ecf2adc98bc83f014b729be832c4a4f7f2d2e09df552237",59,31,0,31,3.35e-06
"microbiome_2026","GCST90671312","Gut microbiome genus presence (Cryptobacteroides)","taxon:cryptobacteroides",16017,"GRCh37","2648a90d7032c268b812fc96620d034c842a39c747a3687866fe4988b52a1e3f","e2bb6beb199bfc576ecf2adc98bc83f014b729be832c4a4f7f2d2e09df552237",60,110,1,110,4.744e-08
"microbiome_2026","GCST90671313","Gut microbiome genus presence (SFEL01)","taxon:sfel01",16017,"GRCh37","2648a90d7032c268b812fc96620d034c842a39c747a3687866fe4988b52a1e3f","e2bb6beb199bfc576ecf2adc98bc83f014b729be832c4a4f7f2d2e09df552237",60,88,0,88,6.678e-08
"microbiome_2026","GCST90671314","Gut microbiome genus presence (Fimenecus)","taxon:fimenecus",16017,"GRCh37","2648a90d7032c268b812fc96620d034c842a39c747a3687866fe4988b52a1e3f","e2bb6beb199bfc576ecf2adc98bc83f014b729be832c4a4f7f2d2e09df552237",60,138,1,138,3.383e-08
"microbiome_2026","GCST90671315","Gut microbiome genus abundance (Faecalibacterium)","taxon:faecalibacterium",16017,"GRCh37","2648a90d7032c268b812fc96620d034c842a39c747a3687866fe4988b52a1e3f","e2bb6beb199bfc576ecf2adc98bc83f014b729be832c4a4f7f2d2e09df552237",60,54,0,54,2.682e-07
"microbiome_2026","GCST90671316","Gut microbiome genus abundance (Eisenbergiella)","taxon:eisenbergiella",16017,"GRCh37","2648a90d7032c268b812fc96620d034c842a39c747a3687866fe4988b52a1e3f","e2bb6beb199bfc576ecf2adc98bc83f014b729be832c4a4f7f2d2e09df552237",60,63,0,63,1.893e-07
"microbiome_2026","GCST90671317","Gut microbiome genus presence (Catenibacterium)","taxon:catenibacterium",16017,"GRCh37","2648a90d7032c268b812fc96620d034c842a39c747a3687866fe4988b52a1e3f","e2bb6beb199bfc576ecf2adc98bc83f014b729be832c4a4f7f2d2e09df552237",60,58,0,58,2.045e-06
"microbiome_2026","GCST90671318","Gut microbiome genus abundance (Prevotella)","taxon:prevotella",16017,"GRCh37","2648a90d7032c268b812fc96620d034c842a39c747a3687866fe4988b52a1e3f","e2bb6beb199bfc576ecf2adc98bc83f014b729be832c4a4f7f2d2e09df552237",60,29,0,29,4.721e-07
"microbiome_2026","GCST90671319","Gut microbiome genus abundance (UBA1417)","taxon:uba1417",16017,"GRCh37","2648a90d7032c268b812fc96620d034c842a39c747a3687866fe4988b52a1e3f","e2bb6beb199bfc576ecf2adc98bc83f014b729be832c4a4f7f2d2e09df552237",60,216,0,216,5.405e-07
"microbiome_2026","GCST90671320","Gut microbiome genus abundance (Sutterella)","taxon:sutterella",16017,"GRCh37","2648a90d7032c268b812fc96620d034c842a39c747a3687866fe4988b52a1e3f","e2bb6beb199bfc576ecf2adc98bc83f014b729be832c4a4f7f2d2e09df552237",60,203,0,203,6.271e-07
"microbiome_2026","GCST90671321","Gut microbiome genus presence (Holdemanella)","taxon:holdemanella",16017,"GRCh37","2648a90d7032c268b812fc96620d034c842a39c747a3687866fe4988b52a1e3f","e2bb6beb199bfc576ecf2adc98bc83f014b729be832c4a4f7f2d2e09df552237",60,42,0,42,1.449e-06
"microbiome_2026","GCST90671322","Gut microbiome genus abundance (Odoribacter)","taxon:odoribacter",16017,"GRCh37","2648a90d7032c268b812fc96620d034c842a39c747a3687866fe4988b52a1e3f","e2bb6beb199bfc576ecf2adc98bc83f014b729be832c4a4f7f2d2e09df552237",60,81,0,81,2.835e-07
"microbiome_2026","GCST90671323","Gut microbiome genus abundance (Agathobaculum)","taxon:agathobaculum",16017,"GRCh37","2648a90d7032c268b812fc96620d034c842a39c747a3687866fe4988b52a1e3f","e2bb6beb199bfc576ecf2adc98bc83f014b729be832c4a4f7f2d2e09df552237",60,115,39,115,7.331e-11
"microbiome_2026","GCST90671324","Gut microbiome genus presence (Phascolarctobacterium)","taxon:phascolarctobacterium",16017,"GRCh37","2648a90d7032c268b812fc96620d034c842a39c747a3687866fe4988b52a1e3f","e2bb6beb199bfc576ecf2adc98bc83f014b729be832c4a4f7f2d2e09df552237",60,96,3,96,1.224e-08
"microbiome_2026","GCST90671325","Gut microbiome genus abundance (Faecousia)","taxon:faecousia",16017,"GRCh37","2648a90d7032c268b812fc96620d034c842a39c747a3687866fe4988b52a1e3f","e2bb6beb199bfc576ecf2adc98bc83f014b729be832c4a4f7f2d2e09df552237",60,102,0,102,3.119e-07
"microbiome_2026","GCST90671326","Gut microbiome genus abundance (Barnesiella)","taxon:barnesiella",16017,"GRCh37","2648a90d7032c268b812fc96620d034c842a39c747a3687866fe4988b52a1e3f","e2bb6beb199bfc576ecf2adc98bc83f014b729be832c4a4f7f2d2e09df552237",60,42,0,42,1.938e-07
"microbiome_2026","GCST90671327","Gut microbiome genus abundance (Akkermansia)","taxon:akkermansia",16017,"GRCh37","2648a90d7032c268b812fc96620d034c842a39c747a3687866fe4988b52a1e3f","e2bb6beb199bfc576ecf2adc98bc83f014b729be832c4a4f7f2d2e09df552237",60,118,0,118,1.23e-06
"microbiome_2026","GCST90671328","Gut microbiome genus presence (Klebsiella)","taxon:klebsiella",16017,"GRCh37","2648a90d7032c268b812fc96620d034c842a39c747a3687866fe4988b52a1e3f","e2bb6beb199bfc576ecf2adc98bc83f014b729be832c4a4f7f2d2e09df552237",61,99,0,99,4.622e-07
"microbiome_2026","GCST90671329","Gut microbiome genus abundance (Anaerotignum)","taxon:anaerotignum",16017,"GRCh37","2648a90d7032c268b812fc96620d034c842a39c747a3687866fe4988b52a1e3f","e2bb6beb199bfc576ecf2adc98bc83f014b729be832c4a4f7f2d2e09df552237",61,417,0,416,1.214e-07
"microbiome_2026","GCST90671330","Gut microbiome genus abundance (Copromonas)","taxon:copromonas",16017,"GRCh37","2648a90d7032c268b812fc96620d034c842a39c747a3687866fe4988b52a1e3f","e2bb6beb199bfc576ecf2adc98bc83f014b729be832c4a4f7f2d2e09df552237",61,124,0,124,3.835e-07
"microbiome_2026","GCST90671331","Gut microbiome genus presence (Phil1)","taxon:phil1",16017,"GRCh37","2648a90d7032c268b812fc96620d034c842a39c747a3687866fe4988b52a1e3f","e2bb6beb199bfc576ecf2adc98bc83f014b729be832c4a4f7f2d2e09df552237",61,176,0,176,2.026e-07
"microbiome_2026","GCST90671332","Gut microbiome genus presence (Ligilactobacillus)","taxon:ligilactobacillus",16017,"GRCh37","2648a90d7032c268b812fc96620d034c842a39c747a3687866fe4988b52a1e3f","e2bb6beb199bfc576ecf2adc98bc83f014b729be832c4a4f7f2d2e09df552237",61,59,0,59,1.826e-07
"microbiome_2026","GCST90671333","Gut microbiome genus abundance (Ruthenibacterium)","taxon:ruthenibacterium",16017,"GRCh37","2648a90d7032c268b812fc96620d034c842a39c747a3687866fe4988b52a1e3f","e2bb6beb199bfc576ecf2adc98bc83f014b729be832c4a4f7f2d2e09df552237",61,119,0,119,3.566e-07
"microbiome_2026","GCST90671334","Gut microbiome genus presence (Enterococcus)","taxon:enterococcus",16017,"GRCh37","2648a90d7032c268b812fc96620d034c842a39c747a3687866fe4988b52a1e3f","e2bb6beb199bfc576ecf2adc98bc83f014b729be832c4a4f7f2d2e09df552237",61,15,0,15,4.42e-07
"microbiome_2026","GCST90671335","Gut microbiome genus abundance (Dialister)","taxon:dialister",16017,"GRCh37","2648a90d7032c268b812fc96620d034c842a39c747a3687866fe4988b52a1e3f","e2bb6beb199bfc576ecf2adc98bc83f014b729be832c4a4f7f2d2e09df552237",61,40,0,40,1.047e-06
"microbiome_2026","GCST90671336","Gut microbiome genus abundance (Mediterraneibacter)","taxon:mediterraneibacter",16017,"GRCh37","2648a90d7032c268b812fc96620d034c842a39c747a3687866fe4988b52a1e3f","e2bb6beb199bfc576ecf2adc98bc83f014b729be832c4a4f7f2d2e09df552237",61,155,40,155,6.859e-10
"microbiome_2026","GCST90671337","Gut microbiome genus abundance (Eggerthella)","taxon:eggerthella",16017,"GRCh37","2648a90d7032c268b812fc96620d034c842a39c747a3687866fe4988b52a1e3f","e2bb6beb199bfc576ecf2adc98bc83f014b729be832c4a4f7f2d2e09df552237",61,51,0,51,6.901e-07
"microbiome_2026","GCST90671338","Gut microbiome genus abundance (Parasutterella)","taxon:parasutterella",16017,"GRCh37","2648a90d7032c268b812fc96620d034c842a39c747a3687866fe4988b52a1e3f","e2bb6beb199bfc576ecf2adc98bc83f014b729be832c4a4f7f2d2e09df552237",61,89,0,89,2.245e-07
"microbiome_2026","GCST90671339","Gut microbiome genus abundance (Veillonella)","taxon:veillonella",16017,"GRCh37","2648a90d7032c268b812fc96620d034c842a39c747a3687866fe4988b52a1e3f","e2bb6beb199bfc576ecf2adc98bc83f014b729be832c4a4f7f2d2e09df552237",61,69,0,69,1.45e-07
"microbiome_2026","GCST90671340","Gut microbiome genus abundance (Butyribacter)","taxon:butyribacter",16017,"GRCh37","2648a90d7032c268b812fc96620d034c842a39c747a3687866fe4988b52a1e3f","e2bb6beb199bfc576ecf2adc98bc83f014b729be832c4a4f7f2d2e09df552237",61,72,0,72,3.154e-07
"microbiome_2026","GCST90671341","Gut microbiome genus presence (Porphyromonas)","taxon:porphyromonas",16017,"GRCh37","2648a90d7032c268b812fc96620d034c842a39c747a3687866fe4988b52a1e3f","e2bb6beb199bfc576ecf2adc98bc83f014b729be832c4a4f7f2d2e09df552237",61,7,0,7,2.64e-06
"microbiome_2026","GCST90671342","Gut microbiome genus presence (Limisoma)","taxon:limisoma",16017,"GRCh37","2648a90d7032c268b812fc96620d034c842a39c747a3687866fe4988b52a1e3f","e2bb6beb199bfc576ecf2adc98bc83f014b729be832c4a4f7f2d2e09df552237",61,121,0,121,4.201e-07
"microbiome_2026","GCST90671343","Gut microbiome genus presence (COE1)","taxon:coe1",16017,"GRCh37","2648a90d7032c268b812fc96620d034c842a39c747a3687866fe4988b52a1e3f","e2bb6beb199bfc576ecf2adc98bc83f014b729be832c4a4f7f2d2e09df552237",61,56,0,56,1.111e-07
"microbiome_2026","GCST90671344","Gut microbiome genus presence (Paraprevotella)","taxon:paraprevotella",16017,"GRCh37","2648a90d7032c268b812fc96620d034c842a39c747a3687866fe4988b52a1e3f","e2bb6beb199bfc576ecf2adc98bc83f014b729be832c4a4f7f2d2e09df552237",62,60,0,60,3.735e-07
"microbiome_2026","GCST90671345","Gut microbiome genus presence (Lactobacillus)","taxon:lactobacillus",16017,"GRCh37","2648a90d7032c268b812fc96620d034c842a39c747a3687866fe4988b52a1e3f","e2bb6beb199bfc576ecf2adc98bc83f014b729be832c4a4f7f2d2e09df552237",62,61,0,61,7.072e-08
"microbiome_2026","GCST90671346","Gut microbiome genus abundance (Enterocloster)","taxon:enterocloster",16017,"GRCh37","2648a90d7032c268b812fc96620d034c842a39c747a3687866fe4988b52a1e3f","e2bb6beb199bfc576ecf2adc98bc83f014b729be832c4a4f7f2d2e09df552237",62,202,0,202,2.372e-07
"microbiome_2026","GCST90671347","Gut microbiome genus presence (Duodenibacillus)","taxon:duodenibacillus",16017,"GRCh37","2648a90d7032c268b812fc96620d034c842a39c747a3687866fe4988b52a1e3f","e2bb6beb199bfc576ecf2adc98bc83f014b729be832c4a4f7f2d2e09df552237",62,150,0,150,4.32e-07
"microbiome_2026","GCST90671348","Gut microbiome genus presence (Alloprevotella)","taxon:alloprevotella",16017,"GRCh37","2648a90d7032c268b812fc96620d034c842a39c747a3687866fe4988b52a1e3f","e2bb6beb199bfc576ecf2adc98bc83f014b729be832c4a4f7f2d2e09df552237",62,60,0,60,1.168e-06
"microbiome_2026","GCST90671349","Gut microbiome genus abundance (Flavonifractor)","taxon:flavonifractor",16017,"GRCh37","2648a90d7032c268b812fc96620d034c842a39c747a3687866fe4988b52a1e3f","e2bb6beb199bfc576ecf2adc98bc83f014b729be832c4a4f7f2d2e09df552237",62,33,0,33,6.813e-07
"microbiome_2026","GCST90671350","Gut microbiome genus abundance (Anaerobutyricum)","taxon:anaerobutyricum",16017,"GRCh37","2648a90d7032c268b812fc96620d034c842a39c747a3687866fe4988b52a1e3f","e2bb6beb199bfc576ecf2adc98bc83f014b729be832c4a4f7f2d2e09df552237",62,99,0,99,9.632e-08
"microbiome_2026","GCST90671351","Gut microbiome genus abundance (KLE1615)","taxon:kle1615",16017,"GRCh37","2648a90d7032c268b812fc96620d034c842a39c747a3687866fe4988b52a1e3f","e2bb6beb199bfc576ecf2adc98bc83f014b729be832c4a4f7f2d2e09df552237",62,45,0,45,2.294e-07
"microbiome_2026","GCST90671352","Gut microbiome genus presence (Corynebacterium)","taxon:corynebacterium",16017,"GRCh37","2648a90d7032c268b812fc96620d034c842a39c747a3687866fe4988b52a1e3f","e2bb6beb199bfc576ecf2adc98bc83f014b729be832c4a4f7f2d2e09df552237",62,69,0,69,2.333e-07
"microbiome_2026","GCST90671353","Gut microbiome genus presence (Peptidiphaga)","taxon:peptidiphaga",16017,"GRCh37","2648a90d7032c268b812fc96620d034c842a39c747a3687866fe4988b52a1e3f","e2bb6beb199bfc576ecf2adc98bc83f014b729be832c4a4f7f2d2e09df552237",62,39,1,39,1.077e-08
"microbiome_2026","GCST90671354","Gut microbiome genus abundance (Clostridium)","taxon:clostridium",16017,"GRCh37","2648a90d7032c268b812fc96620d034c842a39c747a3687866fe4988b52a1e3f","e2bb6beb199bfc576ecf2adc98bc83f014b729be832c4a4f7f2d2e09df552237",62,189,0,189,1.748e-07
"microbiome_2026","GCST90671355","Gut microbiome genus abundance (UBA11774)","taxon:uba11774",16017,"GRCh37","2648a90d7032c268b812fc96620d034c842a39c747a3687866fe4988b52a1e3f","e2bb6beb199bfc576ecf2adc98bc83f014b729be832c4a4f7f2d2e09df552237",62,33,0,33,7.391e-07
"microbiome_2026","GCST90671356","Gut microbiome genus abundance (Dysosmobacter)","taxon:dysosmobacter",16017,"GRCh37","2648a90d7032c268b812fc96620d034c842a39c747a3687866fe4988b52a1e3f","e2bb6beb199bfc576ecf2adc98bc83f014b729be832c4a4f7f2d2e09df552237",62,55,0,55,2.365e-07
"microbiome_2026","GCST90671357","Gut microbiome genus abundance (Bilophila)","taxon:bilophila",16017,"GRCh37","2648a90d7032c268b812fc96620d034c842a39c747a3687866fe4988b52a1e3f","e2bb6beb199bfc576ecf2adc98bc83f014b729be832c4a4f7f2d2e09df552237",62,51,0,51,8.722e-07
"microbiome_2026","GCST90671358","Gut microbiome genus presence (Mesosutterella)","taxon:mesosutterella",16017,"GRCh37","2648a90d7032c268b812fc96620d034c842a39c747a3687866fe4988b52a1e3f","e2bb6beb199bfc576ecf2adc98bc83f014b729be832c4a4f7f2d2e09df552237",62,57,0,57,3.91e-07
"microbiome_2026","GCST90671359","Gut microbiome genus abundance (Ventricola)","taxon:ventricola",16017,"GRCh37","2648a90d7032c268b812fc96620d034c842a39c747a3687866fe4988b52a1e3f","e2bb6beb199bfc576ecf2adc98bc83f014b729be832c4a4f7f2d2e09df552237",62,31,1,31,4.432e-08
"microbiome_2026","GCST90671360","Gut microbiome genus presence (Scatocola)","taxon:scatocola",16017,"GRCh37","2648a90d7032c268b812fc96620d034c842a39c747a3687866fe4988b52a1e3f","e2bb6beb199bfc576ecf2adc98bc83f014b729be832c4a4f7f2d2e09df552237",63,61,3,61,1.141e-08
"microbiome_2026","GCST90671361","Gut microbiome genus presence (Enterobacter)","taxon:enterobacter",16017,"GRCh37","2648a90d7032c268b812fc96620d034c842a39c747a3687866fe4988b52a1e3f","e2bb6beb199bfc576ecf2adc98bc83f014b729be832c4a4f7f2d2e09df552237",63,107,0,107,4.966e-07
"microbiome_2026","GCST90671362","Gut microbiome genus presence (Limosilactobacillus)","taxon:limosilactobacillus",16017,"GRCh37","2648a90d7032c268b812fc96620d034c842a39c747a3687866fe4988b52a1e3f","e2bb6beb199bfc576ecf2adc98bc83f014b729be832c4a4f7f2d2e09df552237",63,57,0,57,9.304e-07
"microbiome_2026","GCST90671363","Gut microbiome genus presence (Desulfovibrio)","taxon:desulfovibrio",16017,"GRCh37","2648a90d7032c268b812fc96620d034c842a39c747a3687866fe4988b52a1e3f","e2bb6beb199bfc576ecf2adc98bc83f014b729be832c4a4f7f2d2e09df552237",63,60,0,60,9.099e-07
"microbiome_2026","GCST90671364","Gut microbiome genus presence (Ellagibacter)","taxon:ellagibacter",16017,"GRCh37","2648a90d7032c268b812fc96620d034c842a39c747a3687866fe4988b52a1e3f","e2bb6beb199bfc576ecf2adc98bc83f014b729be832c4a4f7f2d2e09df552237",63,23,0,23,7.356e-07
"microbiome_2026","GCST90671365","Gut microbiome genus abundance (Acutalibacter)","taxon:acutalibacter",16017,"GRCh37","2648a90d7032c268b812fc96620d034c842a39c747a3687866fe4988b52a1e3f","e2bb6beb199bfc576ecf2adc98bc83f014b729be832c4a4f7f2d2e09df552237",63,313,1,313,3.46e-08
"microbiome_2026","GCST90671366","Gut microbiome genus presence (CAZU01)","taxon:cazu01",16017,"GRCh37","2648a90d7032c268b812fc96620d034c842a39c747a3687866fe4988b52a1e3f","e2bb6beb199bfc576ecf2adc98bc83f014b729be832c4a4f7f2d2e09df552237",63,62,0,62,5.184e-07
"microbiome_2026","GCST90671367","Gut microbiome genus abundance (Collinsella)","taxon:collinsella",16017,"GRCh37","2648a90d7032c268b812fc96620d034c842a39c747a3687866fe4988b52a1e3f","e2bb6beb199bfc576ecf2adc98bc83f014b729be832c4a4f7f2d2e09df552237",63,88,0,88,3.222e-07
"microbiome_2026","GCST90671368","Gut microbiome genus presence (Lactiplantibacillus)","taxon:lactiplantibacillus",16017,"GRCh37","2648a90d7032c268b812fc96620d034c842a39c747a3687866fe4988b52a1e3f","e2bb6beb199bfc576ecf2adc98bc83f014b729be832c4a4f7f2d2e09df552237",63,62,0,62,3.243e-07
"microbiome_2026","GCST90671369","Gut microbiome genus abundance (Oliverpabstia)","taxon:oliverpabstia",16017,"GRCh37","2648a90d7032c268b812fc96620d034c842a39c747a3687866fe4988b52a1e3f","e2bb6beb199bfc576ecf2adc98bc83f014b729be832c4a4f7f2d2e09df552237",63,230,0,230,5.39e-08
"microbiome_2026","GCST90671370","Gut microbiome genus abundance (Negativibacillus)","taxon:negativibacillus",16017,"GRCh37","2648a90d7032c268b812fc96620d034c842a39c747a3687866fe4988b52a1e3f","e2bb6beb199bfc576ecf2adc98bc83f014b729be832c4a4f7f2d2e09df552237",63,77,0,77,2.846e-07
"microbiome_2026","GCST90671371","Gut microbiome genus presence (Faecalimonas)","taxon:faecalimonas",16017,"GRCh37","2648a90d7032c268b812fc96620d034c842a39c747a3687866fe4988b52a1e3f","e2bb6beb199bfc576ecf2adc98bc83f014b729be832c4a4f7f2d2e09df552237",63,79,0,79,4.065e-07
"microbiome_2026","GCST90671372","Gut microbiome genus abundance (Limiplasma)","taxon:limiplasma",16017,"GRCh37","2648a90d7032c268b812fc96620d034c842a39c747a3687866fe4988b52a1e3f","e2bb6beb199bfc576ecf2adc98bc83f014b729be832c4a4f7f2d2e09df552237",63,75,0,75,1.315e-07
"microbiome_2026","GCST90671373","Gut microbiome genus abundance (Intestinibacter)","taxon:intestinibacter",16017,"GRCh37","2648a90d7032c268b812fc96620d034c842a39c747a3687866fe4988b52a1e3f","e2bb6beb199bfc576ecf2adc98bc83f014b729be832c4a4f7f2d2e09df552237",63,266,3,266,4.076e-08
"microbiome_2026","GCST90671374","Gut microbiome genus presence (Bulleidia)","taxon:bulleidia",16017,"GRCh37","2648a90d7032c268b812fc96620d034c842a39c747a3687866fe4988b52a1e3f","e2bb6beb199bfc576ecf2adc98bc83f014b729be832c4a4f7f2d2e09df552237",63,54,0,54,1.427e-07
"microbiome_2026","GCST90671375","Gut microbiome genus abundance (Actinomyces)","taxon:actinomyces",16017,"GRCh37","2648a90d7032c268b812fc96620d034c842a39c747a3687866fe4988b52a1e3f","e2bb6beb199bfc576ecf2adc98bc83f014b729be832c4a4f7f2d2e09df552237",63,85,0,85,5.333e-07
"microbiome_2026","GCST90671376","Gut microbiome genus abundance (Angelakisella)","taxon:angelakisella",16017,"GRCh37","2648a90d7032c268b812fc96620d034c842a39c747a3687866fe4988b52a1e3f","e2bb6beb199bfc576ecf2adc98bc83f014b729be832c4a4f7f2d2e09df552237",64,38,0,38,8.644e-07
"microbiome_2026","GCST90671377","Gut microbiome genus presence (UBA738)","taxon:uba738",16017,"GRCh37","2648a90d7032c268b812fc96620d034c842a39c747a3687866fe4988b52a1e3f","e2bb6beb199bfc576ecf2adc98bc83f014b729be832c4a4f7f2d2e09df552237",64,261,2,261,1.318e-09
"microbiome_2026","GCST90671378","Gut microbiome genus abundance (Adlercreutzia)","taxon:adlercreutzia",16017,"GRCh37","2648a90d7032c268b812fc96620d034c842a39c747a3687866fe4988b52a1e3f","e2bb6beb199bfc576ecf2adc98bc83f014b729be832c4a4f7f2d2e09df552237",64,77,0,77,6.145e-08
"microbiome_2026","GCST90671379","Gut microbiome genus presence (SFMI01)","taxon:sfmi01",16017,"GRCh37","2648a90d7032c268b812fc96620d034c842a39c747a3687866fe4988b52a1e3f","e2bb6beb199bfc576ecf2adc98bc83f014b729be832c4a4f7f2d2e09df552237",64,143,0,143,2.806e-07
"microbiome_2026","GCST90671380","Gut microbiome genus abundance (Scatomorpha)","taxon:scatomorpha",16017,"GRCh37","2648a90d7032c268b812fc96620d034c842a39c747a3687866fe4988b52a1e3f","e2bb6beb199bfc576ecf2adc98bc83f014b729be832c4a4f7f2d2e09df552237",64,232,0,232,3.162e-07
"microbiome_2026","GCST90671381","Gut microbiome genus presence (Pelethousia)","taxon:pelethousia",16017,"GRCh37","2648a90d7032c268b812fc96620d034c842a39c747a3687866fe4988b52a1e3f","e2bb6beb199bfc576ecf2adc98bc83f014b729be832c4a4f7f2d2e09df552237",64,160,0,160,1.35e-07
"microbiome_2026","GCST90671382","Gut microbiome genus abundance (Butyricimonas)","taxon:butyricimonas",16017,"GRCh37","2648a90d7032c268b812fc96620d034c842a39c747a3687866fe4988b52a1e3f","e2bb6beb199bfc576ecf2adc98bc83f014b729be832c4a4f7f2d2e09df552237",64,25,0,25,2.62e-07
"microbiome_2026","GCST90671383","Gut microbiome genus presence (Aphodocola)","taxon:aphodocola",16017,"GRCh37","2648a90d7032c268b812fc96620d034c842a39c747a3687866fe4988b52a1e3f","e2bb6beb199bfc576ecf2adc98bc83f014b729be832c4a4f7f2d2e09df552237",64,55,0,55,2.545e-06
"microbiome_2026","GCST90671384","Gut microbiome genus abundance (UBA644)","taxon:uba644",16017,"GRCh37","2648a90d7032c268b812fc96620d034c842a39c747a3687866fe4988b52a1e3f","e2bb6beb199bfc576ecf2adc98bc83f014b729be832c4a4f7f2d2e09df552237",64,31,0,31,1.537e-06
"microbiome_2026","GCST90671385","Gut microbiome genus presence (Alloscardovia)","taxon:alloscardovia",16017,"GRCh37","2648a90d7032c268b812fc96620d034c842a39c747a3687866fe4988b52a1e3f","e2bb6beb199bfc576ecf2adc98bc83f014b729be832c4a4f7f2d2e09df552237",64,120,27,120,5.271e-10
"microbiome_2026","GCST90671386","Gut microbiome genus abundance (Pauljensenia)","taxon:pauljensenia",16017,"GRCh37","2648a90d7032c268b812fc96620d034c842a39c747a3687866fe4988b52a1e3f","e2bb6beb199bfc576ecf2adc98bc83f014b729be832c4a4f7f2d2e09df552237",64,380,12,378,7.478e-10
"microbiome_2026","GCST90671387","Gut microbiome genus abundance (Dorea)","taxon:dorea",16017,"GRCh37","2648a90d7032c268b812fc96620d034c842a39c747a3687866fe4988b52a1e3f","e2bb6beb199bfc576ecf2adc98bc83f014b729be832c4a4f7f2d2e09df552237",64,46,0,46,5.176e-07
"microbiome_2026","GCST90671388","Gut microbiome genus presence (Lacticaseibacillus)","taxon:lacticaseibacillus",16017,"GRCh37","2648a90d7032c268b812fc96620d034c842a39c747a3687866fe4988b52a1e3f","e2bb6beb199bfc576ecf2adc98bc83f014b729be832c4a4f7f2d2e09df552237",64,64,0,64,9.351e-07
"microbiome_2026","GCST90671389","Gut microbiome genus presence (Limivicinus)","taxon:limivicinus",16017,"GRCh37","2648a90d7032c268b812fc96620d034c842a39c747a3687866fe4988b52a1e3f","e2bb6beb199bfc576ecf2adc98bc83f014b729be832c4a4f7f2d2e09df552237",64,134,1,134,3.861e-08
"microbiome_2026","GCST90671390","Gut microbiome genus presence (Merdousia)","taxon:merdousia",16017,"GRCh37","2648a90d7032c268b812fc96620d034c842a39c747a3687866fe4988b52a1e3f","e2bb6beb199bfc576ecf2adc98bc83f014b729be832c4a4f7f2d2e09df552237",64,88,0,88,4.33e-07
"microbiome_2026","GCST90671391","Gut microbiome genus abundance (Blautia)","taxon:blautia",16017,"GRCh37","2648a90d7032c268b812fc96620d034c842a39c747a3687866fe4988b52a1e3f","e2bb6beb199bfc576ecf2adc98bc83f014b729be832c4a4f7f2d2e09df552237",64,36,0,36,1.849e-07
"microbiome_2026","GCST90671392","Gut microbiome genus abundance (Coprobacter)","taxon:coprobacter",16017,"GRCh37","2648a90d7032c268b812fc96620d034c842a39c747a3687866fe4988b52a1e3f","e2bb6beb199bfc576ecf2adc98bc83f014b729be832c4a4f7f2d2e09df552237",65,53,0,53,7.731e-07
"microbiome_2026","GCST90671393","Gut microbiome genus presence (UBA1394)","taxon:uba1394",16017,"GRCh37","2648a90d7032c268b812fc96620d034c842a39c747a3687866fe4988b52a1e3f","e2bb6beb199bfc576ecf2adc98bc83f014b729be832c4a4f7f2d2e09df552237",65,205,0,205,1.332e-07
"microbiome_2026","GCST90671394","Gut microbiome genus abundance (Bariatricus)","taxon:bariatricus",16017,"GRCh37","2648a90d7032c268b812fc96620d034c842a39c747a3687866fe4988b52a1e3f","e2bb6beb199bfc576ecf2adc98bc83f014b729be832c4a4f7f2d2e09df552237",65,95,0,95,1.197e-07
"microbiome_2026","GCST90671395","Gut microbiome genus abundance (UBA737)","taxon:uba737",16017,"GRCh37","2648a90d7032c268b812fc96620d034c842a39c747a3687866fe4988b52a1e3f","e2bb6beb199bfc576ecf2adc98bc83f014b729be832c4a4f7f2d2e09df552237",65,184,0,184,9.597e-08
"microbiome_2026","GCST90671396","Gut microbiome genus presence (Paratractidigestivibacter)","taxon:paratractidigestivibacter",16017,"GRCh37","2648a90d7032c268b812fc96620d034c842a39c747a3687866fe4988b52a1e3f","e2bb6beb199bfc576ecf2adc98bc83f014b729be832c4a4f7f2d2e09df552237",65,41,0,41,4.482e-07
"microbiome_2026","GCST90671397","Gut microbiome genus presence (Merdicola)","taxon:merdicola",16017,"GRCh37","2648a90d7032c268b812fc96620d034c842a39c747a3687866fe4988b52a1e3f","e2bb6beb199bfc576ecf2adc98bc83f014b729be832c4a4f7f2d2e09df552237",65,116,2,116,1.106e-08
"microbiome_2026","GCST90671398","Gut microbiome genus abundance (Fimisoma)","taxon:fimisoma",16017,"GRCh37","2648a90d7032c268b812fc96620d034c842a39c747a3687866fe4988b52a1e3f","e2bb6beb199bfc576ecf2adc98bc83f014b729be832c4a4f7f2d2e09df552237",65,59,0,59,1.732e-07
"microbiome_2026","GCST90671399","Gut microbiome genus abundance (Lawsonibacter)","taxon:lawsonibacter",16017,"GRCh37","2648a90d7032c268b812fc96620d034c842a39c747a3687866fe4988b52a1e3f","e2bb6beb199bfc576ecf2adc98bc83f014b729be832c4a4f7f2d2e09df552237",65,33,0,33,3.166e-07
"microbiome_2026","GCST90671400","Gut microbiome genus abundance (Rothia)","taxon:rothia",16017,"GRCh37","2648a90d7032c268b812fc96620d034c842a39c747a3687866fe4988b52a1e3f","e2bb6beb199bfc576ecf2adc98bc83f014b729be832c4a4f7f2d2e09df552237",65,68,0,68,3.303e-07
"microbiome_2026","GCST90671401","Gut microbiome genus presence (UMGS1312)","taxon:umgs1312",16017,"GRCh37","2648a90d7032c268b812fc96620d034c842a39c747a3687866fe4988b52a1e3f","e2bb6beb199bfc576ecf2adc98bc83f014b729be832c4a4f7f2d2e09df552237",65,110,0,110,2.979e-07
"microbiome_2026","GCST90671402","Gut microbiome genus presence (Nanogingivalis)","taxon:nanogingivalis",16017,"GRCh37","2648a90d7032c268b812fc96620d034c842a39c747a3687866fe4988b52a1e3f","e2bb6beb199bfc576ecf2adc98bc83f014b729be832c4a4f7f2d2e09df552237",65,81,0,81,1.112e-07
"microbiome_2026","GCST90671403","Gut microbiome genus presence (UBA1685)","taxon:uba1685",16017,"GRCh37","2648a90d7032c268b812fc96620d034c842a39c747a3687866fe4988b52a1e3f","e2bb6beb199bfc576ecf2adc98bc83f014b729be832c4a4f7f2d2e09df552237",65,313,0,313,5.427e-08
"microbiome_2026","GCST90671404","Gut microbiome genus presence (Onthousia)","taxon:onthousia",16017,"GRCh37","2648a90d7032c268b812fc96620d034c842a39c747a3687866fe4988b52a1e3f","e2bb6beb199bfc576ecf2adc98bc83f014b729be832c4a4f7f2d2e09df552237",65,112,0,112,9.92e-08
"microbiome_2026","GCST90671405","Gut microbiome genus presence (UMGS1781)","taxon:umgs1781",16017,"GRCh37","2648a90d7032c268b812fc96620d034c842a39c747a3687866fe4988b52a1e3f","e2bb6beb199bfc576ecf2adc98bc83f014b729be832c4a4f7f2d2e09df552237",65,132,0,132,4.975e-07
"microbiome_2026","GCST90671406","Gut microbiome genus presence (Fimivicinus)","taxon:fimivicinus",16017,"GRCh37","2648a90d7032c268b812fc96620d034c842a39c747a3687866fe4988b52a1e3f","e2bb6beb199bfc576ecf2adc98bc83f014b729be832c4a4f7f2d2e09df552237",65,119,0,119,6.078e-07
"microbiome_2026","GCST90671407","Gut microbiome genus presence (QAMH01)","taxon:qamh01",16017,"GRCh37","2648a90d7032c268b812fc96620d034c842a39c747a3687866fe4988b52a1e3f","e2bb6beb199bfc576ecf2adc98bc83f014b729be832c4a4f7f2d2e09df552237",65,84,0,84,2.174e-07
"microbiome_2026","GCST90671408","Gut microbiome genus abundance (Romboutsia)","taxon:romboutsia",16017,"GRCh37","2648a90d7032c268b812fc96620d034c842a39c747a3687866fe4988b52a1e3f","e2bb6beb199bfc576ecf2adc98bc83f014b729be832c4a4f7f2d2e09df552237",66,166,0,166,9.554e-08
"microbiome_2026","GCST90671409","Gut microbiome genus abundance (Ventrimonas)","taxon:ventrimonas",16017,"GRCh37","2648a90d7032c268b812fc96620d034c842a39c747a3687866fe4988b52a1e3f","e2bb6beb199bfc576ecf2adc98bc83f014b729be832c4a4f7f2d2e09df552237",66,72,0,72,1.088e-06
"microbiome_2026","GCST90671410","Gut microbiome genus presence (Woodwardibium)","taxon:woodwardibium",16017,"GRCh37","2648a90d7032c268b812fc96620d034c842a39c747a3687866fe4988b52a1e3f","e2bb6beb199bfc576ecf2adc98bc83f014b729be832c4a4f7f2d2e09df552237",66,99,0,99,3.276e-07
"microbiome_2026","GCST90671411","Gut microbiome genus abundance (Evtepia)","taxon:evtepia",16017,"GRCh37","2648a90d7032c268b812fc96620d034c842a39c747a3687866fe4988b52a1e3f","e2bb6beb199bfc576ecf2adc98bc83f014b729be832c4a4f7f2d2e09df552237",66,84,0,84,1.449e-07
"microbiome_2026","GCST90671412","Gut microbiome genus presence (Faecalitalea)","taxon:faecalitalea",16017,"GRCh37","2648a90d7032c268b812fc96620d034c842a39c747a3687866fe4988b52a1e3f","e2bb6beb199bfc576ecf2adc98bc83f014b729be832c4a4f7f2d2e09df552237",66,35,0,35,1.906e-06
"microbiome_2026","GCST90671413","Gut microbiome genus abundance (Onthomonas)","taxon:onthomonas",16017,"GRCh37","2648a90d7032c268b812fc96620d034c842a39c747a3687866fe4988b52a1e3f","e2bb6beb199bfc576ecf2adc98bc83f014b729be832c4a4f7f2d2e09df552237",66,48,0,48,2.051e-07
"microbiome_2026","GCST90671414","Gut microbiome genus presence (Sellimonas)","taxon:sellimonas",16017,"GRCh37","2648a90d7032c268b812fc96620d034c842a39c747a3687866fe4988b52a1e3f","e2bb6beb199bfc576ecf2adc98bc83f014b729be832c4a4f7f2d2e09df552237",66,60,4,60,1.058e-09
"microbiome_2026","GCST90671415","Gut microbiome genus presence (UBA7173)","taxon:uba7173",16017,"GRCh37","2648a90d7032c268b812fc96620d034c842a39c747a3687866fe4988b52a1e3f","e2bb6beb199bfc576ecf2adc98bc83f014b729be832c4a4f7f2d2e09df552237",66,44,0,44,1.208e-07
"microbiome_2026","GCST90671416","Gut microbiome genus presence (Varibaculum)","taxon:varibaculum",16017,"GRCh37","2648a90d7032c268b812fc96620d034c842a39c747a3687866fe4988b52a1e3f","e2bb6beb199bfc576ecf2adc98bc83f014b729be832c4a4f7f2d2e09df552237",66,31,0,31,2.379e-07
"microbiome_2026","GCST90671417","Gut microbiome genus presence (UBA6398)","taxon:uba6398",16017,"GRCh37","2648a90d7032c268b812fc96620d034c842a39c747a3687866fe4988b52a1e3f","e2bb6beb199bfc576ecf2adc98bc83f014b729be832c4a4f7f2d2e09df552237",66,35,0,35,8.897e-07
"microbiome_2026","GCST90671418","Gut microbiome genus presence (Acidaminococcus)","taxon:acidaminococcus",16017,"GRCh37","2648a90d7032c268b812fc96620d034c842a39c747a3687866fe4988b52a1e3f","e2bb6beb199bfc576ecf2adc98bc83f014b729be832c4a4f7f2d2e09df552237",66,33,0,33,1.194e-06
"microbiome_2026","GCST90671419","Gut microbiome genus abundance (Hungatella)","taxon:hungatella",16017,"GRCh37","2648a90d7032c268b812fc96620d034c842a39c747a3687866fe4988b52a1e3f","e2bb6beb199bfc576ecf2adc98bc83f014b729be832c4a4f7f2d2e09df552237",66,75,1,75,7.578e-09
"microbiome_2026","GCST90671420","Gut microbiome genus abundance (Merdibacter)","taxon:merdibacter",16017,"GRCh37","2648a90d7032c268b812fc96620d034c842a39c747a3687866fe4988b52a1e3f","e2bb6beb199bfc576ecf2adc98bc83f014b729be832c4a4f7f2d2e09df552237",66,70,0,70,6.862e-07
"microbiome_2026","GCST90671421","Gut microbiome genus presence (Merdimorpha)","taxon:merdimorpha",16017,"GRCh37","2648a90d7032c268b812fc96620d034c842a39c747a3687866fe4988b52a1e3f","e2bb6beb199bfc576ecf2adc98bc83f014b729be832c4a4f7f2d2e09df552237",66,66,0,66,1.404e-07
"microbiome_2026","GCST90671422","Gut microbiome genus abundance (Lactococcus)","taxon:lactococcus",16017,"GRCh37","2648a90d7032c268b812fc96620d034c842a39c747a3687866fe4988b52a1e3f","e2bb6beb199bfc576ecf2adc98bc83f014b729be832c4a4f7f2d2e09df552237",66,190,0,190,1.888e-07
"microbiome_2026","GCST90671423","Gut microbiome genus presence (Ruminococcus)","taxon:ruminococcus",16017,"GRCh37","2648a90d7032c268b812fc96620d034c842a39c747a3687866fe4988b52a1e3f","e2bb6beb199bfc576ecf2adc98bc83f014b729be832c4a4f7f2d2e09df552237",66,75,0,75,2.319e-07
"microbiome_2026","GCST90671424","Gut microbiome genus presence (UBA1829)","taxon:uba1829",16017,"GRCh37","2648a90d7032c268b812fc96620d034c842a39c747a3687866fe4988b52a1e3f","e2bb6beb199bfc576ecf2adc98bc83f014b729be832c4a4f7f2d2e09df552237",67,103,0,103,3.856e-07
"microbiome_2026","GCST90671425","Gut microbiome genus presence (UBA11471)","taxon:uba11471",16017,"GRCh37","2648a90d7032c268b812fc96620d034c842a39c747a3687866fe4988b52a1e3f","e2bb6beb199bfc576ecf2adc98bc83f014b729be832c4a4f7f2d2e09df552237",67,210,0,210,6.998e-08
"microbiome_2026","GCST90671426","Gut microbiome genus presence (UBA7597)","taxon:uba7597",16017,"GRCh37","2648a90d7032c268b812fc96620d034c842a39c747a3687866fe4988b52a1e3f","e2bb6beb199bfc576ecf2adc98bc83f014b729be832c4a4f7f2d2e09df552237",67,130,25,130,4.439e-09
"microbiome_2026","GCST90671427","Gut microbiome genus presence (UMGS872)","taxon:umgs872",16017,"GRCh37","2648a90d7032c268b812fc96620d034c842a39c747a3687866fe4988b52a1e3f","e2bb6beb199bfc576ecf2adc98bc83f014b729be832c4a4f7f2d2e09df552237",67,36,0,36,4.323e-07
"microbiome_2026","GCST90671428","Gut microbiome genus presence (UMGS911)","taxon:umgs911",16017,"GRCh37","2648a90d7032c268b812fc96620d034c842a39c747a3687866fe4988b52a1e3f","e2bb6beb199bfc576ecf2adc98bc83f014b729be832c4a4f7f2d2e09df552237",67,122,0,122,4.113e-07
"microbiome_2026","GCST90671429","Gut microbiome genus presence (Aphodomorpha)","taxon:aphodomorpha",16017,"GRCh37","2648a90d7032c268b812fc96620d034c842a39c747a3687866fe4988b52a1e3f","e2bb6beb199bfc576ecf2adc98bc83f014b729be832c4a4f7f2d2e09df552237",67,78,0,78,6.101e-08
"microbiome_2026","GCST90671430","Gut microbiome genus presence (Enorma)","taxon:enorma",16017,"GRCh37","2648a90d7032c268b812fc96620d034c842a39c747a3687866fe4988b52a1e3f","e2bb6beb199bfc576ecf2adc98bc83f014b729be832c4a4f7f2d2e09df552237",67,19,0,19,1.105e-06
"microbiome_2026","GCST90671431","Gut microbiome genus presence (Senegalimassilia)","taxon:senegalimassilia",16017,"GRCh37","2648a90d7032c268b812fc96620d034c842a39c747a3687866fe4988b52a1e3f","e2bb6beb199bfc576ecf2adc98bc83f014b729be832c4a4f7f2d2e09df552237",67,94,0,94,3.251e-07
"microbiome_2026","GCST90671432","Gut microbiome genus abundance (Spyradocola)","taxon:spyradocola",16017,"GRCh37","2648a90d7032c268b812fc96620d034c842a39c747a3687866fe4988b52a1e3f","e2bb6beb199bfc576ecf2adc98bc83f014b729be832c4a4f7f2d2e09df552237",67,94,1,94,3.806e-08
"microbiome_2026","GCST90671433","Gut microbiome genus presence (Stercorousia)","taxon:stercorousia",16017,"GRCh37","2648a90d7032c268b812fc96620d034c842a39c747a3687866fe4988b52a1e3f","e2bb6beb199bfc576ecf2adc98bc83f014b729be832c4a4f7f2d2e09df552237",67,33,0,33,5.06e-08
"microbiome_2026","GCST90671434","Gut microbiome genus presence (UBA10281)","taxon:uba10281",16017,"GRCh37","2648a90d7032c268b812fc96620d034c842a39c747a3687866fe4988b52a1e3f","e2bb6beb199bfc576ecf2adc98bc83f014b729be832c4a4f7f2d2e09df552237",67,78,4,78,3.128e-08
"microbiome_2026","GCST90671435","Gut microbiome genus abundance (UMGS1071)","taxon:umgs1071",16017,"GRCh37","2648a90d7032c268b812fc96620d034c842a39c747a3687866fe4988b52a1e3f","e2bb6beb199bfc576ecf2adc98bc83f014b729be832c4a4f7f2d2e09df552237",67,68,1,68,4.426e-08
"microbiome_2026","GCST90671436","Gut microbiome genus presence (Parolsenella)","taxon:parolsenella",16017,"GRCh37","2648a90d7032c268b812fc96620d034c842a39c747a3687866fe4988b52a1e3f","e2bb6beb199bfc576ecf2adc98bc83f014b729be832c4a4f7f2d2e09df552237",67,67,0,67,5.397e-07
"microbiome_2026","GCST90671437","Gut microbiome genus presence (Propionibacterium)","taxon:propionibacterium",16017,"GRCh37","2648a90d7032c268b812fc96620d034c842a39c747a3687866fe4988b52a1e3f","e2bb6beb199bfc576ecf2adc98bc83f014b729be832c4a4f7f2d2e09df552237",67,157,0,157,9.87e-08
"microbiome_2026","GCST90671438","Gut microbiome genus presence (Succiniclasticum)","taxon:succiniclasticum",16017,"GRCh37","2648a90d7032c268b812fc96620d034c842a39c747a3687866fe4988b52a1e3f","e2bb6beb199bfc576ecf2adc98bc83f014b729be832c4a4f7f2d2e09df552237",67,33,0,33,1.824e-06
"microbiome_2026","GCST90671439","Gut microbiome genus abundance (Schaedlerella)","taxon:schaedlerella",16017,"GRCh37","2648a90d7032c268b812fc96620d034c842a39c747a3687866fe4988b52a1e3f","e2bb6beb199bfc576ecf2adc98bc83f014b729be832c4a4f7f2d2e09df552237",67,42,0,42,7.517e-08
"microbiome_2026","GCST90671440","Gut microbiome genus presence (Parvimonas)","taxon:parvimonas",16017,"GRCh37","2648a90d7032c268b812fc96620d034c842a39c747a3687866fe4988b52a1e3f","e2bb6beb199bfc576ecf2adc98bc83f014b729be832c4a4f7f2d2e09df552237",68,38,0,38,5.317e-07
"microbiome_2026","GCST90671441","Gut microbiome genus presence (Scardovia)","taxon:scardovia",16017,"GRCh37","2648a90d7032c268b812fc96620d034c842a39c747a3687866fe4988b52a1e3f","e2bb6beb199bfc576ecf2adc98bc83f014b729be832c4a4f7f2d2e09df552237",68,144,0,144,1.082e-07
"microbiome_2026","GCST90671442","Gut microbiome genus abundance (UBA3402)","taxon:uba3402",16017,"GRCh37","2648a90d7032c268b812fc96620d034c842a39c747a3687866fe4988b52a1e3f","e2bb6beb199bfc576ecf2adc98bc83f014b729be832c4a4f7f2d2e09df552237",68,130,0,130,8.447e-08
"microbiome_2026","GCST90671443","Gut microbiome genus abundance (Egerieenecus)","taxon:egerieenecus",16017,"GRCh37","2648a90d7032c268b812fc96620d034c842a39c747a3687866fe4988b52a1e3f","e2bb6beb199bfc576ecf2adc98bc83f014b729be832c4a4f7f2d2e09df552237",68,63,15,63,1.269e-08
"microbiome_2026","GCST90671444","Gut microbiome genus abundance (Enterenecus)","taxon:enterenecus",16017,"GRCh37","2648a90d7032c268b812fc96620d034c842a39c747a3687866fe4988b52a1e3f","e2bb6beb199bfc576ecf2adc98bc83f014b729be832c4a4f7f2d2e09df552237",68,108,0,108,4.21e-07
"microbiome_2026","GCST90671445","Gut microbiome genus presence (UBA11452)","taxon:uba11452",16017,"GRCh37","2648a90d7032c268b812fc96620d034c842a39c747a3687866fe4988b52a1e3f","e2bb6beb199bfc576ecf2adc98bc83f014b729be832c4a4f7f2d2e09df552237",68,64,0,64,1.292e-06
"microbiome_2026","GCST90671446","Gut microbiome genus presence (Caccosoma)","taxon:caccosoma",16017,"GRCh37","2648a90d7032c268b812fc96620d034c842a39c747a3687866fe4988b52a1e3f","e2bb6beb199bfc576ecf2adc98bc83f014b729be832c4a4f7f2d2e09df552237",68,90,0,90,3.203e-07
"microbiome_2026","GCST90671447","Gut microbiome genus abundance (Choladocola)","taxon:choladocola",16017,"GRCh37","2648a90d7032c268b812fc96620d034c842a39c747a3687866fe4988b52a1e3f","e2bb6beb199bfc576ecf2adc98bc83f014b729be832c4a4f7f2d2e09df552237",68,139,0,139,7.604e-08
"microbiome_2026","GCST90671448","Gut microbiome genus presence (Cloacibacillus)","taxon:cloacibacillus",16017,"GRCh37","2648a90d7032c268b812fc96620d034c842a39c747a3687866fe4988b52a1e3f","e2bb6beb199bfc576ecf2adc98bc83f014b729be832c4a4f7f2d2e09df552237",68,58,0,58,4.484e-07
"microbiome_2026","GCST90671449","Gut microbiome genus presence (Faeciplasma)","taxon:faeciplasma",16017,"GRCh37","2648a90d7032c268b812fc96620d034c842a39c747a3687866fe4988b52a1e3f","e2bb6beb199bfc576ecf2adc98bc83f014b729be832c4a4f7f2d2e09df552237",68,59,26,59,1.17e-09
"microbiome_2026","GCST90671450","Gut microbiome genus presence (UBA11512)","taxon:uba11512",16017,"GRCh37","2648a90d7032c268b812fc96620d034c842a39c747a3687866fe4988b52a1e3f","e2bb6beb199bfc576ecf2adc98bc83f014b729be832c4a4f7f2d2e09df552237",68,55,3,55,2.273e-08
"microbiome_2026","GCST90671451","Gut microbiome genus presence (UMGS1820)","taxon:umgs1820",16017,"GRCh37","2648a90d7032c268b812fc96620d034c842a39c747a3687866fe4988b52a1e3f","e2bb6beb199bfc576ecf2adc98bc83f014b729be832c4a4f7f2d2e09df552237",68,93,0,93,1.395e-07
"microbiome_2026","GCST90671452","Gut microbiome genus presence (Victivallis)","taxon:victivallis",16017,"GRCh37","2648a90d7032c268b812fc96620d034c842a39c747a3687866fe4988b52a1e3f","e2bb6beb199bfc576ecf2adc98bc83f014b729be832c4a4f7f2d2e09df552237",68,310,0,310,2.614e-07
"microbiome_2026","GCST90671453","Gut microbiome genus presence (Fimimonas)","taxon:fimimonas",16017,"GRCh37","2648a90d7032c268b812fc96620d034c842a39c747a3687866fe4988b52a1e3f","e2bb6beb199bfc576ecf2adc98bc83f014b729be832c4a4f7f2d2e09df552237",68,120,0,120,2.503e-07
"microbiome_2026","GCST90671454","Gut microbiome genus presence (UMGS1865)","taxon:umgs1865",16017,"GRCh37","2648a90d7032c268b812fc96620d034c842a39c747a3687866fe4988b52a1e3f","e2bb6beb199bfc576ecf2adc98bc83f014b729be832c4a4f7f2d2e09df552237",68,28,0,28,6.348e-07
"microbiome_2026","GCST90671455","Gut microbiome genus abundance (UMGS856)","taxon:umgs856",16017,"GRCh37","2648a90d7032c268b812fc96620d034c842a39c747a3687866fe4988b52a1e3f","e2bb6beb199bfc576ecf2adc98bc83f014b729be832c4a4f7f2d2e09df552237",68,108,0,108,3.797e-07
"microbiome_2026","GCST90671456","Gut microbiome genus presence (Oribacterium)","taxon:oribacterium",16017,"GRCh37","2648a90d7032c268b812fc96620d034c842a39c747a3687866fe4988b52a1e3f","e2bb6beb199bfc576ecf2adc98bc83f014b729be832c4a4f7f2d2e09df552237",69,36,0,36,9.606e-07
"microbiome_2026","GCST90671457","Gut microbiome genus presence (Pediococcus)","taxon:pediococcus",16017,"GRCh37","2648a90d7032c268b812fc96620d034c842a39c747a3687866fe4988b52a1e3f","e2bb6beb199bfc576ecf2adc98bc83f014b729be832c4a4f7f2d2e09df552237",69,233,0,233,6.761e-07
"microbiome_2026","GCST90671458","Gut microbiome genus presence (QALW01)","taxon:qalw01",16017,"GRCh37","2648a90d7032c268b812fc96620d034c842a39c747a3687866fe4988b52a1e3f","e2bb6beb199bfc576ecf2adc98bc83f014b729be832c4a4f7f2d2e09df552237",69,78,0,78,1.123e-06
"microbiome_2026","GCST90671459","Gut microbiome genus abundance (Limivivens)","taxon:limivivens",16017,"GRCh37","2648a90d7032c268b812fc96620d034c842a39c747a3687866fe4988b52a1e3f","e2bb6beb199bfc576ecf2adc98bc83f014b729be832c4a4f7f2d2e09df552237",69,61,0,61,3.16e-07
"microbiome_2026","GCST90671460","Gut microbiome genus presence (UMGS1279)","taxon:umgs1279",16017,"GRCh37","2648a90d7032c268b812fc96620d034c842a39c747a3687866fe4988b52a1e3f","e2bb6beb199bfc576ecf2adc98bc83f014b729be832c4a4f7f2d2e09df552237",69,76,0,76,7.702e-07
"microbiome_2026","GCST90671461","Gut microbiome genus abundance (UMGS1975)","taxon:umgs1975",16017,"GRCh37","2648a90d7032c268b812fc96620d034c842a39c747a3687866fe4988b52a1e3f","e2bb6beb199bfc576ecf2adc98bc83f014b729be832c4a4f7f2d2e09df552237",69,28,0,28,1.348e-07
"microbiome_2026","GCST90671462","Gut microbiome genus presence (UMGS973)","taxon:umgs973",16017,"GRCh37","2648a90d7032c268b812fc96620d034c842a39c747a3687866fe4988b52a1e3f","e2bb6beb199bfc576ecf2adc98bc83f014b729be832c4a4f7f2d2e09df552237",69,68,0,68,4.231e-07
"microbiome_2026","GCST90671463","Gut microbiome genus presence (Coprobacillus)","taxon:coprobacillus",16017,"GRCh37","2648a90d7032c268b812fc96620d034c842a39c747a3687866fe4988b52a1e3f","e2bb6beb199bfc576ecf2adc98bc83f014b729be832c4a4f7f2d2e09df552237",69,129,38,129,2.882e-17
"microbiome_2026","GCST90671464","Gut microbiome genus abundance (HGM13006)","taxon:hgm13006",16017,"GRCh37","2648a90d7032c268b812fc96620d034c842a39c747a3687866fe4988b52a1e3f","e2bb6beb199bfc576ecf2adc98bc83f014b729be832c4a4f7f2d2e09df552237",69,38,0,38,7.491e-07
"microbiome_2026","GCST90671465","Gut microbiome genus abundance (Mogibacterium)","taxon:mogibacterium",16017,"GRCh37","2648a90d7032c268b812fc96620d034c842a39c747a3687866fe4988b52a1e3f","e2bb6beb199bfc576ecf2adc98bc83f014b729be832c4a4f7f2d2e09df552237",69,136,9,136,1.434e-09
"microbiome_2026","GCST90671466","Gut microbiome genus presence (HGM12669)","taxon:hgm12669",16017,"GRCh37","2648a90d7032c268b812fc96620d034c842a39c747a3687866fe4988b52a1e3f","e2bb6beb199bfc576ecf2adc98bc83f014b729be832c4a4f7f2d2e09df552237",69,95,0,95,1.133e-07
"microbiome_2026","GCST90671467","Gut microbiome genus presence (Merdivicinus)","taxon:merdivicinus",16017,"GRCh37","2648a90d7032c268b812fc96620d034c842a39c747a3687866fe4988b52a1e3f","e2bb6beb199bfc576ecf2adc98bc83f014b729be832c4a4f7f2d2e09df552237",69,38,0,38,6.036e-07
"microbiome_2026","GCST90671468","Gut microbiome genus presence (UMGS172)","taxon:umgs172",16017,"GRCh37","2648a90d7032c268b812fc96620d034c842a39c747a3687866fe4988b52a1e3f","e2bb6beb199bfc576ecf2adc98bc83f014b729be832c4a4f7f2d2e09df552237",69,148,0,148,8.036e-07
"microbiome_2026","GCST90671469","Gut microbiome genus presence (UMGS1994)","taxon:umgs1994",16017,"GRCh37","2648a90d7032c268b812fc96620d034c842a39c747a3687866fe4988b52a1e3f","e2bb6beb199bfc576ecf2adc98bc83f014b729be832c4a4f7f2d2e09df552237",69,114,12,114,1.049e-08
"microbiome_2026","GCST90671470","Gut microbiome genus presence (V9D3004)","taxon:v9d3004",16017,"GRCh37","2648a90d7032c268b812fc96620d034c842a39c747a3687866fe4988b52a1e3f","e2bb6beb199bfc576ecf2adc98bc83f014b729be832c4a4f7f2d2e09df552237",69,163,25,163,2.983e-09
"microbiome_2026","GCST90671471","Gut microbiome genus presence (Eubacterium)","taxon:eubacterium",16017,"GRCh37","2648a90d7032c268b812fc96620d034c842a39c747a3687866fe4988b52a1e3f","e2bb6beb199bfc576ecf2adc98bc83f014b729be832c4a4f7f2d2e09df552237",69,58,0,58,1.022e-07
"microbiome_2026","GCST90671472","Gut microbiome genus abundance (Intestinimonas)","taxon:intestinimonas",16017,"GRCh37","2648a90d7032c268b812fc96620d034c842a39c747a3687866fe4988b52a1e3f","e2bb6beb199bfc576ecf2adc98bc83f014b729be832c4a4f7f2d2e09df552237",70,73,0,73,2.623e-07
"microbiome_2026","GCST90671473","Gut microbiome genus presence (Longicatena)","taxon:longicatena",16017,"GRCh37","2648a90d7032c268b812fc96620d034c842a39c747a3687866fe4988b52a1e3f","e2bb6beb199bfc576ecf2adc98bc83f014b729be832c4a4f7f2d2e09df552237",70,141,0,141,6.57e-07
"microbiome_2026","GCST90671474","Gut microbiome genus abundance (Massilistercora)","taxon:massilistercora",16017,"GRCh37","2648a90d7032c268b812fc96620d034c842a39c747a3687866fe4988b52a1e3f","e2bb6beb199bfc576ecf2adc98bc83f014b729be832c4a4f7f2d2e09df552237",70,231,7,231,2.662e-08
"microbiome_2026","GCST90671475","Gut microbiome genus abundance (Scatosoma)","taxon:scatosoma",16017,"GRCh37","2648a90d7032c268b812fc96620d034c842a39c747a3687866fe4988b52a1e3f","e2bb6beb199bfc576ecf2adc98bc83f014b729be832c4a4f7f2d2e09df552237",70,64,0,64,1.396e-07
"microbiome_2026","GCST90671476","Gut microbiome genus presence (UBA4285)","taxon:uba4285",16017,"GRCh37","2648a90d7032c268b812fc96620d034c842a39c747a3687866fe4988b52a1e3f","e2bb6beb199bfc576ecf2adc98bc83f014b729be832c4a4f7f2d2e09df552237",70,73,0,73,3.474e-07
"microbiome_2026","GCST90671477","Gut microbiome genus presence (UMGS1370)","taxon:umgs1370",16017,"GRCh37","2648a90d7032c268b812fc96620d034c842a39c747a3687866fe4988b52a1e3f","e2bb6beb199bfc576ecf2adc98bc83f014b729be832c4a4f7f2d2e09df552237",70,39,0,39,2.935e-07
"microbiome_2026","GCST90671478","Gut microbiome genus presence (UMGS621)","taxon:umgs621",16017,"GRCh37","2648a90d7032c268b812fc96620d034c842a39c747a3687866fe4988b52a1e3f","e2bb6beb199bfc576ecf2adc98bc83f014b729be832c4a4f7f2d2e09df552237",70,85,0,85,3.082e-07
"microbiome_2026","GCST90671479","Gut microbiome genus presence (UMGS902)","taxon:umgs902",16017,"GRCh37","2648a90d7032c268b812fc96620d034c842a39c747a3687866fe4988b52a1e3f","e2bb6beb199bfc576ecf2adc98bc83f014b729be832c4a4f7f2d2e09df552237",70,147,0,147,7.973e-07
"microbiome_2026","GCST90671480","Gut microbiome genus presence (Allisonella)","taxon:allisonella",16017,"GRCh37","2648a90d7032c268b812fc96620d034c842a39c747a3687866fe4988b52a1e3f","e2bb6beb199bfc576ecf2adc98bc83f014b729be832c4a4f7f2d2e09df552237",70,72,0,72,2.144e-07
"microbiome_2026","GCST90671481","Gut microbiome genus abundance (Anaeromassilibacillus)","taxon:anaeromassilibacillus",16017,"GRCh37","2648a90d7032c268b812fc96620d034c842a39c747a3687866fe4988b52a1e3f","e2bb6beb199bfc576ecf2adc98bc83f014b729be832c4a4f7f2d2e09df552237",70,93,0,93,1.062e-06
"microbiome_2026","GCST90671482","Gut microbiome genus abundance (Borkfalkia)","taxon:borkfalkia",16017,"GRCh37","2648a90d7032c268b812fc96620d034c842a39c747a3687866fe4988b52a1e3f","e2bb6beb199bfc576ecf2adc98bc83f014b729be832c4a4f7f2d2e09df552237",70,153,0,153,8.131e-07
"microbiome_2026","GCST90671483","Gut microbiome genus presence (Egerieisoma)","taxon:egerieisoma",16017,"GRCh37","2648a90d7032c268b812fc96620d034c842a39c747a3687866fe4988b52a1e3f","e2bb6beb199bfc576ecf2adc98bc83f014b729be832c4a4f7f2d2e09df552237",70,34,1,34,4.381e-08
"microbiome_2026","GCST90671484","Gut microbiome genus presence (Scatenecus)","taxon:scatenecus",16017,"GRCh37","2648a90d7032c268b812fc96620d034c842a39c747a3687866fe4988b52a1e3f","e2bb6beb199bfc576ecf2adc98bc83f014b729be832c4a4f7f2d2e09df552237",70,69,0,69,4.178e-07
"microbiome_2026","GCST90671485","Gut microbiome genus presence (Fournierella)","taxon:fournierella",16017,"GRCh37","2648a90d7032c268b812fc96620d034c842a39c747a3687866fe4988b52a1e3f","e2bb6beb199bfc576ecf2adc98bc83f014b729be832c4a4f7f2d2e09df552237",70,94,0,94,2.313e-07
"microbiome_2026","GCST90671486","Gut microbiome genus presence (HGM11501)","taxon:hgm11501",16017,"GRCh37","2648a90d7032c268b812fc96620d034c842a39c747a3687866fe4988b52a1e3f","e2bb6beb199bfc576ecf2adc98bc83f014b729be832c4a4f7f2d2e09df552237",70,71,3,71,9.859e-09
"microbiome_2026","GCST90671487","Gut microbiome genus presence (HGM13222)","taxon:hgm13222",16017,"GRCh37","2648a90d7032c268b812fc96620d034c842a39c747a3687866fe4988b52a1e3f","e2bb6beb199bfc576ecf2adc98bc83f014b729be832c4a4f7f2d2e09df552237",70,149,0,149,1.298e-07
"microbiome_2026","GCST90671488","Gut microbiome genus presence (Merdimonas)","taxon:merdimonas",16017,"GRCh37","2648a90d7032c268b812fc96620d034c842a39c747a3687866fe4988b52a1e3f","e2bb6beb199bfc576ecf2adc98bc83f014b729be832c4a4f7f2d2e09df552237",71,72,1,72,4.124e-08
"microbiome_2026","GCST90671489","Gut microbiome genus presence (Pelethomonas)","taxon:pelethomonas",16017,"GRCh37","2648a90d7032c268b812fc96620d034c842a39c747a3687866fe4988b52a1e3f","e2bb6beb199bfc576ecf2adc98bc83f014b729be832c4a4f7f2d2e09df552237",71,71,0,71,2.096e-07
"microbiome_2026","GCST90671490","Gut microbiome genus abundance (Anaerotruncus)","taxon:anaerotruncus",16017,"GRCh37","2648a90d7032c268b812fc96620d034c842a39c747a3687866fe4988b52a1e3f","e2bb6beb199bfc576ecf2adc98bc83f014b729be832c4a4f7f2d2e09df552237",71,37,1,37,2.168e-08
"microbiome_2026","GCST90671491","Gut microbiome genus presence (Faecivicinus)","taxon:faecivicinus",16017,"GRCh37","2648a90d7032c268b812fc96620d034c842a39c747a3687866fe4988b52a1e3f","e2bb6beb199bfc576ecf2adc98bc83f014b729be832c4a4f7f2d2e09df552237",71,66,0,66,1.198e-06
"microbiome_2026","GCST90671492","Gut microbiome genus presence (Fimadaptatus)","taxon:fimadaptatus",16017,"GRCh37","2648a90d7032c268b812fc96620d034c842a39c747a3687866fe4988b52a1e3f","e2bb6beb199bfc576ecf2adc98bc83f014b729be832c4a4f7f2d2e09df552237",71,82,0,82,1.079e-06
"microbiome_2026","GCST90671493","Gut microbiome genus presence (Frisingicoccus)","taxon:frisingicoccus",16017,"GRCh37","2648a90d7032c268b812fc96620d034c842a39c747a3687866fe4988b52a1e3f","e2bb6beb199bfc576ecf2adc98bc83f014b729be832c4a4f7f2d2e09df552237",71,55,0,55,5.156e-07
"microbiome_2026","GCST90671494","Gut microbiome genus abundance (Leuconostoc)","taxon:leuconostoc",16017,"GRCh37","2648a90d7032c268b812fc96620d034c842a39c747a3687866fe4988b52a1e3f","e2bb6beb199bfc576ecf2adc98bc83f014b729be832c4a4f7f2d2e09df552237",71,57,0,57,1.606e-07
"microbiome_2026","GCST90671495","Gut microbiome genus presence (Massilicoli)","taxon:massilicoli",16017,"GRCh37","2648a90d7032c268b812fc96620d034c842a39c747a3687866fe4988b52a1e3f","e2bb6beb199bfc576ecf2adc98bc83f014b729be832c4a4f7f2d2e09df552237",71,58,0,58,9.289e-07
"microbiome_2026","GCST90671496","Gut microbiome genus abundance (Metalachnospira)","taxon:metalachnospira",16017,"GRCh37","2648a90d7032c268b812fc96620d034c842a39c747a3687866fe4988b52a1e3f","e2bb6beb199bfc576ecf2adc98bc83f014b729be832c4a4f7f2d2e09df552237",71,79,0,79,1.863e-07
"microbiome_2026","GCST90671497","Gut microbiome genus presence (Scatousia)","taxon:scatousia",16017,"GRCh37","2648a90d7032c268b812fc96620d034c842a39c747a3687866fe4988b52a1e3f","e2bb6beb199bfc576ecf2adc98bc83f014b729be832c4a4f7f2d2e09df552237",71,83,0,83,4.697e-07
"microbiome_2026","GCST90671498","Gut microbiome genus presence (Terrisporobacter)","taxon:terrisporobacter",16017,"GRCh37","2648a90d7032c268b812fc96620d034c842a39c747a3687866fe4988b52a1e3f","e2bb6beb199bfc576ecf2adc98bc83f014b729be832c4a4f7f2d2e09df552237",71,346,0,346,5.073e-07
"microbiome_2026","GCST90671499","Gut microbiome genus presence (UMGS1484)","taxon:umgs1484",16017,"GRCh37","2648a90d7032c268b812fc96620d034c842a39c747a3687866fe4988b52a1e3f","e2bb6beb199bfc576ecf2adc98bc83f014b729be832c4a4f7f2d2e09df552237",71,119,2,119,1.753e-08
"microbiome_2026","GCST90671500","Gut microbiome genus presence (Alectryocaccomicrobium)","taxon:alectryocaccomicrobium",16017,"GRCh37","2648a90d7032c268b812fc96620d034c842a39c747a3687866fe4988b52a1e3f","e2bb6beb199bfc576ecf2adc98bc83f014b729be832c4a4f7f2d2e09df552237",71,89,1,89,4.15e-08
"microbiome_2026","GCST90671501","Gut microbiome genus abundance (Avimicrobium)","taxon:avimicrobium",16017,"GRCh37","2648a90d7032c268b812fc96620d034c842a39c747a3687866fe4988b52a1e3f","e2bb6beb199bfc576ecf2adc98bc83f014b729be832c4a4f7f2d2e09df552237",71,182,0,182,4.868e-07
"microbiome_2026","GCST90671502","Gut microbiome genus presence (Limenecus)","taxon:limenecus",16017,"GRCh37","2648a90d7032c268b812fc96620d034c842a39c747a3687866fe4988b52a1e3f","e2bb6beb199bfc576ecf2adc98bc83f014b729be832c4a4f7f2d2e09df552237",71,85,0,85,1.739e-07
"microbiome_2026","GCST90671503","Gut microbiome genus abundance (Marvinbryantia)","taxon:marvinbryantia",16017,"GRCh37","2648a90d7032c268b812fc96620d034c842a39c747a3687866fe4988b52a1e3f","e2bb6beb199bfc576ecf2adc98bc83f014b729be832c4a4f7f2d2e09df552237",71,203,38,203,2.921e-09
"microbiome_2026","GCST90671504","Gut microbiome genus abundance (Merdisoma)","taxon:merdisoma",16017,"GRCh37","2648a90d7032c268b812fc96620d034c842a39c747a3687866fe4988b52a1e3f","e2bb6beb199bfc576ecf2adc98bc83f014b729be832c4a4f7f2d2e09df552237",72,39,0,39,5.784e-07
"microbiome_2026","GCST90671505","Gut microbiome genus presence (Monoglobus)","taxon:monoglobus",16017,"GRCh37","2648a90d7032c268b812fc96620d034c842a39c747a3687866fe4988b52a1e3f","e2bb6beb199bfc576ecf2adc98bc83f014b729be832c4a4f7f2d2e09df552237",72,110,0,110,8.062e-07
"microbiome_2026","GCST90671506","Gut microbiome genus presence (UMGS1696)","taxon:umgs1696",16017,"GRCh37","2648a90d7032c268b812fc96620d034c842a39c747a3687866fe4988b52a1e3f","e2bb6beb199bfc576ecf2adc98bc83f014b729be832c4a4f7f2d2e09df552237",72,44,0,44,1.407e-06
"microbiome_2026","GCST90671507","Gut microbiome genus presence (UMGS995)","taxon:umgs995",16017,"GRCh37","2648a90d7032c268b812fc96620d034c842a39c747a3687866fe4988b52a1e3f","e2bb6beb199bfc576ecf2adc98bc83f014b729be832c4a4f7f2d2e09df552237",72,133,0,133,1.171e-07
"microbiome_2026","GCST90671508","Gut microbiome genus abundance (Alangreenwoodia)","taxon:alangreenwoodia",16017,"GRCh37","2648a90d7032c268b812fc96620d034c842a39c747a3687866fe4988b52a1e3f","e2bb6beb199bfc576ecf2adc98bc83f014b729be832c4a4f7f2d2e09df552237",72,33,0,33,1.273e-06
"microbiome_2026","GCST90671509","Gut microbiome genus presence (Butyricicoccus)","taxon:butyricicoccus",16017,"GRCh37","2648a90d7032c268b812fc96620d034c842a39c747a3687866fe4988b52a1e3f","e2bb6beb199bfc576ecf2adc98bc83f014b729be832c4a4f7f2d2e09df552237",72,138,0,138,5.027e-08
"microbiome_2026","GCST90671510","Gut microbiome genus presence (Caccousia)","taxon:caccousia",16017,"GRCh37","2648a90d7032c268b812fc96620d034c842a39c747a3687866fe4988b52a1e3f","e2bb6beb199bfc576ecf2adc98bc83f014b729be832c4a4f7f2d2e09df552237",72,69,0,69,1.647e-06
"microbiome_2026","GCST90671511","Gut microbiome genus abundance (Choladousia)","taxon:choladousia",16017,"GRCh37","2648a90d7032c268b812fc96620d034c842a39c747a3687866fe4988b52a1e3f","e2bb6beb199bfc576ecf2adc98bc83f014b729be832c4a4f7f2d2e09df552237",72,191,0,191,2.176e-07
"microbiome_2026","GCST90671512","Gut microbiome genus abundance (Dielma)","taxon:dielma",16017,"GRCh37","2648a90d7032c268b812fc96620d034c842a39c747a3687866fe4988b52a1e3f","e2bb6beb199bfc576ecf2adc98bc83f014b729be832c4a4f7f2d2e09df552237",72,66,0,66,1.053e-06
"microbiome_2026","GCST90671513","Gut microbiome genus presence (Fimivivens)","taxon:fimivivens",16017,"GRCh37","2648a90d7032c268b812fc96620d034c842a39c747a3687866fe4988b52a1e3f","e2bb6beb199bfc576ecf2adc98bc83f014b729be832c4a4f7f2d2e09df552237",72,139,0,139,6.032e-07
"microbiome_2026","GCST90671514","Gut microbiome genus abundance (Holdemania)","taxon:holdemania",16017,"GRCh37","2648a90d7032c268b812fc96620d034c842a39c747a3687866fe4988b52a1e3f","e2bb6beb199bfc576ecf2adc98bc83f014b729be832c4a4f7f2d2e09df552237",72,35,0,35,1.037e-06
"microbiome_2026","GCST90671515","Gut microbiome genus abundance (Pseudobutyricicoccus)","taxon:pseudobutyricicoccus",16017,"GRCh37","2648a90d7032c268b812fc96620d034c842a39c747a3687866fe4988b52a1e3f","e2bb6beb199bfc576ecf2adc98bc83f014b729be832c4a4f7f2d2e09df552237",72,253,0,253,1.424e-07
"microbiome_2026","GCST90671516","Gut microbiome genus presence (UBA10677)","taxon:uba10677",16017,"GRCh37","2648a90d7032c268b812fc96620d034c842a39c747a3687866fe4988b52a1e3f","e2bb6beb199bfc576ecf2adc98bc83f014b729be832c4a4f7f2d2e09df552237",72,97,0,97,1.779e-07
"microbiome_2026","GCST90671517","Gut microbiome genus presence (UMGS1322)","taxon:umgs1322",16017,"GRCh37","2648a90d7032c268b812fc96620d034c842a39c747a3687866fe4988b52a1e3f","e2bb6beb199bfc576ecf2adc98bc83f014b729be832c4a4f7f2d2e09df552237",72,34,0,34,8.686e-07
"microbiome_2026","GCST90671518","Gut microbiome genus presence (Caccenecus)","taxon:caccenecus",16017,"GRCh37","2648a90d7032c268b812fc96620d034c842a39c747a3687866fe4988b52a1e3f","e2bb6beb199bfc576ecf2adc98bc83f014b729be832c4a4f7f2d2e09df552237",72,30,0,30,1.822e-07
"microbiome_2026","GCST90671519","Gut microbiome genus presence (HGM11507)","taxon:hgm11507",16017,"GRCh37","2648a90d7032c268b812fc96620d034c842a39c747a3687866fe4988b52a1e3f","e2bb6beb199bfc576ecf2adc98bc83f014b729be832c4a4f7f2d2e09df552237",72,71,1,71,2.559e-08
"microbiome_2026","GCST90671520","Gut microbiome genus presence (Latilactobacillus)","taxon:latilactobacillus",16017,"GRCh37","2648a90d7032c268b812fc96620d034c842a39c747a3687866fe4988b52a1e3f","e2bb6beb199bfc576ecf2adc98bc83f014b729be832c4a4f7f2d2e09df552237",73,89,0,89,6.589e-07
"microbiome_2026","GCST90671521","Gut microbiome genus abundance (Pygmaiobacter)","taxon:pygmaiobacter",16017,"GRCh37","2648a90d7032c268b812fc96620d034c842a39c747a3687866fe4988b52a1e3f","e2bb6beb199bfc576ecf2adc98bc83f014b729be832c4a4f7f2d2e09df552237",73,31,0,31,1.694e-07
"microbiome_2026","GCST90671522","Gut microbiome genus presence (Rubneribacter)","taxon:rubneribacter",16017,"GRCh37","2648a90d7032c268b812fc96620d034c842a39c747a3687866fe4988b52a1e3f","e2bb6beb199bfc576ecf2adc98bc83f014b729be832c4a4f7f2d2e09df552237",73,60,0,60,2.073e-06
"microbiome_2026","GCST90671523","Gut microbiome genus presence (Scybalosoma)","taxon:scybalosoma",16017,"GRCh37","2648a90d7032c268b812fc96620d034c842a39c747a3687866fe4988b52a1e3f","e2bb6beb199bfc576ecf2adc98bc83f014b729be832c4a4f7f2d2e09df552237",73,55,0,55,9.293e-07
"microbiome_2026","GCST90671524","Gut microbiome genus abundance (Turicibacter)","taxon:turicibacter",16017,"GRCh37","2648a90d7032c268b812fc96620d034c842a39c747a3687866fe4988b52a1e3f","e2bb6beb199bfc576ecf2adc98bc83f014b729be832c4a4f7f2d2e09df552237",73,692,113,692,3.787e-12
"microbiome_2026","GCST90671525","Gut microbiome genus abundance (UBA3818)","taxon:uba3818",16017,"GRCh37","2648a90d7032c268b812fc96620d034c842a39c747a3687866fe4988b52a1e3f","e2bb6beb199bfc576ecf2adc98bc83f014b729be832c4a4f7f2d2e09df552237",73,62,0,62,9.465e-08
"microbiome_2026","GCST90671526","Gut microbiome genus presence (UBA5905)","taxon:uba5905",16017,"GRCh37","2648a90d7032c268b812fc96620d034c842a39c747a3687866fe4988b52a1e3f","e2bb6beb199bfc576ecf2adc98bc83f014b729be832c4a4f7f2d2e09df552237",73,35,0,35,3.198e-07
"microbiome_2026","GCST90671527","Gut microbiome genus abundance (UMGS1264)","taxon:umgs1264",16017,"GRCh37","2648a90d7032c268b812fc96620d034c842a39c747a3687866fe4988b52a1e3f","e2bb6beb199bfc576ecf2adc98bc83f014b729be832c4a4f7f2d2e09df552237",73,241,0,241,9.231e-08
"microbiome_2026","GCST90671528","Gut microbiome genus presence (UMGS1663)","taxon:umgs1663",16017,"GRCh37","2648a90d7032c268b812fc96620d034c842a39c747a3687866fe4988b52a1e3f","e2bb6beb199bfc576ecf2adc98bc83f014b729be832c4a4f7f2d2e09df552237",73,55,0,55,4.229e-07
"microbiome_2026","GCST90671529","Gut microbiome genus presence (UMGS775)","taxon:umgs775",16017,"GRCh37","2648a90d7032c268b812fc96620d034c842a39c747a3687866fe4988b52a1e3f","e2bb6beb199bfc576ecf2adc98bc83f014b729be832c4a4f7f2d2e09df552237",73,32,0,32,4.327e-07
"microbiome_2026","GCST90671530","Gut microbiome genus abundance (JAGZMM01)","taxon:jagzmm01",16017,"GRCh37","2648a90d7032c268b812fc96620d034c842a39c747a3687866fe4988b52a1e3f","e2bb6beb199bfc576ecf2adc98bc83f014b729be832c4a4f7f2d2e09df552237",73,150,0,150,1.777e-07
"microbiome_2026","GCST90671531","Gut microbiome genus presence (Coproplasma)","taxon:coproplasma",16017,"GRCh37","2648a90d7032c268b812fc96620d034c842a39c747a3687866fe4988b52a1e3f","e2bb6beb199bfc576ecf2adc98bc83f014b729be832c4a4f7f2d2e09df552237",73,29,0,29,7.714e-07
"microbiome_2026","GCST90671532","Gut microbiome genus presence (Granulicatella)","taxon:granulicatella",16017,"GRCh37","2648a90d7032c268b812fc96620d034c842a39c747a3687866fe4988b52a1e3f","e2bb6beb199bfc576ecf2adc98bc83f014b729be832c4a4f7f2d2e09df552237",73,45,0,45,9.456e-07
"microbiome_2026","GCST90671533","Gut microbiome genus presence (Howiella)","taxon:howiella",16017,"GRCh37","2648a90d7032c268b812fc96620d034c842a39c747a3687866fe4988b52a1e3f","e2bb6beb199bfc576ecf2adc98bc83f014b729be832c4a4f7f2d2e09df552237",73,84,0,84,6.519e-07
"microbiome_2026","GCST90671534","Gut microbiome genus presence (Mailhella)","taxon:mailhella",16017,"GRCh37","2648a90d7032c268b812fc96620d034c842a39c747a3687866fe4988b52a1e3f","e2bb6beb199bfc576ecf2adc98bc83f014b729be832c4a4f7f2d2e09df552237",73,291,0,291,1.155e-07
"microbiome_2026","GCST90671535","Gut microbiome genus abundance (Muricomes)","taxon:muricomes",16017,"GRCh37","2648a90d7032c268b812fc96620d034c842a39c747a3687866fe4988b52a1e3f","e2bb6beb199bfc576ecf2adc98bc83f014b729be832c4a4f7f2d2e09df552237",73,60,0,60,3.912e-07
"microbiome_2026","GCST90671536","Gut microbiome genus presence (Oxalobacter)","taxon:oxalobacter",16017,"GRCh37","2648a90d7032c268b812fc96620d034c842a39c747a3687866fe4988b52a1e3f","e2bb6beb199bfc576ecf2adc98bc83f014b729be832c4a4f7f2d2e09df552237",74,155,19,155,1.207e-08
"microbiome_2026","GCST90671537","Gut microbiome genus presence (QALR01)","taxon:qalr01",16017,"GRCh37","2648a90d7032c268b812fc96620d034c842a39c747a3687866fe4988b52a1e3f","e2bb6beb199bfc576ecf2adc98bc83f014b729be832c4a4f7f2d2e09df552237",74,73,0,73,2.84e-07
"microbiome_2026","GCST90671538","Gut microbiome genus abundance (QAMM01)","taxon:qamm01",16017,"GRCh37","2648a90d7032c268b812fc96620d034c842a39c747a3687866fe4988b52a1e3f","e2bb6beb199bfc576ecf2adc98bc83f014b729be832c4a4f7f2d2e09df552237",74,46,0,46,1.736e-07
"microbiome_2026","GCST90671539","Gut microbiome genus presence (Traorella)","taxon:traorella",16017,"GRCh37","2648a90d7032c268b812fc96620d034c842a39c747a3687866fe4988b52a1e3f","e2bb6beb199bfc576ecf2adc98bc83f014b729be832c4a4f7f2d2e09df552237",74,119,0,119,8.113e-07
"microbiome_2026","GCST90671540","Gut microbiome genus presence (UBA4636)","taxon:uba4636",16017,"GRCh37","2648a90d7032c268b812fc96620d034c842a39c747a3687866fe4988b52a1e3f","e2bb6beb199bfc576ecf2adc98bc83f014b729be832c4a4f7f2d2e09df552237",74,55,0,55,9.117e-07
"microbiome_2026","GCST90671541","Gut microbiome genus abundance (UBA866)","taxon:uba866",16017,"GRCh37","2648a90d7032c268b812fc96620d034c842a39c747a3687866fe4988b52a1e3f","e2bb6beb199bfc576ecf2adc98bc83f014b729be832c4a4f7f2d2e09df552237",74,47,0,47,8.784e-07
"microbiome_2026","GCST90671542","Gut microbiome genus presence (UMGS1494)","taxon:umgs1494",16017,"GRCh37","2648a90d7032c268b812fc96620d034c842a39c747a3687866fe4988b52a1e3f","e2bb6beb199bfc576ecf2adc98bc83f014b729be832c4a4f7f2d2e09df552237",74,45,0,45,4.668e-07
"microbiome_2026","GCST90671543","Gut microbiome genus presence (UMGS1783)","taxon:umgs1783",16017,"GRCh37","2648a90d7032c268b812fc96620d034c842a39c747a3687866fe4988b52a1e3f","e2bb6beb199bfc576ecf2adc98bc83f014b729be832c4a4f7f2d2e09df552237",74,125,5,125,4.252e-08
"microbiome_2026","GCST90671544","Gut microbiome genus presence (UMGS1795)","taxon:umgs1795",16017,"GRCh37","2648a90d7032c268b812fc96620d034c842a39c747a3687866fe4988b52a1e3f","e2bb6beb199bfc576ecf2adc98bc83f014b729be832c4a4f7f2d2e09df552237",74,64,0,64,9.158e-07
"microbiome_2026","GCST90671545","Gut microbiome genus presence (UMGS882)","taxon:umgs882",16017,"GRCh37","2648a90d7032c268b812fc96620d034c842a39c747a3687866fe4988b52a1e3f","e2bb6beb199bfc576ecf2adc98bc83f014b729be832c4a4f7f2d2e09df552237",74,133,0,133,2.359e-07
"microbiome_2026","GCST90671546","Gut microbiome genus abundance (Ventrisoma)","taxon:ventrisoma",16017,"GRCh37","2648a90d7032c268b812fc96620d034c842a39c747a3687866fe4988b52a1e3f","e2bb6beb199bfc576ecf2adc98bc83f014b729be832c4a4f7f2d2e09df552237",74,80,0,80,5.067e-07
"microbiome_2026","GCST90671547","Gut microbiome genus presence (Anaerofustis)","taxon:anaerofustis",16017,"GRCh37","2648a90d7032c268b812fc96620d034c842a39c747a3687866fe4988b52a1e3f","e2bb6beb199bfc576ecf2adc98bc83f014b729be832c4a4f7f2d2e09df552237",74,185,0,185,2.215e-07
"microbiome_2026","GCST90671548","Gut microbiome genus abundance (Avispirillum)","taxon:avispirillum",16017,"GRCh37","2648a90d7032c268b812fc96620d034c842a39c747a3687866fe4988b52a1e3f","e2bb6beb199bfc576ecf2adc98bc83f014b729be832c4a4f7f2d2e09df552237",74,115,0,115,3.76e-07
"microbiome_2026","GCST90671549","Gut microbiome genus presence (Egerieimonas)","taxon:egerieimonas",16017,"GRCh37","2648a90d7032c268b812fc96620d034c842a39c747a3687866fe4988b52a1e3f","e2bb6beb199bfc576ecf2adc98bc83f014b729be832c4a4f7f2d2e09df552237",74,108,0,108,8.58e-07
"microbiome_2026","GCST90671550","Gut microbiome genus abundance (Emergencia)","taxon:emergencia",16017,"GRCh37","2648a90d7032c268b812fc96620d034c842a39c747a3687866fe4988b52a1e3f","e2bb6beb199bfc576ecf2adc98bc83f014b729be832c4a4f7f2d2e09df552237",74,37,0,37,1.327e-06
"microbiome_2026","GCST90671551","Gut microbiome genus presence (Enteroscipio)","taxon:enteroscipio",16017,"GRCh37","2648a90d7032c268b812fc96620d034c842a39c747a3687866fe4988b52a1e3f","e2bb6beb199bfc576ecf2adc98bc83f014b729be832c4a4f7f2d2e09df552237",74,74,0,74,8.045e-07
"microbiome_2026","GCST90671552","Gut microbiome genus abundance (Flemingibacterium)","taxon:flemingibacterium",16017,"GRCh37","2648a90d7032c268b812fc96620d034c842a39c747a3687866fe4988b52a1e3f","e2bb6beb199bfc576ecf2adc98bc83f014b729be832c4a4f7f2d2e09df552237",75,39,0,39,7.347e-08
"microbiome_2026","GCST90671553","Gut microbiome genus presence (Gabonibacter)","taxon:gabonibacter",16017,"GRCh37","2648a90d7032c268b812fc96620d034c842a39c747a3687866fe4988b52a1e3f","e2bb6beb199bfc576ecf2adc98bc83f014b729be832c4a4f7f2d2e09df552237",75,70,0,70,5.051e-07
"microbiome_2026","GCST90671554","Gut microbiome genus presence (Gallimonas)","taxon:gallimonas",16017,"GRCh37","2648a90d7032c268b812fc96620d034c842a39c747a3687866fe4988b52a1e3f","e2bb6beb199bfc576ecf2adc98bc83f014b729be832c4a4f7f2d2e09df552237",75,112,2,112,3.952e-08
"microbiome_2026","GCST90671555","Gut microbiome genus presence (Geddesella)","taxon:geddesella",16017,"GRCh37","2648a90d7032c268b812fc96620d034c842a39c747a3687866fe4988b52a1e3f","e2bb6beb199bfc576ecf2adc98bc83f014b729be832c4a4f7f2d2e09df552237",75,198,0,198,1.009e-06
"microbiome_2026","GCST90671556","Gut microbiome genus abundance (Gordonibacter)","taxon:gordonibacter",16017,"GRCh37","2648a90d7032c268b812fc96620d034c842a39c747a3687866fe4988b52a1e3f","e2bb6beb199bfc576ecf2adc98bc83f014b729be832c4a4f7f2d2e09df552237",75,45,0,45,1.872e-07
"microbiome_2026","GCST90671557","Gut microbiome genus presence (Harryflintia)","taxon:harryflintia",16017,"GRCh37","2648a90d7032c268b812fc96620d034c842a39c747a3687866fe4988b52a1e3f","e2bb6beb199bfc576ecf2adc98bc83f014b729be832c4a4f7f2d2e09df552237",75,77,0,77,1.739e-07
"microbiome_2026","GCST90671558","Gut microbiome genus presence (HGM11417)","taxon:hgm11417",16017,"GRCh37","2648a90d7032c268b812fc96620d034c842a39c747a3687866fe4988b52a1e3f","e2bb6beb199bfc576ecf2adc98bc83f014b729be832c4a4f7f2d2e09df552237",75,33,0,33,6.146e-07
"microbiome_2026","GCST90671559","Gut microbiome genus presence (HGM11514)","taxon:hgm11514",16017,"GRCh37","2648a90d7032c268b812fc96620d034c842a39c747a3687866fe4988b52a1e3f","e2bb6beb199bfc576ecf2adc98bc83f014b729be832c4a4f7f2d2e09df552237",75,56,0,56,4.402e-07
"microbiome_2026","GCST90671560","Gut microbiome genus abundance (Hydrogeniiclostridium)","taxon:hydrogeniiclostridium",16017,"GRCh37","2648a90d7032c268b812fc96620d034c842a39c747a3687866fe4988b52a1e3f","e2bb6beb199bfc576ecf2adc98bc83f014b729be832c4a4f7f2d2e09df552237",75,205,0,205,1.057e-07
"microbiome_2026","GCST90671561","Gut microbiome genus abundance (Massilioclostridium)","taxon:massilioclostridium",16017,"GRCh37","2648a90d7032c268b812fc96620d034c842a39c747a3687866fe4988b52a1e3f","e2bb6beb199bfc576ecf2adc98bc83f014b729be832c4a4f7f2d2e09df552237",75,116,1,116,4.128e-08
"microbiome_2026","GCST90671562","Gut microbiome genus presence (Merdiplasma)","taxon:merdiplasma",16017,"GRCh37","2648a90d7032c268b812fc96620d034c842a39c747a3687866fe4988b52a1e3f","e2bb6beb199bfc576ecf2adc98bc83f014b729be832c4a4f7f2d2e09df552237",75,246,0,246,8.837e-08
"microbiome_2026","GCST90671563","Gut microbiome genus abundance (Phocea)","taxon:phocea",16017,"GRCh37","2648a90d7032c268b812fc96620d034c842a39c747a3687866fe4988b52a1e3f","e2bb6beb199bfc576ecf2adc98bc83f014b729be832c4a4f7f2d2e09df552237",75,180,14,180,1.443e-11
"microbiome_2026","GCST90671564","Gut microbiome genus presence (Protoclostridium)","taxon:protoclostridium",16017,"GRCh37","2648a90d7032c268b812fc96620d034c842a39c747a3687866fe4988b52a1e3f","e2bb6beb199bfc576ecf2adc98bc83f014b729be832c4a4f7f2d2e09df552237",75,218,0,218,8.882e-08
"microbiome_2026","GCST90671565","Gut microbiome genus abundance (Pseudoflavonifractor)","taxon:pseudoflavonifractor",16017,"GRCh37","2648a90d7032c268b812fc96620d034c842a39c747a3687866fe4988b52a1e3f","e2bb6beb199bfc576ecf2adc98bc83f014b729be832c4a4f7f2d2e09df552237",75,87,0,87,2.811e-07
"microbiome_2026","GCST90671566","Gut microbiome genus presence (RGIG9041)","taxon:rgig9041",16017,"GRCh37","2648a90d7032c268b812fc96620d034c842a39c747a3687866fe4988b52a1e3f","e2bb6beb199bfc576ecf2adc98bc83f014b729be832c4a4f7f2d2e09df552237",75,103,0,103,4.649e-07
"microbiome_2026","GCST90671567","Gut microbiome genus presence (RUG11247)","taxon:rug11247",16017,"GRCh37","2648a90d7032c268b812fc96620d034c842a39c747a3687866fe4988b52a1e3f","e2bb6beb199bfc576ecf2adc98bc83f014b729be832c4a4f7f2d2e09df552237",75,167,0,167,2.042e-07
"microbiome_2026","GCST90671568","Gut microbiome genus abundance (Scatomonas)","taxon:scatomonas",16017,"GRCh37","2648a90d7032c268b812fc96620d034c842a39c747a3687866fe4988b52a1e3f","e2bb6beb199bfc576ecf2adc98bc83f014b729be832c4a4f7f2d2e09df552237",76,47,0,47,1.868e-07
"microbiome_2026","GCST90671569","Gut microbiome genus presence (SFJ001)","taxon:sfj001",16017,"GRCh37","2648a90d7032c268b812fc96620d034c842a39c747a3687866fe4988b52a1e3f","e2bb6beb199bfc576ecf2adc98bc83f014b729be832c4a4f7f2d2e09df552237",76,63,0,63,5.782e-07
"microbiome_2026","GCST90671570","Gut microbiome genus presence (UMGS1384)","taxon:umgs1384",16017,"GRCh37","2648a90d7032c268b812fc96620d034c842a39c747a3687866fe4988b52a1e3f","e2bb6beb199bfc576ecf2adc98bc83f014b729be832c4a4f7f2d2e09df552237",76,211,4,211,1.86e-08
"microbiome_2026","GCST90671571","Gut microbiome genus presence (UMGS1591)","taxon:umgs1591",16017,"GRCh37","2648a90d7032c268b812fc96620d034c842a39c747a3687866fe4988b52a1e3f","e2bb6beb199bfc576ecf2adc98bc83f014b729be832c4a4f7f2d2e09df552237",76,51,0,51,1.814e-06
"microbiome_2026","GCST90671572","Gut microbiome genus abundance (UMGS1766)","taxon:umgs1766",16017,"GRCh37","2648a90d7032c268b812fc96620d034c842a39c747a3687866fe4988b52a1e3f","e2bb6beb199bfc576ecf2adc98bc83f014b729be832c4a4f7f2d2e09df552237",76,87,1,87,3.541e-08
"microbiome_2026","GCST90671573","Gut microbiome genus abundance (Lentihominibacter)","taxon:lentihominibacter",16017,"GRCh37","2648a90d7032c268b812fc96620d034c842a39c747a3687866fe4988b52a1e3f","e2bb6beb199bfc576ecf2adc98bc83f014b729be832c4a4f7f2d2e09df552237",76,27,0,27,8.948e-07
"microbiome_2026","GCST90671574","Gut microbiome genus abundance (Faecimorpha)","taxon:faecimorpha",16017,"GRCh37","2648a90d7032c268b812fc96620d034c842a39c747a3687866fe4988b52a1e3f","e2bb6beb199bfc576ecf2adc98bc83f014b729be832c4a4f7f2d2e09df552237",76,207,0,207,1.525e-06
"microbiome_2026","GCST90671575","Gut microbiome genus presence (Aphodomonas)","taxon:aphodomonas",16017,"GRCh37","2648a90d7032c268b812fc96620d034c842a39c747a3687866fe4988b52a1e3f","e2bb6beb199bfc576ecf2adc98bc83f014b729be832c4a4f7f2d2e09df552237",76,140,0,140,1.848e-06
"microbiome_2026","GCST90671576","Gut microbiome genus presence (Aphodoplasma)","taxon:aphodoplasma",16017,"GRCh37","2648a90d7032c268b812fc96620d034c842a39c747a3687866fe4988b52a1e3f","e2bb6beb199bfc576ecf2adc98bc83f014b729be832c4a4f7f2d2e09df552237",76,133,0,133,1.573e-07
"microbiome_2026","GCST90671577","Gut microbiome genus presence (Avimonas)","taxon:avimonas",16017,"GRCh37","2648a90d7032c268b812fc96620d034c842a39c747a3687866fe4988b52a1e3f","e2bb6beb199bfc576ecf2adc98bc83f014b729be832c4a4f7f2d2e09df552237",76,77,0,77,1.079e-06
"microbiome_2026","GCST90671578","Gut microbiome genus abundance (Bittarella)","taxon:bittarella",16017,"GRCh37","2648a90d7032c268b812fc96620d034c842a39c747a3687866fe4988b52a1e3f","e2bb6beb199bfc576ecf2adc98bc83f014b729be832c4a4f7f2d2e09df552237",76,80,0,79,8.187e-08
"microbiome_2026","GCST90671579","Gut microbiome genus abundance (CAJFUR01)","taxon:cajfur01",16017,"GRCh37","2648a90d7032c268b812fc96620d034c842a39c747a3687866fe4988b52a1e3f","e2bb6beb199bfc576ecf2adc98bc83f014b729be832c4a4f7f2d2e09df552237",76,53,0,53,6.952e-07
"microbiome_2026","GCST90671580","Gut microbiome genus abundance (CAJJPW01)","taxon:cajjpw01",16017,"GRCh37","2648a90d7032c268b812fc96620d034c842a39c747a3687866fe4988b52a1e3f","e2bb6beb199bfc576ecf2adc98bc83f014b729be832c4a4f7f2d2e09df552237",76,46,0,46,6.315e-07
"microbiome_2026","GCST90671581","Gut microbiome genus presence (Catenibacillus)","taxon:catenibacillus",16017,"GRCh37","2648a90d7032c268b812fc96620d034c842a39c747a3687866fe4988b52a1e3f","e2bb6beb199bfc576ecf2adc98bc83f014b729be832c4a4f7f2d2e09df552237",76,94,4,94,1.723e-08
"microbiome_2026","GCST90671582","Gut microbiome genus abundance (Christensenella)","taxon:christensenella",16017,"GRCh37","2648a90d7032c268b812fc96620d034c842a39c747a3687866fe4988b52a1e3f","e2bb6beb199bfc576ecf2adc98bc83f014b729be832c4a4f7f2d2e09df552237",76,21,0,21,6.823e-07
"microbiome_2026","GCST90671583","Gut microbiome genus presence (Faecaligallichristensenella)","taxon:faecaligallichristensenella",16017,"GRCh37","2648a90d7032c268b812fc96620d034c842a39c747a3687866fe4988b52a1e3f","e2bb6beb199bfc576ecf2adc98bc83f014b729be832c4a4f7f2d2e09df552237",76,168,0,168,2.7e-07
"microbiome_2026","GCST90671584","Gut microbiome genus presence (Gallacutalibacter)","taxon:gallacutalibacter",16017,"GRCh37","2648a90d7032c268b812fc96620d034c842a39c747a3687866fe4988b52a1e3f","e2bb6beb199bfc576ecf2adc98bc83f014b729be832c4a4f7f2d2e09df552237",77,147,0,147,5.493e-07
"microbiome_2026","GCST90671585","Gut microbiome genus presence (HGM11327)","taxon:hgm11327",16017,"GRCh37","2648a90d7032c268b812fc96620d034c842a39c747a3687866fe4988b52a1e3f","e2bb6beb199bfc576ecf2adc98bc83f014b729be832c4a4f7f2d2e09df552237",77,86,0,86,6.829e-07
"microbiome_2026","GCST90671586","Gut microbiome genus abundance (HGM11616)","taxon:hgm11616",16017,"GRCh37","2648a90d7032c268b812fc96620d034c842a39c747a3687866fe4988b52a1e3f","e2bb6beb199bfc576ecf2adc98bc83f014b729be832c4a4f7f2d2e09df552237",77,62,0,62,4.157e-07
"microbiome_2026","GCST90671587","Gut microbiome genus abundance (HGM12998)","taxon:hgm12998",16017,"GRCh37","2648a90d7032c268b812fc96620d034c842a39c747a3687866fe4988b52a1e3f","e2bb6beb199bfc576ecf2adc98bc83f014b729be832c4a4f7f2d2e09df552237",77,58,0,58,1.417e-06
"microbiome_2026","GCST90671588","Gut microbiome genus presence (HGM14224)","taxon:hgm14224",16017,"GRCh37","2648a90d7032c268b812fc96620d034c842a39c747a3687866fe4988b52a1e3f","e2bb6beb199bfc576ecf2adc98bc83f014b729be832c4a4f7f2d2e09df552237",77,188,27,188,8.541e-11
"microbiome_2026","GCST90671589","Gut microbiome genus abundance (JAGTTR01)","taxon:jagttr01",16017,"GRCh37","2648a90d7032c268b812fc96620d034c842a39c747a3687866fe4988b52a1e3f","e2bb6beb199bfc576ecf2adc98bc83f014b729be832c4a4f7f2d2e09df552237",77,29,0,29,9.539e-08
"microbiome_2026","GCST90671590","Gut microbiome genus presence (Lactonifactor)","taxon:lactonifactor",16017,"GRCh37","2648a90d7032c268b812fc96620d034c842a39c747a3687866fe4988b52a1e3f","e2bb6beb199bfc576ecf2adc98bc83f014b729be832c4a4f7f2d2e09df552237",77,84,0,84,1.138e-07
"microbiome_2026","GCST90671591","Gut microbiome genus presence (Neobittarella)","taxon:neobittarella",16017,"GRCh37","2648a90d7032c268b812fc96620d034c842a39c747a3687866fe4988b52a1e3f","e2bb6beb199bfc576ecf2adc98bc83f014b729be832c4a4f7f2d2e09df552237",77,140,0,140,7.385e-08
"microbiome_2026","GCST90671592","Gut microbiome genus abundance (Parachristensenella)","taxon:parachristensenella",16017,"GRCh37","2648a90d7032c268b812fc96620d034c842a39c747a3687866fe4988b52a1e3f","e2bb6beb199bfc576ecf2adc98bc83f014b729be832c4a4f7f2d2e09df552237",77,73,0,73,2.159e-07
"microbiome_2026","GCST90671593","Gut microbiome genus presence (Paralachnospira)","taxon:paralachnospira",16017,"GRCh37","2648a90d7032c268b812fc96620d034c842a39c747a3687866fe4988b52a1e3f","e2bb6beb199bfc576ecf2adc98bc83f014b729be832c4a4f7f2d2e09df552237",77,88,0,88,3.033e-07
"microbiome_2026","GCST90671594","Gut microbiome genus abundance (Pseudoscilispira)","taxon:pseudoscilispira",16017,"GRCh37","2648a90d7032c268b812fc96620d034c842a39c747a3687866fe4988b52a1e3f","e2bb6beb199bfc576ecf2adc98bc83f014b729be832c4a4f7f2d2e09df552237",77,41,0,41,6.264e-07
"microbiome_2026","GCST90671595","Gut microbiome genus abundance (Pullichristensenella)","taxon:pullichristensenella",16017,"GRCh37","2648a90d7032c268b812fc96620d034c842a39c747a3687866fe4988b52a1e3f","e2bb6beb199bfc576ecf2adc98bc83f014b729be832c4a4f7f2d2e09df552237",77,141,18,141,2.367e-10
"microbiome_2026","GCST90671596","Gut microbiome genus abundance (QAKD01)","taxon:qakd01",16017,"GRCh37","2648a90d7032c268b812fc96620d034c842a39c747a3687866fe4988b52a1e3f","e2bb6beb199bfc576ecf2adc98bc83f014b729be832c4a4f7f2d2e09df552237",77,24,0,24,9.805e-07
"microbiome_2026","GCST90671597","Gut microbiome genus abundance (QAKW01)","taxon:qakw01",16017,"GRCh37","2648a90d7032c268b812fc96620d034c842a39c747a3687866fe4988b52a1e3f","e2bb6beb199bfc576ecf2adc98bc83f014b729be832c4a4f7f2d2e09df552237",77,67,0,67,5.551e-07
"microbiome_2026","GCST90671598","Gut microbiome genus abundance (QANA01)","taxon:qana01",16017,"GRCh37","2648a90d7032c268b812fc96620d034c842a39c747a3687866fe4988b52a1e3f","e2bb6beb199bfc576ecf2adc98bc83f014b729be832c4a4f7f2d2e09df552237",77,139,0,139,7.954e-08
"microbiome_2026","GCST90671599","Gut microbiome genus presence (RGIG4076)","taxon:rgig4076",16017,"GRCh37","2648a90d7032c268b812fc96620d034c842a39c747a3687866fe4988b52a1e3f","e2bb6beb199bfc576ecf2adc98bc83f014b729be832c4a4f7f2d2e09df552237",77,153,0,153,1.228e-07
"microbiome_2026","GCST90671600","Gut microbiome genus abundance (Solibaculum)","taxon:solibaculum",16017,"GRCh37","2648a90d7032c268b812fc96620d034c842a39c747a3687866fe4988b52a1e3f","e2bb6beb199bfc576ecf2adc98bc83f014b729be832c4a4f7f2d2e09df552237",78,58,0,58,1.101e-07
"microbiome_2026","GCST90671601","Gut microbiome genus abundance (UMGS1623)","taxon:umgs1623",16017,"GRCh37","2648a90d7032c268b812fc96620d034c842a39c747a3687866fe4988b52a1e3f","e2bb6beb199bfc576ecf2adc98bc83f014b729be832c4a4f7f2d2e09df552237",78,125,28,125,8.194e-12
"microbiome_2026","GCST90671602","Gut microbiome genus presence (UBA7185)","taxon:uba7185",16017,"GRCh37","2648a90d7032c268b812fc96620d034c842a39c747a3687866fe4988b52a1e3f","e2bb6beb199bfc576ecf2adc98bc83f014b729be832c4a4f7f2d2e09df552237",78,80,0,80,1.091e-06
"microbiome_2026","GCST90671603","Gut microbiome genus abundance (CAKTXU01)","taxon:caktxu01",16017,"GRCh37","2648a90d7032c268b812fc96620d034c842a39c747a3687866fe4988b52a1e3f","e2bb6beb199bfc576ecf2adc98bc83f014b729be832c4a4f7f2d2e09df552237",78,134,0,134,4.445e-07
"microbiome_2026","GCST90671604","Gut microbiome genus presence (Fumia)","taxon:fumia",16017,"GRCh37","2648a90d7032c268b812fc96620d034c842a39c747a3687866fe4988b52a1e3f","e2bb6beb199bfc576ecf2adc98bc83f014b729be832c4a4f7f2d2e09df552237",78,38,0,38,1.035e-06
"microbiome_2026","GCST90671605","Gut microbiome genus presence (RUG13868)","taxon:rug13868",16017,"GRCh37","2648a90d7032c268b812fc96620d034c842a39c747a3687866fe4988b52a1e3f","e2bb6beb199bfc576ecf2adc98bc83f014b729be832c4a4f7f2d2e09df552237",78,93,0,93,2.915e-07
"microbiome_2026","GCST90671606","Gut microbiome genus presence (Ructibacterium)","taxon:ructibacterium",16017,"GRCh37","2648a90d7032c268b812fc96620d034c842a39c747a3687866fe4988b52a1e3f","e2bb6beb199bfc576ecf2adc98bc83f014b729be832c4a4f7f2d2e09df552237",78,392,0,392,2.461e-07
"microbiome_2026","GCST90671607","Gut microbiome genus presence (RGIG7265)","taxon:rgig7265",16017,"GRCh37","2648a90d7032c268b812fc96620d034c842a39c747a3687866fe4988b52a1e3f","e2bb6beb199bfc576ecf2adc98bc83f014b729be832c4a4f7f2d2e09df552237",78,71,0,71,1.884e-07
"microbiome_2026","GCST90671608","Gut microbiome genus presence (CAKTAA01)","taxon:caktaa01",16017,"GRCh37","2648a90d7032c268b812fc96620d034c842a39c747a3687866fe4988b52a1e3f","e2bb6beb199bfc576ecf2adc98bc83f014b729be832c4a4f7f2d2e09df552237",78,78,0,78,1.752e-07
"microbiome_2026","GCST90671609","Gut microbiome genus abundance (Anaerotardibacter)","taxon:anaerotardibacter",16017,"GRCh37","2648a90d7032c268b812fc96620d034c842a39c747a3687866fe4988b52a1e3f","e2bb6beb199bfc576ecf2adc98bc83f014b729be832c4a4f7f2d2e09df552237",78,30,0,30,2.031e-07
"microbiome_2026","GCST90671610","Gut microbiome genus presence (Congzhengia)","taxon:congzhengia",16017,"GRCh37","2648a90d7032c268b812fc96620d034c842a39c747a3687866fe4988b52a1e3f","e2bb6beb199bfc576ecf2adc98bc83f014b729be832c4a4f7f2d2e09df552237",78,110,0,110,6.79e-08
"microbiome_2026","GCST90671611","Gut microbiome genus abundance (JAHZGC01)","taxon:jahzgc01",16017,"GRCh37","2648a90d7032c268b812fc96620d034c842a39c747a3687866fe4988b52a1e3f","e2bb6beb199bfc576ecf2adc98bc83f014b729be832c4a4f7f2d2e09df552237",78,59,0,59,5.983e-07
"microbiome_2026","GCST90671612","Gut microbiome genus presence (Wujia)","taxon:wujia",16017,"GRCh37","2648a90d7032c268b812fc96620d034c842a39c747a3687866fe4988b52a1e3f","e2bb6beb199bfc576ecf2adc98bc83f014b729be832c4a4f7f2d2e09df552237",78,49,0,49,1.283e-07
"microbiome_2026","GCST90671613","Gut microbiome genus abundance (Vescimonas)","taxon:vescimonas",16017,"GRCh37","2648a90d7032c268b812fc96620d034c842a39c747a3687866fe4988b52a1e3f","e2bb6beb199bfc576ecf2adc98bc83f014b729be832c4a4f7f2d2e09df552237",78,66,7,66,3.491e-08
"microbiome_2026","GCST90671614","Gut microbiome genus presence (Pseudoruminococcus)","taxon:pseudoruminococcus",16017,"GRCh37","2648a90d7032c268b812fc96620d034c842a39c747a3687866fe4988b52a1e3f","e2bb6beb199bfc576ecf2adc98bc83f014b729be832c4a4f7f2d2e09df552237",78,230,20,230,1.039e-10
"microbiome_2026","GCST90671615","Gut microbiome genus abundance (Hominisplanchenecus)","taxon:hominisplanchenecus",16017,"GRCh37","2648a90d7032c268b812fc96620d034c842a39c747a3687866fe4988b52a1e3f","e2bb6beb199bfc576ecf2adc98bc83f014b729be832c4a4f7f2d2e09df552237",78,84,0,84,4.79e-07
"microbiome_2026","GCST90671616","Gut microbiome genus presence (Tidjanibacter)","taxon:tidjanibacter",16017,"GRCh37","2648a90d7032c268b812fc96620d034c842a39c747a3687866fe4988b52a1e3f","e2bb6beb199bfc576ecf2adc98bc83f014b729be832c4a4f7f2d2e09df552237",79,99,3,99,2.157e-08
"microbiome_2026","GCST90671617","Gut microbiome genus abundance (Thomasclavelia)","taxon:thomasclavelia",16017,"GRCh37","2648a90d7032c268b812fc96620d034c842a39c747a3687866fe4988b52a1e3f","e2bb6beb199bfc576ecf2adc98bc83f014b729be832c4a4f7f2d2e09df552237",79,192,0,192,4.49e-07
"microbiome_2026","GCST90671618","Gut microbiome genus presence (Pararoseburia)","taxon:pararoseburia",16017,"GRCh37","2648a90d7032c268b812fc96620d034c842a39c747a3687866fe4988b52a1e3f","e2bb6beb199bfc576ecf2adc98bc83f014b729be832c4a4f7f2d2e09df552237",79,125,0,125,8.605e-08
"microbiome_2026","GCST90671619","Gut microbiome genus presence (Gallibacter)","taxon:gallibacter",16017,"GRCh37","2648a90d7032c268b812fc96620d034c842a39c747a3687866fe4988b52a1e3f","e2bb6beb199bfc576ecf2adc98bc83f014b729be832c4a4f7f2d2e09df552237",79,26,0,26,4.279e-07
"microbiome_2026","GCST90671620","Gut microbiome genus presence (UMGS1271)","taxon:umgs1271",16017,"GRCh37","2648a90d7032c268b812fc96620d034c842a39c747a3687866fe4988b52a1e3f","e2bb6beb199bfc576ecf2adc98bc83f014b729be832c4a4f7f2d2e09df552237",79,21,0,21,2.834e-07
"microbiome_2026","GCST90671621","Gut microbiome genus abundance (Massilimicrobiota)","taxon:massilimicrobiota",16017,"GRCh37","2648a90d7032c268b812fc96620d034c842a39c747a3687866fe4988b52a1e3f","e2bb6beb199bfc576ecf2adc98bc83f014b729be832c4a4f7f2d2e09df552237",79,161,0,161,7.899e-07
"microbiome_2026","GCST90671622","Gut microbiome genus presence (Novisyntrophococcus)","taxon:novisyntrophococcus",16017,"GRCh37","2648a90d7032c268b812fc96620d034c842a39c747a3687866fe4988b52a1e3f","e2bb6beb199bfc576ecf2adc98bc83f014b729be832c4a4f7f2d2e09df552237",79,75,0,75,2.477e-06
"microbiome_2026","GCST90671623","Gut microbiome genus presence (RGIG3102)","taxon:rgig3102",16017,"GRCh37","2648a90d7032c268b812fc96620d034c842a39c747a3687866fe4988b52a1e3f","e2bb6beb199bfc576ecf2adc98bc83f014b729be832c4a4f7f2d2e09df552237",79,24,0,24,5.061e-08
"microbiome_2026","GCST90671624","Gut microbiome genus abundance (Yeguia)","taxon:yeguia",16017,"GRCh37","2648a90d7032c268b812fc96620d034c842a39c747a3687866fe4988b52a1e3f","e2bb6beb199bfc576ecf2adc98bc83f014b729be832c4a4f7f2d2e09df552237",79,62,0,62,5.503e-08
"microbiome_2026","GCST90671625","Gut microbiome genus abundance (Massiliimalia)","taxon:massiliimalia",16017,"GRCh37","2648a90d7032c268b812fc96620d034c842a39c747a3687866fe4988b52a1e3f","e2bb6beb199bfc576ecf2adc98bc83f014b729be832c4a4f7f2d2e09df552237",79,147,0,147,2.914e-07
"microbiome_2026","GCST90671626","Gut microbiome genus presence (RGIG8748)","taxon:rgig8748",16017,"GRCh37","2648a90d7032c268b812fc96620d034c842a39c747a3687866fe4988b52a1e3f","e2bb6beb199bfc576ecf2adc98bc83f014b729be832c4a4f7f2d2e09df552237",79,67,0,67,3.056e-07
"microbiome_2026","GCST90671627","Gut microbiome genus abundance (Zhenpiania)","taxon:zhenpiania",16017,"GRCh37","2648a90d7032c268b812fc96620d034c842a39c747a3687866fe4988b52a1e3f","e2bb6beb199bfc576ecf2adc98bc83f014b729be832c4a4f7f2d2e09df552237",79,41,0,40,2.546e-07
"microbiome_2026","GCST90671628","Gut microbiome genus presence (JAHZIE01)","taxon:jahzie01",16017,"GRCh37","2648a90d7032c268b812fc96620d034c842a39c747a3687866fe4988b52a1e3f","e2bb6beb199bfc576ecf2adc98bc83f014b729be832c4a4f7f2d2e09df552237",79,149,0,149,6.418e-07
"microbiome_2026","GCST90671629","Gut microbiome genus presence (Ligaoa)","taxon:ligaoa",16017,"GRCh37","2648a90d7032c268b812fc96620d034c842a39c747a3687866fe4988b52a1e3f","e2bb6beb199bfc576ecf2adc98bc83f014b729be832c4a4f7f2d2e09df552237",79,20,0,20,1.207e-06
"microbiome_2026","GCST90671630","Gut microbiome genus presence (UMGS1449)","taxon:umgs1449",16017,"GRCh37","2648a90d7032c268b812fc96620d034c842a39c747a3687866fe4988b52a1e3f","e2bb6beb199bfc576ecf2adc98bc83f014b729be832c4a4f7f2d2e09df552237",79,97,0,97,5.125e-07
"microbiome_2026","GCST90671631","Gut microbiome genus abundance (Luoshenia)","taxon:luoshenia",16017,"GRCh37","2648a90d7032c268b812fc96620d034c842a39c747a3687866fe4988b52a1e3f","e2bb6beb199bfc576ecf2adc98bc83f014b729be832c4a4f7f2d2e09df552237",79,74,0,74,1.129e-06
"microbiome_2026","GCST90671632","Gut microbiome genus presence (Heritagella)","taxon:heritagella",16017,"GRCh37","2648a90d7032c268b812fc96620d034c842a39c747a3687866fe4988b52a1e3f","e2bb6beb199bfc576ecf2adc98bc83f014b729be832c4a4f7f2d2e09df552237",80,128,0,128,3.805e-07
"microbiome_2026","GCST90671633","Gut microbiome genus presence (Raoultibacter)","taxon:raoultibacter",16017,"GRCh37","2648a90d7032c268b812fc96620d034c842a39c747a3687866fe4988b52a1e3f","e2bb6beb199bfc576ecf2adc98bc83f014b729be832c4a4f7f2d2e09df552237",80,47,0,47,5.292e-07
"microbiome_2026","GCST90671634","Gut microbiome genus abundance (Pararuminococcus)","taxon:pararuminococcus",16017,"GRCh37","2648a90d7032c268b812fc96620d034c842a39c747a3687866fe4988b52a1e3f","e2bb6beb199bfc576ecf2adc98bc83f014b729be832c4a4f7f2d2e09df552237",80,156,0,156,7.421e-07
"microbiome_2026","GCST90671635","Gut microbiome genus abundance (Diplocloster)","taxon:diplocloster",16017,"GRCh37","2648a90d7032c268b812fc96620d034c842a39c747a3687866fe4988b52a1e3f","e2bb6beb199bfc576ecf2adc98bc83f014b729be832c4a4f7f2d2e09df552237",80,53,0,53,4.197e-07
"microbiome_2026","GCST90671636","Gut microbiome genus abundance (Guopingia)","taxon:guopingia",16017,"GRCh37","2648a90d7032c268b812fc96620d034c842a39c747a3687866fe4988b52a1e3f","e2bb6beb199bfc576ecf2adc98bc83f014b729be832c4a4f7f2d2e09df552237",80,51,0,51,3.307e-07
"microbiome_2026","GCST90671637","Gut microbiome genus presence (Gehongia)","taxon:gehongia",16017,"GRCh37","2648a90d7032c268b812fc96620d034c842a39c747a3687866fe4988b52a1e3f","e2bb6beb199bfc576ecf2adc98bc83f014b729be832c4a4f7f2d2e09df552237",80,90,0,90,4.652e-07
"microbiome_2026","GCST90671638","Gut microbiome genus presence (Intestinibacillus)","taxon:intestinibacillus",16017,"GRCh37","2648a90d7032c268b812fc96620d034c842a39c747a3687866fe4988b52a1e3f","e2bb6beb199bfc576ecf2adc98bc83f014b729be832c4a4f7f2d2e09df552237",80,96,0,96,2.006e-07
"microbiome_2026","GCST90671639","Gut microbiome genus abundance (RGIG7067)","taxon:rgig7067",16017,"GRCh37","2648a90d7032c268b812fc96620d034c842a39c747a3687866fe4988b52a1e3f","e2bb6beb199bfc576ecf2adc98bc83f014b729be832c4a4f7f2d2e09df552237",80,85,0,85,3.518e-07
"microbiome_2026","GCST90671640","Gut microbiome genus presence (CALXCR01)","taxon:calxcr01",16017,"GRCh37","2648a90d7032c268b812fc96620d034c842a39c747a3687866fe4988b52a1e3f","e2bb6beb199bfc576ecf2adc98bc83f014b729be832c4a4f7f2d2e09df552237",80,100,0,100,1.175e-07
"microbiome_2026","GCST90671641","Gut microbiome genus presence (HGM11386)","taxon:hgm11386",16017,"GRCh37","2648a90d7032c268b812fc96620d034c842a39c747a3687866fe4988b52a1e3f","e2bb6beb199bfc576ecf2adc98bc83f014b729be832c4a4f7f2d2e09df552237",80,20,0,20,3.79e-07
"microbiome_2026","GCST90671642","Gut microbiome genus presence (RGIG1902)","taxon:rgig1902",16017,"GRCh37","2648a90d7032c268b812fc96620d034c842a39c747a3687866fe4988b52a1e3f","e2bb6beb199bfc576ecf2adc98bc83f014b729be832c4a4f7f2d2e09df552237",80,51,0,51,5.195e-07
"microbiome_2026","GCST90671643","Gut microbiome genus presence (HGM12545)","taxon:hgm12545",16017,"GRCh37","2648a90d7032c268b812fc96620d034c842a39c747a3687866fe4988b52a1e3f","e2bb6beb199bfc576ecf2adc98bc83f014b729be832c4a4f7f2d2e09df552237",80,464,0,464,1.519e-07
"microbiome_2026","GCST90671644","Gut microbiome genus abundance (Bianquea)","taxon:bianquea",16017,"GRCh37","2648a90d7032c268b812fc96620d034c842a39c747a3687866fe4988b52a1e3f","e2bb6beb199bfc576ecf2adc98bc83f014b729be832c4a4f7f2d2e09df552237",80,69,0,69,1.203e-06
"microbiome_2026","GCST90671645","Gut microbiome genus presence (Excrementavichristensenella)","taxon:excrementavichristensenella",16017,"GRCh37","2648a90d7032c268b812fc96620d034c842a39c747a3687866fe4988b52a1e3f","e2bb6beb199bfc576ecf2adc98bc83f014b729be832c4a4f7f2d2e09df552237",80,124,0,124,4.322e-07
"microbiome_2026","GCST90671646","Gut microbiome genus presence (JAJEQR01)","taxon:jajeqr01",16017,"GRCh37","2648a90d7032c268b812fc96620d034c842a39c747a3687866fe4988b52a1e3f","e2bb6beb199bfc576ecf2adc98bc83f014b729be832c4a4f7f2d2e09df552237",80,119,0,119,5.77e-07
"microbiome_2026","GCST90671647","Gut microbiome genus presence (Feifania)","taxon:feifania",16017,"GRCh37","2648a90d7032c268b812fc96620d034c842a39c747a3687866fe4988b52a1e3f","e2bb6beb199bfc576ecf2adc98bc83f014b729be832c4a4f7f2d2e09df552237",80,66,0,66,1.867e-07
"microbiome_2026","GCST90671648","Gut microbiome genus presence (HGM11808)","taxon:hgm11808",16017,"GRCh37","2648a90d7032c268b812fc96620d034c842a39c747a3687866fe4988b52a1e3f","e2bb6beb199bfc576ecf2adc98bc83f014b729be832c4a4f7f2d2e09df552237",81,113,0,113,2.011e-07
"microbiome_2026","GCST90671649","Gut microbiome genus presence (CALWSW01)","taxon:calwsw01",16017,"GRCh37","2648a90d7032c268b812fc96620d034c842a39c747a3687866fe4988b52a1e3f","e2bb6beb199bfc576ecf2adc98bc83f014b729be832c4a4f7f2d2e09df552237",81,58,0,58,3.558e-07
"microbiome_2026","GCST90671650","Gut microbiome genus presence (Saccharomyces)","taxon:saccharomyces",16017,"GRCh37","2648a90d7032c268b812fc96620d034c842a39c747a3687866fe4988b52a1e3f","e2bb6beb199bfc576ecf2adc98bc83f014b729be832c4a4f7f2d2e09df552237",81,22,0,22,5.47e-06
"microbiome_2026","GCST90671651","Gut microbiome genus presence (Blastocystis)","taxon:blastocystis",16017,"GRCh37","2648a90d7032c268b812fc96620d034c842a39c747a3687866fe4988b52a1e3f","e2bb6beb199bfc576ecf2adc98bc83f014b729be832c4a4f7f2d2e09df552237",81,75,0,75,1.537e-06
"microbiome_2026","GCST90671652","Gut microbiome family abundance (Lachnospiraceae)","taxon:lachnospiraceae",16017,"GRCh37","2648a90d7032c268b812fc96620d034c842a39c747a3687866fe4988b52a1e3f","e2bb6beb199bfc576ecf2adc98bc83f014b729be832c4a4f7f2d2e09df552237",81,100,0,100,5.035e-07
"microbiome_2026","GCST90671653","Gut microbiome family abundance (Bifidobacteriaceae)","taxon:bifidobacteriaceae",16017,"GRCh37","2648a90d7032c268b812fc96620d034c842a39c747a3687866fe4988b52a1e3f","e2bb6beb199bfc576ecf2adc98bc83f014b729be832c4a4f7f2d2e09df552237",81,812,317,812,1.45e-24
"microbiome_2026","GCST90671654","Gut microbiome family abundance (Ruminococcaceae)","taxon:ruminococcaceae",16017,"GRCh37","2648a90d7032c268b812fc96620d034c842a39c747a3687866fe4988b52a1e3f","e2bb6beb199bfc576ecf2adc98bc83f014b729be832c4a4f7f2d2e09df552237",81,178,0,178,6.232e-08
"microbiome_2026","GCST90671655","Gut microbiome family abundance (Acutalibacteraceae)","taxon:acutalibacteraceae",16017,"GRCh37","2648a90d7032c268b812fc96620d034c842a39c747a3687866fe4988b52a1e3f","e2bb6beb199bfc576ecf2adc98bc83f014b729be832c4a4f7f2d2e09df552237",81,26,0,26,4.226e-07
"microbiome_2026","GCST90671656","Gut microbiome family abundance (Bacteroidaceae)","taxon:bacteroidaceae",16017,"GRCh37","2648a90d7032c268b812fc96620d034c842a39c747a3687866fe4988b52a1e3f","e2bb6beb199bfc576ecf2adc98bc83f014b729be832c4a4f7f2d2e09df552237",81,135,1,135,2.988e-08
"microbiome_2026","GCST90671657","Gut microbiome family abundance (Acidaminococcaceae)","taxon:acidaminococcaceae",16017,"GRCh37","2648a90d7032c268b812fc96620d034c842a39c747a3687866fe4988b52a1e3f","e2bb6beb199bfc576ecf2adc98bc83f014b729be832c4a4f7f2d2e09df552237",81,70,0,70,1.582e-06
"microbiome_2026","GCST90671658","Gut microbiome family abundance (Oscillospiraceae)","taxon:oscillospiraceae",16017,"GRCh37","2648a90d7032c268b812fc96620d034c842a39c747a3687866fe4988b52a1e3f","e2bb6beb199bfc576ecf2adc98bc83f014b729be832c4a4f7f2d2e09df552237",81,89,0,89,3.006e-07
"microbiome_2026","GCST90671659","Gut microbiome family abundance (Rikenellaceae)","taxon:rikenellaceae",16017,"GRCh37","2648a90d7032c268b812fc96620d034c842a39c747a3687866fe4988b52a1e3f","e2bb6beb199bfc576ecf2adc98bc83f014b729be832c4a4f7f2d2e09df552237",81,63,0,63,2.522e-07
"microbiome_2026","GCST90671660","Gut microbiome family abundance (Streptococcaceae)","taxon:streptococcaceae",16017,"GRCh37","2648a90d7032c268b812fc96620d034c842a39c747a3687866fe4988b52a1e3f","e2bb6beb199bfc576ecf2adc98bc83f014b729be832c4a4f7f2d2e09df552237",81,43,0,43,1.974e-07
"microbiome_2026","GCST90671661","Gut microbiome family abundance (Enterobacteriaceae)","taxon:enterobacteriaceae",16017,"GRCh37","2648a90d7032c268b812fc96620d034c842a39c747a3687866fe4988b52a1e3f","e2bb6beb199bfc576ecf2adc98bc83f014b729be832c4a4f7f2d2e09df552237",81,74,0,74,7.637e-07
"microbiome_2026","GCST90671662","Gut microbiome family presence (Methanobacteriaceae)","taxon:methanobacteriaceae",16017,"GRCh37","2648a90d7032c268b812fc96620d034c842a39c747a3687866fe4988b52a1e3f","e2bb6beb199bfc576ecf2adc98bc83f014b729be832c4a4f7f2d2e09df552237",81,342,0,342,1.246e-07
"microbiome_2026","GCST90671663","Gut microbiome family abundance (Tannerellaceae)","taxon:tannerellaceae",16017,"GRCh37","2648a90d7032c268b812fc96620d034c842a39c747a3687866fe4988b52a1e3f","e2bb6beb199bfc576ecf2adc98bc83f014b729be832c4a4f7f2d2e09df552237",81,58,0,58,3.508e-07
"microbiome_2026","GCST90671664","Gut microbiome family abundance (Coprobacillaceae)","taxon:coprobacillaceae",16017,"GRCh37","2648a90d7032c268b812fc96620d034c842a39c747a3687866fe4988b52a1e3f","e2bb6beb199bfc576ecf2adc98bc83f014b729be832c4a4f7f2d2e09df552237",82,55,1,55,3.972e-08
"microbiome_2026","GCST90671665","Gut microbiome family presence (UBA932)","taxon:uba932",16017,"GRCh37","2648a90d7032c268b812fc96620d034c842a39c747a3687866fe4988b52a1e3f","e2bb6beb199bfc576ecf2adc98bc83f014b729be832c4a4f7f2d2e09df552237",82,109,1,109,4.743e-08
"microbiome_2026","GCST90671666","Gut microbiome family abundance (UBA1381)","taxon:uba1381",16017,"GRCh37","2648a90d7032c268b812fc96620d034c842a39c747a3687866fe4988b52a1e3f","e2bb6beb199bfc576ecf2adc98bc83f014b729be832c4a4f7f2d2e09df552237",82,75,0,75,1.935e-07
"microbiome_2026","GCST90671667","Gut microbiome family abundance (Erysipelotrichaceae)","taxon:erysipelotrichaceae",16017,"GRCh37","2648a90d7032c268b812fc96620d034c842a39c747a3687866fe4988b52a1e3f","e2bb6beb199bfc576ecf2adc98bc83f014b729be832c4a4f7f2d2e09df552237",82,230,0,230,1.095e-07
"microbiome_2026","GCST90671668","Gut microbiome family abundance (Marinifilaceae)","taxon:marinifilaceae",16017,"GRCh37","2648a90d7032c268b812fc96620d034c842a39c747a3687866fe4988b52a1e3f","e2bb6beb199bfc576ecf2adc98bc83f014b729be832c4a4f7f2d2e09df552237",82,53,0,53,7.709e-07
"microbiome_2026","GCST90671669","Gut microbiome family abundance (Butyricicoccaceae)","taxon:butyricicoccaceae",16017,"GRCh37","2648a90d7032c268b812fc96620d034c842a39c747a3687866fe4988b52a1e3f","e2bb6beb199bfc576ecf2adc98bc83f014b729be832c4a4f7f2d2e09df552237",82,174,57,174,7.261e-20
"microbiome_2026","GCST90671670","Gut microbiome family abundance (Barnesiellaceae)","taxon:barnesiellaceae",16017,"GRCh37","2648a90d7032c268b812fc96620d034c842a39c747a3687866fe4988b52a1e3f","e2bb6beb199bfc576ecf2adc98bc83f014b729be832c4a4f7f2d2e09df552237",82,81,0,81,3.665e-07
"microbiome_2026","GCST90671671","Gut microbiome family abundance (Akkermansiaceae)","taxon:akkermansiaceae",16017,"GRCh37","2648a90d7032c268b812fc96620d034c842a39c747a3687866fe4988b52a1e3f","e2bb6beb199bfc576ecf2adc98bc83f014b729be832c4a4f7f2d2e09df552237",82,118,0,118,1.23e-06
"microbiome_2026","GCST90671672","Gut microbiome family abundance (Anaerotignaceae)","taxon:anaerotignaceae",16017,"GRCh37","2648a90d7032c268b812fc96620d034c842a39c747a3687866fe4988b52a1e3f","e2bb6beb199bfc576ecf2adc98bc83f014b729be832c4a4f7f2d2e09df552237",82,269,0,269,1.443e-07
"microbiome_2026","GCST90671673","Gut microbiome family abundance (UBA660)","taxon:uba660",16017,"GRCh37","2648a90d7032c268b812fc96620d034c842a39c747a3687866fe4988b52a1e3f","e2bb6beb199bfc576ecf2adc98bc83f014b729be832c4a4f7f2d2e09df552237",82,27,0,27,4.725e-07
"microbiome_2026","GCST90671674","Gut microbiome family abundance (Lactobacillaceae)","taxon:lactobacillaceae",16017,"GRCh37","2648a90d7032c268b812fc96620d034c842a39c747a3687866fe4988b52a1e3f","e2bb6beb199bfc576ecf2adc98bc83f014b729be832c4a4f7f2d2e09df552237",82,56,1,56,4.456e-08
"microbiome_2026","GCST90671675","Gut microbiome family presence (Enterococcaceae)","taxon:enterococcaceae",16017,"GRCh37","2648a90d7032c268b812fc96620d034c842a39c747a3687866fe4988b52a1e3f","e2bb6beb199bfc576ecf2adc98bc83f014b729be832c4a4f7f2d2e09df552237",82,45,0,45,3.652e-07
"microbiome_2026","GCST90671676","Gut microbiome family presence (Megasphaeraceae)","taxon:megasphaeraceae",16017,"GRCh37","2648a90d7032c268b812fc96620d034c842a39c747a3687866fe4988b52a1e3f","e2bb6beb199bfc576ecf2adc98bc83f014b729be832c4a4f7f2d2e09df552237",82,61,0,61,3.48e-07
"microbiome_2026","GCST90671677","Gut microbiome family abundance (Dialisteraceae)","taxon:dialisteraceae",16017,"GRCh37","2648a90d7032c268b812fc96620d034c842a39c747a3687866fe4988b52a1e3f","e2bb6beb199bfc576ecf2adc98bc83f014b729be832c4a4f7f2d2e09df552237",82,36,0,36,3.486e-07
"microbiome_2026","GCST90671678","Gut microbiome family presence (Campylobacteraceae)","taxon:campylobacteraceae",16017,"GRCh37","2648a90d7032c268b812fc96620d034c842a39c747a3687866fe4988b52a1e3f","e2bb6beb199bfc576ecf2adc98bc83f014b729be832c4a4f7f2d2e09df552237",82,41,0,41,6.855e-07
"microbiome_2026","GCST90671679","Gut microbiome family abundance (Eggerthellaceae)","taxon:eggerthellaceae",16017,"GRCh37","2648a90d7032c268b812fc96620d034c842a39c747a3687866fe4988b52a1e3f","e2bb6beb199bfc576ecf2adc98bc83f014b729be832c4a4f7f2d2e09df552237",82,174,0,174,8.124e-07
"microbiome_2026","GCST90671680","Gut microbiome family presence (Selenomonadaceae)","taxon:selenomonadaceae",16017,"GRCh37","2648a90d7032c268b812fc96620d034c842a39c747a3687866fe4988b52a1e3f","e2bb6beb199bfc576ecf2adc98bc83f014b729be832c4a4f7f2d2e09df552237",83,66,0,66,3.091e-07
"microbiome_2026","GCST90671681","Gut microbiome family abundance (Veillonellaceae)","taxon:veillonellaceae",16017,"GRCh37","2648a90d7032c268b812fc96620d034c842a39c747a3687866fe4988b52a1e3f","e2bb6beb199bfc576ecf2adc98bc83f014b729be832c4a4f7f2d2e09df552237",83,77,0,77,1.376e-07
"microbiome_2026","GCST90671682","Gut microbiome family presence (Porphyromonadaceae)","taxon:porphyromonadaceae",16017,"GRCh37","2648a90d7032c268b812fc96620d034c842a39c747a3687866fe4988b52a1e3f","e2bb6beb199bfc576ecf2adc98bc83f014b729be832c4a4f7f2d2e09df552237",83,95,0,95,1.601e-07
"microbiome_2026","GCST90671683","Gut microbiome family presence (Muribaculaceae)","taxon:muribaculaceae",16017,"GRCh37","2648a90d7032c268b812fc96620d034c842a39c747a3687866fe4988b52a1e3f","e2bb6beb199bfc576ecf2adc98bc83f014b729be832c4a4f7f2d2e09df552237",83,61,0,61,3.34e-07
"microbiome_2026","GCST90671684","Gut microbiome family abundance (Micrococcaceae)","taxon:micrococcaceae",16017,"GRCh37","2648a90d7032c268b812fc96620d034c842a39c747a3687866fe4988b52a1e3f","e2bb6beb199bfc576ecf2adc98bc83f014b729be832c4a4f7f2d2e09df552237",83,56,0,56,3.645e-07
"microbiome_2026","GCST90671685","Gut microbiome family presence (Mycobacteriaceae)","taxon:mycobacteriaceae",16017,"GRCh37","2648a90d7032c268b812fc96620d034c842a39c747a3687866fe4988b52a1e3f","e2bb6beb199bfc576ecf2adc98bc83f014b729be832c4a4f7f2d2e09df552237",83,208,0,208,6.464e-07
"microbiome_2026","GCST90671686","Gut microbiome family abundance (Actinomycetaceae)","taxon:actinomycetaceae",16017,"GRCh37","2648a90d7032c268b812fc96620d034c842a39c747a3687866fe4988b52a1e3f","e2bb6beb199bfc576ecf2adc98bc83f014b729be832c4a4f7f2d2e09df552237",83,128,0,127,1.813e-07
"microbiome_2026","GCST90671687","Gut microbiome family abundance (Clostridiaceae)","taxon:clostridiaceae",16017,"GRCh37","2648a90d7032c268b812fc96620d034c842a39c747a3687866fe4988b52a1e3f","e2bb6beb199bfc576ecf2adc98bc83f014b729be832c4a4f7f2d2e09df552237",83,158,0,158,3.135e-07
"microbiome_2026","GCST90671688","Gut microbiome family abundance (Atopobiaceae)","taxon:atopobiaceae",16017,"GRCh37","2648a90d7032c268b812fc96620d034c842a39c747a3687866fe4988b52a1e3f","e2bb6beb199bfc576ecf2adc98bc83f014b729be832c4a4f7f2d2e09df552237",83,34,0,34,1.702e-06
"microbiome_2026","GCST90671689","Gut microbiome family presence (Propionibacteriaceae)","taxon:propionibacteriaceae",16017,"GRCh37","2648a90d7032c268b812fc96620d034c842a39c747a3687866fe4988b52a1e3f","e2bb6beb199bfc576ecf2adc98bc83f014b729be832c4a4f7f2d2e09df552237",83,233,26,233,1.818e-08
"microbiome_2026","GCST90671690","Gut microbiome family abundance (Desulfovibrionaceae)","taxon:desulfovibrionaceae",16017,"GRCh37","2648a90d7032c268b812fc96620d034c842a39c747a3687866fe4988b52a1e3f","e2bb6beb199bfc576ecf2adc98bc83f014b729be832c4a4f7f2d2e09df552237",83,79,0,79,4.519e-07
"microbiome_2026","GCST90671691","Gut microbiome family presence (Pasteurellaceae)","taxon:pasteurellaceae",16017,"GRCh37","2648a90d7032c268b812fc96620d034c842a39c747a3687866fe4988b52a1e3f","e2bb6beb199bfc576ecf2adc98bc83f014b729be832c4a4f7f2d2e09df552237",83,86,0,86,1.238e-07
"microbiome_2026","GCST90671692","Gut microbiome family abundance (Coriobacteriaceae)","taxon:coriobacteriaceae",16017,"GRCh37","2648a90d7032c268b812fc96620d034c842a39c747a3687866fe4988b52a1e3f","e2bb6beb199bfc576ecf2adc98bc83f014b729be832c4a4f7f2d2e09df552237",83,50,0,50,5.936e-07
"microbiome_2026","GCST90671693","Gut microbiome family abundance (Peptostreptococcaceae)","taxon:peptostreptococcaceae",16017,"GRCh37","2648a90d7032c268b812fc96620d034c842a39c747a3687866fe4988b52a1e3f","e2bb6beb199bfc576ecf2adc98bc83f014b729be832c4a4f7f2d2e09df552237",83,425,1,425,4.778e-08
"microbiome_2026","GCST90671694","Gut microbiome family abundance (Anaerovoracaceae)","taxon:anaerovoracaceae",16017,"GRCh37","2648a90d7032c268b812fc96620d034c842a39c747a3687866fe4988b52a1e3f","e2bb6beb199bfc576ecf2adc98bc83f014b729be832c4a4f7f2d2e09df552237",83,88,0,88,2.511e-07
"microbiome_2026","GCST90671695","Gut microbiome family abundance (Pumilibacteraceae)","taxon:pumilibacteraceae",16017,"GRCh37","2648a90d7032c268b812fc96620d034c842a39c747a3687866fe4988b52a1e3f","e2bb6beb199bfc576ecf2adc98bc83f014b729be832c4a4f7f2d2e09df552237",83,198,26,198,1.712e-09
"microbiome_2026","GCST90671696","Gut microbiome family abundance (UBA644)","taxon:uba644",16017,"GRCh37","2648a90d7032c268b812fc96620d034c842a39c747a3687866fe4988b52a1e3f","e2bb6beb199bfc576ecf2adc98bc83f014b729be832c4a4f7f2d2e09df552237",84,51,0,51,9.278e-07
"microbiome_2026","GCST90671697","Gut microbiome family abundance (Coprobacteraceae)","taxon:coprobacteraceae",16017,"GRCh37","2648a90d7032c268b812fc96620d034c842a39c747a3687866fe4988b52a1e3f","e2bb6beb199bfc576ecf2adc98bc83f014b729be832c4a4f7f2d2e09df552237",84,53,0,53,7.731e-07
"microbiome_2026","GCST90671698","Gut microbiome family abundance (Gastranaerophilaceae)","taxon:gastranaerophilaceae",16017,"GRCh37","2648a90d7032c268b812fc96620d034c842a39c747a3687866fe4988b52a1e3f","e2bb6beb199bfc576ecf2adc98bc83f014b729be832c4a4f7f2d2e09df552237",84,330,0,330,6.232e-08
"microbiome_2026","GCST90671699","Gut microbiome family presence (Nanogingivalaceae)","taxon:nanogingivalaceae",16017,"GRCh37","2648a90d7032c268b812fc96620d034c842a39c747a3687866fe4988b52a1e3f","e2bb6beb199bfc576ecf2adc98bc83f014b729be832c4a4f7f2d2e09df552237",84,81,0,81,1.112e-07
"microbiome_2026","GCST90671700","Gut microbiome family presence (QAMH01)","taxon:qamh01",16017,"GRCh37","2648a90d7032c268b812fc96620d034c842a39c747a3687866fe4988b52a1e3f","e2bb6beb199bfc576ecf2adc98bc83f014b729be832c4a4f7f2d2e09df552237",84,79,0,79,2.108e-07
"microbiome_2026","GCST90671701","Gut microbiome family presence (Aerococcaceae)","taxon:aerococcaceae",16017,"GRCh37","2648a90d7032c268b812fc96620d034c842a39c747a3687866fe4988b52a1e3f","e2bb6beb199bfc576ecf2adc98bc83f014b729be832c4a4f7f2d2e09df552237",84,80,0,80,2.581e-07
"microbiome_2026","GCST90671702","Gut microbiome family presence (UBA1820)","taxon:uba1820",16017,"GRCh37","2648a90d7032c268b812fc96620d034c842a39c747a3687866fe4988b52a1e3f","e2bb6beb199bfc576ecf2adc98bc83f014b729be832c4a4f7f2d2e09df552237",84,66,0,66,1.404e-07
"microbiome_2026","GCST90671703","Gut microbiome family presence (UBA1829)","taxon:uba1829",16017,"GRCh37","2648a90d7032c268b812fc96620d034c842a39c747a3687866fe4988b52a1e3f","e2bb6beb199bfc576ecf2adc98bc83f014b729be832c4a4f7f2d2e09df552237",84,89,0,89,2.143e-07
"microbiome_2026","GCST90671704","Gut microbiome family abundance (QALW01)","taxon:qalw01",16017,"GRCh37","2648a90d7032c268b812fc96620d034c842a39c747a3687866fe4988b52a1e3f","e2bb6beb199bfc576ecf2adc98bc83f014b729be832c4a4f7f2d2e09df552237",84,124,0,124,4.274e-07
"microbiome_2026","GCST90671705","Gut microbiome family presence (UBA11471)","taxon:uba11471",16017,"GRCh37","2648a90d7032c268b812fc96620d034c842a39c747a3687866fe4988b52a1e3f","e2bb6beb199bfc576ecf2adc98bc83f014b729be832c4a4f7f2d2e09df552237",84,210,0,210,6.998e-08
"microbiome_2026","GCST90671706","Gut microbiome family abundance (Borkfalkiaceae)","taxon:borkfalkiaceae",16017,"GRCh37","2648a90d7032c268b812fc96620d034c842a39c747a3687866fe4988b52a1e3f","e2bb6beb199bfc576ecf2adc98bc83f014b729be832c4a4f7f2d2e09df552237",84,138,0,138,4.482e-07
"microbiome_2026","GCST90671707","Gut microbiome family abundance (UBA1750)","taxon:uba1750",16017,"GRCh37","2648a90d7032c268b812fc96620d034c842a39c747a3687866fe4988b52a1e3f","e2bb6beb199bfc576ecf2adc98bc83f014b729be832c4a4f7f2d2e09df552237",84,98,4,98,1.728e-08
"microbiome_2026","GCST90671708","Gut microbiome family presence (Peptoniphilaceae)","taxon:peptoniphilaceae",16017,"GRCh37","2648a90d7032c268b812fc96620d034c842a39c747a3687866fe4988b52a1e3f","e2bb6beb199bfc576ecf2adc98bc83f014b729be832c4a4f7f2d2e09df552237",84,95,0,95,5.596e-07
"microbiome_2026","GCST90671709","Gut microbiome family presence (Peptococcaceae)","taxon:peptococcaceae",16017,"GRCh37","2648a90d7032c268b812fc96620d034c842a39c747a3687866fe4988b52a1e3f","e2bb6beb199bfc576ecf2adc98bc83f014b729be832c4a4f7f2d2e09df552237",84,126,1,126,1.819e-08
"microbiome_2026","GCST90671710","Gut microbiome family presence (Synergistaceae)","taxon:synergistaceae",16017,"GRCh37","2648a90d7032c268b812fc96620d034c842a39c747a3687866fe4988b52a1e3f","e2bb6beb199bfc576ecf2adc98bc83f014b729be832c4a4f7f2d2e09df552237",84,67,0,67,2.088e-07
"microbiome_2026","GCST90671711","Gut microbiome family abundance (Monoglobaceae)","taxon:monoglobaceae",16017,"GRCh37","2648a90d7032c268b812fc96620d034c842a39c747a3687866fe4988b52a1e3f","e2bb6beb199bfc576ecf2adc98bc83f014b729be832c4a4f7f2d2e09df552237",84,43,0,43,4.699e-07
"microbiome_2026","GCST90671712","Gut microbiome family presence (Victivallaceae)","taxon:victivallaceae",16017,"GRCh37","2648a90d7032c268b812fc96620d034c842a39c747a3687866fe4988b52a1e3f","e2bb6beb199bfc576ecf2adc98bc83f014b729be832c4a4f7f2d2e09df552237",85,154,0,154,5.401e-07
"microbiome_2026","GCST90671713","Gut microbiome family abundance (QAND01)","taxon:qand01",16017,"GRCh37","2648a90d7032c268b812fc96620d034c842a39c747a3687866fe4988b52a1e3f","e2bb6beb199bfc576ecf2adc98bc83f014b729be832c4a4f7f2d2e09df552237",85,28,0,28,1.348e-07
"microbiome_2026","GCST90671714","Gut microbiome family presence (Eubacteriaceae)","taxon:eubacteriaceae",16017,"GRCh37","2648a90d7032c268b812fc96620d034c842a39c747a3687866fe4988b52a1e3f","e2bb6beb199bfc576ecf2adc98bc83f014b729be832c4a4f7f2d2e09df552237",85,60,0,60,2.181e-07
"microbiome_2026","GCST90671715","Gut microbiome family presence (UBA1255)","taxon:uba1255",16017,"GRCh37","2648a90d7032c268b812fc96620d034c842a39c747a3687866fe4988b52a1e3f","e2bb6beb199bfc576ecf2adc98bc83f014b729be832c4a4f7f2d2e09df552237",85,77,0,77,2.653e-07
"microbiome_2026","GCST90671716","Gut microbiome family presence (Feifaniaceae)","taxon:feifaniaceae",16017,"GRCh37","2648a90d7032c268b812fc96620d034c842a39c747a3687866fe4988b52a1e3f","e2bb6beb199bfc576ecf2adc98bc83f014b729be832c4a4f7f2d2e09df552237",85,132,28,132,4.129e-09
"microbiome_2026","GCST90671717","Gut microbiome family presence (Burkholderiaceae)","taxon:burkholderiaceae",16017,"GRCh37","2648a90d7032c268b812fc96620d034c842a39c747a3687866fe4988b52a1e3f","e2bb6beb199bfc576ecf2adc98bc83f014b729be832c4a4f7f2d2e09df552237",85,160,21,160,1.203e-08
"microbiome_2026","GCST90671718","Gut microbiome family presence (HGM11501)","taxon:hgm11501",16017,"GRCh37","2648a90d7032c268b812fc96620d034c842a39c747a3687866fe4988b52a1e3f","e2bb6beb199bfc576ecf2adc98bc83f014b729be832c4a4f7f2d2e09df552237",85,71,3,71,9.859e-09
"microbiome_2026","GCST90671719","Gut microbiome family presence (UMGS1810)","taxon:umgs1810",16017,"GRCh37","2648a90d7032c268b812fc96620d034c842a39c747a3687866fe4988b52a1e3f","e2bb6beb199bfc576ecf2adc98bc83f014b729be832c4a4f7f2d2e09df552237",85,17,0,17,2.132e-07
"microbiome_2026","GCST90671720","Gut microbiome family abundance (QAKW01)","taxon:qakw01",16017,"GRCh37","2648a90d7032c268b812fc96620d034c842a39c747a3687866fe4988b52a1e3f","e2bb6beb199bfc576ecf2adc98bc83f014b729be832c4a4f7f2d2e09df552237",85,40,0,40,5.71e-07
"microbiome_2026","GCST90671721","Gut microbiome family presence (HGM11507)","taxon:hgm11507",16017,"GRCh37","2648a90d7032c268b812fc96620d034c842a39c747a3687866fe4988b52a1e3f","e2bb6beb199bfc576ecf2adc98bc83f014b729be832c4a4f7f2d2e09df552237",85,71,1,71,2.559e-08
"microbiome_2026","GCST90671722","Gut microbiome family abundance (Christensenellaceae)","taxon:christensenellaceae",16017,"GRCh37","2648a90d7032c268b812fc96620d034c842a39c747a3687866fe4988b52a1e3f","e2bb6beb199bfc576ecf2adc98bc83f014b729be832c4a4f7f2d2e09df552237",85,46,0,46,5.178e-07
"microbiome_2026","GCST90671723","Gut microbiome family abundance (Turicibacteraceae)","taxon:turicibacteraceae",16017,"GRCh37","2648a90d7032c268b812fc96620d034c842a39c747a3687866fe4988b52a1e3f","e2bb6beb199bfc576ecf2adc98bc83f014b729be832c4a4f7f2d2e09df552237",85,692,113,692,3.787e-12
"microbiome_2026","GCST90671724","Gut microbiome family presence (UBA9506)","taxon:uba9506",16017,"GRCh37","2648a90d7032c268b812fc96620d034c842a39c747a3687866fe4988b52a1e3f","e2bb6beb199bfc576ecf2adc98bc83f014b729be832c4a4f7f2d2e09df552237",85,136,0,136,1.101e-06
"microbiome_2026","GCST90671725","Gut microbiome family presence (UMGS1783)","taxon:umgs1783",16017,"GRCh37","2648a90d7032c268b812fc96620d034c842a39c747a3687866fe4988b52a1e3f","e2bb6beb199bfc576ecf2adc98bc83f014b729be832c4a4f7f2d2e09df552237",85,125,5,125,4.252e-08
"microbiome_2026","GCST90671726","Gut microbiome family presence (Anaerofustaceae)","taxon:anaerofustaceae",16017,"GRCh37","2648a90d7032c268b812fc96620d034c842a39c747a3687866fe4988b52a1e3f","e2bb6beb199bfc576ecf2adc98bc83f014b729be832c4a4f7f2d2e09df552237",85,185,0,185,2.215e-07
"microbiome_2026","GCST90671727","Gut microbiome family presence (HGM11417)","taxon:hgm11417",16017,"GRCh37","2648a90d7032c268b812fc96620d034c842a39c747a3687866fe4988b52a1e3f","e2bb6beb199bfc576ecf2adc98bc83f014b729be832c4a4f7f2d2e09df552237",85,33,0,33,6.146e-07
"microbiome_2026","GCST90671728","Gut microbiome family presence (HGM11514)","taxon:hgm11514",16017,"GRCh37","2648a90d7032c268b812fc96620d034c842a39c747a3687866fe4988b52a1e3f","e2bb6beb199bfc576ecf2adc98bc83f014b729be832c4a4f7f2d2e09df552237",86,60,0,60,2.804e-07
"microbiome_2026","GCST90671729","Gut microbiome family presence (UMGS1384)","taxon:umgs1384",16017,"GRCh37","2648a90d7032c268b812fc96620d034c842a39c747a3687866fe4988b52a1e3f","e2bb6beb199bfc576ecf2adc98bc83f014b729be832c4a4f7f2d2e09df552237",86,211,4,211,1.86e-08
"microbiome_2026","GCST90671730","Gut microbiome family abundance (Bianqueaceae)","taxon:bianqueaceae",16017,"GRCh37","2648a90d7032c268b812fc96620d034c842a39c747a3687866fe4988b52a1e3f","e2bb6beb199bfc576ecf2adc98bc83f014b729be832c4a4f7f2d2e09df552237",86,44,0,44,1.497e-06
"microbiome_2026","GCST90671731","Gut microbiome family presence (UMGS1253)","taxon:umgs1253",16017,"GRCh37","2648a90d7032c268b812fc96620d034c842a39c747a3687866fe4988b52a1e3f","e2bb6beb199bfc576ecf2adc98bc83f014b729be832c4a4f7f2d2e09df552237",86,133,0,133,1.573e-07
"microbiome_2026","GCST90671732","Gut microbiome family presence (HGM11327)","taxon:hgm11327",16017,"GRCh37","2648a90d7032c268b812fc96620d034c842a39c747a3687866fe4988b52a1e3f","e2bb6beb199bfc576ecf2adc98bc83f014b729be832c4a4f7f2d2e09df552237",86,72,0,72,1.578e-06
"microbiome_2026","GCST90671733","Gut microbiome family presence (HGM14224)","taxon:hgm14224",16017,"GRCh37","2648a90d7032c268b812fc96620d034c842a39c747a3687866fe4988b52a1e3f","e2bb6beb199bfc576ecf2adc98bc83f014b729be832c4a4f7f2d2e09df552237",86,188,27,188,8.541e-11
"microbiome_2026","GCST90671734","Gut microbiome family abundance (UMGS416)","taxon:umgs416",16017,"GRCh37","2648a90d7032c268b812fc96620d034c842a39c747a3687866fe4988b52a1e3f","e2bb6beb199bfc576ecf2adc98bc83f014b729be832c4a4f7f2d2e09df552237",86,73,0,73,2.159e-07
"microbiome_2026","GCST90671735","Gut microbiome family abundance (UMGS124)","taxon:umgs124",16017,"GRCh37","2648a90d7032c268b812fc96620d034c842a39c747a3687866fe4988b52a1e3f","e2bb6beb199bfc576ecf2adc98bc83f014b729be832c4a4f7f2d2e09df552237",86,70,0,70,4.948e-07
"microbiome_2026","GCST90671736","Gut microbiome family presence (RGIG6154)","taxon:rgig6154",16017,"GRCh37","2648a90d7032c268b812fc96620d034c842a39c747a3687866fe4988b52a1e3f","e2bb6beb199bfc576ecf2adc98bc83f014b729be832c4a4f7f2d2e09df552237",86,181,0,181,2.687e-07
"microbiome_2026","GCST90671737","Gut microbiome family presence (CALWSW01)","taxon:calwsw01",16017,"GRCh37","2648a90d7032c268b812fc96620d034c842a39c747a3687866fe4988b52a1e3f","e2bb6beb199bfc576ecf2adc98bc83f014b729be832c4a4f7f2d2e09df552237",86,58,0,58,3.558e-07
"microbiome_2026","GCST90671738","Gut microbiome family presence (Saccharomycetaceae)","taxon:saccharomycetaceae",16017,"GRCh37","2648a90d7032c268b812fc96620d034c842a39c747a3687866fe4988b52a1e3f","e2bb6beb199bfc576ecf2adc98bc83f014b729be832c4a4f7f2d2e09df552237",86,16,0,16,2.569e-06
"microbiome_2026","GCST90671739","Gut microbiome family presence (Blastocystidae)","taxon:blastocystidae",16017,"GRCh37","2648a90d7032c268b812fc96620d034c842a39c747a3687866fe4988b52a1e3f","e2bb6beb199bfc576ecf2adc98bc83f014b729be832c4a4f7f2d2e09df552237",86,75,0,75,1.537e-06
"microbiome_2026","GCST90671740","Gut microbiome order abundance (Lachnospirales)","taxon:lachnospirales",16017,"GRCh37","2648a90d7032c268b812fc96620d034c842a39c747a3687866fe4988b52a1e3f","e2bb6beb199bfc576ecf2adc98bc83f014b729be832c4a4f7f2d2e09df552237",86,105,0,105,4.548e-07
"microbiome_2026","GCST90671741","Gut microbiome order abundance (Actinomycetales)","taxon:actinomycetales",16017,"GRCh37","2648a90d7032c268b812fc96620d034c842a39c747a3687866fe4988b52a1e3f","e2bb6beb199bfc576ecf2adc98bc83f014b729be832c4a4f7f2d2e09df552237",86,818,334,818,2.976e-25
"microbiome_2026","GCST90671742","Gut microbiome order abundance (Oscillospirales)","taxon:oscillospirales",16017,"GRCh37","2648a90d7032c268b812fc96620d034c842a39c747a3687866fe4988b52a1e3f","e2bb6beb199bfc576ecf2adc98bc83f014b729be832c4a4f7f2d2e09df552237",86,60,0,60,1.734e-06
"microbiome_2026","GCST90671743","Gut microbiome order abundance (Christensenellales)","taxon:christensenellales",16017,"GRCh37","2648a90d7032c268b812fc96620d034c842a39c747a3687866fe4988b52a1e3f","e2bb6beb199bfc576ecf2adc98bc83f014b729be832c4a4f7f2d2e09df552237",86,101,0,101,9.724e-08
"microbiome_2026","GCST90671744","Gut microbiome order abundance (Bacteroidales)","taxon:bacteroidales",16017,"GRCh37","2648a90d7032c268b812fc96620d034c842a39c747a3687866fe4988b52a1e3f","e2bb6beb199bfc576ecf2adc98bc83f014b729be832c4a4f7f2d2e09df552237",87,57,0,57,2.556e-07
"microbiome_2026","GCST90671745","Gut microbiome order abundance (Acidaminococcales)","taxon:acidaminococcales",16017,"GRCh37","2648a90d7032c268b812fc96620d034c842a39c747a3687866fe4988b52a1e3f","e2bb6beb199bfc576ecf2adc98bc83f014b729be832c4a4f7f2d2e09df552237",87,70,0,70,1.582e-06
"microbiome_2026","GCST90671746","Gut microbiome order abundance (Lactobacillales)","taxon:lactobacillales",16017,"GRCh37","2648a90d7032c268b812fc96620d034c842a39c747a3687866fe4988b52a1e3f","e2bb6beb199bfc576ecf2adc98bc83f014b729be832c4a4f7f2d2e09df552237",87,74,0,74,2.21e-07
"microbiome_2026","GCST90671747","Gut microbiome order abundance (Enterobacterales)","taxon:enterobacterales",16017,"GRCh37","2648a90d7032c268b812fc96620d034c842a39c747a3687866fe4988b52a1e3f","e2bb6beb199bfc576ecf2adc98bc83f014b729be832c4a4f7f2d2e09df552237",87,74,0,74,7.637e-07
"microbiome_2026","GCST90671748","Gut microbiome order presence (Methanobacteriales)","taxon:methanobacteriales",16017,"GRCh37","2648a90d7032c268b812fc96620d034c842a39c747a3687866fe4988b52a1e3f","e2bb6beb199bfc576ecf2adc98bc83f014b729be832c4a4f7f2d2e09df552237",87,342,0,342,1.246e-07
"microbiome_2026","GCST90671749","Gut microbiome order abundance (Erysipelotrichales)","taxon:erysipelotrichales",16017,"GRCh37","2648a90d7032c268b812fc96620d034c842a39c747a3687866fe4988b52a1e3f","e2bb6beb199bfc576ecf2adc98bc83f014b729be832c4a4f7f2d2e09df552237",87,97,0,97,2.588e-07
"microbiome_2026","GCST90671750","Gut microbiome order abundance (UBA1381)","taxon:uba1381",16017,"GRCh37","2648a90d7032c268b812fc96620d034c842a39c747a3687866fe4988b52a1e3f","e2bb6beb199bfc576ecf2adc98bc83f014b729be832c4a4f7f2d2e09df552237",87,51,0,51,2.273e-07
"microbiome_2026","GCST90671751","Gut microbiome order abundance (Burkholderiales)","taxon:burkholderiales",16017,"GRCh37","2648a90d7032c268b812fc96620d034c842a39c747a3687866fe4988b52a1e3f","e2bb6beb199bfc576ecf2adc98bc83f014b729be832c4a4f7f2d2e09df552237",87,71,0,71,9.508e-08
"microbiome_2026","GCST90671752","Gut microbiome order abundance (Verrucomicrobiales)","taxon:verrucomicrobiales",16017,"GRCh37","2648a90d7032c268b812fc96620d034c842a39c747a3687866fe4988b52a1e3f","e2bb6beb199bfc576ecf2adc98bc83f014b729be832c4a4f7f2d2e09df552237",87,118,0,118,1.23e-06
"microbiome_2026","GCST90671753","Gut microbiome order abundance (RF39)","taxon:rf39",16017,"GRCh37","2648a90d7032c268b812fc96620d034c842a39c747a3687866fe4988b52a1e3f","e2bb6beb199bfc576ecf2adc98bc83f014b729be832c4a4f7f2d2e09df552237",87,27,0,27,4.725e-07
"microbiome_2026","GCST90671754","Gut microbiome order presence (Staphylococcales)","taxon:staphylococcales",16017,"GRCh37","2648a90d7032c268b812fc96620d034c842a39c747a3687866fe4988b52a1e3f","e2bb6beb199bfc576ecf2adc98bc83f014b729be832c4a4f7f2d2e09df552237",87,106,0,106,3.321e-07
"microbiome_2026","GCST90671755","Gut microbiome order abundance (Veillonellales)","taxon:veillonellales",16017,"GRCh37","2648a90d7032c268b812fc96620d034c842a39c747a3687866fe4988b52a1e3f","e2bb6beb199bfc576ecf2adc98bc83f014b729be832c4a4f7f2d2e09df552237",87,37,1,37,4.327e-08
"microbiome_2026","GCST90671756","Gut microbiome order presence (Campylobacterales)","taxon:campylobacterales",16017,"GRCh37","2648a90d7032c268b812fc96620d034c842a39c747a3687866fe4988b52a1e3f","e2bb6beb199bfc576ecf2adc98bc83f014b729be832c4a4f7f2d2e09df552237",87,82,0,82,2.178e-07
"microbiome_2026","GCST90671757","Gut microbiome order abundance (Coriobacteriales)","taxon:coriobacteriales",16017,"GRCh37","2648a90d7032c268b812fc96620d034c842a39c747a3687866fe4988b52a1e3f","e2bb6beb199bfc576ecf2adc98bc83f014b729be832c4a4f7f2d2e09df552237",87,55,0,55,3.182e-07
"microbiome_2026","GCST90671758","Gut microbiome order presence (Selenomonadales)","taxon:selenomonadales",16017,"GRCh37","2648a90d7032c268b812fc96620d034c842a39c747a3687866fe4988b52a1e3f","e2bb6beb199bfc576ecf2adc98bc83f014b729be832c4a4f7f2d2e09df552237",87,104,0,104,5.424e-07
"microbiome_2026","GCST90671759","Gut microbiome order abundance (TANB77)","taxon:tanb77",16017,"GRCh37","2648a90d7032c268b812fc96620d034c842a39c747a3687866fe4988b52a1e3f","e2bb6beb199bfc576ecf2adc98bc83f014b729be832c4a4f7f2d2e09df552237",87,376,13,376,2.921e-08
"microbiome_2026","GCST90671760","Gut microbiome order presence (RFN20)","taxon:rfn20",16017,"GRCh37","2648a90d7032c268b812fc96620d034c842a39c747a3687866fe4988b52a1e3f","e2bb6beb199bfc576ecf2adc98bc83f014b729be832c4a4f7f2d2e09df552237",88,149,0,149,1.116e-07
"microbiome_2026","GCST90671761","Gut microbiome order presence (Mycobacteriales)","taxon:mycobacteriales",16017,"GRCh37","2648a90d7032c268b812fc96620d034c842a39c747a3687866fe4988b52a1e3f","e2bb6beb199bfc576ecf2adc98bc83f014b729be832c4a4f7f2d2e09df552237",88,208,0,208,6.464e-07
"microbiome_2026","GCST90671762","Gut microbiome order abundance (RF32)","taxon:rf32",16017,"GRCh37","2648a90d7032c268b812fc96620d034c842a39c747a3687866fe4988b52a1e3f","e2bb6beb199bfc576ecf2adc98bc83f014b729be832c4a4f7f2d2e09df552237",88,45,0,45,8.596e-07
"microbiome_2026","GCST90671763","Gut microbiome order abundance (Clostridiales)","taxon:clostridiales",16017,"GRCh37","2648a90d7032c268b812fc96620d034c842a39c747a3687866fe4988b52a1e3f","e2bb6beb199bfc576ecf2adc98bc83f014b729be832c4a4f7f2d2e09df552237",88,158,0,158,3.135e-07
"microbiome_2026","GCST90671764","Gut microbiome order presence (Propionibacteriales)","taxon:propionibacteriales",16017,"GRCh37","2648a90d7032c268b812fc96620d034c842a39c747a3687866fe4988b52a1e3f","e2bb6beb199bfc576ecf2adc98bc83f014b729be832c4a4f7f2d2e09df552237",88,231,26,231,1.354e-08
"microbiome_2026","GCST90671765","Gut microbiome order abundance (Saccharimonadales)","taxon:saccharimonadales",16017,"GRCh37","2648a90d7032c268b812fc96620d034c842a39c747a3687866fe4988b52a1e3f","e2bb6beb199bfc576ecf2adc98bc83f014b729be832c4a4f7f2d2e09df552237",88,46,0,46,2.473e-07
"microbiome_2026","GCST90671766","Gut microbiome order abundance (Desulfovibrionales)","taxon:desulfovibrionales",16017,"GRCh37","2648a90d7032c268b812fc96620d034c842a39c747a3687866fe4988b52a1e3f","e2bb6beb199bfc576ecf2adc98bc83f014b729be832c4a4f7f2d2e09df552237",88,79,0,79,4.52e-07
"microbiome_2026","GCST90671767","Gut microbiome order presence (Flavobacteriales)","taxon:flavobacteriales",16017,"GRCh37","2648a90d7032c268b812fc96620d034c842a39c747a3687866fe4988b52a1e3f","e2bb6beb199bfc576ecf2adc98bc83f014b729be832c4a4f7f2d2e09df552237",88,76,0,76,1.682e-07
"microbiome_2026","GCST90671768","Gut microbiome order abundance (Peptostreptococcales)","taxon:peptostreptococcales",16017,"GRCh37","2648a90d7032c268b812fc96620d034c842a39c747a3687866fe4988b52a1e3f","e2bb6beb199bfc576ecf2adc98bc83f014b729be832c4a4f7f2d2e09df552237",88,104,0,104,3.15e-07
"microbiome_2026","GCST90671769","Gut microbiome order presence (Opitutales)","taxon:opitutales",16017,"GRCh37","2648a90d7032c268b812fc96620d034c842a39c747a3687866fe4988b52a1e3f","e2bb6beb199bfc576ecf2adc98bc83f014b729be832c4a4f7f2d2e09df552237",88,82,0,82,5.563e-07
"microbiome_2026","GCST90671770","Gut microbiome order abundance (Gastranaerophilales)","taxon:gastranaerophilales",16017,"GRCh37","2648a90d7032c268b812fc96620d034c842a39c747a3687866fe4988b52a1e3f","e2bb6beb199bfc576ecf2adc98bc83f014b729be832c4a4f7f2d2e09df552237",88,319,0,319,6.425e-08
"microbiome_2026","GCST90671771","Gut microbiome order presence (Victivallales)","taxon:victivallales",16017,"GRCh37","2648a90d7032c268b812fc96620d034c842a39c747a3687866fe4988b52a1e3f","e2bb6beb199bfc576ecf2adc98bc83f014b729be832c4a4f7f2d2e09df552237",88,99,0,99,4.779e-07
"microbiome_2026","GCST90671772","Gut microbiome order presence (Tissierellales)","taxon:tissierellales",16017,"GRCh37","2648a90d7032c268b812fc96620d034c842a39c747a3687866fe4988b52a1e3f","e2bb6beb199bfc576ecf2adc98bc83f014b729be832c4a4f7f2d2e09df552237",88,131,0,131,4.305e-07
"microbiome_2026","GCST90671773","Gut microbiome order presence (Peptococcales)","taxon:peptococcales",16017,"GRCh37","2648a90d7032c268b812fc96620d034c842a39c747a3687866fe4988b52a1e3f","e2bb6beb199bfc576ecf2adc98bc83f014b729be832c4a4f7f2d2e09df552237",88,126,1,126,1.819e-08
"microbiome_2026","GCST90671774","Gut microbiome order presence (Synergistales)","taxon:synergistales",16017,"GRCh37","2648a90d7032c268b812fc96620d034c842a39c747a3687866fe4988b52a1e3f","e2bb6beb199bfc576ecf2adc98bc83f014b729be832c4a4f7f2d2e09df552237",88,38,0,38,2.264e-06
"microbiome_2026","GCST90671775","Gut microbiome order abundance (Monoglobales)","taxon:monoglobales",16017,"GRCh37","2648a90d7032c268b812fc96620d034c842a39c747a3687866fe4988b52a1e3f","e2bb6beb199bfc576ecf2adc98bc83f014b729be832c4a4f7f2d2e09df552237",88,43,0,43,4.699e-07
"microbiome_2026","GCST90671776","Gut microbiome order presence (Eubacteriales)","taxon:eubacteriales",16017,"GRCh37","2648a90d7032c268b812fc96620d034c842a39c747a3687866fe4988b52a1e3f","e2bb6beb199bfc576ecf2adc98bc83f014b729be832c4a4f7f2d2e09df552237",89,81,0,81,6.661e-07
"microbiome_2026","GCST90671777","Gut microbiome order presence (UMGS1883)","taxon:umgs1883",16017,"GRCh37","2648a90d7032c268b812fc96620d034c842a39c747a3687866fe4988b52a1e3f","e2bb6beb199bfc576ecf2adc98bc83f014b729be832c4a4f7f2d2e09df552237",89,67,0,67,2.237e-07
"microbiome_2026","GCST90671778","Gut microbiome order presence (UBA1212)","taxon:uba1212",16017,"GRCh37","2648a90d7032c268b812fc96620d034c842a39c747a3687866fe4988b52a1e3f","e2bb6beb199bfc576ecf2adc98bc83f014b729be832c4a4f7f2d2e09df552237",89,47,0,47,2.594e-07
"microbiome_2026","GCST90671779","Gut microbiome order presence (UMGS1810)","taxon:umgs1810",16017,"GRCh37","2648a90d7032c268b812fc96620d034c842a39c747a3687866fe4988b52a1e3f","e2bb6beb199bfc576ecf2adc98bc83f014b729be832c4a4f7f2d2e09df552237",89,17,0,17,2.132e-07
"microbiome_2026","GCST90671780","Gut microbiome order presence (UMGS1840)","taxon:umgs1840",16017,"GRCh37","2648a90d7032c268b812fc96620d034c842a39c747a3687866fe4988b52a1e3f","e2bb6beb199bfc576ecf2adc98bc83f014b729be832c4a4f7f2d2e09df552237",89,57,1,57,2.202e-08
"microbiome_2026","GCST90671781","Gut microbiome order abundance (Haloplasmatales)","taxon:haloplasmatales",16017,"GRCh37","2648a90d7032c268b812fc96620d034c842a39c747a3687866fe4988b52a1e3f","e2bb6beb199bfc576ecf2adc98bc83f014b729be832c4a4f7f2d2e09df552237",89,692,113,692,3.787e-12
"microbiome_2026","GCST90671782","Gut microbiome order presence (HGM11514)","taxon:hgm11514",16017,"GRCh37","2648a90d7032c268b812fc96620d034c842a39c747a3687866fe4988b52a1e3f","e2bb6beb199bfc576ecf2adc98bc83f014b729be832c4a4f7f2d2e09df552237",89,60,0,60,2.804e-07
"microbiome_2026","GCST90671783","Gut microbiome order presence (HGM11327)","taxon:hgm11327",16017,"GRCh37","2648a90d7032c268b812fc96620d034c842a39c747a3687866fe4988b52a1e3f","e2bb6beb199bfc576ecf2adc98bc83f014b729be832c4a4f7f2d2e09df552237",89,72,0,72,1.578e-06
"microbiome_2026","GCST90671784","Gut microbiome order presence (DTUO25)","taxon:dtuo25",16017,"GRCh37","2648a90d7032c268b812fc96620d034c842a39c747a3687866fe4988b52a1e3f","e2bb6beb199bfc576ecf2adc98bc83f014b729be832c4a4f7f2d2e09df552237",89,188,27,188,8.541e-11
"microbiome_2026","GCST90671785","Gut microbiome order presence (RGIG6154)","taxon:rgig6154",16017,"GRCh37","2648a90d7032c268b812fc96620d034c842a39c747a3687866fe4988b52a1e3f","e2bb6beb199bfc576ecf2adc98bc83f014b729be832c4a4f7f2d2e09df552237",89,181,0,181,2.687e-07
"microbiome_2026","GCST90671786","Gut microbiome order presence (Saccharomycetales)","taxon:saccharomycetales",16017,"GRCh37","2648a90d7032c268b812fc96620d034c842a39c747a3687866fe4988b52a1e3f","e2bb6beb199bfc576ecf2adc98bc83f014b729be832c4a4f7f2d2e09df552237",89,68,0,68,8.913e-07
"microbiome_2026","GCST90671787","Gut microbiome order presence (Opalinata)","taxon:opalinata",16017,"GRCh37","2648a90d7032c268b812fc96620d034c842a39c747a3687866fe4988b52a1e3f","e2bb6beb199bfc576ecf2adc98bc83f014b729be832c4a4f7f2d2e09df552237",89,75,0,75,1.537e-06
"microbiome_2026","GCST90671788","Gut microbiome class abundance (Clostridia)","taxon:clostridia",16017,"GRCh37","2648a90d7032c268b812fc96620d034c842a39c747a3687866fe4988b52a1e3f","e2bb6beb199bfc576ecf2adc98bc83f014b729be832c4a4f7f2d2e09df552237",89,52,0,52,5.429e-07
"microbiome_2026","GCST90671789","Gut microbiome class abundance (Actinomycetia)","taxon:actinomycetia",16017,"GRCh37","2648a90d7032c268b812fc96620d034c842a39c747a3687866fe4988b52a1e3f","e2bb6beb199bfc576ecf2adc98bc83f014b729be832c4a4f7f2d2e09df552237",89,797,330,797,3.654e-25
"microbiome_2026","GCST90671790","Gut microbiome class abundance (Bacteroidia)","taxon:bacteroidia",16017,"GRCh37","2648a90d7032c268b812fc96620d034c842a39c747a3687866fe4988b52a1e3f","e2bb6beb199bfc576ecf2adc98bc83f014b729be832c4a4f7f2d2e09df552237",89,56,0,56,2.532e-07
"microbiome_2026","GCST90671791","Gut microbiome class abundance (Negativicutes)","taxon:negativicutes",16017,"GRCh37","2648a90d7032c268b812fc96620d034c842a39c747a3687866fe4988b52a1e3f","e2bb6beb199bfc576ecf2adc98bc83f014b729be832c4a4f7f2d2e09df552237",89,117,0,117,4.994e-07
"microbiome_2026","GCST90671792","Gut microbiome class abundance (Bacilli)","taxon:bacilli",16017,"GRCh37","2648a90d7032c268b812fc96620d034c842a39c747a3687866fe4988b52a1e3f","e2bb6beb199bfc576ecf2adc98bc83f014b729be832c4a4f7f2d2e09df552237",90,125,0,125,1.191e-06
"microbiome_2026","GCST90671793","Gut microbiome class abundance (Gammaproteobacteria)","taxon:gammaproteobacteria",16017,"GRCh37","2648a90d7032c268b812fc96620d034c842a39c747a3687866fe4988b52a1e3f","e2bb6beb199bfc576ecf2adc98bc83f014b729be832c4a4f7f2d2e09df552237",90,63,0,63,8.987e-08
"microbiome_2026","GCST90671794","Gut microbiome class presence (Methanobacteria)","taxon:methanobacteria",16017,"GRCh37","2648a90d7032c268b812fc96620d034c842a39c747a3687866fe4988b52a1e3f","e2bb6beb199bfc576ecf2adc98bc83f014b729be832c4a4f7f2d2e09df552237",90,342,0,342,1.246e-07
"microbiome_2026","GCST90671795","Gut microbiome class abundance (Verrucomicrobiae)","taxon:verrucomicrobiae",16017,"GRCh37","2648a90d7032c268b812fc96620d034c842a39c747a3687866fe4988b52a1e3f","e2bb6beb199bfc576ecf2adc98bc83f014b729be832c4a4f7f2d2e09df552237",90,91,0,91,4.393e-07
"microbiome_2026","GCST90671796","Gut microbiome class presence (Campylobacteria)","taxon:campylobacteria",16017,"GRCh37","2648a90d7032c268b812fc96620d034c842a39c747a3687866fe4988b52a1e3f","e2bb6beb199bfc576ecf2adc98bc83f014b729be832c4a4f7f2d2e09df552237",90,82,0,82,2.178e-07
"microbiome_2026","GCST90671797","Gut microbiome class abundance (Coriobacteriia)","taxon:coriobacteriia",16017,"GRCh37","2648a90d7032c268b812fc96620d034c842a39c747a3687866fe4988b52a1e3f","e2bb6beb199bfc576ecf2adc98bc83f014b729be832c4a4f7f2d2e09df552237",90,55,0,55,3.182e-07
"microbiome_2026","GCST90671798","Gut microbiome class abundance (Alphaproteobacteria)","taxon:alphaproteobacteria",16017,"GRCh37","2648a90d7032c268b812fc96620d034c842a39c747a3687866fe4988b52a1e3f","e2bb6beb199bfc576ecf2adc98bc83f014b729be832c4a4f7f2d2e09df552237",90,50,0,50,1.256e-06
"microbiome_2026","GCST90671799","Gut microbiome class abundance (Saccharimonadia)","taxon:saccharimonadia",16017,"GRCh37","2648a90d7032c268b812fc96620d034c842a39c747a3687866fe4988b52a1e3f","e2bb6beb199bfc576ecf2adc98bc83f014b729be832c4a4f7f2d2e09df552237",90,46,0,46,2.473e-07
"microbiome_2026","GCST90671800","Gut microbiome class abundance (Desulfovibrionia)","taxon:desulfovibrionia",16017,"GRCh37","2648a90d7032c268b812fc96620d034c842a39c747a3687866fe4988b52a1e3f","e2bb6beb199bfc576ecf2adc98bc83f014b729be832c4a4f7f2d2e09df552237",90,79,0,79,4.52e-07
"microbiome_2026","GCST90671801","Gut microbiome class abundance (Vampirovibrionia)","taxon:vampirovibrionia",16017,"GRCh37","2648a90d7032c268b812fc96620d034c842a39c747a3687866fe4988b52a1e3f","e2bb6beb199bfc576ecf2adc98bc83f014b729be832c4a4f7f2d2e09df552237",90,319,0,319,6.425e-08
"microbiome_2026","GCST90671802","Gut microbiome class presence (Lentisphaeria)","taxon:lentisphaeria",16017,"GRCh37","2648a90d7032c268b812fc96620d034c842a39c747a3687866fe4988b52a1e3f","e2bb6beb199bfc576ecf2adc98bc83f014b729be832c4a4f7f2d2e09df552237",90,105,0,105,4.202e-07
"microbiome_2026","GCST90671803","Gut microbiome class presence (Peptococcia)","taxon:peptococcia",16017,"GRCh37","2648a90d7032c268b812fc96620d034c842a39c747a3687866fe4988b52a1e3f","e2bb6beb199bfc576ecf2adc98bc83f014b729be832c4a4f7f2d2e09df552237",90,126,1,126,1.819e-08
"microbiome_2026","GCST90671804","Gut microbiome class presence (Synergistia)","taxon:synergistia",16017,"GRCh37","2648a90d7032c268b812fc96620d034c842a39c747a3687866fe4988b52a1e3f","e2bb6beb199bfc576ecf2adc98bc83f014b729be832c4a4f7f2d2e09df552237",90,38,0,38,2.264e-06
"microbiome_2026","GCST90671805","Gut microbiome class presence (Dehalobacteriia)","taxon:dehalobacteriia",16017,"GRCh37","2648a90d7032c268b812fc96620d034c842a39c747a3687866fe4988b52a1e3f","e2bb6beb199bfc576ecf2adc98bc83f014b729be832c4a4f7f2d2e09df552237",90,64,0,64,8.885e-08
"microbiome_2026","GCST90671806","Gut microbiome class presence (Saccharomycetes)","taxon:saccharomycetes",16017,"GRCh37","2648a90d7032c268b812fc96620d034c842a39c747a3687866fe4988b52a1e3f","e2bb6beb199bfc576ecf2adc98bc83f014b729be832c4a4f7f2d2e09df552237",90,68,0,68,8.913e-07
"microbiome_2026","GCST90671807","Gut microbiome class presence (Bigyra)","taxon:bigyra",16017,"GRCh37","2648a90d7032c268b812fc96620d034c842a39c747a3687866fe4988b52a1e3f","e2bb6beb199bfc576ecf2adc98bc83f014b729be832c4a4f7f2d2e09df552237",90,75,0,75,1.537e-06
"microbiome_2026","GCST90671808","Gut microbiome phylum abundance (Actinomycetota)","taxon:actinomycetota",16017,"GRCh37","2648a90d7032c268b812fc96620d034c842a39c747a3687866fe4988b52a1e3f","e2bb6beb199bfc576ecf2adc98bc83f014b729be832c4a4f7f2d2e09df552237",91,681,151,681,5.796e-20
"microbiome_2026","GCST90671809","Gut microbiome phylum abundance (Bacteroidota)","taxon:bacteroidota",16017,"GRCh37","2648a90d7032c268b812fc96620d034c842a39c747a3687866fe4988b52a1e3f","e2bb6beb199bfc576ecf2adc98bc83f014b729be832c4a4f7f2d2e09df552237",91,56,0,56,2.532e-07
"microbiome_2026","GCST90671810","Gut microbiome phylum abundance (Bacillota)","taxon:bacillota",16017,"GRCh37","2648a90d7032c268b812fc96620d034c842a39c747a3687866fe4988b52a1e3f","e2bb6beb199bfc576ecf2adc98bc83f014b729be832c4a4f7f2d2e09df552237",91,125,0,125,1.191e-06
"microbiome_2026","GCST90671811","Gut microbiome phylum abundance (Pseudomonadota)","taxon:pseudomonadota",16017,"GRCh37","2648a90d7032c268b812fc96620d034c842a39c747a3687866fe4988b52a1e3f","e2bb6beb199bfc576ecf2adc98bc83f014b729be832c4a4f7f2d2e09df552237",91,46,0,46,2.811e-07
"microbiome_2026","GCST90671812","Gut microbiome phylum presence (Methanobacteriota)","taxon:methanobacteriota",16017,"GRCh37","2648a90d7032c268b812fc96620d034c842a39c747a3687866fe4988b52a1e3f","e2bb6beb199bfc576ecf2adc98bc83f014b729be832c4a4f7f2d2e09df552237",91,342,0,342,1.246e-07
"microbiome_2026","GCST90671813","Gut microbiome phylum abundance (Verrucomicrobiota)","taxon:verrucomicrobiota",16017,"GRCh37","2648a90d7032c268b812fc96620d034c842a39c747a3687866fe4988b52a1e3f","e2bb6beb199bfc576ecf2adc98bc83f014b729be832c4a4f7f2d2e09df552237",91,91,0,91,2.394e-07
"microbiome_2026","GCST90671814","Gut microbiome phylum presence (Campylobacterota)","taxon:campylobacterota",16017,"GRCh37","2648a90d7032c268b812fc96620d034c842a39c747a3687866fe4988b52a1e3f","e2bb6beb199bfc576ecf2adc98bc83f014b729be832c4a4f7f2d2e09df552237",91,82,0,82,2.178e-07
"microbiome_2026","GCST90671815","Gut microbiome phylum abundance (Patescibacteria)","taxon:patescibacteria",16017,"GRCh37","2648a90d7032c268b812fc96620d034c842a39c747a3687866fe4988b52a1e3f","e2bb6beb199bfc576ecf2adc98bc83f014b729be832c4a4f7f2d2e09df552237",91,46,0,46,2.473e-07
"microbiome_2026","GCST90671816","Gut microbiome phylum abundance (Desulfobacterota)","taxon:desulfobacterota",16017,"GRCh37","2648a90d7032c268b812fc96620d034c842a39c747a3687866fe4988b52a1e3f","e2bb6beb199bfc576ecf2adc98bc83f014b729be832c4a4f7f2d2e09df552237",91,79,0,79,4.533e-07
"microbiome_2026","GCST90671817","Gut microbiome phylum abundance (Cyanobacteriota)","taxon:cyanobacteriota",16017,"GRCh37","2648a90d7032c268b812fc96620d034c842a39c747a3687866fe4988b52a1e3f","e2bb6beb199bfc576ecf2adc98bc83f014b729be832c4a4f7f2d2e09df552237",91,319,0,319,6.425e-08
"microbiome_2026","GCST90671818","Gut microbiome phylum presence (Synergistota)","taxon:synergistota",16017,"GRCh37","2648a90d7032c268b812fc96620d034c842a39c747a3687866fe4988b52a1e3f","e2bb6beb199bfc576ecf2adc98bc83f014b729be832c4a4f7f2d2e09df552237",91,38,0,38,2.264e-06
"microbiome_2026","GCST90671819","Gut microbiome phylum presence (Ascomycota)","taxon:ascomycota",16017,"GRCh37","2648a90d7032c268b812fc96620d034c842a39c747a3687866fe4988b52a1e3f","e2bb6beb199bfc576ecf2adc98bc83f014b729be832c4a4f7f2d2e09df552237",91,55,0,55,1.337e-06
"microbiome_2026","GCST90671820","Gut microbiome superkingdom abundance (Bacteria)","taxon:bacteria",16017,"GRCh37","2648a90d7032c268b812fc96620d034c842a39c747a3687866fe4988b52a1e3f","e2bb6beb199bfc576ecf2adc98bc83f014b729be832c4a4f7f2d2e09df552237",91,194,0,194,8.396e-08
"microbiome_2026","GCST90671821","Gut microbiome superkingdom presence (Archaea)","taxon:archaea",16017,"GRCh37","2648a90d7032c268b812fc96620d034c842a39c747a3687866fe4988b52a1e3f","e2bb6beb199bfc576ecf2adc98bc83f014b729be832c4a4f7f2d2e09df552237",91,568,25,568,1.739e-08
"microbiome_2026","GCST90671822","Gut microbiome superkingdom presence (Eukaryota)","taxon:eukaryota",16017,"GRCh37","2648a90d7032c268b812fc96620d034c842a39c747a3687866fe4988b52a1e3f","e2bb6beb199bfc576ecf2adc98bc83f014b729be832c4a4f7f2d2e09df552237",91,85,5,85,1.83e-08
"microbiome_2026","GCST90671823","Gut microbiome function abundance (Arabinoxylan degradation, MF0001)","function:mf0001",16017,"GRCh37","2648a90d7032c268b812fc96620d034c842a39c747a3687866fe4988b52a1e3f","e2bb6beb199bfc576ecf2adc98bc83f014b729be832c4a4f7f2d2e09df552237",91,118,0,118,2.956e-07
"microbiome_2026","GCST90671824","Gut microbiome function abundance (Fructan degradation, MF0002)","function:mf0002",16017,"GRCh37","2648a90d7032c268b812fc96620d034c842a39c747a3687866fe4988b52a1e3f","e2bb6beb199bfc576ecf2adc98bc83f014b729be832c4a4f7f2d2e09df552237",92,78,0,78,6.042e-07
"microbiome_2026","GCST90671825","Gut microbiome function abundance (Pectin degradation I, MF0003)","function:mf0003",16017,"GRCh37","2648a90d7032c268b812fc96620d034c842a39c747a3687866fe4988b52a1e3f","e2bb6beb199bfc576ecf2adc98bc83f014b729be832c4a4f7f2d2e09df552237",92,24,0,24,2.155e-07
"microbiome_2026","GCST90671826","Gut microbiome function abundance (Pectine degradation II, MF0004)","function:mf0004",16017,"GRCh37","2648a90d7032c268b812fc96620d034c842a39c747a3687866fe4988b52a1e3f","e2bb6beb199bfc576ecf2adc98bc83f014b729be832c4a4f7f2d2e09df552237",92,22,0,22,7.174e-07
"microbiome_2026","GCST90671827","Gut microbiome function abundance (Starch degradation, MF0005)","function:mf0005",16017,"GRCh37","2648a90d7032c268b812fc96620d034c842a39c747a3687866fe4988b52a1e3f","e2bb6beb199bfc576ecf2adc98bc83f014b729be832c4a4f7f2d2e09df552237",92,98,0,98,1.462e-07
"microbiome_2026","GCST90671828","Gut microbiome function abundance (Lactose degradation, MF0006)","function:mf0006",16017,"GRCh37","2648a90d7032c268b812fc96620d034c842a39c747a3687866fe4988b52a1e3f","e2bb6beb199bfc576ecf2adc98bc83f014b729be832c4a4f7f2d2e09df552237",92,98,0,98,3.686e-07
"microbiome_2026","GCST90671829","Gut microbiome function abundance (Lactose and galactose degradation, MF0007)","function:mf0007",16017,"GRCh37","2648a90d7032c268b812fc96620d034c842a39c747a3687866fe4988b52a1e3f","e2bb6beb199bfc576ecf2adc98bc83f014b729be832c4a4f7f2d2e09df552237",92,68,1,68,3.263e-08
"microbiome_2026","GCST90671830","Gut microbiome function abundance (Maltose degradation, MF0008)","function:mf0008",16017,"GRCh37","2648a90d7032c268b812fc96620d034c842a39c747a3687866fe4988b52a1e3f","e2bb6beb199bfc576ecf2adc98bc83f014b729be832c4a4f7f2d2e09df552237",92,52,2,52,1.2e-08
"microbiome_2026","GCST90671831","Gut microbiome function abundance (Melibiose degradation, MF0009)","function:mf0009",16017,"GRCh37","2648a90d7032c268b812fc96620d034c842a39c747a3687866fe4988b52a1e3f","e2bb6beb199bfc576ecf2adc98bc83f014b729be832c4a4f7f2d2e09df552237",92,59,0,59,5.232e-08
"microbiome_2026","GCST90671832","Gut microbiome function abundance (Sucrose degradation I, MF0010)","function:mf0010",16017,"GRCh37","2648a90d7032c268b812fc96620d034c842a39c747a3687866fe4988b52a1e3f","e2bb6beb199bfc576ecf2adc98bc83f014b729be832c4a4f7f2d2e09df552237",92,67,6,67,9.801e-09
"microbiome_2026","GCST90671833","Gut microbiome function abundance (Sucrose degradation II, MF0011)","function:mf0011",16017,"GRCh37","2648a90d7032c268b812fc96620d034c842a39c747a3687866fe4988b52a1e3f","e2bb6beb199bfc576ecf2adc98bc83f014b729be832c4a4f7f2d2e09df552237",92,50,0,50,4.416e-07
"microbiome_2026","GCST90671834","Gut microbiome function abundance (Trehalose degradation, MF0012)","function:mf0012",16017,"GRCh37","2648a90d7032c268b812fc96620d034c842a39c747a3687866fe4988b52a1e3f","e2bb6beb199bfc576ecf2adc98bc83f014b729be832c4a4f7f2d2e09df552237",92,23,0,23,1.653e-06
"microbiome_2026","GCST90671835","Gut microbiome function abundance (Allose degradation, MF0013)","function:mf0013",16017,"GRCh37","2648a90d7032c268b812fc96620d034c842a39c747a3687866fe4988b52a1e3f","e2bb6beb199bfc576ecf2adc98bc83f014b729be832c4a4f7f2d2e09df552237",92,38,0,38,1.285e-07
"microbiome_2026","GCST90671836","Gut microbiome function abundance (Arabinose degradation, MF0014)","function:mf0014",16017,"GRCh37","2648a90d7032c268b812fc96620d034c842a39c747a3687866fe4988b52a1e3f","e2bb6beb199bfc576ecf2adc98bc83f014b729be832c4a4f7f2d2e09df552237",92,153,1,153,3.918e-08
"microbiome_2026","GCST90671837","Gut microbiome function abundance (Fructose degradation, MF0015)","function:mf0015",16017,"GRCh37","2648a90d7032c268b812fc96620d034c842a39c747a3687866fe4988b52a1e3f","e2bb6beb199bfc576ecf2adc98bc83f014b729be832c4a4f7f2d2e09df552237",92,181,0,181,3.412e-07
"microbiome_2026","GCST90671838","Gut microbiome function abundance (Fucose degradation, MF0016)","function:mf0016",16017,"GRCh37","2648a90d7032c268b812fc96620d034c842a39c747a3687866fe4988b52a1e3f","e2bb6beb199bfc576ecf2adc98bc83f014b729be832c4a4f7f2d2e09df552237",92,60,0,60,3.747e-07
"microbiome_2026","GCST90671839","Gut microbiome function abundance (Galactose degradation, MF0017)","function:mf0017",16017,"GRCh37","2648a90d7032c268b812fc96620d034c842a39c747a3687866fe4988b52a1e3f","e2bb6beb199bfc576ecf2adc98bc83f014b729be832c4a4f7f2d2e09df552237",92,57,0,57,8.773e-07
"microbiome_2026","GCST90671840","Gut microbiome function abundance (Mannose degradation, MF0018)","function:mf0018",16017,"GRCh37","2648a90d7032c268b812fc96620d034c842a39c747a3687866fe4988b52a1e3f","e2bb6beb199bfc576ecf2adc98bc83f014b729be832c4a4f7f2d2e09df552237",93,44,0,44,1.329e-07
"microbiome_2026","GCST90671841","Gut microbiome function abundance (Rhamnose degradation, MF0019)","function:mf0019",16017,"GRCh37","2648a90d7032c268b812fc96620d034c842a39c747a3687866fe4988b52a1e3f","e2bb6beb199bfc576ecf2adc98bc83f014b729be832c4a4f7f2d2e09df552237",93,12,0,12,2.993e-06
"microbiome_2026","GCST90671842","Gut microbiome function abundance (Ribose degradation, MF0020)","function:mf0020",16017,"GRCh37","2648a90d7032c268b812fc96620d034c842a39c747a3687866fe4988b52a1e3f","e2bb6beb199bfc576ecf2adc98bc83f014b729be832c4a4f7f2d2e09df552237",93,132,0,132,3.588e-07
"microbiome_2026","GCST90671843","Gut microbiome function abundance (Xylose degradation, MF0021)","function:mf0021",16017,"GRCh37","2648a90d7032c268b812fc96620d034c842a39c747a3687866fe4988b52a1e3f","e2bb6beb199bfc576ecf2adc98bc83f014b729be832c4a4f7f2d2e09df552237",93,239,2,239,4.272e-08
"microbiome_2026","GCST90671844","Gut microbiome function abundance (Galacturonate degradation I, MF0022)","function:mf0022",16017,"GRCh37","2648a90d7032c268b812fc96620d034c842a39c747a3687866fe4988b52a1e3f","e2bb6beb199bfc576ecf2adc98bc83f014b729be832c4a4f7f2d2e09df552237",93,112,0,112,3.02e-07
"microbiome_2026","GCST90671845","Gut microbiome function abundance (Tryptophan degradation, MF0025)","function:mf0025",16017,"GRCh37","2648a90d7032c268b812fc96620d034c842a39c747a3687866fe4988b52a1e3f","e2bb6beb199bfc576ecf2adc98bc83f014b729be832c4a4f7f2d2e09df552237",93,117,0,117,7.152e-08
"microbiome_2026","GCST90671846","Gut microbiome function abundance (Tyrosine degradation I, MF0026)","function:mf0026",16017,"GRCh37","2648a90d7032c268b812fc96620d034c842a39c747a3687866fe4988b52a1e3f","e2bb6beb199bfc576ecf2adc98bc83f014b729be832c4a4f7f2d2e09df552237",93,60,0,60,7.034e-08
"microbiome_2026","GCST90671847","Gut microbiome function abundance (Tyrosine degradation II, MF0027)","function:mf0027",16017,"GRCh37","2648a90d7032c268b812fc96620d034c842a39c747a3687866fe4988b52a1e3f","e2bb6beb199bfc576ecf2adc98bc83f014b729be832c4a4f7f2d2e09df552237",93,56,0,56,6.504e-08
"microbiome_2026","GCST90671848","Gut microbiome function abundance (Aspartate degradation I, MF0028)","function:mf0028",16017,"GRCh37","2648a90d7032c268b812fc96620d034c842a39c747a3687866fe4988b52a1e3f","e2bb6beb199bfc576ecf2adc98bc83f014b729be832c4a4f7f2d2e09df552237",93,72,1,71,5.937e-09
"microbiome_2026","GCST90671849","Gut microbiome function abundance (Aspartate degradation II, MF0029)","function:mf0029",16017,"GRCh37","2648a90d7032c268b812fc96620d034c842a39c747a3687866fe4988b52a1e3f","e2bb6beb199bfc576ecf2adc98bc83f014b729be832c4a4f7f2d2e09df552237",93,19,0,19,3.302e-07
"microbiome_2026","GCST90671850","Gut microbiome function abundance (Glutamate degradation I, MF0030)","function:mf0030",16017,"GRCh37","2648a90d7032c268b812fc96620d034c842a39c747a3687866fe4988b52a1e3f","e2bb6beb199bfc576ecf2adc98bc83f014b729be832c4a4f7f2d2e09df552237",93,37,0,37,3.707e-07
"microbiome_2026","GCST90671851","Gut microbiome function abundance (Glutamate degradation II, MF0031)","function:mf0031",16017,"GRCh37","2648a90d7032c268b812fc96620d034c842a39c747a3687866fe4988b52a1e3f","e2bb6beb199bfc576ecf2adc98bc83f014b729be832c4a4f7f2d2e09df552237",93,24,0,24,4.369e-07
"microbiome_2026","GCST90671852","Gut microbiome function abundance (Glutamate degradation III, MF0032)","function:mf0032",16017,"GRCh37","2648a90d7032c268b812fc96620d034c842a39c747a3687866fe4988b52a1e3f","e2bb6beb199bfc576ecf2adc98bc83f014b729be832c4a4f7f2d2e09df552237",93,33,0,33,4.259e-07
"microbiome_2026","GCST90671853","Gut microbiome function abundance (Alanine degradation I, MF0033)","function:mf0033",16017,"GRCh37","2648a90d7032c268b812fc96620d034c842a39c747a3687866fe4988b52a1e3f","e2bb6beb199bfc576ecf2adc98bc83f014b729be832c4a4f7f2d2e09df552237",93,44,0,44,5.138e-07
"microbiome_2026","GCST90671854","Gut microbiome function abundance (Alanine degradation II, MF0034)","function:mf0034",16017,"GRCh37","2648a90d7032c268b812fc96620d034c842a39c747a3687866fe4988b52a1e3f","e2bb6beb199bfc576ecf2adc98bc83f014b729be832c4a4f7f2d2e09df552237",93,77,0,77,8.701e-07
"microbiome_2026","GCST90671855","Gut microbiome function abundance (Glycine degradation, MF0035)","function:mf0035",16017,"GRCh37","2648a90d7032c268b812fc96620d034c842a39c747a3687866fe4988b52a1e3f","e2bb6beb199bfc576ecf2adc98bc83f014b729be832c4a4f7f2d2e09df552237",93,96,0,96,6.647e-08
"microbiome_2026","GCST90671856","Gut microbiome function abundance (Isoleucine degradation, MF0036)","function:mf0036",16017,"GRCh37","2648a90d7032c268b812fc96620d034c842a39c747a3687866fe4988b52a1e3f","e2bb6beb199bfc576ecf2adc98bc83f014b729be832c4a4f7f2d2e09df552237",94,21,0,21,4.607e-07
"microbiome_2026","GCST90671857","Gut microbiome function abundance (Methionine degradation I, MF0038)","function:mf0038",16017,"GRCh37","2648a90d7032c268b812fc96620d034c842a39c747a3687866fe4988b52a1e3f","e2bb6beb199bfc576ecf2adc98bc83f014b729be832c4a4f7f2d2e09df552237",94,106,0,106,1.629e-07
"microbiome_2026","GCST90671858","Gut microbiome function abundance (Methionine degradation II, MF0039)","function:mf0039",16017,"GRCh37","2648a90d7032c268b812fc96620d034c842a39c747a3687866fe4988b52a1e3f","e2bb6beb199bfc576ecf2adc98bc83f014b729be832c4a4f7f2d2e09df552237",94,62,0,62,4.358e-07
"microbiome_2026","GCST90671859","Gut microbiome function abundance (Proline degradation, MF0040)","function:mf0040",16017,"GRCh37","2648a90d7032c268b812fc96620d034c842a39c747a3687866fe4988b52a1e3f","e2bb6beb199bfc576ecf2adc98bc83f014b729be832c4a4f7f2d2e09df552237",94,163,0,163,7.698e-07
"microbiome_2026","GCST90671860","Gut microbiome function abundance (Valine degradation I, MF0041)","function:mf0041",16017,"GRCh37","2648a90d7032c268b812fc96620d034c842a39c747a3687866fe4988b52a1e3f","e2bb6beb199bfc576ecf2adc98bc83f014b729be832c4a4f7f2d2e09df552237",94,149,1,149,4.667e-08
"microbiome_2026","GCST90671861","Gut microbiome function abundance (Asparagine degradation, MF0042)","function:mf0042",16017,"GRCh37","2648a90d7032c268b812fc96620d034c842a39c747a3687866fe4988b52a1e3f","e2bb6beb199bfc576ecf2adc98bc83f014b729be832c4a4f7f2d2e09df552237",94,27,0,27,1.244e-06
"microbiome_2026","GCST90671862","Gut microbiome function abundance (Cysteine degradation I, MF0044)","function:mf0044",16017,"GRCh37","2648a90d7032c268b812fc96620d034c842a39c747a3687866fe4988b52a1e3f","e2bb6beb199bfc576ecf2adc98bc83f014b729be832c4a4f7f2d2e09df552237",94,132,0,132,4.359e-07
"microbiome_2026","GCST90671863","Gut microbiome function abundance (Cysteine degradation II, MF0045)","function:mf0045",16017,"GRCh37","2648a90d7032c268b812fc96620d034c842a39c747a3687866fe4988b52a1e3f","e2bb6beb199bfc576ecf2adc98bc83f014b729be832c4a4f7f2d2e09df552237",94,49,0,49,1.513e-06
"microbiome_2026","GCST90671864","Gut microbiome function abundance (Glutamine degradation I, MF0046)","function:mf0046",16017,"GRCh37","2648a90d7032c268b812fc96620d034c842a39c747a3687866fe4988b52a1e3f","e2bb6beb199bfc576ecf2adc98bc83f014b729be832c4a4f7f2d2e09df552237",94,44,0,44,2.895e-07
"microbiome_2026","GCST90671865","Gut microbiome function abundance (Glutamine degradation II, MF0047)","function:mf0047",16017,"GRCh37","2648a90d7032c268b812fc96620d034c842a39c747a3687866fe4988b52a1e3f","e2bb6beb199bfc576ecf2adc98bc83f014b729be832c4a4f7f2d2e09df552237",94,101,0,101,5.638e-07
"microbiome_2026","GCST90671866","Gut microbiome function abundance (Serine degradation, MF0048)","function:mf0048",16017,"GRCh37","2648a90d7032c268b812fc96620d034c842a39c747a3687866fe4988b52a1e3f","e2bb6beb199bfc576ecf2adc98bc83f014b729be832c4a4f7f2d2e09df552237",94,57,1,57,1.156e-08
"microbiome_2026","GCST90671867","Gut microbiome function abundance (Threonine degradation I, MF0049)","function:mf0049",16017,"GRCh37","2648a90d7032c268b812fc96620d034c842a39c747a3687866fe4988b52a1e3f","e2bb6beb199bfc576ecf2adc98bc83f014b729be832c4a4f7f2d2e09df552237",94,89,0,89,1.331e-07
"microbiome_2026","GCST90671868","Gut microbiome function abundance (Threonine degradation II, MF0050)","function:mf0050",16017,"GRCh37","2648a90d7032c268b812fc96620d034c842a39c747a3687866fe4988b52a1e3f","e2bb6beb199bfc576ecf2adc98bc83f014b729be832c4a4f7f2d2e09df552237",94,122,3,122,3.879e-08
"microbiome_2026","GCST90671869","Gut microbiome function abundance (Arginine degradation I, MF0051)","function:mf0051",16017,"GRCh37","2648a90d7032c268b812fc96620d034c842a39c747a3687866fe4988b52a1e3f","e2bb6beb199bfc576ecf2adc98bc83f014b729be832c4a4f7f2d2e09df552237",94,53,0,52,1.762e-07
"microbiome_2026","GCST90671870","Gut microbiome function abundance (Arginine degradation II, MF0052)","function:mf0052",16017,"GRCh37","2648a90d7032c268b812fc96620d034c842a39c747a3687866fe4988b52a1e3f","e2bb6beb199bfc576ecf2adc98bc83f014b729be832c4a4f7f2d2e09df552237",94,94,0,94,1.081e-06
"microbiome_2026","GCST90671871","Gut microbiome function abundance (Arginine degradation IV, MF0054)","function:mf0054",16017,"GRCh37","2648a90d7032c268b812fc96620d034c842a39c747a3687866fe4988b52a1e3f","e2bb6beb199bfc576ecf2adc98bc83f014b729be832c4a4f7f2d2e09df552237",94,69,0,69,7.893e-07
"microbiome_2026","GCST90671872","Gut microbiome function abundance (Arginine degradation V, MF0055)","function:mf0055",16017,"GRCh37","2648a90d7032c268b812fc96620d034c842a39c747a3687866fe4988b52a1e3f","e2bb6beb199bfc576ecf2adc98bc83f014b729be832c4a4f7f2d2e09df552237",95,172,0,172,9.087e-07
"microbiome_2026","GCST90671873","Gut microbiome function abundance (Histidine degradation, MF0056)","function:mf0056",16017,"GRCh37","2648a90d7032c268b812fc96620d034c842a39c747a3687866fe4988b52a1e3f","e2bb6beb199bfc576ecf2adc98bc83f014b729be832c4a4f7f2d2e09df552237",95,32,0,32,3.884e-07
"microbiome_2026","GCST90671874","Gut microbiome function abundance (Lysine degradation I, MF0057)","function:mf0057",16017,"GRCh37","2648a90d7032c268b812fc96620d034c842a39c747a3687866fe4988b52a1e3f","e2bb6beb199bfc576ecf2adc98bc83f014b729be832c4a4f7f2d2e09df552237",95,202,0,202,1.115e-06
"microbiome_2026","GCST90671875","Gut microbiome function abundance (Lysine degradation II, MF0058)","function:mf0058",16017,"GRCh37","2648a90d7032c268b812fc96620d034c842a39c747a3687866fe4988b52a1e3f","e2bb6beb199bfc576ecf2adc98bc83f014b729be832c4a4f7f2d2e09df552237",95,81,0,81,1.868e-07
"microbiome_2026","GCST90671876","Gut microbiome function abundance (Anaerobic fatty acid beta-oxidation, MF0059)","function:mf0059",16017,"GRCh37","2648a90d7032c268b812fc96620d034c842a39c747a3687866fe4988b52a1e3f","e2bb6beb199bfc576ecf2adc98bc83f014b729be832c4a4f7f2d2e09df552237",95,82,0,82,1.551e-06
"microbiome_2026","GCST90671877","Gut microbiome function abundance (Glycerol degradation I, MF0060)","function:mf0060",16017,"GRCh37","2648a90d7032c268b812fc96620d034c842a39c747a3687866fe4988b52a1e3f","e2bb6beb199bfc576ecf2adc98bc83f014b729be832c4a4f7f2d2e09df552237",95,32,0,32,1.114e-06
"microbiome_2026","GCST90671878","Gut microbiome function abundance (Glycerol degradation II, MF0061)","function:mf0061",16017,"GRCh37","2648a90d7032c268b812fc96620d034c842a39c747a3687866fe4988b52a1e3f","e2bb6beb199bfc576ecf2adc98bc83f014b729be832c4a4f7f2d2e09df552237",95,31,0,31,1.343e-07
"microbiome_2026","GCST90671879","Gut microbiome function abundance (Glyoxylate bypass, MF0063)","function:mf0063",16017,"GRCh37","2648a90d7032c268b812fc96620d034c842a39c747a3687866fe4988b52a1e3f","e2bb6beb199bfc576ecf2adc98bc83f014b729be832c4a4f7f2d2e09df552237",95,65,0,65,1.131e-06
"microbiome_2026","GCST90671880","Gut microbiome function abundance (Bifidobacterium shunt, MF0065)","function:mf0065",16017,"GRCh37","2648a90d7032c268b812fc96620d034c842a39c747a3687866fe4988b52a1e3f","e2bb6beb199bfc576ecf2adc98bc83f014b729be832c4a4f7f2d2e09df552237",95,65,0,65,4.981e-07
"microbiome_2026","GCST90671881","Gut microbiome function abundance (Entner-Doudoroff pathway, MF0066)","function:mf0066",16017,"GRCh37","2648a90d7032c268b812fc96620d034c842a39c747a3687866fe4988b52a1e3f","e2bb6beb199bfc576ecf2adc98bc83f014b729be832c4a4f7f2d2e09df552237",95,85,0,85,7.819e-08
"microbiome_2026","GCST90671882","Gut microbiome function abundance (Glycolysis (preparatory phase), MF0067)","function:mf0067",16017,"GRCh37","2648a90d7032c268b812fc96620d034c842a39c747a3687866fe4988b52a1e3f","e2bb6beb199bfc576ecf2adc98bc83f014b729be832c4a4f7f2d2e09df552237",95,46,1,46,2.729e-08
"microbiome_2026","GCST90671883","Gut microbiome function abundance (Glycolysis (pay-off phase), MF0068)","function:mf0068",16017,"GRCh37","2648a90d7032c268b812fc96620d034c842a39c747a3687866fe4988b52a1e3f","e2bb6beb199bfc576ecf2adc98bc83f014b729be832c4a4f7f2d2e09df552237",95,76,0,76,9.854e-07
"microbiome_2026","GCST90671884","Gut microbiome function abundance (NADH:ferredoxin oxidoreductase, MF0069)","function:mf0069",16017,"GRCh37","2648a90d7032c268b812fc96620d034c842a39c747a3687866fe4988b52a1e3f","e2bb6beb199bfc576ecf2adc98bc83f014b729be832c4a4f7f2d2e09df552237",95,65,0,65,1.661e-07
"microbiome_2026","GCST90671885","Gut microbiome function abundance (Pentose phosphate pathway (oxidative phase), MF0070)","function:mf0070",16017,"GRCh37","2648a90d7032c268b812fc96620d034c842a39c747a3687866fe4988b52a1e3f","e2bb6beb199bfc576ecf2adc98bc83f014b729be832c4a4f7f2d2e09df552237",95,62,0,62,4.913e-07
"microbiome_2026","GCST90671886","Gut microbiome function abundance (Pentose phosphate pathway (non-oxidative branch), MF0071)","function:mf0071",16017,"GRCh37","2648a90d7032c268b812fc96620d034c842a39c747a3687866fe4988b52a1e3f","e2bb6beb199bfc576ecf2adc98bc83f014b729be832c4a4f7f2d2e09df552237",95,48,0,48,9.464e-08
"microbiome_2026","GCST90671887","Gut microbiome function abundance (Pyruvate dehydrogenase complex, MF0072)","function:mf0072",16017,"GRCh37","2648a90d7032c268b812fc96620d034c842a39c747a3687866fe4988b52a1e3f","e2bb6beb199bfc576ecf2adc98bc83f014b729be832c4a4f7f2d2e09df552237",95,110,0,110,6.482e-07
"microbiome_2026","GCST90671888","Gut microbiome function abundance (Pyruvate:ferredoxin oxidoreductase, MF0073)","function:mf0073",16017,"GRCh37","2648a90d7032c268b812fc96620d034c842a39c747a3687866fe4988b52a1e3f","e2bb6beb199bfc576ecf2adc98bc83f014b729be832c4a4f7f2d2e09df552237",96,59,0,59,7.231e-07
"microbiome_2026","GCST90671889","Gut microbiome function abundance (Pyruvate:formate lyase, MF0074)","function:mf0074",16017,"GRCh37","2648a90d7032c268b812fc96620d034c842a39c747a3687866fe4988b52a1e3f","e2bb6beb199bfc576ecf2adc98bc83f014b729be832c4a4f7f2d2e09df552237",96,41,0,41,5.846e-07
"microbiome_2026","GCST90671890","Gut microbiome function abundance (Acetate to acetyl-CoA, MF0075)","function:mf0075",16017,"GRCh37","2648a90d7032c268b812fc96620d034c842a39c747a3687866fe4988b52a1e3f","e2bb6beb199bfc576ecf2adc98bc83f014b729be832c4a4f7f2d2e09df552237",96,84,0,84,3.375e-07
"microbiome_2026","GCST90671891","Gut microbiome function abundance (4-aminobutyrate degradation, MF0076)","function:mf0076",16017,"GRCh37","2648a90d7032c268b812fc96620d034c842a39c747a3687866fe4988b52a1e3f","e2bb6beb199bfc576ecf2adc98bc83f014b729be832c4a4f7f2d2e09df552237",96,151,0,151,6.371e-08
"microbiome_2026","GCST90671892","Gut microbiome function abundance (Lactaldehyde degradation, MF0078)","function:mf0078",16017,"GRCh37","2648a90d7032c268b812fc96620d034c842a39c747a3687866fe4988b52a1e3f","e2bb6beb199bfc576ecf2adc98bc83f014b729be832c4a4f7f2d2e09df552237",96,47,0,47,3.827e-07
"microbiome_2026","GCST90671893","Gut microbiome function abundance (Lactate consumption I, MF0079)","function:mf0079",16017,"GRCh37","2648a90d7032c268b812fc96620d034c842a39c747a3687866fe4988b52a1e3f","e2bb6beb199bfc576ecf2adc98bc83f014b729be832c4a4f7f2d2e09df552237",96,93,0,93,8.397e-08
"microbiome_2026","GCST90671894","Gut microbiome function abundance (Lactate consumption II, MF0080)","function:mf0080",16017,"GRCh37","2648a90d7032c268b812fc96620d034c842a39c747a3687866fe4988b52a1e3f","e2bb6beb199bfc576ecf2adc98bc83f014b729be832c4a4f7f2d2e09df552237",96,89,0,89,1.095e-06
"microbiome_2026","GCST90671895","Gut microbiome function abundance (Putrescine degradation, MF0082)","function:mf0082",16017,"GRCh37","2648a90d7032c268b812fc96620d034c842a39c747a3687866fe4988b52a1e3f","e2bb6beb199bfc576ecf2adc98bc83f014b729be832c4a4f7f2d2e09df552237",96,67,0,67,1.545e-06
"microbiome_2026","GCST90671896","Gut microbiome function abundance (Succinate consumption, MF0083)","function:mf0083",16017,"GRCh37","2648a90d7032c268b812fc96620d034c842a39c747a3687866fe4988b52a1e3f","e2bb6beb199bfc576ecf2adc98bc83f014b729be832c4a4f7f2d2e09df552237",96,50,0,50,3.193e-07
"microbiome_2026","GCST90671897","Gut microbiome function abundance (Urea degradation, MF0085)","function:mf0085",16017,"GRCh37","2648a90d7032c268b812fc96620d034c842a39c747a3687866fe4988b52a1e3f","e2bb6beb199bfc576ecf2adc98bc83f014b729be832c4a4f7f2d2e09df552237",96,83,0,83,9.686e-08
"microbiome_2026","GCST90671898","Gut microbiome function abundance (Acetyl-CoA to acetate, MF0086)","function:mf0086",16017,"GRCh37","2648a90d7032c268b812fc96620d034c842a39c747a3687866fe4988b52a1e3f","e2bb6beb199bfc576ecf2adc98bc83f014b729be832c4a4f7f2d2e09df552237",96,99,0,99,7.187e-08
"microbiome_2026","GCST90671899","Gut microbiome function abundance (Acetyl-CoA to crotonyl-CoA, MF0087)","function:mf0087",16017,"GRCh37","2648a90d7032c268b812fc96620d034c842a39c747a3687866fe4988b52a1e3f","e2bb6beb199bfc576ecf2adc98bc83f014b729be832c4a4f7f2d2e09df552237",96,98,0,98,1.437e-07
"microbiome_2026","GCST90671900","Gut microbiome function abundance (Butyrate production I, MF0088)","function:mf0088",16017,"GRCh37","2648a90d7032c268b812fc96620d034c842a39c747a3687866fe4988b52a1e3f","e2bb6beb199bfc576ecf2adc98bc83f014b729be832c4a4f7f2d2e09df552237",96,129,0,129,1.59e-06
"microbiome_2026","GCST90671901","Gut microbiome function abundance (Butyrate production II, MF0089)","function:mf0089",16017,"GRCh37","2648a90d7032c268b812fc96620d034c842a39c747a3687866fe4988b52a1e3f","e2bb6beb199bfc576ecf2adc98bc83f014b729be832c4a4f7f2d2e09df552237",96,189,0,189,3.465e-07
"microbiome_2026","GCST90671902","Gut microbiome function abundance (Ethanol production I, MF0090)","function:mf0090",16017,"GRCh37","2648a90d7032c268b812fc96620d034c842a39c747a3687866fe4988b52a1e3f","e2bb6beb199bfc576ecf2adc98bc83f014b729be832c4a4f7f2d2e09df552237",96,184,4,184,6.253e-09
"microbiome_2026","GCST90671903","Gut microbiome function abundance (Ethanol production II, MF0091)","function:mf0091",16017,"GRCh37","2648a90d7032c268b812fc96620d034c842a39c747a3687866fe4988b52a1e3f","e2bb6beb199bfc576ecf2adc98bc83f014b729be832c4a4f7f2d2e09df552237",96,58,0,58,1.189e-06
"microbiome_2026","GCST90671904","Gut microbiome function abundance (Lactate production, MF0092)","function:mf0092",16017,"GRCh37","2648a90d7032c268b812fc96620d034c842a39c747a3687866fe4988b52a1e3f","e2bb6beb199bfc576ecf2adc98bc83f014b729be832c4a4f7f2d2e09df552237",97,74,0,74,7.137e-08
"microbiome_2026","GCST90671905","Gut microbiome function abundance (Propionate production II, MF0094)","function:mf0094",16017,"GRCh37","2648a90d7032c268b812fc96620d034c842a39c747a3687866fe4988b52a1e3f","e2bb6beb199bfc576ecf2adc98bc83f014b729be832c4a4f7f2d2e09df552237",97,94,0,94,4.702e-07
"microbiome_2026","GCST90671906","Gut microbiome function abundance (Propionate production III, MF0095)","function:mf0095",16017,"GRCh37","2648a90d7032c268b812fc96620d034c842a39c747a3687866fe4988b52a1e3f","e2bb6beb199bfc576ecf2adc98bc83f014b729be832c4a4f7f2d2e09df552237",97,86,0,86,3.268e-07
"microbiome_2026","GCST90671907","Gut microbiome function abundance (Succinate production, MF0096)","function:mf0096",16017,"GRCh37","2648a90d7032c268b812fc96620d034c842a39c747a3687866fe4988b52a1e3f","e2bb6beb199bfc576ecf2adc98bc83f014b729be832c4a4f7f2d2e09df552237",97,23,0,23,2.36e-06
"microbiome_2026","GCST90671908","Gut microbiome function abundance (Homoacetogenesis, MF0097)","function:mf0097",16017,"GRCh37","2648a90d7032c268b812fc96620d034c842a39c747a3687866fe4988b52a1e3f","e2bb6beb199bfc576ecf2adc98bc83f014b729be832c4a4f7f2d2e09df552237",97,43,0,43,6.384e-08
"microbiome_2026","GCST90671909","Gut microbiome function abundance (Hydrogen metabolism, MF0098)","function:mf0098",16017,"GRCh37","2648a90d7032c268b812fc96620d034c842a39c747a3687866fe4988b52a1e3f","e2bb6beb199bfc576ecf2adc98bc83f014b729be832c4a4f7f2d2e09df552237",97,104,0,104,5.993e-07
"microbiome_2026","GCST90671910","Gut microbiome function presence (Methanogenesis from carbon dioxide, MF0100)","taxon:methanogenesis from carbon dioxide, mf0100",16017,"GRCh37","2648a90d7032c268b812fc96620d034c842a39c747a3687866fe4988b52a1e3f","e2bb6beb199bfc576ecf2adc98bc83f014b729be832c4a4f7f2d2e09df552237",97,518,0,518,1.733e-07
"microbiome_2026","GCST90671911","Gut microbiome function abundance (Nitrate reduction (dissimilatory), MF0101)","function:mf0101",16017,"GRCh37","2648a90d7032c268b812fc96620d034c842a39c747a3687866fe4988b52a1e3f","e2bb6beb199bfc576ecf2adc98bc83f014b729be832c4a4f7f2d2e09df552237",97,113,0,113,2.677e-06
"microbiome_2026","GCST90671912","Gut microbiome function abundance (Mucin degradation, MF0103)","function:mf0103",16017,"GRCh37","2648a90d7032c268b812fc96620d034c842a39c747a3687866fe4988b52a1e3f","e2bb6beb199bfc576ecf2adc98bc83f014b729be832c4a4f7f2d2e09df552237",97,81,0,81,7.572e-07
"microbiome_2026","GCST90671913","Gut microbiome function abundance (Serotonin synthesis I, MGB001)","function:mgb001",16017,"GRCh37","2648a90d7032c268b812fc96620d034c842a39c747a3687866fe4988b52a1e3f","e2bb6beb199bfc576ecf2adc98bc83f014b729be832c4a4f7f2d2e09df552237",97,67,0,67,1.167e-07
"microbiome_2026","GCST90671914","Gut microbiome function presence (Melatonin synthesis, MGB003)","taxon:melatonin synthesis, mgb003",16017,"GRCh37","2648a90d7032c268b812fc96620d034c842a39c747a3687866fe4988b52a1e3f","e2bb6beb199bfc576ecf2adc98bc83f014b729be832c4a4f7f2d2e09df552237",97,99,0,99,7.505e-07
"microbiome_2026","GCST90671915","Gut microbiome function abundance (Tryptophan synthesis, MGB005)","function:mgb005",16017,"GRCh37","2648a90d7032c268b812fc96620d034c842a39c747a3687866fe4988b52a1e3f","e2bb6beb199bfc576ecf2adc98bc83f014b729be832c4a4f7f2d2e09df552237",97,56,0,56,6.512e-07
"microbiome_2026","GCST90671916","Gut microbiome function abundance (Glutamate synthesis I, MGB006)","function:mgb006",16017,"GRCh37","2648a90d7032c268b812fc96620d034c842a39c747a3687866fe4988b52a1e3f","e2bb6beb199bfc576ecf2adc98bc83f014b729be832c4a4f7f2d2e09df552237",97,24,0,24,3.838e-07
"microbiome_2026","GCST90671917","Gut microbiome function abundance (Acetylcholine synthesis, MGB008)","function:mgb008",16017,"GRCh37","2648a90d7032c268b812fc96620d034c842a39c747a3687866fe4988b52a1e3f","e2bb6beb199bfc576ecf2adc98bc83f014b729be832c4a4f7f2d2e09df552237",97,114,0,114,1.498e-07
"microbiome_2026","GCST90671918","Gut microbiome function abundance (Histamine synthesis, MGB009)","function:mgb009",16017,"GRCh37","2648a90d7032c268b812fc96620d034c842a39c747a3687866fe4988b52a1e3f","e2bb6beb199bfc576ecf2adc98bc83f014b729be832c4a4f7f2d2e09df552237",97,46,0,46,5.369e-07
"microbiome_2026","GCST90671919","Gut microbiome function abundance (Histamine degradation, MGB010)","function:mgb010",16017,"GRCh37","2648a90d7032c268b812fc96620d034c842a39c747a3687866fe4988b52a1e3f","e2bb6beb199bfc576ecf2adc98bc83f014b729be832c4a4f7f2d2e09df552237",97,35,0,35,3.64e-07
"microbiome_2026","GCST90671920","Gut microbiome function abundance (Cortisol degradation, MGB011)","function:mgb011",16017,"GRCh37","2648a90d7032c268b812fc96620d034c842a39c747a3687866fe4988b52a1e3f","e2bb6beb199bfc576ecf2adc98bc83f014b729be832c4a4f7f2d2e09df552237",98,53,0,53,8.029e-07
"microbiome_2026","GCST90671921","Gut microbiome function abundance (Dopamine synthesis, MGB012)","function:mgb012",16017,"GRCh37","2648a90d7032c268b812fc96620d034c842a39c747a3687866fe4988b52a1e3f","e2bb6beb199bfc576ecf2adc98bc83f014b729be832c4a4f7f2d2e09df552237",98,68,0,68,8.179e-07
"microbiome_2026","GCST90671922","Gut microbiome function abundance (p-Cresol synthesis, MGB015)","function:mgb015",16017,"GRCh37","2648a90d7032c268b812fc96620d034c842a39c747a3687866fe4988b52a1e3f","e2bb6beb199bfc576ecf2adc98bc83f014b729be832c4a4f7f2d2e09df552237",98,171,0,171,3.083e-07
"microbiome_2026","GCST90671923","Gut microbiome function abundance (GABA degradation, MGB019)","function:mgb019",16017,"GRCh37","2648a90d7032c268b812fc96620d034c842a39c747a3687866fe4988b52a1e3f","e2bb6beb199bfc576ecf2adc98bc83f014b729be832c4a4f7f2d2e09df552237",98,49,0,49,5.221e-07
"microbiome_2026","GCST90671924","Gut microbiome function abundance (Nitric oxide synthesis I (NO synthase), MGB025)","function:mgb025",16017,"GRCh37","2648a90d7032c268b812fc96620d034c842a39c747a3687866fe4988b52a1e3f","e2bb6beb199bfc576ecf2adc98bc83f014b729be832c4a4f7f2d2e09df552237",98,50,0,50,9.437e-07
"microbiome_2026","GCST90671925","Gut microbiome function abundance (Nitric oxide degradation I (NO dioxygenase), MGB027)","function:mgb027",16017,"GRCh37","2648a90d7032c268b812fc96620d034c842a39c747a3687866fe4988b52a1e3f","e2bb6beb199bfc576ecf2adc98bc83f014b729be832c4a4f7f2d2e09df552237",98,78,0,78,7.439e-07
"microbiome_2026","GCST90671926","Gut microbiome function abundance (ClpB (ATP-dependent chaperone protein), MGB029)","function:mgb029",16017,"GRCh37","2648a90d7032c268b812fc96620d034c842a39c747a3687866fe4988b52a1e3f","e2bb6beb199bfc576ecf2adc98bc83f014b729be832c4a4f7f2d2e09df552237",98,70,0,70,1.505e-07
"microbiome_2026","GCST90671927","Gut microbiome function abundance (17-beta-Estradiol degradation, MGB031)","function:mgb031",16017,"GRCh37","2648a90d7032c268b812fc96620d034c842a39c747a3687866fe4988b52a1e3f","e2bb6beb199bfc576ecf2adc98bc83f014b729be832c4a4f7f2d2e09df552237",98,60,0,60,6.372e-07
"microbiome_2026","GCST90671928","Gut microbiome function abundance (Quinolinic acid synthesis, MGB032)","function:mgb032",16017,"GRCh37","2648a90d7032c268b812fc96620d034c842a39c747a3687866fe4988b52a1e3f","e2bb6beb199bfc576ecf2adc98bc83f014b729be832c4a4f7f2d2e09df552237",98,48,0,48,6.144e-07
"microbiome_2026","GCST90671929","Gut microbiome function abundance (Quinolinic acid degradation, MGB033)","function:mgb033",16017,"GRCh37","2648a90d7032c268b812fc96620d034c842a39c747a3687866fe4988b52a1e3f","e2bb6beb199bfc576ecf2adc98bc83f014b729be832c4a4f7f2d2e09df552237",98,151,0,151,1.893e-07
"microbiome_2026","GCST90671930","Gut microbiome function abundance (Isovaleric acid synthesis I (KADH pathway), MGB034)","function:mgb034",16017,"GRCh37","2648a90d7032c268b812fc96620d034c842a39c747a3687866fe4988b52a1e3f","e2bb6beb199bfc576ecf2adc98bc83f014b729be832c4a4f7f2d2e09df552237",98,62,0,62,8.228e-07
"microbiome_2026","GCST90671931","Gut microbiome function abundance (S-Adenosylmethionine (SAM) synthesis, MGB036)","function:mgb036",16017,"GRCh37","2648a90d7032c268b812fc96620d034c842a39c747a3687866fe4988b52a1e3f","e2bb6beb199bfc576ecf2adc98bc83f014b729be832c4a4f7f2d2e09df552237",98,108,0,108,7.127e-08
"microbiome_2026","GCST90671932","Gut microbiome function abundance (Inositol synthesis, MGB037)","function:mgb037",16017,"GRCh37","2648a90d7032c268b812fc96620d034c842a39c747a3687866fe4988b52a1e3f","e2bb6beb199bfc576ecf2adc98bc83f014b729be832c4a4f7f2d2e09df552237",98,28,0,28,5.85e-07
"microbiome_2026","GCST90671933","Gut microbiome function abundance (Inositol degradation, MGB038)","function:mgb038",16017,"GRCh37","2648a90d7032c268b812fc96620d034c842a39c747a3687866fe4988b52a1e3f","e2bb6beb199bfc576ecf2adc98bc83f014b729be832c4a4f7f2d2e09df552237",98,42,0,42,1.152e-06
"microbiome_2026","GCST90671934","Gut microbiome function abundance (g-Hydroxybutyric acid (GHB) degradation, MGB039)","function:mgb039",16017,"GRCh37","2648a90d7032c268b812fc96620d034c842a39c747a3687866fe4988b52a1e3f","e2bb6beb199bfc576ecf2adc98bc83f014b729be832c4a4f7f2d2e09df552237",98,140,0,140,3.637e-07
"microbiome_2026","GCST90671935","Gut microbiome function abundance (Menaquinone synthesis (vitamin K2) I, MGB040)","function:mgb040",16017,"GRCh37","2648a90d7032c268b812fc96620d034c842a39c747a3687866fe4988b52a1e3f","e2bb6beb199bfc576ecf2adc98bc83f014b729be832c4a4f7f2d2e09df552237",98,80,0,80,4.393e-07
"microbiome_2026","GCST90671936","Gut microbiome function abundance (Menaquinone synthesis (vitamin K2) II (alternative pathway: futalosine pathway), MGB041)","function:mgb041",16017,"GRCh37","2648a90d7032c268b812fc96620d034c842a39c747a3687866fe4988b52a1e3f","e2bb6beb199bfc576ecf2adc98bc83f014b729be832c4a4f7f2d2e09df552237",99,39,0,39,2.053e-07
"microbiome_2026","GCST90671937","Gut microbiome function abundance (Acetate synthesis I, MGB043)","function:mgb043",16017,"GRCh37","2648a90d7032c268b812fc96620d034c842a39c747a3687866fe4988b52a1e3f","e2bb6beb199bfc576ecf2adc98bc83f014b729be832c4a4f7f2d2e09df552237",99,59,0,59,1.747e-07
"microbiome_2026","GCST90671938","Gut microbiome function abundance (Acetate synthesis II, MGB044)","function:mgb044",16017,"GRCh37","2648a90d7032c268b812fc96620d034c842a39c747a3687866fe4988b52a1e3f","e2bb6beb199bfc576ecf2adc98bc83f014b729be832c4a4f7f2d2e09df552237",99,60,0,60,1.313e-07
"microbiome_2026","GCST90671939","Gut microbiome function abundance (Acetate synthesis III, MGB045)","function:mgb045",16017,"GRCh37","2648a90d7032c268b812fc96620d034c842a39c747a3687866fe4988b52a1e3f","e2bb6beb199bfc576ecf2adc98bc83f014b729be832c4a4f7f2d2e09df552237",99,127,0,127,2.53e-07
"microbiome_2026_hunt","GCST90666541","Gut microbiota alpha diversity (Richness)","alpha:richness",12648,"GRCh37","2648a90d7032c268b812fc96620d034c842a39c747a3687866fe4988b52a1e3f","e2bb6beb199bfc576ecf2adc98bc83f014b729be832c4a4f7f2d2e09df552237",1,53,0,0,3.26e-07
"microbiome_2026_hunt","GCST90666542","Gut microbiota alpha diversity (Shannon index)","alpha:shannon",12648,"GRCh37","2648a90d7032c268b812fc96620d034c842a39c747a3687866fe4988b52a1e3f","e2bb6beb199bfc576ecf2adc98bc83f014b729be832c4a4f7f2d2e09df552237",1,55,2,0,3.66e-08
"microbiome_2026_hunt","GCST90666543","Gut microbiota relative abundance (hMGS.00001: Agathobacter rectalis)","taxon:agathobacter rectalis",12652,"GRCh37","2648a90d7032c268b812fc96620d034c842a39c747a3687866fe4988b52a1e3f","e2bb6beb199bfc576ecf2adc98bc83f014b729be832c4a4f7f2d2e09df552237",1,60,0,0,7.21e-08
"microbiome_2026_hunt","GCST90666544","Gut microbiota relative abundance (hMGS.00002: Bifidobacterium longum)","taxon:bifidobacterium longum",12652,"GRCh37","2648a90d7032c268b812fc96620d034c842a39c747a3687866fe4988b52a1e3f","e2bb6beb199bfc576ecf2adc98bc83f014b729be832c4a4f7f2d2e09df552237",1,83,0,0,6.32e-08
"microbiome_2026_hunt","GCST90666545","Gut microbiota relative abundance (hMGS.00003: Gemmiger qucibialis)","taxon:gemmiger qucibialis",12652,"GRCh37","2648a90d7032c268b812fc96620d034c842a39c747a3687866fe4988b52a1e3f","e2bb6beb199bfc576ecf2adc98bc83f014b729be832c4a4f7f2d2e09df552237",1,53,0,0,1.11e-06
"microbiome_2026_hunt","GCST90666546","Gut microbiota relative abundance (hMGS.00004: Bifidobacterium adolescentis)","taxon:bifidobacterium adolescentis",12652,"GRCh37","2648a90d7032c268b812fc96620d034c842a39c747a3687866fe4988b52a1e3f","e2bb6beb199bfc576ecf2adc98bc83f014b729be832c4a4f7f2d2e09df552237",1,411,105,0,1.26e-14
"microbiome_2026_hunt","GCST90666547","Gut microbiota relative abundance (hMGS.00005: Ruminococcus E bromii B)","taxon:ruminococcus e bromii b",12652,"GRCh37","2648a90d7032c268b812fc96620d034c842a39c747a3687866fe4988b52a1e3f","e2bb6beb199bfc576ecf2adc98bc83f014b729be832c4a4f7f2d2e09df552237",1,302,3,0,2.16e-08
"microbiome_2026_hunt","GCST90666548","Gut microbiota relative abundance (hMGS.00006: Agathobacter faecis)","taxon:agathobacter faecis",12652,"GRCh37","2648a90d7032c268b812fc96620d034c842a39c747a3687866fe4988b52a1e3f","e2bb6beb199bfc576ecf2adc98bc83f014b729be832c4a4f7f2d2e09df552237",1,103,0,0,2.86e-07
"microbiome_2026_hunt","GCST90666549","Gut microbiota relative abundance (hMGS.00007: Anaerostipes hadrus)","taxon:anaerostipes hadrus",12652,"GRCh37","2648a90d7032c268b812fc96620d034c842a39c747a3687866fe4988b52a1e3f","e2bb6beb199bfc576ecf2adc98bc83f014b729be832c4a4f7f2d2e09df552237",1,67,0,0,1.48e-07
"microbiome_2026_hunt","GCST90666550","Gut microbiota relative abundance (hMGS.00008: Lachnospira eligens A)","taxon:lachnospira eligens a",12652,"GRCh37","2648a90d7032c268b812fc96620d034c842a39c747a3687866fe4988b52a1e3f","e2bb6beb199bfc576ecf2adc98bc83f014b729be832c4a4f7f2d2e09df552237",1,151,0,0,1.1e-06
"microbiome_2026_hunt","GCST90666551","Gut microbiota relative abundance (hMGS.00009: UBA11524 sp000437595)","taxon:uba11524 sp000437595",12652,"GRCh37","2648a90d7032c268b812fc96620d034c842a39c747a3687866fe4988b52a1e3f","e2bb6beb199bfc576ecf2adc98bc83f014b729be832c4a4f7f2d2e09df552237",1,51,1,0,4.5e-08
"microbiome_2026_hunt","GCST90666552","Gut microbiota relative abundance (hMGS.00010: Ruminococcus D bicirculans)","taxon:ruminococcus d bicirculans",12652,"GRCh37","2648a90d7032c268b812fc96620d034c842a39c747a3687866fe4988b52a1e3f","e2bb6beb199bfc576ecf2adc98bc83f014b729be832c4a4f7f2d2e09df552237",1,62,0,0,7.43e-07
"microbiome_2026_hunt","GCST90666553","Gut microbiota relative abundance (hMGS.00011: Fusicatenibacter saccharivorans)","taxon:fusicatenibacter saccharivorans",12652,"GRCh37","2648a90d7032c268b812fc96620d034c842a39c747a3687866fe4988b52a1e3f","e2bb6beb199bfc576ecf2adc98bc83f014b729be832c4a4f7f2d2e09df552237",1,50,0,0,6.09e-07
"microbiome_2026_hunt","GCST90666554","Gut microbiota relative abundance (hMGS.00012: Acetatifactor sp900066565)","taxon:acetatifactor sp900066565",12652,"GRCh37","2648a90d7032c268b812fc96620d034c842a39c747a3687866fe4988b52a1e3f","e2bb6beb199bfc576ecf2adc98bc83f014b729be832c4a4f7f2d2e09df552237",1,131,0,0,1e-07
"microbiome_2026_hunt","GCST90666555","Gut microbiota relative abundance (hMGS.00013: Blautia A wexlerae)","taxon:blautia a wexlerae",12652,"GRCh37","2648a90d7032c268b812fc96620d034c842a39c747a3687866fe4988b52a1e3f","e2bb6beb199bfc576ecf2adc98bc83f014b729be832c4a4f7f2d2e09df552237",1,137,1,0,3.22e-08
"microbiome_2026_hunt","GCST90666556","Gut microbiota relative abundance (hMGS.00018: Coprococcus eutactus A)","taxon:coprococcus eutactus a",12652,"GRCh37","2648a90d7032c268b812fc96620d034c842a39c747a3687866fe4988b52a1e3f","e2bb6beb199bfc576ecf2adc98bc83f014b729be832c4a4f7f2d2e09df552237",1,101,0,0,1.24e-07
"microbiome_2026_hunt","GCST90666557","Gut microbiota relative abundance (hMGS.00019: Bifidobacterium bifidum)","taxon:bifidobacterium bifidum",12652,"GRCh37","2648a90d7032c268b812fc96620d034c842a39c747a3687866fe4988b52a1e3f","e2bb6beb199bfc576ecf2adc98bc83f014b729be832c4a4f7f2d2e09df552237",2,178,45,0,7.69e-15
"microbiome_2026_hunt","GCST90666558","Gut microbiota relative abundance (hMGS.00020: CAG-177 sp003514385)","taxon:cag-177 sp003514385",12652,"GRCh37","2648a90d7032c268b812fc96620d034c842a39c747a3687866fe4988b52a1e3f","e2bb6beb199bfc576ecf2adc98bc83f014b729be832c4a4f7f2d2e09df552237",2,98,0,0,2.18e-07
"microbiome_2026_hunt","GCST90666559","Gut microbiota relative abundance (hMGS.00021: Ruminiclostridium E siraeum)","taxon:ruminiclostridium e siraeum",12652,"GRCh37","2648a90d7032c268b812fc96620d034c842a39c747a3687866fe4988b52a1e3f","e2bb6beb199bfc576ecf2adc98bc83f014b729be832c4a4f7f2d2e09df552237",2,80,0,0,7.94e-08
"microbiome_2026_hunt","GCST90666560","Gut microbiota relative abundance (hMGS.00022: Acetatifactor intestinalis)","taxon:acetatifactor intestinalis",12652,"GRCh37","2648a90d7032c268b812fc96620d034c842a39c747a3687866fe4988b52a1e3f","e2bb6beb199bfc576ecf2adc98bc83f014b729be832c4a4f7f2d2e09df552237",2,44,0,0,6.37e-08
"microbiome_2026_hunt","GCST90666561","Gut microbiota relative abundance (hMGS.00023: Phocaeicola vulgatus)","taxon:phocaeicola vulgatus",12652,"GRCh37","2648a90d7032c268b812fc96620d034c842a39c747a3687866fe4988b52a1e3f","e2bb6beb199bfc576ecf2adc98bc83f014b729be832c4a4f7f2d2e09df552237",2,36,0,0,4.76e-07
"microbiome_2026_hunt","GCST90666562","Gut microbiota relative abundance (hMGS.00025: ER4 sp000765235)","taxon:er4 sp000765235",12652,"GRCh37","2648a90d7032c268b812fc96620d034c842a39c747a3687866fe4988b52a1e3f","e2bb6beb199bfc576ecf2adc98bc83f014b729be832c4a4f7f2d2e09df552237",2,48,0,0,2.51e-07
"microbiome_2026_hunt","GCST90666563","Gut microbiota relative abundance (hMGS.00026: Bifidobacterium pseudocatenulatum)","taxon:bifidobacterium pseudocatenulatum",12652,"GRCh37","2648a90d7032c268b812fc96620d034c842a39c747a3687866fe4988b52a1e3f","e2bb6beb199bfc576ecf2adc98bc83f014b729be832c4a4f7f2d2e09df552237",2,51,0,0,1.62e-07
"microbiome_2026_hunt","GCST90666564","Gut microbiota relative abundance (hMGS.00028: RUG115 sp900066395)","taxon:rug115 sp900066395",12652,"GRCh37","2648a90d7032c268b812fc96620d034c842a39c747a3687866fe4988b52a1e3f","e2bb6beb199bfc576ecf2adc98bc83f014b729be832c4a4f7f2d2e09df552237",2,139,0,0,1.41e-07
"microbiome_2026_hunt","GCST90666565","Gut microbiota relative abundance (hMGS.00029: Alistipes putredinis)","taxon:alistipes putredinis",12652,"GRCh37","2648a90d7032c268b812fc96620d034c842a39c747a3687866fe4988b52a1e3f","e2bb6beb199bfc576ecf2adc98bc83f014b729be832c4a4f7f2d2e09df552237",2,44,0,0,8.63e-07
"microbiome_2026_hunt","GCST90666566","Gut microbiota relative abundance (hMGS.00030: Streptococcus salivarius)","taxon:streptococcus salivarius",12652,"GRCh37","2648a90d7032c268b812fc96620d034c842a39c747a3687866fe4988b52a1e3f","e2bb6beb199bfc576ecf2adc98bc83f014b729be832c4a4f7f2d2e09df552237",2,33,0,0,5.87e-07
"microbiome_2026_hunt","GCST90666567","Gut microbiota relative abundance (hMGS.00031: CAG-217 sp000436335)","taxon:cag-217 sp000436335",12652,"GRCh37","2648a90d7032c268b812fc96620d034c842a39c747a3687866fe4988b52a1e3f","e2bb6beb199bfc576ecf2adc98bc83f014b729be832c4a4f7f2d2e09df552237",2,171,0,0,1.2e-07
"microbiome_2026_hunt","GCST90666568","Gut microbiota relative abundance (hMGS.00032: Escherichia coli)","taxon:escherichia coli",12652,"GRCh37","2648a90d7032c268b812fc96620d034c842a39c747a3687866fe4988b52a1e3f","e2bb6beb199bfc576ecf2adc98bc83f014b729be832c4a4f7f2d2e09df552237",2,24,0,0,5.8e-08
"microbiome_2026_hunt","GCST90666569","Gut microbiota relative abundance (hMGS.00033: PeH17 sp000435055)","taxon:peh17 sp000435055",12652,"GRCh37","2648a90d7032c268b812fc96620d034c842a39c747a3687866fe4988b52a1e3f","e2bb6beb199bfc576ecf2adc98bc83f014b729be832c4a4f7f2d2e09df552237",2,85,0,0,2.75e-07
"microbiome_2026_hunt","GCST90666570","Gut microbiota relative abundance (hMGS.00034: Methanobrevibacter A smithii)","taxon:methanobrevibacter a smithii",12652,"GRCh37","2648a90d7032c268b812fc96620d034c842a39c747a3687866fe4988b52a1e3f","e2bb6beb199bfc576ecf2adc98bc83f014b729be832c4a4f7f2d2e09df552237",2,68,0,0,7.11e-07
"microbiome_2026_hunt","GCST90666571","Gut microbiota relative abundance (hMGS.00035: Ruminococcus B gnavus)","taxon:ruminococcus b gnavus",12652,"GRCh37","2648a90d7032c268b812fc96620d034c842a39c747a3687866fe4988b52a1e3f","e2bb6beb199bfc576ecf2adc98bc83f014b729be832c4a4f7f2d2e09df552237",2,84,0,0,4.21e-07
"microbiome_2026_hunt","GCST90666572","Gut microbiota relative abundance (hMGS.00036: Ruminococcus E sp003526955)","taxon:ruminococcus e sp003526955",12652,"GRCh37","2648a90d7032c268b812fc96620d034c842a39c747a3687866fe4988b52a1e3f","e2bb6beb199bfc576ecf2adc98bc83f014b729be832c4a4f7f2d2e09df552237",2,52,0,0,2.06e-06
"microbiome_2026_hunt","GCST90666573","Gut microbiota relative abundance (hMGS.00037: Parabacteroides distasonis)","taxon:parabacteroides distasonis",12652,"GRCh37","2648a90d7032c268b812fc96620d034c842a39c747a3687866fe4988b52a1e3f","e2bb6beb199bfc576ecf2adc98bc83f014b729be832c4a4f7f2d2e09df552237",3,101,0,0,1.26e-06
"microbiome_2026_hunt","GCST90666574","Gut microbiota relative abundance (hMGS.00038: Roseburia intestinalis)","taxon:roseburia intestinalis",12652,"GRCh37","2648a90d7032c268b812fc96620d034c842a39c747a3687866fe4988b52a1e3f","e2bb6beb199bfc576ecf2adc98bc83f014b729be832c4a4f7f2d2e09df552237",3,71,0,0,3.89e-07
"microbiome_2026_hunt","GCST90666575","Gut microbiota relative abundance (hMGS.00039: Bacteroides uniformis)","taxon:bacteroides uniformis",12652,"GRCh37","2648a90d7032c268b812fc96620d034c842a39c747a3687866fe4988b52a1e3f","e2bb6beb199bfc576ecf2adc98bc83f014b729be832c4a4f7f2d2e09df552237",3,77,0,0,8.42e-08
"microbiome_2026_hunt","GCST90666576","Gut microbiota relative abundance (hMGS.00040: Faecalibacillus intestinalis)","taxon:faecalibacillus intestinalis",12652,"GRCh37","2648a90d7032c268b812fc96620d034c842a39c747a3687866fe4988b52a1e3f","e2bb6beb199bfc576ecf2adc98bc83f014b729be832c4a4f7f2d2e09df552237",3,68,0,0,1.37e-07
"microbiome_2026_hunt","GCST90666577","Gut microbiota relative abundance (hMGS.00043: Cryptobacteroides sp000433355)","taxon:cryptobacteroides sp000433355",12652,"GRCh37","2648a90d7032c268b812fc96620d034c842a39c747a3687866fe4988b52a1e3f","e2bb6beb199bfc576ecf2adc98bc83f014b729be832c4a4f7f2d2e09df552237",3,22,0,0,1.11e-06
"microbiome_2026_hunt","GCST90666578","Gut microbiota relative abundance (hMGS.00044: Lachnospira sp000437735)","taxon:lachnospira sp000437735",12652,"GRCh37","2648a90d7032c268b812fc96620d034c842a39c747a3687866fe4988b52a1e3f","e2bb6beb199bfc576ecf2adc98bc83f014b729be832c4a4f7f2d2e09df552237",3,105,0,0,5.53e-08
"microbiome_2026_hunt","GCST90666579","Gut microbiota relative abundance (hMGS.00045: SFEL01 sp004557245)","taxon:sfel01 sp004557245",12652,"GRCh37","2648a90d7032c268b812fc96620d034c842a39c747a3687866fe4988b52a1e3f","e2bb6beb199bfc576ecf2adc98bc83f014b729be832c4a4f7f2d2e09df552237",3,129,7,0,2e-09
"microbiome_2026_hunt","GCST90666580","Gut microbiota relative abundance (hMGS.00046: Fimenecus sp000432435)","taxon:fimenecus sp000432435",12652,"GRCh37","2648a90d7032c268b812fc96620d034c842a39c747a3687866fe4988b52a1e3f","e2bb6beb199bfc576ecf2adc98bc83f014b729be832c4a4f7f2d2e09df552237",3,136,3,0,9.35e-09
"microbiome_2026_hunt","GCST90666581","Gut microbiota relative abundance (hMGS.00048: Eisenbergiella sp900066775)","taxon:eisenbergiella sp900066775",12652,"GRCh37","2648a90d7032c268b812fc96620d034c842a39c747a3687866fe4988b52a1e3f","e2bb6beb199bfc576ecf2adc98bc83f014b729be832c4a4f7f2d2e09df552237",3,29,0,0,4.75e-07
"microbiome_2026_hunt","GCST90666582","Gut microbiota relative abundance (hMGS.00049: Roseburia hominis)","taxon:roseburia hominis",12652,"GRCh37","2648a90d7032c268b812fc96620d034c842a39c747a3687866fe4988b52a1e3f","e2bb6beb199bfc576ecf2adc98bc83f014b729be832c4a4f7f2d2e09df552237",3,28,0,0,2.41e-07
"microbiome_2026_hunt","GCST90666583","Gut microbiota relative abundance (hMGS.00050: Faecalibacterium prausnitzii D)","taxon:faecalibacterium prausnitzii d",12652,"GRCh37","2648a90d7032c268b812fc96620d034c842a39c747a3687866fe4988b52a1e3f","e2bb6beb199bfc576ecf2adc98bc83f014b729be832c4a4f7f2d2e09df552237",3,69,0,0,4.16e-07
"microbiome_2026_hunt","GCST90666584","Gut microbiota relative abundance (hMGS.00051: Roseburia inulinivorans)","taxon:roseburia inulinivorans",12652,"GRCh37","2648a90d7032c268b812fc96620d034c842a39c747a3687866fe4988b52a1e3f","e2bb6beb199bfc576ecf2adc98bc83f014b729be832c4a4f7f2d2e09df552237",3,52,0,0,6.44e-07
"microbiome_2026_hunt","GCST90666585","Gut microbiota relative abundance (hMGS.00053: Coprococcus sp900066115)","taxon:coprococcus sp900066115",12652,"GRCh37","2648a90d7032c268b812fc96620d034c842a39c747a3687866fe4988b52a1e3f","e2bb6beb199bfc576ecf2adc98bc83f014b729be832c4a4f7f2d2e09df552237",3,52,2,0,5.89e-09
"microbiome_2026_hunt","GCST90666586","Gut microbiota relative abundance (hMGS.00054: CAG-41 sp900066215)","taxon:cag-41 sp900066215",12652,"GRCh37","2648a90d7032c268b812fc96620d034c842a39c747a3687866fe4988b52a1e3f","e2bb6beb199bfc576ecf2adc98bc83f014b729be832c4a4f7f2d2e09df552237",3,71,0,0,4.82e-07
"microbiome_2026_hunt","GCST90666587","Gut microbiota relative abundance (hMGS.00055: Eubacterium F sp003491505)","taxon:eubacterium f sp003491505",12652,"GRCh37","2648a90d7032c268b812fc96620d034c842a39c747a3687866fe4988b52a1e3f","e2bb6beb199bfc576ecf2adc98bc83f014b729be832c4a4f7f2d2e09df552237",3,26,0,0,6.1e-08
"microbiome_2026_hunt","GCST90666588","Gut microbiota relative abundance (hMGS.00056: Alistipes onderdonkii)","taxon:alistipes onderdonkii",12652,"GRCh37","2648a90d7032c268b812fc96620d034c842a39c747a3687866fe4988b52a1e3f","e2bb6beb199bfc576ecf2adc98bc83f014b729be832c4a4f7f2d2e09df552237",3,83,0,0,5.51e-08
"microbiome_2026_hunt","GCST90666589","Gut microbiota relative abundance (hMGS.00059: Prevotella sp003447235)","taxon:prevotella sp003447235",12652,"GRCh37","2648a90d7032c268b812fc96620d034c842a39c747a3687866fe4988b52a1e3f","e2bb6beb199bfc576ecf2adc98bc83f014b729be832c4a4f7f2d2e09df552237",4,67,0,0,2.84e-07
"microbiome_2026_hunt","GCST90666590","Gut microbiota relative abundance (hMGS.00060: UBA1417 sp003531055)","taxon:uba1417 sp003531055",12652,"GRCh37","2648a90d7032c268b812fc96620d034c842a39c747a3687866fe4988b52a1e3f","e2bb6beb199bfc576ecf2adc98bc83f014b729be832c4a4f7f2d2e09df552237",4,38,0,0,4.37e-07
"microbiome_2026_hunt","GCST90666591","Gut microbiota relative abundance (hMGS.00061: Alistipes shahii)","taxon:alistipes shahii",12652,"GRCh37","2648a90d7032c268b812fc96620d034c842a39c747a3687866fe4988b52a1e3f","e2bb6beb199bfc576ecf2adc98bc83f014b729be832c4a4f7f2d2e09df552237",4,98,0,0,6.83e-07
"microbiome_2026_hunt","GCST90666592","Gut microbiota relative abundance (hMGS.00062: Sutterella wadsworthensis A)","taxon:sutterella wadsworthensis a",12652,"GRCh37","2648a90d7032c268b812fc96620d034c842a39c747a3687866fe4988b52a1e3f","e2bb6beb199bfc576ecf2adc98bc83f014b729be832c4a4f7f2d2e09df552237",4,28,0,0,3.87e-07
"microbiome_2026_hunt","GCST90666593","Gut microbiota relative abundance (hMGS.00065: Odoribacter splanchnicus)","taxon:odoribacter splanchnicus",12652,"GRCh37","2648a90d7032c268b812fc96620d034c842a39c747a3687866fe4988b52a1e3f","e2bb6beb199bfc576ecf2adc98bc83f014b729be832c4a4f7f2d2e09df552237",4,60,0,0,3.12e-07
"microbiome_2026_hunt","GCST90666594","Gut microbiota relative abundance (hMGS.00066: Eubacterium R sp000436835)","taxon:eubacterium r sp000436835",12652,"GRCh37","2648a90d7032c268b812fc96620d034c842a39c747a3687866fe4988b52a1e3f","e2bb6beb199bfc576ecf2adc98bc83f014b729be832c4a4f7f2d2e09df552237",4,364,9,0,5.34e-09
"microbiome_2026_hunt","GCST90666595","Gut microbiota relative abundance (hMGS.00067: Agathobaculum butyriciproducens)","taxon:agathobaculum butyriciproducens",12652,"GRCh37","2648a90d7032c268b812fc96620d034c842a39c747a3687866fe4988b52a1e3f","e2bb6beb199bfc576ecf2adc98bc83f014b729be832c4a4f7f2d2e09df552237",4,194,28,0,2.65e-09
"microbiome_2026_hunt","GCST90666596","Gut microbiota relative abundance (hMGS.00068: Phascolarctobacterium faecium)","taxon:phascolarctobacterium faecium",12652,"GRCh37","2648a90d7032c268b812fc96620d034c842a39c747a3687866fe4988b52a1e3f","e2bb6beb199bfc576ecf2adc98bc83f014b729be832c4a4f7f2d2e09df552237",4,30,0,0,1.01e-07
"microbiome_2026_hunt","GCST90666597","Gut microbiota relative abundance (hMGS.00070: Faecousia sp000434635)","taxon:faecousia sp000434635",12652,"GRCh37","2648a90d7032c268b812fc96620d034c842a39c747a3687866fe4988b52a1e3f","e2bb6beb199bfc576ecf2adc98bc83f014b729be832c4a4f7f2d2e09df552237",4,27,0,0,2.43e-06
"microbiome_2026_hunt","GCST90666598","Gut microbiota relative abundance (hMGS.00072: Barnesiella intestinihominis)","taxon:barnesiella intestinihominis",12652,"GRCh37","2648a90d7032c268b812fc96620d034c842a39c747a3687866fe4988b52a1e3f","e2bb6beb199bfc576ecf2adc98bc83f014b729be832c4a4f7f2d2e09df552237",4,84,0,0,1.48e-07
"microbiome_2026_hunt","GCST90666599","Gut microbiota relative abundance (hMGS.00073: CAG-349 sp003539515)","taxon:cag-349 sp003539515",12652,"GRCh37","2648a90d7032c268b812fc96620d034c842a39c747a3687866fe4988b52a1e3f","e2bb6beb199bfc576ecf2adc98bc83f014b729be832c4a4f7f2d2e09df552237",4,69,0,0,1.53e-06
"microbiome_2026_hunt","GCST90666600","Gut microbiota relative abundance (hMGS.00074: Akkermansia muciniphila)","taxon:akkermansia muciniphila",12652,"GRCh37","2648a90d7032c268b812fc96620d034c842a39c747a3687866fe4988b52a1e3f","e2bb6beb199bfc576ecf2adc98bc83f014b729be832c4a4f7f2d2e09df552237",4,50,0,0,2.32e-07
"microbiome_2026_hunt","GCST90666601","Gut microbiota relative abundance (hMGS.00077: Clostridium Q fessum)","taxon:clostridium q fessum",12652,"GRCh37","2648a90d7032c268b812fc96620d034c842a39c747a3687866fe4988b52a1e3f","e2bb6beb199bfc576ecf2adc98bc83f014b729be832c4a4f7f2d2e09df552237",4,185,0,0,3.73e-07
"microbiome_2026_hunt","GCST90666602","Gut microbiota relative abundance (hMGS.00079: CAG-115 sp003531585)","taxon:cag-115 sp003531585",12652,"GRCh37","2648a90d7032c268b812fc96620d034c842a39c747a3687866fe4988b52a1e3f","e2bb6beb199bfc576ecf2adc98bc83f014b729be832c4a4f7f2d2e09df552237",4,63,3,0,4.77e-09
"microbiome_2026_hunt","GCST90666603","Gut microbiota relative abundance (hMGS.00080: Anaerotignum faecicola)","taxon:anaerotignum faecicola",12652,"GRCh37","2648a90d7032c268b812fc96620d034c842a39c747a3687866fe4988b52a1e3f","e2bb6beb199bfc576ecf2adc98bc83f014b729be832c4a4f7f2d2e09df552237",4,80,0,0,5.09e-07
"microbiome_2026_hunt","GCST90666604","Gut microbiota relative abundance (hMGS.00082: Blautia A massiliensis)","taxon:blautia a massiliensis",12652,"GRCh37","2648a90d7032c268b812fc96620d034c842a39c747a3687866fe4988b52a1e3f","e2bb6beb199bfc576ecf2adc98bc83f014b729be832c4a4f7f2d2e09df552237",4,24,0,0,1.18e-06
"microbiome_2026_hunt","GCST90666605","Gut microbiota relative abundance (hMGS.00083: Copromonas sp900066535)","taxon:copromonas sp900066535",12652,"GRCh37","2648a90d7032c268b812fc96620d034c842a39c747a3687866fe4988b52a1e3f","e2bb6beb199bfc576ecf2adc98bc83f014b729be832c4a4f7f2d2e09df552237",5,92,0,0,2.17e-07
"microbiome_2026_hunt","GCST90666606","Gut microbiota relative abundance (hMGS.00086: Phil1 sp001940855)","taxon:phil1 sp001940855",12652,"GRCh37","2648a90d7032c268b812fc96620d034c842a39c747a3687866fe4988b52a1e3f","e2bb6beb199bfc576ecf2adc98bc83f014b729be832c4a4f7f2d2e09df552237",5,101,1,0,8.67e-09
"microbiome_2026_hunt","GCST90666607","Gut microbiota relative abundance (hMGS.00089: Ruthenibacterium lactatiformans)","taxon:ruthenibacterium lactatiformans",12652,"GRCh37","2648a90d7032c268b812fc96620d034c842a39c747a3687866fe4988b52a1e3f","e2bb6beb199bfc576ecf2adc98bc83f014b729be832c4a4f7f2d2e09df552237",5,87,1,0,3.94e-08
"microbiome_2026_hunt","GCST90666608","Gut microbiota relative abundance (hMGS.00090: Gemmiger formicilis)","taxon:gemmiger formicilis",12652,"GRCh37","2648a90d7032c268b812fc96620d034c842a39c747a3687866fe4988b52a1e3f","e2bb6beb199bfc576ecf2adc98bc83f014b729be832c4a4f7f2d2e09df552237",5,42,0,0,1.21e-06
"microbiome_2026_hunt","GCST90666609","Gut microbiota relative abundance (hMGS.00091: Alistipes finegoldii)","taxon:alistipes finegoldii",12652,"GRCh37","2648a90d7032c268b812fc96620d034c842a39c747a3687866fe4988b52a1e3f","e2bb6beb199bfc576ecf2adc98bc83f014b729be832c4a4f7f2d2e09df552237",5,151,0,0,2.16e-07
"microbiome_2026_hunt","GCST90666610","Gut microbiota relative abundance (hMGS.00093: CAG-170 sp000432135)","taxon:cag-170 sp000432135",12652,"GRCh37","2648a90d7032c268b812fc96620d034c842a39c747a3687866fe4988b52a1e3f","e2bb6beb199bfc576ecf2adc98bc83f014b729be832c4a4f7f2d2e09df552237",5,76,0,0,1.13e-07
"microbiome_2026_hunt","GCST90666611","Gut microbiota relative abundance (hMGS.00094: ER4 sp900317525)","taxon:er4 sp900317525",12652,"GRCh37","2648a90d7032c268b812fc96620d034c842a39c747a3687866fe4988b52a1e3f","e2bb6beb199bfc576ecf2adc98bc83f014b729be832c4a4f7f2d2e09df552237",5,102,0,0,1.92e-07
"microbiome_2026_hunt","GCST90666612","Gut microbiota relative abundance (hMGS.00096: Dialister invisus)","taxon:dialister invisus",12652,"GRCh37","2648a90d7032c268b812fc96620d034c842a39c747a3687866fe4988b52a1e3f","e2bb6beb199bfc576ecf2adc98bc83f014b729be832c4a4f7f2d2e09df552237",5,54,0,0,2.43e-07
"microbiome_2026_hunt","GCST90666613","Gut microbiota relative abundance (hMGS.00097: Sutterella wadsworthensis)","taxon:sutterella wadsworthensis",12652,"GRCh37","2648a90d7032c268b812fc96620d034c842a39c747a3687866fe4988b52a1e3f","e2bb6beb199bfc576ecf2adc98bc83f014b729be832c4a4f7f2d2e09df552237",5,52,0,0,3.57e-07
"microbiome_2026_hunt","GCST90666614","Gut microbiota relative abundance (hMGS.00099: Mediterraneibacter faecis)","taxon:mediterraneibacter faecis",12652,"GRCh37","2648a90d7032c268b812fc96620d034c842a39c747a3687866fe4988b52a1e3f","e2bb6beb199bfc576ecf2adc98bc83f014b729be832c4a4f7f2d2e09df552237",5,137,50,0,5.01e-11
"microbiome_2026_hunt","GCST90666615","Gut microbiota relative abundance (hMGS.00104: Eggerthella lenta)","taxon:eggerthella lenta",12652,"GRCh37","2648a90d7032c268b812fc96620d034c842a39c747a3687866fe4988b52a1e3f","e2bb6beb199bfc576ecf2adc98bc83f014b729be832c4a4f7f2d2e09df552237",5,89,0,0,1.06e-06
"microbiome_2026_hunt","GCST90666616","Gut microbiota relative abundance (hMGS.00106: Lachnospira sp900316325)","taxon:lachnospira sp900316325",12652,"GRCh37","2648a90d7032c268b812fc96620d034c842a39c747a3687866fe4988b52a1e3f","e2bb6beb199bfc576ecf2adc98bc83f014b729be832c4a4f7f2d2e09df552237",5,67,0,0,1.1e-07
"microbiome_2026_hunt","GCST90666617","Gut microbiota relative abundance (hMGS.00108: CAG-269 sp003525075)","taxon:cag-269 sp003525075",12652,"GRCh37","2648a90d7032c268b812fc96620d034c842a39c747a3687866fe4988b52a1e3f","e2bb6beb199bfc576ecf2adc98bc83f014b729be832c4a4f7f2d2e09df552237",5,120,0,0,6.83e-08
"microbiome_2026_hunt","GCST90666618","Gut microbiota relative abundance (hMGS.00110: Parasutterella excrementihominis)","taxon:parasutterella excrementihominis",12652,"GRCh37","2648a90d7032c268b812fc96620d034c842a39c747a3687866fe4988b52a1e3f","e2bb6beb199bfc576ecf2adc98bc83f014b729be832c4a4f7f2d2e09df552237",5,288,0,0,2.12e-07
"microbiome_2026_hunt","GCST90666619","Gut microbiota relative abundance (hMGS.00111: CAG-103 sp000432375)","taxon:cag-103 sp000432375",12652,"GRCh37","2648a90d7032c268b812fc96620d034c842a39c747a3687866fe4988b52a1e3f","e2bb6beb199bfc576ecf2adc98bc83f014b729be832c4a4f7f2d2e09df552237",5,84,0,0,2e-07
"microbiome_2026_hunt","GCST90666620","Gut microbiota relative abundance (hMGS.00112: CAG-103 sp900543625)","taxon:cag-103 sp900543625",12652,"GRCh37","2648a90d7032c268b812fc96620d034c842a39c747a3687866fe4988b52a1e3f","e2bb6beb199bfc576ecf2adc98bc83f014b729be832c4a4f7f2d2e09df552237",5,164,0,0,5.86e-07
"microbiome_2026_hunt","GCST90666621","Gut microbiota relative abundance (hMGS.00116: Veillonella atypica)","taxon:veillonella atypica",12652,"GRCh37","2648a90d7032c268b812fc96620d034c842a39c747a3687866fe4988b52a1e3f","e2bb6beb199bfc576ecf2adc98bc83f014b729be832c4a4f7f2d2e09df552237",6,83,0,0,1.85e-07
"microbiome_2026_hunt","GCST90666622","Gut microbiota relative abundance (hMGS.00118: Butyribacter sp003529475)","taxon:butyribacter sp003529475",12652,"GRCh37","2648a90d7032c268b812fc96620d034c842a39c747a3687866fe4988b52a1e3f","e2bb6beb199bfc576ecf2adc98bc83f014b729be832c4a4f7f2d2e09df552237",6,93,0,0,2e-07
"microbiome_2026_hunt","GCST90666623","Gut microbiota relative abundance (hMGS.00121: Ruminococcus C sp000433635)","taxon:ruminococcus c sp000433635",12652,"GRCh37","2648a90d7032c268b812fc96620d034c842a39c747a3687866fe4988b52a1e3f","e2bb6beb199bfc576ecf2adc98bc83f014b729be832c4a4f7f2d2e09df552237",6,75,0,0,2.08e-07
"microbiome_2026_hunt","GCST90666624","Gut microbiota relative abundance (hMGS.00124: Mediterraneibacter lactaris)","taxon:mediterraneibacter lactaris",12652,"GRCh37","2648a90d7032c268b812fc96620d034c842a39c747a3687866fe4988b52a1e3f","e2bb6beb199bfc576ecf2adc98bc83f014b729be832c4a4f7f2d2e09df552237",6,87,41,0,9.06e-14
"microbiome_2026_hunt","GCST90666625","Gut microbiota relative abundance (hMGS.00126: Faecousia sp003525905)","taxon:faecousia sp003525905",12652,"GRCh37","2648a90d7032c268b812fc96620d034c842a39c747a3687866fe4988b52a1e3f","e2bb6beb199bfc576ecf2adc98bc83f014b729be832c4a4f7f2d2e09df552237",6,71,0,0,4.3e-07
"microbiome_2026_hunt","GCST90666626","Gut microbiota relative abundance (hMGS.00128: COE1 sp001916965)","taxon:coe1 sp001916965",12652,"GRCh37","2648a90d7032c268b812fc96620d034c842a39c747a3687866fe4988b52a1e3f","e2bb6beb199bfc576ecf2adc98bc83f014b729be832c4a4f7f2d2e09df552237",6,109,0,0,4.37e-07
"microbiome_2026_hunt","GCST90666627","Gut microbiota relative abundance (hMGS.00129: Paraprevotella clara)","taxon:paraprevotella clara",12652,"GRCh37","2648a90d7032c268b812fc96620d034c842a39c747a3687866fe4988b52a1e3f","e2bb6beb199bfc576ecf2adc98bc83f014b729be832c4a4f7f2d2e09df552237",6,31,0,0,4.45e-07
"microbiome_2026_hunt","GCST90666628","Gut microbiota relative abundance (hMGS.00131: Eubacterium G ventriosum)","taxon:eubacterium g ventriosum",12652,"GRCh37","2648a90d7032c268b812fc96620d034c842a39c747a3687866fe4988b52a1e3f","e2bb6beb199bfc576ecf2adc98bc83f014b729be832c4a4f7f2d2e09df552237",6,79,0,0,4.02e-07
"microbiome_2026_hunt","GCST90666629","Gut microbiota relative abundance (hMGS.00135: Dorea A longicatena)","taxon:dorea a longicatena",12652,"GRCh37","2648a90d7032c268b812fc96620d034c842a39c747a3687866fe4988b52a1e3f","e2bb6beb199bfc576ecf2adc98bc83f014b729be832c4a4f7f2d2e09df552237",6,51,0,0,8.16e-07
"microbiome_2026_hunt","GCST90666630","Gut microbiota relative abundance (hMGS.00137: Blautia A obeum)","taxon:blautia a obeum",12652,"GRCh37","2648a90d7032c268b812fc96620d034c842a39c747a3687866fe4988b52a1e3f","e2bb6beb199bfc576ecf2adc98bc83f014b729be832c4a4f7f2d2e09df552237",6,179,27,0,6.42e-10
"microbiome_2026_hunt","GCST90666631","Gut microbiota relative abundance (hMGS.00141: Bacteroides thetaiotaomicron)","taxon:bacteroides thetaiotaomicron",12652,"GRCh37","2648a90d7032c268b812fc96620d034c842a39c747a3687866fe4988b52a1e3f","e2bb6beb199bfc576ecf2adc98bc83f014b729be832c4a4f7f2d2e09df552237",6,51,0,0,1.67e-07
"microbiome_2026_hunt","GCST90666632","Gut microbiota relative abundance (hMGS.00142: CAG-353 sp900066885)","taxon:cag-353 sp900066885",12652,"GRCh37","2648a90d7032c268b812fc96620d034c842a39c747a3687866fe4988b52a1e3f","e2bb6beb199bfc576ecf2adc98bc83f014b729be832c4a4f7f2d2e09df552237",6,115,0,0,1.19e-07
"microbiome_2026_hunt","GCST90666633","Gut microbiota relative abundance (hMGS.00148: Enterocloster sp000431375)","taxon:enterocloster sp000431375",12652,"GRCh37","2648a90d7032c268b812fc96620d034c842a39c747a3687866fe4988b52a1e3f","e2bb6beb199bfc576ecf2adc98bc83f014b729be832c4a4f7f2d2e09df552237",6,91,0,0,1.73e-07
"microbiome_2026_hunt","GCST90666634","Gut microbiota relative abundance (hMGS.00149: CAG-882 sp003486385)","taxon:cag-882 sp003486385",12652,"GRCh37","2648a90d7032c268b812fc96620d034c842a39c747a3687866fe4988b52a1e3f","e2bb6beb199bfc576ecf2adc98bc83f014b729be832c4a4f7f2d2e09df552237",6,34,0,0,3.95e-07
"microbiome_2026_hunt","GCST90666635","Gut microbiota relative abundance (hMGS.00152: Bacteroides fragilis)","taxon:bacteroides fragilis",12652,"GRCh37","2648a90d7032c268b812fc96620d034c842a39c747a3687866fe4988b52a1e3f","e2bb6beb199bfc576ecf2adc98bc83f014b729be832c4a4f7f2d2e09df552237",6,167,0,0,1.13e-07
"microbiome_2026_hunt","GCST90666636","Gut microbiota relative abundance (hMGS.00153: CAG-568 sp000434395)","taxon:cag-568 sp000434395",12652,"GRCh37","2648a90d7032c268b812fc96620d034c842a39c747a3687866fe4988b52a1e3f","e2bb6beb199bfc576ecf2adc98bc83f014b729be832c4a4f7f2d2e09df552237",6,43,0,0,7.09e-08
"microbiome_2026_hunt","GCST90666637","Gut microbiota relative abundance (hMGS.00157: Flavonifractor plautii)","taxon:flavonifractor plautii",12652,"GRCh37","2648a90d7032c268b812fc96620d034c842a39c747a3687866fe4988b52a1e3f","e2bb6beb199bfc576ecf2adc98bc83f014b729be832c4a4f7f2d2e09df552237",7,140,7,0,7.24e-09
"microbiome_2026_hunt","GCST90666638","Gut microbiota relative abundance (hMGS.00158: Anaerobutyricum hallii)","taxon:anaerobutyricum hallii",12652,"GRCh37","2648a90d7032c268b812fc96620d034c842a39c747a3687866fe4988b52a1e3f","e2bb6beb199bfc576ecf2adc98bc83f014b729be832c4a4f7f2d2e09df552237",7,31,1,0,1.15e-08
"microbiome_2026_hunt","GCST90666639","Gut microbiota relative abundance (hMGS.00165: KLE1615 sp900066985)","taxon:kle1615 sp900066985",12652,"GRCh37","2648a90d7032c268b812fc96620d034c842a39c747a3687866fe4988b52a1e3f","e2bb6beb199bfc576ecf2adc98bc83f014b729be832c4a4f7f2d2e09df552237",7,67,0,0,1.43e-06
"microbiome_2026_hunt","GCST90666640","Gut microbiota relative abundance (hMGS.00167: Bacteroides ovatus)","taxon:bacteroides ovatus",12652,"GRCh37","2648a90d7032c268b812fc96620d034c842a39c747a3687866fe4988b52a1e3f","e2bb6beb199bfc576ecf2adc98bc83f014b729be832c4a4f7f2d2e09df552237",7,46,0,0,9.3e-08
"microbiome_2026_hunt","GCST90666641","Gut microbiota relative abundance (hMGS.00171: Scatacola A faecigallinarum)","taxon:scatacola a faecigallinarum",12652,"GRCh37","2648a90d7032c268b812fc96620d034c842a39c747a3687866fe4988b52a1e3f","e2bb6beb199bfc576ecf2adc98bc83f014b729be832c4a4f7f2d2e09df552237",7,39,0,0,1.08e-07
"microbiome_2026_hunt","GCST90666642","Gut microbiota relative abundance (hMGS.00174: Peptidiphaga sp000466165)","taxon:peptidiphaga sp000466165",12652,"GRCh37","2648a90d7032c268b812fc96620d034c842a39c747a3687866fe4988b52a1e3f","e2bb6beb199bfc576ecf2adc98bc83f014b729be832c4a4f7f2d2e09df552237",7,76,0,0,5.31e-07
"microbiome_2026_hunt","GCST90666643","Gut microbiota relative abundance (hMGS.00178: Faecalibacterium prausnitzii E)","taxon:faecalibacterium prausnitzii e",12652,"GRCh37","2648a90d7032c268b812fc96620d034c842a39c747a3687866fe4988b52a1e3f","e2bb6beb199bfc576ecf2adc98bc83f014b729be832c4a4f7f2d2e09df552237",7,111,0,0,2.61e-07
"microbiome_2026_hunt","GCST90666644","Gut microbiota relative abundance (hMGS.00182: Bacteroides stercoris)","taxon:bacteroides stercoris",12652,"GRCh37","2648a90d7032c268b812fc96620d034c842a39c747a3687866fe4988b52a1e3f","e2bb6beb199bfc576ecf2adc98bc83f014b729be832c4a4f7f2d2e09df552237",7,70,0,0,2.97e-07
"microbiome_2026_hunt","GCST90666645","Gut microbiota relative abundance (hMGS.00183: CAG-313 sp003539625)","taxon:cag-313 sp003539625",12652,"GRCh37","2648a90d7032c268b812fc96620d034c842a39c747a3687866fe4988b52a1e3f","e2bb6beb199bfc576ecf2adc98bc83f014b729be832c4a4f7f2d2e09df552237",7,64,0,0,2.23e-07
"microbiome_2026_hunt","GCST90666646","Gut microbiota relative abundance (hMGS.00184: CAG-95 sp000438155)","taxon:cag-95 sp000438155",12652,"GRCh37","2648a90d7032c268b812fc96620d034c842a39c747a3687866fe4988b52a1e3f","e2bb6beb199bfc576ecf2adc98bc83f014b729be832c4a4f7f2d2e09df552237",7,36,0,0,3.73e-07
"microbiome_2026_hunt","GCST90666647","Gut microbiota relative abundance (hMGS.00185: Clostridium sp900540255)","taxon:clostridium sp900540255",12652,"GRCh37","2648a90d7032c268b812fc96620d034c842a39c747a3687866fe4988b52a1e3f","e2bb6beb199bfc576ecf2adc98bc83f014b729be832c4a4f7f2d2e09df552237",7,249,85,0,1.65e-13
"microbiome_2026_hunt","GCST90666648","Gut microbiota relative abundance (hMGS.00186: Streptococcus thermophilus)","taxon:streptococcus thermophilus",12652,"GRCh37","2648a90d7032c268b812fc96620d034c842a39c747a3687866fe4988b52a1e3f","e2bb6beb199bfc576ecf2adc98bc83f014b729be832c4a4f7f2d2e09df552237",7,95,0,0,1.44e-07
"microbiome_2026_hunt","GCST90666649","Gut microbiota relative abundance (hMGS.00188: Blautia A sp900066335)","taxon:blautia a sp900066335",12652,"GRCh37","2648a90d7032c268b812fc96620d034c842a39c747a3687866fe4988b52a1e3f","e2bb6beb199bfc576ecf2adc98bc83f014b729be832c4a4f7f2d2e09df552237",7,52,0,0,2.16e-07
"microbiome_2026_hunt","GCST90666650","Gut microbiota relative abundance (hMGS.00192: Ruminococcus C callidus)","taxon:ruminococcus c callidus",12652,"GRCh37","2648a90d7032c268b812fc96620d034c842a39c747a3687866fe4988b52a1e3f","e2bb6beb199bfc576ecf2adc98bc83f014b729be832c4a4f7f2d2e09df552237",7,57,0,0,1.59e-07
"microbiome_2026_hunt","GCST90666651","Gut microbiota relative abundance (hMGS.00193: UBA11774 sp003507655)","taxon:uba11774 sp003507655",12652,"GRCh37","2648a90d7032c268b812fc96620d034c842a39c747a3687866fe4988b52a1e3f","e2bb6beb199bfc576ecf2adc98bc83f014b729be832c4a4f7f2d2e09df552237",7,53,0,0,1.79e-07
"microbiome_2026_hunt","GCST90666652","Gut microbiota relative abundance (hMGS.00195: Dysosmobacter sp001916835)","taxon:dysosmobacter sp001916835",12652,"GRCh37","2648a90d7032c268b812fc96620d034c842a39c747a3687866fe4988b52a1e3f","e2bb6beb199bfc576ecf2adc98bc83f014b729be832c4a4f7f2d2e09df552237",7,89,24,0,1.42e-16
"microbiome_2026_hunt","GCST90666653","Gut microbiota relative abundance (hMGS.00197: CAG-314 sp000437915)","taxon:cag-314 sp000437915",12652,"GRCh37","2648a90d7032c268b812fc96620d034c842a39c747a3687866fe4988b52a1e3f","e2bb6beb199bfc576ecf2adc98bc83f014b729be832c4a4f7f2d2e09df552237",8,107,1,0,2.91e-08
"microbiome_2026_hunt","GCST90666654","Gut microbiota relative abundance (hMGS.00202: SDRW01 sp007845485)","taxon:sdrw01 sp007845485",12652,"GRCh37","2648a90d7032c268b812fc96620d034c842a39c747a3687866fe4988b52a1e3f","e2bb6beb199bfc576ecf2adc98bc83f014b729be832c4a4f7f2d2e09df552237",8,38,0,0,9.92e-07
"microbiome_2026_hunt","GCST90666655","Gut microbiota relative abundance (hMGS.00203: Acetatifactor sp003447295)","taxon:acetatifactor sp003447295",12652,"GRCh37","2648a90d7032c268b812fc96620d034c842a39c747a3687866fe4988b52a1e3f","e2bb6beb199bfc576ecf2adc98bc83f014b729be832c4a4f7f2d2e09df552237",8,88,0,0,6.94e-08
"microbiome_2026_hunt","GCST90666656","Gut microbiota relative abundance (hMGS.00205: Bilophila wadsworthia)","taxon:bilophila wadsworthia",12652,"GRCh37","2648a90d7032c268b812fc96620d034c842a39c747a3687866fe4988b52a1e3f","e2bb6beb199bfc576ecf2adc98bc83f014b729be832c4a4f7f2d2e09df552237",8,31,0,0,5.06e-07
"microbiome_2026_hunt","GCST90666657","Gut microbiota relative abundance (hMGS.00208: Eubacterium F sp900539115)","taxon:eubacterium f sp900539115",12652,"GRCh37","2648a90d7032c268b812fc96620d034c842a39c747a3687866fe4988b52a1e3f","e2bb6beb199bfc576ecf2adc98bc83f014b729be832c4a4f7f2d2e09df552237",8,546,6,0,1.6e-08
"microbiome_2026_hunt","GCST90666658","Gut microbiota relative abundance (hMGS.00211: Faecalibacillus faecis)","taxon:faecalibacillus faecis",12652,"GRCh37","2648a90d7032c268b812fc96620d034c842a39c747a3687866fe4988b52a1e3f","e2bb6beb199bfc576ecf2adc98bc83f014b729be832c4a4f7f2d2e09df552237",8,48,0,0,1.04e-07
"microbiome_2026_hunt","GCST90666659","Gut microbiota relative abundance (hMGS.00222: F23-B02 sp001916715)","taxon:f23-b02 sp001916715",12652,"GRCh37","2648a90d7032c268b812fc96620d034c842a39c747a3687866fe4988b52a1e3f","e2bb6beb199bfc576ecf2adc98bc83f014b729be832c4a4f7f2d2e09df552237",8,153,0,0,1.74e-07
"microbiome_2026_hunt","GCST90666660","Gut microbiota relative abundance (hMGS.00223: Phocaeicola coprocola)","taxon:phocaeicola coprocola",12652,"GRCh37","2648a90d7032c268b812fc96620d034c842a39c747a3687866fe4988b52a1e3f","e2bb6beb199bfc576ecf2adc98bc83f014b729be832c4a4f7f2d2e09df552237",8,49,0,0,5.18e-07
"microbiome_2026_hunt","GCST90666661","Gut microbiota relative abundance (hMGS.00224: CAG-170 sp002404795)","taxon:cag-170 sp002404795",12652,"GRCh37","2648a90d7032c268b812fc96620d034c842a39c747a3687866fe4988b52a1e3f","e2bb6beb199bfc576ecf2adc98bc83f014b729be832c4a4f7f2d2e09df552237",8,20,0,0,8.04e-08
"microbiome_2026_hunt","GCST90666662","Gut microbiota relative abundance (hMGS.00226: Bacteroides xylanisolvens)","taxon:bacteroides xylanisolvens",12652,"GRCh37","2648a90d7032c268b812fc96620d034c842a39c747a3687866fe4988b52a1e3f","e2bb6beb199bfc576ecf2adc98bc83f014b729be832c4a4f7f2d2e09df552237",8,62,0,0,2.69e-07
"microbiome_2026_hunt","GCST90666663","Gut microbiota relative abundance (hMGS.00227: CAG-170 sp900545925)","taxon:cag-170 sp900545925",12652,"GRCh37","2648a90d7032c268b812fc96620d034c842a39c747a3687866fe4988b52a1e3f","e2bb6beb199bfc576ecf2adc98bc83f014b729be832c4a4f7f2d2e09df552237",8,197,0,0,8.59e-08
"microbiome_2026_hunt","GCST90666664","Gut microbiota relative abundance (hMGS.00230: Slackia A isoflavoniconvertens)","taxon:slackia a isoflavoniconvertens",12652,"GRCh37","2648a90d7032c268b812fc96620d034c842a39c747a3687866fe4988b52a1e3f","e2bb6beb199bfc576ecf2adc98bc83f014b729be832c4a4f7f2d2e09df552237",8,34,0,0,1.12e-07
"microbiome_2026_hunt","GCST90666665","Gut microbiota relative abundance (hMGS.00232: Ventricola sp900542395)","taxon:ventricola sp900542395",12652,"GRCh37","2648a90d7032c268b812fc96620d034c842a39c747a3687866fe4988b52a1e3f","e2bb6beb199bfc576ecf2adc98bc83f014b729be832c4a4f7f2d2e09df552237",8,50,1,0,3.68e-08
"microbiome_2026_hunt","GCST90666666","Gut microbiota relative abundance (hMGS.00237: Alistipes communis)","taxon:alistipes communis",12652,"GRCh37","2648a90d7032c268b812fc96620d034c842a39c747a3687866fe4988b52a1e3f","e2bb6beb199bfc576ecf2adc98bc83f014b729be832c4a4f7f2d2e09df552237",8,77,0,0,7.93e-07
"microbiome_2026_hunt","GCST90666667","Gut microbiota relative abundance (hMGS.00238: Scatocola faecipullorum)","taxon:scatocola faecipullorum",12652,"GRCh37","2648a90d7032c268b812fc96620d034c842a39c747a3687866fe4988b52a1e3f","e2bb6beb199bfc576ecf2adc98bc83f014b729be832c4a4f7f2d2e09df552237",8,70,2,0,1.39e-08
"microbiome_2026_hunt","GCST90666668","Gut microbiota relative abundance (hMGS.00241: CAG-245 sp000435175)","taxon:cag-245 sp000435175",12652,"GRCh37","2648a90d7032c268b812fc96620d034c842a39c747a3687866fe4988b52a1e3f","e2bb6beb199bfc576ecf2adc98bc83f014b729be832c4a4f7f2d2e09df552237",8,56,0,0,4.82e-07
"microbiome_2026_hunt","GCST90666669","Gut microbiota relative abundance (hMGS.00252: Dysosmobacter welbionis)","taxon:dysosmobacter welbionis",12652,"GRCh37","2648a90d7032c268b812fc96620d034c842a39c747a3687866fe4988b52a1e3f","e2bb6beb199bfc576ecf2adc98bc83f014b729be832c4a4f7f2d2e09df552237",9,266,11,0,1.25e-09
"microbiome_2026_hunt","GCST90666670","Gut microbiota relative abundance (hMGS.00254: Mediterraneibacter torques)","taxon:mediterraneibacter torques",12652,"GRCh37","2648a90d7032c268b812fc96620d034c842a39c747a3687866fe4988b52a1e3f","e2bb6beb199bfc576ecf2adc98bc83f014b729be832c4a4f7f2d2e09df552237",9,241,74,0,2.36e-18
"microbiome_2026_hunt","GCST90666671","Gut microbiota relative abundance (hMGS.00257: Anaerostipes hadrus A)","taxon:anaerostipes hadrus a",12652,"GRCh37","2648a90d7032c268b812fc96620d034c842a39c747a3687866fe4988b52a1e3f","e2bb6beb199bfc576ecf2adc98bc83f014b729be832c4a4f7f2d2e09df552237",9,33,1,0,4.96e-08
"microbiome_2026_hunt","GCST90666672","Gut microbiota relative abundance (hMGS.00259: Coprococcus sp000154245)","taxon:coprococcus sp000154245",12652,"GRCh37","2648a90d7032c268b812fc96620d034c842a39c747a3687866fe4988b52a1e3f","e2bb6beb199bfc576ecf2adc98bc83f014b729be832c4a4f7f2d2e09df552237",9,41,2,0,1.03e-08
"microbiome_2026_hunt","GCST90666673","Gut microbiota relative abundance (hMGS.00261: Bacteroides cellulosilyticus)","taxon:bacteroides cellulosilyticus",12652,"GRCh37","2648a90d7032c268b812fc96620d034c842a39c747a3687866fe4988b52a1e3f","e2bb6beb199bfc576ecf2adc98bc83f014b729be832c4a4f7f2d2e09df552237",9,51,0,0,1.77e-06
"microbiome_2026_hunt","GCST90666674","Gut microbiota relative abundance (hMGS.00262: Butyribacter intestini)","taxon:butyribacter intestini",12652,"GRCh37","2648a90d7032c268b812fc96620d034c842a39c747a3687866fe4988b52a1e3f","e2bb6beb199bfc576ecf2adc98bc83f014b729be832c4a4f7f2d2e09df552237",9,46,0,0,1.12e-06
"microbiome_2026_hunt","GCST90666675","Gut microbiota relative abundance (hMGS.00265: Parabacteroides merdae)","taxon:parabacteroides merdae",12652,"GRCh37","2648a90d7032c268b812fc96620d034c842a39c747a3687866fe4988b52a1e3f","e2bb6beb199bfc576ecf2adc98bc83f014b729be832c4a4f7f2d2e09df552237",9,30,0,0,1.22e-06
"microbiome_2026_hunt","GCST90666676","Gut microbiota relative abundance (hMGS.00267: Ellagibacter isourolithinifaciens)","taxon:ellagibacter isourolithinifaciens",12652,"GRCh37","2648a90d7032c268b812fc96620d034c842a39c747a3687866fe4988b52a1e3f","e2bb6beb199bfc576ecf2adc98bc83f014b729be832c4a4f7f2d2e09df552237",9,164,0,0,8.55e-08
"microbiome_2026_hunt","GCST90666677","Gut microbiota relative abundance (hMGS.00269: Blautia A sp000436615)","taxon:blautia a sp000436615",12652,"GRCh37","2648a90d7032c268b812fc96620d034c842a39c747a3687866fe4988b52a1e3f","e2bb6beb199bfc576ecf2adc98bc83f014b729be832c4a4f7f2d2e09df552237",9,223,0,0,3.24e-07
"microbiome_2026_hunt","GCST90666678","Gut microbiota relative abundance (hMGS.00275: Acutalibacter ornithocaccae)","taxon:acutalibacter ornithocaccae",12652,"GRCh37","2648a90d7032c268b812fc96620d034c842a39c747a3687866fe4988b52a1e3f","e2bb6beb199bfc576ecf2adc98bc83f014b729be832c4a4f7f2d2e09df552237",9,366,0,0,5.09e-08
"microbiome_2026_hunt","GCST90666679","Gut microbiota relative abundance (hMGS.00276: Bacteroides caccae)","taxon:bacteroides caccae",12652,"GRCh37","2648a90d7032c268b812fc96620d034c842a39c747a3687866fe4988b52a1e3f","e2bb6beb199bfc576ecf2adc98bc83f014b729be832c4a4f7f2d2e09df552237",9,81,0,0,2.01e-07
"microbiome_2026_hunt","GCST90666680","Gut microbiota relative abundance (hMGS.00285: Blautia A faecis)","taxon:blautia a faecis",12652,"GRCh37","2648a90d7032c268b812fc96620d034c842a39c747a3687866fe4988b52a1e3f","e2bb6beb199bfc576ecf2adc98bc83f014b729be832c4a4f7f2d2e09df552237",9,70,0,0,5.38e-07
"microbiome_2026_hunt","GCST90666681","Gut microbiota relative abundance (hMGS.00288: Alistipes avistercoris)","taxon:alistipes avistercoris",12652,"GRCh37","2648a90d7032c268b812fc96620d034c842a39c747a3687866fe4988b52a1e3f","e2bb6beb199bfc576ecf2adc98bc83f014b729be832c4a4f7f2d2e09df552237",9,108,0,0,2.22e-07
"microbiome_2026_hunt","GCST90666682","Gut microbiota relative abundance (hMGS.00290: Faecalibacterium prausnitzii J)","taxon:faecalibacterium prausnitzii j",12652,"GRCh37","2648a90d7032c268b812fc96620d034c842a39c747a3687866fe4988b52a1e3f","e2bb6beb199bfc576ecf2adc98bc83f014b729be832c4a4f7f2d2e09df552237",9,75,2,0,2.61e-09
"microbiome_2026_hunt","GCST90666683","Gut microbiota relative abundance (hMGS.00295: Gemmiger sp900539695)","taxon:gemmiger sp900539695",12652,"GRCh37","2648a90d7032c268b812fc96620d034c842a39c747a3687866fe4988b52a1e3f","e2bb6beb199bfc576ecf2adc98bc83f014b729be832c4a4f7f2d2e09df552237",9,115,0,0,9.04e-08
"microbiome_2026_hunt","GCST90666684","Gut microbiota relative abundance (hMGS.00301: Phocaeicola dorei)","taxon:phocaeicola dorei",12652,"GRCh37","2648a90d7032c268b812fc96620d034c842a39c747a3687866fe4988b52a1e3f","e2bb6beb199bfc576ecf2adc98bc83f014b729be832c4a4f7f2d2e09df552237",9,50,0,0,1.65e-07
"microbiome_2026_hunt","GCST90666685","Gut microbiota relative abundance (hMGS.00304: Dorea A longicatena B)","taxon:dorea a longicatena b",12652,"GRCh37","2648a90d7032c268b812fc96620d034c842a39c747a3687866fe4988b52a1e3f","e2bb6beb199bfc576ecf2adc98bc83f014b729be832c4a4f7f2d2e09df552237",10,56,0,0,1.94e-07
"microbiome_2026_hunt","GCST90666686","Gut microbiota relative abundance (hMGS.00305: Gemmiger sp900540595)","taxon:gemmiger sp900540595",12652,"GRCh37","2648a90d7032c268b812fc96620d034c842a39c747a3687866fe4988b52a1e3f","e2bb6beb199bfc576ecf2adc98bc83f014b729be832c4a4f7f2d2e09df552237",10,141,0,0,7.84e-08
"microbiome_2026_hunt","GCST90666687","Gut microbiota relative abundance (hMGS.00306: Gemmiger sp900540775)","taxon:gemmiger sp900540775",12652,"GRCh37","2648a90d7032c268b812fc96620d034c842a39c747a3687866fe4988b52a1e3f","e2bb6beb199bfc576ecf2adc98bc83f014b729be832c4a4f7f2d2e09df552237",10,96,0,0,4.73e-07
"microbiome_2026_hunt","GCST90666688","Gut microbiota relative abundance (hMGS.00308: Oliverpabstia intestinalis)","taxon:oliverpabstia intestinalis",12652,"GRCh37","2648a90d7032c268b812fc96620d034c842a39c747a3687866fe4988b52a1e3f","e2bb6beb199bfc576ecf2adc98bc83f014b729be832c4a4f7f2d2e09df552237",10,191,0,0,3.13e-07
"microbiome_2026_hunt","GCST90666689","Gut microbiota relative abundance (hMGS.00310: Faecalibacterium sp900758465)","taxon:faecalibacterium sp900758465",12652,"GRCh37","2648a90d7032c268b812fc96620d034c842a39c747a3687866fe4988b52a1e3f","e2bb6beb199bfc576ecf2adc98bc83f014b729be832c4a4f7f2d2e09df552237",10,59,0,0,5.95e-07
"microbiome_2026_hunt","GCST90666690","Gut microbiota relative abundance (hMGS.00311: Negativibacillus sp000435195)","taxon:negativibacillus sp000435195",12652,"GRCh37","2648a90d7032c268b812fc96620d034c842a39c747a3687866fe4988b52a1e3f","e2bb6beb199bfc576ecf2adc98bc83f014b729be832c4a4f7f2d2e09df552237",10,60,0,0,4.29e-07
"microbiome_2026_hunt","GCST90666691","Gut microbiota relative abundance (hMGS.00322: ER4 sp003522105)","taxon:er4 sp003522105",12652,"GRCh37","2648a90d7032c268b812fc96620d034c842a39c747a3687866fe4988b52a1e3f","e2bb6beb199bfc576ecf2adc98bc83f014b729be832c4a4f7f2d2e09df552237",10,175,0,0,8.92e-08
"microbiome_2026_hunt","GCST90666692","Gut microbiota relative abundance (hMGS.00324: Limiplasma merdipullorum)","taxon:limiplasma merdipullorum",12652,"GRCh37","2648a90d7032c268b812fc96620d034c842a39c747a3687866fe4988b52a1e3f","e2bb6beb199bfc576ecf2adc98bc83f014b729be832c4a4f7f2d2e09df552237",10,29,0,0,4.87e-07
"microbiome_2026_hunt","GCST90666693","Gut microbiota relative abundance (hMGS.00327: Intestinibacter bartlettii)","taxon:intestinibacter bartlettii",12652,"GRCh37","2648a90d7032c268b812fc96620d034c842a39c747a3687866fe4988b52a1e3f","e2bb6beb199bfc576ecf2adc98bc83f014b729be832c4a4f7f2d2e09df552237",10,93,0,0,2.53e-07
"microbiome_2026_hunt","GCST90666694","Gut microbiota relative abundance (hMGS.00331: Copromonas sp900066785)","taxon:copromonas sp900066785",12652,"GRCh37","2648a90d7032c268b812fc96620d034c842a39c747a3687866fe4988b52a1e3f","e2bb6beb199bfc576ecf2adc98bc83f014b729be832c4a4f7f2d2e09df552237",10,63,0,0,1.37e-07
"microbiome_2026_hunt","GCST90666695","Gut microbiota relative abundance (hMGS.00332: Enterocloster sp900541315)","taxon:enterocloster sp900541315",12652,"GRCh37","2648a90d7032c268b812fc96620d034c842a39c747a3687866fe4988b52a1e3f","e2bb6beb199bfc576ecf2adc98bc83f014b729be832c4a4f7f2d2e09df552237",10,39,0,0,3.79e-07
"microbiome_2026_hunt","GCST90666696","Gut microbiota relative abundance (hMGS.00335: Actinomyces sp000220835)","taxon:actinomyces sp000220835",12652,"GRCh37","2648a90d7032c268b812fc96620d034c842a39c747a3687866fe4988b52a1e3f","e2bb6beb199bfc576ecf2adc98bc83f014b729be832c4a4f7f2d2e09df552237",10,46,0,0,2.96e-07
"microbiome_2026_hunt","GCST90666697","Gut microbiota relative abundance (hMGS.00336: Angelakisella sp900547385)","taxon:angelakisella sp900547385",12652,"GRCh37","2648a90d7032c268b812fc96620d034c842a39c747a3687866fe4988b52a1e3f","e2bb6beb199bfc576ecf2adc98bc83f014b729be832c4a4f7f2d2e09df552237",10,146,0,0,7.18e-07
"microbiome_2026_hunt","GCST90666698","Gut microbiota relative abundance (hMGS.00341: Enterocloster bolteae)","taxon:enterocloster bolteae",12652,"GRCh37","2648a90d7032c268b812fc96620d034c842a39c747a3687866fe4988b52a1e3f","e2bb6beb199bfc576ecf2adc98bc83f014b729be832c4a4f7f2d2e09df552237",10,78,0,0,1.57e-07
"microbiome_2026_hunt","GCST90666699","Gut microbiota relative abundance (hMGS.00342: UBA738 sp003522945)","taxon:uba738 sp003522945",12652,"GRCh37","2648a90d7032c268b812fc96620d034c842a39c747a3687866fe4988b52a1e3f","e2bb6beb199bfc576ecf2adc98bc83f014b729be832c4a4f7f2d2e09df552237",10,45,0,0,6.51e-08
"microbiome_2026_hunt","GCST90666700","Gut microbiota relative abundance (hMGS.00346: Agathobaculum sp003481705)","taxon:agathobaculum sp003481705",12652,"GRCh37","2648a90d7032c268b812fc96620d034c842a39c747a3687866fe4988b52a1e3f","e2bb6beb199bfc576ecf2adc98bc83f014b729be832c4a4f7f2d2e09df552237",10,143,0,0,5.55e-07
"microbiome_2026_hunt","GCST90666701","Gut microbiota relative abundance (hMGS.00348: Bifidobacterium dentium)","taxon:bifidobacterium dentium",12652,"GRCh37","2648a90d7032c268b812fc96620d034c842a39c747a3687866fe4988b52a1e3f","e2bb6beb199bfc576ecf2adc98bc83f014b729be832c4a4f7f2d2e09df552237",11,54,0,0,1.49e-07
"microbiome_2026_hunt","GCST90666702","Gut microbiota relative abundance (hMGS.00351: SFMI01 sp004556155)","taxon:sfmi01 sp004556155",12652,"GRCh37","2648a90d7032c268b812fc96620d034c842a39c747a3687866fe4988b52a1e3f","e2bb6beb199bfc576ecf2adc98bc83f014b729be832c4a4f7f2d2e09df552237",11,36,0,0,5.63e-07
"microbiome_2026_hunt","GCST90666703","Gut microbiota relative abundance (hMGS.00355: Clostridium A leptum)","taxon:clostridium a leptum",12652,"GRCh37","2648a90d7032c268b812fc96620d034c842a39c747a3687866fe4988b52a1e3f","e2bb6beb199bfc576ecf2adc98bc83f014b729be832c4a4f7f2d2e09df552237",11,52,0,0,7.02e-07
"microbiome_2026_hunt","GCST90666704","Gut microbiota relative abundance (hMGS.00357: Scatomorpha sp900545405)","taxon:scatomorpha sp900545405",12652,"GRCh37","2648a90d7032c268b812fc96620d034c842a39c747a3687866fe4988b52a1e3f","e2bb6beb199bfc576ecf2adc98bc83f014b729be832c4a4f7f2d2e09df552237",11,150,0,0,1.05e-06
"microbiome_2026_hunt","GCST90666705","Gut microbiota relative abundance (hMGS.00358: Alistipes A ihumii)","taxon:alistipes a ihumii",12652,"GRCh37","2648a90d7032c268b812fc96620d034c842a39c747a3687866fe4988b52a1e3f","e2bb6beb199bfc576ecf2adc98bc83f014b729be832c4a4f7f2d2e09df552237",11,37,0,0,4.72e-07
"microbiome_2026_hunt","GCST90666706","Gut microbiota relative abundance (hMGS.00359: Blautia A caecimuris)","taxon:blautia a caecimuris",12652,"GRCh37","2648a90d7032c268b812fc96620d034c842a39c747a3687866fe4988b52a1e3f","e2bb6beb199bfc576ecf2adc98bc83f014b729be832c4a4f7f2d2e09df552237",11,240,32,0,1.75e-10
"microbiome_2026_hunt","GCST90666707","Gut microbiota relative abundance (hMGS.00365: Phocaeicola massiliensis)","taxon:phocaeicola massiliensis",12652,"GRCh37","2648a90d7032c268b812fc96620d034c842a39c747a3687866fe4988b52a1e3f","e2bb6beb199bfc576ecf2adc98bc83f014b729be832c4a4f7f2d2e09df552237",11,93,0,0,3.52e-07
"microbiome_2026_hunt","GCST90666708","Gut microbiota relative abundance (hMGS.00368: Butyricimonas virosa)","taxon:butyricimonas virosa",12652,"GRCh37","2648a90d7032c268b812fc96620d034c842a39c747a3687866fe4988b52a1e3f","e2bb6beb199bfc576ecf2adc98bc83f014b729be832c4a4f7f2d2e09df552237",11,33,0,0,1.28e-06
"microbiome_2026_hunt","GCST90666709","Gut microbiota relative abundance (hMGS.00370: Clostridium AQ innocuum)","taxon:clostridium aq innocuum",12652,"GRCh37","2648a90d7032c268b812fc96620d034c842a39c747a3687866fe4988b52a1e3f","e2bb6beb199bfc576ecf2adc98bc83f014b729be832c4a4f7f2d2e09df552237",11,43,0,0,1.05e-06
"microbiome_2026_hunt","GCST90666710","Gut microbiota relative abundance (hMGS.00391: CAG-170 sp003516765)","taxon:cag-170 sp003516765",12652,"GRCh37","2648a90d7032c268b812fc96620d034c842a39c747a3687866fe4988b52a1e3f","e2bb6beb199bfc576ecf2adc98bc83f014b729be832c4a4f7f2d2e09df552237",11,88,6,0,2.69e-08
"microbiome_2026_hunt","GCST90666711","Gut microbiota relative abundance (hMGS.00392: CAG-273 sp000438355)","taxon:cag-273 sp000438355",12652,"GRCh37","2648a90d7032c268b812fc96620d034c842a39c747a3687866fe4988b52a1e3f","e2bb6beb199bfc576ecf2adc98bc83f014b729be832c4a4f7f2d2e09df552237",11,38,0,0,4.38e-07
"microbiome_2026_hunt","GCST90666712","Gut microbiota relative abundance (hMGS.00396: Lachnospira sp003451515)","taxon:lachnospira sp003451515",12652,"GRCh37","2648a90d7032c268b812fc96620d034c842a39c747a3687866fe4988b52a1e3f","e2bb6beb199bfc576ecf2adc98bc83f014b729be832c4a4f7f2d2e09df552237",11,69,0,0,2.7e-07
"microbiome_2026_hunt","GCST90666713","Gut microbiota relative abundance (hMGS.00398: UBA644 sp900547165)","taxon:uba644 sp900547165",12652,"GRCh37","2648a90d7032c268b812fc96620d034c842a39c747a3687866fe4988b52a1e3f","e2bb6beb199bfc576ecf2adc98bc83f014b729be832c4a4f7f2d2e09df552237",11,67,0,0,3.41e-07
"microbiome_2026_hunt","GCST90666714","Gut microbiota relative abundance (hMGS.00400: CAG-448 sp003150135)","taxon:cag-448 sp003150135",12652,"GRCh37","2648a90d7032c268b812fc96620d034c842a39c747a3687866fe4988b52a1e3f","e2bb6beb199bfc576ecf2adc98bc83f014b729be832c4a4f7f2d2e09df552237",11,74,0,0,1.21e-06
"microbiome_2026_hunt","GCST90666715","Gut microbiota relative abundance (hMGS.00403: Faecalibacterium sp900539945)","taxon:faecalibacterium sp900539945",12652,"GRCh37","2648a90d7032c268b812fc96620d034c842a39c747a3687866fe4988b52a1e3f","e2bb6beb199bfc576ecf2adc98bc83f014b729be832c4a4f7f2d2e09df552237",11,70,0,0,2.97e-07
"microbiome_2026_hunt","GCST90666716","Gut microbiota relative abundance (hMGS.00407: Alloscardovia omnicolens)","taxon:alloscardovia omnicolens",12652,"GRCh37","2648a90d7032c268b812fc96620d034c842a39c747a3687866fe4988b52a1e3f","e2bb6beb199bfc576ecf2adc98bc83f014b729be832c4a4f7f2d2e09df552237",11,167,0,0,5.77e-08
"microbiome_2026_hunt","GCST90666717","Gut microbiota relative abundance (hMGS.00408: Coprococcus A catus)","taxon:coprococcus a catus",12652,"GRCh37","2648a90d7032c268b812fc96620d034c842a39c747a3687866fe4988b52a1e3f","e2bb6beb199bfc576ecf2adc98bc83f014b729be832c4a4f7f2d2e09df552237",12,44,0,0,2.94e-07
"microbiome_2026_hunt","GCST90666718","Gut microbiota relative abundance (hMGS.00409: Copromonas sp000435795)","taxon:copromonas sp000435795",12652,"GRCh37","2648a90d7032c268b812fc96620d034c842a39c747a3687866fe4988b52a1e3f","e2bb6beb199bfc576ecf2adc98bc83f014b729be832c4a4f7f2d2e09df552237",12,235,46,0,4.71e-10
"microbiome_2026_hunt","GCST90666719","Gut microbiota relative abundance (hMGS.00417: Dorea formicigenerans)","taxon:dorea formicigenerans",12652,"GRCh37","2648a90d7032c268b812fc96620d034c842a39c747a3687866fe4988b52a1e3f","e2bb6beb199bfc576ecf2adc98bc83f014b729be832c4a4f7f2d2e09df552237",12,83,0,0,7.57e-08
"microbiome_2026_hunt","GCST90666720","Gut microbiota relative abundance (hMGS.00421: Anaerobutyricum soehngenii)","taxon:anaerobutyricum soehngenii",12652,"GRCh37","2648a90d7032c268b812fc96620d034c842a39c747a3687866fe4988b52a1e3f","e2bb6beb199bfc576ecf2adc98bc83f014b729be832c4a4f7f2d2e09df552237",12,135,1,0,2.06e-08
"microbiome_2026_hunt","GCST90666721","Gut microbiota relative abundance (hMGS.00423: Clostridium Q symbiosum)","taxon:clostridium q symbiosum",12652,"GRCh37","2648a90d7032c268b812fc96620d034c842a39c747a3687866fe4988b52a1e3f","e2bb6beb199bfc576ecf2adc98bc83f014b729be832c4a4f7f2d2e09df552237",12,74,0,0,1.35e-06
"microbiome_2026_hunt","GCST90666722","Gut microbiota relative abundance (hMGS.00424: Clostridium sp000435835)","taxon:clostridium sp000435835",12652,"GRCh37","2648a90d7032c268b812fc96620d034c842a39c747a3687866fe4988b52a1e3f","e2bb6beb199bfc576ecf2adc98bc83f014b729be832c4a4f7f2d2e09df552237",12,32,0,0,9.65e-07
"microbiome_2026_hunt","GCST90666723","Gut microbiota relative abundance (hMGS.00426: Lacticaseibacillus paracasei)","taxon:lacticaseibacillus paracasei",12652,"GRCh37","2648a90d7032c268b812fc96620d034c842a39c747a3687866fe4988b52a1e3f","e2bb6beb199bfc576ecf2adc98bc83f014b729be832c4a4f7f2d2e09df552237",12,30,0,0,1.09e-07
"microbiome_2026_hunt","GCST90666724","Gut microbiota relative abundance (hMGS.00432: Bacteroides eggerthii)","taxon:bacteroides eggerthii",12652,"GRCh37","2648a90d7032c268b812fc96620d034c842a39c747a3687866fe4988b52a1e3f","e2bb6beb199bfc576ecf2adc98bc83f014b729be832c4a4f7f2d2e09df552237",12,60,0,0,1.12e-06
"microbiome_2026_hunt","GCST90666725","Gut microbiota relative abundance (hMGS.00436: Coprobacter fastidiosus)","taxon:coprobacter fastidiosus",12652,"GRCh37","2648a90d7032c268b812fc96620d034c842a39c747a3687866fe4988b52a1e3f","e2bb6beb199bfc576ecf2adc98bc83f014b729be832c4a4f7f2d2e09df552237",12,38,0,0,3.14e-07
"microbiome_2026_hunt","GCST90666726","Gut microbiota relative abundance (hMGS.00439: Bariatricus comes)","taxon:bariatricus comes",12652,"GRCh37","2648a90d7032c268b812fc96620d034c842a39c747a3687866fe4988b52a1e3f","e2bb6beb199bfc576ecf2adc98bc83f014b729be832c4a4f7f2d2e09df552237",12,33,0,0,1e-06
"microbiome_2026_hunt","GCST90666727","Gut microbiota relative abundance (hMGS.00440: CAG-45 sp000438375)","taxon:cag-45 sp000438375",12652,"GRCh37","2648a90d7032c268b812fc96620d034c842a39c747a3687866fe4988b52a1e3f","e2bb6beb199bfc576ecf2adc98bc83f014b729be832c4a4f7f2d2e09df552237",12,26,0,0,2.02e-07
"microbiome_2026_hunt","GCST90666728","Gut microbiota relative abundance (hMGS.00445: UBA737 sp900549055)","taxon:uba737 sp900549055",12652,"GRCh37","2648a90d7032c268b812fc96620d034c842a39c747a3687866fe4988b52a1e3f","e2bb6beb199bfc576ecf2adc98bc83f014b729be832c4a4f7f2d2e09df552237",12,218,0,0,7.25e-08
"microbiome_2026_hunt","GCST90666729","Gut microbiota relative abundance (hMGS.00453: Alistipes A indistinctus)","taxon:alistipes a indistinctus",12652,"GRCh37","2648a90d7032c268b812fc96620d034c842a39c747a3687866fe4988b52a1e3f","e2bb6beb199bfc576ecf2adc98bc83f014b729be832c4a4f7f2d2e09df552237",12,96,0,0,1.87e-07
"microbiome_2026_hunt","GCST90666730","Gut microbiota relative abundance (hMGS.00455: CAG-95 sp900066375)","taxon:cag-95 sp900066375",12652,"GRCh37","2648a90d7032c268b812fc96620d034c842a39c747a3687866fe4988b52a1e3f","e2bb6beb199bfc576ecf2adc98bc83f014b729be832c4a4f7f2d2e09df552237",12,62,0,0,4.26e-07
"microbiome_2026_hunt","GCST90666731","Gut microbiota relative abundance (hMGS.00457: Faecalibacterium prausnitzii I)","taxon:faecalibacterium prausnitzii i",12652,"GRCh37","2648a90d7032c268b812fc96620d034c842a39c747a3687866fe4988b52a1e3f","e2bb6beb199bfc576ecf2adc98bc83f014b729be832c4a4f7f2d2e09df552237",12,56,0,0,3.45e-07
"microbiome_2026_hunt","GCST90666732","Gut microbiota relative abundance (hMGS.00460: Ruthenibacterium merdipullorum)","taxon:ruthenibacterium merdipullorum",12652,"GRCh37","2648a90d7032c268b812fc96620d034c842a39c747a3687866fe4988b52a1e3f","e2bb6beb199bfc576ecf2adc98bc83f014b729be832c4a4f7f2d2e09df552237",12,46,0,0,6.19e-07
"microbiome_2026_hunt","GCST90666733","Gut microbiota relative abundance (hMGS.00464: CAG-196 sp002102975)","taxon:cag-196 sp002102975",12652,"GRCh37","2648a90d7032c268b812fc96620d034c842a39c747a3687866fe4988b52a1e3f","e2bb6beb199bfc576ecf2adc98bc83f014b729be832c4a4f7f2d2e09df552237",13,45,0,0,7.48e-07
"microbiome_2026_hunt","GCST90666734","Gut microbiota relative abundance (hMGS.00470: Akkermansia muciniphila B)","taxon:akkermansia muciniphila b",12652,"GRCh37","2648a90d7032c268b812fc96620d034c842a39c747a3687866fe4988b52a1e3f","e2bb6beb199bfc576ecf2adc98bc83f014b729be832c4a4f7f2d2e09df552237",13,118,0,0,8.31e-07
"microbiome_2026_hunt","GCST90666735","Gut microbiota relative abundance (hMGS.00485: Fimisoma sp000435715)","taxon:fimisoma sp000435715",12652,"GRCh37","2648a90d7032c268b812fc96620d034c842a39c747a3687866fe4988b52a1e3f","e2bb6beb199bfc576ecf2adc98bc83f014b729be832c4a4f7f2d2e09df552237",13,25,0,0,1.72e-07
"microbiome_2026_hunt","GCST90666736","Gut microbiota relative abundance (hMGS.00486: Lawsonibacter asaccharolyticus)","taxon:lawsonibacter asaccharolyticus",12652,"GRCh37","2648a90d7032c268b812fc96620d034c842a39c747a3687866fe4988b52a1e3f","e2bb6beb199bfc576ecf2adc98bc83f014b729be832c4a4f7f2d2e09df552237",13,179,0,0,5.9e-07
"microbiome_2026_hunt","GCST90666737","Gut microbiota relative abundance (hMGS.00492: UMGS1312 sp900550625)","taxon:umgs1312 sp900550625",12652,"GRCh37","2648a90d7032c268b812fc96620d034c842a39c747a3687866fe4988b52a1e3f","e2bb6beb199bfc576ecf2adc98bc83f014b729be832c4a4f7f2d2e09df552237",13,73,0,0,6.06e-07
"microbiome_2026_hunt","GCST90666738","Gut microbiota relative abundance (hMGS.00498: Faecousia sp900546075)","taxon:faecousia sp900546075",12652,"GRCh37","2648a90d7032c268b812fc96620d034c842a39c747a3687866fe4988b52a1e3f","e2bb6beb199bfc576ecf2adc98bc83f014b729be832c4a4f7f2d2e09df552237",13,115,0,0,2.5e-07
"microbiome_2026_hunt","GCST90666739","Gut microbiota relative abundance (hMGS.00503: Rothia mucilaginosa A)","taxon:rothia mucilaginosa a",12652,"GRCh37","2648a90d7032c268b812fc96620d034c842a39c747a3687866fe4988b52a1e3f","e2bb6beb199bfc576ecf2adc98bc83f014b729be832c4a4f7f2d2e09df552237",13,43,0,0,1.26e-07
"microbiome_2026_hunt","GCST90666740","Gut microbiota relative abundance (hMGS.00504: Streptococcus mutans)","taxon:streptococcus mutans",12652,"GRCh37","2648a90d7032c268b812fc96620d034c842a39c747a3687866fe4988b52a1e3f","e2bb6beb199bfc576ecf2adc98bc83f014b729be832c4a4f7f2d2e09df552237",13,47,0,0,2.21e-07
"microbiome_2026_hunt","GCST90666741","Gut microbiota relative abundance (hMGS.00506: Eubacterium F sp000433735)","taxon:eubacterium f sp000433735",12652,"GRCh37","2648a90d7032c268b812fc96620d034c842a39c747a3687866fe4988b52a1e3f","e2bb6beb199bfc576ecf2adc98bc83f014b729be832c4a4f7f2d2e09df552237",13,63,30,0,9.04e-09
"microbiome_2026_hunt","GCST90666742","Gut microbiota relative abundance (hMGS.00511: Bacteroides clarus)","taxon:bacteroides clarus",12652,"GRCh37","2648a90d7032c268b812fc96620d034c842a39c747a3687866fe4988b52a1e3f","e2bb6beb199bfc576ecf2adc98bc83f014b729be832c4a4f7f2d2e09df552237",13,105,1,0,4.2e-08
"microbiome_2026_hunt","GCST90666743","Gut microbiota relative abundance (hMGS.00526: Agathobacter sp000434275)","taxon:agathobacter sp000434275",12652,"GRCh37","2648a90d7032c268b812fc96620d034c842a39c747a3687866fe4988b52a1e3f","e2bb6beb199bfc576ecf2adc98bc83f014b729be832c4a4f7f2d2e09df552237",13,652,222,0,9.76e-11
"microbiome_2026_hunt","GCST90666744","Gut microbiota relative abundance (hMGS.00560: Blautia A sp900066145)","taxon:blautia a sp900066145",12652,"GRCh37","2648a90d7032c268b812fc96620d034c842a39c747a3687866fe4988b52a1e3f","e2bb6beb199bfc576ecf2adc98bc83f014b729be832c4a4f7f2d2e09df552237",13,36,0,0,5.34e-07
"microbiome_2026_hunt","GCST90666745","Gut microbiota relative abundance (hMGS.00565: Parabacteroides goldsteinii)","taxon:parabacteroides goldsteinii",12652,"GRCh37","2648a90d7032c268b812fc96620d034c842a39c747a3687866fe4988b52a1e3f","e2bb6beb199bfc576ecf2adc98bc83f014b729be832c4a4f7f2d2e09df552237",13,125,0,0,1.14e-07
"microbiome_2026_hunt","GCST90666746","Gut microbiota relative abundance (hMGS.00566: Rothia dentocariosa)","taxon:rothia dentocariosa",12652,"GRCh37","2648a90d7032c268b812fc96620d034c842a39c747a3687866fe4988b52a1e3f","e2bb6beb199bfc576ecf2adc98bc83f014b729be832c4a4f7f2d2e09df552237",13,72,0,0,1.63e-06
"microbiome_2026_hunt","GCST90666747","Gut microbiota relative abundance (hMGS.00582: QAMH01 sp900544245)","taxon:qamh01 sp900544245",12652,"GRCh37","2648a90d7032c268b812fc96620d034c842a39c747a3687866fe4988b52a1e3f","e2bb6beb199bfc576ecf2adc98bc83f014b729be832c4a4f7f2d2e09df552237",13,146,1,0,4.15e-08
"microbiome_2026_hunt","GCST90666748","Gut microbiota relative abundance (hMGS.00583: Romboutsia timonensis)","taxon:romboutsia timonensis",12652,"GRCh37","2648a90d7032c268b812fc96620d034c842a39c747a3687866fe4988b52a1e3f","e2bb6beb199bfc576ecf2adc98bc83f014b729be832c4a4f7f2d2e09df552237",13,207,29,0,1.35e-09
"microbiome_2026_hunt","GCST90666749","Gut microbiota relative abundance (hMGS.00590: CAG-238 sp900551415)","taxon:cag-238 sp900551415",12652,"GRCh37","2648a90d7032c268b812fc96620d034c842a39c747a3687866fe4988b52a1e3f","e2bb6beb199bfc576ecf2adc98bc83f014b729be832c4a4f7f2d2e09df552237",14,45,0,0,2.29e-07
"microbiome_2026_hunt","GCST90666750","Gut microbiota relative abundance (hMGS.00595: Onthomonas sp900545815)","taxon:onthomonas sp900545815",12652,"GRCh37","2648a90d7032c268b812fc96620d034c842a39c747a3687866fe4988b52a1e3f","e2bb6beb199bfc576ecf2adc98bc83f014b729be832c4a4f7f2d2e09df552237",14,141,5,0,1.85e-08
"microbiome_2026_hunt","GCST90666751","Gut microbiota relative abundance (hMGS.00597: Ruminococcus C sp000980705)","taxon:ruminococcus c sp000980705",12652,"GRCh37","2648a90d7032c268b812fc96620d034c842a39c747a3687866fe4988b52a1e3f","e2bb6beb199bfc576ecf2adc98bc83f014b729be832c4a4f7f2d2e09df552237",14,68,0,0,2.72e-07
"microbiome_2026_hunt","GCST90666752","Gut microbiota relative abundance (hMGS.00598: Scatomorpha intestinigallinarum)","taxon:scatomorpha intestinigallinarum",12652,"GRCh37","2648a90d7032c268b812fc96620d034c842a39c747a3687866fe4988b52a1e3f","e2bb6beb199bfc576ecf2adc98bc83f014b729be832c4a4f7f2d2e09df552237",14,37,0,0,4.38e-07
"microbiome_2026_hunt","GCST90666753","Gut microbiota relative abundance (hMGS.00599: Sellimonas intestinalis)","taxon:sellimonas intestinalis",12652,"GRCh37","2648a90d7032c268b812fc96620d034c842a39c747a3687866fe4988b52a1e3f","e2bb6beb199bfc576ecf2adc98bc83f014b729be832c4a4f7f2d2e09df552237",14,53,0,0,7.29e-07
"microbiome_2026_hunt","GCST90666754","Gut microbiota relative abundance (hMGS.00609: Limiplasma sp900548145)","taxon:limiplasma sp900548145",12652,"GRCh37","2648a90d7032c268b812fc96620d034c842a39c747a3687866fe4988b52a1e3f","e2bb6beb199bfc576ecf2adc98bc83f014b729be832c4a4f7f2d2e09df552237",14,54,0,0,9.16e-07
"microbiome_2026_hunt","GCST90666755","Gut microbiota relative abundance (hMGS.00636: Alistipes A pullistercoris)","taxon:alistipes a pullistercoris",12652,"GRCh37","2648a90d7032c268b812fc96620d034c842a39c747a3687866fe4988b52a1e3f","e2bb6beb199bfc576ecf2adc98bc83f014b729be832c4a4f7f2d2e09df552237",14,39,0,0,8.61e-07
"microbiome_2026_hunt","GCST90666756","Gut microbiota relative abundance (hMGS.00646: Evtepia sp004556345)","taxon:evtepia sp004556345",12652,"GRCh37","2648a90d7032c268b812fc96620d034c842a39c747a3687866fe4988b52a1e3f","e2bb6beb199bfc576ecf2adc98bc83f014b729be832c4a4f7f2d2e09df552237",14,73,0,0,6.27e-08
"microbiome_2026_hunt","GCST90666757","Gut microbiota relative abundance (hMGS.00647: Faecalibacterium prausnitzii)","taxon:faecalibacterium prausnitzii",12652,"GRCh37","2648a90d7032c268b812fc96620d034c842a39c747a3687866fe4988b52a1e3f","e2bb6beb199bfc576ecf2adc98bc83f014b729be832c4a4f7f2d2e09df552237",14,30,0,0,1.07e-07
"microbiome_2026_hunt","GCST90666758","Gut microbiota relative abundance (hMGS.00649: Hungatella effluvii)","taxon:hungatella effluvii",12652,"GRCh37","2648a90d7032c268b812fc96620d034c842a39c747a3687866fe4988b52a1e3f","e2bb6beb199bfc576ecf2adc98bc83f014b729be832c4a4f7f2d2e09df552237",14,208,0,0,7.34e-07
"microbiome_2026_hunt","GCST90666759","Gut microbiota relative abundance (hMGS.00650: Merdibacter merdipullorum)","taxon:merdibacter merdipullorum",12652,"GRCh37","2648a90d7032c268b812fc96620d034c842a39c747a3687866fe4988b52a1e3f","e2bb6beb199bfc576ecf2adc98bc83f014b729be832c4a4f7f2d2e09df552237",14,40,0,0,1.47e-07
"microbiome_2026_hunt","GCST90666760","Gut microbiota relative abundance (hMGS.00662: Faecalibacterium sp900539885)","taxon:faecalibacterium sp900539885",12652,"GRCh37","2648a90d7032c268b812fc96620d034c842a39c747a3687866fe4988b52a1e3f","e2bb6beb199bfc576ecf2adc98bc83f014b729be832c4a4f7f2d2e09df552237",14,27,0,0,2.36e-07
"microbiome_2026_hunt","GCST90666761","Gut microbiota relative abundance (hMGS.00699: Clostridium AP sp000509125)","taxon:clostridium ap sp000509125",12652,"GRCh37","2648a90d7032c268b812fc96620d034c842a39c747a3687866fe4988b52a1e3f","e2bb6beb199bfc576ecf2adc98bc83f014b729be832c4a4f7f2d2e09df552237",14,148,0,0,4.16e-07
"microbiome_2026_hunt","GCST90666762","Gut microbiota relative abundance (hMGS.00710: Scatomorpha merdavium)","taxon:scatomorpha merdavium",12652,"GRCh37","2648a90d7032c268b812fc96620d034c842a39c747a3687866fe4988b52a1e3f","e2bb6beb199bfc576ecf2adc98bc83f014b729be832c4a4f7f2d2e09df552237",14,77,0,0,6e-07
"microbiome_2026_hunt","GCST90666763","Gut microbiota relative abundance (hMGS.00711: Senegalimassilia anaerobia)","taxon:senegalimassilia anaerobia",12652,"GRCh37","2648a90d7032c268b812fc96620d034c842a39c747a3687866fe4988b52a1e3f","e2bb6beb199bfc576ecf2adc98bc83f014b729be832c4a4f7f2d2e09df552237",14,38,0,0,1.6e-07
"microbiome_2026_hunt","GCST90666764","Gut microbiota relative abundance (hMGS.00712: Spyradocola merdavium)","taxon:spyradocola merdavium",12652,"GRCh37","2648a90d7032c268b812fc96620d034c842a39c747a3687866fe4988b52a1e3f","e2bb6beb199bfc576ecf2adc98bc83f014b729be832c4a4f7f2d2e09df552237",14,68,0,0,3.14e-07
"microbiome_2026_hunt","GCST90666765","Gut microbiota relative abundance (hMGS.00717: Ventrimonas sp003478505)","taxon:ventrimonas sp003478505",12652,"GRCh37","2648a90d7032c268b812fc96620d034c842a39c747a3687866fe4988b52a1e3f","e2bb6beb199bfc576ecf2adc98bc83f014b729be832c4a4f7f2d2e09df552237",15,50,0,0,2.74e-07
"microbiome_2026_hunt","GCST90666766","Gut microbiota relative abundance (hMGS.00720: Clostridium Q saccharolyticum A)","taxon:clostridium q saccharolyticum a",12652,"GRCh37","2648a90d7032c268b812fc96620d034c842a39c747a3687866fe4988b52a1e3f","e2bb6beb199bfc576ecf2adc98bc83f014b729be832c4a4f7f2d2e09df552237",15,98,0,0,3.6e-07
"microbiome_2026_hunt","GCST90666767","Gut microbiota relative abundance (hMGS.00721: Clostridium saudiense)","taxon:clostridium saudiense",12652,"GRCh37","2648a90d7032c268b812fc96620d034c842a39c747a3687866fe4988b52a1e3f","e2bb6beb199bfc576ecf2adc98bc83f014b729be832c4a4f7f2d2e09df552237",15,204,20,0,6.68e-10
"microbiome_2026_hunt","GCST90666768","Gut microbiota relative abundance (hMGS.00724: Eubacterium G sp000435815)","taxon:eubacterium g sp000435815",12652,"GRCh37","2648a90d7032c268b812fc96620d034c842a39c747a3687866fe4988b52a1e3f","e2bb6beb199bfc576ecf2adc98bc83f014b729be832c4a4f7f2d2e09df552237",15,26,0,0,4.99e-07
"microbiome_2026_hunt","GCST90666769","Gut microbiota relative abundance (hMGS.00730: UMGS1071 sp900542375)","taxon:umgs1071 sp900542375",12652,"GRCh37","2648a90d7032c268b812fc96620d034c842a39c747a3687866fe4988b52a1e3f","e2bb6beb199bfc576ecf2adc98bc83f014b729be832c4a4f7f2d2e09df552237",15,65,0,0,5.32e-08
"microbiome_2026_hunt","GCST90666770","Gut microbiota relative abundance (hMGS.00733: Ventrimonas sp003480315)","taxon:ventrimonas sp003480315",12652,"GRCh37","2648a90d7032c268b812fc96620d034c842a39c747a3687866fe4988b52a1e3f","e2bb6beb199bfc576ecf2adc98bc83f014b729be832c4a4f7f2d2e09df552237",15,159,1,0,3.35e-08
"microbiome_2026_hunt","GCST90666771","Gut microbiota relative abundance (hMGS.00734: Butyribacter sp000436755)","taxon:butyribacter sp000436755",12652,"GRCh37","2648a90d7032c268b812fc96620d034c842a39c747a3687866fe4988b52a1e3f","e2bb6beb199bfc576ecf2adc98bc83f014b729be832c4a4f7f2d2e09df552237",15,43,0,0,1.08e-07
"microbiome_2026_hunt","GCST90666772","Gut microbiota relative abundance (hMGS.00736: CAG-170 sp000436735)","taxon:cag-170 sp000436735",12652,"GRCh37","2648a90d7032c268b812fc96620d034c842a39c747a3687866fe4988b52a1e3f","e2bb6beb199bfc576ecf2adc98bc83f014b729be832c4a4f7f2d2e09df552237",15,44,1,0,4.95e-08
"microbiome_2026_hunt","GCST90666773","Gut microbiota relative abundance (hMGS.00738: CAG-313 sp000433035)","taxon:cag-313 sp000433035",12652,"GRCh37","2648a90d7032c268b812fc96620d034c842a39c747a3687866fe4988b52a1e3f","e2bb6beb199bfc576ecf2adc98bc83f014b729be832c4a4f7f2d2e09df552237",15,65,0,0,4.34e-07
"microbiome_2026_hunt","GCST90666774","Gut microbiota relative abundance (hMGS.00744: Evtepia gabavorous)","taxon:evtepia gabavorous",12652,"GRCh37","2648a90d7032c268b812fc96620d034c842a39c747a3687866fe4988b52a1e3f","e2bb6beb199bfc576ecf2adc98bc83f014b729be832c4a4f7f2d2e09df552237",15,52,0,0,9.81e-07
"microbiome_2026_hunt","GCST90666775","Gut microbiota relative abundance (hMGS.00761: CAG-170 sp900549635)","taxon:cag-170 sp900549635",12652,"GRCh37","2648a90d7032c268b812fc96620d034c842a39c747a3687866fe4988b52a1e3f","e2bb6beb199bfc576ecf2adc98bc83f014b729be832c4a4f7f2d2e09df552237",15,62,0,0,2.81e-07
"microbiome_2026_hunt","GCST90666776","Gut microbiota relative abundance (hMGS.00762: CAG-272 sp000433515)","taxon:cag-272 sp000433515",12652,"GRCh37","2648a90d7032c268b812fc96620d034c842a39c747a3687866fe4988b52a1e3f","e2bb6beb199bfc576ecf2adc98bc83f014b729be832c4a4f7f2d2e09df552237",15,71,0,0,2.86e-07
"microbiome_2026_hunt","GCST90666777","Gut microbiota relative abundance (hMGS.00765: Eisenbergiella porci)","taxon:eisenbergiella porci",12652,"GRCh37","2648a90d7032c268b812fc96620d034c842a39c747a3687866fe4988b52a1e3f","e2bb6beb199bfc576ecf2adc98bc83f014b729be832c4a4f7f2d2e09df552237",15,72,0,0,9.07e-07
"microbiome_2026_hunt","GCST90666778","Gut microbiota relative abundance (hMGS.00770: Negativibacillus faecipullorum)","taxon:negativibacillus faecipullorum",12652,"GRCh37","2648a90d7032c268b812fc96620d034c842a39c747a3687866fe4988b52a1e3f","e2bb6beb199bfc576ecf2adc98bc83f014b729be832c4a4f7f2d2e09df552237",15,50,0,0,3.93e-07
"microbiome_2026_hunt","GCST90666779","Gut microbiota relative abundance (hMGS.00774: Schaedlerella glycyrrhizinilytica A)","taxon:schaedlerella glycyrrhizinilytica a",12652,"GRCh37","2648a90d7032c268b812fc96620d034c842a39c747a3687866fe4988b52a1e3f","e2bb6beb199bfc576ecf2adc98bc83f014b729be832c4a4f7f2d2e09df552237",15,111,2,0,2.93e-08
"microbiome_2026_hunt","GCST90666780","Gut microbiota relative abundance (hMGS.00784: Enterocloster clostridioformis)","taxon:enterocloster clostridioformis",12652,"GRCh37","2648a90d7032c268b812fc96620d034c842a39c747a3687866fe4988b52a1e3f","e2bb6beb199bfc576ecf2adc98bc83f014b729be832c4a4f7f2d2e09df552237",15,90,0,0,3.31e-07
"microbiome_2026_hunt","GCST90666781","Gut microbiota relative abundance (hMGS.00796: Scardovia wiggsiae)","taxon:scardovia wiggsiae",12652,"GRCh37","2648a90d7032c268b812fc96620d034c842a39c747a3687866fe4988b52a1e3f","e2bb6beb199bfc576ecf2adc98bc83f014b729be832c4a4f7f2d2e09df552237",16,34,0,0,1.72e-06
"microbiome_2026_hunt","GCST90666782","Gut microbiota relative abundance (hMGS.00801: UBA3402 sp003478355)","taxon:uba3402 sp003478355",12652,"GRCh37","2648a90d7032c268b812fc96620d034c842a39c747a3687866fe4988b52a1e3f","e2bb6beb199bfc576ecf2adc98bc83f014b729be832c4a4f7f2d2e09df552237",16,56,0,0,3.65e-07
"microbiome_2026_hunt","GCST90666783","Gut microbiota relative abundance (hMGS.00805: Bacteroides faecis)","taxon:bacteroides faecis",12652,"GRCh37","2648a90d7032c268b812fc96620d034c842a39c747a3687866fe4988b52a1e3f","e2bb6beb199bfc576ecf2adc98bc83f014b729be832c4a4f7f2d2e09df552237",16,89,3,0,1.34e-08
"microbiome_2026_hunt","GCST90666784","Gut microbiota relative abundance (hMGS.00807: Blautia A sp900066355)","taxon:blautia a sp900066355",12652,"GRCh37","2648a90d7032c268b812fc96620d034c842a39c747a3687866fe4988b52a1e3f","e2bb6beb199bfc576ecf2adc98bc83f014b729be832c4a4f7f2d2e09df552237",16,33,0,0,1.76e-07
"microbiome_2026_hunt","GCST90666785","Gut microbiota relative abundance (hMGS.00818: Egerieenecus merdigallinarum)","taxon:egerieenecus merdigallinarum",12652,"GRCh37","2648a90d7032c268b812fc96620d034c842a39c747a3687866fe4988b52a1e3f","e2bb6beb199bfc576ecf2adc98bc83f014b729be832c4a4f7f2d2e09df552237",16,78,0,0,8.9e-08
"microbiome_2026_hunt","GCST90666786","Gut microbiota relative abundance (hMGS.00820: Enterocloster aldenensis)","taxon:enterocloster aldenensis",12652,"GRCh37","2648a90d7032c268b812fc96620d034c842a39c747a3687866fe4988b52a1e3f","e2bb6beb199bfc576ecf2adc98bc83f014b729be832c4a4f7f2d2e09df552237",16,43,0,0,7.16e-07
"microbiome_2026_hunt","GCST90666787","Gut microbiota relative abundance (hMGS.00821: Eubacterium G sp000434315)","taxon:eubacterium g sp000434315",12652,"GRCh37","2648a90d7032c268b812fc96620d034c842a39c747a3687866fe4988b52a1e3f","e2bb6beb199bfc576ecf2adc98bc83f014b729be832c4a4f7f2d2e09df552237",16,38,0,0,8.98e-08
"microbiome_2026_hunt","GCST90666788","Gut microbiota relative abundance (hMGS.00822: Eubacterium I ramulus)","taxon:eubacterium i ramulus",12652,"GRCh37","2648a90d7032c268b812fc96620d034c842a39c747a3687866fe4988b52a1e3f","e2bb6beb199bfc576ecf2adc98bc83f014b729be832c4a4f7f2d2e09df552237",16,83,0,0,5.89e-08
"microbiome_2026_hunt","GCST90666789","Gut microbiota relative abundance (hMGS.00836: UBA11452 sp003526375)","taxon:uba11452 sp003526375",12652,"GRCh37","2648a90d7032c268b812fc96620d034c842a39c747a3687866fe4988b52a1e3f","e2bb6beb199bfc576ecf2adc98bc83f014b729be832c4a4f7f2d2e09df552237",16,41,2,0,2.71e-08
"microbiome_2026_hunt","GCST90666790","Gut microbiota relative abundance (hMGS.00839: Bacteroides nordii)","taxon:bacteroides nordii",12652,"GRCh37","2648a90d7032c268b812fc96620d034c842a39c747a3687866fe4988b52a1e3f","e2bb6beb199bfc576ecf2adc98bc83f014b729be832c4a4f7f2d2e09df552237",16,78,4,0,4.69e-08
"microbiome_2026_hunt","GCST90666791","Gut microbiota relative abundance (hMGS.00847: Choladocola sp003480725)","taxon:choladocola sp003480725",12652,"GRCh37","2648a90d7032c268b812fc96620d034c842a39c747a3687866fe4988b52a1e3f","e2bb6beb199bfc576ecf2adc98bc83f014b729be832c4a4f7f2d2e09df552237",16,25,0,0,1.43e-06
"microbiome_2026_hunt","GCST90666792","Gut microbiota relative abundance (hMGS.00860: Prevotella rara)","taxon:prevotella rara",12652,"GRCh37","2648a90d7032c268b812fc96620d034c842a39c747a3687866fe4988b52a1e3f","e2bb6beb199bfc576ecf2adc98bc83f014b729be832c4a4f7f2d2e09df552237",16,38,0,0,5.02e-07
"microbiome_2026_hunt","GCST90666793","Gut microbiota relative abundance (hMGS.00865: UMGS1820 sp900545865)","taxon:umgs1820 sp900545865",12652,"GRCh37","2648a90d7032c268b812fc96620d034c842a39c747a3687866fe4988b52a1e3f","e2bb6beb199bfc576ecf2adc98bc83f014b729be832c4a4f7f2d2e09df552237",16,70,0,0,3.25e-07
"microbiome_2026_hunt","GCST90666794","Gut microbiota relative abundance (hMGS.00866: Victivallis lenta)","taxon:victivallis lenta",12652,"GRCh37","2648a90d7032c268b812fc96620d034c842a39c747a3687866fe4988b52a1e3f","e2bb6beb199bfc576ecf2adc98bc83f014b729be832c4a4f7f2d2e09df552237",16,39,0,0,5.18e-08
"microbiome_2026_hunt","GCST90666795","Gut microbiota relative abundance (hMGS.00898: UMGS856 sp900546265)","taxon:umgs856 sp900546265",12652,"GRCh37","2648a90d7032c268b812fc96620d034c842a39c747a3687866fe4988b52a1e3f","e2bb6beb199bfc576ecf2adc98bc83f014b729be832c4a4f7f2d2e09df552237",16,76,0,0,6.84e-08
"microbiome_2026_hunt","GCST90666796","Gut microbiota relative abundance (hMGS.00899: Victivallis vadensis)","taxon:victivallis vadensis",12652,"GRCh37","2648a90d7032c268b812fc96620d034c842a39c747a3687866fe4988b52a1e3f","e2bb6beb199bfc576ecf2adc98bc83f014b729be832c4a4f7f2d2e09df552237",16,45,0,0,7.41e-08
"microbiome_2026_hunt","GCST90666797","Gut microbiota relative abundance (hMGS.00905: Blautia A sp900066205)","taxon:blautia a sp900066205",12652,"GRCh37","2648a90d7032c268b812fc96620d034c842a39c747a3687866fe4988b52a1e3f","e2bb6beb199bfc576ecf2adc98bc83f014b729be832c4a4f7f2d2e09df552237",17,58,0,0,1.13e-07
"microbiome_2026_hunt","GCST90666798","Gut microbiota relative abundance (hMGS.00920: Lawsonibacter sp000177015)","taxon:lawsonibacter sp000177015",12652,"GRCh37","2648a90d7032c268b812fc96620d034c842a39c747a3687866fe4988b52a1e3f","e2bb6beb199bfc576ecf2adc98bc83f014b729be832c4a4f7f2d2e09df552237",17,52,0,0,2.15e-07
"microbiome_2026_hunt","GCST90666799","Gut microbiota relative abundance (hMGS.00921: Lawsonibacter sp900545895)","taxon:lawsonibacter sp900545895",12652,"GRCh37","2648a90d7032c268b812fc96620d034c842a39c747a3687866fe4988b52a1e3f","e2bb6beb199bfc576ecf2adc98bc83f014b729be832c4a4f7f2d2e09df552237",17,130,15,0,2.99e-09
"microbiome_2026_hunt","GCST90666800","Gut microbiota relative abundance (hMGS.00936: Schaedlerella sp900066545)","taxon:schaedlerella sp900066545",12652,"GRCh37","2648a90d7032c268b812fc96620d034c842a39c747a3687866fe4988b52a1e3f","e2bb6beb199bfc576ecf2adc98bc83f014b729be832c4a4f7f2d2e09df552237",17,530,0,0,7.26e-08
"microbiome_2026_hunt","GCST90666801","Gut microbiota relative abundance (hMGS.00940: Ventricola sp900542445)","taxon:ventricola sp900542445",12652,"GRCh37","2648a90d7032c268b812fc96620d034c842a39c747a3687866fe4988b52a1e3f","e2bb6beb199bfc576ecf2adc98bc83f014b729be832c4a4f7f2d2e09df552237",17,56,0,0,2.54e-07
"microbiome_2026_hunt","GCST90666802","Gut microbiota relative abundance (hMGS.00964: Faecousia sp000435995)","taxon:faecousia sp000435995",12652,"GRCh37","2648a90d7032c268b812fc96620d034c842a39c747a3687866fe4988b52a1e3f","e2bb6beb199bfc576ecf2adc98bc83f014b729be832c4a4f7f2d2e09df552237",17,38,0,0,6.57e-07
"microbiome_2026_hunt","GCST90666803","Gut microbiota relative abundance (hMGS.00967: Lachnoclostridium B sp900066555)","taxon:lachnoclostridium b sp900066555",12652,"GRCh37","2648a90d7032c268b812fc96620d034c842a39c747a3687866fe4988b52a1e3f","e2bb6beb199bfc576ecf2adc98bc83f014b729be832c4a4f7f2d2e09df552237",17,144,0,0,6.03e-08
"microbiome_2026_hunt","GCST90666804","Gut microbiota relative abundance (hMGS.00981: Ruthenibacterium sp018380115)","taxon:ruthenibacterium sp018380115",12652,"GRCh37","2648a90d7032c268b812fc96620d034c842a39c747a3687866fe4988b52a1e3f","e2bb6beb199bfc576ecf2adc98bc83f014b729be832c4a4f7f2d2e09df552237",17,106,0,0,2.53e-07
"microbiome_2026_hunt","GCST90666805","Gut microbiota relative abundance (hMGS.01003: Intestinibacter sp900540355)","taxon:intestinibacter sp900540355",12652,"GRCh37","2648a90d7032c268b812fc96620d034c842a39c747a3687866fe4988b52a1e3f","e2bb6beb199bfc576ecf2adc98bc83f014b729be832c4a4f7f2d2e09df552237",17,285,42,0,1.6e-10
"microbiome_2026_hunt","GCST90666806","Gut microbiota relative abundance (hMGS.01005: Limivivens sp900543575)","taxon:limivivens sp900543575",12652,"GRCh37","2648a90d7032c268b812fc96620d034c842a39c747a3687866fe4988b52a1e3f","e2bb6beb199bfc576ecf2adc98bc83f014b729be832c4a4f7f2d2e09df552237",17,231,31,0,4.39e-09
"microbiome_2026_hunt","GCST90666807","Gut microbiota relative abundance (hMGS.01022: Streptococcus sp001556435)","taxon:streptococcus sp001556435",12652,"GRCh37","2648a90d7032c268b812fc96620d034c842a39c747a3687866fe4988b52a1e3f","e2bb6beb199bfc576ecf2adc98bc83f014b729be832c4a4f7f2d2e09df552237",17,33,0,0,4.33e-07
"microbiome_2026_hunt","GCST90666808","Gut microbiota relative abundance (hMGS.01027: UMGS1975 sp900546685)","taxon:umgs1975 sp900546685",12652,"GRCh37","2648a90d7032c268b812fc96620d034c842a39c747a3687866fe4988b52a1e3f","e2bb6beb199bfc576ecf2adc98bc83f014b729be832c4a4f7f2d2e09df552237",17,65,0,0,4.66e-07
"microbiome_2026_hunt","GCST90666809","Gut microbiota relative abundance (hMGS.01028: UMGS973 sp900547295)","taxon:umgs973 sp900547295",12652,"GRCh37","2648a90d7032c268b812fc96620d034c842a39c747a3687866fe4988b52a1e3f","e2bb6beb199bfc576ecf2adc98bc83f014b729be832c4a4f7f2d2e09df552237",17,34,0,0,9.74e-08
"microbiome_2026_hunt","GCST90666810","Gut microbiota relative abundance (hMGS.01036: Alistipes senegalensis)","taxon:alistipes senegalensis",12652,"GRCh37","2648a90d7032c268b812fc96620d034c842a39c747a3687866fe4988b52a1e3f","e2bb6beb199bfc576ecf2adc98bc83f014b729be832c4a4f7f2d2e09df552237",17,26,0,0,1.91e-07
"microbiome_2026_hunt","GCST90666811","Gut microbiota relative abundance (hMGS.01040: Bifidobacterium animalis)","taxon:bifidobacterium animalis",12652,"GRCh37","2648a90d7032c268b812fc96620d034c842a39c747a3687866fe4988b52a1e3f","e2bb6beb199bfc576ecf2adc98bc83f014b729be832c4a4f7f2d2e09df552237",17,39,0,0,1.03e-06
"microbiome_2026_hunt","GCST90666812","Gut microbiota relative abundance (hMGS.01042: Blautia A sp900548245)","taxon:blautia a sp900548245",12652,"GRCh37","2648a90d7032c268b812fc96620d034c842a39c747a3687866fe4988b52a1e3f","e2bb6beb199bfc576ecf2adc98bc83f014b729be832c4a4f7f2d2e09df552237",17,39,0,0,4.11e-07
"microbiome_2026_hunt","GCST90666813","Gut microbiota relative abundance (hMGS.01048: Coprobacillus cateniformis)","taxon:coprobacillus cateniformis",12652,"GRCh37","2648a90d7032c268b812fc96620d034c842a39c747a3687866fe4988b52a1e3f","e2bb6beb199bfc576ecf2adc98bc83f014b729be832c4a4f7f2d2e09df552237",18,205,58,0,1.14e-16
"microbiome_2026_hunt","GCST90666814","Gut microbiota relative abundance (hMGS.01054: Eubacterium G sp000432355)","taxon:eubacterium g sp000432355",12652,"GRCh37","2648a90d7032c268b812fc96620d034c842a39c747a3687866fe4988b52a1e3f","e2bb6beb199bfc576ecf2adc98bc83f014b729be832c4a4f7f2d2e09df552237",18,167,0,0,1.32e-07
"microbiome_2026_hunt","GCST90666815","Gut microbiota relative abundance (hMGS.01057: Fimisoma sp900540145)","taxon:fimisoma sp900540145",12652,"GRCh37","2648a90d7032c268b812fc96620d034c842a39c747a3687866fe4988b52a1e3f","e2bb6beb199bfc576ecf2adc98bc83f014b729be832c4a4f7f2d2e09df552237",18,56,0,0,3.98e-07
"microbiome_2026_hunt","GCST90666816","Gut microbiota relative abundance (hMGS.01065: HGM13006 sp900756575)","taxon:hgm13006 sp900756575",12652,"GRCh37","2648a90d7032c268b812fc96620d034c842a39c747a3687866fe4988b52a1e3f","e2bb6beb199bfc576ecf2adc98bc83f014b729be832c4a4f7f2d2e09df552237",18,156,0,0,3.18e-07
"microbiome_2026_hunt","GCST90666817","Gut microbiota relative abundance (hMGS.01072: Pauljensenia sp000278725)","taxon:pauljensenia sp000278725",12652,"GRCh37","2648a90d7032c268b812fc96620d034c842a39c747a3687866fe4988b52a1e3f","e2bb6beb199bfc576ecf2adc98bc83f014b729be832c4a4f7f2d2e09df552237",18,97,0,0,3.43e-07
"microbiome_2026_hunt","GCST90666818","Gut microbiota relative abundance (hMGS.01115: Dysosmobacter sp900542115)","taxon:dysosmobacter sp900542115",12652,"GRCh37","2648a90d7032c268b812fc96620d034c842a39c747a3687866fe4988b52a1e3f","e2bb6beb199bfc576ecf2adc98bc83f014b729be832c4a4f7f2d2e09df552237",18,56,0,0,8.39e-07
"microbiome_2026_hunt","GCST90666819","Gut microbiota relative abundance (hMGS.01116: Eisenbergiella tayi)","taxon:eisenbergiella tayi",12652,"GRCh37","2648a90d7032c268b812fc96620d034c842a39c747a3687866fe4988b52a1e3f","e2bb6beb199bfc576ecf2adc98bc83f014b729be832c4a4f7f2d2e09df552237",18,61,0,0,2.18e-07
"microbiome_2026_hunt","GCST90666820","Gut microbiota relative abundance (hMGS.01118: Faecalibacterium prausnitzii F)","taxon:faecalibacterium prausnitzii f",12652,"GRCh37","2648a90d7032c268b812fc96620d034c842a39c747a3687866fe4988b52a1e3f","e2bb6beb199bfc576ecf2adc98bc83f014b729be832c4a4f7f2d2e09df552237",18,59,0,0,9.78e-07
"microbiome_2026_hunt","GCST90666821","Gut microbiota relative abundance (hMGS.01120: Fimisoma avicola)","taxon:fimisoma avicola",12652,"GRCh37","2648a90d7032c268b812fc96620d034c842a39c747a3687866fe4988b52a1e3f","e2bb6beb199bfc576ecf2adc98bc83f014b729be832c4a4f7f2d2e09df552237",18,44,0,0,6.45e-07
"microbiome_2026_hunt","GCST90666822","Gut microbiota relative abundance (hMGS.01155: Acutalibacter stercoravium)","taxon:acutalibacter stercoravium",12652,"GRCh37","2648a90d7032c268b812fc96620d034c842a39c747a3687866fe4988b52a1e3f","e2bb6beb199bfc576ecf2adc98bc83f014b729be832c4a4f7f2d2e09df552237",18,129,0,0,6.74e-07
"microbiome_2026_hunt","GCST90666823","Gut microbiota relative abundance (hMGS.01165: CAG-170 sp900553545)","taxon:cag-170 sp900553545",12652,"GRCh37","2648a90d7032c268b812fc96620d034c842a39c747a3687866fe4988b52a1e3f","e2bb6beb199bfc576ecf2adc98bc83f014b729be832c4a4f7f2d2e09df552237",18,149,4,0,3.39e-09
"microbiome_2026_hunt","GCST90666824","Gut microbiota relative abundance (hMGS.01167: CAG-317 sp000433215)","taxon:cag-317 sp000433215",12652,"GRCh37","2648a90d7032c268b812fc96620d034c842a39c747a3687866fe4988b52a1e3f","e2bb6beb199bfc576ecf2adc98bc83f014b729be832c4a4f7f2d2e09df552237",18,55,0,0,2.82e-07
"microbiome_2026_hunt","GCST90666825","Gut microbiota relative abundance (hMGS.01183: Intestinimonas butyriciproducens)","taxon:intestinimonas butyriciproducens",12652,"GRCh37","2648a90d7032c268b812fc96620d034c842a39c747a3687866fe4988b52a1e3f","e2bb6beb199bfc576ecf2adc98bc83f014b729be832c4a4f7f2d2e09df552237",18,52,0,0,1.02e-07
"microbiome_2026_hunt","GCST90666826","Gut microbiota relative abundance (hMGS.01187: Longicatena caecimuris)","taxon:longicatena caecimuris",12652,"GRCh37","2648a90d7032c268b812fc96620d034c842a39c747a3687866fe4988b52a1e3f","e2bb6beb199bfc576ecf2adc98bc83f014b729be832c4a4f7f2d2e09df552237",18,93,0,0,4.66e-07
"microbiome_2026_hunt","GCST90666827","Gut microbiota relative abundance (hMGS.01188: Massilistercora timonensis)","taxon:massilistercora timonensis",12652,"GRCh37","2648a90d7032c268b812fc96620d034c842a39c747a3687866fe4988b52a1e3f","e2bb6beb199bfc576ecf2adc98bc83f014b729be832c4a4f7f2d2e09df552237",18,152,24,0,9.24e-09
"microbiome_2026_hunt","GCST90666828","Gut microbiota relative abundance (hMGS.01190: NSJ-51 sp900549795)","taxon:nsj-51 sp900549795",12652,"GRCh37","2648a90d7032c268b812fc96620d034c842a39c747a3687866fe4988b52a1e3f","e2bb6beb199bfc576ecf2adc98bc83f014b729be832c4a4f7f2d2e09df552237",18,64,0,0,8.63e-08
"microbiome_2026_hunt","GCST90666829","Gut microbiota relative abundance (hMGS.01199: Scatosoma sp003150575)","taxon:scatosoma sp003150575",12652,"GRCh37","2648a90d7032c268b812fc96620d034c842a39c747a3687866fe4988b52a1e3f","e2bb6beb199bfc576ecf2adc98bc83f014b729be832c4a4f7f2d2e09df552237",19,79,0,0,1.8e-07
"microbiome_2026_hunt","GCST90666830","Gut microbiota relative abundance (hMGS.01212: UMGS621 sp900543915)","taxon:umgs621 sp900543915",12652,"GRCh37","2648a90d7032c268b812fc96620d034c842a39c747a3687866fe4988b52a1e3f","e2bb6beb199bfc576ecf2adc98bc83f014b729be832c4a4f7f2d2e09df552237",19,76,0,0,5.13e-07
"microbiome_2026_hunt","GCST90666831","Gut microbiota relative abundance (hMGS.01228: Anaeromassilibacillus stercoravium)","taxon:anaeromassilibacillus stercoravium",12652,"GRCh37","2648a90d7032c268b812fc96620d034c842a39c747a3687866fe4988b52a1e3f","e2bb6beb199bfc576ecf2adc98bc83f014b729be832c4a4f7f2d2e09df552237",19,77,0,0,2.94e-07
"microbiome_2026_hunt","GCST90666832","Gut microbiota relative abundance (hMGS.01232: Borkfalkia ceftriaxoniphila)","taxon:borkfalkia ceftriaxoniphila",12652,"GRCh37","2648a90d7032c268b812fc96620d034c842a39c747a3687866fe4988b52a1e3f","e2bb6beb199bfc576ecf2adc98bc83f014b729be832c4a4f7f2d2e09df552237",19,42,0,0,5.06e-07
"microbiome_2026_hunt","GCST90666833","Gut microbiota relative abundance (hMGS.01248: Faecousia sp900544405)","taxon:faecousia sp900544405",12652,"GRCh37","2648a90d7032c268b812fc96620d034c842a39c747a3687866fe4988b52a1e3f","e2bb6beb199bfc576ecf2adc98bc83f014b729be832c4a4f7f2d2e09df552237",19,54,0,0,5.6e-07
"microbiome_2026_hunt","GCST90666834","Gut microbiota relative abundance (hMGS.01256: Lawsonibacter sp014287875)","taxon:lawsonibacter sp014287875",12652,"GRCh37","2648a90d7032c268b812fc96620d034c842a39c747a3687866fe4988b52a1e3f","e2bb6beb199bfc576ecf2adc98bc83f014b729be832c4a4f7f2d2e09df552237",19,189,0,0,1.1e-07
"microbiome_2026_hunt","GCST90666835","Gut microbiota relative abundance (hMGS.01257: Lawsonibacter sp900066645)","taxon:lawsonibacter sp900066645",12652,"GRCh37","2648a90d7032c268b812fc96620d034c842a39c747a3687866fe4988b52a1e3f","e2bb6beb199bfc576ecf2adc98bc83f014b729be832c4a4f7f2d2e09df552237",19,220,0,0,1.07e-07
"microbiome_2026_hunt","GCST90666836","Gut microbiota relative abundance (hMGS.01262: Pauljensenia sp000308055)","taxon:pauljensenia sp000308055",12652,"GRCh37","2648a90d7032c268b812fc96620d034c842a39c747a3687866fe4988b52a1e3f","e2bb6beb199bfc576ecf2adc98bc83f014b729be832c4a4f7f2d2e09df552237",19,133,0,0,2.18e-07
"microbiome_2026_hunt","GCST90666837","Gut microbiota relative abundance (hMGS.01263: Pauljensenia sp000466265)","taxon:pauljensenia sp000466265",12652,"GRCh37","2648a90d7032c268b812fc96620d034c842a39c747a3687866fe4988b52a1e3f","e2bb6beb199bfc576ecf2adc98bc83f014b729be832c4a4f7f2d2e09df552237",19,26,0,0,1e-07
"microbiome_2026_hunt","GCST90666838","Gut microbiota relative abundance (hMGS.01277: Streptococcus gordonii)","taxon:streptococcus gordonii",12652,"GRCh37","2648a90d7032c268b812fc96620d034c842a39c747a3687866fe4988b52a1e3f","e2bb6beb199bfc576ecf2adc98bc83f014b729be832c4a4f7f2d2e09df552237",19,150,47,0,8.28e-11
"microbiome_2026_hunt","GCST90666839","Gut microbiota relative abundance (hMGS.01305: Blautia A sp003477525)","taxon:blautia a sp003477525",12652,"GRCh37","2648a90d7032c268b812fc96620d034c842a39c747a3687866fe4988b52a1e3f","e2bb6beb199bfc576ecf2adc98bc83f014b729be832c4a4f7f2d2e09df552237",19,56,0,0,8.12e-08
"microbiome_2026_hunt","GCST90666840","Gut microbiota relative abundance (hMGS.01321: Enterenecus sp900549885)","taxon:enterenecus sp900549885",12652,"GRCh37","2648a90d7032c268b812fc96620d034c842a39c747a3687866fe4988b52a1e3f","e2bb6beb199bfc576ecf2adc98bc83f014b729be832c4a4f7f2d2e09df552237",19,149,0,0,9.04e-07
"microbiome_2026_hunt","GCST90666841","Gut microbiota relative abundance (hMGS.01331: Fournierella excrementavium)","taxon:fournierella excrementavium",12652,"GRCh37","2648a90d7032c268b812fc96620d034c842a39c747a3687866fe4988b52a1e3f","e2bb6beb199bfc576ecf2adc98bc83f014b729be832c4a4f7f2d2e09df552237",19,131,0,0,8.63e-08
"microbiome_2026_hunt","GCST90666842","Gut microbiota relative abundance (hMGS.01337: HGM13222 sp900757485)","taxon:hgm13222 sp900757485",12652,"GRCh37","2648a90d7032c268b812fc96620d034c842a39c747a3687866fe4988b52a1e3f","e2bb6beb199bfc576ecf2adc98bc83f014b729be832c4a4f7f2d2e09df552237",19,103,0,0,2.58e-07
"microbiome_2026_hunt","GCST90666843","Gut microbiota relative abundance (hMGS.01347: Merdimonas faecis)","taxon:merdimonas faecis",12652,"GRCh37","2648a90d7032c268b812fc96620d034c842a39c747a3687866fe4988b52a1e3f","e2bb6beb199bfc576ecf2adc98bc83f014b729be832c4a4f7f2d2e09df552237",19,68,0,0,2.49e-07
"microbiome_2026_hunt","GCST90666844","Gut microbiota relative abundance (hMGS.01354: Pauljensenia sp000758755)","taxon:pauljensenia sp000758755",12652,"GRCh37","2648a90d7032c268b812fc96620d034c842a39c747a3687866fe4988b52a1e3f","e2bb6beb199bfc576ecf2adc98bc83f014b729be832c4a4f7f2d2e09df552237",19,171,0,0,4.67e-07
"microbiome_2026_hunt","GCST90666845","Gut microbiota relative abundance (hMGS.01366: Scatosoma sp900555925)","taxon:scatosoma sp900555925",12652,"GRCh37","2648a90d7032c268b812fc96620d034c842a39c747a3687866fe4988b52a1e3f","e2bb6beb199bfc576ecf2adc98bc83f014b729be832c4a4f7f2d2e09df552237",20,48,0,0,3.35e-07
"microbiome_2026_hunt","GCST90666846","Gut microbiota relative abundance (hMGS.01401: Anaerotruncus massiliensis)","taxon:anaerotruncus massiliensis",12652,"GRCh37","2648a90d7032c268b812fc96620d034c842a39c747a3687866fe4988b52a1e3f","e2bb6beb199bfc576ecf2adc98bc83f014b729be832c4a4f7f2d2e09df552237",20,110,0,0,1.28e-07
"microbiome_2026_hunt","GCST90666847","Gut microbiota relative abundance (hMGS.01418: Copromonas sp900066055)","taxon:copromonas sp900066055",12652,"GRCh37","2648a90d7032c268b812fc96620d034c842a39c747a3687866fe4988b52a1e3f","e2bb6beb199bfc576ecf2adc98bc83f014b729be832c4a4f7f2d2e09df552237",20,54,0,0,1.6e-06
"microbiome_2026_hunt","GCST90666848","Gut microbiota relative abundance (hMGS.01427: Eubacterium B sulci)","taxon:eubacterium b sulci",12652,"GRCh37","2648a90d7032c268b812fc96620d034c842a39c747a3687866fe4988b52a1e3f","e2bb6beb199bfc576ecf2adc98bc83f014b729be832c4a4f7f2d2e09df552237",20,95,0,0,5.52e-07
"microbiome_2026_hunt","GCST90666849","Gut microbiota relative abundance (hMGS.01431: Faecivicinus sp900553265)","taxon:faecivicinus sp900553265",12652,"GRCh37","2648a90d7032c268b812fc96620d034c842a39c747a3687866fe4988b52a1e3f","e2bb6beb199bfc576ecf2adc98bc83f014b729be832c4a4f7f2d2e09df552237",20,92,0,0,3.77e-07
"microbiome_2026_hunt","GCST90666850","Gut microbiota relative abundance (hMGS.01432: Fimadaptatus sp900553645)","taxon:fimadaptatus sp900553645",12652,"GRCh37","2648a90d7032c268b812fc96620d034c842a39c747a3687866fe4988b52a1e3f","e2bb6beb199bfc576ecf2adc98bc83f014b729be832c4a4f7f2d2e09df552237",20,61,8,0,2.12e-08
"microbiome_2026_hunt","GCST90666851","Gut microbiota relative abundance (hMGS.01447: Massilicoli timonensis)","taxon:massilicoli timonensis",12652,"GRCh37","2648a90d7032c268b812fc96620d034c842a39c747a3687866fe4988b52a1e3f","e2bb6beb199bfc576ecf2adc98bc83f014b729be832c4a4f7f2d2e09df552237",20,106,0,0,3.83e-07
"microbiome_2026_hunt","GCST90666852","Gut microbiota relative abundance (hMGS.01449: Mogibacterium diversum)","taxon:mogibacterium diversum",12652,"GRCh37","2648a90d7032c268b812fc96620d034c842a39c747a3687866fe4988b52a1e3f","e2bb6beb199bfc576ecf2adc98bc83f014b729be832c4a4f7f2d2e09df552237",20,45,0,0,9.41e-07
"microbiome_2026_hunt","GCST90666853","Gut microbiota relative abundance (hMGS.01464: Streptococcus parasanguinis)","taxon:streptococcus parasanguinis",12652,"GRCh37","2648a90d7032c268b812fc96620d034c842a39c747a3687866fe4988b52a1e3f","e2bb6beb199bfc576ecf2adc98bc83f014b729be832c4a4f7f2d2e09df552237",20,32,0,0,7.03e-07
"microbiome_2026_hunt","GCST90666854","Gut microbiota relative abundance (hMGS.01466: Terrisporobacter sp900557165)","taxon:terrisporobacter sp900557165",12652,"GRCh37","2648a90d7032c268b812fc96620d034c842a39c747a3687866fe4988b52a1e3f","e2bb6beb199bfc576ecf2adc98bc83f014b729be832c4a4f7f2d2e09df552237",20,204,0,0,6.35e-07
"microbiome_2026_hunt","GCST90666855","Gut microbiota relative abundance (hMGS.01496: Alectryocaccomicrobium faecavium)","taxon:alectryocaccomicrobium faecavium",12652,"GRCh37","2648a90d7032c268b812fc96620d034c842a39c747a3687866fe4988b52a1e3f","e2bb6beb199bfc576ecf2adc98bc83f014b729be832c4a4f7f2d2e09df552237",20,68,1,0,2.95e-08
"microbiome_2026_hunt","GCST90666856","Gut microbiota relative abundance (hMGS.01502: Anaerotruncus colihominis)","taxon:anaerotruncus colihominis",12652,"GRCh37","2648a90d7032c268b812fc96620d034c842a39c747a3687866fe4988b52a1e3f","e2bb6beb199bfc576ecf2adc98bc83f014b729be832c4a4f7f2d2e09df552237",20,157,0,0,2.4e-07
"microbiome_2026_hunt","GCST90666857","Gut microbiota relative abundance (hMGS.01503: Avimicrobium caecorum)","taxon:avimicrobium caecorum",12652,"GRCh37","2648a90d7032c268b812fc96620d034c842a39c747a3687866fe4988b52a1e3f","e2bb6beb199bfc576ecf2adc98bc83f014b729be832c4a4f7f2d2e09df552237",20,165,0,0,8.47e-07
"microbiome_2026_hunt","GCST90666858","Gut microbiota relative abundance (hMGS.01512: Blautia A sp900066505)","taxon:blautia a sp900066505",12652,"GRCh37","2648a90d7032c268b812fc96620d034c842a39c747a3687866fe4988b52a1e3f","e2bb6beb199bfc576ecf2adc98bc83f014b729be832c4a4f7f2d2e09df552237",20,91,0,0,5.34e-08
"microbiome_2026_hunt","GCST90666859","Gut microbiota relative abundance (hMGS.01520: CAG-238 sp900542245)","taxon:cag-238 sp900542245",12652,"GRCh37","2648a90d7032c268b812fc96620d034c842a39c747a3687866fe4988b52a1e3f","e2bb6beb199bfc576ecf2adc98bc83f014b729be832c4a4f7f2d2e09df552237",20,78,0,0,1.18e-06
"microbiome_2026_hunt","GCST90666860","Gut microbiota relative abundance (hMGS.01546: Enterocloster lavalensis)","taxon:enterocloster lavalensis",12652,"GRCh37","2648a90d7032c268b812fc96620d034c842a39c747a3687866fe4988b52a1e3f","e2bb6beb199bfc576ecf2adc98bc83f014b729be832c4a4f7f2d2e09df552237",20,63,0,0,7.46e-07
"microbiome_2026_hunt","GCST90666861","Gut microbiota relative abundance (hMGS.01559: Intestinimonas massiliensis)","taxon:intestinimonas massiliensis",12652,"GRCh37","2648a90d7032c268b812fc96620d034c842a39c747a3687866fe4988b52a1e3f","e2bb6beb199bfc576ecf2adc98bc83f014b729be832c4a4f7f2d2e09df552237",21,89,2,0,1.33e-08
"microbiome_2026_hunt","GCST90666862","Gut microbiota relative abundance (hMGS.01568: Limiplasma sp004556545)","taxon:limiplasma sp004556545",12652,"GRCh37","2648a90d7032c268b812fc96620d034c842a39c747a3687866fe4988b52a1e3f","e2bb6beb199bfc576ecf2adc98bc83f014b729be832c4a4f7f2d2e09df552237",21,57,0,0,4.76e-07
"microbiome_2026_hunt","GCST90666863","Gut microbiota relative abundance (hMGS.01571: Marvinbryantia sp900550755)","taxon:marvinbryantia sp900550755",12652,"GRCh37","2648a90d7032c268b812fc96620d034c842a39c747a3687866fe4988b52a1e3f","e2bb6beb199bfc576ecf2adc98bc83f014b729be832c4a4f7f2d2e09df552237",21,59,0,0,6.5e-07
"microbiome_2026_hunt","GCST90666864","Gut microbiota relative abundance (hMGS.01573: Merdisoma sp900553635)","taxon:merdisoma sp900553635",12652,"GRCh37","2648a90d7032c268b812fc96620d034c842a39c747a3687866fe4988b52a1e3f","e2bb6beb199bfc576ecf2adc98bc83f014b729be832c4a4f7f2d2e09df552237",21,34,0,0,1.11e-06
"microbiome_2026_hunt","GCST90666865","Gut microbiota relative abundance (hMGS.01576: Monoglobus pectinilyticus)","taxon:monoglobus pectinilyticus",12652,"GRCh37","2648a90d7032c268b812fc96620d034c842a39c747a3687866fe4988b52a1e3f","e2bb6beb199bfc576ecf2adc98bc83f014b729be832c4a4f7f2d2e09df552237",21,208,0,0,9.17e-08
"microbiome_2026_hunt","GCST90666866","Gut microbiota relative abundance (hMGS.01609: UMGS1696 sp900753285)","taxon:umgs1696 sp900753285",12652,"GRCh37","2648a90d7032c268b812fc96620d034c842a39c747a3687866fe4988b52a1e3f","e2bb6beb199bfc576ecf2adc98bc83f014b729be832c4a4f7f2d2e09df552237",21,162,0,0,6.87e-08
"microbiome_2026_hunt","GCST90666867","Gut microbiota relative abundance (hMGS.01634: Alangreenwoodia sp905206455)","taxon:alangreenwoodia sp905206455",12652,"GRCh37","2648a90d7032c268b812fc96620d034c842a39c747a3687866fe4988b52a1e3f","e2bb6beb199bfc576ecf2adc98bc83f014b729be832c4a4f7f2d2e09df552237",21,106,0,0,6.74e-07
"microbiome_2026_hunt","GCST90666868","Gut microbiota relative abundance (hMGS.01642: Blautia A luti)","taxon:blautia a luti",12652,"GRCh37","2648a90d7032c268b812fc96620d034c842a39c747a3687866fe4988b52a1e3f","e2bb6beb199bfc576ecf2adc98bc83f014b729be832c4a4f7f2d2e09df552237",21,66,1,0,2.13e-08
"microbiome_2026_hunt","GCST90666869","Gut microbiota relative abundance (hMGS.01665: Choladousia sp902363665)","taxon:choladousia sp902363665",12652,"GRCh37","2648a90d7032c268b812fc96620d034c842a39c747a3687866fe4988b52a1e3f","e2bb6beb199bfc576ecf2adc98bc83f014b729be832c4a4f7f2d2e09df552237",21,125,0,0,9.43e-08
"microbiome_2026_hunt","GCST90666870","Gut microbiota relative abundance (hMGS.01686: Dielma fastidiosa)","taxon:dielma fastidiosa",12652,"GRCh37","2648a90d7032c268b812fc96620d034c842a39c747a3687866fe4988b52a1e3f","e2bb6beb199bfc576ecf2adc98bc83f014b729be832c4a4f7f2d2e09df552237",21,42,0,0,3.7e-07
"microbiome_2026_hunt","GCST90666871","Gut microbiota relative abundance (hMGS.01687: Dysosmobacter excrementavium)","taxon:dysosmobacter excrementavium",12652,"GRCh37","2648a90d7032c268b812fc96620d034c842a39c747a3687866fe4988b52a1e3f","e2bb6beb199bfc576ecf2adc98bc83f014b729be832c4a4f7f2d2e09df552237",21,426,171,0,4.27e-12
"microbiome_2026_hunt","GCST90666872","Gut microbiota relative abundance (hMGS.01693: Enterocloster citroniae)","taxon:enterocloster citroniae",12652,"GRCh37","2648a90d7032c268b812fc96620d034c842a39c747a3687866fe4988b52a1e3f","e2bb6beb199bfc576ecf2adc98bc83f014b729be832c4a4f7f2d2e09df552237",21,88,0,0,3.26e-07
"microbiome_2026_hunt","GCST90666873","Gut microbiota relative abundance (hMGS.01694: Enterocloster excrementigallinarum)","taxon:enterocloster excrementigallinarum",12652,"GRCh37","2648a90d7032c268b812fc96620d034c842a39c747a3687866fe4988b52a1e3f","e2bb6beb199bfc576ecf2adc98bc83f014b729be832c4a4f7f2d2e09df552237",21,185,17,0,8.43e-09
"microbiome_2026_hunt","GCST90666874","Gut microbiota relative abundance (hMGS.01706: Fimivivens sp900113995)","taxon:fimivivens sp900113995",12652,"GRCh37","2648a90d7032c268b812fc96620d034c842a39c747a3687866fe4988b52a1e3f","e2bb6beb199bfc576ecf2adc98bc83f014b729be832c4a4f7f2d2e09df552237",21,66,1,0,9.94e-09
"microbiome_2026_hunt","GCST90666875","Gut microbiota relative abundance (hMGS.01717: Holdemania filiformis)","taxon:holdemania filiformis",12652,"GRCh37","2648a90d7032c268b812fc96620d034c842a39c747a3687866fe4988b52a1e3f","e2bb6beb199bfc576ecf2adc98bc83f014b729be832c4a4f7f2d2e09df552237",21,41,0,0,2.17e-07
"microbiome_2026_hunt","GCST90666876","Gut microbiota relative abundance (hMGS.01739: Pauljensenia sp902373545)","taxon:pauljensenia sp902373545",12652,"GRCh37","2648a90d7032c268b812fc96620d034c842a39c747a3687866fe4988b52a1e3f","e2bb6beb199bfc576ecf2adc98bc83f014b729be832c4a4f7f2d2e09df552237",21,40,1,0,1.55e-08
"microbiome_2026_hunt","GCST90666877","Gut microbiota relative abundance (hMGS.01757: Scatosoma sp900552625)","taxon:scatosoma sp900552625",12652,"GRCh37","2648a90d7032c268b812fc96620d034c842a39c747a3687866fe4988b52a1e3f","e2bb6beb199bfc576ecf2adc98bc83f014b729be832c4a4f7f2d2e09df552237",22,23,0,0,5.1e-07
"microbiome_2026_hunt","GCST90666878","Gut microbiota relative abundance (hMGS.01804: Acetatifactor sp900755865)","taxon:acetatifactor sp900755865",12652,"GRCh37","2648a90d7032c268b812fc96620d034c842a39c747a3687866fe4988b52a1e3f","e2bb6beb199bfc576ecf2adc98bc83f014b729be832c4a4f7f2d2e09df552237",22,62,0,0,5.99e-07
"microbiome_2026_hunt","GCST90666879","Gut microbiota relative abundance (hMGS.01829: Blautia A sp900120195)","taxon:blautia a sp900120195",12652,"GRCh37","2648a90d7032c268b812fc96620d034c842a39c747a3687866fe4988b52a1e3f","e2bb6beb199bfc576ecf2adc98bc83f014b729be832c4a4f7f2d2e09df552237",22,149,0,0,6.68e-07
"microbiome_2026_hunt","GCST90666880","Gut microbiota relative abundance (hMGS.01859: Choladousia sp902363135)","taxon:choladousia sp902363135",12652,"GRCh37","2648a90d7032c268b812fc96620d034c842a39c747a3687866fe4988b52a1e3f","e2bb6beb199bfc576ecf2adc98bc83f014b729be832c4a4f7f2d2e09df552237",22,71,0,0,4e-07
"microbiome_2026_hunt","GCST90666881","Gut microbiota relative abundance (hMGS.01886: Dysosmobacter sp900544615)","taxon:dysosmobacter sp900544615",12652,"GRCh37","2648a90d7032c268b812fc96620d034c842a39c747a3687866fe4988b52a1e3f","e2bb6beb199bfc576ecf2adc98bc83f014b729be832c4a4f7f2d2e09df552237",22,50,0,0,2.38e-07
"microbiome_2026_hunt","GCST90666882","Gut microbiota relative abundance (hMGS.01935: Merdisoma sp900066385)","taxon:merdisoma sp900066385",12652,"GRCh37","2648a90d7032c268b812fc96620d034c842a39c747a3687866fe4988b52a1e3f","e2bb6beb199bfc576ecf2adc98bc83f014b729be832c4a4f7f2d2e09df552237",22,154,0,0,1.84e-07
"microbiome_2026_hunt","GCST90666883","Gut microbiota relative abundance (hMGS.01981: Scatomorpha sp900759385)","taxon:scatomorpha sp900759385",12652,"GRCh37","2648a90d7032c268b812fc96620d034c842a39c747a3687866fe4988b52a1e3f","e2bb6beb199bfc576ecf2adc98bc83f014b729be832c4a4f7f2d2e09df552237",22,52,0,0,1.41e-07
"microbiome_2026_hunt","GCST90666884","Gut microbiota relative abundance (hMGS.02003: Turicibacter sanguinis)","taxon:turicibacter sanguinis",12652,"GRCh37","2648a90d7032c268b812fc96620d034c842a39c747a3687866fe4988b52a1e3f","e2bb6beb199bfc576ecf2adc98bc83f014b729be832c4a4f7f2d2e09df552237",22,219,22,0,1.33e-08
"microbiome_2026_hunt","GCST90666885","Gut microbiota relative abundance (hMGS.02007: UBA3818 sp900557155)","taxon:uba3818 sp900557155",12652,"GRCh37","2648a90d7032c268b812fc96620d034c842a39c747a3687866fe4988b52a1e3f","e2bb6beb199bfc576ecf2adc98bc83f014b729be832c4a4f7f2d2e09df552237",22,66,0,0,9.09e-07
"microbiome_2026_hunt","GCST90666886","Gut microbiota relative abundance (hMGS.02013: UMGS1264 sp904399395)","taxon:umgs1264 sp904399395",12652,"GRCh37","2648a90d7032c268b812fc96620d034c842a39c747a3687866fe4988b52a1e3f","e2bb6beb199bfc576ecf2adc98bc83f014b729be832c4a4f7f2d2e09df552237",22,51,0,0,1.18e-06
"microbiome_2026_hunt","GCST90666887","Gut microbiota relative abundance (hMGS.02025: UMGS775 sp900545325)","taxon:umgs775 sp900545325",12652,"GRCh37","2648a90d7032c268b812fc96620d034c842a39c747a3687866fe4988b52a1e3f","e2bb6beb199bfc576ecf2adc98bc83f014b729be832c4a4f7f2d2e09df552237",22,51,0,0,7.58e-07
"microbiome_2026_hunt","GCST90666888","Gut microbiota relative abundance (hMGS.02059: JAGZMM01 hMGS.02059)","taxon:jagzmm01 hmgs.02059",12652,"GRCh37","2648a90d7032c268b812fc96620d034c842a39c747a3687866fe4988b52a1e3f","e2bb6beb199bfc576ecf2adc98bc83f014b729be832c4a4f7f2d2e09df552237",22,109,0,0,2.87e-07
"microbiome_2026_hunt","GCST90666889","Gut microbiota relative abundance (hMGS.02076: Acutalibacter sp900548545)","taxon:acutalibacter sp900548545",12652,"GRCh37","2648a90d7032c268b812fc96620d034c842a39c747a3687866fe4988b52a1e3f","e2bb6beb199bfc576ecf2adc98bc83f014b729be832c4a4f7f2d2e09df552237",22,116,0,0,1.61e-07
"microbiome_2026_hunt","GCST90666890","Gut microbiota relative abundance (hMGS.02079: AF33-28 sp003477885)","taxon:af33-28 sp003477885",12652,"GRCh37","2648a90d7032c268b812fc96620d034c842a39c747a3687866fe4988b52a1e3f","e2bb6beb199bfc576ecf2adc98bc83f014b729be832c4a4f7f2d2e09df552237",22,39,0,0,3.87e-07
"microbiome_2026_hunt","GCST90666891","Gut microbiota relative abundance (hMGS.02091: Anaerotruncus rubiinfantis)","taxon:anaerotruncus rubiinfantis",12652,"GRCh37","2648a90d7032c268b812fc96620d034c842a39c747a3687866fe4988b52a1e3f","e2bb6beb199bfc576ecf2adc98bc83f014b729be832c4a4f7f2d2e09df552237",22,81,0,0,5.21e-07
"microbiome_2026_hunt","GCST90666892","Gut microbiota relative abundance (hMGS.02104: Blautia A hydrogenotrophica)","taxon:blautia a hydrogenotrophica",12652,"GRCh37","2648a90d7032c268b812fc96620d034c842a39c747a3687866fe4988b52a1e3f","e2bb6beb199bfc576ecf2adc98bc83f014b729be832c4a4f7f2d2e09df552237",22,57,0,0,2.12e-07
"microbiome_2026_hunt","GCST90666893","Gut microbiota relative abundance (hMGS.02148: Choladocola sp018223365)","taxon:choladocola sp018223365",12652,"GRCh37","2648a90d7032c268b812fc96620d034c842a39c747a3687866fe4988b52a1e3f","e2bb6beb199bfc576ecf2adc98bc83f014b729be832c4a4f7f2d2e09df552237",23,48,0,0,5.37e-07
"microbiome_2026_hunt","GCST90666894","Gut microbiota relative abundance (hMGS.02167: Copromonas sp900541255)","taxon:copromonas sp900541255",12652,"GRCh37","2648a90d7032c268b812fc96620d034c842a39c747a3687866fe4988b52a1e3f","e2bb6beb199bfc576ecf2adc98bc83f014b729be832c4a4f7f2d2e09df552237",23,47,0,0,8.25e-07
"microbiome_2026_hunt","GCST90666895","Gut microbiota relative abundance (hMGS.02189: Enterocloster asparagiformis)","taxon:enterocloster asparagiformis",12652,"GRCh37","2648a90d7032c268b812fc96620d034c842a39c747a3687866fe4988b52a1e3f","e2bb6beb199bfc576ecf2adc98bc83f014b729be832c4a4f7f2d2e09df552237",23,21,4,0,2.09e-08
"microbiome_2026_hunt","GCST90666896","Gut microbiota relative abundance (hMGS.02223: Holdemania sp900120005)","taxon:holdemania sp900120005",12652,"GRCh37","2648a90d7032c268b812fc96620d034c842a39c747a3687866fe4988b52a1e3f","e2bb6beb199bfc576ecf2adc98bc83f014b729be832c4a4f7f2d2e09df552237",23,89,0,0,1.32e-07
"microbiome_2026_hunt","GCST90666897","Gut microbiota relative abundance (hMGS.02239: Leuconostoc mesenteroides)","taxon:leuconostoc mesenteroides",12652,"GRCh37","2648a90d7032c268b812fc96620d034c842a39c747a3687866fe4988b52a1e3f","e2bb6beb199bfc576ecf2adc98bc83f014b729be832c4a4f7f2d2e09df552237",23,42,0,0,1.2e-07
"microbiome_2026_hunt","GCST90666898","Gut microbiota relative abundance (hMGS.02245: Limivivens sp900066135)","taxon:limivivens sp900066135",12652,"GRCh37","2648a90d7032c268b812fc96620d034c842a39c747a3687866fe4988b52a1e3f","e2bb6beb199bfc576ecf2adc98bc83f014b729be832c4a4f7f2d2e09df552237",23,117,0,0,1.97e-07
"microbiome_2026_hunt","GCST90666899","Gut microbiota relative abundance (hMGS.02248: Massilistercora sp902406105)","taxon:massilistercora sp902406105",12652,"GRCh37","2648a90d7032c268b812fc96620d034c842a39c747a3687866fe4988b52a1e3f","e2bb6beb199bfc576ecf2adc98bc83f014b729be832c4a4f7f2d2e09df552237",23,44,0,0,7.95e-08
"microbiome_2026_hunt","GCST90666900","Gut microbiota relative abundance (hMGS.02249: Merdibacter merdigallinarum)","taxon:merdibacter merdigallinarum",12652,"GRCh37","2648a90d7032c268b812fc96620d034c842a39c747a3687866fe4988b52a1e3f","e2bb6beb199bfc576ecf2adc98bc83f014b729be832c4a4f7f2d2e09df552237",23,176,0,0,1.5e-07
"microbiome_2026_hunt","GCST90666901","Gut microbiota relative abundance (hMGS.02250: Merdisoma faecalis)","taxon:merdisoma faecalis",12652,"GRCh37","2648a90d7032c268b812fc96620d034c842a39c747a3687866fe4988b52a1e3f","e2bb6beb199bfc576ecf2adc98bc83f014b729be832c4a4f7f2d2e09df552237",23,137,0,0,2.03e-07
"microbiome_2026_hunt","GCST90666902","Gut microbiota relative abundance (hMGS.02254: Muricomes contortus B)","taxon:muricomes contortus b",12652,"GRCh37","2648a90d7032c268b812fc96620d034c842a39c747a3687866fe4988b52a1e3f","e2bb6beb199bfc576ecf2adc98bc83f014b729be832c4a4f7f2d2e09df552237",23,91,0,0,5.11e-07
"microbiome_2026_hunt","GCST90666903","Gut microbiota relative abundance (hMGS.02255: Muricomes sp000509105)","taxon:muricomes sp000509105",12652,"GRCh37","2648a90d7032c268b812fc96620d034c842a39c747a3687866fe4988b52a1e3f","e2bb6beb199bfc576ecf2adc98bc83f014b729be832c4a4f7f2d2e09df552237",23,88,0,0,4.93e-07
"microbiome_2026_hunt","GCST90666904","Gut microbiota relative abundance (hMGS.02277: Pauljensenia bouchesdurhonensis)","taxon:pauljensenia bouchesdurhonensis",12652,"GRCh37","2648a90d7032c268b812fc96620d034c842a39c747a3687866fe4988b52a1e3f","e2bb6beb199bfc576ecf2adc98bc83f014b729be832c4a4f7f2d2e09df552237",23,214,30,0,3.67e-09
"microbiome_2026_hunt","GCST90666905","Gut microbiota relative abundance (hMGS.02366: UBA10677 sp900553005)","taxon:uba10677 sp900553005",12652,"GRCh37","2648a90d7032c268b812fc96620d034c842a39c747a3687866fe4988b52a1e3f","e2bb6beb199bfc576ecf2adc98bc83f014b729be832c4a4f7f2d2e09df552237",23,140,0,0,3.38e-07
"microbiome_2026_hunt","GCST90666906","Gut microbiota relative abundance (hMGS.02378: UBA866 sp900543295)","taxon:uba866 sp900543295",12652,"GRCh37","2648a90d7032c268b812fc96620d034c842a39c747a3687866fe4988b52a1e3f","e2bb6beb199bfc576ecf2adc98bc83f014b729be832c4a4f7f2d2e09df552237",23,57,0,0,5.29e-08
"microbiome_2026_hunt","GCST90666907","Gut microbiota relative abundance (hMGS.02393: UMGS882 sp900546385)","taxon:umgs882 sp900546385",12652,"GRCh37","2648a90d7032c268b812fc96620d034c842a39c747a3687866fe4988b52a1e3f","e2bb6beb199bfc576ecf2adc98bc83f014b729be832c4a4f7f2d2e09df552237",23,85,0,0,1.71e-06
"microbiome_2026_hunt","GCST90666908","Gut microbiota relative abundance (hMGS.02480: Ventrisoma faecale)","taxon:ventrisoma faecale",12652,"GRCh37","2648a90d7032c268b812fc96620d034c842a39c747a3687866fe4988b52a1e3f","e2bb6beb199bfc576ecf2adc98bc83f014b729be832c4a4f7f2d2e09df552237",23,168,0,0,1.54e-07
"microbiome_2026_hunt","GCST90666909","Gut microbiota relative abundance (hMGS.02500: Agathobaculum sp900291975)","taxon:agathobaculum sp900291975",12652,"GRCh37","2648a90d7032c268b812fc96620d034c842a39c747a3687866fe4988b52a1e3f","e2bb6beb199bfc576ecf2adc98bc83f014b729be832c4a4f7f2d2e09df552237",24,123,1,0,2.67e-08
"microbiome_2026_hunt","GCST90666910","Gut microbiota relative abundance (hMGS.02524: Avimonas A narfia)","taxon:avimonas a narfia",12652,"GRCh37","2648a90d7032c268b812fc96620d034c842a39c747a3687866fe4988b52a1e3f","e2bb6beb199bfc576ecf2adc98bc83f014b729be832c4a4f7f2d2e09df552237",24,70,1,0,4.12e-08
"microbiome_2026_hunt","GCST90666911","Gut microbiota relative abundance (hMGS.02560: Caccousia avistercoris)","taxon:caccousia avistercoris",12652,"GRCh37","2648a90d7032c268b812fc96620d034c842a39c747a3687866fe4988b52a1e3f","e2bb6beb199bfc576ecf2adc98bc83f014b729be832c4a4f7f2d2e09df552237",24,136,0,0,3.33e-07
"microbiome_2026_hunt","GCST90666912","Gut microbiota relative abundance (hMGS.02604: Choladocola sp003481535)","taxon:choladocola sp003481535",12652,"GRCh37","2648a90d7032c268b812fc96620d034c842a39c747a3687866fe4988b52a1e3f","e2bb6beb199bfc576ecf2adc98bc83f014b729be832c4a4f7f2d2e09df552237",24,75,0,0,2.15e-07
"microbiome_2026_hunt","GCST90666913","Gut microbiota relative abundance (hMGS.02664: Dysosmobacter avistercoris)","taxon:dysosmobacter avistercoris",12652,"GRCh37","2648a90d7032c268b812fc96620d034c842a39c747a3687866fe4988b52a1e3f","e2bb6beb199bfc576ecf2adc98bc83f014b729be832c4a4f7f2d2e09df552237",24,327,74,0,1.02e-08
"microbiome_2026_hunt","GCST90666914","Gut microbiota relative abundance (hMGS.02675: Eisenbergiella sp900555195)","taxon:eisenbergiella sp900555195",12652,"GRCh37","2648a90d7032c268b812fc96620d034c842a39c747a3687866fe4988b52a1e3f","e2bb6beb199bfc576ecf2adc98bc83f014b729be832c4a4f7f2d2e09df552237",24,51,0,0,2.04e-07
"microbiome_2026_hunt","GCST90666915","Gut microbiota relative abundance (hMGS.02680: Enterocloster sp005845215)","taxon:enterocloster sp005845215",12652,"GRCh37","2648a90d7032c268b812fc96620d034c842a39c747a3687866fe4988b52a1e3f","e2bb6beb199bfc576ecf2adc98bc83f014b729be832c4a4f7f2d2e09df552237",24,56,0,0,5.88e-07
"microbiome_2026_hunt","GCST90666916","Gut microbiota relative abundance (hMGS.02710: Fimivivens sp014385025)","taxon:fimivivens sp014385025",12652,"GRCh37","2648a90d7032c268b812fc96620d034c842a39c747a3687866fe4988b52a1e3f","e2bb6beb199bfc576ecf2adc98bc83f014b729be832c4a4f7f2d2e09df552237",24,97,1,0,6.67e-10
"microbiome_2026_hunt","GCST90666917","Gut microbiota relative abundance (hMGS.02714: Flemingibacterium sp900546315)","taxon:flemingibacterium sp900546315",12652,"GRCh37","2648a90d7032c268b812fc96620d034c842a39c747a3687866fe4988b52a1e3f","e2bb6beb199bfc576ecf2adc98bc83f014b729be832c4a4f7f2d2e09df552237",24,85,0,0,1.45e-07
"microbiome_2026_hunt","GCST90666918","Gut microbiota relative abundance (hMGS.02725: Geddesella stercoravicola)","taxon:geddesella stercoravicola",12652,"GRCh37","2648a90d7032c268b812fc96620d034c842a39c747a3687866fe4988b52a1e3f","e2bb6beb199bfc576ecf2adc98bc83f014b729be832c4a4f7f2d2e09df552237",24,38,0,0,5.3e-07
"microbiome_2026_hunt","GCST90666919","Gut microbiota relative abundance (hMGS.02733: Gordonibacter pamelaeae)","taxon:gordonibacter pamelaeae",12652,"GRCh37","2648a90d7032c268b812fc96620d034c842a39c747a3687866fe4988b52a1e3f","e2bb6beb199bfc576ecf2adc98bc83f014b729be832c4a4f7f2d2e09df552237",24,45,1,0,3.92e-08
"microbiome_2026_hunt","GCST90666920","Gut microbiota relative abundance (hMGS.02734: Gordonibacter urolithinfaciens)","taxon:gordonibacter urolithinfaciens",12652,"GRCh37","2648a90d7032c268b812fc96620d034c842a39c747a3687866fe4988b52a1e3f","e2bb6beb199bfc576ecf2adc98bc83f014b729be832c4a4f7f2d2e09df552237",24,39,0,0,8.11e-08
"microbiome_2026_hunt","GCST90666921","Gut microbiota relative abundance (hMGS.02737: Harryflintia acetispora)","taxon:harryflintia acetispora",12652,"GRCh37","2648a90d7032c268b812fc96620d034c842a39c747a3687866fe4988b52a1e3f","e2bb6beb199bfc576ecf2adc98bc83f014b729be832c4a4f7f2d2e09df552237",24,92,0,0,8.61e-07
"microbiome_2026_hunt","GCST90666922","Gut microbiota relative abundance (hMGS.02744: HGM11417 sp900761895)","taxon:hgm11417 sp900761895",12652,"GRCh37","2648a90d7032c268b812fc96620d034c842a39c747a3687866fe4988b52a1e3f","e2bb6beb199bfc576ecf2adc98bc83f014b729be832c4a4f7f2d2e09df552237",24,161,0,0,2.97e-07
"microbiome_2026_hunt","GCST90666923","Gut microbiota relative abundance (hMGS.02749: Holdemania massiliensis)","taxon:holdemania massiliensis",12652,"GRCh37","2648a90d7032c268b812fc96620d034c842a39c747a3687866fe4988b52a1e3f","e2bb6beb199bfc576ecf2adc98bc83f014b729be832c4a4f7f2d2e09df552237",24,75,0,0,3.06e-07
"microbiome_2026_hunt","GCST90666924","Gut microbiota relative abundance (hMGS.02751: Hydrogeniiclostridium mannosilyticum)","taxon:hydrogeniiclostridium mannosilyticum",12652,"GRCh37","2648a90d7032c268b812fc96620d034c842a39c747a3687866fe4988b52a1e3f","e2bb6beb199bfc576ecf2adc98bc83f014b729be832c4a4f7f2d2e09df552237",24,32,0,0,4.97e-07
"microbiome_2026_hunt","GCST90666925","Gut microbiota relative abundance (hMGS.02766: Lachnoclostridium B sp900066765)","taxon:lachnoclostridium b sp900066765",12652,"GRCh37","2648a90d7032c268b812fc96620d034c842a39c747a3687866fe4988b52a1e3f","e2bb6beb199bfc576ecf2adc98bc83f014b729be832c4a4f7f2d2e09df552237",25,52,0,0,5.89e-07
"microbiome_2026_hunt","GCST90666926","Gut microbiota relative abundance (hMGS.02776: Lawsonibacter sp900549405)","taxon:lawsonibacter sp900549405",12652,"GRCh37","2648a90d7032c268b812fc96620d034c842a39c747a3687866fe4988b52a1e3f","e2bb6beb199bfc576ecf2adc98bc83f014b729be832c4a4f7f2d2e09df552237",25,59,0,0,3.01e-07
"microbiome_2026_hunt","GCST90666927","Gut microbiota relative abundance (hMGS.02796: Mailhella merdigallinarum)","taxon:mailhella merdigallinarum",12652,"GRCh37","2648a90d7032c268b812fc96620d034c842a39c747a3687866fe4988b52a1e3f","e2bb6beb199bfc576ecf2adc98bc83f014b729be832c4a4f7f2d2e09df552237",25,35,0,0,1.23e-06
"microbiome_2026_hunt","GCST90666928","Gut microbiota relative abundance (hMGS.02798: Marvinbryantia sp900066075)","taxon:marvinbryantia sp900066075",12652,"GRCh37","2648a90d7032c268b812fc96620d034c842a39c747a3687866fe4988b52a1e3f","e2bb6beb199bfc576ecf2adc98bc83f014b729be832c4a4f7f2d2e09df552237",25,98,0,0,1.44e-07
"microbiome_2026_hunt","GCST90666929","Gut microbiota relative abundance (hMGS.02799: Marvinbryantia sp900544685)","taxon:marvinbryantia sp900544685",12652,"GRCh37","2648a90d7032c268b812fc96620d034c842a39c747a3687866fe4988b52a1e3f","e2bb6beb199bfc576ecf2adc98bc83f014b729be832c4a4f7f2d2e09df552237",25,57,0,0,2.53e-07
"microbiome_2026_hunt","GCST90666930","Gut microbiota relative abundance (hMGS.02800: Massilioclostridium coli)","taxon:massilioclostridium coli",12652,"GRCh37","2648a90d7032c268b812fc96620d034c842a39c747a3687866fe4988b52a1e3f","e2bb6beb199bfc576ecf2adc98bc83f014b729be832c4a4f7f2d2e09df552237",25,65,0,0,2.07e-06
"microbiome_2026_hunt","GCST90666931","Gut microbiota relative abundance (hMGS.02801: Massilioclostridium methylpentosum)","taxon:massilioclostridium methylpentosum",12652,"GRCh37","2648a90d7032c268b812fc96620d034c842a39c747a3687866fe4988b52a1e3f","e2bb6beb199bfc576ecf2adc98bc83f014b729be832c4a4f7f2d2e09df552237",25,64,0,0,5.01e-07
"microbiome_2026_hunt","GCST90666932","Gut microbiota relative abundance (hMGS.02802: Mediterraneibacter A butyricigenes)","taxon:mediterraneibacter a butyricigenes",12652,"GRCh37","2648a90d7032c268b812fc96620d034c842a39c747a3687866fe4988b52a1e3f","e2bb6beb199bfc576ecf2adc98bc83f014b729be832c4a4f7f2d2e09df552237",25,73,0,0,4.85e-07
"microbiome_2026_hunt","GCST90666933","Gut microbiota relative abundance (hMGS.02803: Mediterraneibacter massiliensis)","taxon:mediterraneibacter massiliensis",12652,"GRCh37","2648a90d7032c268b812fc96620d034c842a39c747a3687866fe4988b52a1e3f","e2bb6beb199bfc576ecf2adc98bc83f014b729be832c4a4f7f2d2e09df552237",25,67,0,0,5.44e-07
"microbiome_2026_hunt","GCST90666934","Gut microbiota relative abundance (hMGS.02804: Mediterraneibacter sp900541505)","taxon:mediterraneibacter sp900541505",12652,"GRCh37","2648a90d7032c268b812fc96620d034c842a39c747a3687866fe4988b52a1e3f","e2bb6beb199bfc576ecf2adc98bc83f014b729be832c4a4f7f2d2e09df552237",25,39,0,0,1.93e-07
"microbiome_2026_hunt","GCST90666935","Gut microbiota relative abundance (hMGS.02816: Metalachnospira sp900553995)","taxon:metalachnospira sp900553995",12652,"GRCh37","2648a90d7032c268b812fc96620d034c842a39c747a3687866fe4988b52a1e3f","e2bb6beb199bfc576ecf2adc98bc83f014b729be832c4a4f7f2d2e09df552237",25,35,0,0,5.46e-08
"microbiome_2026_hunt","GCST90666936","Gut microbiota relative abundance (hMGS.02846: Oxalobacter sp900760095)","taxon:oxalobacter sp900760095",12652,"GRCh37","2648a90d7032c268b812fc96620d034c842a39c747a3687866fe4988b52a1e3f","e2bb6beb199bfc576ecf2adc98bc83f014b729be832c4a4f7f2d2e09df552237",25,61,0,0,1e-06
"microbiome_2026_hunt","GCST90666937","Gut microbiota relative abundance (hMGS.02863: Pelethomonas sp900549475)","taxon:pelethomonas sp900549475",12652,"GRCh37","2648a90d7032c268b812fc96620d034c842a39c747a3687866fe4988b52a1e3f","e2bb6beb199bfc576ecf2adc98bc83f014b729be832c4a4f7f2d2e09df552237",25,108,0,0,3.18e-07
"microbiome_2026_hunt","GCST90666938","Gut microbiota relative abundance (hMGS.02876: Phocea massiliensis)","taxon:phocea massiliensis",12652,"GRCh37","2648a90d7032c268b812fc96620d034c842a39c747a3687866fe4988b52a1e3f","e2bb6beb199bfc576ecf2adc98bc83f014b729be832c4a4f7f2d2e09df552237",25,154,0,0,9.71e-08
"microbiome_2026_hunt","GCST90666939","Gut microbiota relative abundance (hMGS.02891: Pseudoflavonifractor capillosus)","taxon:pseudoflavonifractor capillosus",12652,"GRCh37","2648a90d7032c268b812fc96620d034c842a39c747a3687866fe4988b52a1e3f","e2bb6beb199bfc576ecf2adc98bc83f014b729be832c4a4f7f2d2e09df552237",25,122,0,0,7.7e-08
"microbiome_2026_hunt","GCST90666940","Gut microbiota relative abundance (hMGS.02902: RUG11247 sp902767315)","taxon:rug11247 sp902767315",12652,"GRCh37","2648a90d7032c268b812fc96620d034c842a39c747a3687866fe4988b52a1e3f","e2bb6beb199bfc576ecf2adc98bc83f014b729be832c4a4f7f2d2e09df552237",25,88,3,0,1.79e-08
"microbiome_2026_hunt","GCST90666941","Gut microbiota relative abundance (hMGS.02996: UMGS1591 sp900553255)","taxon:umgs1591 sp900553255",12652,"GRCh37","2648a90d7032c268b812fc96620d034c842a39c747a3687866fe4988b52a1e3f","e2bb6beb199bfc576ecf2adc98bc83f014b729be832c4a4f7f2d2e09df552237",26,37,0,0,5.91e-07
"microbiome_2026_hunt","GCST90666942","Gut microbiota relative abundance (hMGS.03161: UMGS1766 hMGS.03161)","taxon:umgs1766 hmgs.03161",12652,"GRCh37","2648a90d7032c268b812fc96620d034c842a39c747a3687866fe4988b52a1e3f","e2bb6beb199bfc576ecf2adc98bc83f014b729be832c4a4f7f2d2e09df552237",26,79,0,0,4.35e-07
"microbiome_2026_hunt","GCST90666943","Gut microbiota relative abundance (hMGS.03197: Faecimorpha hMGS.03197)","taxon:faecimorpha hmgs.03197",12652,"GRCh37","2648a90d7032c268b812fc96620d034c842a39c747a3687866fe4988b52a1e3f","e2bb6beb199bfc576ecf2adc98bc83f014b729be832c4a4f7f2d2e09df552237",26,19,0,0,8.23e-07
"microbiome_2026_hunt","GCST90666944","Gut microbiota relative abundance (hMGS.03238: Ventricola sp900548125)","taxon:ventricola sp900548125",12652,"GRCh37","2648a90d7032c268b812fc96620d034c842a39c747a3687866fe4988b52a1e3f","e2bb6beb199bfc576ecf2adc98bc83f014b729be832c4a4f7f2d2e09df552237",26,84,1,0,4e-08
"microbiome_2026_hunt","GCST90666945","Gut microbiota relative abundance (hMGS.03249: 1XD42-69 sp014287635)","taxon:1xd42-69 sp014287635",12652,"GRCh37","2648a90d7032c268b812fc96620d034c842a39c747a3687866fe4988b52a1e3f","e2bb6beb199bfc576ecf2adc98bc83f014b729be832c4a4f7f2d2e09df552237",26,55,0,0,8.2e-08
"microbiome_2026_hunt","GCST90666946","Gut microbiota relative abundance (hMGS.03349: Avimonas sp900551425)","taxon:avimonas sp900551425",12652,"GRCh37","2648a90d7032c268b812fc96620d034c842a39c747a3687866fe4988b52a1e3f","e2bb6beb199bfc576ecf2adc98bc83f014b729be832c4a4f7f2d2e09df552237",26,10,0,0,1.43e-06
"microbiome_2026_hunt","GCST90666947","Gut microbiota relative abundance (hMGS.03396: Bittarella massiliensis)","taxon:bittarella massiliensis",12652,"GRCh37","2648a90d7032c268b812fc96620d034c842a39c747a3687866fe4988b52a1e3f","e2bb6beb199bfc576ecf2adc98bc83f014b729be832c4a4f7f2d2e09df552237",26,52,0,0,1.06e-06
"microbiome_2026_hunt","GCST90666948","Gut microbiota relative abundance (hMGS.03402: Blautia A sp000285855)","taxon:blautia a sp000285855",12652,"GRCh37","2648a90d7032c268b812fc96620d034c842a39c747a3687866fe4988b52a1e3f","e2bb6beb199bfc576ecf2adc98bc83f014b729be832c4a4f7f2d2e09df552237",26,32,0,0,1.26e-06
"microbiome_2026_hunt","GCST90666949","Gut microbiota relative abundance (hMGS.03432: Butyricicoccus sp900547195)","taxon:butyricicoccus sp900547195",12652,"GRCh37","2648a90d7032c268b812fc96620d034c842a39c747a3687866fe4988b52a1e3f","e2bb6beb199bfc576ecf2adc98bc83f014b729be832c4a4f7f2d2e09df552237",26,62,0,0,1.47e-06
"microbiome_2026_hunt","GCST90666950","Gut microbiota relative abundance (hMGS.03452: CAG-170 sp905214155)","taxon:cag-170 sp905214155",12652,"GRCh37","2648a90d7032c268b812fc96620d034c842a39c747a3687866fe4988b52a1e3f","e2bb6beb199bfc576ecf2adc98bc83f014b729be832c4a4f7f2d2e09df552237",26,84,0,0,1.56e-06
"microbiome_2026_hunt","GCST90666951","Gut microbiota relative abundance (hMGS.03501: CAJFUR01 sp904420575)","taxon:cajfur01 sp904420575",12652,"GRCh37","2648a90d7032c268b812fc96620d034c842a39c747a3687866fe4988b52a1e3f","e2bb6beb199bfc576ecf2adc98bc83f014b729be832c4a4f7f2d2e09df552237",26,56,0,0,1.68e-06
"microbiome_2026_hunt","GCST90666952","Gut microbiota relative abundance (hMGS.03502: CAJJPW01 sp905193725)","taxon:cajjpw01 sp905193725",12652,"GRCh37","2648a90d7032c268b812fc96620d034c842a39c747a3687866fe4988b52a1e3f","e2bb6beb199bfc576ecf2adc98bc83f014b729be832c4a4f7f2d2e09df552237",26,40,0,0,9.94e-08
"microbiome_2026_hunt","GCST90666953","Gut microbiota relative abundance (hMGS.03530: Catenibacillus sp018369015)","taxon:catenibacillus sp018369015",12652,"GRCh37","2648a90d7032c268b812fc96620d034c842a39c747a3687866fe4988b52a1e3f","e2bb6beb199bfc576ecf2adc98bc83f014b729be832c4a4f7f2d2e09df552237",26,141,0,0,6.55e-07
"microbiome_2026_hunt","GCST90666954","Gut microbiota relative abundance (hMGS.03548: Christensenella hongkongensis)","taxon:christensenella hongkongensis",12652,"GRCh37","2648a90d7032c268b812fc96620d034c842a39c747a3687866fe4988b52a1e3f","e2bb6beb199bfc576ecf2adc98bc83f014b729be832c4a4f7f2d2e09df552237",26,112,10,0,4.16e-08
"microbiome_2026_hunt","GCST90666955","Gut microbiota relative abundance (hMGS.03550: Christensenella minuta)","taxon:christensenella minuta",12652,"GRCh37","2648a90d7032c268b812fc96620d034c842a39c747a3687866fe4988b52a1e3f","e2bb6beb199bfc576ecf2adc98bc83f014b729be832c4a4f7f2d2e09df552237",26,100,0,0,7.49e-08
"microbiome_2026_hunt","GCST90666956","Gut microbiota relative abundance (hMGS.03810: Emergencia sp904420065)","taxon:emergencia sp904420065",12652,"GRCh37","2648a90d7032c268b812fc96620d034c842a39c747a3687866fe4988b52a1e3f","e2bb6beb199bfc576ecf2adc98bc83f014b729be832c4a4f7f2d2e09df552237",26,11,0,0,1.59e-06
"microbiome_2026_hunt","GCST90666957","Gut microbiota relative abundance (hMGS.03827: Enterocloster sp900753815)","taxon:enterocloster sp900753815",12652,"GRCh37","2648a90d7032c268b812fc96620d034c842a39c747a3687866fe4988b52a1e3f","e2bb6beb199bfc576ecf2adc98bc83f014b729be832c4a4f7f2d2e09df552237",27,122,58,0,5.86e-12
"microbiome_2026_hunt","GCST90666958","Gut microbiota relative abundance (hMGS.03869: Faecaligallichristensenella faecipullorum)","taxon:faecaligallichristensenella faecipullorum",12652,"GRCh37","2648a90d7032c268b812fc96620d034c842a39c747a3687866fe4988b52a1e3f","e2bb6beb199bfc576ecf2adc98bc83f014b729be832c4a4f7f2d2e09df552237",27,78,1,0,4.62e-08
"microbiome_2026_hunt","GCST90666959","Gut microbiota relative abundance (hMGS.03876: Faecimorpha stercoravium)","taxon:faecimorpha stercoravium",12652,"GRCh37","2648a90d7032c268b812fc96620d034c842a39c747a3687866fe4988b52a1e3f","e2bb6beb199bfc576ecf2adc98bc83f014b729be832c4a4f7f2d2e09df552237",27,51,0,0,1e-06
"microbiome_2026_hunt","GCST90666960","Gut microbiota relative abundance (hMGS.03891: Flavonifractor avistercoris)","taxon:flavonifractor avistercoris",12652,"GRCh37","2648a90d7032c268b812fc96620d034c842a39c747a3687866fe4988b52a1e3f","e2bb6beb199bfc576ecf2adc98bc83f014b729be832c4a4f7f2d2e09df552237",27,206,38,0,1.7e-08
"microbiome_2026_hunt","GCST90666961","Gut microbiota relative abundance (hMGS.03909: Gallacutalibacter pullicola)","taxon:gallacutalibacter pullicola",12652,"GRCh37","2648a90d7032c268b812fc96620d034c842a39c747a3687866fe4988b52a1e3f","e2bb6beb199bfc576ecf2adc98bc83f014b729be832c4a4f7f2d2e09df552237",27,100,0,0,3.75e-07
"microbiome_2026_hunt","GCST90666962","Gut microbiota relative abundance (hMGS.03958: HGM11616 sp900761075)","taxon:hgm11616 sp900761075",12652,"GRCh37","2648a90d7032c268b812fc96620d034c842a39c747a3687866fe4988b52a1e3f","e2bb6beb199bfc576ecf2adc98bc83f014b729be832c4a4f7f2d2e09df552237",27,28,0,0,1.14e-07
"microbiome_2026_hunt","GCST90666963","Gut microbiota relative abundance (hMGS.03962: HGM12998 sp900756495)","taxon:hgm12998 sp900756495",12652,"GRCh37","2648a90d7032c268b812fc96620d034c842a39c747a3687866fe4988b52a1e3f","e2bb6beb199bfc576ecf2adc98bc83f014b729be832c4a4f7f2d2e09df552237",27,103,0,0,5.19e-07
"microbiome_2026_hunt","GCST90666964","Gut microbiota relative abundance (hMGS.03963: HGM13006 sp905201305)","taxon:hgm13006 sp905201305",12652,"GRCh37","2648a90d7032c268b812fc96620d034c842a39c747a3687866fe4988b52a1e3f","e2bb6beb199bfc576ecf2adc98bc83f014b729be832c4a4f7f2d2e09df552237",27,41,0,0,2.05e-06
"microbiome_2026_hunt","GCST90666965","Gut microbiota relative abundance (hMGS.03966: HGM14224 sp900761905)","taxon:hgm14224 sp900761905",12652,"GRCh37","2648a90d7032c268b812fc96620d034c842a39c747a3687866fe4988b52a1e3f","e2bb6beb199bfc576ecf2adc98bc83f014b729be832c4a4f7f2d2e09df552237",27,109,4,0,5.06e-09
"microbiome_2026_hunt","GCST90666966","Gut microbiota relative abundance (hMGS.03975: JAGTTR01 sp018223385)","taxon:jagttr01 sp018223385",12652,"GRCh37","2648a90d7032c268b812fc96620d034c842a39c747a3687866fe4988b52a1e3f","e2bb6beb199bfc576ecf2adc98bc83f014b729be832c4a4f7f2d2e09df552237",27,55,0,0,7.08e-07
"microbiome_2026_hunt","GCST90666967","Gut microbiota relative abundance (hMGS.04126: Neobittarella massiliensis)","taxon:neobittarella massiliensis",12652,"GRCh37","2648a90d7032c268b812fc96620d034c842a39c747a3687866fe4988b52a1e3f","e2bb6beb199bfc576ecf2adc98bc83f014b729be832c4a4f7f2d2e09df552237",27,55,0,0,1.74e-07
"microbiome_2026_hunt","GCST90666968","Gut microbiota relative abundance (hMGS.04187: Parachristensenella sp900542005)","taxon:parachristensenella sp900542005",12652,"GRCh37","2648a90d7032c268b812fc96620d034c842a39c747a3687866fe4988b52a1e3f","e2bb6beb199bfc576ecf2adc98bc83f014b729be832c4a4f7f2d2e09df552237",27,57,0,0,7.94e-08
"microbiome_2026_hunt","GCST90666969","Gut microbiota relative abundance (hMGS.04286: Pseudobutyricicoccus lothianensis)","taxon:pseudobutyricicoccus lothianensis",12652,"GRCh37","2648a90d7032c268b812fc96620d034c842a39c747a3687866fe4988b52a1e3f","e2bb6beb199bfc576ecf2adc98bc83f014b729be832c4a4f7f2d2e09df552237",27,97,0,0,5.82e-07
"microbiome_2026_hunt","GCST90666970","Gut microbiota relative abundance (hMGS.04307: Pseudoscilispira sp018369915)","taxon:pseudoscilispira sp018369915",12652,"GRCh37","2648a90d7032c268b812fc96620d034c842a39c747a3687866fe4988b52a1e3f","e2bb6beb199bfc576ecf2adc98bc83f014b729be832c4a4f7f2d2e09df552237",27,199,1,0,2.95e-08
"microbiome_2026_hunt","GCST90666971","Gut microbiota relative abundance (hMGS.04310: Pullichristensenella excrementipullorum)","taxon:pullichristensenella excrementipullorum",12652,"GRCh37","2648a90d7032c268b812fc96620d034c842a39c747a3687866fe4988b52a1e3f","e2bb6beb199bfc576ecf2adc98bc83f014b729be832c4a4f7f2d2e09df552237",27,149,0,0,1.82e-07
"microbiome_2026_hunt","GCST90666972","Gut microbiota relative abundance (hMGS.04311: QAKD01 sp003343965)","taxon:qakd01 sp003343965",12652,"GRCh37","2648a90d7032c268b812fc96620d034c842a39c747a3687866fe4988b52a1e3f","e2bb6beb199bfc576ecf2adc98bc83f014b729be832c4a4f7f2d2e09df552237",27,39,0,0,3.74e-07
"microbiome_2026_hunt","GCST90666973","Gut microbiota relative abundance (hMGS.04312: QAKW01 sp003343605)","taxon:qakw01 sp003343605",12652,"GRCh37","2648a90d7032c268b812fc96620d034c842a39c747a3687866fe4988b52a1e3f","e2bb6beb199bfc576ecf2adc98bc83f014b729be832c4a4f7f2d2e09df552237",28,45,0,0,4.64e-07
"microbiome_2026_hunt","GCST90666974","Gut microbiota relative abundance (hMGS.04317: QAMM01 sp003150405)","taxon:qamm01 sp003150405",12652,"GRCh37","2648a90d7032c268b812fc96620d034c842a39c747a3687866fe4988b52a1e3f","e2bb6beb199bfc576ecf2adc98bc83f014b729be832c4a4f7f2d2e09df552237",28,189,0,0,1.94e-07
"microbiome_2026_hunt","GCST90666975","Gut microbiota relative abundance (hMGS.04318: QAMM01 sp902766785)","taxon:qamm01 sp902766785",12652,"GRCh37","2648a90d7032c268b812fc96620d034c842a39c747a3687866fe4988b52a1e3f","e2bb6beb199bfc576ecf2adc98bc83f014b729be832c4a4f7f2d2e09df552237",28,75,1,0,3.8e-08
"microbiome_2026_hunt","GCST90666976","Gut microbiota relative abundance (hMGS.04320: QANA01 sp900554725)","taxon:qana01 sp900554725",12652,"GRCh37","2648a90d7032c268b812fc96620d034c842a39c747a3687866fe4988b52a1e3f","e2bb6beb199bfc576ecf2adc98bc83f014b729be832c4a4f7f2d2e09df552237",28,60,2,0,3.87e-08
"microbiome_2026_hunt","GCST90666977","Gut microbiota relative abundance (hMGS.04325: RGIG4076 sp905198155)","taxon:rgig4076 sp905198155",12652,"GRCh37","2648a90d7032c268b812fc96620d034c842a39c747a3687866fe4988b52a1e3f","e2bb6beb199bfc576ecf2adc98bc83f014b729be832c4a4f7f2d2e09df552237",28,78,0,0,7.23e-08
"microbiome_2026_hunt","GCST90666978","Gut microbiota relative abundance (hMGS.04383: Solibaculum mannosilyticum)","taxon:solibaculum mannosilyticum",12652,"GRCh37","2648a90d7032c268b812fc96620d034c842a39c747a3687866fe4988b52a1e3f","e2bb6beb199bfc576ecf2adc98bc83f014b729be832c4a4f7f2d2e09df552237",28,58,0,0,2.38e-07
"microbiome_2026_hunt","GCST90666979","Gut microbiota relative abundance (hMGS.04522: UBA3818 sp904397845)","taxon:uba3818 sp904397845",12652,"GRCh37","2648a90d7032c268b812fc96620d034c842a39c747a3687866fe4988b52a1e3f","e2bb6beb199bfc576ecf2adc98bc83f014b729be832c4a4f7f2d2e09df552237",28,17,0,0,3.06e-06
"microbiome_2026_hunt","GCST90666980","Gut microbiota relative abundance (hMGS.04558: UMGS1591 sp905198295)","taxon:umgs1591 sp905198295",12652,"GRCh37","2648a90d7032c268b812fc96620d034c842a39c747a3687866fe4988b52a1e3f","e2bb6beb199bfc576ecf2adc98bc83f014b729be832c4a4f7f2d2e09df552237",28,36,0,0,5.21e-07
"microbiome_2026_hunt","GCST90666981","Gut microbiota relative abundance (hMGS.04561: UMGS1766 sp900554855)","taxon:umgs1766 sp900554855",12652,"GRCh37","2648a90d7032c268b812fc96620d034c842a39c747a3687866fe4988b52a1e3f","e2bb6beb199bfc576ecf2adc98bc83f014b729be832c4a4f7f2d2e09df552237",28,110,0,0,1.2e-06
"microbiome_2026_hunt","GCST90666982","Gut microbiota relative abundance (hMGS.04635: Parachristensenella hMGS.04635)","taxon:parachristensenella hmgs.04635",12652,"GRCh37","2648a90d7032c268b812fc96620d034c842a39c747a3687866fe4988b52a1e3f","e2bb6beb199bfc576ecf2adc98bc83f014b729be832c4a4f7f2d2e09df552237",28,68,0,0,1.14e-06
"microbiome_2026_hunt","GCST90666983","Gut microbiota relative abundance (hMGS.04728: Gallacutalibacter A hMGS.04728)","taxon:gallacutalibacter a hmgs.04728",12652,"GRCh37","2648a90d7032c268b812fc96620d034c842a39c747a3687866fe4988b52a1e3f","e2bb6beb199bfc576ecf2adc98bc83f014b729be832c4a4f7f2d2e09df552237",28,18,0,0,9.22e-08
"microbiome_2026_hunt","GCST90666984","Gut microbiota relative abundance (hMGS.04791: CAKTXU01 hMGS.04791)","taxon:caktxu01 hmgs.04791",12652,"GRCh37","2648a90d7032c268b812fc96620d034c842a39c747a3687866fe4988b52a1e3f","e2bb6beb199bfc576ecf2adc98bc83f014b729be832c4a4f7f2d2e09df552237",28,39,0,0,2.38e-06
"microbiome_2026_hunt","GCST90666985","Gut microbiota relative abundance (hMGS.04797: UMGS1623 hMGS.04797)","taxon:umgs1623 hmgs.04797",12652,"GRCh37","2648a90d7032c268b812fc96620d034c842a39c747a3687866fe4988b52a1e3f","e2bb6beb199bfc576ecf2adc98bc83f014b729be832c4a4f7f2d2e09df552237",28,38,0,0,8.94e-07
"microbiome_2026_hunt","GCST90666986","Gut microbiota relative abundance (hMGS.04802: Fumia hMGS.04802)","taxon:fumia hmgs.04802",12652,"GRCh37","2648a90d7032c268b812fc96620d034c842a39c747a3687866fe4988b52a1e3f","e2bb6beb199bfc576ecf2adc98bc83f014b729be832c4a4f7f2d2e09df552237",28,76,0,0,6.44e-07
"microbiome_2026_hunt","GCST90666987","Gut microbiota relative abundance (hMGS.05315: Ruminococcaceae hMGS.05315)","taxon:ruminococcaceae hmgs.05315",12652,"GRCh37","2648a90d7032c268b812fc96620d034c842a39c747a3687866fe4988b52a1e3f","e2bb6beb199bfc576ecf2adc98bc83f014b729be832c4a4f7f2d2e09df552237",28,121,1,0,3.8e-08
"microbiome_2026_hunt","GCST90666988","Gut microbiota relative abundance (hMGS.05500: Pullichristensenella hMGS.05500)","taxon:pullichristensenella hmgs.05500",12652,"GRCh37","2648a90d7032c268b812fc96620d034c842a39c747a3687866fe4988b52a1e3f","e2bb6beb199bfc576ecf2adc98bc83f014b729be832c4a4f7f2d2e09df552237",28,24,0,0,7.99e-07
"microbiome_2026_hunt","GCST90666989","Gut microbiota relative abundance (hMGS.05507: Dysosmobacter hMGS.05507)","taxon:dysosmobacter hmgs.05507",12652,"GRCh37","2648a90d7032c268b812fc96620d034c842a39c747a3687866fe4988b52a1e3f","e2bb6beb199bfc576ecf2adc98bc83f014b729be832c4a4f7f2d2e09df552237",29,125,0,0,6.33e-07
"microbiome_2026_hunt","GCST90666990","Gut microbiota relative abundance (hMGS.05537: Flavonifractor hMGS.05537)","taxon:flavonifractor hmgs.05537",12652,"GRCh37","2648a90d7032c268b812fc96620d034c842a39c747a3687866fe4988b52a1e3f","e2bb6beb199bfc576ecf2adc98bc83f014b729be832c4a4f7f2d2e09df552237",29,42,0,0,2.93e-07
"microbiome_2026_hunt","GCST90666991","Gut microbiota relative abundance (hMGS.05548: Pullichristensenella hMGS.05548)","taxon:pullichristensenella hmgs.05548",12652,"GRCh37","2648a90d7032c268b812fc96620d034c842a39c747a3687866fe4988b52a1e3f","e2bb6beb199bfc576ecf2adc98bc83f014b729be832c4a4f7f2d2e09df552237",29,125,1,0,4.71e-08
"microbiome_2026_hunt","GCST90666992","Gut microbiota relative abundance (hMGS.05753: Prevotella copri hMGS.05753)","taxon:prevotella copri hmgs.05753",12652,"GRCh37","2648a90d7032c268b812fc96620d034c842a39c747a3687866fe4988b52a1e3f","e2bb6beb199bfc576ecf2adc98bc83f014b729be832c4a4f7f2d2e09df552237",29,95,0,0,6.89e-07
"microbiome_2026_hunt","GCST90666993","Gut microbiota relative abundance (hMGS.05754: Wujia chipingensis)","taxon:wujia chipingensis",12652,"GRCh37","2648a90d7032c268b812fc96620d034c842a39c747a3687866fe4988b52a1e3f","e2bb6beb199bfc576ecf2adc98bc83f014b729be832c4a4f7f2d2e09df552237",29,134,2,0,2.99e-09
"microbiome_2026_hunt","GCST90666994","Gut microbiota relative abundance (hMGS.05755: Collinsella aerofaciens hMGS.05755)","taxon:collinsella aerofaciens hmgs.05755",12652,"GRCh37","2648a90d7032c268b812fc96620d034c842a39c747a3687866fe4988b52a1e3f","e2bb6beb199bfc576ecf2adc98bc83f014b729be832c4a4f7f2d2e09df552237",29,67,1,0,5.41e-09
"microbiome_2026_hunt","GCST90666995","Gut microbiota relative abundance (hMGS.05756: Faecalibacterium longum)","taxon:faecalibacterium longum",12652,"GRCh37","2648a90d7032c268b812fc96620d034c842a39c747a3687866fe4988b52a1e3f","e2bb6beb199bfc576ecf2adc98bc83f014b729be832c4a4f7f2d2e09df552237",29,86,2,0,7.58e-10
"microbiome_2026_hunt","GCST90666996","Gut microbiota relative abundance (hMGS.05757: Lachnospira rogosae)","taxon:lachnospira rogosae",12652,"GRCh37","2648a90d7032c268b812fc96620d034c842a39c747a3687866fe4988b52a1e3f","e2bb6beb199bfc576ecf2adc98bc83f014b729be832c4a4f7f2d2e09df552237",29,91,0,0,4.49e-07
"microbiome_2026_hunt","GCST90666997","Gut microbiota relative abundance (hMGS.05759: Veillonella parvula hMGS.05759)","taxon:veillonella parvula hmgs.05759",12652,"GRCh37","2648a90d7032c268b812fc96620d034c842a39c747a3687866fe4988b52a1e3f","e2bb6beb199bfc576ecf2adc98bc83f014b729be832c4a4f7f2d2e09df552237",29,49,0,0,4.42e-07
"microbiome_2026_hunt","GCST90666998","Gut microbiota relative abundance (hMGS.05764: Faecalibacterium duncaniae)","taxon:faecalibacterium duncaniae",12652,"GRCh37","2648a90d7032c268b812fc96620d034c842a39c747a3687866fe4988b52a1e3f","e2bb6beb199bfc576ecf2adc98bc83f014b729be832c4a4f7f2d2e09df552237",29,29,0,0,2.76e-07
"microbiome_2026_hunt","GCST90666999","Gut microbiota relative abundance (hMGS.05777: Vescimonas coprocola)","taxon:vescimonas coprocola",12652,"GRCh37","2648a90d7032c268b812fc96620d034c842a39c747a3687866fe4988b52a1e3f","e2bb6beb199bfc576ecf2adc98bc83f014b729be832c4a4f7f2d2e09df552237",29,74,0,0,5.51e-07
"microbiome_2026_hunt","GCST90667000","Gut microbiota relative abundance (hMGS.05778: Vescimonas sp000435555)","taxon:vescimonas sp000435555",12652,"GRCh37","2648a90d7032c268b812fc96620d034c842a39c747a3687866fe4988b52a1e3f","e2bb6beb199bfc576ecf2adc98bc83f014b729be832c4a4f7f2d2e09df552237",29,108,0,0,9.84e-07
"microbiome_2026_hunt","GCST90667001","Gut microbiota relative abundance (hMGS.05783: Anaerotardibacter sp000436075)","taxon:anaerotardibacter sp000436075",12652,"GRCh37","2648a90d7032c268b812fc96620d034c842a39c747a3687866fe4988b52a1e3f","e2bb6beb199bfc576ecf2adc98bc83f014b729be832c4a4f7f2d2e09df552237",29,124,0,0,1.09e-07
"microbiome_2026_hunt","GCST90667002","Gut microbiota relative abundance (hMGS.05788: Pseudoruminococcus massiliensis)","taxon:pseudoruminococcus massiliensis",12652,"GRCh37","2648a90d7032c268b812fc96620d034c842a39c747a3687866fe4988b52a1e3f","e2bb6beb199bfc576ecf2adc98bc83f014b729be832c4a4f7f2d2e09df552237",29,89,0,0,5.84e-07
"microbiome_2026_hunt","GCST90667003","Gut microbiota relative abundance (hMGS.05799: Actinomyces graevenitzii hMGS.05799)","taxon:actinomyces graevenitzii hmgs.05799",12652,"GRCh37","2648a90d7032c268b812fc96620d034c842a39c747a3687866fe4988b52a1e3f","e2bb6beb199bfc576ecf2adc98bc83f014b729be832c4a4f7f2d2e09df552237",29,104,0,0,5.94e-08
"microbiome_2026_hunt","GCST90667004","Gut microbiota relative abundance (hMGS.05801: Anaerotardibacter sp000435675)","taxon:anaerotardibacter sp000435675",12652,"GRCh37","2648a90d7032c268b812fc96620d034c842a39c747a3687866fe4988b52a1e3f","e2bb6beb199bfc576ecf2adc98bc83f014b729be832c4a4f7f2d2e09df552237",29,45,0,0,7.07e-07
"microbiome_2026_hunt","GCST90667005","Gut microbiota relative abundance (hMGS.05802: Vescimonas sp001916855)","taxon:vescimonas sp001916855",12652,"GRCh37","2648a90d7032c268b812fc96620d034c842a39c747a3687866fe4988b52a1e3f","e2bb6beb199bfc576ecf2adc98bc83f014b729be832c4a4f7f2d2e09df552237",30,131,0,0,4.99e-07
"microbiome_2026_hunt","GCST90667006","Gut microbiota relative abundance (hMGS.05807: Hominisplanchenecus faecis)","taxon:hominisplanchenecus faecis",12652,"GRCh37","2648a90d7032c268b812fc96620d034c842a39c747a3687866fe4988b52a1e3f","e2bb6beb199bfc576ecf2adc98bc83f014b729be832c4a4f7f2d2e09df552237",30,47,0,0,1.95e-07
"microbiome_2026_hunt","GCST90667007","Gut microbiota relative abundance (hMGS.05810: Faecalibacterium hattorii)","taxon:faecalibacterium hattorii",12652,"GRCh37","2648a90d7032c268b812fc96620d034c842a39c747a3687866fe4988b52a1e3f","e2bb6beb199bfc576ecf2adc98bc83f014b729be832c4a4f7f2d2e09df552237",30,65,0,0,3.33e-07
"microbiome_2026_hunt","GCST90667008","Gut microbiota relative abundance (hMGS.05822: Vescimonas sp000435975)","taxon:vescimonas sp000435975",12652,"GRCh37","2648a90d7032c268b812fc96620d034c842a39c747a3687866fe4988b52a1e3f","e2bb6beb199bfc576ecf2adc98bc83f014b729be832c4a4f7f2d2e09df552237",30,44,0,0,1.15e-07
"microbiome_2026_hunt","GCST90667009","Gut microbiota relative abundance (hMGS.05834: Vescimonas sp900545585)","taxon:vescimonas sp900545585",12652,"GRCh37","2648a90d7032c268b812fc96620d034c842a39c747a3687866fe4988b52a1e3f","e2bb6beb199bfc576ecf2adc98bc83f014b729be832c4a4f7f2d2e09df552237",30,33,0,0,9.16e-08
"microbiome_2026_hunt","GCST90667010","Gut microbiota relative abundance (hMGS.05848: Vescimonas sp900548615)","taxon:vescimonas sp900548615",12652,"GRCh37","2648a90d7032c268b812fc96620d034c842a39c747a3687866fe4988b52a1e3f","e2bb6beb199bfc576ecf2adc98bc83f014b729be832c4a4f7f2d2e09df552237",30,67,0,0,6.05e-07
"microbiome_2026_hunt","GCST90667011","Gut microbiota relative abundance (hMGS.05851: Adlercreutzia hattorii)","taxon:adlercreutzia hattorii",12652,"GRCh37","2648a90d7032c268b812fc96620d034c842a39c747a3687866fe4988b52a1e3f","e2bb6beb199bfc576ecf2adc98bc83f014b729be832c4a4f7f2d2e09df552237",30,81,1,0,4.65e-08
"microbiome_2026_hunt","GCST90667012","Gut microbiota relative abundance (hMGS.05852: Coprococcus A catus A)","taxon:coprococcus a catus a",12652,"GRCh37","2648a90d7032c268b812fc96620d034c842a39c747a3687866fe4988b52a1e3f","e2bb6beb199bfc576ecf2adc98bc83f014b729be832c4a4f7f2d2e09df552237",30,84,0,0,4.68e-07
"microbiome_2026_hunt","GCST90667013","Gut microbiota relative abundance (hMGS.05873: Tidjanibacter inops)","taxon:tidjanibacter inops",12652,"GRCh37","2648a90d7032c268b812fc96620d034c842a39c747a3687866fe4988b52a1e3f","e2bb6beb199bfc576ecf2adc98bc83f014b729be832c4a4f7f2d2e09df552237",30,158,0,0,9.4e-07
"microbiome_2026_hunt","GCST90667014","Gut microbiota relative abundance (hMGS.05886: Thomasclavelia ramosa)","taxon:thomasclavelia ramosa",12652,"GRCh37","2648a90d7032c268b812fc96620d034c842a39c747a3687866fe4988b52a1e3f","e2bb6beb199bfc576ecf2adc98bc83f014b729be832c4a4f7f2d2e09df552237",30,87,0,0,4.06e-07
"microbiome_2026_hunt","GCST90667015","Gut microbiota relative abundance (hMGS.05893: Gallibacter brachus)","taxon:gallibacter brachus",12652,"GRCh37","2648a90d7032c268b812fc96620d034c842a39c747a3687866fe4988b52a1e3f","e2bb6beb199bfc576ecf2adc98bc83f014b729be832c4a4f7f2d2e09df552237",30,104,0,0,7.95e-08
"microbiome_2026_hunt","GCST90667016","Gut microbiota relative abundance (hMGS.05943: Vescimonas sp900552475)","taxon:vescimonas sp900552475",12652,"GRCh37","2648a90d7032c268b812fc96620d034c842a39c747a3687866fe4988b52a1e3f","e2bb6beb199bfc576ecf2adc98bc83f014b729be832c4a4f7f2d2e09df552237",30,117,0,0,9.93e-07
"microbiome_2026_hunt","GCST90667017","Gut microbiota relative abundance (hMGS.05945: Lentihominibacter faecis)","taxon:lentihominibacter faecis",12652,"GRCh37","2648a90d7032c268b812fc96620d034c842a39c747a3687866fe4988b52a1e3f","e2bb6beb199bfc576ecf2adc98bc83f014b729be832c4a4f7f2d2e09df552237",30,68,0,0,1.39e-06
"microbiome_2026_hunt","GCST90667018","Gut microbiota relative abundance (hMGS.05958: Vescimonas fastidiosa)","taxon:vescimonas fastidiosa",12652,"GRCh37","2648a90d7032c268b812fc96620d034c842a39c747a3687866fe4988b52a1e3f","e2bb6beb199bfc576ecf2adc98bc83f014b729be832c4a4f7f2d2e09df552237",30,30,1,0,1.02e-08
"microbiome_2026_hunt","GCST90667019","Gut microbiota relative abundance (hMGS.06002: Thomasclavelia spiroformis)","taxon:thomasclavelia spiroformis",12652,"GRCh37","2648a90d7032c268b812fc96620d034c842a39c747a3687866fe4988b52a1e3f","e2bb6beb199bfc576ecf2adc98bc83f014b729be832c4a4f7f2d2e09df552237",30,60,0,0,1.02e-06
"microbiome_2026_hunt","GCST90667020","Gut microbiota relative abundance (hMGS.06036: UMGS1623 sp934647945)","taxon:umgs1623 sp934647945",12652,"GRCh37","2648a90d7032c268b812fc96620d034c842a39c747a3687866fe4988b52a1e3f","e2bb6beb199bfc576ecf2adc98bc83f014b729be832c4a4f7f2d2e09df552237",30,140,62,0,1.96e-17
"microbiome_2026_hunt","GCST90667021","Gut microbiota relative abundance (hMGS.06066: Hungatella hathewayi)","taxon:hungatella hathewayi",12652,"GRCh37","2648a90d7032c268b812fc96620d034c842a39c747a3687866fe4988b52a1e3f","e2bb6beb199bfc576ecf2adc98bc83f014b729be832c4a4f7f2d2e09df552237",31,45,0,0,5.35e-07
"microbiome_2026_hunt","GCST90667022","Gut microbiota relative abundance (hMGS.06108: Turicibacter bilis)","taxon:turicibacter bilis",12652,"GRCh37","2648a90d7032c268b812fc96620d034c842a39c747a3687866fe4988b52a1e3f","e2bb6beb199bfc576ecf2adc98bc83f014b729be832c4a4f7f2d2e09df552237",31,397,1,0,2.85e-08
"microbiome_2026_hunt","GCST90667023","Gut microbiota relative abundance (hMGS.06168: Massilimicrobiota merdigallinarum)","taxon:massilimicrobiota merdigallinarum",12652,"GRCh37","2648a90d7032c268b812fc96620d034c842a39c747a3687866fe4988b52a1e3f","e2bb6beb199bfc576ecf2adc98bc83f014b729be832c4a4f7f2d2e09df552237",31,82,0,0,9.78e-08
"microbiome_2026_hunt","GCST90667024","Gut microbiota relative abundance (hMGS.06190: Lactonifactor sp009677585)","taxon:lactonifactor sp009677585",12652,"GRCh37","2648a90d7032c268b812fc96620d034c842a39c747a3687866fe4988b52a1e3f","e2bb6beb199bfc576ecf2adc98bc83f014b729be832c4a4f7f2d2e09df552237",31,46,0,0,7.39e-08
"microbiome_2026_hunt","GCST90667025","Gut microbiota relative abundance (hMGS.06276: Blautia A wexlerae B)","taxon:blautia a wexlerae b",12652,"GRCh37","2648a90d7032c268b812fc96620d034c842a39c747a3687866fe4988b52a1e3f","e2bb6beb199bfc576ecf2adc98bc83f014b729be832c4a4f7f2d2e09df552237",31,52,0,0,1.58e-06
"microbiome_2026_hunt","GCST90667026","Gut microbiota relative abundance (hMGS.06330: Enterocloster pacaense)","taxon:enterocloster pacaense",12652,"GRCh37","2648a90d7032c268b812fc96620d034c842a39c747a3687866fe4988b52a1e3f","e2bb6beb199bfc576ecf2adc98bc83f014b729be832c4a4f7f2d2e09df552237",31,59,0,0,4.75e-07
"microbiome_2026_hunt","GCST90667027","Gut microbiota relative abundance (hMGS.06387: Intestinimonas pullistercoris)","taxon:intestinimonas pullistercoris",12652,"GRCh37","2648a90d7032c268b812fc96620d034c842a39c747a3687866fe4988b52a1e3f","e2bb6beb199bfc576ecf2adc98bc83f014b729be832c4a4f7f2d2e09df552237",31,100,0,0,4.05e-07
"microbiome_2026_hunt","GCST90667028","Gut microbiota relative abundance (hMGS.06388: Granulicatella hMGS.06388)","taxon:granulicatella hmgs.06388",12652,"GRCh37","2648a90d7032c268b812fc96620d034c842a39c747a3687866fe4988b52a1e3f","e2bb6beb199bfc576ecf2adc98bc83f014b729be832c4a4f7f2d2e09df552237",31,26,0,0,1.28e-06
"microbiome_2026_hunt","GCST90667029","Gut microbiota relative abundance (hMGS.06401: Merdisoma sp014290175)","taxon:merdisoma sp014290175",12652,"GRCh37","2648a90d7032c268b812fc96620d034c842a39c747a3687866fe4988b52a1e3f","e2bb6beb199bfc576ecf2adc98bc83f014b729be832c4a4f7f2d2e09df552237",31,47,1,0,2.22e-08
"microbiome_2026_hunt","GCST90667030","Gut microbiota relative abundance (hMGS.06426: Dysosmobacter sp944387015)","taxon:dysosmobacter sp944387015",12652,"GRCh37","2648a90d7032c268b812fc96620d034c842a39c747a3687866fe4988b52a1e3f","e2bb6beb199bfc576ecf2adc98bc83f014b729be832c4a4f7f2d2e09df552237",31,44,0,0,8.92e-07
"microbiome_2026_hunt","GCST90667031","Gut microbiota relative abundance (hMGS.06468: Massilimicrobiota sp002160865)","taxon:massilimicrobiota sp002160865",12652,"GRCh37","2648a90d7032c268b812fc96620d034c842a39c747a3687866fe4988b52a1e3f","e2bb6beb199bfc576ecf2adc98bc83f014b729be832c4a4f7f2d2e09df552237",31,35,0,0,1.16e-06
"microbiome_2026_hunt","GCST90667032","Gut microbiota relative abundance (hMGS.06530: Lachnoclostridium A avicola)","taxon:lachnoclostridium a avicola",12652,"GRCh37","2648a90d7032c268b812fc96620d034c842a39c747a3687866fe4988b52a1e3f","e2bb6beb199bfc576ecf2adc98bc83f014b729be832c4a4f7f2d2e09df552237",31,97,0,0,2.9e-07
"microbiome_2026_hunt","GCST90667033","Gut microbiota relative abundance (hMGS.06556: Yeguia hominis)","taxon:yeguia hominis",12652,"GRCh37","2648a90d7032c268b812fc96620d034c842a39c747a3687866fe4988b52a1e3f","e2bb6beb199bfc576ecf2adc98bc83f014b729be832c4a4f7f2d2e09df552237",31,93,0,0,7.93e-08
"microbiome_2026_hunt","GCST90667034","Gut microbiota relative abundance (hMGS.06563: Aphodomonas sp934615235)","taxon:aphodomonas sp934615235",12652,"GRCh37","2648a90d7032c268b812fc96620d034c842a39c747a3687866fe4988b52a1e3f","e2bb6beb199bfc576ecf2adc98bc83f014b729be832c4a4f7f2d2e09df552237",31,147,0,0,1.35e-07
"microbiome_2026_hunt","GCST90667035","Gut microbiota relative abundance (hMGS.06584: Dysosmobacter pullicola)","taxon:dysosmobacter pullicola",12652,"GRCh37","2648a90d7032c268b812fc96620d034c842a39c747a3687866fe4988b52a1e3f","e2bb6beb199bfc576ecf2adc98bc83f014b729be832c4a4f7f2d2e09df552237",31,75,0,0,2.53e-07
"microbiome_2026_hunt","GCST90667036","Gut microbiota relative abundance (hMGS.06594: Dysosmobacter sp944387035)","taxon:dysosmobacter sp944387035",12652,"GRCh37","2648a90d7032c268b812fc96620d034c842a39c747a3687866fe4988b52a1e3f","e2bb6beb199bfc576ecf2adc98bc83f014b729be832c4a4f7f2d2e09df552237",31,16,0,0,9.37e-07
"microbiome_2026_hunt","GCST90667037","Gut microbiota relative abundance (hMGS.06598: Pauljensenia sp916439125)","taxon:pauljensenia sp916439125",12652,"GRCh37","2648a90d7032c268b812fc96620d034c842a39c747a3687866fe4988b52a1e3f","e2bb6beb199bfc576ecf2adc98bc83f014b729be832c4a4f7f2d2e09df552237",32,104,0,0,8.28e-07
"microbiome_2026_hunt","GCST90667038","Gut microbiota relative abundance (hMGS.06610: Copromonas faecavium)","taxon:copromonas faecavium",12652,"GRCh37","2648a90d7032c268b812fc96620d034c842a39c747a3687866fe4988b52a1e3f","e2bb6beb199bfc576ecf2adc98bc83f014b729be832c4a4f7f2d2e09df552237",32,77,0,0,2.72e-07
"microbiome_2026_hunt","GCST90667039","Gut microbiota relative abundance (hMGS.06699: Lentihominibacter hominis)","taxon:lentihominibacter hominis",12652,"GRCh37","2648a90d7032c268b812fc96620d034c842a39c747a3687866fe4988b52a1e3f","e2bb6beb199bfc576ecf2adc98bc83f014b729be832c4a4f7f2d2e09df552237",32,52,1,0,4.06e-09
"microbiome_2026_hunt","GCST90667040","Gut microbiota relative abundance (hMGS.06707: Actinomyces dentalis)","taxon:actinomyces dentalis",12652,"GRCh37","2648a90d7032c268b812fc96620d034c842a39c747a3687866fe4988b52a1e3f","e2bb6beb199bfc576ecf2adc98bc83f014b729be832c4a4f7f2d2e09df552237",32,59,0,0,2.71e-07
"microbiome_2026_hunt","GCST90667041","Gut microbiota relative abundance (hMGS.06720: Mediterraneibacter sp014287475)","taxon:mediterraneibacter sp014287475",12652,"GRCh37","2648a90d7032c268b812fc96620d034c842a39c747a3687866fe4988b52a1e3f","e2bb6beb199bfc576ecf2adc98bc83f014b729be832c4a4f7f2d2e09df552237",32,39,0,0,7.52e-08
"microbiome_2026_hunt","GCST90667042","Gut microbiota relative abundance (hMGS.06732: CAKTXU01 sp934630995)","taxon:caktxu01 sp934630995",12652,"GRCh37","2648a90d7032c268b812fc96620d034c842a39c747a3687866fe4988b52a1e3f","e2bb6beb199bfc576ecf2adc98bc83f014b729be832c4a4f7f2d2e09df552237",32,55,0,0,1.49e-07
"microbiome_2026_hunt","GCST90667043","Gut microbiota relative abundance (hMGS.06760: Zhenpiania hominis)","taxon:zhenpiania hominis",12652,"GRCh37","2648a90d7032c268b812fc96620d034c842a39c747a3687866fe4988b52a1e3f","e2bb6beb199bfc576ecf2adc98bc83f014b729be832c4a4f7f2d2e09df552237",32,63,1,0,2.49e-08
"microbiome_2026_hunt","GCST90667044","Gut microbiota relative abundance (hMGS.06773: JAHZIE01 sp019419895)","taxon:jahzie01 sp019419895",12652,"GRCh37","2648a90d7032c268b812fc96620d034c842a39c747a3687866fe4988b52a1e3f","e2bb6beb199bfc576ecf2adc98bc83f014b729be832c4a4f7f2d2e09df552237",32,81,0,0,3.95e-07
"microbiome_2026_hunt","GCST90667045","Gut microbiota relative abundance (hMGS.06814: Lentihominibacter sp900066305)","taxon:lentihominibacter sp900066305",12652,"GRCh37","2648a90d7032c268b812fc96620d034c842a39c747a3687866fe4988b52a1e3f","e2bb6beb199bfc576ecf2adc98bc83f014b729be832c4a4f7f2d2e09df552237",32,75,0,0,3.31e-07
"microbiome_2026_hunt","GCST90667046","Gut microbiota relative abundance (hMGS.06816: Marvinbryantia shaoxingensis)","taxon:marvinbryantia shaoxingensis",12652,"GRCh37","2648a90d7032c268b812fc96620d034c842a39c747a3687866fe4988b52a1e3f","e2bb6beb199bfc576ecf2adc98bc83f014b729be832c4a4f7f2d2e09df552237",32,165,0,0,5.68e-08
"microbiome_2026_hunt","GCST90667047","Gut microbiota relative abundance (hMGS.06817: Ligaoa zhengdingensis)","taxon:ligaoa zhengdingensis",12652,"GRCh37","2648a90d7032c268b812fc96620d034c842a39c747a3687866fe4988b52a1e3f","e2bb6beb199bfc576ecf2adc98bc83f014b729be832c4a4f7f2d2e09df552237",32,56,0,0,4.82e-07
"microbiome_2026_hunt","GCST90667048","Gut microbiota relative abundance (hMGS.06873: Lentihominibacter excrementipullorum)","taxon:lentihominibacter excrementipullorum",12652,"GRCh37","2648a90d7032c268b812fc96620d034c842a39c747a3687866fe4988b52a1e3f","e2bb6beb199bfc576ecf2adc98bc83f014b729be832c4a4f7f2d2e09df552237",32,111,0,0,4.22e-07
"microbiome_2026_hunt","GCST90667049","Gut microbiota relative abundance (hMGS.06911: Dysosmobacter faecalis)","taxon:dysosmobacter faecalis",12652,"GRCh37","2648a90d7032c268b812fc96620d034c842a39c747a3687866fe4988b52a1e3f","e2bb6beb199bfc576ecf2adc98bc83f014b729be832c4a4f7f2d2e09df552237",32,99,5,0,1.9e-09
"microbiome_2026_hunt","GCST90667050","Gut microbiota relative abundance (hMGS.06916: Luoshenia tenuis)","taxon:luoshenia tenuis",12652,"GRCh37","2648a90d7032c268b812fc96620d034c842a39c747a3687866fe4988b52a1e3f","e2bb6beb199bfc576ecf2adc98bc83f014b729be832c4a4f7f2d2e09df552237",32,57,0,0,9.71e-08
"microbiome_2026_hunt","GCST90667051","Gut microbiota relative abundance (hMGS.06982: Merdisoma sp002160825)","taxon:merdisoma sp002160825",12652,"GRCh37","2648a90d7032c268b812fc96620d034c842a39c747a3687866fe4988b52a1e3f","e2bb6beb199bfc576ecf2adc98bc83f014b729be832c4a4f7f2d2e09df552237",32,43,0,0,6.11e-07
"microbiome_2026_hunt","GCST90667052","Gut microbiota relative abundance (hMGS.06989: Egerieenecus sp900553315)","taxon:egerieenecus sp900553315",12652,"GRCh37","2648a90d7032c268b812fc96620d034c842a39c747a3687866fe4988b52a1e3f","e2bb6beb199bfc576ecf2adc98bc83f014b729be832c4a4f7f2d2e09df552237",32,107,5,0,3.88e-08
"microbiome_2026_hunt","GCST90667053","Gut microbiota relative abundance (hMGS.07049: Scatomonas hejianensis)","taxon:scatomonas hejianensis",12652,"GRCh37","2648a90d7032c268b812fc96620d034c842a39c747a3687866fe4988b52a1e3f","e2bb6beb199bfc576ecf2adc98bc83f014b729be832c4a4f7f2d2e09df552237",33,64,0,0,7.3e-08
"microbiome_2026_hunt","GCST90667054","Gut microbiota relative abundance (hMGS.07052: Pararuminococcus gallinarum)","taxon:pararuminococcus gallinarum",12652,"GRCh37","2648a90d7032c268b812fc96620d034c842a39c747a3687866fe4988b52a1e3f","e2bb6beb199bfc576ecf2adc98bc83f014b729be832c4a4f7f2d2e09df552237",33,66,1,0,4.11e-08
"microbiome_2026_hunt","GCST90667055","Gut microbiota relative abundance (hMGS.07078: Diplocloster agilis)","taxon:diplocloster agilis",12652,"GRCh37","2648a90d7032c268b812fc96620d034c842a39c747a3687866fe4988b52a1e3f","e2bb6beb199bfc576ecf2adc98bc83f014b729be832c4a4f7f2d2e09df552237",33,102,0,0,1.23e-07
"microbiome_2026_hunt","GCST90667056","Gut microbiota relative abundance (hMGS.07089: Dysosmobacter A sp014334055)","taxon:dysosmobacter a sp014334055",12652,"GRCh37","2648a90d7032c268b812fc96620d034c842a39c747a3687866fe4988b52a1e3f","e2bb6beb199bfc576ecf2adc98bc83f014b729be832c4a4f7f2d2e09df552237",33,88,0,0,9.93e-07
"microbiome_2026_hunt","GCST90667057","Gut microbiota relative abundance (hMGS.07107: Instestinimonas A gabonensis)","taxon:instestinimonas a gabonensis",12652,"GRCh37","2648a90d7032c268b812fc96620d034c842a39c747a3687866fe4988b52a1e3f","e2bb6beb199bfc576ecf2adc98bc83f014b729be832c4a4f7f2d2e09df552237",33,70,1,0,2.5e-08
"microbiome_2026_hunt","GCST90667058","Gut microbiota relative abundance (hMGS.07141: Guopingia tenuis)","taxon:guopingia tenuis",12652,"GRCh37","2648a90d7032c268b812fc96620d034c842a39c747a3687866fe4988b52a1e3f","e2bb6beb199bfc576ecf2adc98bc83f014b729be832c4a4f7f2d2e09df552237",33,42,0,0,1.33e-07
"microbiome_2026_hunt","GCST90667059","Gut microbiota relative abundance (hMGS.07187: Massiliimalia massiliensis)","taxon:massiliimalia massiliensis",12652,"GRCh37","2648a90d7032c268b812fc96620d034c842a39c747a3687866fe4988b52a1e3f","e2bb6beb199bfc576ecf2adc98bc83f014b729be832c4a4f7f2d2e09df552237",33,63,0,0,2.56e-07
"microbiome_2026_hunt","GCST90667060","Gut microbiota relative abundance (hMGS.07232: QANA01 sp019420265)","taxon:qana01 sp019420265",12652,"GRCh37","2648a90d7032c268b812fc96620d034c842a39c747a3687866fe4988b52a1e3f","e2bb6beb199bfc576ecf2adc98bc83f014b729be832c4a4f7f2d2e09df552237",33,153,0,0,8.29e-07
"microbiome_2026_hunt","GCST90667061","Gut microbiota relative abundance (hMGS.07279: Gehongia tenuis)","taxon:gehongia tenuis",12652,"GRCh37","2648a90d7032c268b812fc96620d034c842a39c747a3687866fe4988b52a1e3f","e2bb6beb199bfc576ecf2adc98bc83f014b729be832c4a4f7f2d2e09df552237",33,175,0,0,5.55e-07
"microbiome_2026_hunt","GCST90667062","Gut microbiota relative abundance (hMGS.07280: Anaerotruncus sp014385085)","taxon:anaerotruncus sp014385085",12652,"GRCh37","2648a90d7032c268b812fc96620d034c842a39c747a3687866fe4988b52a1e3f","e2bb6beb199bfc576ecf2adc98bc83f014b729be832c4a4f7f2d2e09df552237",33,117,0,0,1.34e-06
"microbiome_2026_hunt","GCST90667063","Gut microbiota relative abundance (hMGS.07301: Pseudoscilispira sp020555605)","taxon:pseudoscilispira sp020555605",12652,"GRCh37","2648a90d7032c268b812fc96620d034c842a39c747a3687866fe4988b52a1e3f","e2bb6beb199bfc576ecf2adc98bc83f014b729be832c4a4f7f2d2e09df552237",33,34,0,0,4.5e-07
"microbiome_2026_hunt","GCST90667064","Gut microbiota relative abundance (hMGS.07319: Acutalibacter sp905215055)","taxon:acutalibacter sp905215055",12652,"GRCh37","2648a90d7032c268b812fc96620d034c842a39c747a3687866fe4988b52a1e3f","e2bb6beb199bfc576ecf2adc98bc83f014b729be832c4a4f7f2d2e09df552237",33,42,0,0,6.37e-07
"microbiome_2026_hunt","GCST90667065","Gut microbiota relative abundance (hMGS.07321: Angelakisella massiliensis)","taxon:angelakisella massiliensis",12652,"GRCh37","2648a90d7032c268b812fc96620d034c842a39c747a3687866fe4988b52a1e3f","e2bb6beb199bfc576ecf2adc98bc83f014b729be832c4a4f7f2d2e09df552237",33,85,1,0,3.86e-08
"microbiome_2026_hunt","GCST90667066","Gut microbiota relative abundance (hMGS.07332: RGIG7067 sp944384895)","taxon:rgig7067 sp944384895",12652,"GRCh37","2648a90d7032c268b812fc96620d034c842a39c747a3687866fe4988b52a1e3f","e2bb6beb199bfc576ecf2adc98bc83f014b729be832c4a4f7f2d2e09df552237",33,49,0,0,1.99e-07
"microbiome_2026_hunt","GCST90667067","Gut microbiota relative abundance (hMGS.07334: Paralachnospira dongpingensis)","taxon:paralachnospira dongpingensis",12652,"GRCh37","2648a90d7032c268b812fc96620d034c842a39c747a3687866fe4988b52a1e3f","e2bb6beb199bfc576ecf2adc98bc83f014b729be832c4a4f7f2d2e09df552237",33,370,3,0,7.68e-09
"microbiome_2026_hunt","GCST90667068","Gut microbiota relative abundance (hMGS.07343: CAKTXU01 sp934615635)","taxon:caktxu01 sp934615635",12652,"GRCh37","2648a90d7032c268b812fc96620d034c842a39c747a3687866fe4988b52a1e3f","e2bb6beb199bfc576ecf2adc98bc83f014b729be832c4a4f7f2d2e09df552237",33,24,0,0,7.41e-07
"microbiome_2026_hunt","GCST90667069","Gut microbiota relative abundance (hMGS.07347: Blautia A sp934364795)","taxon:blautia a sp934364795",12652,"GRCh37","2648a90d7032c268b812fc96620d034c842a39c747a3687866fe4988b52a1e3f","e2bb6beb199bfc576ecf2adc98bc83f014b729be832c4a4f7f2d2e09df552237",34,51,0,0,5.39e-07
"microbiome_2026_hunt","GCST90667070","Gut microbiota relative abundance (hMGS.07356: Avoscillospira A sp019422005)","taxon:avoscillospira a sp019422005",12652,"GRCh37","2648a90d7032c268b812fc96620d034c842a39c747a3687866fe4988b52a1e3f","e2bb6beb199bfc576ecf2adc98bc83f014b729be832c4a4f7f2d2e09df552237",34,20,0,0,4.12e-06
"microbiome_2026_hunt","GCST90667071","Gut microbiota relative abundance (hMGS.07358: JAHZGC01 sp019421015)","taxon:jahzgc01 sp019421015",12652,"GRCh37","2648a90d7032c268b812fc96620d034c842a39c747a3687866fe4988b52a1e3f","e2bb6beb199bfc576ecf2adc98bc83f014b729be832c4a4f7f2d2e09df552237",34,99,0,0,2.83e-07
"microbiome_2026_hunt","GCST90667072","Gut microbiota relative abundance (hMGS.07440: UBA7185 sp900556545)","taxon:uba7185 sp900556545",12652,"GRCh37","2648a90d7032c268b812fc96620d034c842a39c747a3687866fe4988b52a1e3f","e2bb6beb199bfc576ecf2adc98bc83f014b729be832c4a4f7f2d2e09df552237",34,64,0,0,4.43e-07
"microbiome_2026_hunt","GCST90667073","Gut microbiota relative abundance (hMGS.07460: Limivivens sp905214955)","taxon:limivivens sp905214955",12652,"GRCh37","2648a90d7032c268b812fc96620d034c842a39c747a3687866fe4988b52a1e3f","e2bb6beb199bfc576ecf2adc98bc83f014b729be832c4a4f7f2d2e09df552237",34,39,0,0,7.2e-07
"microbiome_2026_hunt","GCST90667074","Gut microbiota relative abundance (hMGS.07495: Zhenpiania massiliensis)","taxon:zhenpiania massiliensis",12652,"GRCh37","2648a90d7032c268b812fc96620d034c842a39c747a3687866fe4988b52a1e3f","e2bb6beb199bfc576ecf2adc98bc83f014b729be832c4a4f7f2d2e09df552237",34,24,0,0,2.33e-07
"microbiome_2026_hunt","GCST90667075","Gut microbiota relative abundance (hMGS.07501: Pygmaiobacter sp014287275)","taxon:pygmaiobacter sp014287275",12652,"GRCh37","2648a90d7032c268b812fc96620d034c842a39c747a3687866fe4988b52a1e3f","e2bb6beb199bfc576ecf2adc98bc83f014b729be832c4a4f7f2d2e09df552237",34,133,0,0,1.27e-07
"microbiome_2026_hunt","GCST90667076","Gut microbiota relative abundance (hMGS.07534: Faecivicinus sp934663595)","taxon:faecivicinus sp934663595",12652,"GRCh37","2648a90d7032c268b812fc96620d034c842a39c747a3687866fe4988b52a1e3f","e2bb6beb199bfc576ecf2adc98bc83f014b729be832c4a4f7f2d2e09df552237",34,102,0,0,6.85e-08
"microbiome_2026_hunt","GCST90667077","Gut microbiota relative abundance (hMGS.07535: HGM12545 sp900761925)","taxon:hgm12545 sp900761925",12652,"GRCh37","2648a90d7032c268b812fc96620d034c842a39c747a3687866fe4988b52a1e3f","e2bb6beb199bfc576ecf2adc98bc83f014b729be832c4a4f7f2d2e09df552237",34,106,0,0,2.73e-07
"microbiome_2026_hunt","GCST90667078","Gut microbiota relative abundance (hMGS.07537: Bianquea sp019423265)","taxon:bianquea sp019423265",12652,"GRCh37","2648a90d7032c268b812fc96620d034c842a39c747a3687866fe4988b52a1e3f","e2bb6beb199bfc576ecf2adc98bc83f014b729be832c4a4f7f2d2e09df552237",34,103,0,0,2.72e-07
"microbiome_2026_hunt","GCST90667079","Gut microbiota relative abundance (hMGS.07565: Heritagella sp905200265)","taxon:heritagella sp905200265",12652,"GRCh37","2648a90d7032c268b812fc96620d034c842a39c747a3687866fe4988b52a1e3f","e2bb6beb199bfc576ecf2adc98bc83f014b729be832c4a4f7f2d2e09df552237",34,30,0,0,6.34e-07
"microbiome_2026_hunt","GCST90667080","Gut microbiota relative abundance (hMGS.07639: JAJEQR01 sp020687485)","taxon:jajeqr01 sp020687485",12652,"GRCh37","2648a90d7032c268b812fc96620d034c842a39c747a3687866fe4988b52a1e3f","e2bb6beb199bfc576ecf2adc98bc83f014b729be832c4a4f7f2d2e09df552237",34,167,0,0,1.42e-07
"microbiome_2026_hunt","GCST90667081","Gut microbiota relative abundance (hMGS.07693: Feifania hominis)","taxon:feifania hominis",12652,"GRCh37","2648a90d7032c268b812fc96620d034c842a39c747a3687866fe4988b52a1e3f","e2bb6beb199bfc576ecf2adc98bc83f014b729be832c4a4f7f2d2e09df552237",34,123,0,0,2.83e-07
"microbiome_2026_hunt","GCST90667082","Gut microbiota relative abundance (hMGS.07702: HGM11808 sp900757025)","taxon:hgm11808 sp900757025",12652,"GRCh37","2648a90d7032c268b812fc96620d034c842a39c747a3687866fe4988b52a1e3f","e2bb6beb199bfc576ecf2adc98bc83f014b729be832c4a4f7f2d2e09df552237",34,102,0,0,1.16e-07
"microbiome_2026_hunt","GCST90667083","Gut microbiota relative abundance (hMGS.07714: Bianquea renquensis)","taxon:bianquea renquensis",12652,"GRCh37","2648a90d7032c268b812fc96620d034c842a39c747a3687866fe4988b52a1e3f","e2bb6beb199bfc576ecf2adc98bc83f014b729be832c4a4f7f2d2e09df552237",34,65,0,0,4.81e-07
"microbiome_2026_hunt","GCST90667084","Gut microbiota relative abundance (hMGS.07716: Massiliimalia timonensis)","taxon:massiliimalia timonensis",12652,"GRCh37","2648a90d7032c268b812fc96620d034c842a39c747a3687866fe4988b52a1e3f","e2bb6beb199bfc576ecf2adc98bc83f014b729be832c4a4f7f2d2e09df552237",34,56,0,0,9.93e-07
"microbiome_2026_hunt","GCST90667085","Gut microbiota relative abundance (hMGS.07719: Lentihominibacter sp905193765)","taxon:lentihominibacter sp905193765",12652,"GRCh37","2648a90d7032c268b812fc96620d034c842a39c747a3687866fe4988b52a1e3f","e2bb6beb199bfc576ecf2adc98bc83f014b729be832c4a4f7f2d2e09df552237",35,49,0,0,5.88e-07
"microbiome_2026_hunt","GCST90667086","Gut microbiota relative abundance (hMGS.07731: Bittarella massiliensis A)","taxon:bittarella massiliensis a",12652,"GRCh37","2648a90d7032c268b812fc96620d034c842a39c747a3687866fe4988b52a1e3f","e2bb6beb199bfc576ecf2adc98bc83f014b729be832c4a4f7f2d2e09df552237",35,56,1,0,2.98e-08
"microbiome_2026_hunt","GCST90667087","Gut microbiota relative abundance (hMGS.07739: Pullichristensenella sp904420265)","taxon:pullichristensenella sp904420265",12652,"GRCh37","2648a90d7032c268b812fc96620d034c842a39c747a3687866fe4988b52a1e3f","e2bb6beb199bfc576ecf2adc98bc83f014b729be832c4a4f7f2d2e09df552237",35,90,0,0,1.48e-07
"microbiome_2026_hunt","GCST90667088","Gut microbiota relative abundance (hMGS.10004: Saccharomyces cerevisiae)","taxon:saccharomyces cerevisiae",12652,"GRCh37","2648a90d7032c268b812fc96620d034c842a39c747a3687866fe4988b52a1e3f","e2bb6beb199bfc576ecf2adc98bc83f014b729be832c4a4f7f2d2e09df552237",35,76,0,0,5.02e-07
"microbiome_2026_hunt","GCST90667089","Gut microbial functional pathway relative abundance (KEGG-module M00001: Glycolysis (Embden-Meyerhof pathway), glucose to pyruvate)","taxon:kegg-module m00001: glycolysis (embden-meyerhof pathway), glucose to pyruvate",12652,"GRCh37","2648a90d7032c268b812fc96620d034c842a39c747a3687866fe4988b52a1e3f","e2bb6beb199bfc576ecf2adc98bc83f014b729be832c4a4f7f2d2e09df552237",35,168,0,0,6.59e-08
"microbiome_2026_hunt","GCST90667090","Gut microbial functional pathway relative abundance (KEGG-module M00002: Glycolysis, core module involving three-carbon compounds)","taxon:kegg-module m00002: glycolysis, core module involving three-carbon compounds",12652,"GRCh37","2648a90d7032c268b812fc96620d034c842a39c747a3687866fe4988b52a1e3f","e2bb6beb199bfc576ecf2adc98bc83f014b729be832c4a4f7f2d2e09df552237",35,70,0,0,6.6e-07
"microbiome_2026_hunt","GCST90667091","Gut microbial functional pathway relative abundance (KEGG-module M00003: Gluconeogenesis, oxaloacetate to fructose-6P)","taxon:kegg-module m00003: gluconeogenesis, oxaloacetate to fructose-6p",12652,"GRCh37","2648a90d7032c268b812fc96620d034c842a39c747a3687866fe4988b52a1e3f","e2bb6beb199bfc576ecf2adc98bc83f014b729be832c4a4f7f2d2e09df552237",35,57,0,0,1.38e-07
"microbiome_2026_hunt","GCST90667092","Gut microbial functional pathway relative abundance (KEGG-module M00004: Pentose phosphate pathway (Pentose phosphate cycle))","taxon:kegg-module m00004: pentose phosphate pathway (pentose phosphate cycle)",12652,"GRCh37","2648a90d7032c268b812fc96620d034c842a39c747a3687866fe4988b52a1e3f","e2bb6beb199bfc576ecf2adc98bc83f014b729be832c4a4f7f2d2e09df552237",35,59,0,0,1.28e-06
"microbiome_2026_hunt","GCST90667093","Gut microbial functional pathway relative abundance (KEGG-module M00005: PRPP biosynthesis, ribose 5P to PRPP)","taxon:kegg-module m00005: prpp biosynthesis, ribose 5p to prpp",12652,"GRCh37","2648a90d7032c268b812fc96620d034c842a39c747a3687866fe4988b52a1e3f","e2bb6beb199bfc576ecf2adc98bc83f014b729be832c4a4f7f2d2e09df552237",35,24,0,0,9.25e-07
"microbiome_2026_hunt","GCST90667094","Gut microbial functional pathway relative abundance (KEGG-module M00006: Pentose phosphate pathway, oxidative phase, glucose 6P to ribulose 5P)","taxon:kegg-module m00006: pentose phosphate pathway, oxidative phase, glucose 6p to ribulose 5p",12652,"GRCh37","2648a90d7032c268b812fc96620d034c842a39c747a3687866fe4988b52a1e3f","e2bb6beb199bfc576ecf2adc98bc83f014b729be832c4a4f7f2d2e09df552237",35,31,0,0,4.42e-07
"microbiome_2026_hunt","GCST90667095","Gut microbial functional pathway relative abundance (KEGG-module M00007: Pentose phosphate pathway, non-oxidative phase, fructose 6P to ribose 5P)","taxon:kegg-module m00007: pentose phosphate pathway, non-oxidative phase, fructose 6p to ribose 5p",12652,"GRCh37","2648a90d7032c268b812fc96620d034c842a39c747a3687866fe4988b52a1e3f","e2bb6beb199bfc576ecf2adc98bc83f014b729be832c4a4f7f2d2e09df552237",35,59,0,0,8.95e-07
"microbiome_2026_hunt","GCST90667096","Gut microbial functional pathway relative abundance (KEGG-module M00008: Entner-Doudoroff pathway, glucose-6P to glyceraldehyde-3P + pyruvate)","taxon:kegg-module m00008: entner-doudoroff pathway, glucose-6p to glyceraldehyde-3p + pyruvate",12652,"GRCh37","2648a90d7032c268b812fc96620d034c842a39c747a3687866fe4988b52a1e3f","e2bb6beb199bfc576ecf2adc98bc83f014b729be832c4a4f7f2d2e09df552237",35,26,0,0,5.54e-07
"microbiome_2026_hunt","GCST90667097","Gut microbial functional pathway relative abundance (KEGG-module M00009: Citrate cycle (TCA cycle, Krebs cycle))","taxon:kegg-module m00009: citrate cycle (tca cycle, krebs cycle)",12652,"GRCh37","2648a90d7032c268b812fc96620d034c842a39c747a3687866fe4988b52a1e3f","e2bb6beb199bfc576ecf2adc98bc83f014b729be832c4a4f7f2d2e09df552237",35,38,0,0,1.31e-06
"microbiome_2026_hunt","GCST90667098","Gut microbial functional pathway relative abundance (KEGG-module M00010: Citrate cycle, first carbon oxidation, oxaloacetate to 2-oxoglutarate)","taxon:kegg-module m00010: citrate cycle, first carbon oxidation, oxaloacetate to 2-oxoglutarate",12652,"GRCh37","2648a90d7032c268b812fc96620d034c842a39c747a3687866fe4988b52a1e3f","e2bb6beb199bfc576ecf2adc98bc83f014b729be832c4a4f7f2d2e09df552237",35,255,0,0,1.35e-06
"microbiome_2026_hunt","GCST90667099","Gut microbial functional pathway relative abundance (KEGG-module M00011: Citrate cycle, second carbon oxidation, 2-oxoglutarate to oxaloacetate)","taxon:kegg-module m00011: citrate cycle, second carbon oxidation, 2-oxoglutarate to oxaloacetate",12652,"GRCh37","2648a90d7032c268b812fc96620d034c842a39c747a3687866fe4988b52a1e3f","e2bb6beb199bfc576ecf2adc98bc83f014b729be832c4a4f7f2d2e09df552237",35,57,0,0,1.93e-07
"microbiome_2026_hunt","GCST90667100","Gut microbial functional pathway relative abundance (KEGG-module M00012: Glyoxylate cycle)","taxon:kegg-module m00012: glyoxylate cycle",12652,"GRCh37","2648a90d7032c268b812fc96620d034c842a39c747a3687866fe4988b52a1e3f","e2bb6beb199bfc576ecf2adc98bc83f014b729be832c4a4f7f2d2e09df552237",35,27,0,0,5.01e-07
"microbiome_2026_hunt","GCST90667101","Gut microbial functional pathway relative abundance (KEGG-module M00014: Glucuronate pathway (uronate pathway))","taxon:kegg-module m00014: glucuronate pathway (uronate pathway)",12652,"GRCh37","2648a90d7032c268b812fc96620d034c842a39c747a3687866fe4988b52a1e3f","e2bb6beb199bfc576ecf2adc98bc83f014b729be832c4a4f7f2d2e09df552237",36,97,0,0,1.51e-07
"microbiome_2026_hunt","GCST90667102","Gut microbial functional pathway relative abundance (KEGG-module M00015: Proline biosynthesis, glutamate to proline)","taxon:kegg-module m00015: proline biosynthesis, glutamate to proline",12652,"GRCh37","2648a90d7032c268b812fc96620d034c842a39c747a3687866fe4988b52a1e3f","e2bb6beb199bfc576ecf2adc98bc83f014b729be832c4a4f7f2d2e09df552237",36,62,1,0,4.13e-08
"microbiome_2026_hunt","GCST90667103","Gut microbial functional pathway relative abundance (KEGG-module M00016: Lysine biosynthesis, succinyl-DAP pathway, aspartate to lysine)","taxon:kegg-module m00016: lysine biosynthesis, succinyl-dap pathway, aspartate to lysine",12652,"GRCh37","2648a90d7032c268b812fc96620d034c842a39c747a3687866fe4988b52a1e3f","e2bb6beb199bfc576ecf2adc98bc83f014b729be832c4a4f7f2d2e09df552237",36,64,0,0,2.58e-07
"microbiome_2026_hunt","GCST90667104","Gut microbial functional pathway relative abundance (KEGG-module M00017: Methionine biosynthesis, apartate to homoserine to methionine)","taxon:kegg-module m00017: methionine biosynthesis, apartate to homoserine to methionine",12652,"GRCh37","2648a90d7032c268b812fc96620d034c842a39c747a3687866fe4988b52a1e3f","e2bb6beb199bfc576ecf2adc98bc83f014b729be832c4a4f7f2d2e09df552237",36,46,0,0,2.92e-07
"microbiome_2026_hunt","GCST90667105","Gut microbial functional pathway relative abundance (KEGG-module M00018: Threonine biosynthesis, aspartate to homoserine to threonine)","taxon:kegg-module m00018: threonine biosynthesis, aspartate to homoserine to threonine",12652,"GRCh37","2648a90d7032c268b812fc96620d034c842a39c747a3687866fe4988b52a1e3f","e2bb6beb199bfc576ecf2adc98bc83f014b729be832c4a4f7f2d2e09df552237",36,67,0,0,1.72e-06
"microbiome_2026_hunt","GCST90667106","Gut microbial functional pathway relative abundance (KEGG-module M00019: Valine/isoleucine biosynthesis, pyruvate to valine / 2-oxobutanoate to isoleucine)","taxon:kegg-module m00019: valine/isoleucine biosynthesis, pyruvate to valine / 2-oxobutanoate to isoleucine",12652,"GRCh37","2648a90d7032c268b812fc96620d034c842a39c747a3687866fe4988b52a1e3f","e2bb6beb199bfc576ecf2adc98bc83f014b729be832c4a4f7f2d2e09df552237",36,102,0,0,7.41e-07
"microbiome_2026_hunt","GCST90667107","Gut microbial functional pathway relative abundance (KEGG-module M00020: Serine biosynthesis, glycerate-3P to serine)","taxon:kegg-module m00020: serine biosynthesis, glycerate-3p to serine",12652,"GRCh37","2648a90d7032c268b812fc96620d034c842a39c747a3687866fe4988b52a1e3f","e2bb6beb199bfc576ecf2adc98bc83f014b729be832c4a4f7f2d2e09df552237",36,32,0,0,2.58e-07
"microbiome_2026_hunt","GCST90667108","Gut microbial functional pathway relative abundance (KEGG-module M00021: Cysteine biosynthesis, serine to cysteine)","taxon:kegg-module m00021: cysteine biosynthesis, serine to cysteine",12652,"GRCh37","2648a90d7032c268b812fc96620d034c842a39c747a3687866fe4988b52a1e3f","e2bb6beb199bfc576ecf2adc98bc83f014b729be832c4a4f7f2d2e09df552237",36,80,0,0,3.82e-07
"microbiome_2026_hunt","GCST90667109","Gut microbial functional pathway relative abundance (KEGG-module M00022: Shikimate pathway, phosphoenolpyruvate + erythrose-4P to chorismate)","taxon:kegg-module m00022: shikimate pathway, phosphoenolpyruvate + erythrose-4p to chorismate",12652,"GRCh37","2648a90d7032c268b812fc96620d034c842a39c747a3687866fe4988b52a1e3f","e2bb6beb199bfc576ecf2adc98bc83f014b729be832c4a4f7f2d2e09df552237",36,38,0,0,1.6e-07
"microbiome_2026_hunt","GCST90667110","Gut microbial functional pathway relative abundance (KEGG-module M00023: Tryptophan biosynthesis, chorismate to tryptophan)","taxon:kegg-module m00023: tryptophan biosynthesis, chorismate to tryptophan",12652,"GRCh37","2648a90d7032c268b812fc96620d034c842a39c747a3687866fe4988b52a1e3f","e2bb6beb199bfc576ecf2adc98bc83f014b729be832c4a4f7f2d2e09df552237",36,31,0,0,3.54e-07
"microbiome_2026_hunt","GCST90667111","Gut microbial functional pathway relative abundance (KEGG-module M00024: Phenylalanine biosynthesis, chorismate to phenylalanine)","taxon:kegg-module m00024: phenylalanine biosynthesis, chorismate to phenylalanine",12652,"GRCh37","2648a90d7032c268b812fc96620d034c842a39c747a3687866fe4988b52a1e3f","e2bb6beb199bfc576ecf2adc98bc83f014b729be832c4a4f7f2d2e09df552237",36,78,0,0,9.47e-08
"microbiome_2026_hunt","GCST90667112","Gut microbial functional pathway relative abundance (KEGG-module M00025: Tyrosine biosynthesis, chorismate to tyrosine)","taxon:kegg-module m00025: tyrosine biosynthesis, chorismate to tyrosine",12652,"GRCh37","2648a90d7032c268b812fc96620d034c842a39c747a3687866fe4988b52a1e3f","e2bb6beb199bfc576ecf2adc98bc83f014b729be832c4a4f7f2d2e09df552237",36,70,0,0,9.45e-08
"microbiome_2026_hunt","GCST90667113","Gut microbial functional pathway relative abundance (KEGG-module M00026: Histidine biosynthesis, PRPP to histidine)","taxon:kegg-module m00026: histidine biosynthesis, prpp to histidine",12652,"GRCh37","2648a90d7032c268b812fc96620d034c842a39c747a3687866fe4988b52a1e3f","e2bb6beb199bfc576ecf2adc98bc83f014b729be832c4a4f7f2d2e09df552237",36,35,0,0,1.32e-06
"microbiome_2026_hunt","GCST90667114","Gut microbial functional pathway relative abundance (KEGG-module M00027: GABA (gamma-Aminobutyrate) shunt)","taxon:kegg-module m00027: gaba (gamma-aminobutyrate) shunt",12652,"GRCh37","2648a90d7032c268b812fc96620d034c842a39c747a3687866fe4988b52a1e3f","e2bb6beb199bfc576ecf2adc98bc83f014b729be832c4a4f7f2d2e09df552237",36,72,0,0,1.61e-07
"microbiome_2026_hunt","GCST90667115","Gut microbial functional pathway relative abundance (KEGG-module M00028: Ornithine biosynthesis, glutamate to ornithine)","taxon:kegg-module m00028: ornithine biosynthesis, glutamate to ornithine",12652,"GRCh37","2648a90d7032c268b812fc96620d034c842a39c747a3687866fe4988b52a1e3f","e2bb6beb199bfc576ecf2adc98bc83f014b729be832c4a4f7f2d2e09df552237",36,98,0,0,1.18e-07
"microbiome_2026_hunt","GCST90667116","Gut microbial functional pathway relative abundance (KEGG-module M00029: Urea cycle)","taxon:kegg-module m00029: urea cycle",12652,"GRCh37","2648a90d7032c268b812fc96620d034c842a39c747a3687866fe4988b52a1e3f","e2bb6beb199bfc576ecf2adc98bc83f014b729be832c4a4f7f2d2e09df552237",36,58,0,0,6.96e-07
"microbiome_2026_hunt","GCST90667117","Gut microbial functional pathway relative abundance (KEGG-module M00030: Lysine biosynthesis, AAA pathway, 2-oxoglutarate to 2-aminoadipate to lysine)","taxon:kegg-module m00030: lysine biosynthesis, aaa pathway, 2-oxoglutarate to 2-aminoadipate to lysine",12652,"GRCh37","2648a90d7032c268b812fc96620d034c842a39c747a3687866fe4988b52a1e3f","e2bb6beb199bfc576ecf2adc98bc83f014b729be832c4a4f7f2d2e09df552237",37,58,0,0,6.63e-07
"microbiome_2026_hunt","GCST90667118","Gut microbial functional pathway relative abundance (KEGG-module M00034: Methionine salvage pathway)","taxon:kegg-module m00034: methionine salvage pathway",12652,"GRCh37","2648a90d7032c268b812fc96620d034c842a39c747a3687866fe4988b52a1e3f","e2bb6beb199bfc576ecf2adc98bc83f014b729be832c4a4f7f2d2e09df552237",37,43,0,0,7.05e-07
"microbiome_2026_hunt","GCST90667119","Gut microbial functional pathway relative abundance (KEGG-module M00035: Methionine degradation)","taxon:kegg-module m00035: methionine degradation",12652,"GRCh37","2648a90d7032c268b812fc96620d034c842a39c747a3687866fe4988b52a1e3f","e2bb6beb199bfc576ecf2adc98bc83f014b729be832c4a4f7f2d2e09df552237",37,19,1,0,4.64e-08
"microbiome_2026_hunt","GCST90667120","Gut microbial functional pathway relative abundance (KEGG-module M00036: Leucine degradation, leucine to acetoacetate + acetyl-CoA)","taxon:kegg-module m00036: leucine degradation, leucine to acetoacetate + acetyl-coa",12652,"GRCh37","2648a90d7032c268b812fc96620d034c842a39c747a3687866fe4988b52a1e3f","e2bb6beb199bfc576ecf2adc98bc83f014b729be832c4a4f7f2d2e09df552237",37,55,0,0,2.05e-07
"microbiome_2026_hunt","GCST90667121","Gut microbial functional pathway relative abundance (KEGG-module M00038: Tryptophan metabolism, tryptophan to kynurenine to 2-aminomuconate)","taxon:kegg-module m00038: tryptophan metabolism, tryptophan to kynurenine to 2-aminomuconate",12652,"GRCh37","2648a90d7032c268b812fc96620d034c842a39c747a3687866fe4988b52a1e3f","e2bb6beb199bfc576ecf2adc98bc83f014b729be832c4a4f7f2d2e09df552237",37,26,0,0,5.21e-07
"microbiome_2026_hunt","GCST90667122","Gut microbial functional pathway relative abundance (KEGG-module M00040: Tyrosine biosynthesis, prephanate to pretyrosine to tyrosine)","taxon:kegg-module m00040: tyrosine biosynthesis, prephanate to pretyrosine to tyrosine",12652,"GRCh37","2648a90d7032c268b812fc96620d034c842a39c747a3687866fe4988b52a1e3f","e2bb6beb199bfc576ecf2adc98bc83f014b729be832c4a4f7f2d2e09df552237",37,84,0,0,2.48e-07
"microbiome_2026_hunt","GCST90667123","Gut microbial functional pathway relative abundance (KEGG-module M00044: Tyrosine degradation, tyrosine to homogentisate)","taxon:kegg-module m00044: tyrosine degradation, tyrosine to homogentisate",12652,"GRCh37","2648a90d7032c268b812fc96620d034c842a39c747a3687866fe4988b52a1e3f","e2bb6beb199bfc576ecf2adc98bc83f014b729be832c4a4f7f2d2e09df552237",37,104,2,0,1.02e-08
"microbiome_2026_hunt","GCST90667124","Gut microbial functional pathway relative abundance (KEGG-module M00045: Histidine degradation, histidine to N-formiminoglutamate to glutamate)","taxon:kegg-module m00045: histidine degradation, histidine to n-formiminoglutamate to glutamate",12652,"GRCh37","2648a90d7032c268b812fc96620d034c842a39c747a3687866fe4988b52a1e3f","e2bb6beb199bfc576ecf2adc98bc83f014b729be832c4a4f7f2d2e09df552237",37,90,0,0,9.63e-07
"microbiome_2026_hunt","GCST90667125","Gut microbial functional pathway relative abundance (KEGG-module M00046: Pyrimidine degradation, uracil to beta-alanine, thymine to 3-aminoisobutanoate)","taxon:kegg-module m00046: pyrimidine degradation, uracil to beta-alanine, thymine to 3-aminoisobutanoate",12652,"GRCh37","2648a90d7032c268b812fc96620d034c842a39c747a3687866fe4988b52a1e3f","e2bb6beb199bfc576ecf2adc98bc83f014b729be832c4a4f7f2d2e09df552237",37,111,0,0,1.89e-07
"microbiome_2026_hunt","GCST90667126","Gut microbial functional pathway relative abundance (KEGG-module M00048: Inosine monophosphate biosynthesis, PRPP + glutamine to IMP)","taxon:kegg-module m00048: inosine monophosphate biosynthesis, prpp + glutamine to imp",12652,"GRCh37","2648a90d7032c268b812fc96620d034c842a39c747a3687866fe4988b52a1e3f","e2bb6beb199bfc576ecf2adc98bc83f014b729be832c4a4f7f2d2e09df552237",37,16,0,0,5.07e-07
"microbiome_2026_hunt","GCST90667127","Gut microbial functional pathway relative abundance (KEGG-module M00049: Adenine ribonucleotide biosynthesis, IMP to ADP,ATP)","taxon:kegg-module m00049: adenine ribonucleotide biosynthesis, imp to adp,atp",12652,"GRCh37","2648a90d7032c268b812fc96620d034c842a39c747a3687866fe4988b52a1e3f","e2bb6beb199bfc576ecf2adc98bc83f014b729be832c4a4f7f2d2e09df552237",37,29,0,0,1.14e-06
"microbiome_2026_hunt","GCST90667128","Gut microbial functional pathway relative abundance (KEGG-module M00050: Guanine ribonucleotide biosynthesis IMP to GDP,GTP)","taxon:kegg-module m00050: guanine ribonucleotide biosynthesis imp to gdp,gtp",12652,"GRCh37","2648a90d7032c268b812fc96620d034c842a39c747a3687866fe4988b52a1e3f","e2bb6beb199bfc576ecf2adc98bc83f014b729be832c4a4f7f2d2e09df552237",37,20,0,0,2.31e-07
"microbiome_2026_hunt","GCST90667129","Gut microbial functional pathway relative abundance (KEGG-module M00051: Uridine monophosphate biosynthesis, glutamine (+ PRPP) to UMP)","taxon:kegg-module m00051: uridine monophosphate biosynthesis, glutamine (+ prpp) to ump",12652,"GRCh37","2648a90d7032c268b812fc96620d034c842a39c747a3687866fe4988b52a1e3f","e2bb6beb199bfc576ecf2adc98bc83f014b729be832c4a4f7f2d2e09df552237",37,81,0,0,3.2e-07
"microbiome_2026_hunt","GCST90667130","Gut microbial functional pathway relative abundance (KEGG-module M00052: Pyrimidine ribonucleotide biosynthesis, UMP to UDP/UTP,CDP/CTP)","taxon:kegg-module m00052: pyrimidine ribonucleotide biosynthesis, ump to udp/utp,cdp/ctp",12652,"GRCh37","2648a90d7032c268b812fc96620d034c842a39c747a3687866fe4988b52a1e3f","e2bb6beb199bfc576ecf2adc98bc83f014b729be832c4a4f7f2d2e09df552237",37,62,0,0,1.04e-07
"microbiome_2026_hunt","GCST90667131","Gut microbial functional pathway relative abundance (KEGG-module M00053: Pyrimidine deoxyribonuleotide biosynthesis, CDP/CTP to dCDP/dCTP,dTDP/dTTP)","taxon:kegg-module m00053: pyrimidine deoxyribonuleotide biosynthesis, cdp/ctp to dcdp/dctp,dtdp/dttp",12652,"GRCh37","2648a90d7032c268b812fc96620d034c842a39c747a3687866fe4988b52a1e3f","e2bb6beb199bfc576ecf2adc98bc83f014b729be832c4a4f7f2d2e09df552237",37,33,0,0,7.47e-07
"microbiome_2026_hunt","GCST90667132","Gut microbial functional pathway relative abundance (KEGG-module M00055: N-glycan precursor biosynthesis)","taxon:kegg-module m00055: n-glycan precursor biosynthesis",12652,"GRCh37","2648a90d7032c268b812fc96620d034c842a39c747a3687866fe4988b52a1e3f","e2bb6beb199bfc576ecf2adc98bc83f014b729be832c4a4f7f2d2e09df552237",37,54,0,0,6.09e-07
"microbiome_2026_hunt","GCST90667133","Gut microbial functional pathway relative abundance (KEGG-module M00060: Lipopolysaccharide biosynthesis, KDO2-lipid A)","taxon:kegg-module m00060: lipopolysaccharide biosynthesis, kdo2-lipid a",12652,"GRCh37","2648a90d7032c268b812fc96620d034c842a39c747a3687866fe4988b52a1e3f","e2bb6beb199bfc576ecf2adc98bc83f014b729be832c4a4f7f2d2e09df552237",38,110,0,0,8.58e-08
"microbiome_2026_hunt","GCST90667134","Gut microbial functional pathway relative abundance (KEGG-module M00061: D-Glucuronate degradation, D-glucuronate to pyruvate + D-glyceraldehyde 3P)","taxon:kegg-module m00061: d-glucuronate degradation, d-glucuronate to pyruvate + d-glyceraldehyde 3p",12652,"GRCh37","2648a90d7032c268b812fc96620d034c842a39c747a3687866fe4988b52a1e3f","e2bb6beb199bfc576ecf2adc98bc83f014b729be832c4a4f7f2d2e09df552237",38,46,0,0,9.94e-07
"microbiome_2026_hunt","GCST90667135","Gut microbial functional pathway relative abundance (KEGG-module M00063: CMP-KDO biosynthesis)","taxon:kegg-module m00063: cmp-kdo biosynthesis",12652,"GRCh37","2648a90d7032c268b812fc96620d034c842a39c747a3687866fe4988b52a1e3f","e2bb6beb199bfc576ecf2adc98bc83f014b729be832c4a4f7f2d2e09df552237",38,112,0,0,2.07e-07
"microbiome_2026_hunt","GCST90667136","Gut microbial functional pathway relative abundance (KEGG-module M00064: ADP-L-glycero-D-manno-heptose biosynthesis)","taxon:kegg-module m00064: adp-l-glycero-d-manno-heptose biosynthesis",12652,"GRCh37","2648a90d7032c268b812fc96620d034c842a39c747a3687866fe4988b52a1e3f","e2bb6beb199bfc576ecf2adc98bc83f014b729be832c4a4f7f2d2e09df552237",38,85,0,0,6.56e-07
"microbiome_2026_hunt","GCST90667137","Gut microbial functional pathway relative abundance (KEGG-module M00065: GPI-anchor biosynthesis, core oligosaccharide)","taxon:kegg-module m00065: gpi-anchor biosynthesis, core oligosaccharide",12652,"GRCh37","2648a90d7032c268b812fc96620d034c842a39c747a3687866fe4988b52a1e3f","e2bb6beb199bfc576ecf2adc98bc83f014b729be832c4a4f7f2d2e09df552237",38,50,0,0,2.68e-07
"microbiome_2026_hunt","GCST90667138","Gut microbial functional pathway relative abundance (KEGG-module M00072: N-glycosylation by oligosaccharyltransferase)","taxon:kegg-module m00072: n-glycosylation by oligosaccharyltransferase",12652,"GRCh37","2648a90d7032c268b812fc96620d034c842a39c747a3687866fe4988b52a1e3f","e2bb6beb199bfc576ecf2adc98bc83f014b729be832c4a4f7f2d2e09df552237",38,27,0,0,1.3e-06
"microbiome_2026_hunt","GCST90667139","Gut microbial functional pathway relative abundance (KEGG-module M00074: N-glycan biosynthesis, high-mannose type)","taxon:kegg-module m00074: n-glycan biosynthesis, high-mannose type",12652,"GRCh37","2648a90d7032c268b812fc96620d034c842a39c747a3687866fe4988b52a1e3f","e2bb6beb199bfc576ecf2adc98bc83f014b729be832c4a4f7f2d2e09df552237",38,57,0,0,8.34e-07
"microbiome_2026_hunt","GCST90667140","Gut microbial functional pathway relative abundance (KEGG-module M00080: Lipopolysaccharide biosynthesis, inner core to outer core to O-antigen)","taxon:kegg-module m00080: lipopolysaccharide biosynthesis, inner core to outer core to o-antigen",12652,"GRCh37","2648a90d7032c268b812fc96620d034c842a39c747a3687866fe4988b52a1e3f","e2bb6beb199bfc576ecf2adc98bc83f014b729be832c4a4f7f2d2e09df552237",38,52,1,0,2.9e-08
"microbiome_2026_hunt","GCST90667141","Gut microbial functional pathway relative abundance (KEGG-module M00082: Fatty acid biosynthesis, initiation)","taxon:kegg-module m00082: fatty acid biosynthesis, initiation",12652,"GRCh37","2648a90d7032c268b812fc96620d034c842a39c747a3687866fe4988b52a1e3f","e2bb6beb199bfc576ecf2adc98bc83f014b729be832c4a4f7f2d2e09df552237",38,38,0,0,1.04e-07
"microbiome_2026_hunt","GCST90667142","Gut microbial functional pathway relative abundance (KEGG-module M00083: Fatty acid biosynthesis, elongation)","taxon:kegg-module m00083: fatty acid biosynthesis, elongation",12652,"GRCh37","2648a90d7032c268b812fc96620d034c842a39c747a3687866fe4988b52a1e3f","e2bb6beb199bfc576ecf2adc98bc83f014b729be832c4a4f7f2d2e09df552237",38,41,0,0,1.13e-06
"microbiome_2026_hunt","GCST90667143","Gut microbial functional pathway relative abundance (KEGG-module M00086: beta-Oxidation, acyl-CoA synthesis)","taxon:kegg-module m00086: beta-oxidation, acyl-coa synthesis",12652,"GRCh37","2648a90d7032c268b812fc96620d034c842a39c747a3687866fe4988b52a1e3f","e2bb6beb199bfc576ecf2adc98bc83f014b729be832c4a4f7f2d2e09df552237",38,28,0,0,5.98e-07
"microbiome_2026_hunt","GCST90667144","Gut microbial functional pathway relative abundance (KEGG-module M00087: beta-Oxidation)","taxon:kegg-module m00087: beta-oxidation",12652,"GRCh37","2648a90d7032c268b812fc96620d034c842a39c747a3687866fe4988b52a1e3f","e2bb6beb199bfc576ecf2adc98bc83f014b729be832c4a4f7f2d2e09df552237",38,71,0,0,2.07e-07
"microbiome_2026_hunt","GCST90667145","Gut microbial functional pathway relative abundance (KEGG-module M00091: Phosphatidylcholine (PC) biosynthesis, PE to PC)","taxon:kegg-module m00091: phosphatidylcholine (pc) biosynthesis, pe to pc",12652,"GRCh37","2648a90d7032c268b812fc96620d034c842a39c747a3687866fe4988b52a1e3f","e2bb6beb199bfc576ecf2adc98bc83f014b729be832c4a4f7f2d2e09df552237",38,112,1,0,2.3e-08
"microbiome_2026_hunt","GCST90667146","Gut microbial functional pathway relative abundance (KEGG-module M00093: Phosphatidylethanolamine (PE) biosynthesis, PA to PS to PE)","taxon:kegg-module m00093: phosphatidylethanolamine (pe) biosynthesis, pa to ps to pe",12652,"GRCh37","2648a90d7032c268b812fc96620d034c842a39c747a3687866fe4988b52a1e3f","e2bb6beb199bfc576ecf2adc98bc83f014b729be832c4a4f7f2d2e09df552237",38,116,0,0,1.89e-07
"microbiome_2026_hunt","GCST90667147","Gut microbial functional pathway relative abundance (KEGG-module M00094: Ceramide biosynthesis)","taxon:kegg-module m00094: ceramide biosynthesis",12652,"GRCh37","2648a90d7032c268b812fc96620d034c842a39c747a3687866fe4988b52a1e3f","e2bb6beb199bfc576ecf2adc98bc83f014b729be832c4a4f7f2d2e09df552237",38,55,0,0,6.5e-07
"microbiome_2026_hunt","GCST90667148","Gut microbial functional pathway relative abundance (KEGG-module M00095: C5 isoprenoid biosynthesis, mevalonate pathway)","taxon:kegg-module m00095: c5 isoprenoid biosynthesis, mevalonate pathway",12652,"GRCh37","2648a90d7032c268b812fc96620d034c842a39c747a3687866fe4988b52a1e3f","e2bb6beb199bfc576ecf2adc98bc83f014b729be832c4a4f7f2d2e09df552237",38,37,0,0,1.14e-06
"microbiome_2026_hunt","GCST90667149","Gut microbial functional pathway relative abundance (KEGG-module M00096: C5 isoprenoid biosynthesis, non-mevalonate pathway)","taxon:kegg-module m00096: c5 isoprenoid biosynthesis, non-mevalonate pathway",12652,"GRCh37","2648a90d7032c268b812fc96620d034c842a39c747a3687866fe4988b52a1e3f","e2bb6beb199bfc576ecf2adc98bc83f014b729be832c4a4f7f2d2e09df552237",39,45,2,0,2.49e-08
"microbiome_2026_hunt","GCST90667150","Gut microbial functional pathway relative abundance (KEGG-module M00098: Acylglycerol degradation)","taxon:kegg-module m00098: acylglycerol degradation",12652,"GRCh37","2648a90d7032c268b812fc96620d034c842a39c747a3687866fe4988b52a1e3f","e2bb6beb199bfc576ecf2adc98bc83f014b729be832c4a4f7f2d2e09df552237",39,55,0,0,4.34e-07
"microbiome_2026_hunt","GCST90667151","Gut microbial functional pathway relative abundance (KEGG-module M00100: Sphingosine degradation)","taxon:kegg-module m00100: sphingosine degradation",12652,"GRCh37","2648a90d7032c268b812fc96620d034c842a39c747a3687866fe4988b52a1e3f","e2bb6beb199bfc576ecf2adc98bc83f014b729be832c4a4f7f2d2e09df552237",39,66,0,0,9.05e-07
"microbiome_2026_hunt","GCST90667152","Gut microbial functional pathway relative abundance (KEGG-module M00102: Ergocalciferol biosynthesis)","taxon:kegg-module m00102: ergocalciferol biosynthesis",12652,"GRCh37","2648a90d7032c268b812fc96620d034c842a39c747a3687866fe4988b52a1e3f","e2bb6beb199bfc576ecf2adc98bc83f014b729be832c4a4f7f2d2e09df552237",39,31,0,0,4.5e-07
"microbiome_2026_hunt","GCST90667153","Gut microbial functional pathway relative abundance (KEGG-module M00115: NAD biosynthesis, aspartate to NAD)","taxon:kegg-module m00115: nad biosynthesis, aspartate to nad",12652,"GRCh37","2648a90d7032c268b812fc96620d034c842a39c747a3687866fe4988b52a1e3f","e2bb6beb199bfc576ecf2adc98bc83f014b729be832c4a4f7f2d2e09df552237",39,81,0,0,1.14e-06
"microbiome_2026_hunt","GCST90667154","Gut microbial functional pathway relative abundance (KEGG-module M00116: Menaquinone biosynthesis, chorismate to menaquinone)","taxon:kegg-module m00116: menaquinone biosynthesis, chorismate to menaquinone",12652,"GRCh37","2648a90d7032c268b812fc96620d034c842a39c747a3687866fe4988b52a1e3f","e2bb6beb199bfc576ecf2adc98bc83f014b729be832c4a4f7f2d2e09df552237",39,22,0,0,1.8e-06
"microbiome_2026_hunt","GCST90667155","Gut microbial functional pathway relative abundance (KEGG-module M00117: Ubiquinone biosynthesis, prokaryotes, chorismate to ubiquinone)","taxon:kegg-module m00117: ubiquinone biosynthesis, prokaryotes, chorismate to ubiquinone",12652,"GRCh37","2648a90d7032c268b812fc96620d034c842a39c747a3687866fe4988b52a1e3f","e2bb6beb199bfc576ecf2adc98bc83f014b729be832c4a4f7f2d2e09df552237",39,63,0,0,2.99e-07
"microbiome_2026_hunt","GCST90667156","Gut microbial functional pathway relative abundance (KEGG-module M00118: Glutathione biosynthesis, glutamate to glutathione)","taxon:kegg-module m00118: glutathione biosynthesis, glutamate to glutathione",12652,"GRCh37","2648a90d7032c268b812fc96620d034c842a39c747a3687866fe4988b52a1e3f","e2bb6beb199bfc576ecf2adc98bc83f014b729be832c4a4f7f2d2e09df552237",39,39,0,0,4.87e-07
"microbiome_2026_hunt","GCST90667157","Gut microbial functional pathway relative abundance (KEGG-module M00119: Pantothenate biosynthesis, valine/L-aspartate to pantothenate)","taxon:kegg-module m00119: pantothenate biosynthesis, valine/l-aspartate to pantothenate",12652,"GRCh37","2648a90d7032c268b812fc96620d034c842a39c747a3687866fe4988b52a1e3f","e2bb6beb199bfc576ecf2adc98bc83f014b729be832c4a4f7f2d2e09df552237",39,67,0,0,4.49e-07
"microbiome_2026_hunt","GCST90667158","Gut microbial functional pathway relative abundance (KEGG-module M00120: Coenzyme A biosynthesis, pantothenate to CoA)","taxon:kegg-module m00120: coenzyme a biosynthesis, pantothenate to coa",12652,"GRCh37","2648a90d7032c268b812fc96620d034c842a39c747a3687866fe4988b52a1e3f","e2bb6beb199bfc576ecf2adc98bc83f014b729be832c4a4f7f2d2e09df552237",39,45,0,0,3.21e-07
"microbiome_2026_hunt","GCST90667159","Gut microbial functional pathway relative abundance (KEGG-module M00121: Heme biosynthesis, glutamate to protoheme/siroheme)","taxon:kegg-module m00121: heme biosynthesis, glutamate to protoheme/siroheme",12652,"GRCh37","2648a90d7032c268b812fc96620d034c842a39c747a3687866fe4988b52a1e3f","e2bb6beb199bfc576ecf2adc98bc83f014b729be832c4a4f7f2d2e09df552237",39,40,0,0,2.1e-07
"microbiome_2026_hunt","GCST90667160","Gut microbial functional pathway relative abundance (KEGG-module M00122: Cobalamin biosynthesis, cobinamide to cobalamin)","taxon:kegg-module m00122: cobalamin biosynthesis, cobinamide to cobalamin",12652,"GRCh37","2648a90d7032c268b812fc96620d034c842a39c747a3687866fe4988b52a1e3f","e2bb6beb199bfc576ecf2adc98bc83f014b729be832c4a4f7f2d2e09df552237",39,88,0,0,8.19e-08
"microbiome_2026_hunt","GCST90667161","Gut microbial functional pathway relative abundance (KEGG-module M00123: Biotin biosynthesis, pimeloyl-ACP/CoA to biotin)","taxon:kegg-module m00123: biotin biosynthesis, pimeloyl-acp/coa to biotin",12652,"GRCh37","2648a90d7032c268b812fc96620d034c842a39c747a3687866fe4988b52a1e3f","e2bb6beb199bfc576ecf2adc98bc83f014b729be832c4a4f7f2d2e09df552237",39,70,0,0,1.89e-07
"microbiome_2026_hunt","GCST90667162","Gut microbial functional pathway relative abundance (KEGG-module M00124: Pyridoxal biosynthesis, erythrose-4P to pyridoxal-5P)","taxon:kegg-module m00124: pyridoxal biosynthesis, erythrose-4p to pyridoxal-5p",12652,"GRCh37","2648a90d7032c268b812fc96620d034c842a39c747a3687866fe4988b52a1e3f","e2bb6beb199bfc576ecf2adc98bc83f014b729be832c4a4f7f2d2e09df552237",39,42,1,0,2.01e-08
"microbiome_2026_hunt","GCST90667163","Gut microbial functional pathway relative abundance (KEGG-module M00125: Riboflavin biosynthesis, GTP to riboflavin/FMN/FAD)","taxon:kegg-module m00125: riboflavin biosynthesis, gtp to riboflavin/fmn/fad",12652,"GRCh37","2648a90d7032c268b812fc96620d034c842a39c747a3687866fe4988b52a1e3f","e2bb6beb199bfc576ecf2adc98bc83f014b729be832c4a4f7f2d2e09df552237",39,14,0,0,1.5e-06
"microbiome_2026_hunt","GCST90667164","Gut microbial functional pathway relative abundance (KEGG-module M00126: Tetrahydrofolate biosynthesis, GTP to THF)","taxon:kegg-module m00126: tetrahydrofolate biosynthesis, gtp to thf",12652,"GRCh37","2648a90d7032c268b812fc96620d034c842a39c747a3687866fe4988b52a1e3f","e2bb6beb199bfc576ecf2adc98bc83f014b729be832c4a4f7f2d2e09df552237",39,245,0,0,2.96e-07
"microbiome_2026_hunt","GCST90667165","Gut microbial functional pathway relative abundance (KEGG-module M00127: Thiamine biosynthesis, AIR to thiamine-P/thiamine-2P)","taxon:kegg-module m00127: thiamine biosynthesis, air to thiamine-p/thiamine-2p",12652,"GRCh37","2648a90d7032c268b812fc96620d034c842a39c747a3687866fe4988b52a1e3f","e2bb6beb199bfc576ecf2adc98bc83f014b729be832c4a4f7f2d2e09df552237",40,60,0,0,5.67e-07
"microbiome_2026_hunt","GCST90667166","Gut microbial functional pathway relative abundance (KEGG-module M00133: Polyamine biosynthesis, arginine to agmatine to putrescine to spermidine)","taxon:kegg-module m00133: polyamine biosynthesis, arginine to agmatine to putrescine to spermidine",12652,"GRCh37","2648a90d7032c268b812fc96620d034c842a39c747a3687866fe4988b52a1e3f","e2bb6beb199bfc576ecf2adc98bc83f014b729be832c4a4f7f2d2e09df552237",40,59,0,0,5.55e-07
"microbiome_2026_hunt","GCST90667167","Gut microbial functional pathway relative abundance (KEGG-module M00134: Polyamine biosynthesis, arginine to ornithine to putrescine)","taxon:kegg-module m00134: polyamine biosynthesis, arginine to ornithine to putrescine",12652,"GRCh37","2648a90d7032c268b812fc96620d034c842a39c747a3687866fe4988b52a1e3f","e2bb6beb199bfc576ecf2adc98bc83f014b729be832c4a4f7f2d2e09df552237",40,97,0,0,1.34e-07
"microbiome_2026_hunt","GCST90667168","Gut microbial functional pathway relative abundance (KEGG-module M00135: GABA biosynthesis, eukaryotes, putrescine to GABA)","taxon:kegg-module m00135: gaba biosynthesis, eukaryotes, putrescine to gaba",12652,"GRCh37","2648a90d7032c268b812fc96620d034c842a39c747a3687866fe4988b52a1e3f","e2bb6beb199bfc576ecf2adc98bc83f014b729be832c4a4f7f2d2e09df552237",40,64,0,0,6.3e-07
"microbiome_2026_hunt","GCST90667169","Gut microbial functional pathway relative abundance (KEGG-module M00136: GABA biosynthesis, prokaryotes, putrescine to GABA)","taxon:kegg-module m00136: gaba biosynthesis, prokaryotes, putrescine to gaba",12652,"GRCh37","2648a90d7032c268b812fc96620d034c842a39c747a3687866fe4988b52a1e3f","e2bb6beb199bfc576ecf2adc98bc83f014b729be832c4a4f7f2d2e09df552237",40,93,34,0,7.04e-09
"microbiome_2026_hunt","GCST90667170","Gut microbial functional pathway relative abundance (KEGG-module M00140: C1-unit interconversion, prokaryotes)","taxon:kegg-module m00140: c1-unit interconversion, prokaryotes",12652,"GRCh37","2648a90d7032c268b812fc96620d034c842a39c747a3687866fe4988b52a1e3f","e2bb6beb199bfc576ecf2adc98bc83f014b729be832c4a4f7f2d2e09df552237",40,32,0,0,1.04e-07
"microbiome_2026_hunt","GCST90667171","Gut microbial functional pathway relative abundance (KEGG-module M00141: C1-unit interconversion, eukaryotes)","taxon:kegg-module m00141: c1-unit interconversion, eukaryotes",12652,"GRCh37","2648a90d7032c268b812fc96620d034c842a39c747a3687866fe4988b52a1e3f","e2bb6beb199bfc576ecf2adc98bc83f014b729be832c4a4f7f2d2e09df552237",40,37,0,0,4.24e-07
"microbiome_2026_hunt","GCST90667172","Gut microbial functional pathway relative abundance (KEGG-module M00144: NADH:quinone oxidoreductase, prokaryotes)","taxon:kegg-module m00144: nadh:quinone oxidoreductase, prokaryotes",12652,"GRCh37","2648a90d7032c268b812fc96620d034c842a39c747a3687866fe4988b52a1e3f","e2bb6beb199bfc576ecf2adc98bc83f014b729be832c4a4f7f2d2e09df552237",40,47,0,0,6.03e-08
"microbiome_2026_hunt","GCST90667173","Gut microbial functional pathway relative abundance (KEGG-module M00148: Succinate dehydrogenase (ubiquinone))","taxon:kegg-module m00148: succinate dehydrogenase (ubiquinone)",12652,"GRCh37","2648a90d7032c268b812fc96620d034c842a39c747a3687866fe4988b52a1e3f","e2bb6beb199bfc576ecf2adc98bc83f014b729be832c4a4f7f2d2e09df552237",40,56,0,0,6.15e-07
"microbiome_2026_hunt","GCST90667174","Gut microbial functional pathway relative abundance (KEGG-module M00149: Succinate dehydrogenase, prokaryotes)","taxon:kegg-module m00149: succinate dehydrogenase, prokaryotes",12652,"GRCh37","2648a90d7032c268b812fc96620d034c842a39c747a3687866fe4988b52a1e3f","e2bb6beb199bfc576ecf2adc98bc83f014b729be832c4a4f7f2d2e09df552237",40,42,0,0,1.04e-06
"microbiome_2026_hunt","GCST90667175","Gut microbial functional pathway relative abundance (KEGG-module M00150: Fumarate reductase, prokaryotes)","taxon:kegg-module m00150: fumarate reductase, prokaryotes",12652,"GRCh37","2648a90d7032c268b812fc96620d034c842a39c747a3687866fe4988b52a1e3f","e2bb6beb199bfc576ecf2adc98bc83f014b729be832c4a4f7f2d2e09df552237",40,80,0,0,4.73e-07
"microbiome_2026_hunt","GCST90667176","Gut microbial functional pathway relative abundance (KEGG-module M00151: Cytochrome bc1 complex respiratory unit)","taxon:kegg-module m00151: cytochrome bc1 complex respiratory unit",12652,"GRCh37","2648a90d7032c268b812fc96620d034c842a39c747a3687866fe4988b52a1e3f","e2bb6beb199bfc576ecf2adc98bc83f014b729be832c4a4f7f2d2e09df552237",40,49,0,0,7.47e-07
"microbiome_2026_hunt","GCST90667177","Gut microbial functional pathway relative abundance (KEGG-module M00152: Cytochrome bc1 complex)","taxon:kegg-module m00152: cytochrome bc1 complex",12652,"GRCh37","2648a90d7032c268b812fc96620d034c842a39c747a3687866fe4988b52a1e3f","e2bb6beb199bfc576ecf2adc98bc83f014b729be832c4a4f7f2d2e09df552237",40,59,0,0,6.25e-07
"microbiome_2026_hunt","GCST90667178","Gut microbial functional pathway relative abundance (KEGG-module M00153: Cytochrome d ubiquinol oxidase)","taxon:kegg-module m00153: cytochrome d ubiquinol oxidase",12652,"GRCh37","2648a90d7032c268b812fc96620d034c842a39c747a3687866fe4988b52a1e3f","e2bb6beb199bfc576ecf2adc98bc83f014b729be832c4a4f7f2d2e09df552237",40,103,0,0,4.93e-07
"microbiome_2026_hunt","GCST90667179","Gut microbial functional pathway relative abundance (KEGG-module M00154: Cytochrome c oxidase)","taxon:kegg-module m00154: cytochrome c oxidase",12652,"GRCh37","2648a90d7032c268b812fc96620d034c842a39c747a3687866fe4988b52a1e3f","e2bb6beb199bfc576ecf2adc98bc83f014b729be832c4a4f7f2d2e09df552237",40,54,0,0,6.53e-07
"microbiome_2026_hunt","GCST90667180","Gut microbial functional pathway relative abundance (KEGG-module M00155: Cytochrome c oxidase, prokaryotes)","taxon:kegg-module m00155: cytochrome c oxidase, prokaryotes",12652,"GRCh37","2648a90d7032c268b812fc96620d034c842a39c747a3687866fe4988b52a1e3f","e2bb6beb199bfc576ecf2adc98bc83f014b729be832c4a4f7f2d2e09df552237",40,71,0,0,3.36e-07
"microbiome_2026_hunt","GCST90667181","Gut microbial functional pathway relative abundance (KEGG-module M00156: Cytochrome c oxidase, cbb3-type)","taxon:kegg-module m00156: cytochrome c oxidase, cbb3-type",12652,"GRCh37","2648a90d7032c268b812fc96620d034c842a39c747a3687866fe4988b52a1e3f","e2bb6beb199bfc576ecf2adc98bc83f014b729be832c4a4f7f2d2e09df552237",41,78,2,0,2.65e-08
"microbiome_2026_hunt","GCST90667182","Gut microbial functional pathway relative abundance (KEGG-module M00157: F-type ATPase, prokaryotes and chloroplasts)","taxon:kegg-module m00157: f-type atpase, prokaryotes and chloroplasts",12652,"GRCh37","2648a90d7032c268b812fc96620d034c842a39c747a3687866fe4988b52a1e3f","e2bb6beb199bfc576ecf2adc98bc83f014b729be832c4a4f7f2d2e09df552237",41,45,0,0,7.84e-08
"microbiome_2026_hunt","GCST90667183","Gut microbial functional pathway relative abundance (KEGG-module M00158: F-type ATPase, eukaryotes)","taxon:kegg-module m00158: f-type atpase, eukaryotes",12652,"GRCh37","2648a90d7032c268b812fc96620d034c842a39c747a3687866fe4988b52a1e3f","e2bb6beb199bfc576ecf2adc98bc83f014b729be832c4a4f7f2d2e09df552237",41,61,0,0,8.13e-07
"microbiome_2026_hunt","GCST90667184","Gut microbial functional pathway relative abundance (KEGG-module M00159: V/A-type ATPase, prokaryotes)","taxon:kegg-module m00159: v/a-type atpase, prokaryotes",12652,"GRCh37","2648a90d7032c268b812fc96620d034c842a39c747a3687866fe4988b52a1e3f","e2bb6beb199bfc576ecf2adc98bc83f014b729be832c4a4f7f2d2e09df552237",41,43,0,0,1.29e-06
"microbiome_2026_hunt","GCST90667185","Gut microbial functional pathway relative abundance (KEGG-module M00160: V-type ATPase, eukaryotes)","taxon:kegg-module m00160: v-type atpase, eukaryotes",12652,"GRCh37","2648a90d7032c268b812fc96620d034c842a39c747a3687866fe4988b52a1e3f","e2bb6beb199bfc576ecf2adc98bc83f014b729be832c4a4f7f2d2e09df552237",41,55,0,0,4.7e-07
"microbiome_2026_hunt","GCST90667186","Gut microbial functional pathway relative abundance (KEGG-module M00165: Reductive pentose phosphate cycle (Calvin cycle))","taxon:kegg-module m00165: reductive pentose phosphate cycle (calvin cycle)",12652,"GRCh37","2648a90d7032c268b812fc96620d034c842a39c747a3687866fe4988b52a1e3f","e2bb6beb199bfc576ecf2adc98bc83f014b729be832c4a4f7f2d2e09df552237",41,79,0,0,1.93e-06
"microbiome_2026_hunt","GCST90667187","Gut microbial functional pathway relative abundance (KEGG-module M00166: Reductive pentose phosphate cycle, ribulose-5P to glyceraldehyde-3P)","taxon:kegg-module m00166: reductive pentose phosphate cycle, ribulose-5p to glyceraldehyde-3p",12652,"GRCh37","2648a90d7032c268b812fc96620d034c842a39c747a3687866fe4988b52a1e3f","e2bb6beb199bfc576ecf2adc98bc83f014b729be832c4a4f7f2d2e09df552237",41,50,1,0,3.63e-08
"microbiome_2026_hunt","GCST90667188","Gut microbial functional pathway relative abundance (KEGG-module M00167: Reductive pentose phosphate cycle, glyceraldehyde-3P to ribulose-5P)","taxon:kegg-module m00167: reductive pentose phosphate cycle, glyceraldehyde-3p to ribulose-5p",12652,"GRCh37","2648a90d7032c268b812fc96620d034c842a39c747a3687866fe4988b52a1e3f","e2bb6beb199bfc576ecf2adc98bc83f014b729be832c4a4f7f2d2e09df552237",41,166,0,0,2.47e-07
"microbiome_2026_hunt","GCST90667189","Gut microbial functional pathway relative abundance (KEGG-module M00168: CAM (Crassulacean acid metabolism), dark)","taxon:kegg-module m00168: cam (crassulacean acid metabolism), dark",12652,"GRCh37","2648a90d7032c268b812fc96620d034c842a39c747a3687866fe4988b52a1e3f","e2bb6beb199bfc576ecf2adc98bc83f014b729be832c4a4f7f2d2e09df552237",41,818,233,0,2.67e-11
"microbiome_2026_hunt","GCST90667190","Gut microbial functional pathway relative abundance (KEGG-module M00169: CAM (Crassulacean acid metabolism), light)","taxon:kegg-module m00169: cam (crassulacean acid metabolism), light",12652,"GRCh37","2648a90d7032c268b812fc96620d034c842a39c747a3687866fe4988b52a1e3f","e2bb6beb199bfc576ecf2adc98bc83f014b729be832c4a4f7f2d2e09df552237",41,36,0,0,5.15e-07
"microbiome_2026_hunt","GCST90667191","Gut microbial functional pathway relative abundance (KEGG-module M00172: C4-dicarboxylic acid cycle, NADP - malic enzyme type)","taxon:kegg-module m00172: c4-dicarboxylic acid cycle, nadp - malic enzyme type",12652,"GRCh37","2648a90d7032c268b812fc96620d034c842a39c747a3687866fe4988b52a1e3f","e2bb6beb199bfc576ecf2adc98bc83f014b729be832c4a4f7f2d2e09df552237",41,19,0,0,1.38e-07
"microbiome_2026_hunt","GCST90667192","Gut microbial functional pathway relative abundance (KEGG-module M00173: Reductive citrate cycle (Arnon-Buchanan cycle))","taxon:kegg-module m00173: reductive citrate cycle (arnon-buchanan cycle)",12652,"GRCh37","2648a90d7032c268b812fc96620d034c842a39c747a3687866fe4988b52a1e3f","e2bb6beb199bfc576ecf2adc98bc83f014b729be832c4a4f7f2d2e09df552237",41,40,0,0,1.49e-06
"microbiome_2026_hunt","GCST90667193","Gut microbial functional pathway relative abundance (KEGG-module M00175: Nitrogen fixation, nitrogen to ammonia)","taxon:kegg-module m00175: nitrogen fixation, nitrogen to ammonia",12652,"GRCh37","2648a90d7032c268b812fc96620d034c842a39c747a3687866fe4988b52a1e3f","e2bb6beb199bfc576ecf2adc98bc83f014b729be832c4a4f7f2d2e09df552237",41,32,0,0,1.25e-07
"microbiome_2026_hunt","GCST90667194","Gut microbial functional pathway relative abundance (KEGG-module M00176: Assimilatory sulfate reduction, sulfate to H2S)","taxon:kegg-module m00176: assimilatory sulfate reduction, sulfate to h2s",12652,"GRCh37","2648a90d7032c268b812fc96620d034c842a39c747a3687866fe4988b52a1e3f","e2bb6beb199bfc576ecf2adc98bc83f014b729be832c4a4f7f2d2e09df552237",41,37,0,0,1.11e-06
"microbiome_2026_hunt","GCST90667195","Gut microbial functional pathway relative abundance (KEGG-module M00177: Ribosome, eukaryotes)","taxon:kegg-module m00177: ribosome, eukaryotes",12652,"GRCh37","2648a90d7032c268b812fc96620d034c842a39c747a3687866fe4988b52a1e3f","e2bb6beb199bfc576ecf2adc98bc83f014b729be832c4a4f7f2d2e09df552237",41,64,0,0,4.02e-07
"microbiome_2026_hunt","GCST90667196","Gut microbial functional pathway relative abundance (KEGG-module M00178: Ribosome, bacteria)","taxon:kegg-module m00178: ribosome, bacteria",12652,"GRCh37","2648a90d7032c268b812fc96620d034c842a39c747a3687866fe4988b52a1e3f","e2bb6beb199bfc576ecf2adc98bc83f014b729be832c4a4f7f2d2e09df552237",41,69,0,0,6.64e-07
"microbiome_2026_hunt","GCST90667197","Gut microbial functional pathway relative abundance (KEGG-module M00179: Ribosome, archaea)","taxon:kegg-module m00179: ribosome, archaea",12652,"GRCh37","2648a90d7032c268b812fc96620d034c842a39c747a3687866fe4988b52a1e3f","e2bb6beb199bfc576ecf2adc98bc83f014b729be832c4a4f7f2d2e09df552237",42,76,0,0,2.44e-07
"microbiome_2026_hunt","GCST90667198","Gut microbial functional pathway relative abundance (KEGG-module M00180: RNA polymerase II, eukaryotes)","taxon:kegg-module m00180: rna polymerase ii, eukaryotes",12652,"GRCh37","2648a90d7032c268b812fc96620d034c842a39c747a3687866fe4988b52a1e3f","e2bb6beb199bfc576ecf2adc98bc83f014b729be832c4a4f7f2d2e09df552237",42,56,0,0,7.33e-07
"microbiome_2026_hunt","GCST90667199","Gut microbial functional pathway relative abundance (KEGG-module M00181: RNA polymerase III, eukaryotes)","taxon:kegg-module m00181: rna polymerase iii, eukaryotes",12652,"GRCh37","2648a90d7032c268b812fc96620d034c842a39c747a3687866fe4988b52a1e3f","e2bb6beb199bfc576ecf2adc98bc83f014b729be832c4a4f7f2d2e09df552237",42,56,0,0,5.99e-07
"microbiome_2026_hunt","GCST90667200","Gut microbial functional pathway relative abundance (KEGG-module M00182: RNA polymerase I, eukaryotes)","taxon:kegg-module m00182: rna polymerase i, eukaryotes",12652,"GRCh37","2648a90d7032c268b812fc96620d034c842a39c747a3687866fe4988b52a1e3f","e2bb6beb199bfc576ecf2adc98bc83f014b729be832c4a4f7f2d2e09df552237",42,53,0,0,5.41e-07
"microbiome_2026_hunt","GCST90667201","Gut microbial functional pathway relative abundance (KEGG-module M00183: RNA polymerase, bacteria)","taxon:kegg-module m00183: rna polymerase, bacteria",12652,"GRCh37","2648a90d7032c268b812fc96620d034c842a39c747a3687866fe4988b52a1e3f","e2bb6beb199bfc576ecf2adc98bc83f014b729be832c4a4f7f2d2e09df552237",42,35,0,0,3.21e-07
"microbiome_2026_hunt","GCST90667202","Gut microbial functional pathway relative abundance (KEGG-module M00184: RNA polymerase, archaea)","taxon:kegg-module m00184: rna polymerase, archaea",12652,"GRCh37","2648a90d7032c268b812fc96620d034c842a39c747a3687866fe4988b52a1e3f","e2bb6beb199bfc576ecf2adc98bc83f014b729be832c4a4f7f2d2e09df552237",42,83,0,0,8.64e-08
"microbiome_2026_hunt","GCST90667203","Gut microbial functional pathway relative abundance (KEGG-module M00185: Sulfate transport system)","taxon:kegg-module m00185: sulfate transport system",12652,"GRCh37","2648a90d7032c268b812fc96620d034c842a39c747a3687866fe4988b52a1e3f","e2bb6beb199bfc576ecf2adc98bc83f014b729be832c4a4f7f2d2e09df552237",42,32,0,0,4.28e-07
"microbiome_2026_hunt","GCST90667204","Gut microbial functional pathway relative abundance (KEGG-module M00186: Tungstate transport system)","taxon:kegg-module m00186: tungstate transport system",12652,"GRCh37","2648a90d7032c268b812fc96620d034c842a39c747a3687866fe4988b52a1e3f","e2bb6beb199bfc576ecf2adc98bc83f014b729be832c4a4f7f2d2e09df552237",42,152,0,0,1.29e-07
"microbiome_2026_hunt","GCST90667205","Gut microbial functional pathway relative abundance (KEGG-module M00188: NitT/TauT family transport system)","taxon:kegg-module m00188: nitt/taut family transport system",12652,"GRCh37","2648a90d7032c268b812fc96620d034c842a39c747a3687866fe4988b52a1e3f","e2bb6beb199bfc576ecf2adc98bc83f014b729be832c4a4f7f2d2e09df552237",42,127,0,0,7.71e-07
"microbiome_2026_hunt","GCST90667206","Gut microbial functional pathway relative abundance (KEGG-module M00189: Molybdate transport system)","taxon:kegg-module m00189: molybdate transport system",12652,"GRCh37","2648a90d7032c268b812fc96620d034c842a39c747a3687866fe4988b52a1e3f","e2bb6beb199bfc576ecf2adc98bc83f014b729be832c4a4f7f2d2e09df552237",42,43,0,0,3e-07
"microbiome_2026_hunt","GCST90667207","Gut microbial functional pathway relative abundance (KEGG-module M00190: Iron(III) transport system)","taxon:kegg-module m00190: iron(iii) transport system",12652,"GRCh37","2648a90d7032c268b812fc96620d034c842a39c747a3687866fe4988b52a1e3f","e2bb6beb199bfc576ecf2adc98bc83f014b729be832c4a4f7f2d2e09df552237",42,43,0,0,1.14e-06
"microbiome_2026_hunt","GCST90667208","Gut microbial functional pathway relative abundance (KEGG-module M00191: Thiamine transport system)","taxon:kegg-module m00191: thiamine transport system",12652,"GRCh37","2648a90d7032c268b812fc96620d034c842a39c747a3687866fe4988b52a1e3f","e2bb6beb199bfc576ecf2adc98bc83f014b729be832c4a4f7f2d2e09df552237",42,38,0,0,1.07e-06
"microbiome_2026_hunt","GCST90667209","Gut microbial functional pathway relative abundance (KEGG-module M00192: Putative thiamine transport system)","taxon:kegg-module m00192: putative thiamine transport system",12652,"GRCh37","2648a90d7032c268b812fc96620d034c842a39c747a3687866fe4988b52a1e3f","e2bb6beb199bfc576ecf2adc98bc83f014b729be832c4a4f7f2d2e09df552237",42,72,0,0,3.81e-07
"microbiome_2026_hunt","GCST90667210","Gut microbial functional pathway relative abundance (KEGG-module M00193: Putative spermidine/putrescine transport system)","taxon:kegg-module m00193: putative spermidine/putrescine transport system",12652,"GRCh37","2648a90d7032c268b812fc96620d034c842a39c747a3687866fe4988b52a1e3f","e2bb6beb199bfc576ecf2adc98bc83f014b729be832c4a4f7f2d2e09df552237",42,122,0,0,1.19e-07
"microbiome_2026_hunt","GCST90667211","Gut microbial functional pathway relative abundance (KEGG-module M00194: Maltose/maltodextrin transport system)","taxon:kegg-module m00194: maltose/maltodextrin transport system",12652,"GRCh37","2648a90d7032c268b812fc96620d034c842a39c747a3687866fe4988b52a1e3f","e2bb6beb199bfc576ecf2adc98bc83f014b729be832c4a4f7f2d2e09df552237",42,35,0,0,5.5e-07
"microbiome_2026_hunt","GCST90667212","Gut microbial functional pathway relative abundance (KEGG-module M00196: Raffinose/stachyose/melibiose transport system)","taxon:kegg-module m00196: raffinose/stachyose/melibiose transport system",12652,"GRCh37","2648a90d7032c268b812fc96620d034c842a39c747a3687866fe4988b52a1e3f","e2bb6beb199bfc576ecf2adc98bc83f014b729be832c4a4f7f2d2e09df552237",42,132,0,0,8.79e-07
"microbiome_2026_hunt","GCST90667213","Gut microbial functional pathway relative abundance (KEGG-module M00197: Putative fructooligosaccharide transport system)","taxon:kegg-module m00197: putative fructooligosaccharide transport system",12652,"GRCh37","2648a90d7032c268b812fc96620d034c842a39c747a3687866fe4988b52a1e3f","e2bb6beb199bfc576ecf2adc98bc83f014b729be832c4a4f7f2d2e09df552237",43,44,1,0,2.84e-08
"microbiome_2026_hunt","GCST90667214","Gut microbial functional pathway relative abundance (KEGG-module M00198: Putative sn-glycerol-phosphate transport system)","taxon:kegg-module m00198: putative sn-glycerol-phosphate transport system",12652,"GRCh37","2648a90d7032c268b812fc96620d034c842a39c747a3687866fe4988b52a1e3f","e2bb6beb199bfc576ecf2adc98bc83f014b729be832c4a4f7f2d2e09df552237",43,61,0,0,7.25e-07
"microbiome_2026_hunt","GCST90667215","Gut microbial functional pathway relative abundance (KEGG-module M00199: L-Arabinose/lactose transport system)","taxon:kegg-module m00199: l-arabinose/lactose transport system",12652,"GRCh37","2648a90d7032c268b812fc96620d034c842a39c747a3687866fe4988b52a1e3f","e2bb6beb199bfc576ecf2adc98bc83f014b729be832c4a4f7f2d2e09df552237",43,63,0,0,8.84e-07
"microbiome_2026_hunt","GCST90667216","Gut microbial functional pathway relative abundance (KEGG-module M00200: Putative sorbitol/mannitol transport system)","taxon:kegg-module m00200: putative sorbitol/mannitol transport system",12652,"GRCh37","2648a90d7032c268b812fc96620d034c842a39c747a3687866fe4988b52a1e3f","e2bb6beb199bfc576ecf2adc98bc83f014b729be832c4a4f7f2d2e09df552237",43,59,0,0,8.61e-07
"microbiome_2026_hunt","GCST90667217","Gut microbial functional pathway relative abundance (KEGG-module M00201: alpha-Glucoside transport system)","taxon:kegg-module m00201: alpha-glucoside transport system",12652,"GRCh37","2648a90d7032c268b812fc96620d034c842a39c747a3687866fe4988b52a1e3f","e2bb6beb199bfc576ecf2adc98bc83f014b729be832c4a4f7f2d2e09df552237",43,96,0,0,1.72e-06
"microbiome_2026_hunt","GCST90667218","Gut microbial functional pathway relative abundance (KEGG-module M00202: Oligogalacturonide transport system)","taxon:kegg-module m00202: oligogalacturonide transport system",12652,"GRCh37","2648a90d7032c268b812fc96620d034c842a39c747a3687866fe4988b52a1e3f","e2bb6beb199bfc576ecf2adc98bc83f014b729be832c4a4f7f2d2e09df552237",43,94,8,0,3.34e-09
"microbiome_2026_hunt","GCST90667219","Gut microbial functional pathway relative abundance (KEGG-module M00205: N-Acetylglucosamine transport system)","taxon:kegg-module m00205: n-acetylglucosamine transport system",12652,"GRCh37","2648a90d7032c268b812fc96620d034c842a39c747a3687866fe4988b52a1e3f","e2bb6beb199bfc576ecf2adc98bc83f014b729be832c4a4f7f2d2e09df552237",43,109,5,0,3.77e-08
"microbiome_2026_hunt","GCST90667220","Gut microbial functional pathway relative abundance (KEGG-module M00206: Cellobiose transport system)","taxon:kegg-module m00206: cellobiose transport system",12652,"GRCh37","2648a90d7032c268b812fc96620d034c842a39c747a3687866fe4988b52a1e3f","e2bb6beb199bfc576ecf2adc98bc83f014b729be832c4a4f7f2d2e09df552237",43,221,1,0,2.88e-08
"microbiome_2026_hunt","GCST90667221","Gut microbial functional pathway relative abundance (KEGG-module M00207: Putative multiple sugar transport system)","taxon:kegg-module m00207: putative multiple sugar transport system",12652,"GRCh37","2648a90d7032c268b812fc96620d034c842a39c747a3687866fe4988b52a1e3f","e2bb6beb199bfc576ecf2adc98bc83f014b729be832c4a4f7f2d2e09df552237",43,50,0,0,6.98e-07
"microbiome_2026_hunt","GCST90667222","Gut microbial functional pathway relative abundance (KEGG-module M00208: Glycine betaine/proline transport system)","taxon:kegg-module m00208: glycine betaine/proline transport system",12652,"GRCh37","2648a90d7032c268b812fc96620d034c842a39c747a3687866fe4988b52a1e3f","e2bb6beb199bfc576ecf2adc98bc83f014b729be832c4a4f7f2d2e09df552237",43,99,0,0,4.92e-07
"microbiome_2026_hunt","GCST90667223","Gut microbial functional pathway relative abundance (KEGG-module M00209: Osmoprotectant transport system)","taxon:kegg-module m00209: osmoprotectant transport system",12652,"GRCh37","2648a90d7032c268b812fc96620d034c842a39c747a3687866fe4988b52a1e3f","e2bb6beb199bfc576ecf2adc98bc83f014b729be832c4a4f7f2d2e09df552237",43,66,0,0,9.21e-07
"microbiome_2026_hunt","GCST90667224","Gut microbial functional pathway relative abundance (KEGG-module M00210: Phospholipid transport system)","taxon:kegg-module m00210: phospholipid transport system",12652,"GRCh37","2648a90d7032c268b812fc96620d034c842a39c747a3687866fe4988b52a1e3f","e2bb6beb199bfc576ecf2adc98bc83f014b729be832c4a4f7f2d2e09df552237",43,82,0,0,3.51e-07
"microbiome_2026_hunt","GCST90667225","Gut microbial functional pathway relative abundance (KEGG-module M00211: Putative ABC transport system)","taxon:kegg-module m00211: putative abc transport system",12652,"GRCh37","2648a90d7032c268b812fc96620d034c842a39c747a3687866fe4988b52a1e3f","e2bb6beb199bfc576ecf2adc98bc83f014b729be832c4a4f7f2d2e09df552237",43,44,0,0,1.17e-06
"microbiome_2026_hunt","GCST90667226","Gut microbial functional pathway relative abundance (KEGG-module M00212: Ribose transport system)","taxon:kegg-module m00212: ribose transport system",12652,"GRCh37","2648a90d7032c268b812fc96620d034c842a39c747a3687866fe4988b52a1e3f","e2bb6beb199bfc576ecf2adc98bc83f014b729be832c4a4f7f2d2e09df552237",43,31,0,0,6.49e-07
"microbiome_2026_hunt","GCST90667227","Gut microbial functional pathway relative abundance (KEGG-module M00213: L-Arabinose transport system)","taxon:kegg-module m00213: l-arabinose transport system",12652,"GRCh37","2648a90d7032c268b812fc96620d034c842a39c747a3687866fe4988b52a1e3f","e2bb6beb199bfc576ecf2adc98bc83f014b729be832c4a4f7f2d2e09df552237",43,51,0,0,2.9e-07
"microbiome_2026_hunt","GCST90667228","Gut microbial functional pathway relative abundance (KEGG-module M00214: Methyl-galactoside transport system)","taxon:kegg-module m00214: methyl-galactoside transport system",12652,"GRCh37","2648a90d7032c268b812fc96620d034c842a39c747a3687866fe4988b52a1e3f","e2bb6beb199bfc576ecf2adc98bc83f014b729be832c4a4f7f2d2e09df552237",43,76,0,0,2.74e-07
"microbiome_2026_hunt","GCST90667229","Gut microbial functional pathway relative abundance (KEGG-module M00215: D-Xylose transport system)","taxon:kegg-module m00215: d-xylose transport system",12652,"GRCh37","2648a90d7032c268b812fc96620d034c842a39c747a3687866fe4988b52a1e3f","e2bb6beb199bfc576ecf2adc98bc83f014b729be832c4a4f7f2d2e09df552237",44,64,0,0,1.48e-06
"microbiome_2026_hunt","GCST90667230","Gut microbial functional pathway relative abundance (KEGG-module M00216: Multiple sugar transport system)","taxon:kegg-module m00216: multiple sugar transport system",12652,"GRCh37","2648a90d7032c268b812fc96620d034c842a39c747a3687866fe4988b52a1e3f","e2bb6beb199bfc576ecf2adc98bc83f014b729be832c4a4f7f2d2e09df552237",44,51,0,0,9.08e-07
"microbiome_2026_hunt","GCST90667231","Gut microbial functional pathway relative abundance (KEGG-module M00217: D-Allose transport system)","taxon:kegg-module m00217: d-allose transport system",12652,"GRCh37","2648a90d7032c268b812fc96620d034c842a39c747a3687866fe4988b52a1e3f","e2bb6beb199bfc576ecf2adc98bc83f014b729be832c4a4f7f2d2e09df552237",44,87,0,0,4.58e-07
"microbiome_2026_hunt","GCST90667232","Gut microbial functional pathway relative abundance (KEGG-module M00219: AI-2 transport system)","taxon:kegg-module m00219: ai-2 transport system",12652,"GRCh37","2648a90d7032c268b812fc96620d034c842a39c747a3687866fe4988b52a1e3f","e2bb6beb199bfc576ecf2adc98bc83f014b729be832c4a4f7f2d2e09df552237",44,162,0,0,1.54e-07
"microbiome_2026_hunt","GCST90667233","Gut microbial functional pathway relative abundance (KEGG-module M00220: Rhamnose transport system)","taxon:kegg-module m00220: rhamnose transport system",12652,"GRCh37","2648a90d7032c268b812fc96620d034c842a39c747a3687866fe4988b52a1e3f","e2bb6beb199bfc576ecf2adc98bc83f014b729be832c4a4f7f2d2e09df552237",44,38,0,0,1.43e-06
"microbiome_2026_hunt","GCST90667234","Gut microbial functional pathway relative abundance (KEGG-module M00221: Putative simple sugar transport system)","taxon:kegg-module m00221: putative simple sugar transport system",12652,"GRCh37","2648a90d7032c268b812fc96620d034c842a39c747a3687866fe4988b52a1e3f","e2bb6beb199bfc576ecf2adc98bc83f014b729be832c4a4f7f2d2e09df552237",44,53,0,0,9.58e-07
"microbiome_2026_hunt","GCST90667235","Gut microbial functional pathway relative abundance (KEGG-module M00222: Phosphate transport system)","taxon:kegg-module m00222: phosphate transport system",12652,"GRCh37","2648a90d7032c268b812fc96620d034c842a39c747a3687866fe4988b52a1e3f","e2bb6beb199bfc576ecf2adc98bc83f014b729be832c4a4f7f2d2e09df552237",44,59,0,0,9.83e-08
"microbiome_2026_hunt","GCST90667236","Gut microbial functional pathway relative abundance (KEGG-module M00223: Phosphonate transport system)","taxon:kegg-module m00223: phosphonate transport system",12652,"GRCh37","2648a90d7032c268b812fc96620d034c842a39c747a3687866fe4988b52a1e3f","e2bb6beb199bfc576ecf2adc98bc83f014b729be832c4a4f7f2d2e09df552237",44,53,0,0,3.65e-07
"microbiome_2026_hunt","GCST90667237","Gut microbial functional pathway relative abundance (KEGG-module M00224: Fluoroquinolone transport system)","taxon:kegg-module m00224: fluoroquinolone transport system",12652,"GRCh37","2648a90d7032c268b812fc96620d034c842a39c747a3687866fe4988b52a1e3f","e2bb6beb199bfc576ecf2adc98bc83f014b729be832c4a4f7f2d2e09df552237",44,37,0,0,5.72e-08
"microbiome_2026_hunt","GCST90667238","Gut microbial functional pathway relative abundance (KEGG-module M00225: Lysine/arginine/ornithine transport system)","taxon:kegg-module m00225: lysine/arginine/ornithine transport system",12652,"GRCh37","2648a90d7032c268b812fc96620d034c842a39c747a3687866fe4988b52a1e3f","e2bb6beb199bfc576ecf2adc98bc83f014b729be832c4a4f7f2d2e09df552237",44,55,0,0,4.27e-07
"microbiome_2026_hunt","GCST90667239","Gut microbial functional pathway relative abundance (KEGG-module M00226: Histidine transport system)","taxon:kegg-module m00226: histidine transport system",12652,"GRCh37","2648a90d7032c268b812fc96620d034c842a39c747a3687866fe4988b52a1e3f","e2bb6beb199bfc576ecf2adc98bc83f014b729be832c4a4f7f2d2e09df552237",44,55,0,0,4.4e-07
"microbiome_2026_hunt","GCST90667240","Gut microbial functional pathway relative abundance (KEGG-module M00227: Glutamine transport system)","taxon:kegg-module m00227: glutamine transport system",12652,"GRCh37","2648a90d7032c268b812fc96620d034c842a39c747a3687866fe4988b52a1e3f","e2bb6beb199bfc576ecf2adc98bc83f014b729be832c4a4f7f2d2e09df552237",44,137,0,0,5.59e-08
"microbiome_2026_hunt","GCST90667241","Gut microbial functional pathway relative abundance (KEGG-module M00228: Putative glutamine transport system)","taxon:kegg-module m00228: putative glutamine transport system",12652,"GRCh37","2648a90d7032c268b812fc96620d034c842a39c747a3687866fe4988b52a1e3f","e2bb6beb199bfc576ecf2adc98bc83f014b729be832c4a4f7f2d2e09df552237",44,225,11,0,1.32e-10
"microbiome_2026_hunt","GCST90667242","Gut microbial functional pathway relative abundance (KEGG-module M00229: Arginine transport system)","taxon:kegg-module m00229: arginine transport system",12652,"GRCh37","2648a90d7032c268b812fc96620d034c842a39c747a3687866fe4988b52a1e3f","e2bb6beb199bfc576ecf2adc98bc83f014b729be832c4a4f7f2d2e09df552237",44,45,0,0,4.07e-07
"microbiome_2026_hunt","GCST90667243","Gut microbial functional pathway relative abundance (KEGG-module M00230: Glutamate/aspartate transport system)","taxon:kegg-module m00230: glutamate/aspartate transport system",12652,"GRCh37","2648a90d7032c268b812fc96620d034c842a39c747a3687866fe4988b52a1e3f","e2bb6beb199bfc576ecf2adc98bc83f014b729be832c4a4f7f2d2e09df552237",44,42,0,0,1.76e-07
"microbiome_2026_hunt","GCST90667244","Gut microbial functional pathway relative abundance (KEGG-module M00232: General L-amino acid transport system)","taxon:kegg-module m00232: general l-amino acid transport system",12652,"GRCh37","2648a90d7032c268b812fc96620d034c842a39c747a3687866fe4988b52a1e3f","e2bb6beb199bfc576ecf2adc98bc83f014b729be832c4a4f7f2d2e09df552237",44,66,0,0,3.54e-07
"microbiome_2026_hunt","GCST90667245","Gut microbial functional pathway relative abundance (KEGG-module M00233: Glutamate transport system)","taxon:kegg-module m00233: glutamate transport system",12652,"GRCh37","2648a90d7032c268b812fc96620d034c842a39c747a3687866fe4988b52a1e3f","e2bb6beb199bfc576ecf2adc98bc83f014b729be832c4a4f7f2d2e09df552237",45,1029,477,0,3.07e-18
"microbiome_2026_hunt","GCST90667246","Gut microbial functional pathway relative abundance (KEGG-module M00234: Cystine transport system)","taxon:kegg-module m00234: cystine transport system",12652,"GRCh37","2648a90d7032c268b812fc96620d034c842a39c747a3687866fe4988b52a1e3f","e2bb6beb199bfc576ecf2adc98bc83f014b729be832c4a4f7f2d2e09df552237",45,169,0,0,1.23e-07
"microbiome_2026_hunt","GCST90667247","Gut microbial functional pathway relative abundance (KEGG-module M00236: Putative polar amino acid transport system)","taxon:kegg-module m00236: putative polar amino acid transport system",12652,"GRCh37","2648a90d7032c268b812fc96620d034c842a39c747a3687866fe4988b52a1e3f","e2bb6beb199bfc576ecf2adc98bc83f014b729be832c4a4f7f2d2e09df552237",45,144,0,0,2.55e-07
"microbiome_2026_hunt","GCST90667248","Gut microbial functional pathway relative abundance (KEGG-module M00237: Branched-chain amino acid transport system)","taxon:kegg-module m00237: branched-chain amino acid transport system",12652,"GRCh37","2648a90d7032c268b812fc96620d034c842a39c747a3687866fe4988b52a1e3f","e2bb6beb199bfc576ecf2adc98bc83f014b729be832c4a4f7f2d2e09df552237",45,98,0,0,1.96e-07
"microbiome_2026_hunt","GCST90667249","Gut microbial functional pathway relative abundance (KEGG-module M00238: D-Methionine transport system)","taxon:kegg-module m00238: d-methionine transport system",12652,"GRCh37","2648a90d7032c268b812fc96620d034c842a39c747a3687866fe4988b52a1e3f","e2bb6beb199bfc576ecf2adc98bc83f014b729be832c4a4f7f2d2e09df552237",45,74,0,0,5.47e-07
"microbiome_2026_hunt","GCST90667250","Gut microbial functional pathway relative abundance (KEGG-module M00239: Peptides/nickel transport system)","taxon:kegg-module m00239: peptides/nickel transport system",12652,"GRCh37","2648a90d7032c268b812fc96620d034c842a39c747a3687866fe4988b52a1e3f","e2bb6beb199bfc576ecf2adc98bc83f014b729be832c4a4f7f2d2e09df552237",45,57,0,0,5.28e-08
"microbiome_2026_hunt","GCST90667251","Gut microbial functional pathway relative abundance (KEGG-module M00240: Iron complex transport system)","taxon:kegg-module m00240: iron complex transport system",12652,"GRCh37","2648a90d7032c268b812fc96620d034c842a39c747a3687866fe4988b52a1e3f","e2bb6beb199bfc576ecf2adc98bc83f014b729be832c4a4f7f2d2e09df552237",45,55,0,0,1.62e-07
"microbiome_2026_hunt","GCST90667252","Gut microbial functional pathway relative abundance (KEGG-module M00241: Vitamin B12 transport system)","taxon:kegg-module m00241: vitamin b12 transport system",12652,"GRCh37","2648a90d7032c268b812fc96620d034c842a39c747a3687866fe4988b52a1e3f","e2bb6beb199bfc576ecf2adc98bc83f014b729be832c4a4f7f2d2e09df552237",45,67,0,0,2.59e-07
"microbiome_2026_hunt","GCST90667253","Gut microbial functional pathway relative abundance (KEGG-module M00242: Zinc transport system)","taxon:kegg-module m00242: zinc transport system",12652,"GRCh37","2648a90d7032c268b812fc96620d034c842a39c747a3687866fe4988b52a1e3f","e2bb6beb199bfc576ecf2adc98bc83f014b729be832c4a4f7f2d2e09df552237",45,187,0,0,1.48e-07
"microbiome_2026_hunt","GCST90667254","Gut microbial functional pathway relative abundance (KEGG-module M00243: Manganese/iron transport system)","taxon:kegg-module m00243: manganese/iron transport system",12652,"GRCh37","2648a90d7032c268b812fc96620d034c842a39c747a3687866fe4988b52a1e3f","e2bb6beb199bfc576ecf2adc98bc83f014b729be832c4a4f7f2d2e09df552237",45,144,0,0,8.34e-08
"microbiome_2026_hunt","GCST90667255","Gut microbial functional pathway relative abundance (KEGG-module M00244: Putative zinc/manganese transport system)","taxon:kegg-module m00244: putative zinc/manganese transport system",12652,"GRCh37","2648a90d7032c268b812fc96620d034c842a39c747a3687866fe4988b52a1e3f","e2bb6beb199bfc576ecf2adc98bc83f014b729be832c4a4f7f2d2e09df552237",45,978,460,0,4.04e-15
"microbiome_2026_hunt","GCST90667256","Gut microbial functional pathway relative abundance (KEGG-module M00245: Cobalt/nickel transport system)","taxon:kegg-module m00245: cobalt/nickel transport system",12652,"GRCh37","2648a90d7032c268b812fc96620d034c842a39c747a3687866fe4988b52a1e3f","e2bb6beb199bfc576ecf2adc98bc83f014b729be832c4a4f7f2d2e09df552237",45,238,0,0,4.5e-07
"microbiome_2026_hunt","GCST90667257","Gut microbial functional pathway relative abundance (KEGG-module M00246: Nickel transport system)","taxon:kegg-module m00246: nickel transport system",12652,"GRCh37","2648a90d7032c268b812fc96620d034c842a39c747a3687866fe4988b52a1e3f","e2bb6beb199bfc576ecf2adc98bc83f014b729be832c4a4f7f2d2e09df552237",45,238,0,0,4.51e-07
"microbiome_2026_hunt","GCST90667258","Gut microbial functional pathway relative abundance (KEGG-module M00247: Putative ABC transport system)","taxon:kegg-module m00247: putative abc transport system",12652,"GRCh37","2648a90d7032c268b812fc96620d034c842a39c747a3687866fe4988b52a1e3f","e2bb6beb199bfc576ecf2adc98bc83f014b729be832c4a4f7f2d2e09df552237",45,39,0,0,3.81e-07
"microbiome_2026_hunt","GCST90667259","Gut microbial functional pathway relative abundance (KEGG-module M00249: Capsular polysaccharide transport system)","taxon:kegg-module m00249: capsular polysaccharide transport system",12652,"GRCh37","2648a90d7032c268b812fc96620d034c842a39c747a3687866fe4988b52a1e3f","e2bb6beb199bfc576ecf2adc98bc83f014b729be832c4a4f7f2d2e09df552237",45,28,0,0,4.67e-07
"microbiome_2026_hunt","GCST90667260","Gut microbial functional pathway relative abundance (KEGG-module M00250: Lipopolysaccharide transport system)","taxon:kegg-module m00250: lipopolysaccharide transport system",12652,"GRCh37","2648a90d7032c268b812fc96620d034c842a39c747a3687866fe4988b52a1e3f","e2bb6beb199bfc576ecf2adc98bc83f014b729be832c4a4f7f2d2e09df552237",45,89,0,0,1.53e-07
"microbiome_2026_hunt","GCST90667261","Gut microbial functional pathway relative abundance (KEGG-module M00251: Teichoic acid transport system)","taxon:kegg-module m00251: teichoic acid transport system",12652,"GRCh37","2648a90d7032c268b812fc96620d034c842a39c747a3687866fe4988b52a1e3f","e2bb6beb199bfc576ecf2adc98bc83f014b729be832c4a4f7f2d2e09df552237",46,38,2,0,2.86e-08
"microbiome_2026_hunt","GCST90667262","Gut microbial functional pathway relative abundance (KEGG-module M00252: Lipooligosaccharide transport system)","taxon:kegg-module m00252: lipooligosaccharide transport system",12652,"GRCh37","2648a90d7032c268b812fc96620d034c842a39c747a3687866fe4988b52a1e3f","e2bb6beb199bfc576ecf2adc98bc83f014b729be832c4a4f7f2d2e09df552237",46,31,0,0,3.71e-07
"microbiome_2026_hunt","GCST90667263","Gut microbial functional pathway relative abundance (KEGG-module M00253: Sodium transport system)","taxon:kegg-module m00253: sodium transport system",12652,"GRCh37","2648a90d7032c268b812fc96620d034c842a39c747a3687866fe4988b52a1e3f","e2bb6beb199bfc576ecf2adc98bc83f014b729be832c4a4f7f2d2e09df552237",46,71,0,0,6.36e-07
"microbiome_2026_hunt","GCST90667264","Gut microbial functional pathway relative abundance (KEGG-module M00254: ABC-2 type transport system)","taxon:kegg-module m00254: abc-2 type transport system",12652,"GRCh37","2648a90d7032c268b812fc96620d034c842a39c747a3687866fe4988b52a1e3f","e2bb6beb199bfc576ecf2adc98bc83f014b729be832c4a4f7f2d2e09df552237",46,42,0,0,1.85e-06
"microbiome_2026_hunt","GCST90667265","Gut microbial functional pathway relative abundance (KEGG-module M00255: Lipoprotein-releasing system)","taxon:kegg-module m00255: lipoprotein-releasing system",12652,"GRCh37","2648a90d7032c268b812fc96620d034c842a39c747a3687866fe4988b52a1e3f","e2bb6beb199bfc576ecf2adc98bc83f014b729be832c4a4f7f2d2e09df552237",46,147,2,0,4.9e-08
"microbiome_2026_hunt","GCST90667266","Gut microbial functional pathway relative abundance (KEGG-module M00256: Cell division transport system)","taxon:kegg-module m00256: cell division transport system",12652,"GRCh37","2648a90d7032c268b812fc96620d034c842a39c747a3687866fe4988b52a1e3f","e2bb6beb199bfc576ecf2adc98bc83f014b729be832c4a4f7f2d2e09df552237",46,30,0,0,6.02e-07
"microbiome_2026_hunt","GCST90667267","Gut microbial functional pathway relative abundance (KEGG-module M00258: Putative ABC transport system)","taxon:kegg-module m00258: putative abc transport system",12652,"GRCh37","2648a90d7032c268b812fc96620d034c842a39c747a3687866fe4988b52a1e3f","e2bb6beb199bfc576ecf2adc98bc83f014b729be832c4a4f7f2d2e09df552237",46,60,0,0,7.31e-07
"microbiome_2026_hunt","GCST90667268","Gut microbial functional pathway relative abundance (KEGG-module M00259: Heme transport system)","taxon:kegg-module m00259: heme transport system",12652,"GRCh37","2648a90d7032c268b812fc96620d034c842a39c747a3687866fe4988b52a1e3f","e2bb6beb199bfc576ecf2adc98bc83f014b729be832c4a4f7f2d2e09df552237",46,127,0,0,2.7e-07
"microbiome_2026_hunt","GCST90667269","Gut microbial functional pathway relative abundance (KEGG-module M00260: DNA polymerase III complex, bacteria)","taxon:kegg-module m00260: dna polymerase iii complex, bacteria",12652,"GRCh37","2648a90d7032c268b812fc96620d034c842a39c747a3687866fe4988b52a1e3f","e2bb6beb199bfc576ecf2adc98bc83f014b729be832c4a4f7f2d2e09df552237",46,46,0,0,5.62e-07
"microbiome_2026_hunt","GCST90667270","Gut microbial functional pathway relative abundance (KEGG-module M00261: DNA polymerase alpha / primase complex)","taxon:kegg-module m00261: dna polymerase alpha / primase complex",12652,"GRCh37","2648a90d7032c268b812fc96620d034c842a39c747a3687866fe4988b52a1e3f","e2bb6beb199bfc576ecf2adc98bc83f014b729be832c4a4f7f2d2e09df552237",46,80,2,0,3.13e-08
"microbiome_2026_hunt","GCST90667271","Gut microbial functional pathway relative abundance (KEGG-module M00262: DNA polymerase delta complex)","taxon:kegg-module m00262: dna polymerase delta complex",12652,"GRCh37","2648a90d7032c268b812fc96620d034c842a39c747a3687866fe4988b52a1e3f","e2bb6beb199bfc576ecf2adc98bc83f014b729be832c4a4f7f2d2e09df552237",46,66,0,0,7.8e-07
"microbiome_2026_hunt","GCST90667272","Gut microbial functional pathway relative abundance (KEGG-module M00263: DNA polymerase epsilon complex)","taxon:kegg-module m00263: dna polymerase epsilon complex",12652,"GRCh37","2648a90d7032c268b812fc96620d034c842a39c747a3687866fe4988b52a1e3f","e2bb6beb199bfc576ecf2adc98bc83f014b729be832c4a4f7f2d2e09df552237",46,61,0,0,7.53e-07
"microbiome_2026_hunt","GCST90667273","Gut microbial functional pathway relative abundance (KEGG-module M00264: DNA polymerase II complex, archaea)","taxon:kegg-module m00264: dna polymerase ii complex, archaea",12652,"GRCh37","2648a90d7032c268b812fc96620d034c842a39c747a3687866fe4988b52a1e3f","e2bb6beb199bfc576ecf2adc98bc83f014b729be832c4a4f7f2d2e09df552237",46,168,0,0,3.86e-07
"microbiome_2026_hunt","GCST90667274","Gut microbial functional pathway relative abundance (KEGG-module M00265: PTS system, glucose-specific II component)","taxon:kegg-module m00265: pts system, glucose-specific ii component",12652,"GRCh37","2648a90d7032c268b812fc96620d034c842a39c747a3687866fe4988b52a1e3f","e2bb6beb199bfc576ecf2adc98bc83f014b729be832c4a4f7f2d2e09df552237",46,75,0,0,6.1e-07
"microbiome_2026_hunt","GCST90667275","Gut microbial functional pathway relative abundance (KEGG-module M00266: PTS system, maltose/glucose-specific II component)","taxon:kegg-module m00266: pts system, maltose/glucose-specific ii component",12652,"GRCh37","2648a90d7032c268b812fc96620d034c842a39c747a3687866fe4988b52a1e3f","e2bb6beb199bfc576ecf2adc98bc83f014b729be832c4a4f7f2d2e09df552237",46,58,0,0,2.32e-07
"microbiome_2026_hunt","GCST90667276","Gut microbial functional pathway relative abundance (KEGG-module M00267: PTS system, N-acetylglucosamine-specific II component)","taxon:kegg-module m00267: pts system, n-acetylglucosamine-specific ii component",12652,"GRCh37","2648a90d7032c268b812fc96620d034c842a39c747a3687866fe4988b52a1e3f","e2bb6beb199bfc576ecf2adc98bc83f014b729be832c4a4f7f2d2e09df552237",46,285,0,0,1.05e-07
"microbiome_2026_hunt","GCST90667277","Gut microbial functional pathway relative abundance (KEGG-module M00268: PTS system, alpha-glucoside-specific II component)","taxon:kegg-module m00268: pts system, alpha-glucoside-specific ii component",12652,"GRCh37","2648a90d7032c268b812fc96620d034c842a39c747a3687866fe4988b52a1e3f","e2bb6beb199bfc576ecf2adc98bc83f014b729be832c4a4f7f2d2e09df552237",47,100,0,0,7.75e-08
"microbiome_2026_hunt","GCST90667278","Gut microbial functional pathway relative abundance (KEGG-module M00269: PTS system, sucrose-specific II component)","taxon:kegg-module m00269: pts system, sucrose-specific ii component",12652,"GRCh37","2648a90d7032c268b812fc96620d034c842a39c747a3687866fe4988b52a1e3f","e2bb6beb199bfc576ecf2adc98bc83f014b729be832c4a4f7f2d2e09df552237",47,92,0,0,6.9e-08
"microbiome_2026_hunt","GCST90667279","Gut microbial functional pathway relative abundance (KEGG-module M00270: PTS system, trehalose-specific II component)","taxon:kegg-module m00270: pts system, trehalose-specific ii component",12652,"GRCh37","2648a90d7032c268b812fc96620d034c842a39c747a3687866fe4988b52a1e3f","e2bb6beb199bfc576ecf2adc98bc83f014b729be832c4a4f7f2d2e09df552237",47,50,0,0,3.02e-07
"microbiome_2026_hunt","GCST90667280","Gut microbial functional pathway relative abundance (KEGG-module M00271: PTS system, beta-glucoside-specific II component)","taxon:kegg-module m00271: pts system, beta-glucoside-specific ii component",12652,"GRCh37","2648a90d7032c268b812fc96620d034c842a39c747a3687866fe4988b52a1e3f","e2bb6beb199bfc576ecf2adc98bc83f014b729be832c4a4f7f2d2e09df552237",47,102,2,0,6.68e-09
"microbiome_2026_hunt","GCST90667281","Gut microbial functional pathway relative abundance (KEGG-module M00272: PTS system, beta-glucoside (arbutin/salicin/cellobiose)-specific II component)","taxon:kegg-module m00272: pts system, beta-glucoside (arbutin/salicin/cellobiose)-specific ii component",12652,"GRCh37","2648a90d7032c268b812fc96620d034c842a39c747a3687866fe4988b52a1e3f","e2bb6beb199bfc576ecf2adc98bc83f014b729be832c4a4f7f2d2e09df552237",47,101,0,0,9.8e-07
"microbiome_2026_hunt","GCST90667282","Gut microbial functional pathway relative abundance (KEGG-module M00273: PTS system, fructose-specific II component)","taxon:kegg-module m00273: pts system, fructose-specific ii component",12652,"GRCh37","2648a90d7032c268b812fc96620d034c842a39c747a3687866fe4988b52a1e3f","e2bb6beb199bfc576ecf2adc98bc83f014b729be832c4a4f7f2d2e09df552237",47,38,1,0,3.68e-08
"microbiome_2026_hunt","GCST90667283","Gut microbial functional pathway relative abundance (KEGG-module M00274: PTS system, mannitol-specific II component)","taxon:kegg-module m00274: pts system, mannitol-specific ii component",12652,"GRCh37","2648a90d7032c268b812fc96620d034c842a39c747a3687866fe4988b52a1e3f","e2bb6beb199bfc576ecf2adc98bc83f014b729be832c4a4f7f2d2e09df552237",47,111,0,0,7.94e-07
"microbiome_2026_hunt","GCST90667284","Gut microbial functional pathway relative abundance (KEGG-module M00275: PTS system, cellobiose-specific II component)","taxon:kegg-module m00275: pts system, cellobiose-specific ii component",12652,"GRCh37","2648a90d7032c268b812fc96620d034c842a39c747a3687866fe4988b52a1e3f","e2bb6beb199bfc576ecf2adc98bc83f014b729be832c4a4f7f2d2e09df552237",47,87,0,0,4.07e-07
"microbiome_2026_hunt","GCST90667285","Gut microbial functional pathway relative abundance (KEGG-module M00276: PTS system, mannose-specific II component)","taxon:kegg-module m00276: pts system, mannose-specific ii component",12652,"GRCh37","2648a90d7032c268b812fc96620d034c842a39c747a3687866fe4988b52a1e3f","e2bb6beb199bfc576ecf2adc98bc83f014b729be832c4a4f7f2d2e09df552237",47,40,0,0,1.75e-07
"microbiome_2026_hunt","GCST90667286","Gut microbial functional pathway relative abundance (KEGG-module M00277: PTS system, N-acetylgalactosamine-specific II component)","taxon:kegg-module m00277: pts system, n-acetylgalactosamine-specific ii component",12652,"GRCh37","2648a90d7032c268b812fc96620d034c842a39c747a3687866fe4988b52a1e3f","e2bb6beb199bfc576ecf2adc98bc83f014b729be832c4a4f7f2d2e09df552237",47,104,2,0,1.49e-09
"microbiome_2026_hunt","GCST90667287","Gut microbial functional pathway relative abundance (KEGG-module M00278: PTS system, sorbose-specific II component)","taxon:kegg-module m00278: pts system, sorbose-specific ii component",12652,"GRCh37","2648a90d7032c268b812fc96620d034c842a39c747a3687866fe4988b52a1e3f","e2bb6beb199bfc576ecf2adc98bc83f014b729be832c4a4f7f2d2e09df552237",47,202,0,0,5.62e-07
"microbiome_2026_hunt","GCST90667288","Gut microbial functional pathway relative abundance (KEGG-module M00279: PTS system, galactitol-specific II component)","taxon:kegg-module m00279: pts system, galactitol-specific ii component",12652,"GRCh37","2648a90d7032c268b812fc96620d034c842a39c747a3687866fe4988b52a1e3f","e2bb6beb199bfc576ecf2adc98bc83f014b729be832c4a4f7f2d2e09df552237",47,32,0,0,1.71e-06
"microbiome_2026_hunt","GCST90667289","Gut microbial functional pathway relative abundance (KEGG-module M00280: PTS system, glucitol/sorbitol-specific II component)","taxon:kegg-module m00280: pts system, glucitol/sorbitol-specific ii component",12652,"GRCh37","2648a90d7032c268b812fc96620d034c842a39c747a3687866fe4988b52a1e3f","e2bb6beb199bfc576ecf2adc98bc83f014b729be832c4a4f7f2d2e09df552237",47,57,0,0,6.74e-07
"microbiome_2026_hunt","GCST90667290","Gut microbial functional pathway relative abundance (KEGG-module M00281: PTS system, lactose-specific II component)","taxon:kegg-module m00281: pts system, lactose-specific ii component",12652,"GRCh37","2648a90d7032c268b812fc96620d034c842a39c747a3687866fe4988b52a1e3f","e2bb6beb199bfc576ecf2adc98bc83f014b729be832c4a4f7f2d2e09df552237",47,47,0,0,2.73e-07
"microbiome_2026_hunt","GCST90667291","Gut microbial functional pathway relative abundance (KEGG-module M00283: PTS system, ascorbate-specific II component)","taxon:kegg-module m00283: pts system, ascorbate-specific ii component",12652,"GRCh37","2648a90d7032c268b812fc96620d034c842a39c747a3687866fe4988b52a1e3f","e2bb6beb199bfc576ecf2adc98bc83f014b729be832c4a4f7f2d2e09df552237",47,77,0,0,1.94e-07
"microbiome_2026_hunt","GCST90667292","Gut microbial functional pathway relative abundance (KEGG-module M00284: Origin recognition complex)","taxon:kegg-module m00284: origin recognition complex",12652,"GRCh37","2648a90d7032c268b812fc96620d034c842a39c747a3687866fe4988b52a1e3f","e2bb6beb199bfc576ecf2adc98bc83f014b729be832c4a4f7f2d2e09df552237",47,64,0,0,4.94e-07
"microbiome_2026_hunt","GCST90667293","Gut microbial functional pathway relative abundance (KEGG-module M00285: MCM complex)","taxon:kegg-module m00285: mcm complex",12652,"GRCh37","2648a90d7032c268b812fc96620d034c842a39c747a3687866fe4988b52a1e3f","e2bb6beb199bfc576ecf2adc98bc83f014b729be832c4a4f7f2d2e09df552237",48,65,0,0,3.63e-07
"microbiome_2026_hunt","GCST90667294","Gut microbial functional pathway relative abundance (KEGG-module M00286: GINS complex)","taxon:kegg-module m00286: gins complex",12652,"GRCh37","2648a90d7032c268b812fc96620d034c842a39c747a3687866fe4988b52a1e3f","e2bb6beb199bfc576ecf2adc98bc83f014b729be832c4a4f7f2d2e09df552237",48,124,0,0,3.3e-07
"microbiome_2026_hunt","GCST90667295","Gut microbial functional pathway relative abundance (KEGG-module M00287: PTS system, galactosamine-specific II component)","taxon:kegg-module m00287: pts system, galactosamine-specific ii component",12652,"GRCh37","2648a90d7032c268b812fc96620d034c842a39c747a3687866fe4988b52a1e3f","e2bb6beb199bfc576ecf2adc98bc83f014b729be832c4a4f7f2d2e09df552237",48,79,0,0,7.78e-08
"microbiome_2026_hunt","GCST90667296","Gut microbial functional pathway relative abundance (KEGG-module M00289: RF-C complex)","taxon:kegg-module m00289: rf-c complex",12652,"GRCh37","2648a90d7032c268b812fc96620d034c842a39c747a3687866fe4988b52a1e3f","e2bb6beb199bfc576ecf2adc98bc83f014b729be832c4a4f7f2d2e09df552237",48,62,0,0,5.15e-07
"microbiome_2026_hunt","GCST90667297","Gut microbial functional pathway relative abundance (KEGG-module M00290: Holo-TFIIH complex)","taxon:kegg-module m00290: holo-tfiih complex",12652,"GRCh37","2648a90d7032c268b812fc96620d034c842a39c747a3687866fe4988b52a1e3f","e2bb6beb199bfc576ecf2adc98bc83f014b729be832c4a4f7f2d2e09df552237",48,60,0,0,1.08e-06
"microbiome_2026_hunt","GCST90667298","Gut microbial functional pathway relative abundance (KEGG-module M00292: MRX complex)","taxon:kegg-module m00292: mrx complex",12652,"GRCh37","2648a90d7032c268b812fc96620d034c842a39c747a3687866fe4988b52a1e3f","e2bb6beb199bfc576ecf2adc98bc83f014b729be832c4a4f7f2d2e09df552237",48,62,0,0,6.9e-07
"microbiome_2026_hunt","GCST90667299","Gut microbial functional pathway relative abundance (KEGG-module M00293: DNA polymerase zeta complex)","taxon:kegg-module m00293: dna polymerase zeta complex",12652,"GRCh37","2648a90d7032c268b812fc96620d034c842a39c747a3687866fe4988b52a1e3f","e2bb6beb199bfc576ecf2adc98bc83f014b729be832c4a4f7f2d2e09df552237",48,50,0,0,9.26e-07
"microbiome_2026_hunt","GCST90667300","Gut microbial functional pathway relative abundance (KEGG-module M00295: BRCA1-associated genome surveillance complex (BASC))","taxon:kegg-module m00295: brca1-associated genome surveillance complex (basc)",12652,"GRCh37","2648a90d7032c268b812fc96620d034c842a39c747a3687866fe4988b52a1e3f","e2bb6beb199bfc576ecf2adc98bc83f014b729be832c4a4f7f2d2e09df552237",48,55,0,0,5.71e-07
"microbiome_2026_hunt","GCST90667301","Gut microbial functional pathway relative abundance (KEGG-module M00298: Multidrug/hemolysin transport system)","taxon:kegg-module m00298: multidrug/hemolysin transport system",12652,"GRCh37","2648a90d7032c268b812fc96620d034c842a39c747a3687866fe4988b52a1e3f","e2bb6beb199bfc576ecf2adc98bc83f014b729be832c4a4f7f2d2e09df552237",48,66,0,0,3.75e-07
"microbiome_2026_hunt","GCST90667302","Gut microbial functional pathway relative abundance (KEGG-module M00299: Spermidine/putrescine transport system)","taxon:kegg-module m00299: spermidine/putrescine transport system",12652,"GRCh37","2648a90d7032c268b812fc96620d034c842a39c747a3687866fe4988b52a1e3f","e2bb6beb199bfc576ecf2adc98bc83f014b729be832c4a4f7f2d2e09df552237",48,116,0,0,1.55e-07
"microbiome_2026_hunt","GCST90667303","Gut microbial functional pathway relative abundance (KEGG-module M00300: Putrescine transport system)","taxon:kegg-module m00300: putrescine transport system",12652,"GRCh37","2648a90d7032c268b812fc96620d034c842a39c747a3687866fe4988b52a1e3f","e2bb6beb199bfc576ecf2adc98bc83f014b729be832c4a4f7f2d2e09df552237",48,53,0,0,1.98e-07
"microbiome_2026_hunt","GCST90667304","Gut microbial functional pathway relative abundance (KEGG-module M00303: PTS system, N-acetylmuramic acid-specific II component)","taxon:kegg-module m00303: pts system, n-acetylmuramic acid-specific ii component",12652,"GRCh37","2648a90d7032c268b812fc96620d034c842a39c747a3687866fe4988b52a1e3f","e2bb6beb199bfc576ecf2adc98bc83f014b729be832c4a4f7f2d2e09df552237",48,54,0,0,2.51e-07
"microbiome_2026_hunt","GCST90667305","Gut microbial functional pathway relative abundance (KEGG-module M00305: PTS system, 2-O-A-mannosyl-D-glycerate-specific II component)","taxon:kegg-module m00305: pts system, 2-o-a-mannosyl-d-glycerate-specific ii component",12652,"GRCh37","2648a90d7032c268b812fc96620d034c842a39c747a3687866fe4988b52a1e3f","e2bb6beb199bfc576ecf2adc98bc83f014b729be832c4a4f7f2d2e09df552237",48,88,0,0,4.77e-07
"microbiome_2026_hunt","GCST90667306","Gut microbial functional pathway relative abundance (KEGG-module M00306: PTS system, fructose-specific II-like component)","taxon:kegg-module m00306: pts system, fructose-specific ii-like component",12652,"GRCh37","2648a90d7032c268b812fc96620d034c842a39c747a3687866fe4988b52a1e3f","e2bb6beb199bfc576ecf2adc98bc83f014b729be832c4a4f7f2d2e09df552237",48,52,0,0,8.99e-08
"microbiome_2026_hunt","GCST90667307","Gut microbial functional pathway relative abundance (KEGG-module M00307: Pyruvate oxidation, pyruvate to acetyl-CoA)","taxon:kegg-module m00307: pyruvate oxidation, pyruvate to acetyl-coa",12652,"GRCh37","2648a90d7032c268b812fc96620d034c842a39c747a3687866fe4988b52a1e3f","e2bb6beb199bfc576ecf2adc98bc83f014b729be832c4a4f7f2d2e09df552237",48,79,0,0,5.99e-08
"microbiome_2026_hunt","GCST90667308","Gut microbial functional pathway relative abundance (KEGG-module M00308: Semi-phosphorylative Entner-Doudoroff pathway, gluconate to glycerate-3P)","taxon:kegg-module m00308: semi-phosphorylative entner-doudoroff pathway, gluconate to glycerate-3p",12652,"GRCh37","2648a90d7032c268b812fc96620d034c842a39c747a3687866fe4988b52a1e3f","e2bb6beb199bfc576ecf2adc98bc83f014b729be832c4a4f7f2d2e09df552237",48,147,0,0,8.35e-08
"microbiome_2026_hunt","GCST90667309","Gut microbial functional pathway relative abundance (KEGG-module M00316: Manganese transport system)","taxon:kegg-module m00316: manganese transport system",12652,"GRCh37","2648a90d7032c268b812fc96620d034c842a39c747a3687866fe4988b52a1e3f","e2bb6beb199bfc576ecf2adc98bc83f014b729be832c4a4f7f2d2e09df552237",49,174,6,0,3.34e-08
"microbiome_2026_hunt","GCST90667310","Gut microbial functional pathway relative abundance (KEGG-module M00317: Manganese/iron transport system)","taxon:kegg-module m00317: manganese/iron transport system",12652,"GRCh37","2648a90d7032c268b812fc96620d034c842a39c747a3687866fe4988b52a1e3f","e2bb6beb199bfc576ecf2adc98bc83f014b729be832c4a4f7f2d2e09df552237",49,37,0,0,1.24e-07
"microbiome_2026_hunt","GCST90667311","Gut microbial functional pathway relative abundance (KEGG-module M00318: Iron/zinc/manganese/copper transport system)","taxon:kegg-module m00318: iron/zinc/manganese/copper transport system",12652,"GRCh37","2648a90d7032c268b812fc96620d034c842a39c747a3687866fe4988b52a1e3f","e2bb6beb199bfc576ecf2adc98bc83f014b729be832c4a4f7f2d2e09df552237",49,36,0,0,5.89e-08
"microbiome_2026_hunt","GCST90667312","Gut microbial functional pathway relative abundance (KEGG-module M00319: Manganese/zinc/iron transport system)","taxon:kegg-module m00319: manganese/zinc/iron transport system",12652,"GRCh37","2648a90d7032c268b812fc96620d034c842a39c747a3687866fe4988b52a1e3f","e2bb6beb199bfc576ecf2adc98bc83f014b729be832c4a4f7f2d2e09df552237",49,29,0,0,1.06e-06
"microbiome_2026_hunt","GCST90667313","Gut microbial functional pathway relative abundance (KEGG-module M00320: Lipopolysaccharide export system)","taxon:kegg-module m00320: lipopolysaccharide export system",12652,"GRCh37","2648a90d7032c268b812fc96620d034c842a39c747a3687866fe4988b52a1e3f","e2bb6beb199bfc576ecf2adc98bc83f014b729be832c4a4f7f2d2e09df552237",49,52,0,0,8.29e-07
"microbiome_2026_hunt","GCST90667314","Gut microbial functional pathway relative abundance (KEGG-module M00323: Urea transport system)","taxon:kegg-module m00323: urea transport system",12652,"GRCh37","2648a90d7032c268b812fc96620d034c842a39c747a3687866fe4988b52a1e3f","e2bb6beb199bfc576ecf2adc98bc83f014b729be832c4a4f7f2d2e09df552237",49,75,0,0,1.14e-06
"microbiome_2026_hunt","GCST90667315","Gut microbial functional pathway relative abundance (KEGG-module M00324: Dipeptide transport system)","taxon:kegg-module m00324: dipeptide transport system",12652,"GRCh37","2648a90d7032c268b812fc96620d034c842a39c747a3687866fe4988b52a1e3f","e2bb6beb199bfc576ecf2adc98bc83f014b729be832c4a4f7f2d2e09df552237",49,45,0,0,3.12e-07
"microbiome_2026_hunt","GCST90667316","Gut microbial functional pathway relative abundance (KEGG-module M00325: alpha-Hemolysin/cyclolysin transport system)","taxon:kegg-module m00325: alpha-hemolysin/cyclolysin transport system",12652,"GRCh37","2648a90d7032c268b812fc96620d034c842a39c747a3687866fe4988b52a1e3f","e2bb6beb199bfc576ecf2adc98bc83f014b729be832c4a4f7f2d2e09df552237",49,82,0,0,1.81e-07
"microbiome_2026_hunt","GCST90667317","Gut microbial functional pathway relative abundance (KEGG-module M00330: Adhesin protein transport system)","taxon:kegg-module m00330: adhesin protein transport system",12652,"GRCh37","2648a90d7032c268b812fc96620d034c842a39c747a3687866fe4988b52a1e3f","e2bb6beb199bfc576ecf2adc98bc83f014b729be832c4a4f7f2d2e09df552237",49,34,1,0,9.33e-09
"microbiome_2026_hunt","GCST90667318","Gut microbial functional pathway relative abundance (KEGG-module M00331: Type II general secretion pathway)","taxon:kegg-module m00331: type ii general secretion pathway",12652,"GRCh37","2648a90d7032c268b812fc96620d034c842a39c747a3687866fe4988b52a1e3f","e2bb6beb199bfc576ecf2adc98bc83f014b729be832c4a4f7f2d2e09df552237",49,40,0,0,1.02e-07
"microbiome_2026_hunt","GCST90667319","Gut microbial functional pathway relative abundance (KEGG-module M00332: Type III secretion system)","taxon:kegg-module m00332: type iii secretion system",12652,"GRCh37","2648a90d7032c268b812fc96620d034c842a39c747a3687866fe4988b52a1e3f","e2bb6beb199bfc576ecf2adc98bc83f014b729be832c4a4f7f2d2e09df552237",49,78,0,0,2.85e-07
"microbiome_2026_hunt","GCST90667320","Gut microbial functional pathway relative abundance (KEGG-module M00333: Type IV secretion system)","taxon:kegg-module m00333: type iv secretion system",12652,"GRCh37","2648a90d7032c268b812fc96620d034c842a39c747a3687866fe4988b52a1e3f","e2bb6beb199bfc576ecf2adc98bc83f014b729be832c4a4f7f2d2e09df552237",49,17,0,0,7.88e-07
"microbiome_2026_hunt","GCST90667321","Gut microbial functional pathway relative abundance (KEGG-module M00334: Type VI secretion system)","taxon:kegg-module m00334: type vi secretion system",12652,"GRCh37","2648a90d7032c268b812fc96620d034c842a39c747a3687866fe4988b52a1e3f","e2bb6beb199bfc576ecf2adc98bc83f014b729be832c4a4f7f2d2e09df552237",49,52,0,0,1.88e-07
"microbiome_2026_hunt","GCST90667322","Gut microbial functional pathway relative abundance (KEGG-module M00335: Sec (secretion) system)","taxon:kegg-module m00335: sec (secretion) system",12652,"GRCh37","2648a90d7032c268b812fc96620d034c842a39c747a3687866fe4988b52a1e3f","e2bb6beb199bfc576ecf2adc98bc83f014b729be832c4a4f7f2d2e09df552237",49,62,0,0,6.13e-08
"microbiome_2026_hunt","GCST90667323","Gut microbial functional pathway relative abundance (KEGG-module M00336: Twin-arginine translocation (Tat) system)","taxon:kegg-module m00336: twin-arginine translocation (tat) system",12652,"GRCh37","2648a90d7032c268b812fc96620d034c842a39c747a3687866fe4988b52a1e3f","e2bb6beb199bfc576ecf2adc98bc83f014b729be832c4a4f7f2d2e09df552237",49,44,0,0,8.85e-08
"microbiome_2026_hunt","GCST90667324","Gut microbial functional pathway relative abundance (KEGG-module M00337: Immunoproteasome)","taxon:kegg-module m00337: immunoproteasome",12652,"GRCh37","2648a90d7032c268b812fc96620d034c842a39c747a3687866fe4988b52a1e3f","e2bb6beb199bfc576ecf2adc98bc83f014b729be832c4a4f7f2d2e09df552237",49,64,0,0,6.65e-07
"microbiome_2026_hunt","GCST90667325","Gut microbial functional pathway relative abundance (KEGG-module M00338: Cysteine biosynthesis, homocysteine + serine to cysteine)","taxon:kegg-module m00338: cysteine biosynthesis, homocysteine + serine to cysteine",12652,"GRCh37","2648a90d7032c268b812fc96620d034c842a39c747a3687866fe4988b52a1e3f","e2bb6beb199bfc576ecf2adc98bc83f014b729be832c4a4f7f2d2e09df552237",50,104,0,0,9.81e-07
"microbiome_2026_hunt","GCST90667326","Gut microbial functional pathway relative abundance (KEGG-module M00340: Proteasome, 20S core particle)","taxon:kegg-module m00340: proteasome, 20s core particle",12652,"GRCh37","2648a90d7032c268b812fc96620d034c842a39c747a3687866fe4988b52a1e3f","e2bb6beb199bfc576ecf2adc98bc83f014b729be832c4a4f7f2d2e09df552237",50,51,0,0,6.31e-07
"microbiome_2026_hunt","GCST90667327","Gut microbial functional pathway relative abundance (KEGG-module M00341: Proteasome, 19S regulatory particle (PA700))","taxon:kegg-module m00341: proteasome, 19s regulatory particle (pa700)",12652,"GRCh37","2648a90d7032c268b812fc96620d034c842a39c747a3687866fe4988b52a1e3f","e2bb6beb199bfc576ecf2adc98bc83f014b729be832c4a4f7f2d2e09df552237",50,54,0,0,4.47e-07
"microbiome_2026_hunt","GCST90667328","Gut microbial functional pathway relative abundance (KEGG-module M00343: Archaeal proteasome)","taxon:kegg-module m00343: archaeal proteasome",12652,"GRCh37","2648a90d7032c268b812fc96620d034c842a39c747a3687866fe4988b52a1e3f","e2bb6beb199bfc576ecf2adc98bc83f014b729be832c4a4f7f2d2e09df552237",50,80,0,0,8.11e-08
"microbiome_2026_hunt","GCST90667329","Gut microbial functional pathway relative abundance (KEGG-module M00344: Formaldehyde assimilation, xylulose monophosphate pathway)","taxon:kegg-module m00344: formaldehyde assimilation, xylulose monophosphate pathway",12652,"GRCh37","2648a90d7032c268b812fc96620d034c842a39c747a3687866fe4988b52a1e3f","e2bb6beb199bfc576ecf2adc98bc83f014b729be832c4a4f7f2d2e09df552237",50,46,0,0,1.85e-06
"microbiome_2026_hunt","GCST90667330","Gut microbial functional pathway relative abundance (KEGG-module M00345: Formaldehyde assimilation, ribulose monophosphate pathway)","taxon:kegg-module m00345: formaldehyde assimilation, ribulose monophosphate pathway",12652,"GRCh37","2648a90d7032c268b812fc96620d034c842a39c747a3687866fe4988b52a1e3f","e2bb6beb199bfc576ecf2adc98bc83f014b729be832c4a4f7f2d2e09df552237",50,53,0,0,4.58e-07
"microbiome_2026_hunt","GCST90667331","Gut microbial functional pathway relative abundance (KEGG-module M00348: Glutathione transport system)","taxon:kegg-module m00348: glutathione transport system",12652,"GRCh37","2648a90d7032c268b812fc96620d034c842a39c747a3687866fe4988b52a1e3f","e2bb6beb199bfc576ecf2adc98bc83f014b729be832c4a4f7f2d2e09df552237",50,97,0,0,1.44e-06
"microbiome_2026_hunt","GCST90667332","Gut microbial functional pathway relative abundance (KEGG-module M00349: Microcin C transport system)","taxon:kegg-module m00349: microcin c transport system",12652,"GRCh37","2648a90d7032c268b812fc96620d034c842a39c747a3687866fe4988b52a1e3f","e2bb6beb199bfc576ecf2adc98bc83f014b729be832c4a4f7f2d2e09df552237",50,46,0,0,2.18e-07
"microbiome_2026_hunt","GCST90667333","Gut microbial functional pathway relative abundance (KEGG-module M00351: Spliceosome, U1-snRNP)","taxon:kegg-module m00351: spliceosome, u1-snrnp",12652,"GRCh37","2648a90d7032c268b812fc96620d034c842a39c747a3687866fe4988b52a1e3f","e2bb6beb199bfc576ecf2adc98bc83f014b729be832c4a4f7f2d2e09df552237",50,53,0,0,8.28e-07
"microbiome_2026_hunt","GCST90667334","Gut microbial functional pathway relative abundance (KEGG-module M00352: Spliceosome, U2-snRNP)","taxon:kegg-module m00352: spliceosome, u2-snrnp",12652,"GRCh37","2648a90d7032c268b812fc96620d034c842a39c747a3687866fe4988b52a1e3f","e2bb6beb199bfc576ecf2adc98bc83f014b729be832c4a4f7f2d2e09df552237",50,49,0,0,7.19e-07
"microbiome_2026_hunt","GCST90667335","Gut microbial functional pathway relative abundance (KEGG-module M00354: Spliceosome, U4/U6.U5 tri-snRNP)","taxon:kegg-module m00354: spliceosome, u4/u6.u5 tri-snrnp",12652,"GRCh37","2648a90d7032c268b812fc96620d034c842a39c747a3687866fe4988b52a1e3f","e2bb6beb199bfc576ecf2adc98bc83f014b729be832c4a4f7f2d2e09df552237",50,76,0,0,8.51e-07
"microbiome_2026_hunt","GCST90667336","Gut microbial functional pathway relative abundance (KEGG-module M00355: Spliceosome, 35S U5-snRNP)","taxon:kegg-module m00355: spliceosome, 35s u5-snrnp",12652,"GRCh37","2648a90d7032c268b812fc96620d034c842a39c747a3687866fe4988b52a1e3f","e2bb6beb199bfc576ecf2adc98bc83f014b729be832c4a4f7f2d2e09df552237",50,62,0,0,9.26e-07
"microbiome_2026_hunt","GCST90667337","Gut microbial functional pathway relative abundance (KEGG-module M00356: Methanogenesis, methanol to methane)","taxon:kegg-module m00356: methanogenesis, methanol to methane",12652,"GRCh37","2648a90d7032c268b812fc96620d034c842a39c747a3687866fe4988b52a1e3f","e2bb6beb199bfc576ecf2adc98bc83f014b729be832c4a4f7f2d2e09df552237",50,83,0,0,7.3e-08
"microbiome_2026_hunt","GCST90667338","Gut microbial functional pathway relative abundance (KEGG-module M00357: Methanogenesis, acetate to methane)","taxon:kegg-module m00357: methanogenesis, acetate to methane",12652,"GRCh37","2648a90d7032c268b812fc96620d034c842a39c747a3687866fe4988b52a1e3f","e2bb6beb199bfc576ecf2adc98bc83f014b729be832c4a4f7f2d2e09df552237",50,114,0,0,4.51e-07
"microbiome_2026_hunt","GCST90667339","Gut microbial functional pathway relative abundance (KEGG-module M00358: Coenzyme M biosynthesis)","taxon:kegg-module m00358: coenzyme m biosynthesis",12652,"GRCh37","2648a90d7032c268b812fc96620d034c842a39c747a3687866fe4988b52a1e3f","e2bb6beb199bfc576ecf2adc98bc83f014b729be832c4a4f7f2d2e09df552237",50,114,0,0,1.66e-06
"microbiome_2026_hunt","GCST90667340","Gut microbial functional pathway relative abundance (KEGG-module M00359: Aminoacyl-tRNA biosynthesis, eukaryotes)","taxon:kegg-module m00359: aminoacyl-trna biosynthesis, eukaryotes",12652,"GRCh37","2648a90d7032c268b812fc96620d034c842a39c747a3687866fe4988b52a1e3f","e2bb6beb199bfc576ecf2adc98bc83f014b729be832c4a4f7f2d2e09df552237",50,53,0,0,7.57e-07
"microbiome_2026_hunt","GCST90667341","Gut microbial functional pathway relative abundance (KEGG-module M00360: Aminoacyl-tRNA biosynthesis, prokaryotes)","taxon:kegg-module m00360: aminoacyl-trna biosynthesis, prokaryotes",12652,"GRCh37","2648a90d7032c268b812fc96620d034c842a39c747a3687866fe4988b52a1e3f","e2bb6beb199bfc576ecf2adc98bc83f014b729be832c4a4f7f2d2e09df552237",51,57,0,0,5.7e-07
"microbiome_2026_hunt","GCST90667342","Gut microbial functional pathway relative abundance (KEGG-module M00361: Nucleotide sugar biosynthesis, eukaryotes)","taxon:kegg-module m00361: nucleotide sugar biosynthesis, eukaryotes",12652,"GRCh37","2648a90d7032c268b812fc96620d034c842a39c747a3687866fe4988b52a1e3f","e2bb6beb199bfc576ecf2adc98bc83f014b729be832c4a4f7f2d2e09df552237",51,78,0,0,3.27e-07
"microbiome_2026_hunt","GCST90667343","Gut microbial functional pathway relative abundance (KEGG-module M00362: Nucleotide sugar biosynthesis, prokaryotes)","taxon:kegg-module m00362: nucleotide sugar biosynthesis, prokaryotes",12652,"GRCh37","2648a90d7032c268b812fc96620d034c842a39c747a3687866fe4988b52a1e3f","e2bb6beb199bfc576ecf2adc98bc83f014b729be832c4a4f7f2d2e09df552237",51,107,0,0,8.15e-08
"microbiome_2026_hunt","GCST90667344","Gut microbial functional pathway relative abundance (KEGG-module M00364: C10-C20 isoprenoid biosynthesis, bacteria)","taxon:kegg-module m00364: c10-c20 isoprenoid biosynthesis, bacteria",12652,"GRCh37","2648a90d7032c268b812fc96620d034c842a39c747a3687866fe4988b52a1e3f","e2bb6beb199bfc576ecf2adc98bc83f014b729be832c4a4f7f2d2e09df552237",51,155,0,0,1.14e-07
"microbiome_2026_hunt","GCST90667345","Gut microbial functional pathway relative abundance (KEGG-module M00365: C10-C20 isoprenoid biosynthesis, archaea)","taxon:kegg-module m00365: c10-c20 isoprenoid biosynthesis, archaea",12652,"GRCh37","2648a90d7032c268b812fc96620d034c842a39c747a3687866fe4988b52a1e3f","e2bb6beb199bfc576ecf2adc98bc83f014b729be832c4a4f7f2d2e09df552237",51,156,0,0,3.12e-07
"microbiome_2026_hunt","GCST90667346","Gut microbial functional pathway relative abundance (KEGG-module M00367: C10-C20 isoprenoid biosynthesis, non-plant eukaryotes)","taxon:kegg-module m00367: c10-c20 isoprenoid biosynthesis, non-plant eukaryotes",12652,"GRCh37","2648a90d7032c268b812fc96620d034c842a39c747a3687866fe4988b52a1e3f","e2bb6beb199bfc576ecf2adc98bc83f014b729be832c4a4f7f2d2e09df552237",51,49,0,0,4.47e-07
"microbiome_2026_hunt","GCST90667347","Gut microbial functional pathway relative abundance (KEGG-module M00377: Reductive acetyl-CoA pathway (Wood-Ljungdahl pathway))","taxon:kegg-module m00377: reductive acetyl-coa pathway (wood-ljungdahl pathway)",12652,"GRCh37","2648a90d7032c268b812fc96620d034c842a39c747a3687866fe4988b52a1e3f","e2bb6beb199bfc576ecf2adc98bc83f014b729be832c4a4f7f2d2e09df552237",51,46,0,0,1.25e-06
"microbiome_2026_hunt","GCST90667348","Gut microbial functional pathway relative abundance (KEGG-module M00378: F420 biosynthesis)","taxon:kegg-module m00378: f420 biosynthesis",12652,"GRCh37","2648a90d7032c268b812fc96620d034c842a39c747a3687866fe4988b52a1e3f","e2bb6beb199bfc576ecf2adc98bc83f014b729be832c4a4f7f2d2e09df552237",51,78,0,0,4.22e-07
"microbiome_2026_hunt","GCST90667349","Gut microbial functional pathway relative abundance (KEGG-module M00379: SCF-MET30 complex)","taxon:kegg-module m00379: scf-met30 complex",12652,"GRCh37","2648a90d7032c268b812fc96620d034c842a39c747a3687866fe4988b52a1e3f","e2bb6beb199bfc576ecf2adc98bc83f014b729be832c4a4f7f2d2e09df552237",51,49,0,0,1.02e-06
"microbiome_2026_hunt","GCST90667350","Gut microbial functional pathway relative abundance (KEGG-module M00389: APC/C complex)","taxon:kegg-module m00389: apc/c complex",12652,"GRCh37","2648a90d7032c268b812fc96620d034c842a39c747a3687866fe4988b52a1e3f","e2bb6beb199bfc576ecf2adc98bc83f014b729be832c4a4f7f2d2e09df552237",51,68,0,0,9.36e-07
"microbiome_2026_hunt","GCST90667351","Gut microbial functional pathway relative abundance (KEGG-module M00390: Exosome, archaea)","taxon:kegg-module m00390: exosome, archaea",12652,"GRCh37","2648a90d7032c268b812fc96620d034c842a39c747a3687866fe4988b52a1e3f","e2bb6beb199bfc576ecf2adc98bc83f014b729be832c4a4f7f2d2e09df552237",51,155,0,0,3.24e-07
"microbiome_2026_hunt","GCST90667352","Gut microbial functional pathway relative abundance (KEGG-module M00392: Ski complex)","taxon:kegg-module m00392: ski complex",12652,"GRCh37","2648a90d7032c268b812fc96620d034c842a39c747a3687866fe4988b52a1e3f","e2bb6beb199bfc576ecf2adc98bc83f014b729be832c4a4f7f2d2e09df552237",51,63,0,0,7.47e-07
"microbiome_2026_hunt","GCST90667353","Gut microbial functional pathway relative abundance (KEGG-module M00393: TRAMP complex)","taxon:kegg-module m00393: tramp complex",12652,"GRCh37","2648a90d7032c268b812fc96620d034c842a39c747a3687866fe4988b52a1e3f","e2bb6beb199bfc576ecf2adc98bc83f014b729be832c4a4f7f2d2e09df552237",51,65,0,0,5.44e-07
"microbiome_2026_hunt","GCST90667354","Gut microbial functional pathway relative abundance (KEGG-module M00394: RNA degradosome)","taxon:kegg-module m00394: rna degradosome",12652,"GRCh37","2648a90d7032c268b812fc96620d034c842a39c747a3687866fe4988b52a1e3f","e2bb6beb199bfc576ecf2adc98bc83f014b729be832c4a4f7f2d2e09df552237",51,108,0,0,3.66e-07
"microbiome_2026_hunt","GCST90667355","Gut microbial functional pathway relative abundance (KEGG-module M00395: Decapping complex)","taxon:kegg-module m00395: decapping complex",12652,"GRCh37","2648a90d7032c268b812fc96620d034c842a39c747a3687866fe4988b52a1e3f","e2bb6beb199bfc576ecf2adc98bc83f014b729be832c4a4f7f2d2e09df552237",51,52,0,0,9.58e-07
"microbiome_2026_hunt","GCST90667356","Gut microbial functional pathway relative abundance (KEGG-module M00397: Lsm 1-7 complex)","taxon:kegg-module m00397: lsm 1-7 complex",12652,"GRCh37","2648a90d7032c268b812fc96620d034c842a39c747a3687866fe4988b52a1e3f","e2bb6beb199bfc576ecf2adc98bc83f014b729be832c4a4f7f2d2e09df552237",51,36,0,0,7.71e-07
"microbiome_2026_hunt","GCST90667357","Gut microbial functional pathway relative abundance (KEGG-module M00398: Sm core complex)","taxon:kegg-module m00398: sm core complex",12652,"GRCh37","2648a90d7032c268b812fc96620d034c842a39c747a3687866fe4988b52a1e3f","e2bb6beb199bfc576ecf2adc98bc83f014b729be832c4a4f7f2d2e09df552237",52,52,0,0,7.12e-07
"microbiome_2026_hunt","GCST90667358","Gut microbial functional pathway relative abundance (KEGG-module M00399: Cap binding complex)","taxon:kegg-module m00399: cap binding complex",12652,"GRCh37","2648a90d7032c268b812fc96620d034c842a39c747a3687866fe4988b52a1e3f","e2bb6beb199bfc576ecf2adc98bc83f014b729be832c4a4f7f2d2e09df552237",52,47,0,0,6.66e-07
"microbiome_2026_hunt","GCST90667359","Gut microbial functional pathway relative abundance (KEGG-module M00400: p97-Ufd1-Npl4 complex)","taxon:kegg-module m00400: p97-ufd1-npl4 complex",12652,"GRCh37","2648a90d7032c268b812fc96620d034c842a39c747a3687866fe4988b52a1e3f","e2bb6beb199bfc576ecf2adc98bc83f014b729be832c4a4f7f2d2e09df552237",52,63,0,0,3.64e-07
"microbiome_2026_hunt","GCST90667360","Gut microbial functional pathway relative abundance (KEGG-module M00401: Sec61 complex)","taxon:kegg-module m00401: sec61 complex",12652,"GRCh37","2648a90d7032c268b812fc96620d034c842a39c747a3687866fe4988b52a1e3f","e2bb6beb199bfc576ecf2adc98bc83f014b729be832c4a4f7f2d2e09df552237",52,65,0,0,9.12e-07
"microbiome_2026_hunt","GCST90667361","Gut microbial functional pathway relative abundance (KEGG-module M00404: COPII complex)","taxon:kegg-module m00404: copii complex",12652,"GRCh37","2648a90d7032c268b812fc96620d034c842a39c747a3687866fe4988b52a1e3f","e2bb6beb199bfc576ecf2adc98bc83f014b729be832c4a4f7f2d2e09df552237",52,49,0,0,4.91e-07
"microbiome_2026_hunt","GCST90667362","Gut microbial functional pathway relative abundance (KEGG-module M00407: SCF-CDC4 complex)","taxon:kegg-module m00407: scf-cdc4 complex",12652,"GRCh37","2648a90d7032c268b812fc96620d034c842a39c747a3687866fe4988b52a1e3f","e2bb6beb199bfc576ecf2adc98bc83f014b729be832c4a4f7f2d2e09df552237",52,58,0,0,6.63e-07
"microbiome_2026_hunt","GCST90667363","Gut microbial functional pathway relative abundance (KEGG-module M00408: ESCRT-0 complex)","taxon:kegg-module m00408: escrt-0 complex",12652,"GRCh37","2648a90d7032c268b812fc96620d034c842a39c747a3687866fe4988b52a1e3f","e2bb6beb199bfc576ecf2adc98bc83f014b729be832c4a4f7f2d2e09df552237",52,42,0,0,8.87e-07
"microbiome_2026_hunt","GCST90667364","Gut microbial functional pathway relative abundance (KEGG-module M00410: ESCRT-II complex)","taxon:kegg-module m00410: escrt-ii complex",12652,"GRCh37","2648a90d7032c268b812fc96620d034c842a39c747a3687866fe4988b52a1e3f","e2bb6beb199bfc576ecf2adc98bc83f014b729be832c4a4f7f2d2e09df552237",52,51,0,0,3.88e-07
"microbiome_2026_hunt","GCST90667365","Gut microbial functional pathway relative abundance (KEGG-module M00411: SCF-GRR1 complex)","taxon:kegg-module m00411: scf-grr1 complex",12652,"GRCh37","2648a90d7032c268b812fc96620d034c842a39c747a3687866fe4988b52a1e3f","e2bb6beb199bfc576ecf2adc98bc83f014b729be832c4a4f7f2d2e09df552237",52,55,0,0,8e-07
"microbiome_2026_hunt","GCST90667366","Gut microbial functional pathway relative abundance (KEGG-module M00412: ESCRT-III complex)","taxon:kegg-module m00412: escrt-iii complex",12652,"GRCh37","2648a90d7032c268b812fc96620d034c842a39c747a3687866fe4988b52a1e3f","e2bb6beb199bfc576ecf2adc98bc83f014b729be832c4a4f7f2d2e09df552237",52,55,0,0,6.01e-07
"microbiome_2026_hunt","GCST90667367","Gut microbial functional pathway relative abundance (KEGG-module M00417: Cytochrome o ubiquinol oxidase)","taxon:kegg-module m00417: cytochrome o ubiquinol oxidase",12652,"GRCh37","2648a90d7032c268b812fc96620d034c842a39c747a3687866fe4988b52a1e3f","e2bb6beb199bfc576ecf2adc98bc83f014b729be832c4a4f7f2d2e09df552237",52,84,0,0,1.26e-07
"microbiome_2026_hunt","GCST90667368","Gut microbial functional pathway relative abundance (KEGG-module M00425: H/ACA ribonucleoprotein complex)","taxon:kegg-module m00425: h/aca ribonucleoprotein complex",12652,"GRCh37","2648a90d7032c268b812fc96620d034c842a39c747a3687866fe4988b52a1e3f","e2bb6beb199bfc576ecf2adc98bc83f014b729be832c4a4f7f2d2e09df552237",52,56,0,0,6.45e-07
"microbiome_2026_hunt","GCST90667369","Gut microbial functional pathway relative abundance (KEGG-module M00429: Competence-related DNA transformation transporter)","taxon:kegg-module m00429: competence-related dna transformation transporter",12652,"GRCh37","2648a90d7032c268b812fc96620d034c842a39c747a3687866fe4988b52a1e3f","e2bb6beb199bfc576ecf2adc98bc83f014b729be832c4a4f7f2d2e09df552237",52,46,0,0,6.3e-07
"microbiome_2026_hunt","GCST90667370","Gut microbial functional pathway relative abundance (KEGG-module M00432: Leucine biosynthesis, 2-oxoisovalerate to 2-oxoisocaproate)","taxon:kegg-module m00432: leucine biosynthesis, 2-oxoisovalerate to 2-oxoisocaproate",12652,"GRCh37","2648a90d7032c268b812fc96620d034c842a39c747a3687866fe4988b52a1e3f","e2bb6beb199bfc576ecf2adc98bc83f014b729be832c4a4f7f2d2e09df552237",52,85,0,0,6.18e-07
"microbiome_2026_hunt","GCST90667371","Gut microbial functional pathway relative abundance (KEGG-module M00433: Lysine biosynthesis, 2-oxoglutarate to 2-oxoadipate)","taxon:kegg-module m00433: lysine biosynthesis, 2-oxoglutarate to 2-oxoadipate",12652,"GRCh37","2648a90d7032c268b812fc96620d034c842a39c747a3687866fe4988b52a1e3f","e2bb6beb199bfc576ecf2adc98bc83f014b729be832c4a4f7f2d2e09df552237",52,39,0,0,8.42e-07
"microbiome_2026_hunt","GCST90667372","Gut microbial functional pathway relative abundance (KEGG-module M00434: PhoR-PhoB (phosphate starvation response) two-component regulatory system)","taxon:kegg-module m00434: phor-phob (phosphate starvation response) two-component regulatory system",12652,"GRCh37","2648a90d7032c268b812fc96620d034c842a39c747a3687866fe4988b52a1e3f","e2bb6beb199bfc576ecf2adc98bc83f014b729be832c4a4f7f2d2e09df552237",52,68,0,0,4.85e-07
"microbiome_2026_hunt","GCST90667373","Gut microbial functional pathway relative abundance (KEGG-module M00435: Taurine transport system)","taxon:kegg-module m00435: taurine transport system",12652,"GRCh37","2648a90d7032c268b812fc96620d034c842a39c747a3687866fe4988b52a1e3f","e2bb6beb199bfc576ecf2adc98bc83f014b729be832c4a4f7f2d2e09df552237",53,102,0,0,1.66e-07
"microbiome_2026_hunt","GCST90667374","Gut microbial functional pathway relative abundance (KEGG-module M00436: Sulfonate transport system)","taxon:kegg-module m00436: sulfonate transport system",12652,"GRCh37","2648a90d7032c268b812fc96620d034c842a39c747a3687866fe4988b52a1e3f","e2bb6beb199bfc576ecf2adc98bc83f014b729be832c4a4f7f2d2e09df552237",53,66,10,0,9.44e-09
"microbiome_2026_hunt","GCST90667375","Gut microbial functional pathway relative abundance (KEGG-module M00438: Nitrate/nitrite transport system)","taxon:kegg-module m00438: nitrate/nitrite transport system",12652,"GRCh37","2648a90d7032c268b812fc96620d034c842a39c747a3687866fe4988b52a1e3f","e2bb6beb199bfc576ecf2adc98bc83f014b729be832c4a4f7f2d2e09df552237",53,112,0,0,9.29e-08
"microbiome_2026_hunt","GCST90667376","Gut microbial functional pathway relative abundance (KEGG-module M00439: Oligopeptide transport system)","taxon:kegg-module m00439: oligopeptide transport system",12652,"GRCh37","2648a90d7032c268b812fc96620d034c842a39c747a3687866fe4988b52a1e3f","e2bb6beb199bfc576ecf2adc98bc83f014b729be832c4a4f7f2d2e09df552237",53,68,0,0,6.59e-07
"microbiome_2026_hunt","GCST90667377","Gut microbial functional pathway relative abundance (KEGG-module M00440: Nickel transport system)","taxon:kegg-module m00440: nickel transport system",12652,"GRCh37","2648a90d7032c268b812fc96620d034c842a39c747a3687866fe4988b52a1e3f","e2bb6beb199bfc576ecf2adc98bc83f014b729be832c4a4f7f2d2e09df552237",53,104,0,0,8.04e-08
"microbiome_2026_hunt","GCST90667378","Gut microbial functional pathway relative abundance (KEGG-module M00442: Putative hydroxymethylpyrimidine transport system)","taxon:kegg-module m00442: putative hydroxymethylpyrimidine transport system",12652,"GRCh37","2648a90d7032c268b812fc96620d034c842a39c747a3687866fe4988b52a1e3f","e2bb6beb199bfc576ecf2adc98bc83f014b729be832c4a4f7f2d2e09df552237",53,67,0,0,5.36e-08
"microbiome_2026_hunt","GCST90667379","Gut microbial functional pathway relative abundance (KEGG-module M00443: SenX3-RegX3 (phosphate starvation response) two-component regulatory system)","taxon:kegg-module m00443: senx3-regx3 (phosphate starvation response) two-component regulatory system",12652,"GRCh37","2648a90d7032c268b812fc96620d034c842a39c747a3687866fe4988b52a1e3f","e2bb6beb199bfc576ecf2adc98bc83f014b729be832c4a4f7f2d2e09df552237",53,975,552,0,2.58e-18
"microbiome_2026_hunt","GCST90667380","Gut microbial functional pathway relative abundance (KEGG-module M00444: PhoQ-PhoP (magnesium transport) two-component regulatory system)","taxon:kegg-module m00444: phoq-phop (magnesium transport) two-component regulatory system",12652,"GRCh37","2648a90d7032c268b812fc96620d034c842a39c747a3687866fe4988b52a1e3f","e2bb6beb199bfc576ecf2adc98bc83f014b729be832c4a4f7f2d2e09df552237",53,56,0,0,2.25e-07
"microbiome_2026_hunt","GCST90667381","Gut microbial functional pathway relative abundance (KEGG-module M00445: EnvZ-OmpR (osmotic stress response) two-component regulatory system)","taxon:kegg-module m00445: envz-ompr (osmotic stress response) two-component regulatory system",12652,"GRCh37","2648a90d7032c268b812fc96620d034c842a39c747a3687866fe4988b52a1e3f","e2bb6beb199bfc576ecf2adc98bc83f014b729be832c4a4f7f2d2e09df552237",53,54,0,0,2.95e-07
"microbiome_2026_hunt","GCST90667382","Gut microbial functional pathway relative abundance (KEGG-module M00446: RstB-RstA two-component regulatory system)","taxon:kegg-module m00446: rstb-rsta two-component regulatory system",12652,"GRCh37","2648a90d7032c268b812fc96620d034c842a39c747a3687866fe4988b52a1e3f","e2bb6beb199bfc576ecf2adc98bc83f014b729be832c4a4f7f2d2e09df552237",53,74,0,0,1.16e-07
"microbiome_2026_hunt","GCST90667383","Gut microbial functional pathway relative abundance (KEGG-module M00447: CpxA-CpxR (envelope stress response) two-component regulatory system)","taxon:kegg-module m00447: cpxa-cpxr (envelope stress response) two-component regulatory system",12652,"GRCh37","2648a90d7032c268b812fc96620d034c842a39c747a3687866fe4988b52a1e3f","e2bb6beb199bfc576ecf2adc98bc83f014b729be832c4a4f7f2d2e09df552237",53,60,0,0,6.08e-08
"microbiome_2026_hunt","GCST90667384","Gut microbial functional pathway relative abundance (KEGG-module M00448: CssS-CssR (secretion stress response) two-component regulatory system)","taxon:kegg-module m00448: csss-cssr (secretion stress response) two-component regulatory system",12652,"GRCh37","2648a90d7032c268b812fc96620d034c842a39c747a3687866fe4988b52a1e3f","e2bb6beb199bfc576ecf2adc98bc83f014b729be832c4a4f7f2d2e09df552237",53,83,0,0,5.8e-08
"microbiome_2026_hunt","GCST90667385","Gut microbial functional pathway relative abundance (KEGG-module M00449: CreC-CreB (phosphate regulation) two-component regulatory system)","taxon:kegg-module m00449: crec-creb (phosphate regulation) two-component regulatory system",12652,"GRCh37","2648a90d7032c268b812fc96620d034c842a39c747a3687866fe4988b52a1e3f","e2bb6beb199bfc576ecf2adc98bc83f014b729be832c4a4f7f2d2e09df552237",53,62,0,0,2.96e-07
"microbiome_2026_hunt","GCST90667386","Gut microbial functional pathway relative abundance (KEGG-module M00450: BaeS-BaeR (envelope stress response) two-component regulatory system)","taxon:kegg-module m00450: baes-baer (envelope stress response) two-component regulatory system",12652,"GRCh37","2648a90d7032c268b812fc96620d034c842a39c747a3687866fe4988b52a1e3f","e2bb6beb199bfc576ecf2adc98bc83f014b729be832c4a4f7f2d2e09df552237",53,58,0,0,1.58e-06
"microbiome_2026_hunt","GCST90667387","Gut microbial functional pathway relative abundance (KEGG-module M00451: BasS-BasR (antimicrobial peptide resistance) two-component regulatory system)","taxon:kegg-module m00451: bass-basr (antimicrobial peptide resistance) two-component regulatory system",12652,"GRCh37","2648a90d7032c268b812fc96620d034c842a39c747a3687866fe4988b52a1e3f","e2bb6beb199bfc576ecf2adc98bc83f014b729be832c4a4f7f2d2e09df552237",53,58,0,0,5.52e-07
"microbiome_2026_hunt","GCST90667388","Gut microbial functional pathway relative abundance (KEGG-module M00452: CusS-CusR (copper tolerance) two-component regulatory system)","taxon:kegg-module m00452: cuss-cusr (copper tolerance) two-component regulatory system",12652,"GRCh37","2648a90d7032c268b812fc96620d034c842a39c747a3687866fe4988b52a1e3f","e2bb6beb199bfc576ecf2adc98bc83f014b729be832c4a4f7f2d2e09df552237",53,38,0,0,5.47e-08
"microbiome_2026_hunt","GCST90667389","Gut microbial functional pathway relative abundance (KEGG-module M00453: QseC-QseB (quorum sensing) two-component regulatory system)","taxon:kegg-module m00453: qsec-qseb (quorum sensing) two-component regulatory system",12652,"GRCh37","2648a90d7032c268b812fc96620d034c842a39c747a3687866fe4988b52a1e3f","e2bb6beb199bfc576ecf2adc98bc83f014b729be832c4a4f7f2d2e09df552237",54,89,0,0,4.97e-07
"microbiome_2026_hunt","GCST90667390","Gut microbial functional pathway relative abundance (KEGG-module M00454: KdpD-KdpE (potassium transport) two-component regulatory system)","taxon:kegg-module m00454: kdpd-kdpe (potassium transport) two-component regulatory system",12652,"GRCh37","2648a90d7032c268b812fc96620d034c842a39c747a3687866fe4988b52a1e3f","e2bb6beb199bfc576ecf2adc98bc83f014b729be832c4a4f7f2d2e09df552237",54,30,0,0,3.59e-07
"microbiome_2026_hunt","GCST90667391","Gut microbial functional pathway relative abundance (KEGG-module M00456: ArcB-ArcA (anoxic redox control) two-component regulatory system)","taxon:kegg-module m00456: arcb-arca (anoxic redox control) two-component regulatory system",12652,"GRCh37","2648a90d7032c268b812fc96620d034c842a39c747a3687866fe4988b52a1e3f","e2bb6beb199bfc576ecf2adc98bc83f014b729be832c4a4f7f2d2e09df552237",54,56,0,0,2.18e-07
"microbiome_2026_hunt","GCST90667392","Gut microbial functional pathway relative abundance (KEGG-module M00457: TctE-TctD (tricarboxylic acid transport) two-component regulatory system)","taxon:kegg-module m00457: tcte-tctd (tricarboxylic acid transport) two-component regulatory system",12652,"GRCh37","2648a90d7032c268b812fc96620d034c842a39c747a3687866fe4988b52a1e3f","e2bb6beb199bfc576ecf2adc98bc83f014b729be832c4a4f7f2d2e09df552237",54,71,0,0,3.21e-07
"microbiome_2026_hunt","GCST90667393","Gut microbial functional pathway relative abundance (KEGG-module M00458: ResE-ResD (aerobic and anaerobic respiration) two-component regulatory system)","taxon:kegg-module m00458: rese-resd (aerobic and anaerobic respiration) two-component regulatory system",12652,"GRCh37","2648a90d7032c268b812fc96620d034c842a39c747a3687866fe4988b52a1e3f","e2bb6beb199bfc576ecf2adc98bc83f014b729be832c4a4f7f2d2e09df552237",54,155,0,0,6.5e-08
"microbiome_2026_hunt","GCST90667394","Gut microbial functional pathway relative abundance (KEGG-module M00459: VicK-VicR (cell wall metabolism) two-component regulatory system)","taxon:kegg-module m00459: vick-vicr (cell wall metabolism) two-component regulatory system",12652,"GRCh37","2648a90d7032c268b812fc96620d034c842a39c747a3687866fe4988b52a1e3f","e2bb6beb199bfc576ecf2adc98bc83f014b729be832c4a4f7f2d2e09df552237",54,38,0,0,3.55e-07
"microbiome_2026_hunt","GCST90667395","Gut microbial functional pathway relative abundance (KEGG-module M00460: MprB-MprA (maintenance of persistent infection) two-component regulatory system)","taxon:kegg-module m00460: mprb-mpra (maintenance of persistent infection) two-component regulatory system",12652,"GRCh37","2648a90d7032c268b812fc96620d034c842a39c747a3687866fe4988b52a1e3f","e2bb6beb199bfc576ecf2adc98bc83f014b729be832c4a4f7f2d2e09df552237",54,53,0,0,4.99e-07
"microbiome_2026_hunt","GCST90667396","Gut microbial functional pathway relative abundance (KEGG-module M00461: MtrB-MtrA (osmotic stress response) two-component regulatory system)","taxon:kegg-module m00461: mtrb-mtra (osmotic stress response) two-component regulatory system",12652,"GRCh37","2648a90d7032c268b812fc96620d034c842a39c747a3687866fe4988b52a1e3f","e2bb6beb199bfc576ecf2adc98bc83f014b729be832c4a4f7f2d2e09df552237",54,151,0,0,4.72e-07
"microbiome_2026_hunt","GCST90667397","Gut microbial functional pathway relative abundance (KEGG-module M00468: SaeS-SaeR (staphylococcal virulence regulation) two-component regulatory system)","taxon:kegg-module m00468: saes-saer (staphylococcal virulence regulation) two-component regulatory system",12652,"GRCh37","2648a90d7032c268b812fc96620d034c842a39c747a3687866fe4988b52a1e3f","e2bb6beb199bfc576ecf2adc98bc83f014b729be832c4a4f7f2d2e09df552237",54,95,0,0,8.81e-08
"microbiome_2026_hunt","GCST90667398","Gut microbial functional pathway relative abundance (KEGG-module M00471: NarX-NarL (nitrate respiration) two-component regulatory system)","taxon:kegg-module m00471: narx-narl (nitrate respiration) two-component regulatory system",12652,"GRCh37","2648a90d7032c268b812fc96620d034c842a39c747a3687866fe4988b52a1e3f","e2bb6beb199bfc576ecf2adc98bc83f014b729be832c4a4f7f2d2e09df552237",54,44,0,0,3.11e-07
"microbiome_2026_hunt","GCST90667399","Gut microbial functional pathway relative abundance (KEGG-module M00472: NarQ-NarP (nitrate respiration) two-component regulatory system)","taxon:kegg-module m00472: narq-narp (nitrate respiration) two-component regulatory system",12652,"GRCh37","2648a90d7032c268b812fc96620d034c842a39c747a3687866fe4988b52a1e3f","e2bb6beb199bfc576ecf2adc98bc83f014b729be832c4a4f7f2d2e09df552237",54,60,0,0,1.72e-07
"microbiome_2026_hunt","GCST90667400","Gut microbial functional pathway relative abundance (KEGG-module M00473: UhpB-UhpA (hexose phosphates uptake) two-component regulatory system)","taxon:kegg-module m00473: uhpb-uhpa (hexose phosphates uptake) two-component regulatory system",12652,"GRCh37","2648a90d7032c268b812fc96620d034c842a39c747a3687866fe4988b52a1e3f","e2bb6beb199bfc576ecf2adc98bc83f014b729be832c4a4f7f2d2e09df552237",54,56,0,0,2.23e-07
"microbiome_2026_hunt","GCST90667401","Gut microbial functional pathway relative abundance (KEGG-module M00474: RcsC-RcsD-RcsB (capsule synthesis) two-component regulatory system)","taxon:kegg-module m00474: rcsc-rcsd-rcsb (capsule synthesis) two-component regulatory system",12652,"GRCh37","2648a90d7032c268b812fc96620d034c842a39c747a3687866fe4988b52a1e3f","e2bb6beb199bfc576ecf2adc98bc83f014b729be832c4a4f7f2d2e09df552237",54,71,0,0,2.59e-07
"microbiome_2026_hunt","GCST90667402","Gut microbial functional pathway relative abundance (KEGG-module M00475: BarA-UvrY (central carbon metabolism) two-component regulatory system)","taxon:kegg-module m00475: bara-uvry (central carbon metabolism) two-component regulatory system",12652,"GRCh37","2648a90d7032c268b812fc96620d034c842a39c747a3687866fe4988b52a1e3f","e2bb6beb199bfc576ecf2adc98bc83f014b729be832c4a4f7f2d2e09df552237",54,65,0,0,1.64e-07
"microbiome_2026_hunt","GCST90667403","Gut microbial functional pathway relative abundance (KEGG-module M00477: EvgS-EvgA (acid and drug tolerance) two-component regulatory system)","taxon:kegg-module m00477: evgs-evga (acid and drug tolerance) two-component regulatory system",12652,"GRCh37","2648a90d7032c268b812fc96620d034c842a39c747a3687866fe4988b52a1e3f","e2bb6beb199bfc576ecf2adc98bc83f014b729be832c4a4f7f2d2e09df552237",54,44,0,0,1.19e-07
"microbiome_2026_hunt","GCST90667404","Gut microbial functional pathway relative abundance (KEGG-module M00479: DesK-DesR (membrane lipid fluidity regulation) two-component regulatory system)","taxon:kegg-module m00479: desk-desr (membrane lipid fluidity regulation) two-component regulatory system",12652,"GRCh37","2648a90d7032c268b812fc96620d034c842a39c747a3687866fe4988b52a1e3f","e2bb6beb199bfc576ecf2adc98bc83f014b729be832c4a4f7f2d2e09df552237",54,40,0,0,2.03e-07
"microbiome_2026_hunt","GCST90667405","Gut microbial functional pathway relative abundance (KEGG-module M00480: VraS-VraR (cell-wall peptidoglycan synthesis) two-component regulatory system)","taxon:kegg-module m00480: vras-vrar (cell-wall peptidoglycan synthesis) two-component regulatory system",12652,"GRCh37","2648a90d7032c268b812fc96620d034c842a39c747a3687866fe4988b52a1e3f","e2bb6beb199bfc576ecf2adc98bc83f014b729be832c4a4f7f2d2e09df552237",55,126,0,0,8.44e-08
"microbiome_2026_hunt","GCST90667406","Gut microbial functional pathway relative abundance (KEGG-module M00481: LiaS-LiaR (cell wall stress response) two-component regulatory system)","taxon:kegg-module m00481: lias-liar (cell wall stress response) two-component regulatory system",12652,"GRCh37","2648a90d7032c268b812fc96620d034c842a39c747a3687866fe4988b52a1e3f","e2bb6beb199bfc576ecf2adc98bc83f014b729be832c4a4f7f2d2e09df552237",55,126,0,0,8.44e-08
"microbiome_2026_hunt","GCST90667407","Gut microbial functional pathway relative abundance (KEGG-module M00484: YdfH-YdfI two-component regulatory system)","taxon:kegg-module m00484: ydfh-ydfi two-component regulatory system",12652,"GRCh37","2648a90d7032c268b812fc96620d034c842a39c747a3687866fe4988b52a1e3f","e2bb6beb199bfc576ecf2adc98bc83f014b729be832c4a4f7f2d2e09df552237",55,36,0,0,1.61e-06
"microbiome_2026_hunt","GCST90667408","Gut microbial functional pathway relative abundance (KEGG-module M00486: CitA-CitB (citrate fermentation) two-component regulatory system)","taxon:kegg-module m00486: cita-citb (citrate fermentation) two-component regulatory system",12652,"GRCh37","2648a90d7032c268b812fc96620d034c842a39c747a3687866fe4988b52a1e3f","e2bb6beb199bfc576ecf2adc98bc83f014b729be832c4a4f7f2d2e09df552237",55,72,0,0,4.25e-07
"microbiome_2026_hunt","GCST90667409","Gut microbial functional pathway relative abundance (KEGG-module M00488: DcuS-DcuR (C4-dicarboxylate metabolism) two-component regulatory system)","taxon:kegg-module m00488: dcus-dcur (c4-dicarboxylate metabolism) two-component regulatory system",12652,"GRCh37","2648a90d7032c268b812fc96620d034c842a39c747a3687866fe4988b52a1e3f","e2bb6beb199bfc576ecf2adc98bc83f014b729be832c4a4f7f2d2e09df552237",55,80,0,0,3.83e-07
"microbiome_2026_hunt","GCST90667410","Gut microbial functional pathway relative abundance (KEGG-module M00489: DctS-DctR (C4-dicarboxylate transport) two-component regulatory system)","taxon:kegg-module m00489: dcts-dctr (c4-dicarboxylate transport) two-component regulatory system",12652,"GRCh37","2648a90d7032c268b812fc96620d034c842a39c747a3687866fe4988b52a1e3f","e2bb6beb199bfc576ecf2adc98bc83f014b729be832c4a4f7f2d2e09df552237",55,43,0,0,5.77e-07
"microbiome_2026_hunt","GCST90667411","Gut microbial functional pathway relative abundance (KEGG-module M00490: MalK-MalR (malate transport) two-component regulatory system)","taxon:kegg-module m00490: malk-malr (malate transport) two-component regulatory system",12652,"GRCh37","2648a90d7032c268b812fc96620d034c842a39c747a3687866fe4988b52a1e3f","e2bb6beb199bfc576ecf2adc98bc83f014b729be832c4a4f7f2d2e09df552237",55,120,4,0,1.82e-08
"microbiome_2026_hunt","GCST90667412","Gut microbial functional pathway relative abundance (KEGG-module M00491: arabinogalactan oligomer/maltooligosaccharide transport system)","taxon:kegg-module m00491: arabinogalactan oligomer/maltooligosaccharide transport system",12652,"GRCh37","2648a90d7032c268b812fc96620d034c842a39c747a3687866fe4988b52a1e3f","e2bb6beb199bfc576ecf2adc98bc83f014b729be832c4a4f7f2d2e09df552237",55,43,0,0,5.37e-07
"microbiome_2026_hunt","GCST90667413","Gut microbial functional pathway relative abundance (KEGG-module M00492: LytS-LytR two-component regulatory system)","taxon:kegg-module m00492: lyts-lytr two-component regulatory system",12652,"GRCh37","2648a90d7032c268b812fc96620d034c842a39c747a3687866fe4988b52a1e3f","e2bb6beb199bfc576ecf2adc98bc83f014b729be832c4a4f7f2d2e09df552237",55,38,0,0,9.34e-08
"microbiome_2026_hunt","GCST90667414","Gut microbial functional pathway relative abundance (KEGG-module M00495: AgrC-AgrA (exoprotein synthesis) two-component regulatory system)","taxon:kegg-module m00495: agrc-agra (exoprotein synthesis) two-component regulatory system",12652,"GRCh37","2648a90d7032c268b812fc96620d034c842a39c747a3687866fe4988b52a1e3f","e2bb6beb199bfc576ecf2adc98bc83f014b729be832c4a4f7f2d2e09df552237",55,59,0,0,8.01e-08
"microbiome_2026_hunt","GCST90667415","Gut microbial functional pathway relative abundance (KEGG-module M00496: ComD-ComE (competence) two-component regulatory system)","taxon:kegg-module m00496: comd-come (competence) two-component regulatory system",12652,"GRCh37","2648a90d7032c268b812fc96620d034c842a39c747a3687866fe4988b52a1e3f","e2bb6beb199bfc576ecf2adc98bc83f014b729be832c4a4f7f2d2e09df552237",55,105,0,0,1.54e-07
"microbiome_2026_hunt","GCST90667416","Gut microbial functional pathway relative abundance (KEGG-module M00497: GlnL-GlnG (nitrogen regulation) two-component regulatory system)","taxon:kegg-module m00497: glnl-glng (nitrogen regulation) two-component regulatory system",12652,"GRCh37","2648a90d7032c268b812fc96620d034c842a39c747a3687866fe4988b52a1e3f","e2bb6beb199bfc576ecf2adc98bc83f014b729be832c4a4f7f2d2e09df552237",55,49,0,0,1.66e-06
"microbiome_2026_hunt","GCST90667417","Gut microbial functional pathway relative abundance (KEGG-module M00498: NtrY-NtrX (nitrogen regulation) two-component regulatory system)","taxon:kegg-module m00498: ntry-ntrx (nitrogen regulation) two-component regulatory system",12652,"GRCh37","2648a90d7032c268b812fc96620d034c842a39c747a3687866fe4988b52a1e3f","e2bb6beb199bfc576ecf2adc98bc83f014b729be832c4a4f7f2d2e09df552237",55,43,0,0,1.13e-07
"microbiome_2026_hunt","GCST90667418","Gut microbial functional pathway relative abundance (KEGG-module M00499: HydH-HydG (metal tolerance) two-component regulatory system)","taxon:kegg-module m00499: hydh-hydg (metal tolerance) two-component regulatory system",12652,"GRCh37","2648a90d7032c268b812fc96620d034c842a39c747a3687866fe4988b52a1e3f","e2bb6beb199bfc576ecf2adc98bc83f014b729be832c4a4f7f2d2e09df552237",55,80,0,0,2.87e-07
"microbiome_2026_hunt","GCST90667419","Gut microbial functional pathway relative abundance (KEGG-module M00500: AtoS-AtoC (cPHB biosynthesis) two-component regulatory system)","taxon:kegg-module m00500: atos-atoc (cphb biosynthesis) two-component regulatory system",12652,"GRCh37","2648a90d7032c268b812fc96620d034c842a39c747a3687866fe4988b52a1e3f","e2bb6beb199bfc576ecf2adc98bc83f014b729be832c4a4f7f2d2e09df552237",55,45,0,0,4.53e-07
"microbiome_2026_hunt","GCST90667420","Gut microbial functional pathway relative abundance (KEGG-module M00501: PilS-PilR (type 4 fimbriae synthesis) two-component regulatory system)","taxon:kegg-module m00501: pils-pilr (type 4 fimbriae synthesis) two-component regulatory system",12652,"GRCh37","2648a90d7032c268b812fc96620d034c842a39c747a3687866fe4988b52a1e3f","e2bb6beb199bfc576ecf2adc98bc83f014b729be832c4a4f7f2d2e09df552237",55,58,1,0,3.28e-08
"microbiome_2026_hunt","GCST90667421","Gut microbial functional pathway relative abundance (KEGG-module M00502: GlrK-GlrR (amino sugar metabolism) two-component regulatory system)","taxon:kegg-module m00502: glrk-glrr (amino sugar metabolism) two-component regulatory system",12652,"GRCh37","2648a90d7032c268b812fc96620d034c842a39c747a3687866fe4988b52a1e3f","e2bb6beb199bfc576ecf2adc98bc83f014b729be832c4a4f7f2d2e09df552237",56,45,0,0,6.74e-07
"microbiome_2026_hunt","GCST90667422","Gut microbial functional pathway relative abundance (KEGG-module M00504: DctB-DctD (C4-dicarboxylate transport) two-component regulatory system)","taxon:kegg-module m00504: dctb-dctd (c4-dicarboxylate transport) two-component regulatory system",12652,"GRCh37","2648a90d7032c268b812fc96620d034c842a39c747a3687866fe4988b52a1e3f","e2bb6beb199bfc576ecf2adc98bc83f014b729be832c4a4f7f2d2e09df552237",56,27,0,0,1.02e-07
"microbiome_2026_hunt","GCST90667423","Gut microbial functional pathway relative abundance (KEGG-module M00505: KinB-AlgB (alginate production) two-component regulatory system)","taxon:kegg-module m00505: kinb-algb (alginate production) two-component regulatory system",12652,"GRCh37","2648a90d7032c268b812fc96620d034c842a39c747a3687866fe4988b52a1e3f","e2bb6beb199bfc576ecf2adc98bc83f014b729be832c4a4f7f2d2e09df552237",56,87,0,0,6.13e-07
"microbiome_2026_hunt","GCST90667424","Gut microbial functional pathway relative abundance (KEGG-module M00506: CheA-CheYBV (chemotaxis) two-component regulatory system)","taxon:kegg-module m00506: chea-cheybv (chemotaxis) two-component regulatory system",12652,"GRCh37","2648a90d7032c268b812fc96620d034c842a39c747a3687866fe4988b52a1e3f","e2bb6beb199bfc576ecf2adc98bc83f014b729be832c4a4f7f2d2e09df552237",56,55,0,0,5.04e-07
"microbiome_2026_hunt","GCST90667425","Gut microbial functional pathway relative abundance (KEGG-module M00507: ChpA-ChpB/PilGH (chemosensory) two-component regulatory system)","taxon:kegg-module m00507: chpa-chpb/pilgh (chemosensory) two-component regulatory system",12652,"GRCh37","2648a90d7032c268b812fc96620d034c842a39c747a3687866fe4988b52a1e3f","e2bb6beb199bfc576ecf2adc98bc83f014b729be832c4a4f7f2d2e09df552237",56,144,0,0,2.77e-07
"microbiome_2026_hunt","GCST90667426","Gut microbial functional pathway relative abundance (KEGG-module M00514: TtrS-TtrR (tetrathionate respiration) two-component regulatory system)","taxon:kegg-module m00514: ttrs-ttrr (tetrathionate respiration) two-component regulatory system",12652,"GRCh37","2648a90d7032c268b812fc96620d034c842a39c747a3687866fe4988b52a1e3f","e2bb6beb199bfc576ecf2adc98bc83f014b729be832c4a4f7f2d2e09df552237",56,85,0,0,3.18e-07
"microbiome_2026_hunt","GCST90667427","Gut microbial functional pathway relative abundance (KEGG-module M00516: SLN1-YPD1-SSK1/SKN7 (osmosensing) two-component regulatory system)","taxon:kegg-module m00516: sln1-ypd1-ssk1/skn7 (osmosensing) two-component regulatory system",12652,"GRCh37","2648a90d7032c268b812fc96620d034c842a39c747a3687866fe4988b52a1e3f","e2bb6beb199bfc576ecf2adc98bc83f014b729be832c4a4f7f2d2e09df552237",56,67,0,0,3.79e-07
"microbiome_2026_hunt","GCST90667428","Gut microbial functional pathway relative abundance (KEGG-module M00518: GlnK-GlnL (glutamine utilization) two-component regulatory system)","taxon:kegg-module m00518: glnk-glnl (glutamine utilization) two-component regulatory system",12652,"GRCh37","2648a90d7032c268b812fc96620d034c842a39c747a3687866fe4988b52a1e3f","e2bb6beb199bfc576ecf2adc98bc83f014b729be832c4a4f7f2d2e09df552237",56,131,41,0,6.1e-11
"microbiome_2026_hunt","GCST90667429","Gut microbial functional pathway relative abundance (KEGG-module M00519: YesM-YesN two-component regulatory system)","taxon:kegg-module m00519: yesm-yesn two-component regulatory system",12652,"GRCh37","2648a90d7032c268b812fc96620d034c842a39c747a3687866fe4988b52a1e3f","e2bb6beb199bfc576ecf2adc98bc83f014b729be832c4a4f7f2d2e09df552237",56,104,0,0,5.04e-08
"microbiome_2026_hunt","GCST90667430","Gut microbial functional pathway relative abundance (KEGG-module M00521: CiaH-CiaR two-component regulatory system)","taxon:kegg-module m00521: ciah-ciar two-component regulatory system",12652,"GRCh37","2648a90d7032c268b812fc96620d034c842a39c747a3687866fe4988b52a1e3f","e2bb6beb199bfc576ecf2adc98bc83f014b729be832c4a4f7f2d2e09df552237",56,48,0,0,9.23e-07
"microbiome_2026_hunt","GCST90667431","Gut microbial functional pathway relative abundance (KEGG-module M00522: SalK-SalR two-component regulatory system)","taxon:kegg-module m00522: salk-salr two-component regulatory system",12652,"GRCh37","2648a90d7032c268b812fc96620d034c842a39c747a3687866fe4988b52a1e3f","e2bb6beb199bfc576ecf2adc98bc83f014b729be832c4a4f7f2d2e09df552237",56,124,0,0,2.97e-07
"microbiome_2026_hunt","GCST90667432","Gut microbial functional pathway relative abundance (KEGG-module M00523: RegB-RegA (redox response) two-component regulatory system)","taxon:kegg-module m00523: regb-rega (redox response) two-component regulatory system",12652,"GRCh37","2648a90d7032c268b812fc96620d034c842a39c747a3687866fe4988b52a1e3f","e2bb6beb199bfc576ecf2adc98bc83f014b729be832c4a4f7f2d2e09df552237",56,75,0,0,9.88e-08
"microbiome_2026_hunt","GCST90667433","Gut microbial functional pathway relative abundance (KEGG-module M00525: Lysine biosynthesis, acetyl-DAP pathway, aspartate to lysine)","taxon:kegg-module m00525: lysine biosynthesis, acetyl-dap pathway, aspartate to lysine",12652,"GRCh37","2648a90d7032c268b812fc96620d034c842a39c747a3687866fe4988b52a1e3f","e2bb6beb199bfc576ecf2adc98bc83f014b729be832c4a4f7f2d2e09df552237",56,42,0,0,2.82e-07
"microbiome_2026_hunt","GCST90667434","Gut microbial functional pathway relative abundance (KEGG-module M00526: Lysine biosynthesis, DAP dehydrogenase pathway, aspartate to lysine)","taxon:kegg-module m00526: lysine biosynthesis, dap dehydrogenase pathway, aspartate to lysine",12652,"GRCh37","2648a90d7032c268b812fc96620d034c842a39c747a3687866fe4988b52a1e3f","e2bb6beb199bfc576ecf2adc98bc83f014b729be832c4a4f7f2d2e09df552237",56,68,0,0,1.31e-07
"microbiome_2026_hunt","GCST90667435","Gut microbial functional pathway relative abundance (KEGG-module M00527: Lysine biosynthesis, DAP aminotransferase pathway, aspartate to lysine)","taxon:kegg-module m00527: lysine biosynthesis, dap aminotransferase pathway, aspartate to lysine",12652,"GRCh37","2648a90d7032c268b812fc96620d034c842a39c747a3687866fe4988b52a1e3f","e2bb6beb199bfc576ecf2adc98bc83f014b729be832c4a4f7f2d2e09df552237",56,77,0,0,4.9e-07
"microbiome_2026_hunt","GCST90667436","Gut microbial functional pathway relative abundance (KEGG-module M00529: Denitrification, nitrate to nitrogen)","taxon:kegg-module m00529: denitrification, nitrate to nitrogen",12652,"GRCh37","2648a90d7032c268b812fc96620d034c842a39c747a3687866fe4988b52a1e3f","e2bb6beb199bfc576ecf2adc98bc83f014b729be832c4a4f7f2d2e09df552237",56,72,0,0,7.95e-07
"microbiome_2026_hunt","GCST90667437","Gut microbial functional pathway relative abundance (KEGG-module M00530: Dissimilatory nitrate reduction, nitrate to ammonia)","taxon:kegg-module m00530: dissimilatory nitrate reduction, nitrate to ammonia",12652,"GRCh37","2648a90d7032c268b812fc96620d034c842a39c747a3687866fe4988b52a1e3f","e2bb6beb199bfc576ecf2adc98bc83f014b729be832c4a4f7f2d2e09df552237",57,53,1,0,4.71e-08
"microbiome_2026_hunt","GCST90667438","Gut microbial functional pathway relative abundance (KEGG-module M00531: Assimilatory nitrate reduction, nitrate to ammonia)","taxon:kegg-module m00531: assimilatory nitrate reduction, nitrate to ammonia",12652,"GRCh37","2648a90d7032c268b812fc96620d034c842a39c747a3687866fe4988b52a1e3f","e2bb6beb199bfc576ecf2adc98bc83f014b729be832c4a4f7f2d2e09df552237",57,30,0,0,3.32e-07
"microbiome_2026_hunt","GCST90667439","Gut microbial functional pathway relative abundance (KEGG-module M00533: Homoprotocatechuate degradation, homoprotocatechuate to 2-oxohept-3-enedioate)","taxon:kegg-module m00533: homoprotocatechuate degradation, homoprotocatechuate to 2-oxohept-3-enedioate",12652,"GRCh37","2648a90d7032c268b812fc96620d034c842a39c747a3687866fe4988b52a1e3f","e2bb6beb199bfc576ecf2adc98bc83f014b729be832c4a4f7f2d2e09df552237",57,34,0,0,2.87e-07
"microbiome_2026_hunt","GCST90667440","Gut microbial functional pathway relative abundance (KEGG-module M00535: Isoleucine biosynthesis, pyruvate to 2-oxobutanoate)","taxon:kegg-module m00535: isoleucine biosynthesis, pyruvate to 2-oxobutanoate",12652,"GRCh37","2648a90d7032c268b812fc96620d034c842a39c747a3687866fe4988b52a1e3f","e2bb6beb199bfc576ecf2adc98bc83f014b729be832c4a4f7f2d2e09df552237",57,83,0,0,7.72e-08
"microbiome_2026_hunt","GCST90667441","Gut microbial functional pathway relative abundance (KEGG-module M00545: Trans-cinnamate degradation, trans-cinnamate to acetyl-CoA)","taxon:kegg-module m00545: trans-cinnamate degradation, trans-cinnamate to acetyl-coa",12652,"GRCh37","2648a90d7032c268b812fc96620d034c842a39c747a3687866fe4988b52a1e3f","e2bb6beb199bfc576ecf2adc98bc83f014b729be832c4a4f7f2d2e09df552237",57,32,0,0,6.03e-07
"microbiome_2026_hunt","GCST90667442","Gut microbial functional pathway relative abundance (KEGG-module M00549: Nucleotide sugar biosynthesis, glucose to UDP-glucose)","taxon:kegg-module m00549: nucleotide sugar biosynthesis, glucose to udp-glucose",12652,"GRCh37","2648a90d7032c268b812fc96620d034c842a39c747a3687866fe4988b52a1e3f","e2bb6beb199bfc576ecf2adc98bc83f014b729be832c4a4f7f2d2e09df552237",57,70,0,0,9.4e-07
"microbiome_2026_hunt","GCST90667443","Gut microbial functional pathway relative abundance (KEGG-module M00550: Ascorbate degradation, ascorbate to D-xylulose-5P)","taxon:kegg-module m00550: ascorbate degradation, ascorbate to d-xylulose-5p",12652,"GRCh37","2648a90d7032c268b812fc96620d034c842a39c747a3687866fe4988b52a1e3f","e2bb6beb199bfc576ecf2adc98bc83f014b729be832c4a4f7f2d2e09df552237",57,64,0,0,2.08e-07
"microbiome_2026_hunt","GCST90667444","Gut microbial functional pathway relative abundance (KEGG-module M00551: Benzoate degradation, benzoate to catechol / methylbenzoate to methylcatechol)","taxon:kegg-module m00551: benzoate degradation, benzoate to catechol / methylbenzoate to methylcatechol",12652,"GRCh37","2648a90d7032c268b812fc96620d034c842a39c747a3687866fe4988b52a1e3f","e2bb6beb199bfc576ecf2adc98bc83f014b729be832c4a4f7f2d2e09df552237",57,31,0,0,6.2e-07
"microbiome_2026_hunt","GCST90667445","Gut microbial functional pathway relative abundance (KEGG-module M00552: D-galactonate degradation, De Ley-Doudoroff pathway, D-galactonate to glycerate-3P)","taxon:kegg-module m00552: d-galactonate degradation, de ley-doudoroff pathway, d-galactonate to glycerate-3p",12652,"GRCh37","2648a90d7032c268b812fc96620d034c842a39c747a3687866fe4988b52a1e3f","e2bb6beb199bfc576ecf2adc98bc83f014b729be832c4a4f7f2d2e09df552237",57,91,0,0,3.42e-07
"microbiome_2026_hunt","GCST90667446","Gut microbial functional pathway relative abundance (KEGG-module M00554: Nucleotide sugar biosynthesis, galactose to UDP-galactose)","taxon:kegg-module m00554: nucleotide sugar biosynthesis, galactose to udp-galactose",12652,"GRCh37","2648a90d7032c268b812fc96620d034c842a39c747a3687866fe4988b52a1e3f","e2bb6beb199bfc576ecf2adc98bc83f014b729be832c4a4f7f2d2e09df552237",57,170,0,0,3.04e-07
"microbiome_2026_hunt","GCST90667447","Gut microbial functional pathway relative abundance (KEGG-module M00555: Betaine biosynthesis, choline to betaine)","taxon:kegg-module m00555: betaine biosynthesis, choline to betaine",12652,"GRCh37","2648a90d7032c268b812fc96620d034c842a39c747a3687866fe4988b52a1e3f","e2bb6beb199bfc576ecf2adc98bc83f014b729be832c4a4f7f2d2e09df552237",57,136,0,0,2.42e-07
"microbiome_2026_hunt","GCST90667448","Gut microbial functional pathway relative abundance (KEGG-module M00563: Methanogenesis, methylamine/dimethylamine/trimethylamine to methane)","taxon:kegg-module m00563: methanogenesis, methylamine/dimethylamine/trimethylamine to methane",12652,"GRCh37","2648a90d7032c268b812fc96620d034c842a39c747a3687866fe4988b52a1e3f","e2bb6beb199bfc576ecf2adc98bc83f014b729be832c4a4f7f2d2e09df552237",57,83,0,0,7.3e-08
"microbiome_2026_hunt","GCST90667449","Gut microbial functional pathway relative abundance (KEGG-module M00565: Trehalose biosynthesis, D-glucose 1P to trehalose)","taxon:kegg-module m00565: trehalose biosynthesis, d-glucose 1p to trehalose",12652,"GRCh37","2648a90d7032c268b812fc96620d034c842a39c747a3687866fe4988b52a1e3f","e2bb6beb199bfc576ecf2adc98bc83f014b729be832c4a4f7f2d2e09df552237",57,44,0,0,7.96e-07
"microbiome_2026_hunt","GCST90667450","Gut microbial functional pathway relative abundance (KEGG-module M00567: Methanogenesis, CO2 to methane)","taxon:kegg-module m00567: methanogenesis, co2 to methane",12652,"GRCh37","2648a90d7032c268b812fc96620d034c842a39c747a3687866fe4988b52a1e3f","e2bb6beb199bfc576ecf2adc98bc83f014b729be832c4a4f7f2d2e09df552237",57,114,0,0,4.51e-07
"microbiome_2026_hunt","GCST90667451","Gut microbial functional pathway relative abundance (KEGG-module M00568: Catechol ortho-cleavage, catechol to 3-oxoadipate)","taxon:kegg-module m00568: catechol ortho-cleavage, catechol to 3-oxoadipate",12652,"GRCh37","2648a90d7032c268b812fc96620d034c842a39c747a3687866fe4988b52a1e3f","e2bb6beb199bfc576ecf2adc98bc83f014b729be832c4a4f7f2d2e09df552237",57,66,0,0,7.63e-07
"microbiome_2026_hunt","GCST90667452","Gut microbial functional pathway relative abundance (KEGG-module M00569: Catechol meta-cleavage, catechol to acetyl-CoA / 4-methylcatechol to propanoyl-CoA)","taxon:kegg-module m00569: catechol meta-cleavage, catechol to acetyl-coa / 4-methylcatechol to propanoyl-coa",12652,"GRCh37","2648a90d7032c268b812fc96620d034c842a39c747a3687866fe4988b52a1e3f","e2bb6beb199bfc576ecf2adc98bc83f014b729be832c4a4f7f2d2e09df552237",57,74,1,0,2.62e-09
"microbiome_2026_hunt","GCST90667453","Gut microbial functional pathway relative abundance (KEGG-module M00570: Isoleucine biosynthesis, threonine to 2-oxobutanoate to isoleucine)","taxon:kegg-module m00570: isoleucine biosynthesis, threonine to 2-oxobutanoate to isoleucine",12652,"GRCh37","2648a90d7032c268b812fc96620d034c842a39c747a3687866fe4988b52a1e3f","e2bb6beb199bfc576ecf2adc98bc83f014b729be832c4a4f7f2d2e09df552237",58,108,0,0,1.02e-06
"microbiome_2026_hunt","GCST90667454","Gut microbial functional pathway relative abundance (KEGG-module M00572: Pimeloyl-ACP biosynthesis, BioC-BioH pathway, malonyl-ACP to pimeloyl-ACP)","taxon:kegg-module m00572: pimeloyl-acp biosynthesis, bioc-bioh pathway, malonyl-acp to pimeloyl-acp",12652,"GRCh37","2648a90d7032c268b812fc96620d034c842a39c747a3687866fe4988b52a1e3f","e2bb6beb199bfc576ecf2adc98bc83f014b729be832c4a4f7f2d2e09df552237",58,51,0,0,3.03e-07
"microbiome_2026_hunt","GCST90667455","Gut microbial functional pathway relative abundance (KEGG-module M00573: Biotin biosynthesis, BioI pathway, long-chain-acyl-ACP to pimeloyl-ACP to biotin)","taxon:kegg-module m00573: biotin biosynthesis, bioi pathway, long-chain-acyl-acp to pimeloyl-acp to biotin",12652,"GRCh37","2648a90d7032c268b812fc96620d034c842a39c747a3687866fe4988b52a1e3f","e2bb6beb199bfc576ecf2adc98bc83f014b729be832c4a4f7f2d2e09df552237",58,61,0,0,1.19e-07
"microbiome_2026_hunt","GCST90667456","Gut microbial functional pathway relative abundance (KEGG-module M00577: Biotin biosynthesis, BioW pathway, pimelate to pimeloyl-CoA to biotin)","taxon:kegg-module m00577: biotin biosynthesis, biow pathway, pimelate to pimeloyl-coa to biotin",12652,"GRCh37","2648a90d7032c268b812fc96620d034c842a39c747a3687866fe4988b52a1e3f","e2bb6beb199bfc576ecf2adc98bc83f014b729be832c4a4f7f2d2e09df552237",58,59,0,0,9.46e-08
"microbiome_2026_hunt","GCST90667457","Gut microbial functional pathway relative abundance (KEGG-module M00579: Phosphate acetyltransferase-acetate kinase pathway, acetyl-CoA to acetate)","taxon:kegg-module m00579: phosphate acetyltransferase-acetate kinase pathway, acetyl-coa to acetate",12652,"GRCh37","2648a90d7032c268b812fc96620d034c842a39c747a3687866fe4988b52a1e3f","e2bb6beb199bfc576ecf2adc98bc83f014b729be832c4a4f7f2d2e09df552237",58,35,0,0,4.63e-07
"microbiome_2026_hunt","GCST90667458","Gut microbial functional pathway relative abundance (KEGG-module M00580: Pentose phosphate pathway, archaea, fructose 6P to ribose 5P)","taxon:kegg-module m00580: pentose phosphate pathway, archaea, fructose 6p to ribose 5p",12652,"GRCh37","2648a90d7032c268b812fc96620d034c842a39c747a3687866fe4988b52a1e3f","e2bb6beb199bfc576ecf2adc98bc83f014b729be832c4a4f7f2d2e09df552237",58,22,0,0,2.14e-06
"microbiome_2026_hunt","GCST90667459","Gut microbial functional pathway relative abundance (KEGG-module M00581: Biotin transport system)","taxon:kegg-module m00581: biotin transport system",12652,"GRCh37","2648a90d7032c268b812fc96620d034c842a39c747a3687866fe4988b52a1e3f","e2bb6beb199bfc576ecf2adc98bc83f014b729be832c4a4f7f2d2e09df552237",58,174,0,0,2.1e-07
"microbiome_2026_hunt","GCST90667460","Gut microbial functional pathway relative abundance (KEGG-module M00582: Energy-coupling factor transport system)","taxon:kegg-module m00582: energy-coupling factor transport system",12652,"GRCh37","2648a90d7032c268b812fc96620d034c842a39c747a3687866fe4988b52a1e3f","e2bb6beb199bfc576ecf2adc98bc83f014b729be832c4a4f7f2d2e09df552237",58,151,0,0,8.89e-08
"microbiome_2026_hunt","GCST90667461","Gut microbial functional pathway relative abundance (KEGG-module M00585: L-Cystine transport system)","taxon:kegg-module m00585: l-cystine transport system",12652,"GRCh37","2648a90d7032c268b812fc96620d034c842a39c747a3687866fe4988b52a1e3f","e2bb6beb199bfc576ecf2adc98bc83f014b729be832c4a4f7f2d2e09df552237",58,39,0,0,6.45e-07
"microbiome_2026_hunt","GCST90667462","Gut microbial functional pathway relative abundance (KEGG-module M00586: Putative amino-acid transport system)","taxon:kegg-module m00586: putative amino-acid transport system",12652,"GRCh37","2648a90d7032c268b812fc96620d034c842a39c747a3687866fe4988b52a1e3f","e2bb6beb199bfc576ecf2adc98bc83f014b729be832c4a4f7f2d2e09df552237",58,52,0,0,8.33e-07
"microbiome_2026_hunt","GCST90667463","Gut microbial functional pathway relative abundance (KEGG-module M00589: Putative lysine transport system)","taxon:kegg-module m00589: putative lysine transport system",12652,"GRCh37","2648a90d7032c268b812fc96620d034c842a39c747a3687866fe4988b52a1e3f","e2bb6beb199bfc576ecf2adc98bc83f014b729be832c4a4f7f2d2e09df552237",58,64,0,0,1.89e-07
"microbiome_2026_hunt","GCST90667464","Gut microbial functional pathway relative abundance (KEGG-module M00590: Erythritol transport system)","taxon:kegg-module m00590: erythritol transport system",12652,"GRCh37","2648a90d7032c268b812fc96620d034c842a39c747a3687866fe4988b52a1e3f","e2bb6beb199bfc576ecf2adc98bc83f014b729be832c4a4f7f2d2e09df552237",58,86,0,0,8.56e-08
"microbiome_2026_hunt","GCST90667465","Gut microbial functional pathway relative abundance (KEGG-module M00593: Inositol transport system)","taxon:kegg-module m00593: inositol transport system",12652,"GRCh37","2648a90d7032c268b812fc96620d034c842a39c747a3687866fe4988b52a1e3f","e2bb6beb199bfc576ecf2adc98bc83f014b729be832c4a4f7f2d2e09df552237",58,46,0,0,3.24e-07
"microbiome_2026_hunt","GCST90667466","Gut microbial functional pathway relative abundance (KEGG-module M00599: Inositol-phosphate transport system)","taxon:kegg-module m00599: inositol-phosphate transport system",12652,"GRCh37","2648a90d7032c268b812fc96620d034c842a39c747a3687866fe4988b52a1e3f","e2bb6beb199bfc576ecf2adc98bc83f014b729be832c4a4f7f2d2e09df552237",58,159,0,0,8.55e-07
"microbiome_2026_hunt","GCST90667467","Gut microbial functional pathway relative abundance (KEGG-module M00600: alpha-1,4-Digalacturonate transport system)","taxon:kegg-module m00600: alpha-1,4-digalacturonate transport system",12652,"GRCh37","2648a90d7032c268b812fc96620d034c842a39c747a3687866fe4988b52a1e3f","e2bb6beb199bfc576ecf2adc98bc83f014b729be832c4a4f7f2d2e09df552237",58,59,0,0,7.96e-07
"microbiome_2026_hunt","GCST90667468","Gut microbial functional pathway relative abundance (KEGG-module M00601: Putative chitobiose transport system)","taxon:kegg-module m00601: putative chitobiose transport system",12652,"GRCh37","2648a90d7032c268b812fc96620d034c842a39c747a3687866fe4988b52a1e3f","e2bb6beb199bfc576ecf2adc98bc83f014b729be832c4a4f7f2d2e09df552237",58,21,0,0,1.7e-06
"microbiome_2026_hunt","GCST90667469","Gut microbial functional pathway relative abundance (KEGG-module M00602: Arabinosaccharide transport system)","taxon:kegg-module m00602: arabinosaccharide transport system",12652,"GRCh37","2648a90d7032c268b812fc96620d034c842a39c747a3687866fe4988b52a1e3f","e2bb6beb199bfc576ecf2adc98bc83f014b729be832c4a4f7f2d2e09df552237",59,59,0,0,3.05e-07
"microbiome_2026_hunt","GCST90667470","Gut microbial functional pathway relative abundance (KEGG-module M00603: Putative aldouronate transport system)","taxon:kegg-module m00603: putative aldouronate transport system",12652,"GRCh37","2648a90d7032c268b812fc96620d034c842a39c747a3687866fe4988b52a1e3f","e2bb6beb199bfc576ecf2adc98bc83f014b729be832c4a4f7f2d2e09df552237",59,80,0,0,8.59e-07
"microbiome_2026_hunt","GCST90667471","Gut microbial functional pathway relative abundance (KEGG-module M00604: Trehalose transport system)","taxon:kegg-module m00604: trehalose transport system",12652,"GRCh37","2648a90d7032c268b812fc96620d034c842a39c747a3687866fe4988b52a1e3f","e2bb6beb199bfc576ecf2adc98bc83f014b729be832c4a4f7f2d2e09df552237",59,82,1,0,4.52e-08
"microbiome_2026_hunt","GCST90667472","Gut microbial functional pathway relative abundance (KEGG-module M00605: Glucose/mannose transport system)","taxon:kegg-module m00605: glucose/mannose transport system",12652,"GRCh37","2648a90d7032c268b812fc96620d034c842a39c747a3687866fe4988b52a1e3f","e2bb6beb199bfc576ecf2adc98bc83f014b729be832c4a4f7f2d2e09df552237",59,74,0,0,7.19e-07
"microbiome_2026_hunt","GCST90667473","Gut microbial functional pathway relative abundance (KEGG-module M00606: N,N'-Diacetylchitobiose transport system)","taxon:kegg-module m00606: n,n'-diacetylchitobiose transport system",12652,"GRCh37","2648a90d7032c268b812fc96620d034c842a39c747a3687866fe4988b52a1e3f","e2bb6beb199bfc576ecf2adc98bc83f014b729be832c4a4f7f2d2e09df552237",59,76,0,0,6.88e-08
"microbiome_2026_hunt","GCST90667474","Gut microbial functional pathway relative abundance (KEGG-module M00608: 2-Oxocarboxylic acid chain extension, 2-oxoglutarate to 2-oxoadipate to 2-oxopimelate to 2-oxosuberate)","taxon:kegg-module m00608: 2-oxocarboxylic acid chain extension, 2-oxoglutarate to 2-oxoadipate to 2-oxopimelate to 2-oxosuberate",12652,"GRCh37","2648a90d7032c268b812fc96620d034c842a39c747a3687866fe4988b52a1e3f","e2bb6beb199bfc576ecf2adc98bc83f014b729be832c4a4f7f2d2e09df552237",59,114,0,0,1.66e-06
"microbiome_2026_hunt","GCST90667475","Gut microbial functional pathway relative abundance (KEGG-module M00609: Cysteine biosynthesis, methionine to cysteine)","taxon:kegg-module m00609: cysteine biosynthesis, methionine to cysteine",12652,"GRCh37","2648a90d7032c268b812fc96620d034c842a39c747a3687866fe4988b52a1e3f","e2bb6beb199bfc576ecf2adc98bc83f014b729be832c4a4f7f2d2e09df552237",59,41,0,0,2.15e-07
"microbiome_2026_hunt","GCST90667476","Gut microbial functional pathway relative abundance (KEGG-module M00610: PTS system, D-glucosaminate-specific II component)","taxon:kegg-module m00610: pts system, d-glucosaminate-specific ii component",12652,"GRCh37","2648a90d7032c268b812fc96620d034c842a39c747a3687866fe4988b52a1e3f","e2bb6beb199bfc576ecf2adc98bc83f014b729be832c4a4f7f2d2e09df552237",59,40,0,0,2.71e-07
"microbiome_2026_hunt","GCST90667477","Gut microbial functional pathway relative abundance (KEGG-module M00611: Oxygenic photosynthesis in plants and cyanobacteria)","taxon:kegg-module m00611: oxygenic photosynthesis in plants and cyanobacteria",12652,"GRCh37","2648a90d7032c268b812fc96620d034c842a39c747a3687866fe4988b52a1e3f","e2bb6beb199bfc576ecf2adc98bc83f014b729be832c4a4f7f2d2e09df552237",59,80,0,0,1.92e-06
"microbiome_2026_hunt","GCST90667478","Gut microbial functional pathway relative abundance (KEGG-module M00612: Anoxygenic photosynthesis in purple bacteria)","taxon:kegg-module m00612: anoxygenic photosynthesis in purple bacteria",12652,"GRCh37","2648a90d7032c268b812fc96620d034c842a39c747a3687866fe4988b52a1e3f","e2bb6beb199bfc576ecf2adc98bc83f014b729be832c4a4f7f2d2e09df552237",59,85,0,0,3.85e-07
"microbiome_2026_hunt","GCST90667479","Gut microbial functional pathway relative abundance (KEGG-module M00614: Anoxygenic photosynthesis in green sulfur bacteria)","taxon:kegg-module m00614: anoxygenic photosynthesis in green sulfur bacteria",12652,"GRCh37","2648a90d7032c268b812fc96620d034c842a39c747a3687866fe4988b52a1e3f","e2bb6beb199bfc576ecf2adc98bc83f014b729be832c4a4f7f2d2e09df552237",59,220,4,0,2.25e-09
"microbiome_2026_hunt","GCST90667480","Gut microbial functional pathway relative abundance (KEGG-module M00616: Sulfate-sulfur assimilation)","taxon:kegg-module m00616: sulfate-sulfur assimilation",12652,"GRCh37","2648a90d7032c268b812fc96620d034c842a39c747a3687866fe4988b52a1e3f","e2bb6beb199bfc576ecf2adc98bc83f014b729be832c4a4f7f2d2e09df552237",59,37,0,0,1.74e-06
"microbiome_2026_hunt","GCST90667481","Gut microbial functional pathway relative abundance (KEGG-module M00617: Methanogen)","taxon:kegg-module m00617: methanogen",12652,"GRCh37","2648a90d7032c268b812fc96620d034c842a39c747a3687866fe4988b52a1e3f","e2bb6beb199bfc576ecf2adc98bc83f014b729be832c4a4f7f2d2e09df552237",59,95,0,0,3.26e-07
"microbiome_2026_hunt","GCST90667482","Gut microbial functional pathway relative abundance (KEGG-module M00618: Acetogen)","taxon:kegg-module m00618: acetogen",12652,"GRCh37","2648a90d7032c268b812fc96620d034c842a39c747a3687866fe4988b52a1e3f","e2bb6beb199bfc576ecf2adc98bc83f014b729be832c4a4f7f2d2e09df552237",59,44,0,0,1.37e-06
"microbiome_2026_hunt","GCST90667483","Gut microbial functional pathway relative abundance (KEGG-module M00620: Incomplete reductive citrate cycle, acetyl-CoA to oxoglutarate)","taxon:kegg-module m00620: incomplete reductive citrate cycle, acetyl-coa to oxoglutarate",12652,"GRCh37","2648a90d7032c268b812fc96620d034c842a39c747a3687866fe4988b52a1e3f","e2bb6beb199bfc576ecf2adc98bc83f014b729be832c4a4f7f2d2e09df552237",59,70,0,0,1.26e-07
"microbiome_2026_hunt","GCST90667484","Gut microbial functional pathway relative abundance (KEGG-module M00627: beta-Lactam resistance, Bla system)","taxon:kegg-module m00627: beta-lactam resistance, bla system",12652,"GRCh37","2648a90d7032c268b812fc96620d034c842a39c747a3687866fe4988b52a1e3f","e2bb6beb199bfc576ecf2adc98bc83f014b729be832c4a4f7f2d2e09df552237",59,74,0,0,1.94e-07
"microbiome_2026_hunt","GCST90667485","Gut microbial functional pathway relative abundance (KEGG-module M00628: beta-Lactam resistance, AmpC system)","taxon:kegg-module m00628: beta-lactam resistance, ampc system",12652,"GRCh37","2648a90d7032c268b812fc96620d034c842a39c747a3687866fe4988b52a1e3f","e2bb6beb199bfc576ecf2adc98bc83f014b729be832c4a4f7f2d2e09df552237",60,76,0,0,7.68e-07
"microbiome_2026_hunt","GCST90667486","Gut microbial functional pathway relative abundance (KEGG-module M00631: D-Galacturonate degradation (bacteria), D-galacturonate to pyruvate + D-glyceraldehyde 3P)","taxon:kegg-module m00631: d-galacturonate degradation (bacteria), d-galacturonate to pyruvate + d-glyceraldehyde 3p",12652,"GRCh37","2648a90d7032c268b812fc96620d034c842a39c747a3687866fe4988b52a1e3f","e2bb6beb199bfc576ecf2adc98bc83f014b729be832c4a4f7f2d2e09df552237",60,79,0,0,5.21e-07
"microbiome_2026_hunt","GCST90667487","Gut microbial functional pathway relative abundance (KEGG-module M00632: Galactose degradation, Leloir pathway, galactose to alpha-D-glucose-1P)","taxon:kegg-module m00632: galactose degradation, leloir pathway, galactose to alpha-d-glucose-1p",12652,"GRCh37","2648a90d7032c268b812fc96620d034c842a39c747a3687866fe4988b52a1e3f","e2bb6beb199bfc576ecf2adc98bc83f014b729be832c4a4f7f2d2e09df552237",60,79,1,0,4.94e-08
"microbiome_2026_hunt","GCST90667488","Gut microbial functional pathway relative abundance (KEGG-module M00634: Oleandomycin transport system)","taxon:kegg-module m00634: oleandomycin transport system",12652,"GRCh37","2648a90d7032c268b812fc96620d034c842a39c747a3687866fe4988b52a1e3f","e2bb6beb199bfc576ecf2adc98bc83f014b729be832c4a4f7f2d2e09df552237",60,79,1,0,3.11e-08
"microbiome_2026_hunt","GCST90667489","Gut microbial functional pathway relative abundance (KEGG-module M00635: Tetracycline resistance, TetAB(46) transporter)","taxon:kegg-module m00635: tetracycline resistance, tetab(46) transporter",12652,"GRCh37","2648a90d7032c268b812fc96620d034c842a39c747a3687866fe4988b52a1e3f","e2bb6beb199bfc576ecf2adc98bc83f014b729be832c4a4f7f2d2e09df552237",60,58,0,0,9.14e-07
"microbiome_2026_hunt","GCST90667490","Gut microbial functional pathway relative abundance (KEGG-module M00637: Anthranilate degradation, anthranilate to catechol)","taxon:kegg-module m00637: anthranilate degradation, anthranilate to catechol",12652,"GRCh37","2648a90d7032c268b812fc96620d034c842a39c747a3687866fe4988b52a1e3f","e2bb6beb199bfc576ecf2adc98bc83f014b729be832c4a4f7f2d2e09df552237",60,173,31,0,1.29e-08
"microbiome_2026_hunt","GCST90667491","Gut microbial functional pathway relative abundance (KEGG-module M00643: Multidrug resistance, efflux pump MexXY-OprM)","taxon:kegg-module m00643: multidrug resistance, efflux pump mexxy-oprm",12652,"GRCh37","2648a90d7032c268b812fc96620d034c842a39c747a3687866fe4988b52a1e3f","e2bb6beb199bfc576ecf2adc98bc83f014b729be832c4a4f7f2d2e09df552237",60,122,0,0,1.37e-06
"microbiome_2026_hunt","GCST90667492","Gut microbial functional pathway relative abundance (KEGG-module M00645: Multidrug resistance, efflux pump SmeABC)","taxon:kegg-module m00645: multidrug resistance, efflux pump smeabc",12652,"GRCh37","2648a90d7032c268b812fc96620d034c842a39c747a3687866fe4988b52a1e3f","e2bb6beb199bfc576ecf2adc98bc83f014b729be832c4a4f7f2d2e09df552237",60,38,0,0,2.08e-06
"microbiome_2026_hunt","GCST90667493","Gut microbial functional pathway relative abundance (KEGG-module M00646: Multidrug resistance, efflux pump AcrAD-TolC)","taxon:kegg-module m00646: multidrug resistance, efflux pump acrad-tolc",12652,"GRCh37","2648a90d7032c268b812fc96620d034c842a39c747a3687866fe4988b52a1e3f","e2bb6beb199bfc576ecf2adc98bc83f014b729be832c4a4f7f2d2e09df552237",60,70,0,0,3.86e-07
"microbiome_2026_hunt","GCST90667494","Gut microbial functional pathway relative abundance (KEGG-module M00647: Multidrug resistance, efflux pump AcrAB-TolC/SmeDEF)","taxon:kegg-module m00647: multidrug resistance, efflux pump acrab-tolc/smedef",12652,"GRCh37","2648a90d7032c268b812fc96620d034c842a39c747a3687866fe4988b52a1e3f","e2bb6beb199bfc576ecf2adc98bc83f014b729be832c4a4f7f2d2e09df552237",60,46,0,0,3.83e-07
"microbiome_2026_hunt","GCST90667495","Gut microbial functional pathway relative abundance (KEGG-module M00648: Multidrug resistance, efflux pump MdtABC)","taxon:kegg-module m00648: multidrug resistance, efflux pump mdtabc",12652,"GRCh37","2648a90d7032c268b812fc96620d034c842a39c747a3687866fe4988b52a1e3f","e2bb6beb199bfc576ecf2adc98bc83f014b729be832c4a4f7f2d2e09df552237",60,57,0,0,9.39e-07
"microbiome_2026_hunt","GCST90667496","Gut microbial functional pathway relative abundance (KEGG-module M00651: Vancomycin resistance, D-Ala-D-Lac type)","taxon:kegg-module m00651: vancomycin resistance, d-ala-d-lac type",12652,"GRCh37","2648a90d7032c268b812fc96620d034c842a39c747a3687866fe4988b52a1e3f","e2bb6beb199bfc576ecf2adc98bc83f014b729be832c4a4f7f2d2e09df552237",60,88,0,0,1.12e-07
"microbiome_2026_hunt","GCST90667497","Gut microbial functional pathway relative abundance (KEGG-module M00652: Vancomycin resistance, D-Ala-D-Ser type)","taxon:kegg-module m00652: vancomycin resistance, d-ala-d-ser type",12652,"GRCh37","2648a90d7032c268b812fc96620d034c842a39c747a3687866fe4988b52a1e3f","e2bb6beb199bfc576ecf2adc98bc83f014b729be832c4a4f7f2d2e09df552237",60,110,0,0,5.19e-07
"microbiome_2026_hunt","GCST90667498","Gut microbial functional pathway relative abundance (KEGG-module M00653: AauS-AauR (acidic amino acids utilization) two-component regulatory system)","taxon:kegg-module m00653: aaus-aaur (acidic amino acids utilization) two-component regulatory system",12652,"GRCh37","2648a90d7032c268b812fc96620d034c842a39c747a3687866fe4988b52a1e3f","e2bb6beb199bfc576ecf2adc98bc83f014b729be832c4a4f7f2d2e09df552237",60,27,0,0,7.99e-08
"microbiome_2026_hunt","GCST90667499","Gut microbial functional pathway relative abundance (KEGG-module M00656: VanS-VanR (VanB type vancomycin resistance) two-component regulatory system)","taxon:kegg-module m00656: vans-vanr (vanb type vancomycin resistance) two-component regulatory system",12652,"GRCh37","2648a90d7032c268b812fc96620d034c842a39c747a3687866fe4988b52a1e3f","e2bb6beb199bfc576ecf2adc98bc83f014b729be832c4a4f7f2d2e09df552237",60,132,5,0,3.63e-08
"microbiome_2026_hunt","GCST90667500","Gut microbial functional pathway relative abundance (KEGG-module M00657: VanS-VanR (VanE type vancomycin resistance) two-component regulatory system)","taxon:kegg-module m00657: vans-vanr (vane type vancomycin resistance) two-component regulatory system",12652,"GRCh37","2648a90d7032c268b812fc96620d034c842a39c747a3687866fe4988b52a1e3f","e2bb6beb199bfc576ecf2adc98bc83f014b729be832c4a4f7f2d2e09df552237",60,56,0,0,1.12e-07
"microbiome_2026_hunt","GCST90667501","Gut microbial functional pathway relative abundance (KEGG-module M00668: Tetracycline resistance, TetA transporter)","taxon:kegg-module m00668: tetracycline resistance, teta transporter",12652,"GRCh37","2648a90d7032c268b812fc96620d034c842a39c747a3687866fe4988b52a1e3f","e2bb6beb199bfc576ecf2adc98bc83f014b729be832c4a4f7f2d2e09df552237",61,63,0,0,1.8e-06
"microbiome_2026_hunt","GCST90667502","Gut microbial functional pathway relative abundance (KEGG-module M00669: gamma-Hexachlorocyclohexane transport system)","taxon:kegg-module m00669: gamma-hexachlorocyclohexane transport system",12652,"GRCh37","2648a90d7032c268b812fc96620d034c842a39c747a3687866fe4988b52a1e3f","e2bb6beb199bfc576ecf2adc98bc83f014b729be832c4a4f7f2d2e09df552237",61,64,0,0,8.88e-07
"microbiome_2026_hunt","GCST90667503","Gut microbial functional pathway relative abundance (KEGG-module M00670: Mce transport system)","taxon:kegg-module m00670: mce transport system",12652,"GRCh37","2648a90d7032c268b812fc96620d034c842a39c747a3687866fe4988b52a1e3f","e2bb6beb199bfc576ecf2adc98bc83f014b729be832c4a4f7f2d2e09df552237",61,60,0,0,8.64e-07
"microbiome_2026_hunt","GCST90667504","Gut microbial functional pathway relative abundance (KEGG-module M00691: DNA damage-induced cell cycle checkpoints)","taxon:kegg-module m00691: dna damage-induced cell cycle checkpoints",12652,"GRCh37","2648a90d7032c268b812fc96620d034c842a39c747a3687866fe4988b52a1e3f","e2bb6beb199bfc576ecf2adc98bc83f014b729be832c4a4f7f2d2e09df552237",61,63,0,0,7.02e-07
"microbiome_2026_hunt","GCST90667505","Gut microbial functional pathway relative abundance (KEGG-module M00692: Cell cycle - G1/S transition)","taxon:kegg-module m00692: cell cycle - g1/s transition",12652,"GRCh37","2648a90d7032c268b812fc96620d034c842a39c747a3687866fe4988b52a1e3f","e2bb6beb199bfc576ecf2adc98bc83f014b729be832c4a4f7f2d2e09df552237",61,54,0,0,7.18e-07
"microbiome_2026_hunt","GCST90667506","Gut microbial functional pathway relative abundance (KEGG-module M00693: Cell cycle - G2/M transition)","taxon:kegg-module m00693: cell cycle - g2/m transition",12652,"GRCh37","2648a90d7032c268b812fc96620d034c842a39c747a3687866fe4988b52a1e3f","e2bb6beb199bfc576ecf2adc98bc83f014b729be832c4a4f7f2d2e09df552237",61,33,0,0,1.41e-07
"microbiome_2026_hunt","GCST90667507","Gut microbial functional pathway relative abundance (KEGG-module M00696: Multidrug resistance, efflux pump AcrEF-TolC)","taxon:kegg-module m00696: multidrug resistance, efflux pump acref-tolc",12652,"GRCh37","2648a90d7032c268b812fc96620d034c842a39c747a3687866fe4988b52a1e3f","e2bb6beb199bfc576ecf2adc98bc83f014b729be832c4a4f7f2d2e09df552237",61,67,0,0,1.84e-07
"microbiome_2026_hunt","GCST90667508","Gut microbial functional pathway relative abundance (KEGG-module M00697: Multidrug resistance, efflux pump MdtEF-TolC)","taxon:kegg-module m00697: multidrug resistance, efflux pump mdtef-tolc",12652,"GRCh37","2648a90d7032c268b812fc96620d034c842a39c747a3687866fe4988b52a1e3f","e2bb6beb199bfc576ecf2adc98bc83f014b729be832c4a4f7f2d2e09df552237",61,58,0,0,6.19e-08
"microbiome_2026_hunt","GCST90667509","Gut microbial functional pathway relative abundance (KEGG-module M00700: Multidrug resistance, efflux pump AbcA)","taxon:kegg-module m00700: multidrug resistance, efflux pump abca",12652,"GRCh37","2648a90d7032c268b812fc96620d034c842a39c747a3687866fe4988b52a1e3f","e2bb6beb199bfc576ecf2adc98bc83f014b729be832c4a4f7f2d2e09df552237",61,51,1,0,3.35e-09
"microbiome_2026_hunt","GCST90667510","Gut microbial functional pathway relative abundance (KEGG-module M00701: Multidrug resistance, efflux pump EmrAB)","taxon:kegg-module m00701: multidrug resistance, efflux pump emrab",12652,"GRCh37","2648a90d7032c268b812fc96620d034c842a39c747a3687866fe4988b52a1e3f","e2bb6beb199bfc576ecf2adc98bc83f014b729be832c4a4f7f2d2e09df552237",61,73,1,0,3.65e-08
"microbiome_2026_hunt","GCST90667511","Gut microbial functional pathway relative abundance (KEGG-module M00706: Multidrug resistance, EfrAB transporter)","taxon:kegg-module m00706: multidrug resistance, efrab transporter",12652,"GRCh37","2648a90d7032c268b812fc96620d034c842a39c747a3687866fe4988b52a1e3f","e2bb6beb199bfc576ecf2adc98bc83f014b729be832c4a4f7f2d2e09df552237",61,71,0,0,9.14e-07
"microbiome_2026_hunt","GCST90667512","Gut microbial functional pathway relative abundance (KEGG-module M00707: Multidrug resistance, SmdAB/MdlAB transporter)","taxon:kegg-module m00707: multidrug resistance, smdab/mdlab transporter",12652,"GRCh37","2648a90d7032c268b812fc96620d034c842a39c747a3687866fe4988b52a1e3f","e2bb6beb199bfc576ecf2adc98bc83f014b729be832c4a4f7f2d2e09df552237",61,54,0,0,3.93e-07
"microbiome_2026_hunt","GCST90667513","Gut microbial functional pathway relative abundance (KEGG-module M00708: Multidrug resistance, PatAB transporter)","taxon:kegg-module m00708: multidrug resistance, patab transporter",12652,"GRCh37","2648a90d7032c268b812fc96620d034c842a39c747a3687866fe4988b52a1e3f","e2bb6beb199bfc576ecf2adc98bc83f014b729be832c4a4f7f2d2e09df552237",61,31,0,0,8.06e-07
"microbiome_2026_hunt","GCST90667514","Gut microbial functional pathway relative abundance (KEGG-module M00709: Macrolide resistance, MacAB-TolC transporter)","taxon:kegg-module m00709: macrolide resistance, macab-tolc transporter",12652,"GRCh37","2648a90d7032c268b812fc96620d034c842a39c747a3687866fe4988b52a1e3f","e2bb6beb199bfc576ecf2adc98bc83f014b729be832c4a4f7f2d2e09df552237",61,59,0,0,3.09e-07
"microbiome_2026_hunt","GCST90667515","Gut microbial functional pathway relative abundance (KEGG-module M00710: Multidrug resistance, efflux pump EbrAB)","taxon:kegg-module m00710: multidrug resistance, efflux pump ebrab",12652,"GRCh37","2648a90d7032c268b812fc96620d034c842a39c747a3687866fe4988b52a1e3f","e2bb6beb199bfc576ecf2adc98bc83f014b729be832c4a4f7f2d2e09df552237",61,41,2,0,1.26e-08
"microbiome_2026_hunt","GCST90667516","Gut microbial functional pathway relative abundance (KEGG-module M00711: Multidrug resistance, efflux pump MdtIJ)","taxon:kegg-module m00711: multidrug resistance, efflux pump mdtij",12652,"GRCh37","2648a90d7032c268b812fc96620d034c842a39c747a3687866fe4988b52a1e3f","e2bb6beb199bfc576ecf2adc98bc83f014b729be832c4a4f7f2d2e09df552237",61,89,0,0,4.52e-07
"microbiome_2026_hunt","GCST90667517","Gut microbial functional pathway relative abundance (KEGG-module M00712: Multidrug resistance, efflux pump YkkCD)","taxon:kegg-module m00712: multidrug resistance, efflux pump ykkcd",12652,"GRCh37","2648a90d7032c268b812fc96620d034c842a39c747a3687866fe4988b52a1e3f","e2bb6beb199bfc576ecf2adc98bc83f014b729be832c4a4f7f2d2e09df552237",62,57,0,0,1.31e-06
"microbiome_2026_hunt","GCST90667518","Gut microbial functional pathway relative abundance (KEGG-module M00715: Lincosamide resistance, efflux pump LmrB)","taxon:kegg-module m00715: lincosamide resistance, efflux pump lmrb",12652,"GRCh37","2648a90d7032c268b812fc96620d034c842a39c747a3687866fe4988b52a1e3f","e2bb6beb199bfc576ecf2adc98bc83f014b729be832c4a4f7f2d2e09df552237",62,88,0,0,6.56e-07
"microbiome_2026_hunt","GCST90667519","Gut microbial functional pathway relative abundance (KEGG-module M00717: Multidrug resistance, efflux pump NorA)","taxon:kegg-module m00717: multidrug resistance, efflux pump nora",12652,"GRCh37","2648a90d7032c268b812fc96620d034c842a39c747a3687866fe4988b52a1e3f","e2bb6beb199bfc576ecf2adc98bc83f014b729be832c4a4f7f2d2e09df552237",62,171,0,0,3.25e-07
"microbiome_2026_hunt","GCST90667520","Gut microbial functional pathway relative abundance (KEGG-module M00718: Multidrug resistance, efflux pump MexAB-OprM)","taxon:kegg-module m00718: multidrug resistance, efflux pump mexab-oprm",12652,"GRCh37","2648a90d7032c268b812fc96620d034c842a39c747a3687866fe4988b52a1e3f","e2bb6beb199bfc576ecf2adc98bc83f014b729be832c4a4f7f2d2e09df552237",62,52,0,0,9.01e-08
"microbiome_2026_hunt","GCST90667521","Gut microbial functional pathway relative abundance (KEGG-module M00719: Ihk-Irr (virulence regulation) two-component regulatory system)","taxon:kegg-module m00719: ihk-irr (virulence regulation) two-component regulatory system",12652,"GRCh37","2648a90d7032c268b812fc96620d034c842a39c747a3687866fe4988b52a1e3f","e2bb6beb199bfc576ecf2adc98bc83f014b729be832c4a4f7f2d2e09df552237",62,149,36,0,1.21e-10
"microbiome_2026_hunt","GCST90667522","Gut microbial functional pathway relative abundance (KEGG-module M00721: Cationic antimicrobial peptide (CAMP) resistance, arnBCADTEF operon)","taxon:kegg-module m00721: cationic antimicrobial peptide (camp) resistance, arnbcadtef operon",12652,"GRCh37","2648a90d7032c268b812fc96620d034c842a39c747a3687866fe4988b52a1e3f","e2bb6beb199bfc576ecf2adc98bc83f014b729be832c4a4f7f2d2e09df552237",62,84,0,0,1.18e-07
"microbiome_2026_hunt","GCST90667523","Gut microbial functional pathway relative abundance (KEGG-module M00722: Cationic antimicrobial peptide (CAMP) resistance, phosphoethanolamine transferase PmrC)","taxon:kegg-module m00722: cationic antimicrobial peptide (camp) resistance, phosphoethanolamine transferase pmrc",12652,"GRCh37","2648a90d7032c268b812fc96620d034c842a39c747a3687866fe4988b52a1e3f","e2bb6beb199bfc576ecf2adc98bc83f014b729be832c4a4f7f2d2e09df552237",62,58,0,0,5.53e-07
"microbiome_2026_hunt","GCST90667524","Gut microbial functional pathway relative abundance (KEGG-module M00723: Cationic antimicrobial peptide (CAMP) resistance, phosphoethanolamine transferase EptB)","taxon:kegg-module m00723: cationic antimicrobial peptide (camp) resistance, phosphoethanolamine transferase eptb",12652,"GRCh37","2648a90d7032c268b812fc96620d034c842a39c747a3687866fe4988b52a1e3f","e2bb6beb199bfc576ecf2adc98bc83f014b729be832c4a4f7f2d2e09df552237",62,55,0,0,2.35e-07
"microbiome_2026_hunt","GCST90667525","Gut microbial functional pathway relative abundance (KEGG-module M00724: Cationic antimicrobial peptide (CAMP) resistance, palmitoyl transferase PagP)","taxon:kegg-module m00724: cationic antimicrobial peptide (camp) resistance, palmitoyl transferase pagp",12652,"GRCh37","2648a90d7032c268b812fc96620d034c842a39c747a3687866fe4988b52a1e3f","e2bb6beb199bfc576ecf2adc98bc83f014b729be832c4a4f7f2d2e09df552237",62,48,0,0,8.26e-08
"microbiome_2026_hunt","GCST90667526","Gut microbial functional pathway relative abundance (KEGG-module M00725: Cationic antimicrobial peptide (CAMP) resistance, dltABCD operon)","taxon:kegg-module m00725: cationic antimicrobial peptide (camp) resistance, dltabcd operon",12652,"GRCh37","2648a90d7032c268b812fc96620d034c842a39c747a3687866fe4988b52a1e3f","e2bb6beb199bfc576ecf2adc98bc83f014b729be832c4a4f7f2d2e09df552237",62,135,1,0,1.56e-08
"microbiome_2026_hunt","GCST90667527","Gut microbial functional pathway relative abundance (KEGG-module M00727: Cationic antimicrobial peptide (CAMP) resistance, N-acetylmuramoyl-L-alanine amidase AmiA and AmiC)","taxon:kegg-module m00727: cationic antimicrobial peptide (camp) resistance, n-acetylmuramoyl-l-alanine amidase amia and amic",12652,"GRCh37","2648a90d7032c268b812fc96620d034c842a39c747a3687866fe4988b52a1e3f","e2bb6beb199bfc576ecf2adc98bc83f014b729be832c4a4f7f2d2e09df552237",62,60,0,0,1.26e-07
"microbiome_2026_hunt","GCST90667528","Gut microbial functional pathway relative abundance (KEGG-module M00728: Cationic antimicrobial peptide (CAMP) resistance, envelope protein folding and degrading factors DegP and DsbA)","taxon:kegg-module m00728: cationic antimicrobial peptide (camp) resistance, envelope protein folding and degrading factors degp and dsba",12652,"GRCh37","2648a90d7032c268b812fc96620d034c842a39c747a3687866fe4988b52a1e3f","e2bb6beb199bfc576ecf2adc98bc83f014b729be832c4a4f7f2d2e09df552237",62,57,0,0,5.94e-08
"microbiome_2026_hunt","GCST90667529","Gut microbial functional pathway relative abundance (KEGG-module M00729: Fluoroquinolone resistance, gyrase-protecting protein Qnr)","taxon:kegg-module m00729: fluoroquinolone resistance, gyrase-protecting protein qnr",12652,"GRCh37","2648a90d7032c268b812fc96620d034c842a39c747a3687866fe4988b52a1e3f","e2bb6beb199bfc576ecf2adc98bc83f014b729be832c4a4f7f2d2e09df552237",62,39,0,0,2.31e-07
"microbiome_2026_hunt","GCST90667530","Gut microbial functional pathway relative abundance (KEGG-module M00731: Bacitracin transport system)","taxon:kegg-module m00731: bacitracin transport system",12652,"GRCh37","2648a90d7032c268b812fc96620d034c842a39c747a3687866fe4988b52a1e3f","e2bb6beb199bfc576ecf2adc98bc83f014b729be832c4a4f7f2d2e09df552237",62,43,0,0,1.1e-06
"microbiome_2026_hunt","GCST90667531","Gut microbial functional pathway relative abundance (KEGG-module M00734: BraS-BraR (bacitracin transport) two-component regulatory system)","taxon:kegg-module m00734: bras-brar (bacitracin transport) two-component regulatory system",12652,"GRCh37","2648a90d7032c268b812fc96620d034c842a39c747a3687866fe4988b52a1e3f","e2bb6beb199bfc576ecf2adc98bc83f014b729be832c4a4f7f2d2e09df552237",62,23,0,0,6.43e-07
"microbiome_2026_hunt","GCST90667532","Gut microbial functional pathway relative abundance (KEGG-module M00739: Cationic peptide transport system)","taxon:kegg-module m00739: cationic peptide transport system",12652,"GRCh37","2648a90d7032c268b812fc96620d034c842a39c747a3687866fe4988b52a1e3f","e2bb6beb199bfc576ecf2adc98bc83f014b729be832c4a4f7f2d2e09df552237",62,39,0,0,1.98e-07
"microbiome_2026_hunt","GCST90667533","Gut microbial functional pathway relative abundance (KEGG-module M00741: Propanoyl-CoA metabolism, propanoyl-CoA to succinyl-CoA)","taxon:kegg-module m00741: propanoyl-coa metabolism, propanoyl-coa to succinyl-coa",12652,"GRCh37","2648a90d7032c268b812fc96620d034c842a39c747a3687866fe4988b52a1e3f","e2bb6beb199bfc576ecf2adc98bc83f014b729be832c4a4f7f2d2e09df552237",63,157,2,0,4.32e-08
"microbiome_2026_hunt","GCST90667534","Gut microbial functional pathway relative abundance (KEGG-module M00742: Aminoglycoside resistance, protease FtsH)","taxon:kegg-module m00742: aminoglycoside resistance, protease ftsh",12652,"GRCh37","2648a90d7032c268b812fc96620d034c842a39c747a3687866fe4988b52a1e3f","e2bb6beb199bfc576ecf2adc98bc83f014b729be832c4a4f7f2d2e09df552237",63,170,0,0,9.25e-08
"microbiome_2026_hunt","GCST90667535","Gut microbial functional pathway relative abundance (KEGG-module M00743: Aminoglycoside resistance, protease HtpX)","taxon:kegg-module m00743: aminoglycoside resistance, protease htpx",12652,"GRCh37","2648a90d7032c268b812fc96620d034c842a39c747a3687866fe4988b52a1e3f","e2bb6beb199bfc576ecf2adc98bc83f014b729be832c4a4f7f2d2e09df552237",63,68,0,0,6.15e-07
"microbiome_2026_hunt","GCST90667536","Gut microbial functional pathway relative abundance (KEGG-module M00745: Imipenem resistance, repression of porin OprD)","taxon:kegg-module m00745: imipenem resistance, repression of porin oprd",12652,"GRCh37","2648a90d7032c268b812fc96620d034c842a39c747a3687866fe4988b52a1e3f","e2bb6beb199bfc576ecf2adc98bc83f014b729be832c4a4f7f2d2e09df552237",63,47,0,0,1.36e-07
"microbiome_2026_hunt","GCST90667537","Gut microbial functional pathway relative abundance (KEGG-module M00747: Bacitracin transport system)","taxon:kegg-module m00747: bacitracin transport system",12652,"GRCh37","2648a90d7032c268b812fc96620d034c842a39c747a3687866fe4988b52a1e3f","e2bb6beb199bfc576ecf2adc98bc83f014b729be832c4a4f7f2d2e09df552237",63,153,22,0,1.02e-10
"microbiome_2026_hunt","GCST90667538","Gut microbial functional pathway relative abundance (KEGG-module M00754: Nisin resistance, phage shock protein homolog LiaH)","taxon:kegg-module m00754: nisin resistance, phage shock protein homolog liah",12652,"GRCh37","2648a90d7032c268b812fc96620d034c842a39c747a3687866fe4988b52a1e3f","e2bb6beb199bfc576ecf2adc98bc83f014b729be832c4a4f7f2d2e09df552237",63,65,0,0,9.89e-08
"microbiome_2026_hunt","GCST90667539","Gut microbial functional pathway relative abundance (KEGG-module M00761: Undecaprenylphosphate alpha-L-Ara4N biosynthesis, UDP-GlcA to undecaprenyl phosphate alpha-L-Ara4N)","taxon:kegg-module m00761: undecaprenylphosphate alpha-l-ara4n biosynthesis, udp-glca to undecaprenyl phosphate alpha-l-ara4n",12652,"GRCh37","2648a90d7032c268b812fc96620d034c842a39c747a3687866fe4988b52a1e3f","e2bb6beb199bfc576ecf2adc98bc83f014b729be832c4a4f7f2d2e09df552237",63,54,0,0,1.79e-07
"microbiome_2026_hunt","GCST90667540","Gut microbial functional pathway relative abundance (KEGG-module M00762: Copper-processing system)","taxon:kegg-module m00762: copper-processing system",12652,"GRCh37","2648a90d7032c268b812fc96620d034c842a39c747a3687866fe4988b52a1e3f","e2bb6beb199bfc576ecf2adc98bc83f014b729be832c4a4f7f2d2e09df552237",63,54,0,0,5.9e-07
"microbiome_2026_hunt","GCST90667541","Gut microbial functional pathway relative abundance (KEGG-module M00764: PTS system, fructoselysine/glucoselysine-specific II component)","taxon:kegg-module m00764: pts system, fructoselysine/glucoselysine-specific ii component",12652,"GRCh37","2648a90d7032c268b812fc96620d034c842a39c747a3687866fe4988b52a1e3f","e2bb6beb199bfc576ecf2adc98bc83f014b729be832c4a4f7f2d2e09df552237",63,84,0,0,5.9e-07
"microbiome_2026_hunt","GCST90667542","Gut microbial functional pathway relative abundance (KEGG-module M00767: Multidrug resistance, efflux pump OqxAB)","taxon:kegg-module m00767: multidrug resistance, efflux pump oqxab",12652,"GRCh37","2648a90d7032c268b812fc96620d034c842a39c747a3687866fe4988b52a1e3f","e2bb6beb199bfc576ecf2adc98bc83f014b729be832c4a4f7f2d2e09df552237",63,72,7,0,1.41e-08
"microbiome_2026_hunt","GCST90667543","Gut microbial functional pathway relative abundance (KEGG-module M00768: Multidrug resistance, efflux pump GesABC)","taxon:kegg-module m00768: multidrug resistance, efflux pump gesabc",12652,"GRCh37","2648a90d7032c268b812fc96620d034c842a39c747a3687866fe4988b52a1e3f","e2bb6beb199bfc576ecf2adc98bc83f014b729be832c4a4f7f2d2e09df552237",63,40,0,0,8.28e-07
"microbiome_2026_hunt","GCST90667544","Gut microbial functional pathway relative abundance (KEGG-module M00791: Manganese/zinc transport system)","taxon:kegg-module m00791: manganese/zinc transport system",12652,"GRCh37","2648a90d7032c268b812fc96620d034c842a39c747a3687866fe4988b52a1e3f","e2bb6beb199bfc576ecf2adc98bc83f014b729be832c4a4f7f2d2e09df552237",63,33,0,0,6.19e-08
"microbiome_2026_hunt","GCST90667545","Gut microbial functional pathway relative abundance (KEGG-module M00792: Manganese/zinc transport system)","taxon:kegg-module m00792: manganese/zinc transport system",12652,"GRCh37","2648a90d7032c268b812fc96620d034c842a39c747a3687866fe4988b52a1e3f","e2bb6beb199bfc576ecf2adc98bc83f014b729be832c4a4f7f2d2e09df552237",63,127,0,0,1.34e-07
"microbiome_2026_hunt","GCST90667546","Gut microbial functional pathway relative abundance (KEGG-module M00793: dTDP-L-rhamnose biosynthesis)","taxon:kegg-module m00793: dtdp-l-rhamnose biosynthesis",12652,"GRCh37","2648a90d7032c268b812fc96620d034c842a39c747a3687866fe4988b52a1e3f","e2bb6beb199bfc576ecf2adc98bc83f014b729be832c4a4f7f2d2e09df552237",63,106,0,0,5.17e-07
"microbiome_2026_hunt","GCST90667547","Gut microbial functional pathway relative abundance (KEGG-module M00806: PTS system, maltose-specific II component)","taxon:kegg-module m00806: pts system, maltose-specific ii component",12652,"GRCh37","2648a90d7032c268b812fc96620d034c842a39c747a3687866fe4988b52a1e3f","e2bb6beb199bfc576ecf2adc98bc83f014b729be832c4a4f7f2d2e09df552237",63,77,0,0,1.32e-07
"microbiome_2026_hunt","GCST90667548","Gut microbial functional pathway relative abundance (KEGG-module M00807: PTS system, galactose-specific II component)","taxon:kegg-module m00807: pts system, galactose-specific ii component",12652,"GRCh37","2648a90d7032c268b812fc96620d034c842a39c747a3687866fe4988b52a1e3f","e2bb6beb199bfc576ecf2adc98bc83f014b729be832c4a4f7f2d2e09df552237",63,29,0,0,1.45e-06
"microbiome_2026_hunt","GCST90667549","Gut microbial functional pathway relative abundance (KEGG-module M00809: PTS system, glucose-specific II component)","taxon:kegg-module m00809: pts system, glucose-specific ii component",12652,"GRCh37","2648a90d7032c268b812fc96620d034c842a39c747a3687866fe4988b52a1e3f","e2bb6beb199bfc576ecf2adc98bc83f014b729be832c4a4f7f2d2e09df552237",64,132,0,0,5.91e-07
