"canonical_trait_id","discovery_source_id","discovery_trait","replication_source_id","replication_trait","discovery_match_count","match_status"
"alpha:richness","GCST90670368","Gut microbiome alpha diversity abundance (Richness)","GCST90666541","Gut microbiota alpha diversity (Richness)",1,"matched"
"alpha:shannon","GCST90670369","Gut microbiome alpha diversity abundance (Shannon diversity)","GCST90666542","Gut microbiota alpha diversity (Shannon index)",1,"matched"
"taxon:agathobacter rectalis","GCST90670371","Gut microbiome species abundance (Agathobacter rectalis, GCA_000020605.1)","GCST90666543","Gut microbiota relative abundance (hMGS.00001: Agathobacter rectalis)",1,"matched"
"taxon:bifidobacterium longum","GCST90670372","Gut microbiome species abundance (Bifidobacterium longum, GCF_000196555.1)","GCST90666544","Gut microbiota relative abundance (hMGS.00002: Bifidobacterium longum)",1,"matched"
"taxon:gemmiger qucibialis","GCST90670373","Gut microbiome species abundance (Gemmiger qucibialis, GCA_004000625.1)","GCST90666545","Gut microbiota relative abundance (hMGS.00003: Gemmiger qucibialis)",1,"matched"
"taxon:bifidobacterium adolescentis","GCST90670374","Gut microbiome species abundance (Bifidobacterium adolescentis, GCF_000010425.1)","GCST90666546","Gut microbiota relative abundance (hMGS.00004: Bifidobacterium adolescentis)",1,"matched"
"taxon:ruminococcus e bromii b","GCST90670375","Gut microbiome species abundance (Ruminococcus E bromii B, GCF_002834235.1)","GCST90666547","Gut microbiota relative abundance (hMGS.00005: Ruminococcus E bromii B)",1,"matched"
"taxon:agathobacter faecis","GCST90670376","Gut microbiome species abundance (Agathobacter faecis, GCF_001406815.1)","GCST90666548","Gut microbiota relative abundance (hMGS.00006: Agathobacter faecis)",1,"matched"
"taxon:anaerostipes hadrus","GCST90670377","Gut microbiome species abundance (Anaerostipes hadrus, GCF_000332875.2)","GCST90666549","Gut microbiota relative abundance (hMGS.00007: Anaerostipes hadrus)",1,"matched"
"taxon:lachnospira eligens a","GCST90670378","Gut microbiome species abundance (Lachnospira eligens A, GCF_009680455.1)","GCST90666550","Gut microbiota relative abundance (hMGS.00008: Lachnospira eligens A)",1,"matched"
"taxon:uba11524 sp000437595","GCST90670379","Gut microbiome species abundance (UBA11524 sp000437595, GCA_000437595.1)","GCST90666551","Gut microbiota relative abundance (hMGS.00009: UBA11524 sp000437595)",1,"matched"
"taxon:ruminococcus d bicirculans","GCST90670380","Gut microbiome species abundance (Ruminococcus D bicirculans, GCF_000723465.1)","GCST90666552","Gut microbiota relative abundance (hMGS.00010: Ruminococcus D bicirculans)",1,"matched"
"taxon:fusicatenibacter saccharivorans","GCST90670381","Gut microbiome species abundance (Fusicatenibacter saccharivorans, GCF_015557635.1)","GCST90666553","Gut microbiota relative abundance (hMGS.00011: Fusicatenibacter saccharivorans)",1,"matched"
"taxon:acetatifactor sp900066565","GCST90670382","Gut microbiome species abundance (Acetatifactor sp900066565, GCA_003584705.1)","GCST90666554","Gut microbiota relative abundance (hMGS.00012: Acetatifactor sp900066565)",1,"matched"
"taxon:blautia a wexlerae","GCST90670383","Gut microbiome species abundance (Blautia A wexlerae, GCA_025148125.1)","GCST90666555","Gut microbiota relative abundance (hMGS.00013: Blautia A wexlerae)",1,"matched"
"taxon:coprococcus eutactus a","GCST90670384","Gut microbiome species presence (Coprococcus eutactus A, GCF_001404675.1)","GCST90666556","Gut microbiota relative abundance (hMGS.00018: Coprococcus eutactus A)",1,"matched"
"taxon:bifidobacterium bifidum","GCST90670385","Gut microbiome species presence (Bifidobacterium bifidum, GCF_001025135.1)","GCST90666557","Gut microbiota relative abundance (hMGS.00019: Bifidobacterium bifidum)",1,"matched"
"taxon:cag-177 sp003514385","GCST90670386","Gut microbiome species presence (CAG-177 sp003514385, GCA_003514385.1)","GCST90666558","Gut microbiota relative abundance (hMGS.00020: CAG-177 sp003514385)",1,"matched"
"taxon:ruminiclostridium e siraeum","GCST90670387","Gut microbiome species abundance (Ruminiclostridium E siraeum, GCA_025150425.1)","GCST90666559","Gut microbiota relative abundance (hMGS.00021: Ruminiclostridium E siraeum)",1,"matched"
"taxon:acetatifactor intestinalis","GCST90670388","Gut microbiome species abundance (Acetatifactor intestinalis, GCF_009695995.1)","GCST90666560","Gut microbiota relative abundance (hMGS.00022: Acetatifactor intestinalis)",1,"matched"
"taxon:phocaeicola vulgatus","GCST90670389","Gut microbiome species abundance (Phocaeicola vulgatus, GCF_000012825.1)","GCST90666561","Gut microbiota relative abundance (hMGS.00023: Phocaeicola vulgatus)",1,"matched"
"taxon:er4 sp000765235","GCST90670391","Gut microbiome species abundance (ER4 sp000765235, GCF_000765235.1)","GCST90666562","Gut microbiota relative abundance (hMGS.00025: ER4 sp000765235)",1,"matched"
"taxon:bifidobacterium pseudocatenulatum","GCST90670392","Gut microbiome species presence (Bifidobacterium pseudocatenulatum, GCF_001025215.1)","GCST90666563","Gut microbiota relative abundance (hMGS.00026: Bifidobacterium pseudocatenulatum)",1,"matched"
"taxon:rug115 sp900066395","GCST90670393","Gut microbiome species abundance (RUG115 sp900066395, GCF_003479605.1)","GCST90666564","Gut microbiota relative abundance (hMGS.00028: RUG115 sp900066395)",1,"matched"
"taxon:alistipes putredinis","GCST90670394","Gut microbiome species abundance (Alistipes putredinis, GCF_000154465.1)","GCST90666565","Gut microbiota relative abundance (hMGS.00029: Alistipes putredinis)",1,"matched"
"taxon:streptococcus salivarius","GCST90670395","Gut microbiome species abundance (Streptococcus salivarius, GCF_000785515.1)","GCST90666566","Gut microbiota relative abundance (hMGS.00030: Streptococcus salivarius)",1,"matched"
"taxon:cag-217 sp000436335","GCST90670396","Gut microbiome species presence (CAG-217 sp000436335, GCA_000436335.1)","GCST90666567","Gut microbiota relative abundance (hMGS.00031: CAG-217 sp000436335)",1,"matched"
"taxon:escherichia coli","GCST90670397","Gut microbiome species abundance (Escherichia coli, GCF_003697165.2)","GCST90666568","Gut microbiota relative abundance (hMGS.00032: Escherichia coli)",1,"matched"
"taxon:peh17 sp000435055","GCST90670398","Gut microbiome species presence (PeH17 sp000435055, GCA_000435055.1)","GCST90666569","Gut microbiota relative abundance (hMGS.00033: PeH17 sp000435055)",1,"matched"
"taxon:methanobrevibacter a smithii","GCST90670399","Gut microbiome species presence (Methanobrevibacter A smithii, GCF_000016525.1)","GCST90666570","Gut microbiota relative abundance (hMGS.00034: Methanobrevibacter A smithii)",1,"matched"
"taxon:ruminococcus b gnavus","GCST90670400","Gut microbiome species abundance (Ruminococcus B gnavus, GCF_008121495.1)","GCST90666571","Gut microbiota relative abundance (hMGS.00035: Ruminococcus B gnavus)",1,"matched"
"taxon:ruminococcus e sp003526955","GCST90670401","Gut microbiome species presence (Ruminococcus E sp003526955, GCF_023921805.1)","GCST90666572","Gut microbiota relative abundance (hMGS.00036: Ruminococcus E sp003526955)",1,"matched"
"taxon:parabacteroides distasonis","GCST90670402","Gut microbiome species abundance (Parabacteroides distasonis, GCF_000012845.1)","GCST90666573","Gut microbiota relative abundance (hMGS.00037: Parabacteroides distasonis)",1,"matched"
"taxon:roseburia intestinalis","GCST90670403","Gut microbiome species abundance (Roseburia intestinalis, GCF_900537995.1)","GCST90666574","Gut microbiota relative abundance (hMGS.00038: Roseburia intestinalis)",1,"matched"
"taxon:bacteroides uniformis","GCST90670404","Gut microbiome species abundance (Bacteroides uniformis, GCA_025147485.1)","GCST90666575","Gut microbiota relative abundance (hMGS.00039: Bacteroides uniformis)",1,"matched"
"taxon:faecalibacillus intestinalis","GCST90670405","Gut microbiome species abundance (Faecalibacillus intestinalis, GCF_003024685.1)","GCST90666576","Gut microbiota relative abundance (hMGS.00040: Faecalibacillus intestinalis)",1,"matched"
"taxon:cryptobacteroides sp000433355","","","GCST90666577","Gut microbiota relative abundance (hMGS.00043: Cryptobacteroides sp000433355)",0,"unmatched"
"taxon:lachnospira sp000437735","GCST90670406","Gut microbiome species abundance (Lachnospira sp000437735, GCF_020564355.1)","GCST90666578","Gut microbiota relative abundance (hMGS.00044: Lachnospira sp000437735)",1,"matched"
"taxon:sfel01 sp004557245","GCST90670407","Gut microbiome species presence (SFEL01 sp004557245, GCA_004557245.1)","GCST90666579","Gut microbiota relative abundance (hMGS.00045: SFEL01 sp004557245)",1,"matched"
"taxon:fimenecus sp000432435","GCST90670408","Gut microbiome species presence (Fimenecus sp000432435, GCA_000432435.1)","GCST90666580","Gut microbiota relative abundance (hMGS.00046: Fimenecus sp000432435)",1,"matched"
"taxon:eisenbergiella sp900066775","GCST90670410","Gut microbiome species abundance (Eisenbergiella sp900066775, GCA_003481005.1)","GCST90666581","Gut microbiota relative abundance (hMGS.00048: Eisenbergiella sp900066775)",1,"matched"
"taxon:roseburia hominis","GCST90670411","Gut microbiome species abundance (Roseburia hominis, GCF_000225345.1)","GCST90666582","Gut microbiota relative abundance (hMGS.00049: Roseburia hominis)",1,"matched"
"taxon:faecalibacterium prausnitzii d","GCST90670412","Gut microbiome species abundance (Faecalibacterium prausnitzii D, GCF_023347255.1)","GCST90666583","Gut microbiota relative abundance (hMGS.00050: Faecalibacterium prausnitzii D)",1,"matched"
"taxon:roseburia inulinivorans","GCST90670413","Gut microbiome species abundance (Roseburia inulinivorans, GCF_000174195.1)","GCST90666584","Gut microbiota relative abundance (hMGS.00051: Roseburia inulinivorans)",1,"matched"
"taxon:coprococcus sp900066115","GCST90670414","Gut microbiome species presence (Coprococcus sp900066115, GCF_003461625.1)","GCST90666585","Gut microbiota relative abundance (hMGS.00053: Coprococcus sp900066115)",1,"matched"
"taxon:cag-41 sp900066215","GCST90670415","Gut microbiome species abundance (CAG-41 sp900066215, GCA_003460745.1)","GCST90666586","Gut microbiota relative abundance (hMGS.00054: CAG-41 sp900066215)",1,"matched"
"taxon:eubacterium f sp003491505","GCST90670416","Gut microbiome species abundance (Eubacterium F sp003491505, GCF_003477605.1)","GCST90666587","Gut microbiota relative abundance (hMGS.00055: Eubacterium F sp003491505)",1,"matched"
"taxon:alistipes onderdonkii","GCST90670417","Gut microbiome species abundance (Alistipes onderdonkii, GCA_025145285.1)","GCST90666588","Gut microbiota relative abundance (hMGS.00056: Alistipes onderdonkii)",1,"matched"
"taxon:prevotella sp003447235","GCST90670419","Gut microbiome species presence (Prevotella sp003447235, GCA_003447235.1)","GCST90666589","Gut microbiota relative abundance (hMGS.00059: Prevotella sp003447235)",1,"matched"
"taxon:uba1417 sp003531055","GCST90670420","Gut microbiome species abundance (UBA1417 sp003531055, GCA_021029595.1)","GCST90666590","Gut microbiota relative abundance (hMGS.00060: UBA1417 sp003531055)",1,"matched"
"taxon:alistipes shahii","GCST90670421","Gut microbiome species abundance (Alistipes shahii, GCA_025145845.1)","GCST90666591","Gut microbiota relative abundance (hMGS.00061: Alistipes shahii)",1,"matched"
"taxon:sutterella wadsworthensis a","GCST90670422","Gut microbiome species presence (Sutterella wadsworthensis A, GCF_000297775.1)","GCST90666592","Gut microbiota relative abundance (hMGS.00062: Sutterella wadsworthensis A)",1,"matched"
"taxon:odoribacter splanchnicus","GCST90670424","Gut microbiome species abundance (Odoribacter splanchnicus, GCF_000190535.1)","GCST90666593","Gut microbiota relative abundance (hMGS.00065: Odoribacter splanchnicus)",1,"matched"
"taxon:eubacterium r sp000436835","GCST90670425","Gut microbiome species presence (Eubacterium R sp000436835, GCA_000436835.1)","GCST90666594","Gut microbiota relative abundance (hMGS.00066: Eubacterium R sp000436835)",1,"matched"
"taxon:agathobaculum butyriciproducens","GCST90670426","Gut microbiome species abundance (Agathobaculum butyriciproducens, GCA_003096535.1)","GCST90666595","Gut microbiota relative abundance (hMGS.00067: Agathobaculum butyriciproducens)",1,"matched"
"taxon:phascolarctobacterium faecium","GCST90670427","Gut microbiome species presence (Phascolarctobacterium faecium, GCF_003269275.1)","GCST90666596","Gut microbiota relative abundance (hMGS.00068: Phascolarctobacterium faecium)",1,"matched"
"taxon:faecousia sp000434635","GCST90670428","Gut microbiome species abundance (Faecousia sp000434635, GCA_000434635.1)","GCST90666597","Gut microbiota relative abundance (hMGS.00070: Faecousia sp000434635)",1,"matched"
"taxon:barnesiella intestinihominis","GCST90670429","Gut microbiome species abundance (Barnesiella intestinihominis, GCF_000296465.1)","GCST90666598","Gut microbiota relative abundance (hMGS.00072: Barnesiella intestinihominis)",1,"matched"
"taxon:cag-349 sp003539515","GCST90670430","Gut microbiome species presence (CAG-349 sp003539515, GCA_022009995.1)","GCST90666599","Gut microbiota relative abundance (hMGS.00073: CAG-349 sp003539515)",1,"matched"
"taxon:akkermansia muciniphila","GCST90670431","Gut microbiome species abundance (Akkermansia muciniphila, GCF_000020225.1)","GCST90666600","Gut microbiota relative abundance (hMGS.00074: Akkermansia muciniphila)",1,"matched"
"taxon:clostridium q fessum","GCST90670433","Gut microbiome species abundance (Clostridium Q fessum, GCF_003024715.1)","GCST90666601","Gut microbiota relative abundance (hMGS.00077: Clostridium Q fessum)",1,"matched"
"taxon:cag-115 sp003531585","GCST90670435","Gut microbiome species abundance (CAG-115 sp003531585, GCA_003531585.1)","GCST90666602","Gut microbiota relative abundance (hMGS.00079: CAG-115 sp003531585)",1,"matched"
"taxon:anaerotignum faecicola","GCST90670436","Gut microbiome species abundance (Anaerotignum faecicola, GCF_003865035.1)","GCST90666603","Gut microbiota relative abundance (hMGS.00080: Anaerotignum faecicola)",1,"matched"
"taxon:blautia a massiliensis","GCST90670437","Gut microbiome species abundance (Blautia A massiliensis, GCF_001487165.1)","GCST90666604","Gut microbiota relative abundance (hMGS.00082: Blautia A massiliensis)",1,"matched"
"taxon:copromonas sp900066535","GCST90670438","Gut microbiome species abundance (Copromonas sp900066535, GCF_003435375.1)","GCST90666605","Gut microbiota relative abundance (hMGS.00083: Copromonas sp900066535)",1,"matched"
"taxon:phil1 sp001940855","GCST90670439","Gut microbiome species presence (Phil1 sp001940855, GCA_001940855.1)","GCST90666606","Gut microbiota relative abundance (hMGS.00086: Phil1 sp001940855)",1,"matched"
"taxon:ruthenibacterium lactatiformans","GCST90670441","Gut microbiome species abundance (Ruthenibacterium lactatiformans, GCF_000949455.1)","GCST90666607","Gut microbiota relative abundance (hMGS.00089: Ruthenibacterium lactatiformans)",1,"matched"
"taxon:gemmiger formicilis","GCST90670442","Gut microbiome species abundance (Gemmiger formicilis, GCF_900167555.1)","GCST90666608","Gut microbiota relative abundance (hMGS.00090: Gemmiger formicilis)",1,"matched"
"taxon:alistipes finegoldii","GCST90670443","Gut microbiome species abundance (Alistipes finegoldii, GCF_000265365.1)","GCST90666609","Gut microbiota relative abundance (hMGS.00091: Alistipes finegoldii)",1,"matched"
"taxon:cag-170 sp000432135","GCST90670445","Gut microbiome species abundance (CAG-170 sp000432135, GCA_000432135.1)","GCST90666610","Gut microbiota relative abundance (hMGS.00093: CAG-170 sp000432135)",1,"matched"
"taxon:er4 sp900317525","GCST90670446","Gut microbiome species abundance (ER4 sp900317525, GCF_018918025.1)","GCST90666611","Gut microbiota relative abundance (hMGS.00094: ER4 sp900317525)",1,"matched"
"taxon:dialister invisus","GCST90670447","Gut microbiome species presence (Dialister invisus, GCF_000160055.1)","GCST90666612","Gut microbiota relative abundance (hMGS.00096: Dialister invisus)",1,"matched"
"taxon:sutterella wadsworthensis","GCST90670448","Gut microbiome species presence (Sutterella wadsworthensis, GCF_003315195.1)","GCST90666613","Gut microbiota relative abundance (hMGS.00097: Sutterella wadsworthensis)",1,"matched"
"taxon:mediterraneibacter faecis","GCST90670449","Gut microbiome species abundance (Mediterraneibacter faecis, GCA_001312505.1)","GCST90666614","Gut microbiota relative abundance (hMGS.00099: Mediterraneibacter faecis)",1,"matched"
"taxon:eggerthella lenta","GCST90670452","Gut microbiome species abundance (Eggerthella lenta, GCF_000024265.1)","GCST90666615","Gut microbiota relative abundance (hMGS.00104: Eggerthella lenta)",1,"matched"
"taxon:lachnospira sp900316325","GCST90670454","Gut microbiome species abundance (Lachnospira sp900316325, GCF_014287955.1)","GCST90666616","Gut microbiota relative abundance (hMGS.00106: Lachnospira sp900316325)",1,"matched"
"taxon:cag-269 sp003525075","GCST90670455","Gut microbiome species presence (CAG-269 sp003525075, GCA_003525075.1)","GCST90666617","Gut microbiota relative abundance (hMGS.00108: CAG-269 sp003525075)",1,"matched"
"taxon:parasutterella excrementihominis","GCST90670457","Gut microbiome species presence (Parasutterella excrementihominis, GCF_000205025.1)","GCST90666618","Gut microbiota relative abundance (hMGS.00110: Parasutterella excrementihominis)",1,"matched"
"taxon:cag-103 sp000432375","GCST90670458","Gut microbiome species presence (CAG-103 sp000432375, GCA_000432375.1)","GCST90666619","Gut microbiota relative abundance (hMGS.00111: CAG-103 sp000432375)",1,"matched"
"taxon:cag-103 sp900543625","GCST90670459","Gut microbiome species presence (CAG-103 sp900543625, GCA_900543625.1)","GCST90666620","Gut microbiota relative abundance (hMGS.00112: CAG-103 sp900543625)",1,"matched"
"taxon:veillonella atypica","GCST90670461","Gut microbiome species presence (Veillonella atypica, GCF_002959915.1)","GCST90666621","Gut microbiota relative abundance (hMGS.00116: Veillonella atypica)",1,"matched"
"taxon:butyribacter sp003529475","GCST90670462","Gut microbiome species abundance (Butyribacter sp003529475, GCF_003478335.1)","GCST90666622","Gut microbiota relative abundance (hMGS.00118: Butyribacter sp003529475)",1,"matched"
"taxon:ruminococcus c sp000433635","GCST90670463","Gut microbiome species presence (Ruminococcus C sp000433635, GCA_000433635.1)","GCST90666623","Gut microbiota relative abundance (hMGS.00121: Ruminococcus C sp000433635)",1,"matched"
"taxon:mediterraneibacter lactaris","GCST90670465","Gut microbiome species abundance (Mediterraneibacter lactaris, GCA_025152405.1)","GCST90666624","Gut microbiota relative abundance (hMGS.00124: Mediterraneibacter lactaris)",1,"matched"
"taxon:faecousia sp003525905","GCST90670467","Gut microbiome species abundance (Faecousia sp003525905, GCA_003525905.1)","GCST90666625","Gut microbiota relative abundance (hMGS.00126: Faecousia sp003525905)",1,"matched"
"taxon:coe1 sp001916965","GCST90670468","Gut microbiome species presence (COE1 sp001916965, GCA_001916965.1)","GCST90666626","Gut microbiota relative abundance (hMGS.00128: COE1 sp001916965)",1,"matched"
"taxon:paraprevotella clara","GCST90670469","Gut microbiome species presence (Paraprevotella clara, GCF_000233955.1)","GCST90666627","Gut microbiota relative abundance (hMGS.00129: Paraprevotella clara)",1,"matched"
"taxon:eubacterium g ventriosum","GCST90670470","Gut microbiome species abundance (Eubacterium G ventriosum, GCA_025150745.1)","GCST90666628","Gut microbiota relative abundance (hMGS.00131: Eubacterium G ventriosum)",1,"matched"
"taxon:dorea a longicatena","GCST90670472","Gut microbiome species abundance (Dorea A longicatena, GCA_025150085.1)","GCST90666629","Gut microbiota relative abundance (hMGS.00135: Dorea A longicatena)",1,"matched"
"taxon:blautia a obeum","GCST90670473","Gut microbiome species abundance (Blautia A obeum, GCA_025147765.1)","GCST90666630","Gut microbiota relative abundance (hMGS.00137: Blautia A obeum)",1,"matched"
"taxon:bacteroides thetaiotaomicron","GCST90670474","Gut microbiome species abundance (Bacteroides thetaiotaomicron, GCF_000011065.1)","GCST90666631","Gut microbiota relative abundance (hMGS.00141: Bacteroides thetaiotaomicron)",1,"matched"
"taxon:cag-353 sp900066885","GCST90670475","Gut microbiome species presence (CAG-353 sp900066885, GCA_902363145.1)","GCST90666632","Gut microbiota relative abundance (hMGS.00142: CAG-353 sp900066885)",1,"matched"
"taxon:enterocloster sp000431375","GCST90670477","Gut microbiome species abundance (Enterocloster sp000431375, GCF_003473545.1)","GCST90666633","Gut microbiota relative abundance (hMGS.00148: Enterocloster sp000431375)",1,"matched"
"taxon:cag-882 sp003486385","GCST90670478","Gut microbiome species presence (CAG-882 sp003486385, GCA_003486385.1)","GCST90666634","Gut microbiota relative abundance (hMGS.00149: CAG-882 sp003486385)",1,"matched"
"taxon:bacteroides fragilis","GCST90670480","Gut microbiome species presence (Bacteroides fragilis, GCF_000025985.1)","GCST90666635","Gut microbiota relative abundance (hMGS.00152: Bacteroides fragilis)",1,"matched"
"taxon:cag-568 sp000434395","","","GCST90666636","Gut microbiota relative abundance (hMGS.00153: CAG-568 sp000434395)",0,"unmatched"
"taxon:flavonifractor plautii","GCST90670481","Gut microbiome species abundance (Flavonifractor plautii, GCF_000239295.1)","GCST90666637","Gut microbiota relative abundance (hMGS.00157: Flavonifractor plautii)",1,"matched"
"taxon:anaerobutyricum hallii","GCST90670482","Gut microbiome species abundance (Anaerobutyricum hallii, GCF_000173975.1)","GCST90666638","Gut microbiota relative abundance (hMGS.00158: Anaerobutyricum hallii)",1,"matched"
"taxon:kle1615 sp900066985","GCST90670484","Gut microbiome species abundance (KLE1615 sp900066985, GCA_003478935.1)","GCST90666639","Gut microbiota relative abundance (hMGS.00165: KLE1615 sp900066985)",1,"matched"
"taxon:bacteroides ovatus","GCST90670485","Gut microbiome species abundance (Bacteroides ovatus, GCF_001314995.1)","GCST90666640","Gut microbiota relative abundance (hMGS.00167: Bacteroides ovatus)",1,"matched"
"taxon:scatacola a faecigallinarum","GCST90670486","Gut microbiome species presence (Scatacola A faecigallinarum, GCA_000436375.1)","GCST90666641","Gut microbiota relative abundance (hMGS.00171: Scatacola A faecigallinarum)",1,"matched"
"taxon:peptidiphaga sp000466165","GCST90670488","Gut microbiome species presence (Peptidiphaga sp000466165, GCF_000466165.1)","GCST90666642","Gut microbiota relative abundance (hMGS.00174: Peptidiphaga sp000466165)",1,"matched"
"taxon:faecalibacterium prausnitzii e","GCST90670490","Gut microbiome species presence (Faecalibacterium prausnitzii E, GCF_019967995.1)","GCST90666643","Gut microbiota relative abundance (hMGS.00178: Faecalibacterium prausnitzii E)",1,"matched"
"taxon:bacteroides stercoris","GCST90670491","Gut microbiome species presence (Bacteroides stercoris, GCA_025147325.1)","GCST90666644","Gut microbiota relative abundance (hMGS.00182: Bacteroides stercoris)",1,"matched"
"taxon:cag-313 sp003539625","GCST90670492","Gut microbiome species presence (CAG-313 sp003539625, GCA_003539625.1)","GCST90666645","Gut microbiota relative abundance (hMGS.00183: CAG-313 sp003539625)",1,"matched"
"taxon:cag-95 sp000438155","GCST90670493","Gut microbiome species abundance (CAG-95 sp000438155, GCA_000438155.1)","GCST90666646","Gut microbiota relative abundance (hMGS.00184: CAG-95 sp000438155)",1,"matched"
"taxon:clostridium sp900540255","GCST90670494","Gut microbiome species presence (Clostridium sp900540255, GCA_900540255.1)","GCST90666647","Gut microbiota relative abundance (hMGS.00185: Clostridium sp900540255)",1,"matched"
"taxon:streptococcus thermophilus","GCST90670495","Gut microbiome species abundance (Streptococcus thermophilus, GCF_010120595.1)","GCST90666648","Gut microbiota relative abundance (hMGS.00186: Streptococcus thermophilus)",1,"matched"
"taxon:blautia a sp900066335","GCST90670497","Gut microbiome species abundance (Blautia A sp900066335, GCF_003461955.1)","GCST90666649","Gut microbiota relative abundance (hMGS.00188: Blautia A sp900066335)",1,"matched"
"taxon:ruminococcus c callidus","GCST90670500","Gut microbiome species presence (Ruminococcus C callidus, GCF_000468015.1)","GCST90666650","Gut microbiota relative abundance (hMGS.00192: Ruminococcus C callidus)",1,"matched"
"taxon:uba11774 sp003507655","GCST90670501","Gut microbiome species abundance (UBA11774 sp003507655, GCA_003507655.1)","GCST90666651","Gut microbiota relative abundance (hMGS.00193: UBA11774 sp003507655)",1,"matched"
"taxon:dysosmobacter sp001916835","GCST90670503","Gut microbiome species abundance (Dysosmobacter sp001916835, GCF_014297285.1)","GCST90666652","Gut microbiota relative abundance (hMGS.00195: Dysosmobacter sp001916835)",1,"matched"
"taxon:cag-314 sp000437915","GCST90670504","Gut microbiome species presence (CAG-314 sp000437915, GCA_000437915.1)","GCST90666653","Gut microbiota relative abundance (hMGS.00197: CAG-314 sp000437915)",1,"matched"
"taxon:sdrw01 sp007845485","","","GCST90666654","Gut microbiota relative abundance (hMGS.00202: SDRW01 sp007845485)",0,"unmatched"
"taxon:acetatifactor sp003447295","GCST90670505","Gut microbiome species abundance (Acetatifactor sp003447295, GCA_003447295.1)","GCST90666655","Gut microbiota relative abundance (hMGS.00203: Acetatifactor sp003447295)",1,"matched"
"taxon:bilophila wadsworthia","GCST90670506","Gut microbiome species abundance (Bilophila wadsworthia, GCF_000701705.1)","GCST90666656","Gut microbiota relative abundance (hMGS.00205: Bilophila wadsworthia)",1,"matched"
"taxon:eubacterium f sp900539115","GCST90670507","Gut microbiome species presence (Eubacterium F sp900539115, GCA_900539115.1)","GCST90666657","Gut microbiota relative abundance (hMGS.00208: Eubacterium F sp900539115)",1,"matched"
"taxon:faecalibacillus faecis","GCST90670508","Gut microbiome species presence (Faecalibacillus faecis, GCF_003024675.1)","GCST90666658","Gut microbiota relative abundance (hMGS.00211: Faecalibacillus faecis)",1,"matched"
"taxon:f23-b02 sp001916715","GCST90670511","Gut microbiome species presence (F23-B02 sp001916715, GCA_001916715.1)","GCST90666659","Gut microbiota relative abundance (hMGS.00222: F23-B02 sp001916715)",1,"matched"
"taxon:phocaeicola coprocola","GCST90670512","Gut microbiome species presence (Phocaeicola coprocola, GCF_000154845.1)","GCST90666660","Gut microbiota relative abundance (hMGS.00223: Phocaeicola coprocola)",1,"matched"
"taxon:cag-170 sp002404795","GCST90670513","Gut microbiome species abundance (CAG-170 sp002404795, GCA_002404795.1)","GCST90666661","Gut microbiota relative abundance (hMGS.00224: CAG-170 sp002404795)",1,"matched"
"taxon:bacteroides xylanisolvens","GCST90670514","Gut microbiome species abundance (Bacteroides xylanisolvens, GCF_000210075.1)","GCST90666662","Gut microbiota relative abundance (hMGS.00226: Bacteroides xylanisolvens)",1,"matched"
"taxon:cag-170 sp900545925","GCST90670515","Gut microbiome species abundance (CAG-170 sp900545925, GCA_900545925.1)","GCST90666663","Gut microbiota relative abundance (hMGS.00227: CAG-170 sp900545925)",1,"matched"
"taxon:slackia a isoflavoniconvertens","GCST90670516","Gut microbiome species presence (Slackia A isoflavoniconvertens, GCF_003725955.1)","GCST90666664","Gut microbiota relative abundance (hMGS.00230: Slackia A isoflavoniconvertens)",1,"matched"
"taxon:ventricola sp900542395","GCST90670517","Gut microbiome species presence (Ventricola sp900542395, GCA_900542395.1)","GCST90666665","Gut microbiota relative abundance (hMGS.00232: Ventricola sp900542395)",1,"matched"
"taxon:alistipes communis","GCST90670520","Gut microbiome species abundance (Alistipes communis, GCF_006542665.1)","GCST90666666","Gut microbiota relative abundance (hMGS.00237: Alistipes communis)",1,"matched"
"taxon:scatocola faecipullorum","GCST90670521","Gut microbiome species presence (Scatocola faecipullorum, GCA_001917125.1)","GCST90666667","Gut microbiota relative abundance (hMGS.00238: Scatocola faecipullorum)",1,"matched"
"taxon:cag-245 sp000435175","GCST90670522","Gut microbiome species presence (CAG-245 sp000435175, GCA_000435175.1)","GCST90666668","Gut microbiota relative abundance (hMGS.00241: CAG-245 sp000435175)",1,"matched"
"taxon:dysosmobacter welbionis","GCST90670523","Gut microbiome species abundance (Dysosmobacter welbionis, GCF_005121165.3)","GCST90666669","Gut microbiota relative abundance (hMGS.00252: Dysosmobacter welbionis)",1,"matched"
"taxon:mediterraneibacter torques","GCST90670524","Gut microbiome species abundance (Mediterraneibacter torques, GCF_000153925.1)","GCST90666670","Gut microbiota relative abundance (hMGS.00254: Mediterraneibacter torques)",1,"matched"
"taxon:anaerostipes hadrus a","GCST90670525","Gut microbiome species abundance (Anaerostipes hadrus A, GCF_001404655.1)","GCST90666671","Gut microbiota relative abundance (hMGS.00257: Anaerostipes hadrus A)",1,"matched"
"taxon:coprococcus sp000154245","GCST90670527","Gut microbiome species presence (Coprococcus sp000154245, GCA_020735665.1)","GCST90666672","Gut microbiota relative abundance (hMGS.00259: Coprococcus sp000154245)",1,"matched"
"taxon:bacteroides cellulosilyticus","GCST90670528","Gut microbiome species abundance (Bacteroides cellulosilyticus, GCF_000158035.1)","GCST90666673","Gut microbiota relative abundance (hMGS.00261: Bacteroides cellulosilyticus)",1,"matched"
"taxon:butyribacter intestini","GCST90670529","Gut microbiome species presence (Butyribacter intestini, GCA_001414325.1)","GCST90666674","Gut microbiota relative abundance (hMGS.00262: Butyribacter intestini)",1,"matched"
"taxon:parabacteroides merdae","GCST90670530","Gut microbiome species abundance (Parabacteroides merdae, GCA_025151215.1)","GCST90666675","Gut microbiota relative abundance (hMGS.00265: Parabacteroides merdae)",1,"matched"
"taxon:ellagibacter isourolithinifaciens","GCST90670531","Gut microbiome species presence (Ellagibacter isourolithinifaciens, GCF_008831035.1)","GCST90666676","Gut microbiota relative abundance (hMGS.00267: Ellagibacter isourolithinifaciens)",1,"matched"
"taxon:blautia a sp000436615","GCST90670532","Gut microbiome species abundance (Blautia A sp000436615, GCF_003461245.1)","GCST90666677","Gut microbiota relative abundance (hMGS.00269: Blautia A sp000436615)",1,"matched"
"taxon:acutalibacter ornithocaccae","GCST90670534","Gut microbiome species abundance (Acutalibacter ornithocaccae, GCA_000435395.1)","GCST90666678","Gut microbiota relative abundance (hMGS.00275: Acutalibacter ornithocaccae)",1,"matched"
"taxon:bacteroides caccae","GCST90670535","Gut microbiome species abundance (Bacteroides caccae, GCF_002222615.2)","GCST90666679","Gut microbiota relative abundance (hMGS.00276: Bacteroides caccae)",1,"matched"
"taxon:blautia a faecis","GCST90670536","Gut microbiome species abundance (Blautia A faecis, GCF_020554845.1)","GCST90666680","Gut microbiota relative abundance (hMGS.00285: Blautia A faecis)",1,"matched"
"taxon:alistipes avistercoris","GCST90670537","Gut microbiome species presence (Alistipes avistercoris, GCA_000434235.1)","GCST90666681","Gut microbiota relative abundance (hMGS.00288: Alistipes avistercoris)",1,"matched"
"taxon:faecalibacterium prausnitzii j","GCST90670538","Gut microbiome species presence (Faecalibacterium prausnitzii J, GCF_003287405.1)","GCST90666682","Gut microbiota relative abundance (hMGS.00290: Faecalibacterium prausnitzii J)",1,"matched"
"taxon:gemmiger sp900539695","GCST90670539","Gut microbiome species abundance (Gemmiger sp900539695, GCA_900539695.1)","GCST90666683","Gut microbiota relative abundance (hMGS.00295: Gemmiger sp900539695)",1,"matched"
"taxon:phocaeicola dorei","GCST90670542","Gut microbiome species abundance (Phocaeicola dorei, GCF_013009555.1)","GCST90666684","Gut microbiota relative abundance (hMGS.00301: Phocaeicola dorei)",1,"matched"
"taxon:dorea a longicatena b","GCST90670544","Gut microbiome species abundance (Dorea A longicatena B, GCF_024168045.1)","GCST90666685","Gut microbiota relative abundance (hMGS.00304: Dorea A longicatena B)",1,"matched"
"taxon:gemmiger sp900540595","GCST90670545","Gut microbiome species presence (Gemmiger sp900540595, GCA_900540595.1)","GCST90666686","Gut microbiota relative abundance (hMGS.00305: Gemmiger sp900540595)",1,"matched"
"taxon:gemmiger sp900540775","GCST90670546","Gut microbiome species presence (Gemmiger sp900540775, GCF_018784445.1)","GCST90666687","Gut microbiota relative abundance (hMGS.00306: Gemmiger sp900540775)",1,"matched"
"taxon:oliverpabstia intestinalis","GCST90670548","Gut microbiome species abundance (Oliverpabstia intestinalis, GCF_009696065.1)","GCST90666688","Gut microbiota relative abundance (hMGS.00308: Oliverpabstia intestinalis)",1,"matched"
"taxon:faecalibacterium sp900758465","GCST90670549","Gut microbiome species abundance (Faecalibacterium sp900758465, GCF_023347275.1)","GCST90666689","Gut microbiota relative abundance (hMGS.00310: Faecalibacterium sp900758465)",1,"matched"
"taxon:negativibacillus sp000435195","GCST90670550","Gut microbiome species presence (Negativibacillus sp000435195, GCA_000435195.1)","GCST90666690","Gut microbiota relative abundance (hMGS.00311: Negativibacillus sp000435195)",1,"matched"
"taxon:er4 sp003522105","GCST90670553","Gut microbiome species presence (ER4 sp003522105, GCA_003522105.1)","GCST90666691","Gut microbiota relative abundance (hMGS.00322: ER4 sp003522105)",1,"matched"
"taxon:limiplasma merdipullorum","GCST90670555","Gut microbiome species abundance (Limiplasma merdipullorum, GCA_900540045.1)","GCST90666692","Gut microbiota relative abundance (hMGS.00324: Limiplasma merdipullorum)",1,"matched"
"taxon:intestinibacter bartlettii","GCST90670556","Gut microbiome species abundance (Intestinibacter bartlettii, GCA_025148965.1)","GCST90666693","Gut microbiota relative abundance (hMGS.00327: Intestinibacter bartlettii)",1,"matched"
"taxon:copromonas sp900066785","GCST90670557","Gut microbiome species abundance (Copromonas sp900066785, GCF_003478035.1)","GCST90666694","Gut microbiota relative abundance (hMGS.00331: Copromonas sp900066785)",1,"matched"
"taxon:enterocloster sp900541315","GCST90670558","Gut microbiome species abundance (Enterocloster sp900541315, GCA_900541315.1)","GCST90666695","Gut microbiota relative abundance (hMGS.00332: Enterocloster sp900541315)",1,"matched"
"taxon:actinomyces sp000220835","GCST90670559","Gut microbiome species presence (Actinomyces sp000220835, GCF_000220835.1)","GCST90666696","Gut microbiota relative abundance (hMGS.00335: Actinomyces sp000220835)",1,"matched"
"taxon:angelakisella sp900547385","GCST90670560","Gut microbiome species presence (Angelakisella sp900547385, GCA_900547385.1)","GCST90666697","Gut microbiota relative abundance (hMGS.00336: Angelakisella sp900547385)",1,"matched"
"taxon:enterocloster bolteae","GCST90670563","Gut microbiome species abundance (Enterocloster bolteae, GCF_002234575.2)","GCST90666698","Gut microbiota relative abundance (hMGS.00341: Enterocloster bolteae)",1,"matched"
"taxon:uba738 sp003522945","GCST90670564","Gut microbiome species presence (UBA738 sp003522945, GCA_003522945.1)","GCST90666699","Gut microbiota relative abundance (hMGS.00342: UBA738 sp003522945)",1,"matched"
"taxon:agathobaculum sp003481705","GCST90670566","Gut microbiome species presence (Agathobaculum sp003481705, GCF_003481705.1)","GCST90666700","Gut microbiota relative abundance (hMGS.00346: Agathobaculum sp003481705)",1,"matched"
"taxon:bifidobacterium dentium","GCST90670567","Gut microbiome species presence (Bifidobacterium dentium, GCF_001042595.1)","GCST90666701","Gut microbiota relative abundance (hMGS.00348: Bifidobacterium dentium)",1,"matched"
"taxon:sfmi01 sp004556155","GCST90670568","Gut microbiome species presence (SFMI01 sp004556155, GCA_004556155.1)","GCST90666702","Gut microbiota relative abundance (hMGS.00351: SFMI01 sp004556155)",1,"matched"
"taxon:clostridium a leptum","GCST90670570","Gut microbiome species abundance (Clostridium A leptum, GCA_000154345.1)","GCST90666703","Gut microbiota relative abundance (hMGS.00355: Clostridium A leptum)",1,"matched"
"taxon:scatomorpha sp900545405","GCST90670571","Gut microbiome species abundance (Scatomorpha sp900545405, GCA_900545405.1)","GCST90666704","Gut microbiota relative abundance (hMGS.00357: Scatomorpha sp900545405)",1,"matched"
"taxon:alistipes a ihumii","GCST90670572","Gut microbiome species abundance (Alistipes A ihumii, GCA_025144665.1)","GCST90666705","Gut microbiota relative abundance (hMGS.00358: Alistipes A ihumii)",1,"matched"
"taxon:blautia a caecimuris","GCST90670573","Gut microbiome species presence (Blautia A caecimuris, GCF_024622975.1)","GCST90666706","Gut microbiota relative abundance (hMGS.00359: Blautia A caecimuris)",1,"matched"
"taxon:phocaeicola massiliensis","GCST90670576","Gut microbiome species presence (Phocaeicola massiliensis, GCF_000382445.1)","GCST90666707","Gut microbiota relative abundance (hMGS.00365: Phocaeicola massiliensis)",1,"matched"
"taxon:butyricimonas virosa","GCST90670577","Gut microbiome species presence (Butyricimonas virosa, GCA_025148635.1)","GCST90666708","Gut microbiota relative abundance (hMGS.00368: Butyricimonas virosa)",1,"matched"
"taxon:clostridium aq innocuum","GCST90670578","Gut microbiome species abundance (Clostridium AQ innocuum, GCF_012317185.1)","GCST90666709","Gut microbiota relative abundance (hMGS.00370: Clostridium AQ innocuum)",1,"matched"
"taxon:cag-170 sp003516765","GCST90670582","Gut microbiome species presence (CAG-170 sp003516765, GCA_003516765.1)","GCST90666710","Gut microbiota relative abundance (hMGS.00391: CAG-170 sp003516765)",1,"matched"
"taxon:cag-273 sp000438355","GCST90670583","Gut microbiome species presence (CAG-273 sp000438355, GCA_000438355.1)","GCST90666711","Gut microbiota relative abundance (hMGS.00392: CAG-273 sp000438355)",1,"matched"
"taxon:lachnospira sp003451515","GCST90670585","Gut microbiome species presence (Lachnospira sp003451515, GCF_003464165.1)","GCST90666712","Gut microbiota relative abundance (hMGS.00396: Lachnospira sp003451515)",1,"matched"
"taxon:uba644 sp900547165","GCST90670586","Gut microbiome species presence (UBA644 sp900547165, GCA_900547165.1)","GCST90666713","Gut microbiota relative abundance (hMGS.00398: UBA644 sp900547165)",1,"matched"
"taxon:cag-448 sp003150135","GCST90670587","Gut microbiome species presence (CAG-448 sp003150135, GCA_022009675.1)","GCST90666714","Gut microbiota relative abundance (hMGS.00400: CAG-448 sp003150135)",1,"matched"
"taxon:faecalibacterium sp900539945","GCST90670588","Gut microbiome species abundance (Faecalibacterium sp900539945, GCA_900539945.1)","GCST90666715","Gut microbiota relative abundance (hMGS.00403: Faecalibacterium sp900539945)",1,"matched"
"taxon:alloscardovia omnicolens","GCST90670589","Gut microbiome species presence (Alloscardovia omnicolens, GCF_000420505.1)","GCST90666716","Gut microbiota relative abundance (hMGS.00407: Alloscardovia omnicolens)",1,"matched"
"taxon:coprococcus a catus","GCST90670590","Gut microbiome species presence (Coprococcus A catus, GCF_019734885.1)","GCST90666717","Gut microbiota relative abundance (hMGS.00408: Coprococcus A catus)",1,"matched"
"taxon:copromonas sp000435795","GCST90670591","Gut microbiome species abundance (Copromonas sp000435795, GCA_014385265.1)","GCST90666718","Gut microbiota relative abundance (hMGS.00409: Copromonas sp000435795)",1,"matched"
"taxon:dorea formicigenerans","GCST90670593","Gut microbiome species abundance (Dorea formicigenerans, GCA_025150245.1)","GCST90666719","Gut microbiota relative abundance (hMGS.00417: Dorea formicigenerans)",1,"matched"
"taxon:anaerobutyricum soehngenii","GCST90670594","Gut microbiome species abundance (Anaerobutyricum soehngenii, GCF_900209925.1)","GCST90666720","Gut microbiota relative abundance (hMGS.00421: Anaerobutyricum soehngenii)",1,"matched"
"taxon:clostridium q symbiosum","GCST90670595","Gut microbiome species presence (Clostridium Q symbiosum, GCF_000466485.1)","GCST90666721","Gut microbiota relative abundance (hMGS.00423: Clostridium Q symbiosum)",1,"matched"
"taxon:clostridium sp000435835","GCST90670596","Gut microbiome species presence (Clostridium sp000435835, GCA_000435835.1)","GCST90666722","Gut microbiota relative abundance (hMGS.00424: Clostridium sp000435835)",1,"matched"
"taxon:lacticaseibacillus paracasei","GCST90670597","Gut microbiome species presence (Lacticaseibacillus paracasei, GCF_000829035.1)","GCST90666723","Gut microbiota relative abundance (hMGS.00426: Lacticaseibacillus paracasei)",1,"matched"
"taxon:bacteroides eggerthii","GCST90670599","Gut microbiome species presence (Bacteroides eggerthii, GCA_025146565.1)","GCST90666724","Gut microbiota relative abundance (hMGS.00432: Bacteroides eggerthii)",1,"matched"
"taxon:coprobacter fastidiosus","GCST90670602","Gut microbiome species abundance (Coprobacter fastidiosus, GCF_003634345.1)","GCST90666725","Gut microbiota relative abundance (hMGS.00436: Coprobacter fastidiosus)",1,"matched"
"taxon:bariatricus comes","GCST90670604","Gut microbiome species abundance (Bariatricus comes, GCA_025149785.1)","GCST90666726","Gut microbiota relative abundance (hMGS.00439: Bariatricus comes)",1,"matched"
"taxon:cag-45 sp000438375","GCST90670605","Gut microbiome species presence (CAG-45 sp000438375, GCA_902363825.1)","GCST90666727","Gut microbiota relative abundance (hMGS.00440: CAG-45 sp000438375)",1,"matched"
"taxon:uba737 sp900549055","GCST90670606","Gut microbiome species presence (UBA737 sp900549055, GCA_900549055.1)","GCST90666728","Gut microbiota relative abundance (hMGS.00445: UBA737 sp900549055)",1,"matched"
"taxon:alistipes a indistinctus","GCST90670610","Gut microbiome species abundance (Alistipes A indistinctus, GCA_025144995.1)","GCST90666729","Gut microbiota relative abundance (hMGS.00453: Alistipes A indistinctus)",1,"matched"
"taxon:cag-95 sp900066375","GCST90670611","Gut microbiome species abundance (CAG-95 sp900066375, GCA_003490145.1)","GCST90666730","Gut microbiota relative abundance (hMGS.00455: CAG-95 sp900066375)",1,"matched"
"taxon:faecalibacterium prausnitzii i","GCST90670612","Gut microbiome species abundance (Faecalibacterium prausnitzii I, GCF_003287495.1)","GCST90666731","Gut microbiota relative abundance (hMGS.00457: Faecalibacterium prausnitzii I)",1,"matched"
"taxon:ruthenibacterium merdipullorum","GCST90670614","Gut microbiome species abundance (Ruthenibacterium merdipullorum, GCA_900546885.1)","GCST90666732","Gut microbiota relative abundance (hMGS.00460: Ruthenibacterium merdipullorum)",1,"matched"
"taxon:cag-196 sp002102975","GCST90670615","Gut microbiome species presence (CAG-196 sp002102975, GCA_900552525.1)","GCST90666733","Gut microbiota relative abundance (hMGS.00464: CAG-196 sp002102975)",1,"matched"
"taxon:akkermansia muciniphila b","GCST90670616","Gut microbiome species presence (Akkermansia muciniphila B, GCF_018847375.1)","GCST90666734","Gut microbiota relative abundance (hMGS.00470: Akkermansia muciniphila B)",1,"matched"
"taxon:fimisoma sp000435715","GCST90670622","Gut microbiome species abundance (Fimisoma sp000435715, GCA_000435715.1)","GCST90666735","Gut microbiota relative abundance (hMGS.00485: Fimisoma sp000435715)",1,"matched"
"taxon:lawsonibacter asaccharolyticus","GCST90670623","Gut microbiome species abundance (Lawsonibacter asaccharolyticus, GCA_003112755.1)","GCST90666736","Gut microbiota relative abundance (hMGS.00486: Lawsonibacter asaccharolyticus)",1,"matched"
"taxon:umgs1312 sp900550625","GCST90670624","Gut microbiome species presence (UMGS1312 sp900550625, GCA_900550625.1)","GCST90666737","Gut microbiota relative abundance (hMGS.00492: UMGS1312 sp900550625)",1,"matched"
"taxon:faecousia sp900546075","GCST90670626","Gut microbiome species presence (Faecousia sp900546075, GCA_900546075.1)","GCST90666738","Gut microbiota relative abundance (hMGS.00498: Faecousia sp900546075)",1,"matched"
"taxon:rothia mucilaginosa a","GCST90670628","Gut microbiome species presence (Rothia mucilaginosa A, GCF_001061665.1)","GCST90666739","Gut microbiota relative abundance (hMGS.00503: Rothia mucilaginosa A)",1,"matched"
"taxon:streptococcus mutans","GCST90670629","Gut microbiome species presence (Streptococcus mutans, GCF_006739205.1)","GCST90666740","Gut microbiota relative abundance (hMGS.00504: Streptococcus mutans)",1,"matched"
"taxon:eubacterium f sp000433735","GCST90670631","Gut microbiome species presence (Eubacterium F sp000433735, GCA_000433735.1)","GCST90666741","Gut microbiota relative abundance (hMGS.00506: Eubacterium F sp000433735)",1,"matched"
"taxon:bacteroides clarus","GCST90670633","Gut microbiome species presence (Bacteroides clarus, GCF_900129655.1)","GCST90666742","Gut microbiota relative abundance (hMGS.00511: Bacteroides clarus)",1,"matched"
"taxon:agathobacter sp000434275","GCST90670635","Gut microbiome species presence (Agathobacter sp000434275, GCA_902363675.1)","GCST90666743","Gut microbiota relative abundance (hMGS.00526: Agathobacter sp000434275)",1,"matched"
"taxon:blautia a sp900066145","GCST90670641","Gut microbiome species abundance (Blautia A sp900066145, GCF_003460605.1)","GCST90666744","Gut microbiota relative abundance (hMGS.00560: Blautia A sp900066145)",1,"matched"
"taxon:parabacteroides goldsteinii","GCST90670642","Gut microbiome species presence (Parabacteroides goldsteinii, GCF_000969835.1)","GCST90666745","Gut microbiota relative abundance (hMGS.00565: Parabacteroides goldsteinii)",1,"matched"
"taxon:rothia dentocariosa","GCST90670643","Gut microbiome species presence (Rothia dentocariosa, GCF_000164695.2)","GCST90666746","Gut microbiota relative abundance (hMGS.00566: Rothia dentocariosa)",1,"matched"
"taxon:qamh01 sp900544245","GCST90670646","Gut microbiome species presence (QAMH01 sp900544245, GCA_900544245.1)","GCST90666747","Gut microbiota relative abundance (hMGS.00582: QAMH01 sp900544245)",1,"matched"
"taxon:romboutsia timonensis","GCST90670647","Gut microbiome species abundance (Romboutsia timonensis, GCF_900106845.1)","GCST90666748","Gut microbiota relative abundance (hMGS.00583: Romboutsia timonensis)",1,"matched"
"taxon:cag-238 sp900551415","GCST90670650","Gut microbiome species presence (CAG-238 sp900551415, GCA_900551415.1)","GCST90666749","Gut microbiota relative abundance (hMGS.00590: CAG-238 sp900551415)",1,"matched"
"taxon:onthomonas sp900545815","GCST90670653","Gut microbiome species presence (Onthomonas sp900545815, GCA_900545815.1)","GCST90666750","Gut microbiota relative abundance (hMGS.00595: Onthomonas sp900545815)",1,"matched"
"taxon:ruminococcus c sp000980705","GCST90670654","Gut microbiome species presence (Ruminococcus C sp000980705, GCA_000980705.1)","GCST90666751","Gut microbiota relative abundance (hMGS.00597: Ruminococcus C sp000980705)",1,"matched"
"taxon:scatomorpha intestinigallinarum","GCST90670655","Gut microbiome species presence (Scatomorpha intestinigallinarum, GCA_900544295.1)","GCST90666752","Gut microbiota relative abundance (hMGS.00598: Scatomorpha intestinigallinarum)",1,"matched"
"taxon:sellimonas intestinalis","GCST90670656","Gut microbiome species presence (Sellimonas intestinalis, GCF_001280875.1)","GCST90666753","Gut microbiota relative abundance (hMGS.00599: Sellimonas intestinalis)",1,"matched"
"taxon:limiplasma sp900548145","GCST90670657","Gut microbiome species presence (Limiplasma sp900548145, GCA_900548145.1)","GCST90666754","Gut microbiota relative abundance (hMGS.00609: Limiplasma sp900548145)",1,"matched"
"taxon:alistipes a pullistercoris","GCST90670661","Gut microbiome species presence (Alistipes A pullistercoris, GCF_009557455.1)","GCST90666755","Gut microbiota relative abundance (hMGS.00636: Alistipes A pullistercoris)",1,"matched"
"taxon:evtepia sp004556345","GCST90670662","Gut microbiome species presence (Evtepia sp004556345, GCA_004556345.1)","GCST90666756","Gut microbiota relative abundance (hMGS.00646: Evtepia sp004556345)",1,"matched"
"taxon:faecalibacterium prausnitzii","GCST90670663","Gut microbiome species presence (Faecalibacterium prausnitzii, GCF_003324185.1)","GCST90666757","Gut microbiota relative abundance (hMGS.00647: Faecalibacterium prausnitzii)",1,"matched"
"taxon:hungatella effluvii","GCST90670664","Gut microbiome species presence (Hungatella effluvii, GCF_003201875.1)","GCST90666758","Gut microbiota relative abundance (hMGS.00649: Hungatella effluvii)",1,"matched"
"taxon:merdibacter merdipullorum","GCST90670665","Gut microbiome species presence (Merdibacter merdipullorum, GCA_900543035.1)","GCST90666759","Gut microbiota relative abundance (hMGS.00650: Merdibacter merdipullorum)",1,"matched"
"taxon:faecalibacterium sp900539885","GCST90670667","Gut microbiome species abundance (Faecalibacterium sp900539885, GCF_023347535.1)","GCST90666760","Gut microbiota relative abundance (hMGS.00662: Faecalibacterium sp900539885)",1,"matched"
"taxon:clostridium ap sp000509125","GCST90670677","Gut microbiome species presence (Clostridium AP sp000509125, GCF_019597925.1)","GCST90666761","Gut microbiota relative abundance (hMGS.00699: Clostridium AP sp000509125)",1,"matched"
"taxon:scatomorpha merdavium","GCST90670678","Gut microbiome species presence (Scatomorpha merdavium, GCA_004553625.1)","GCST90666762","Gut microbiota relative abundance (hMGS.00710: Scatomorpha merdavium)",1,"matched"
"taxon:senegalimassilia anaerobia","GCST90670679","Gut microbiome species presence (Senegalimassilia anaerobia, GCF_000236865.1)","GCST90666763","Gut microbiota relative abundance (hMGS.00711: Senegalimassilia anaerobia)",1,"matched"
"taxon:spyradocola merdavium","GCST90670680","Gut microbiome species presence (Spyradocola merdavium, GCA_904393115.1)","GCST90666764","Gut microbiota relative abundance (hMGS.00712: Spyradocola merdavium)",1,"matched"
"taxon:ventrimonas sp003478505","GCST90670682","Gut microbiome species abundance (Ventrimonas sp003478505, GCF_003478505.1)","GCST90666765","Gut microbiota relative abundance (hMGS.00717: Ventrimonas sp003478505)",1,"matched"
"taxon:clostridium q saccharolyticum a","GCST90670683","Gut microbiome species presence (Clostridium Q saccharolyticum A, GCF_020736365.1)","GCST90666766","Gut microbiota relative abundance (hMGS.00720: Clostridium Q saccharolyticum A)",1,"matched"
"taxon:clostridium saudiense","GCST90670684","Gut microbiome species presence (Clostridium saudiense, GCF_000577815.1)","GCST90666767","Gut microbiota relative abundance (hMGS.00721: Clostridium saudiense)",1,"matched"
"taxon:eubacterium g sp000435815","GCST90670685","Gut microbiome species presence (Eubacterium G sp000435815, GCF_003460505.1)","GCST90666768","Gut microbiota relative abundance (hMGS.00724: Eubacterium G sp000435815)",1,"matched"
"taxon:umgs1071 sp900542375","GCST90670687","Gut microbiome species abundance (UMGS1071 sp900542375, GCA_900542375.1)","GCST90666769","Gut microbiota relative abundance (hMGS.00730: UMGS1071 sp900542375)",1,"matched"
"taxon:ventrimonas sp003480315","GCST90670688","Gut microbiome species abundance (Ventrimonas sp003480315, GCF_003480315.1)","GCST90666770","Gut microbiota relative abundance (hMGS.00733: Ventrimonas sp003480315)",1,"matched"
"taxon:butyribacter sp000436755","GCST90670689","Gut microbiome species presence (Butyribacter sp000436755, GCA_000436755.1)","GCST90666771","Gut microbiota relative abundance (hMGS.00734: Butyribacter sp000436755)",1,"matched"
"taxon:cag-170 sp000436735","GCST90670690","Gut microbiome species presence (CAG-170 sp000436735, GCA_000436735.1)","GCST90666772","Gut microbiota relative abundance (hMGS.00736: CAG-170 sp000436735)",1,"matched"
"taxon:cag-313 sp000433035","GCST90670691","Gut microbiome species presence (CAG-313 sp000433035, GCA_000433035.1)","GCST90666773","Gut microbiota relative abundance (hMGS.00738: CAG-313 sp000433035)",1,"matched"
"taxon:evtepia gabavorous","GCST90670693","Gut microbiome species abundance (Evtepia gabavorous, GCF_003425665.1)","GCST90666774","Gut microbiota relative abundance (hMGS.00744: Evtepia gabavorous)",1,"matched"
"taxon:cag-170 sp900549635","GCST90670695","Gut microbiome species abundance (CAG-170 sp900549635, GCA_916988195.3)","GCST90666775","Gut microbiota relative abundance (hMGS.00761: CAG-170 sp900549635)",1,"matched"
"taxon:cag-272 sp000433515","GCST90670696","Gut microbiome species presence (CAG-272 sp000433515, GCA_000433515.1)","GCST90666776","Gut microbiota relative abundance (hMGS.00762: CAG-272 sp000433515)",1,"matched"
"taxon:eisenbergiella porci","GCST90670697","Gut microbiome species abundance (Eisenbergiella porci, GCF_009696275.1)","GCST90666777","Gut microbiota relative abundance (hMGS.00765: Eisenbergiella porci)",1,"matched"
"taxon:negativibacillus faecipullorum","GCST90670698","Gut microbiome species presence (Negativibacillus faecipullorum, GCA_900547455.1)","GCST90666778","Gut microbiota relative abundance (hMGS.00770: Negativibacillus faecipullorum)",1,"matched"
"taxon:schaedlerella glycyrrhizinilytica a","GCST90670700","Gut microbiome species presence (Schaedlerella glycyrrhizinilytica A, GCF_015560805.1)","GCST90666779","Gut microbiota relative abundance (hMGS.00774: Schaedlerella glycyrrhizinilytica A)",1,"matched"
"taxon:enterocloster clostridioformis","GCST90670702","Gut microbiome species presence (Enterocloster clostridioformis, GCF_020297485.1)","GCST90666780","Gut microbiota relative abundance (hMGS.00784: Enterocloster clostridioformis)",1,"matched"
"taxon:scardovia wiggsiae","","","GCST90666781","Gut microbiota relative abundance (hMGS.00796: Scardovia wiggsiae)",0,"unmatched"
"taxon:uba3402 sp003478355","GCST90670704","Gut microbiome species abundance (UBA3402 sp003478355, GCA_003478355.1)","GCST90666782","Gut microbiota relative abundance (hMGS.00801: UBA3402 sp003478355)",1,"matched"
"taxon:bacteroides faecis","GCST90670705","Gut microbiome species presence (Bacteroides faecis, GCF_900106755.1)","GCST90666783","Gut microbiota relative abundance (hMGS.00805: Bacteroides faecis)",1,"matched"
"taxon:blautia a sp900066355","GCST90670707","Gut microbiome species abundance (Blautia A sp900066355, GCA_900066355.1)","GCST90666784","Gut microbiota relative abundance (hMGS.00807: Blautia A sp900066355)",1,"matched"
"taxon:egerieenecus merdigallinarum","GCST90670711","Gut microbiome species abundance (Egerieenecus merdigallinarum, GCA_900553295.1)","GCST90666785","Gut microbiota relative abundance (hMGS.00818: Egerieenecus merdigallinarum)",1,"matched"
"taxon:enterocloster aldenensis","GCST90670712","Gut microbiome species abundance (Enterocloster aldenensis, GCF_003434055.1)","GCST90666786","Gut microbiota relative abundance (hMGS.00820: Enterocloster aldenensis)",1,"matched"
"taxon:eubacterium g sp000434315","GCST90670713","Gut microbiome species presence (Eubacterium G sp000434315, GCA_902363805.1)","GCST90666787","Gut microbiota relative abundance (hMGS.00821: Eubacterium G sp000434315)",1,"matched"
"taxon:eubacterium i ramulus","GCST90670714","Gut microbiome species abundance (Eubacterium I ramulus, GCF_000469345.1)","GCST90666788","Gut microbiota relative abundance (hMGS.00822: Eubacterium I ramulus)",1,"matched"
"taxon:uba11452 sp003526375","GCST90670716","Gut microbiome species presence (UBA11452 sp003526375, GCA_003526375.1)","GCST90666789","Gut microbiota relative abundance (hMGS.00836: UBA11452 sp003526375)",1,"matched"
"taxon:bacteroides nordii","GCST90670717","Gut microbiome species presence (Bacteroides nordii, GCA_000613465.1)","GCST90666790","Gut microbiota relative abundance (hMGS.00839: Bacteroides nordii)",1,"matched"
"taxon:choladocola sp003480725","GCST90670723","Gut microbiome species abundance (Choladocola sp003480725, GCA_003480725.1)","GCST90666791","Gut microbiota relative abundance (hMGS.00847: Choladocola sp003480725)",1,"matched"
"taxon:prevotella rara","","","GCST90666792","Gut microbiota relative abundance (hMGS.00860: Prevotella rara)",0,"unmatched"
"taxon:umgs1820 sp900545865","GCST90670728","Gut microbiome species presence (UMGS1820 sp900545865, GCA_900545865.1)","GCST90666793","Gut microbiota relative abundance (hMGS.00865: UMGS1820 sp900545865)",1,"matched"
"taxon:victivallis lenta","GCST90670729","Gut microbiome species presence (Victivallis lenta, GCF_009695545.1)","GCST90666794","Gut microbiota relative abundance (hMGS.00866: Victivallis lenta)",1,"matched"
"taxon:umgs856 sp900546265","GCST90670736","Gut microbiome species abundance (UMGS856 sp900546265, GCA_900546265.1)","GCST90666795","Gut microbiota relative abundance (hMGS.00898: UMGS856 sp900546265)",1,"matched"
"taxon:victivallis vadensis","GCST90670737","Gut microbiome species presence (Victivallis vadensis, GCF_003096415.1)","GCST90666796","Gut microbiota relative abundance (hMGS.00899: Victivallis vadensis)",1,"matched"
"taxon:blautia a sp900066205","GCST90670739","Gut microbiome species abundance (Blautia A sp900066205, GCF_013304735.1)","GCST90666797","Gut microbiota relative abundance (hMGS.00905: Blautia A sp900066205)",1,"matched"
"taxon:lawsonibacter sp000177015","GCST90670742","Gut microbiome species presence (Lawsonibacter sp000177015, GCF_008727735.1)","GCST90666798","Gut microbiota relative abundance (hMGS.00920: Lawsonibacter sp000177015)",1,"matched"
"taxon:lawsonibacter sp900545895","GCST90670743","Gut microbiome species presence (Lawsonibacter sp900545895, GCF_016899775.1)","GCST90666799","Gut microbiota relative abundance (hMGS.00921: Lawsonibacter sp900545895)",1,"matched"
"taxon:schaedlerella sp900066545","GCST90670745","Gut microbiome species presence (Schaedlerella sp900066545, GCA_003480425.1)","GCST90666800","Gut microbiota relative abundance (hMGS.00936: Schaedlerella sp900066545)",1,"matched"
"taxon:ventricola sp900542445","GCST90670746","Gut microbiome species abundance (Ventricola sp900542445, GCA_900542445.1)","GCST90666801","Gut microbiota relative abundance (hMGS.00940: Ventricola sp900542445)",1,"matched"
"taxon:faecousia sp000435995","GCST90670748","Gut microbiome species presence (Faecousia sp000435995, GCA_900545515.1)","GCST90666802","Gut microbiota relative abundance (hMGS.00964: Faecousia sp000435995)",1,"matched"
"taxon:lachnoclostridium b sp900066555","GCST90670749","Gut microbiome species abundance (Lachnoclostridium B sp900066555, GCF_003477705.1)","GCST90666803","Gut microbiota relative abundance (hMGS.00967: Lachnoclostridium B sp900066555)",1,"matched"
"taxon:ruthenibacterium sp018380115","GCST90670752","Gut microbiome species abundance (Ruthenibacterium sp018380115, GCA_018380115.1)","GCST90666804","Gut microbiota relative abundance (hMGS.00981: Ruthenibacterium sp018380115)",1,"matched"
"taxon:intestinibacter sp900540355","GCST90670756","Gut microbiome species abundance (Intestinibacter sp900540355, GCF_015667935.1)","GCST90666805","Gut microbiota relative abundance (hMGS.01003: Intestinibacter sp900540355)",1,"matched"
"taxon:limivivens sp900543575","GCST90670757","Gut microbiome species abundance (Limivivens sp900543575, GCA_018223435.1)","GCST90666806","Gut microbiota relative abundance (hMGS.01005: Limivivens sp900543575)",1,"matched"
"taxon:streptococcus sp001556435","GCST90670760","Gut microbiome species abundance (Streptococcus sp001556435, GCF_009738225.1)","GCST90666807","Gut microbiota relative abundance (hMGS.01022: Streptococcus sp001556435)",1,"matched"
"taxon:umgs1975 sp900546685","GCST90670763","Gut microbiome species abundance (UMGS1975 sp900546685, GCA_900546685.1)","GCST90666808","Gut microbiota relative abundance (hMGS.01027: UMGS1975 sp900546685)",1,"matched"
"taxon:umgs973 sp900547295","GCST90670764","Gut microbiome species presence (UMGS973 sp900547295, GCA_900547295.1)","GCST90666809","Gut microbiota relative abundance (hMGS.01028: UMGS973 sp900547295)",1,"matched"
"taxon:alistipes senegalensis","GCST90670766","Gut microbiome species presence (Alistipes senegalensis, GCA_025145645.1)","GCST90666810","Gut microbiota relative abundance (hMGS.01036: Alistipes senegalensis)",1,"matched"
"taxon:bifidobacterium animalis","GCST90670767","Gut microbiome species presence (Bifidobacterium animalis, GCF_000260715.1)","GCST90666811","Gut microbiota relative abundance (hMGS.01040: Bifidobacterium animalis)",1,"matched"
"taxon:blautia a sp900548245","GCST90670768","Gut microbiome species presence (Blautia A sp900548245, GCF_009883055.1)","GCST90666812","Gut microbiota relative abundance (hMGS.01042: Blautia A sp900548245)",1,"matched"
"taxon:coprobacillus cateniformis","GCST90670769","Gut microbiome species presence (Coprobacillus cateniformis, GCF_009767585.1)","GCST90666813","Gut microbiota relative abundance (hMGS.01048: Coprobacillus cateniformis)",1,"matched"
"taxon:eubacterium g sp000432355","GCST90670771","Gut microbiome species abundance (Eubacterium G sp000432355, GCF_003479405.1)","GCST90666814","Gut microbiota relative abundance (hMGS.01054: Eubacterium G sp000432355)",1,"matched"
"taxon:fimisoma sp900540145","GCST90670772","Gut microbiome species presence (Fimisoma sp900540145, GCA_900540145.1)","GCST90666815","Gut microbiota relative abundance (hMGS.01057: Fimisoma sp900540145)",1,"matched"
"taxon:hgm13006 sp900756575","GCST90670773","Gut microbiome species presence (HGM13006 sp900756575, GCA_900756575.1)","GCST90666816","Gut microbiota relative abundance (hMGS.01065: HGM13006 sp900756575)",1,"matched"
"taxon:pauljensenia sp000278725","GCST90670774","Gut microbiome species abundance (Pauljensenia sp000278725, GCF_000278725.1)","GCST90666817","Gut microbiota relative abundance (hMGS.01072: Pauljensenia sp000278725)",1,"matched"
"taxon:dysosmobacter sp900542115","GCST90670778","Gut microbiome species abundance (Dysosmobacter sp900542115, GCA_900542115.1)","GCST90666818","Gut microbiota relative abundance (hMGS.01115: Dysosmobacter sp900542115)",1,"matched"
"taxon:eisenbergiella tayi","GCST90670779","Gut microbiome species abundance (Eisenbergiella tayi, GCF_001881565.1)","GCST90666819","Gut microbiota relative abundance (hMGS.01116: Eisenbergiella tayi)",1,"matched"
"taxon:faecalibacterium prausnitzii f","GCST90670780","Gut microbiome species presence (Faecalibacterium prausnitzii F, GCF_002549775.1)","GCST90666820","Gut microbiota relative abundance (hMGS.01118: Faecalibacterium prausnitzii F)",1,"matched"
"taxon:fimisoma avicola","GCST90670781","Gut microbiome species presence (Fimisoma avicola, GCA_900542565.1)","GCST90666821","Gut microbiota relative abundance (hMGS.01120: Fimisoma avicola)",1,"matched"
"taxon:acutalibacter stercoravium","GCST90670788","Gut microbiome species presence (Acutalibacter stercoravium, GCA_900543555.1)","GCST90666822","Gut microbiota relative abundance (hMGS.01155: Acutalibacter stercoravium)",1,"matched"
"taxon:cag-170 sp900553545","GCST90670790","Gut microbiome species abundance (CAG-170 sp900553545, GCA_900553545.1)","GCST90666823","Gut microbiota relative abundance (hMGS.01165: CAG-170 sp900553545)",1,"matched"
"taxon:cag-317 sp000433215","GCST90670792","Gut microbiome species abundance (CAG-317 sp000433215, GCF_003435815.1)","GCST90666824","Gut microbiota relative abundance (hMGS.01167: CAG-317 sp000433215)",1,"matched"
"taxon:intestinimonas butyriciproducens","GCST90670794","Gut microbiome species abundance (Intestinimonas butyriciproducens, GCF_004154955.1)","GCST90666825","Gut microbiota relative abundance (hMGS.01183: Intestinimonas butyriciproducens)",1,"matched"
"taxon:longicatena caecimuris","GCST90670796","Gut microbiome species presence (Longicatena caecimuris, GCF_004341945.1)","GCST90666826","Gut microbiota relative abundance (hMGS.01187: Longicatena caecimuris)",1,"matched"
"taxon:massilistercora timonensis","GCST90670797","Gut microbiome species presence (Massilistercora timonensis, GCF_900312975.1)","GCST90666827","Gut microbiota relative abundance (hMGS.01188: Massilistercora timonensis)",1,"matched"
"taxon:nsj-51 sp900549795","GCST90670798","Gut microbiome species abundance (NSJ-51 sp900549795, GCF_014287895.1)","GCST90666828","Gut microbiota relative abundance (hMGS.01190: NSJ-51 sp900549795)",1,"matched"
"taxon:scatosoma sp003150575","GCST90670800","Gut microbiome species presence (Scatosoma sp003150575, GCA_900540805.1)","GCST90666829","Gut microbiota relative abundance (hMGS.01199: Scatosoma sp003150575)",1,"matched"
"taxon:umgs621 sp900543915","GCST90670804","Gut microbiome species presence (UMGS621 sp900543915, GCA_900543915.1)","GCST90666830","Gut microbiota relative abundance (hMGS.01212: UMGS621 sp900543915)",1,"matched"
"taxon:anaeromassilibacillus stercoravium","GCST90670807","Gut microbiome species abundance (Anaeromassilibacillus stercoravium, GCF_002159845.1)","GCST90666831","Gut microbiota relative abundance (hMGS.01228: Anaeromassilibacillus stercoravium)",1,"matched"
"taxon:borkfalkia ceftriaxoniphila","GCST90670808","Gut microbiome species abundance (Borkfalkia ceftriaxoniphila, GCF_004134775.1)","GCST90666832","Gut microbiota relative abundance (hMGS.01232: Borkfalkia ceftriaxoniphila)",1,"matched"
"taxon:faecousia sp900544405","GCST90670810","Gut microbiome species presence (Faecousia sp900544405, GCA_900544405.1)","GCST90666833","Gut microbiota relative abundance (hMGS.01248: Faecousia sp900544405)",1,"matched"
"taxon:lawsonibacter sp014287875","GCST90670812","Gut microbiome species abundance (Lawsonibacter sp014287875, GCF_014287875.1)","GCST90666834","Gut microbiota relative abundance (hMGS.01256: Lawsonibacter sp014287875)",1,"matched"
"taxon:lawsonibacter sp900066645","GCST90670813","Gut microbiome species abundance (Lawsonibacter sp900066645, GCA_902362775.1)","GCST90666835","Gut microbiota relative abundance (hMGS.01257: Lawsonibacter sp900066645)",1,"matched"
"taxon:pauljensenia sp000308055","","","GCST90666836","Gut microbiota relative abundance (hMGS.01262: Pauljensenia sp000308055)",0,"unmatched"
"taxon:pauljensenia sp000466265","GCST90670814","Gut microbiome species presence (Pauljensenia sp000466265, GCF_000466265.1)","GCST90666837","Gut microbiota relative abundance (hMGS.01263: Pauljensenia sp000466265)",1,"matched"
"taxon:streptococcus gordonii","GCST90670818","Gut microbiome species presence (Streptococcus gordonii, GCF_001553855.1)","GCST90666838","Gut microbiota relative abundance (hMGS.01277: Streptococcus gordonii)",1,"matched"
"taxon:blautia a sp003477525","GCST90670820","Gut microbiome species presence (Blautia A sp003477525, GCF_003477525.1)","GCST90666839","Gut microbiota relative abundance (hMGS.01305: Blautia A sp003477525)",1,"matched"
"taxon:enterenecus sp900549885","GCST90670821","Gut microbiome species abundance (Enterenecus sp900549885, GCA_900549885.1)","GCST90666840","Gut microbiota relative abundance (hMGS.01321: Enterenecus sp900549885)",1,"matched"
"taxon:fournierella excrementavium","GCST90670823","Gut microbiome species presence (Fournierella excrementavium, GCA_004558145.1)","GCST90666841","Gut microbiota relative abundance (hMGS.01331: Fournierella excrementavium)",1,"matched"
"taxon:hgm13222 sp900757485","GCST90670825","Gut microbiome species presence (HGM13222 sp900757485, GCA_900757485.1)","GCST90666842","Gut microbiota relative abundance (hMGS.01337: HGM13222 sp900757485)",1,"matched"
"taxon:merdimonas faecis","GCST90670827","Gut microbiome species presence (Merdimonas faecis, GCF_001754075.1)","GCST90666843","Gut microbiota relative abundance (hMGS.01347: Merdimonas faecis)",1,"matched"
"taxon:pauljensenia sp000758755","","","GCST90666844","Gut microbiota relative abundance (hMGS.01354: Pauljensenia sp000758755)",0,"unmatched"
"taxon:scatosoma sp900555925","GCST90670829","Gut microbiome species abundance (Scatosoma sp900555925, GCA_900555925.1)","GCST90666845","Gut microbiota relative abundance (hMGS.01366: Scatosoma sp900555925)",1,"matched"
"taxon:anaerotruncus massiliensis","GCST90670831","Gut microbiome species presence (Anaerotruncus massiliensis, GCF_900199635.1)","GCST90666846","Gut microbiota relative abundance (hMGS.01401: Anaerotruncus massiliensis)",1,"matched"
"taxon:copromonas sp900066055","GCST90670833","Gut microbiome species presence (Copromonas sp900066055, GCF_003480435.1)","GCST90666847","Gut microbiota relative abundance (hMGS.01418: Copromonas sp900066055)",1,"matched"
"taxon:eubacterium b sulci","","","GCST90666848","Gut microbiota relative abundance (hMGS.01427: Eubacterium B sulci)",0,"unmatched"
"taxon:faecivicinus sp900553265","GCST90670835","Gut microbiome species presence (Faecivicinus sp900553265, GCA_900553265.1)","GCST90666849","Gut microbiota relative abundance (hMGS.01431: Faecivicinus sp900553265)",1,"matched"
"taxon:fimadaptatus sp900553645","GCST90670836","Gut microbiome species presence (Fimadaptatus sp900553645, GCA_900553645.1)","GCST90666850","Gut microbiota relative abundance (hMGS.01432: Fimadaptatus sp900553645)",1,"matched"
"taxon:massilicoli timonensis","GCST90670838","Gut microbiome species presence (Massilicoli timonensis, GCF_900199515.1)","GCST90666851","Gut microbiota relative abundance (hMGS.01447: Massilicoli timonensis)",1,"matched"
"taxon:mogibacterium diversum","GCST90670840","Gut microbiome species abundance (Mogibacterium diversum, GCF_002998925.1)","GCST90666852","Gut microbiota relative abundance (hMGS.01449: Mogibacterium diversum)",1,"matched"
"taxon:streptococcus parasanguinis","GCST90670842","Gut microbiome species presence (Streptococcus parasanguinis, GCF_000164675.2)","GCST90666853","Gut microbiota relative abundance (hMGS.01464: Streptococcus parasanguinis)",1,"matched"
"taxon:terrisporobacter sp900557165","GCST90670843","Gut microbiome species presence (Terrisporobacter sp900557165, GCA_900557165.1)","GCST90666854","Gut microbiota relative abundance (hMGS.01466: Terrisporobacter sp900557165)",1,"matched"
"taxon:alectryocaccomicrobium faecavium","GCST90670846","Gut microbiome species presence (Alectryocaccomicrobium faecavium, GCA_900754755.1)","GCST90666855","Gut microbiota relative abundance (hMGS.01496: Alectryocaccomicrobium faecavium)",1,"matched"
"taxon:anaerotruncus colihominis","GCST90670847","Gut microbiome species abundance (Anaerotruncus colihominis, GCA_025146135.1)","GCST90666856","Gut microbiota relative abundance (hMGS.01502: Anaerotruncus colihominis)",1,"matched"
"taxon:avimicrobium caecorum","GCST90670848","Gut microbiome species abundance (Avimicrobium caecorum, GCF_016901815.1)","GCST90666857","Gut microbiota relative abundance (hMGS.01503: Avimicrobium caecorum)",1,"matched"
"taxon:blautia a sp900066505","GCST90670852","Gut microbiome species abundance (Blautia A sp900066505, GCF_013304385.1)","GCST90666858","Gut microbiota relative abundance (hMGS.01512: Blautia A sp900066505)",1,"matched"
"taxon:cag-238 sp900542245","GCST90670855","Gut microbiome species abundance (CAG-238 sp900542245, GCA_900542245.1)","GCST90666859","Gut microbiota relative abundance (hMGS.01520: CAG-238 sp900542245)",1,"matched"
"taxon:enterocloster lavalensis","GCST90670858","Gut microbiome species abundance (Enterocloster lavalensis, GCF_902364025.1)","GCST90666860","Gut microbiota relative abundance (hMGS.01546: Enterocloster lavalensis)",1,"matched"
"taxon:intestinimonas massiliensis","GCST90670861","Gut microbiome species abundance (Intestinimonas massiliensis, GCF_001244995.1)","GCST90666861","Gut microbiota relative abundance (hMGS.01559: Intestinimonas massiliensis)",1,"matched"
"taxon:limiplasma sp004556545","GCST90670864","Gut microbiome species presence (Limiplasma sp004556545, GCA_004556545.1)","GCST90666862","Gut microbiota relative abundance (hMGS.01568: Limiplasma sp004556545)",1,"matched"
"taxon:marvinbryantia sp900550755","GCST90670865","Gut microbiome species presence (Marvinbryantia sp900550755, GCA_905201705.1)","GCST90666863","Gut microbiota relative abundance (hMGS.01571: Marvinbryantia sp900550755)",1,"matched"
"taxon:merdisoma sp900553635","GCST90670867","Gut microbiome species presence (Merdisoma sp900553635, GCA_900553635.1)","GCST90666864","Gut microbiota relative abundance (hMGS.01573: Merdisoma sp900553635)",1,"matched"
"taxon:monoglobus pectinilyticus","GCST90670868","Gut microbiome species presence (Monoglobus pectinilyticus, GCF_002874775.1)","GCST90666865","Gut microbiota relative abundance (hMGS.01576: Monoglobus pectinilyticus)",1,"matched"
"taxon:umgs1696 sp900753285","GCST90670870","Gut microbiome species presence (UMGS1696 sp900753285, GCA_900753285.1)","GCST90666866","Gut microbiota relative abundance (hMGS.01609: UMGS1696 sp900753285)",1,"matched"
"taxon:alangreenwoodia sp905206455","GCST90670873","Gut microbiome species abundance (Alangreenwoodia sp905206455, GCA_905206455.1)","GCST90666867","Gut microbiota relative abundance (hMGS.01634: Alangreenwoodia sp905206455)",1,"matched"
"taxon:blautia a luti","GCST90670875","Gut microbiome species presence (Blautia A luti, GCF_009707925.1)","GCST90666868","Gut microbiota relative abundance (hMGS.01642: Blautia A luti)",1,"matched"
"taxon:choladousia sp902363665","GCST90670878","Gut microbiome species abundance (Choladousia sp902363665, GCA_902363665.1)","GCST90666869","Gut microbiota relative abundance (hMGS.01665: Choladousia sp902363665)",1,"matched"
"taxon:dielma fastidiosa","GCST90670880","Gut microbiome species abundance (Dielma fastidiosa, GCF_000313565.1)","GCST90666870","Gut microbiota relative abundance (hMGS.01686: Dielma fastidiosa)",1,"matched"
"taxon:dysosmobacter excrementavium","GCST90670881","Gut microbiome species presence (Dysosmobacter excrementavium, GCA_019118505.1)","GCST90666871","Gut microbiota relative abundance (hMGS.01687: Dysosmobacter excrementavium)",1,"matched"
"taxon:enterocloster citroniae","GCST90670883","Gut microbiome species abundance (Enterocloster citroniae, GCF_000233455.1)","GCST90666872","Gut microbiota relative abundance (hMGS.01693: Enterocloster citroniae)",1,"matched"
"taxon:enterocloster excrementigallinarum","GCST90670884","Gut microbiome species abundance (Enterocloster excrementigallinarum, GCA_900547035.1)","GCST90666873","Gut microbiota relative abundance (hMGS.01694: Enterocloster excrementigallinarum)",1,"matched"
"taxon:fimivivens sp900113995","GCST90670887","Gut microbiome species presence (Fimivivens sp900113995, GCA_900113995.1)","GCST90666874","Gut microbiota relative abundance (hMGS.01706: Fimivivens sp900113995)",1,"matched"
"taxon:holdemania filiformis","GCST90670888","Gut microbiome species abundance (Holdemania filiformis, GCF_000157995.1)","GCST90666875","Gut microbiota relative abundance (hMGS.01717: Holdemania filiformis)",1,"matched"
"taxon:pauljensenia sp902373545","GCST90670889","Gut microbiome species presence (Pauljensenia sp902373545, GCA_902373545.1)","GCST90666876","Gut microbiota relative abundance (hMGS.01739: Pauljensenia sp902373545)",1,"matched"
"taxon:scatosoma sp900552625","GCST90670892","Gut microbiome species presence (Scatosoma sp900552625, GCA_905209085.1)","GCST90666877","Gut microbiota relative abundance (hMGS.01757: Scatosoma sp900552625)",1,"matched"
"taxon:acetatifactor sp900755865","GCST90670894","Gut microbiome species presence (Acetatifactor sp900755865, GCA_900755865.1)","GCST90666878","Gut microbiota relative abundance (hMGS.01804: Acetatifactor sp900755865)",1,"matched"
"taxon:blautia a sp900120195","GCST90670896","Gut microbiome species abundance (Blautia A sp900120195, GCF_900120195.1)","GCST90666879","Gut microbiota relative abundance (hMGS.01829: Blautia A sp900120195)",1,"matched"
"taxon:choladousia sp902363135","GCST90670898","Gut microbiome species abundance (Choladousia sp902363135, GCA_902363135.1)","GCST90666880","Gut microbiota relative abundance (hMGS.01859: Choladousia sp902363135)",1,"matched"
"taxon:dysosmobacter sp900544615","GCST90670899","Gut microbiome species presence (Dysosmobacter sp900544615, GCA_900544615.1)","GCST90666881","Gut microbiota relative abundance (hMGS.01886: Dysosmobacter sp900544615)",1,"matched"
"taxon:merdisoma sp900066385","GCST90670905","Gut microbiome species abundance (Merdisoma sp900066385, GCA_902362725.1)","GCST90666882","Gut microbiota relative abundance (hMGS.01935: Merdisoma sp900066385)",1,"matched"
"taxon:scatomorpha sp900759385","GCST90670908","Gut microbiome species presence (Scatomorpha sp900759385, GCA_900759385.1)","GCST90666883","Gut microbiota relative abundance (hMGS.01981: Scatomorpha sp900759385)",1,"matched"
"taxon:turicibacter sanguinis","GCST90670910","Gut microbiome species abundance (Turicibacter sanguinis, GCF_013046825.1)","GCST90666884","Gut microbiota relative abundance (hMGS.02003: Turicibacter sanguinis)",1,"matched"
"taxon:uba3818 sp900557155","GCST90670911","Gut microbiome species abundance (UBA3818 sp900557155, GCA_934875375.1)","GCST90666885","Gut microbiota relative abundance (hMGS.02007: UBA3818 sp900557155)",1,"matched"
"taxon:umgs1264 sp904399395","GCST90670912","Gut microbiome species abundance (UMGS1264 sp904399395, GCA_904399395.1)","GCST90666886","Gut microbiota relative abundance (hMGS.02013: UMGS1264 sp904399395)",1,"matched"
"taxon:umgs775 sp900545325","GCST90670914","Gut microbiome species presence (UMGS775 sp900545325, GCA_900545325.1)","GCST90666887","Gut microbiota relative abundance (hMGS.02025: UMGS775 sp900545325)",1,"matched"
"taxon:jagzmm01 hmgs.02059","","","GCST90666888","Gut microbiota relative abundance (hMGS.02059: JAGZMM01 hMGS.02059)",0,"unmatched"
"taxon:acutalibacter sp900548545","GCST90670916","Gut microbiome species abundance (Acutalibacter sp900548545, GCA_900548545.1)","GCST90666889","Gut microbiota relative abundance (hMGS.02076: Acutalibacter sp900548545)",1,"matched"
"taxon:af33-28 sp003477885","GCST90670918","Gut microbiome species abundance (AF33-28 sp003477885, GCF_003477885.1)","GCST90666890","Gut microbiota relative abundance (hMGS.02079: AF33-28 sp003477885)",1,"matched"
"taxon:anaerotruncus rubiinfantis","GCST90670919","Gut microbiome species abundance (Anaerotruncus rubiinfantis, GCF_900078395.1)","GCST90666891","Gut microbiota relative abundance (hMGS.02091: Anaerotruncus rubiinfantis)",1,"matched"
"taxon:blautia a hydrogenotrophica","GCST90670920","Gut microbiome species presence (Blautia A hydrogenotrophica, GCF_000157975.1)","GCST90666892","Gut microbiota relative abundance (hMGS.02104: Blautia A hydrogenotrophica)",1,"matched"
"taxon:choladocola sp018223365","GCST90670923","Gut microbiome species abundance (Choladocola sp018223365, GCA_018223365.1)","GCST90666893","Gut microbiota relative abundance (hMGS.02148: Choladocola sp018223365)",1,"matched"
"taxon:copromonas sp900541255","GCST90670925","Gut microbiome species presence (Copromonas sp900541255, GCA_018223415.1)","GCST90666894","Gut microbiota relative abundance (hMGS.02167: Copromonas sp900541255)",1,"matched"
"taxon:enterocloster asparagiformis","GCST90670927","Gut microbiome species presence (Enterocloster asparagiformis, GCA_025149125.1)","GCST90666895","Gut microbiota relative abundance (hMGS.02189: Enterocloster asparagiformis)",1,"matched"
"taxon:holdemania sp900120005","GCST90670930","Gut microbiome species abundance (Holdemania sp900120005, GCF_900120005.1)","GCST90666896","Gut microbiota relative abundance (hMGS.02223: Holdemania sp900120005)",1,"matched"
"taxon:leuconostoc mesenteroides","GCST90670934","Gut microbiome species presence (Leuconostoc mesenteroides, GCF_000014445.1)","GCST90666897","Gut microbiota relative abundance (hMGS.02239: Leuconostoc mesenteroides)",1,"matched"
"taxon:limivivens sp900066135","GCST90670935","Gut microbiome species abundance (Limivivens sp900066135, GCF_003463065.1)","GCST90666898","Gut microbiota relative abundance (hMGS.02245: Limivivens sp900066135)",1,"matched"
"taxon:massilistercora sp902406105","GCST90670937","Gut microbiome species presence (Massilistercora sp902406105, GCA_902406105.1)","GCST90666899","Gut microbiota relative abundance (hMGS.02248: Massilistercora sp902406105)",1,"matched"
"taxon:merdibacter merdigallinarum","GCST90670938","Gut microbiome species abundance (Merdibacter merdigallinarum, GCA_019118705.1)","GCST90666900","Gut microbiota relative abundance (hMGS.02249: Merdibacter merdigallinarum)",1,"matched"
"taxon:merdisoma faecalis","GCST90670939","Gut microbiome species abundance (Merdisoma faecalis, GCF_002160765.1)","GCST90666901","Gut microbiota relative abundance (hMGS.02250: Merdisoma faecalis)",1,"matched"
"taxon:muricomes contortus b","GCST90670940","Gut microbiome species abundance (Muricomes contortus B, GCF_001404335.1)","GCST90666902","Gut microbiota relative abundance (hMGS.02254: Muricomes contortus B)",1,"matched"
"taxon:muricomes sp000509105","GCST90670941","Gut microbiome species abundance (Muricomes sp000509105, GCA_000509105.1)","GCST90666903","Gut microbiota relative abundance (hMGS.02255: Muricomes sp000509105)",1,"matched"
"taxon:pauljensenia bouchesdurhonensis","GCST90670943","Gut microbiome species presence (Pauljensenia bouchesdurhonensis, GCF_900128465.1)","GCST90666904","Gut microbiota relative abundance (hMGS.02277: Pauljensenia bouchesdurhonensis)",1,"matched"
"taxon:uba10677 sp900553005","GCST90670949","Gut microbiome species presence (UBA10677 sp900553005, GCA_900553005.1)","GCST90666905","Gut microbiota relative abundance (hMGS.02366: UBA10677 sp900553005)",1,"matched"
"taxon:uba866 sp900543295","GCST90670952","Gut microbiome species abundance (UBA866 sp900543295, GCA_900543295.1)","GCST90666906","Gut microbiota relative abundance (hMGS.02378: UBA866 sp900543295)",1,"matched"
"taxon:umgs882 sp900546385","GCST90670957","Gut microbiome species presence (UMGS882 sp900546385, GCA_900546385.1)","GCST90666907","Gut microbiota relative abundance (hMGS.02393: UMGS882 sp900546385)",1,"matched"
"taxon:ventrisoma faecale","GCST90670960","Gut microbiome species abundance (Ventrisoma faecale, GCA_001304875.1)","GCST90666908","Gut microbiota relative abundance (hMGS.02480: Ventrisoma faecale)",1,"matched"
"taxon:agathobaculum sp900291975","GCST90670962","Gut microbiome species abundance (Agathobaculum sp900291975, GCF_900291975.1)","GCST90666909","Gut microbiota relative abundance (hMGS.02500: Agathobaculum sp900291975)",1,"matched"
"taxon:avimonas a narfia","GCST90670963","Gut microbiome species abundance (Avimonas A narfia, GCA_904395335.1)","GCST90666910","Gut microbiota relative abundance (hMGS.02524: Avimonas A narfia)",1,"matched"
"taxon:caccousia avistercoris","GCST90670966","Gut microbiome species presence (Caccousia avistercoris, GCA_018715025.1)","GCST90666911","Gut microbiota relative abundance (hMGS.02560: Caccousia avistercoris)",1,"matched"
"taxon:choladocola sp003481535","GCST90670969","Gut microbiome species abundance (Choladocola sp003481535, GCA_018228645.1)","GCST90666912","Gut microbiota relative abundance (hMGS.02604: Choladocola sp003481535)",1,"matched"
"taxon:dysosmobacter avistercoris","GCST90670972","Gut microbiome species presence (Dysosmobacter avistercoris, GCF_016902445.1)","GCST90666913","Gut microbiota relative abundance (hMGS.02664: Dysosmobacter avistercoris)",1,"matched"
"taxon:eisenbergiella sp900555195","GCST90670978","Gut microbiome species presence (Eisenbergiella sp900555195, GCA_900555195.1)","GCST90666914","Gut microbiota relative abundance (hMGS.02675: Eisenbergiella sp900555195)",1,"matched"
"taxon:enterocloster sp005845215","GCST90670981","Gut microbiome species presence (Enterocloster sp005845215, GCF_005845215.1)","GCST90666915","Gut microbiota relative abundance (hMGS.02680: Enterocloster sp005845215)",1,"matched"
"taxon:fimivivens sp014385025","GCST90670983","Gut microbiome species presence (Fimivivens sp014385025, GCA_014385025.1)","GCST90666916","Gut microbiota relative abundance (hMGS.02710: Fimivivens sp014385025)",1,"matched"
"taxon:flemingibacterium sp900546315","GCST90670984","Gut microbiome species abundance (Flemingibacterium sp900546315, GCA_900546315.1)","GCST90666917","Gut microbiota relative abundance (hMGS.02714: Flemingibacterium sp900546315)",1,"matched"
"taxon:geddesella stercoravicola","GCST90670987","Gut microbiome species presence (Geddesella stercoravicola, GCA_904398665.1)","GCST90666918","Gut microbiota relative abundance (hMGS.02725: Geddesella stercoravicola)",1,"matched"
"taxon:gordonibacter pamelaeae","GCST90670988","Gut microbiome species abundance (Gordonibacter pamelaeae, GCF_000210055.1)","GCST90666919","Gut microbiota relative abundance (hMGS.02733: Gordonibacter pamelaeae)",1,"matched"
"taxon:gordonibacter urolithinfaciens","GCST90670989","Gut microbiome species presence (Gordonibacter urolithinfaciens, GCF_900199375.1)","GCST90666920","Gut microbiota relative abundance (hMGS.02734: Gordonibacter urolithinfaciens)",1,"matched"
"taxon:harryflintia acetispora","GCST90670990","Gut microbiome species presence (Harryflintia acetispora, GCA_004340125.1)","GCST90666921","Gut microbiota relative abundance (hMGS.02737: Harryflintia acetispora)",1,"matched"
"taxon:hgm11417 sp900761895","GCST90670991","Gut microbiome species presence (HGM11417 sp900761895, GCA_900761895.1)","GCST90666922","Gut microbiota relative abundance (hMGS.02744: HGM11417 sp900761895)",1,"matched"
"taxon:holdemania massiliensis","GCST90670993","Gut microbiome species presence (Holdemania massiliensis, GCF_000327285.1)","GCST90666923","Gut microbiota relative abundance (hMGS.02749: Holdemania massiliensis)",1,"matched"
"taxon:hydrogeniiclostridium mannosilyticum","GCST90670994","Gut microbiome species abundance (Hydrogeniiclostridium mannosilyticum, GCF_003268275.1)","GCST90666924","Gut microbiota relative abundance (hMGS.02751: Hydrogeniiclostridium mannosilyticum)",1,"matched"
"taxon:lachnoclostridium b sp900066765","GCST90670997","Gut microbiome species presence (Lachnoclostridium B sp900066765, GCA_902362865.1)","GCST90666925","Gut microbiota relative abundance (hMGS.02766: Lachnoclostridium B sp900066765)",1,"matched"
"taxon:lawsonibacter sp900549405","GCST90670998","Gut microbiome species abundance (Lawsonibacter sp900549405, GCA_900549405.1)","GCST90666926","Gut microbiota relative abundance (hMGS.02776: Lawsonibacter sp900549405)",1,"matched"
"taxon:mailhella merdigallinarum","GCST90670999","Gut microbiome species presence (Mailhella merdigallinarum, GCA_900541395.1)","GCST90666927","Gut microbiota relative abundance (hMGS.02796: Mailhella merdigallinarum)",1,"matched"
"taxon:marvinbryantia sp900066075","GCST90671001","Gut microbiome species presence (Marvinbryantia sp900066075, GCA_003435055.1)","GCST90666928","Gut microbiota relative abundance (hMGS.02798: Marvinbryantia sp900066075)",1,"matched"
"taxon:marvinbryantia sp900544685","GCST90671002","Gut microbiome species presence (Marvinbryantia sp900544685, GCA_900544685.1)","GCST90666929","Gut microbiota relative abundance (hMGS.02799: Marvinbryantia sp900544685)",1,"matched"
"taxon:massilioclostridium coli","GCST90671003","Gut microbiome species abundance (Massilioclostridium coli, GCF_900095865.1)","GCST90666930","Gut microbiota relative abundance (hMGS.02800: Massilioclostridium coli)",1,"matched"
"taxon:massilioclostridium methylpentosum","GCST90671004","Gut microbiome species presence (Massilioclostridium methylpentosum, GCA_000158655.1)","GCST90666931","Gut microbiota relative abundance (hMGS.02801: Massilioclostridium methylpentosum)",1,"matched"
"taxon:mediterraneibacter a butyricigenes","GCST90671005","Gut microbiome species abundance (Mediterraneibacter A butyricigenes, GCF_003574295.1)","GCST90666932","Gut microbiota relative abundance (hMGS.02802: Mediterraneibacter A butyricigenes)",1,"matched"
"taxon:mediterraneibacter massiliensis","GCST90671006","Gut microbiome species presence (Mediterraneibacter massiliensis, GCF_001487105.1)","GCST90666933","Gut microbiota relative abundance (hMGS.02803: Mediterraneibacter massiliensis)",1,"matched"
"taxon:mediterraneibacter sp900541505","GCST90671007","Gut microbiome species presence (Mediterraneibacter sp900541505, GCA_900541505.1)","GCST90666934","Gut microbiota relative abundance (hMGS.02804: Mediterraneibacter sp900541505)",1,"matched"
"taxon:metalachnospira sp900553995","GCST90671009","Gut microbiome species abundance (Metalachnospira sp900553995, GCF_018918145.1)","GCST90666935","Gut microbiota relative abundance (hMGS.02816: Metalachnospira sp900553995)",1,"matched"
"taxon:oxalobacter sp900760095","GCST90671010","Gut microbiome species presence (Oxalobacter sp900760095, GCA_900760095.1)","GCST90666936","Gut microbiota relative abundance (hMGS.02846: Oxalobacter sp900760095)",1,"matched"
"taxon:pelethomonas sp900549475","GCST90671011","Gut microbiome species presence (Pelethomonas sp900549475, GCA_900549475.1)","GCST90666937","Gut microbiota relative abundance (hMGS.02863: Pelethomonas sp900549475)",1,"matched"
"taxon:phocea massiliensis","GCST90671012","Gut microbiome species abundance (Phocea massiliensis, GCF_900104615.1)","GCST90666938","Gut microbiota relative abundance (hMGS.02876: Phocea massiliensis)",1,"matched"
"taxon:pseudoflavonifractor capillosus","GCST90671015","Gut microbiome species presence (Pseudoflavonifractor capillosus, GCF_000169255.2)","GCST90666939","Gut microbiota relative abundance (hMGS.02891: Pseudoflavonifractor capillosus)",1,"matched"
"taxon:rug11247 sp902767315","GCST90671018","Gut microbiome species presence (RUG11247 sp902767315, GCA_902767315.1)","GCST90666940","Gut microbiota relative abundance (hMGS.02902: RUG11247 sp902767315)",1,"matched"
"taxon:umgs1591 sp900553255","GCST90671022","Gut microbiome species presence (UMGS1591 sp900553255, GCA_900553255.1)","GCST90666941","Gut microbiota relative abundance (hMGS.02996: UMGS1591 sp900553255)",1,"matched"
"taxon:umgs1766 hmgs.03161","","","GCST90666942","Gut microbiota relative abundance (hMGS.03161: UMGS1766 hMGS.03161)",0,"unmatched"
"taxon:faecimorpha hmgs.03197","","","GCST90666943","Gut microbiota relative abundance (hMGS.03197: Faecimorpha hMGS.03197)",0,"unmatched"
"taxon:ventricola sp900548125","GCST90671033","Gut microbiome species presence (Ventricola sp900548125, GCA_900548125.1)","GCST90666944","Gut microbiota relative abundance (hMGS.03238: Ventricola sp900548125)",1,"matched"
"taxon:1xd42-69 sp014287635","GCST90671035","Gut microbiome species presence (1XD42-69 sp014287635, GCF_014287635.1)","GCST90666945","Gut microbiota relative abundance (hMGS.03249: 1XD42-69 sp014287635)",1,"matched"
"taxon:avimonas sp900551425","GCST90671039","Gut microbiome species presence (Avimonas sp900551425, GCA_905192745.1)","GCST90666946","Gut microbiota relative abundance (hMGS.03349: Avimonas sp900551425)",1,"matched"
"taxon:bittarella massiliensis","GCST90671040","Gut microbiome species abundance (Bittarella massiliensis, GCF_001486165.1)","GCST90666947","Gut microbiota relative abundance (hMGS.03396: Bittarella massiliensis)",1,"matched"
"taxon:blautia a sp000285855","GCST90671042","Gut microbiome species abundance (Blautia A sp000285855, GCA_000285855.2)","GCST90666948","Gut microbiota relative abundance (hMGS.03402: Blautia A sp000285855)",1,"matched"
"taxon:butyricicoccus sp900547195","GCST90671045","Gut microbiome species presence (Butyricicoccus sp900547195, GCA_900547195.1)","GCST90666949","Gut microbiota relative abundance (hMGS.03432: Butyricicoccus sp900547195)",1,"matched"
"taxon:cag-170 sp905214155","GCST90671046","Gut microbiome species presence (CAG-170 sp905214155, GCA_905214155.1)","GCST90666950","Gut microbiota relative abundance (hMGS.03452: CAG-170 sp905214155)",1,"matched"
"taxon:cajfur01 sp904420575","GCST90671049","Gut microbiome species abundance (CAJFUR01 sp904420575, GCA_904420575.1)","GCST90666951","Gut microbiota relative abundance (hMGS.03501: CAJFUR01 sp904420575)",1,"matched"
"taxon:cajjpw01 sp905193725","GCST90671050","Gut microbiome species abundance (CAJJPW01 sp905193725, GCA_905193725.1)","GCST90666952","Gut microbiota relative abundance (hMGS.03502: CAJJPW01 sp905193725)",1,"matched"
"taxon:catenibacillus sp018369015","GCST90671051","Gut microbiome species presence (Catenibacillus sp018369015, GCA_018369015.1)","GCST90666953","Gut microbiota relative abundance (hMGS.03530: Catenibacillus sp018369015)",1,"matched"
"taxon:christensenella hongkongensis","GCST90671053","Gut microbiome species presence (Christensenella hongkongensis, GCF_000981035.1)","GCST90666954","Gut microbiota relative abundance (hMGS.03548: Christensenella hongkongensis)",1,"matched"
"taxon:christensenella minuta","GCST90671054","Gut microbiome species presence (Christensenella minuta, GCF_003628755.1)","GCST90666955","Gut microbiota relative abundance (hMGS.03550: Christensenella minuta)",1,"matched"
"taxon:emergencia sp904420065","GCST90671057","Gut microbiome species presence (Emergencia sp904420065, GCA_904420065.1)","GCST90666956","Gut microbiota relative abundance (hMGS.03810: Emergencia sp904420065)",1,"matched"
"taxon:enterocloster sp900753815","GCST90671060","Gut microbiome species presence (Enterocloster sp900753815, GCF_020554865.1)","GCST90666957","Gut microbiota relative abundance (hMGS.03827: Enterocloster sp900753815)",1,"matched"
"taxon:faecaligallichristensenella faecipullorum","GCST90671061","Gut microbiome species presence (Faecaligallichristensenella faecipullorum, GCA_018716505.1)","GCST90666958","Gut microbiota relative abundance (hMGS.03869: Faecaligallichristensenella faecipullorum)",1,"matched"
"taxon:faecimorpha stercoravium","GCST90671063","Gut microbiome species presence (Faecimorpha stercoravium, GCA_002305315.1)","GCST90666959","Gut microbiota relative abundance (hMGS.03876: Faecimorpha stercoravium)",1,"matched"
"taxon:flavonifractor avistercoris","GCST90671064","Gut microbiome species presence (Flavonifractor avistercoris, GCF_002161215.1)","GCST90666960","Gut microbiota relative abundance (hMGS.03891: Flavonifractor avistercoris)",1,"matched"
"taxon:gallacutalibacter pullicola","GCST90671066","Gut microbiome species presence (Gallacutalibacter pullicola, GCA_018712265.1)","GCST90666961","Gut microbiota relative abundance (hMGS.03909: Gallacutalibacter pullicola)",1,"matched"
"taxon:hgm11616 sp900761075","GCST90671069","Gut microbiome species abundance (HGM11616 sp900761075, GCA_900761075.1)","GCST90666962","Gut microbiota relative abundance (hMGS.03958: HGM11616 sp900761075)",1,"matched"
"taxon:hgm12998 sp900756495","GCST90671070","Gut microbiome species abundance (HGM12998 sp900756495, GCA_900756495.1)","GCST90666963","Gut microbiota relative abundance (hMGS.03962: HGM12998 sp900756495)",1,"matched"
"taxon:hgm13006 sp905201305","GCST90671071","Gut microbiome species presence (HGM13006 sp905201305, GCA_905201305.1)","GCST90666964","Gut microbiota relative abundance (hMGS.03963: HGM13006 sp905201305)",1,"matched"
"taxon:hgm14224 sp900761905","GCST90671072","Gut microbiome species presence (HGM14224 sp900761905, GCA_900761905.1)","GCST90666965","Gut microbiota relative abundance (hMGS.03966: HGM14224 sp900761905)",1,"matched"
"taxon:jagttr01 sp018223385","GCST90671074","Gut microbiome species abundance (JAGTTR01 sp018223385, GCA_018223385.1)","GCST90666966","Gut microbiota relative abundance (hMGS.03975: JAGTTR01 sp018223385)",1,"matched"
"taxon:neobittarella massiliensis","GCST90671084","Gut microbiome species presence (Neobittarella massiliensis, GCF_900289145.1)","GCST90666967","Gut microbiota relative abundance (hMGS.04126: Neobittarella massiliensis)",1,"matched"
"taxon:parachristensenella sp900542005","GCST90671085","Gut microbiome species presence (Parachristensenella sp900542005, GCA_900542005.1)","GCST90666968","Gut microbiota relative abundance (hMGS.04187: Parachristensenella sp900542005)",1,"matched"
"taxon:pseudobutyricicoccus lothianensis","GCST90671087","Gut microbiome species abundance (Pseudobutyricicoccus lothianensis, GCA_904419295.1)","GCST90666969","Gut microbiota relative abundance (hMGS.04286: Pseudobutyricicoccus lothianensis)",1,"matched"
"taxon:pseudoscilispira sp018369915","GCST90671088","Gut microbiome species abundance (Pseudoscilispira sp018369915, GCA_020555865.1)","GCST90666970","Gut microbiota relative abundance (hMGS.04307: Pseudoscilispira sp018369915)",1,"matched"
"taxon:pullichristensenella excrementipullorum","GCST90671089","Gut microbiome species abundance (Pullichristensenella excrementipullorum, GCA_900754775.1)","GCST90666971","Gut microbiota relative abundance (hMGS.04310: Pullichristensenella excrementipullorum)",1,"matched"
"taxon:qakd01 sp003343965","GCST90671090","Gut microbiome species presence (QAKD01 sp003343965, GCA_944383465.1)","GCST90666972","Gut microbiota relative abundance (hMGS.04311: QAKD01 sp003343965)",1,"matched"
"taxon:qakw01 sp003343605","GCST90671091","Gut microbiome species abundance (QAKW01 sp003343605, GCA_003343605.1)","GCST90666973","Gut microbiota relative abundance (hMGS.04312: QAKW01 sp003343605)",1,"matched"
"taxon:qamm01 sp003150405","GCST90671093","Gut microbiome species presence (QAMM01 sp003150405, GCA_003150405.1)","GCST90666974","Gut microbiota relative abundance (hMGS.04317: QAMM01 sp003150405)",1,"matched"
"taxon:qamm01 sp902766785","GCST90671094","Gut microbiome species presence (QAMM01 sp902766785, GCA_902766785.1)","GCST90666975","Gut microbiota relative abundance (hMGS.04318: QAMM01 sp902766785)",1,"matched"
"taxon:qana01 sp900554725","GCST90671095","Gut microbiome species presence (QANA01 sp900554725, GCA_900554725.1)","GCST90666976","Gut microbiota relative abundance (hMGS.04320: QANA01 sp900554725)",1,"matched"
"taxon:rgig4076 sp905198155","GCST90671096","Gut microbiome species presence (RGIG4076 sp905198155, GCA_905198155.1)","GCST90666977","Gut microbiota relative abundance (hMGS.04325: RGIG4076 sp905198155)",1,"matched"
"taxon:solibaculum mannosilyticum","GCST90671097","Gut microbiome species abundance (Solibaculum mannosilyticum, GCF_015140235.1)","GCST90666978","Gut microbiota relative abundance (hMGS.04383: Solibaculum mannosilyticum)",1,"matched"
"taxon:uba3818 sp904397845","GCST90671098","Gut microbiome species presence (UBA3818 sp904397845, GCA_904397845.1)","GCST90666979","Gut microbiota relative abundance (hMGS.04522: UBA3818 sp904397845)",1,"matched"
"taxon:umgs1591 sp905198295","GCST90671100","Gut microbiome species presence (UMGS1591 sp905198295, GCA_905198295.1)","GCST90666980","Gut microbiota relative abundance (hMGS.04558: UMGS1591 sp905198295)",1,"matched"
"taxon:umgs1766 sp900554855","GCST90671101","Gut microbiome species presence (UMGS1766 sp900554855, GCA_900554855.1)","GCST90666981","Gut microbiota relative abundance (hMGS.04561: UMGS1766 sp900554855)",1,"matched"
"taxon:parachristensenella hmgs.04635","","","GCST90666982","Gut microbiota relative abundance (hMGS.04635: Parachristensenella hMGS.04635)",0,"unmatched"
"taxon:gallacutalibacter a hmgs.04728","","","GCST90666983","Gut microbiota relative abundance (hMGS.04728: Gallacutalibacter A hMGS.04728)",0,"unmatched"
"taxon:caktxu01 hmgs.04791","","","GCST90666984","Gut microbiota relative abundance (hMGS.04791: CAKTXU01 hMGS.04791)",0,"unmatched"
"taxon:umgs1623 hmgs.04797","","","GCST90666985","Gut microbiota relative abundance (hMGS.04797: UMGS1623 hMGS.04797)",0,"unmatched"
"taxon:fumia hmgs.04802","","","GCST90666986","Gut microbiota relative abundance (hMGS.04802: Fumia hMGS.04802)",0,"unmatched"
"taxon:ruminococcaceae hmgs.05315","","","GCST90666987","Gut microbiota relative abundance (hMGS.05315: Ruminococcaceae hMGS.05315)",0,"unmatched"
"taxon:pullichristensenella hmgs.05500","","","GCST90666988","Gut microbiota relative abundance (hMGS.05500: Pullichristensenella hMGS.05500)",0,"unmatched"
"taxon:dysosmobacter hmgs.05507","","","GCST90666989","Gut microbiota relative abundance (hMGS.05507: Dysosmobacter hMGS.05507)",0,"unmatched"
"taxon:flavonifractor hmgs.05537","","","GCST90666990","Gut microbiota relative abundance (hMGS.05537: Flavonifractor hMGS.05537)",0,"unmatched"
"taxon:pullichristensenella hmgs.05548","","","GCST90666991","Gut microbiota relative abundance (hMGS.05548: Pullichristensenella hMGS.05548)",0,"unmatched"
"taxon:prevotella copri hmgs.05753","","","GCST90666992","Gut microbiota relative abundance (hMGS.05753: Prevotella copri hMGS.05753)",0,"unmatched"
"taxon:wujia chipingensis","GCST90671128","Gut microbiome species presence (Wujia chipingensis, GCF_014337155.1)","GCST90666993","Gut microbiota relative abundance (hMGS.05754: Wujia chipingensis)",1,"matched"
"taxon:collinsella aerofaciens hmgs.05755","","","GCST90666994","Gut microbiota relative abundance (hMGS.05755: Collinsella aerofaciens hMGS.05755)",0,"unmatched"
"taxon:faecalibacterium longum","GCST90671130","Gut microbiome species abundance (Faecalibacterium longum, GCF_020687245.1)","GCST90666995","Gut microbiota relative abundance (hMGS.05756: Faecalibacterium longum)",1,"matched"
"taxon:lachnospira rogosae","GCST90671131","Gut microbiome species abundance (Lachnospira rogosae, GCA_900112995.1)","GCST90666996","Gut microbiota relative abundance (hMGS.05757: Lachnospira rogosae)",1,"matched"
"taxon:veillonella parvula hmgs.05759","","","GCST90666997","Gut microbiota relative abundance (hMGS.05759: Veillonella parvula hMGS.05759)",0,"unmatched"
"taxon:faecalibacterium duncaniae","GCST90671133","Gut microbiome species abundance (Faecalibacterium duncaniae, GCF_010509575.1)","GCST90666998","Gut microbiota relative abundance (hMGS.05764: Faecalibacterium duncaniae)",1,"matched"
"taxon:vescimonas coprocola","GCST90671135","Gut microbiome species abundance (Vescimonas coprocola, GCF_018408575.1)","GCST90666999","Gut microbiota relative abundance (hMGS.05777: Vescimonas coprocola)",1,"matched"
"taxon:vescimonas sp000435555","GCST90671136","Gut microbiome species presence (Vescimonas sp000435555, GCA_000435555.1)","GCST90667000","Gut microbiota relative abundance (hMGS.05778: Vescimonas sp000435555)",1,"matched"
"taxon:anaerotardibacter sp000436075","GCST90671137","Gut microbiome species presence (Anaerotardibacter sp000436075, GCA_000436075.1)","GCST90667001","Gut microbiota relative abundance (hMGS.05783: Anaerotardibacter sp000436075)",1,"matched"
"taxon:pseudoruminococcus massiliensis","GCST90671138","Gut microbiome species presence (Pseudoruminococcus massiliensis, GCF_900291955.1)","GCST90667002","Gut microbiota relative abundance (hMGS.05788: Pseudoruminococcus massiliensis)",1,"matched"
"taxon:actinomyces graevenitzii hmgs.05799","","","GCST90667003","Gut microbiota relative abundance (hMGS.05799: Actinomyces graevenitzii hMGS.05799)",0,"unmatched"
"taxon:anaerotardibacter sp000435675","GCST90671140","Gut microbiome species presence (Anaerotardibacter sp000435675, GCA_000435675.1)","GCST90667004","Gut microbiota relative abundance (hMGS.05801: Anaerotardibacter sp000435675)",1,"matched"
"taxon:vescimonas sp001916855","GCST90671141","Gut microbiome species presence (Vescimonas sp001916855, GCA_018228685.1)","GCST90667005","Gut microbiota relative abundance (hMGS.05802: Vescimonas sp001916855)",1,"matched"
"taxon:hominisplanchenecus faecis","GCST90671142","Gut microbiome species abundance (Hominisplanchenecus faecis, GCF_020687205.1)","GCST90667006","Gut microbiota relative abundance (hMGS.05807: Hominisplanchenecus faecis)",1,"matched"
"taxon:faecalibacterium hattorii","GCST90671143","Gut microbiome species presence (Faecalibacterium hattorii, GCF_003287455.1)","GCST90667007","Gut microbiota relative abundance (hMGS.05810: Faecalibacterium hattorii)",1,"matched"
"taxon:vescimonas sp000435975","GCST90671145","Gut microbiome species presence (Vescimonas sp000435975, GCA_000435975.1)","GCST90667008","Gut microbiota relative abundance (hMGS.05822: Vescimonas sp000435975)",1,"matched"
"taxon:vescimonas sp900545585","GCST90671146","Gut microbiome species presence (Vescimonas sp900545585, GCA_900545585.1)","GCST90667009","Gut microbiota relative abundance (hMGS.05834: Vescimonas sp900545585)",1,"matched"
"taxon:vescimonas sp900548615","GCST90671148","Gut microbiome species presence (Vescimonas sp900548615, GCA_900548615.1)","GCST90667010","Gut microbiota relative abundance (hMGS.05848: Vescimonas sp900548615)",1,"matched"
"taxon:adlercreutzia hattorii","GCST90671149","Gut microbiome species abundance (Adlercreutzia hattorii, GCF_011405655.1)","GCST90667011","Gut microbiota relative abundance (hMGS.05851: Adlercreutzia hattorii)",1,"matched"
"taxon:coprococcus a catus a","GCST90671150","Gut microbiome species abundance (Coprococcus A catus A, GCF_902381825.1)","GCST90667012","Gut microbiota relative abundance (hMGS.05852: Coprococcus A catus A)",1,"matched"
"taxon:tidjanibacter inops","GCST90671155","Gut microbiome species presence (Tidjanibacter inops, GCF_900104605.1)","GCST90667013","Gut microbiota relative abundance (hMGS.05873: Tidjanibacter inops)",1,"matched"
"taxon:thomasclavelia ramosa","GCST90671156","Gut microbiome species presence (Thomasclavelia ramosa, GCF_014131695.1)","GCST90667014","Gut microbiota relative abundance (hMGS.05886: Thomasclavelia ramosa)",1,"matched"
"taxon:gallibacter brachus","","","GCST90667015","Gut microbiota relative abundance (hMGS.05893: Gallibacter brachus)",0,"unmatched"
"taxon:vescimonas sp900552475","GCST90671162","Gut microbiome species abundance (Vescimonas sp900552475, GCA_900552475.1)","GCST90667016","Gut microbiota relative abundance (hMGS.05943: Vescimonas sp900552475)",1,"matched"
"taxon:lentihominibacter faecis","GCST90671163","Gut microbiome species abundance (Lentihominibacter faecis, GCF_014306095.1)","GCST90667017","Gut microbiota relative abundance (hMGS.05945: Lentihominibacter faecis)",1,"matched"
"taxon:vescimonas fastidiosa","GCST90671164","Gut microbiome species presence (Vescimonas fastidiosa, GCF_018326305.1)","GCST90667018","Gut microbiota relative abundance (hMGS.05958: Vescimonas fastidiosa)",1,"matched"
"taxon:thomasclavelia spiroformis","GCST90671168","Gut microbiome species presence (Thomasclavelia spiroformis, GCA_025149465.1)","GCST90667019","Gut microbiota relative abundance (hMGS.06002: Thomasclavelia spiroformis)",1,"matched"
"taxon:umgs1623 sp934647945","GCST90671172","Gut microbiome species abundance (UMGS1623 sp934647945, GCA_934647945.1)","GCST90667020","Gut microbiota relative abundance (hMGS.06036: UMGS1623 sp934647945)",1,"matched"
"taxon:hungatella hathewayi","GCST90671173","Gut microbiome species abundance (Hungatella hathewayi, GCA_025149285.1)","GCST90667021","Gut microbiota relative abundance (hMGS.06066: Hungatella hathewayi)",1,"matched"
"taxon:turicibacter bilis","GCST90671176","Gut microbiome species abundance (Turicibacter bilis, GCF_024499055.1)","GCST90667022","Gut microbiota relative abundance (hMGS.06108: Turicibacter bilis)",1,"matched"
"taxon:massilimicrobiota merdigallinarum","GCST90671177","Gut microbiome species presence (Massilimicrobiota merdigallinarum, GCF_002160815.1)","GCST90667023","Gut microbiota relative abundance (hMGS.06168: Massilimicrobiota merdigallinarum)",1,"matched"
"taxon:lactonifactor sp009677585","GCST90671179","Gut microbiome species presence (Lactonifactor sp009677585, GCF_009677585.1)","GCST90667024","Gut microbiota relative abundance (hMGS.06190: Lactonifactor sp009677585)",1,"matched"
"taxon:blautia a wexlerae b","GCST90671181","Gut microbiome species presence (Blautia A wexlerae B, GCF_013300825.1)","GCST90667025","Gut microbiota relative abundance (hMGS.06276: Blautia A wexlerae B)",1,"matched"
"taxon:enterocloster pacaense","GCST90671182","Gut microbiome species presence (Enterocloster pacaense, GCA_000155435.1)","GCST90667026","Gut microbiota relative abundance (hMGS.06330: Enterocloster pacaense)",1,"matched"
"taxon:intestinimonas pullistercoris","GCST90671184","Gut microbiome species presence (Intestinimonas pullistercoris, GCA_019119795.1)","GCST90667027","Gut microbiota relative abundance (hMGS.06387: Intestinimonas pullistercoris)",1,"matched"
"taxon:granulicatella hmgs.06388","","","GCST90667028","Gut microbiota relative abundance (hMGS.06388: Granulicatella hMGS.06388)",0,"unmatched"
"taxon:merdisoma sp014290175","GCST90671186","Gut microbiome species abundance (Merdisoma sp014290175, GCF_014290175.1)","GCST90667029","Gut microbiota relative abundance (hMGS.06401: Merdisoma sp014290175)",1,"matched"
"taxon:dysosmobacter sp944387015","GCST90671189","Gut microbiome species abundance (Dysosmobacter sp944387015, GCA_944387015.1)","GCST90667030","Gut microbiota relative abundance (hMGS.06426: Dysosmobacter sp944387015)",1,"matched"
"taxon:massilimicrobiota sp002160865","GCST90671191","Gut microbiome species presence (Massilimicrobiota sp002160865, GCF_002160865.1)","GCST90667031","Gut microbiota relative abundance (hMGS.06468: Massilimicrobiota sp002160865)",1,"matched"
"taxon:lachnoclostridium a avicola","GCST90671193","Gut microbiome species presence (Lachnoclostridium A avicola, GCA_019114465.1)","GCST90667032","Gut microbiota relative abundance (hMGS.06530: Lachnoclostridium A avicola)",1,"matched"
"taxon:yeguia hominis","GCST90671195","Gut microbiome species abundance (Yeguia hominis, GCF_014384705.1)","GCST90667033","Gut microbiota relative abundance (hMGS.06556: Yeguia hominis)",1,"matched"
"taxon:aphodomonas sp934615235","GCST90671196","Gut microbiome species presence (Aphodomonas sp934615235, GCA_934615235.1)","GCST90667034","Gut microbiota relative abundance (hMGS.06563: Aphodomonas sp934615235)",1,"matched"
"taxon:dysosmobacter pullicola","GCST90671198","Gut microbiome species presence (Dysosmobacter pullicola, GCA_019118935.1)","GCST90667035","Gut microbiota relative abundance (hMGS.06584: Dysosmobacter pullicola)",1,"matched"
"taxon:dysosmobacter sp944387035","GCST90671199","Gut microbiome species abundance (Dysosmobacter sp944387035, GCA_944387035.1)","GCST90667036","Gut microbiota relative abundance (hMGS.06594: Dysosmobacter sp944387035)",1,"matched"
"taxon:pauljensenia sp916439125","GCST90671200","Gut microbiome species presence (Pauljensenia sp916439125, GCA_916439125.1)","GCST90667037","Gut microbiota relative abundance (hMGS.06598: Pauljensenia sp916439125)",1,"matched"
"taxon:copromonas faecavium","GCST90671201","Gut microbiome species presence (Copromonas faecavium, GCA_018712915.1)","GCST90667038","Gut microbiota relative abundance (hMGS.06610: Copromonas faecavium)",1,"matched"
"taxon:lentihominibacter hominis","GCST90671204","Gut microbiome species presence (Lentihominibacter hominis, GCF_014385065.1)","GCST90667039","Gut microbiota relative abundance (hMGS.06699: Lentihominibacter hominis)",1,"matched"
"taxon:actinomyces dentalis","GCST90671205","Gut microbiome species presence (Actinomyces dentalis, GCF_000429225.1)","GCST90667040","Gut microbiota relative abundance (hMGS.06707: Actinomyces dentalis)",1,"matched"
"taxon:mediterraneibacter sp014287475","GCST90671207","Gut microbiome species abundance (Mediterraneibacter sp014287475, GCF_014287475.1)","GCST90667041","Gut microbiota relative abundance (hMGS.06720: Mediterraneibacter sp014287475)",1,"matched"
"taxon:caktxu01 sp934630995","GCST90671208","Gut microbiome species presence (CAKTXU01 sp934630995, GCA_934630995.1)","GCST90667042","Gut microbiota relative abundance (hMGS.06732: CAKTXU01 sp934630995)",1,"matched"
"taxon:zhenpiania hominis","GCST90671210","Gut microbiome species abundance (Zhenpiania hominis, GCF_014333425.1)","GCST90667043","Gut microbiota relative abundance (hMGS.06760: Zhenpiania hominis)",1,"matched"
"taxon:jahzie01 sp019419895","GCST90671212","Gut microbiome species presence (JAHZIE01 sp019419895, GCA_019419895.1)","GCST90667044","Gut microbiota relative abundance (hMGS.06773: JAHZIE01 sp019419895)",1,"matched"
"taxon:lentihominibacter sp900066305","GCST90671214","Gut microbiome species abundance (Lentihominibacter sp900066305, GCA_902362435.1)","GCST90667045","Gut microbiota relative abundance (hMGS.06814: Lentihominibacter sp900066305)",1,"matched"
"taxon:marvinbryantia shaoxingensis","GCST90671215","Gut microbiome species presence (Marvinbryantia shaoxingensis, GCF_014385005.1)","GCST90667046","Gut microbiota relative abundance (hMGS.06816: Marvinbryantia shaoxingensis)",1,"matched"
"taxon:ligaoa zhengdingensis","GCST90671216","Gut microbiome species presence (Ligaoa zhengdingensis, GCF_014384885.1)","GCST90667047","Gut microbiota relative abundance (hMGS.06817: Ligaoa zhengdingensis)",1,"matched"
"taxon:lentihominibacter excrementipullorum","GCST90671218","Gut microbiome species abundance (Lentihominibacter excrementipullorum, GCA_900543485.1)","GCST90667048","Gut microbiota relative abundance (hMGS.06873: Lentihominibacter excrementipullorum)",1,"matched"
"taxon:dysosmobacter faecalis","GCST90671220","Gut microbiome species abundance (Dysosmobacter faecalis, GCF_018408705.1)","GCST90667049","Gut microbiota relative abundance (hMGS.06911: Dysosmobacter faecalis)",1,"matched"
"taxon:luoshenia tenuis","GCST90671222","Gut microbiome species abundance (Luoshenia tenuis, GCF_014384745.1)","GCST90667050","Gut microbiota relative abundance (hMGS.06916: Luoshenia tenuis)",1,"matched"
"taxon:merdisoma sp002160825","GCST90671226","Gut microbiome species presence (Merdisoma sp002160825, GCF_002160825.1)","GCST90667051","Gut microbiota relative abundance (hMGS.06982: Merdisoma sp002160825)",1,"matched"
"taxon:egerieenecus sp900553315","GCST90671227","Gut microbiome species presence (Egerieenecus sp900553315, GCA_900553315.1)","GCST90667052","Gut microbiota relative abundance (hMGS.06989: Egerieenecus sp900553315)",1,"matched"
"taxon:scatomonas hejianensis","GCST90671230","Gut microbiome species abundance (Scatomonas hejianensis, GCF_014337215.1)","GCST90667053","Gut microbiota relative abundance (hMGS.07049: Scatomonas hejianensis)",1,"matched"
"taxon:pararuminococcus gallinarum","GCST90671232","Gut microbiome species abundance (Pararuminococcus gallinarum, GCA_904419775.1)","GCST90667054","Gut microbiota relative abundance (hMGS.07052: Pararuminococcus gallinarum)",1,"matched"
"taxon:diplocloster agilis","GCST90671234","Gut microbiome species abundance (Diplocloster agilis, GCF_019042275.1)","GCST90667055","Gut microbiota relative abundance (hMGS.07078: Diplocloster agilis)",1,"matched"
"taxon:dysosmobacter a sp014334055","GCST90671235","Gut microbiome species presence (Dysosmobacter A sp014334055, GCF_014334055.1)","GCST90667056","Gut microbiota relative abundance (hMGS.07089: Dysosmobacter A sp014334055)",1,"matched"
"taxon:instestinimonas a gabonensis","GCST90671236","Gut microbiome species abundance (Instestinimonas A gabonensis, GCF_014281125.1)","GCST90667057","Gut microbiota relative abundance (hMGS.07107: Instestinimonas A gabonensis)",1,"matched"
"taxon:guopingia tenuis","GCST90671238","Gut microbiome species abundance (Guopingia tenuis, GCF_014384805.1)","GCST90667058","Gut microbiota relative abundance (hMGS.07141: Guopingia tenuis)",1,"matched"
"taxon:massiliimalia massiliensis","GCST90671241","Gut microbiome species abundance (Massiliimalia massiliensis, GCF_900155615.1)","GCST90667059","Gut microbiota relative abundance (hMGS.07187: Massiliimalia massiliensis)",1,"matched"
"taxon:qana01 sp019420265","GCST90671244","Gut microbiome species presence (QANA01 sp019420265, GCA_019420265.1)","GCST90667060","Gut microbiota relative abundance (hMGS.07232: QANA01 sp019420265)",1,"matched"
"taxon:gehongia tenuis","GCST90671245","Gut microbiome species presence (Gehongia tenuis, GCF_014384795.1)","GCST90667061","Gut microbiota relative abundance (hMGS.07279: Gehongia tenuis)",1,"matched"
"taxon:anaerotruncus sp014385085","GCST90671246","Gut microbiome species abundance (Anaerotruncus sp014385085, GCA_014385085.1)","GCST90667062","Gut microbiota relative abundance (hMGS.07280: Anaerotruncus sp014385085)",1,"matched"
"taxon:pseudoscilispira sp020555605","GCST90671248","Gut microbiome species presence (Pseudoscilispira sp020555605, GCA_020555605.1)","GCST90667063","Gut microbiota relative abundance (hMGS.07301: Pseudoscilispira sp020555605)",1,"matched"
"taxon:acutalibacter sp905215055","GCST90671250","Gut microbiome species presence (Acutalibacter sp905215055, GCA_905215055.1)","GCST90667064","Gut microbiota relative abundance (hMGS.07319: Acutalibacter sp905215055)",1,"matched"
"taxon:angelakisella massiliensis","GCST90671251","Gut microbiome species presence (Angelakisella massiliensis, GCF_900104675.1)","GCST90667065","Gut microbiota relative abundance (hMGS.07321: Angelakisella massiliensis)",1,"matched"
"taxon:rgig7067 sp944384895","GCST90671253","Gut microbiome species abundance (RGIG7067 sp944384895, GCA_944384895.1)","GCST90667066","Gut microbiota relative abundance (hMGS.07332: RGIG7067 sp944384895)",1,"matched"
"taxon:paralachnospira dongpingensis","GCST90671254","Gut microbiome species presence (Paralachnospira dongpingensis, GCF_014337195.1)","GCST90667067","Gut microbiota relative abundance (hMGS.07334: Paralachnospira dongpingensis)",1,"matched"
"taxon:caktxu01 sp934615635","GCST90671256","Gut microbiome species abundance (CAKTXU01 sp934615635, GCA_934615635.1)","GCST90667068","Gut microbiota relative abundance (hMGS.07343: CAKTXU01 sp934615635)",1,"matched"
"taxon:blautia a sp934364795","GCST90671257","Gut microbiome species presence (Blautia A sp934364795, GCA_934364795.1)","GCST90667069","Gut microbiota relative abundance (hMGS.07347: Blautia A sp934364795)",1,"matched"
"taxon:avoscillospira a sp019422005","GCST90671258","Gut microbiome species presence (Avoscillospira A sp019422005, GCA_019422005.1)","GCST90667070","Gut microbiota relative abundance (hMGS.07356: Avoscillospira A sp019422005)",1,"matched"
"taxon:jahzgc01 sp019421015","GCST90671259","Gut microbiome species abundance (JAHZGC01 sp019421015, GCA_019421015.1)","GCST90667071","Gut microbiota relative abundance (hMGS.07358: JAHZGC01 sp019421015)",1,"matched"
"taxon:uba7185 sp900556545","GCST90671265","Gut microbiome species presence (UBA7185 sp900556545, GCA_900556545.1)","GCST90667072","Gut microbiota relative abundance (hMGS.07440: UBA7185 sp900556545)",1,"matched"
"taxon:limivivens sp905214955","GCST90671268","Gut microbiome species abundance (Limivivens sp905214955, GCA_905214955.1)","GCST90667073","Gut microbiota relative abundance (hMGS.07460: Limivivens sp905214955)",1,"matched"
"taxon:zhenpiania massiliensis","GCST90671269","Gut microbiome species presence (Zhenpiania massiliensis, GCA_902363595.1)","GCST90667074","Gut microbiota relative abundance (hMGS.07495: Zhenpiania massiliensis)",1,"matched"
"taxon:pygmaiobacter sp014287275","GCST90671270","Gut microbiome species abundance (Pygmaiobacter sp014287275, GCF_014287275.1)","GCST90667075","Gut microbiota relative abundance (hMGS.07501: Pygmaiobacter sp014287275)",1,"matched"
"taxon:faecivicinus sp934663595","GCST90671272","Gut microbiome species presence (Faecivicinus sp934663595, GCA_934663595.1)","GCST90667076","Gut microbiota relative abundance (hMGS.07534: Faecivicinus sp934663595)",1,"matched"
"taxon:hgm12545 sp900761925","GCST90671273","Gut microbiome species presence (HGM12545 sp900761925, GCA_900761925.1)","GCST90667077","Gut microbiota relative abundance (hMGS.07535: HGM12545 sp900761925)",1,"matched"
"taxon:bianquea sp019423265","GCST90671274","Gut microbiome species presence (Bianquea sp019423265, GCA_019423265.1)","GCST90667078","Gut microbiota relative abundance (hMGS.07537: Bianquea sp019423265)",1,"matched"
"taxon:heritagella sp905200265","GCST90671276","Gut microbiome species presence (Heritagella sp905200265, GCA_905200265.1)","GCST90667079","Gut microbiota relative abundance (hMGS.07565: Heritagella sp905200265)",1,"matched"
"taxon:jajeqr01 sp020687485","GCST90671280","Gut microbiome species presence (JAJEQR01 sp020687485, GCA_020687485.1)","GCST90667080","Gut microbiota relative abundance (hMGS.07639: JAJEQR01 sp020687485)",1,"matched"
"taxon:feifania hominis","GCST90671281","Gut microbiome species presence (Feifania hominis, GCF_014384765.1)","GCST90667081","Gut microbiota relative abundance (hMGS.07693: Feifania hominis)",1,"matched"
"taxon:hgm11808 sp900757025","GCST90671282","Gut microbiome species presence (HGM11808 sp900757025, GCA_900757025.1)","GCST90667082","Gut microbiota relative abundance (hMGS.07702: HGM11808 sp900757025)",1,"matched"
"taxon:bianquea renquensis","GCST90671283","Gut microbiome species presence (Bianquea renquensis, GCF_014384895.1)","GCST90667083","Gut microbiota relative abundance (hMGS.07714: Bianquea renquensis)",1,"matched"
"taxon:massiliimalia timonensis","GCST90671284","Gut microbiome species abundance (Massiliimalia timonensis, GCF_900186585.1)","GCST90667084","Gut microbiota relative abundance (hMGS.07716: Massiliimalia timonensis)",1,"matched"
"taxon:lentihominibacter sp905193765","GCST90671285","Gut microbiome species presence (Lentihominibacter sp905193765, GCA_905193765.1)","GCST90667085","Gut microbiota relative abundance (hMGS.07719: Lentihominibacter sp905193765)",1,"matched"
"taxon:bittarella massiliensis a","GCST90671286","Gut microbiome species presence (Bittarella massiliensis A, GCF_017566145.1)","GCST90667086","Gut microbiota relative abundance (hMGS.07731: Bittarella massiliensis A)",1,"matched"
"taxon:pullichristensenella sp904420265","GCST90671287","Gut microbiome species presence (Pullichristensenella sp904420265, GCA_904420265.1)","GCST90667087","Gut microbiota relative abundance (hMGS.07739: Pullichristensenella sp904420265)",1,"matched"
"taxon:saccharomyces cerevisiae","","","GCST90667088","Gut microbiota relative abundance (hMGS.10004: Saccharomyces cerevisiae)",0,"unmatched"
"taxon:kegg-module m00001: glycolysis (embden-meyerhof pathway), glucose to pyruvate","","","GCST90667089","Gut microbial functional pathway relative abundance (KEGG-module M00001: Glycolysis (Embden-Meyerhof pathway), glucose to pyruvate)",0,"unmatched"
"taxon:kegg-module m00002: glycolysis, core module involving three-carbon compounds","","","GCST90667090","Gut microbial functional pathway relative abundance (KEGG-module M00002: Glycolysis, core module involving three-carbon compounds)",0,"unmatched"
"taxon:kegg-module m00003: gluconeogenesis, oxaloacetate to fructose-6p","","","GCST90667091","Gut microbial functional pathway relative abundance (KEGG-module M00003: Gluconeogenesis, oxaloacetate to fructose-6P)",0,"unmatched"
"taxon:kegg-module m00004: pentose phosphate pathway (pentose phosphate cycle)","","","GCST90667092","Gut microbial functional pathway relative abundance (KEGG-module M00004: Pentose phosphate pathway (Pentose phosphate cycle))",0,"unmatched"
"taxon:kegg-module m00005: prpp biosynthesis, ribose 5p to prpp","","","GCST90667093","Gut microbial functional pathway relative abundance (KEGG-module M00005: PRPP biosynthesis, ribose 5P to PRPP)",0,"unmatched"
"taxon:kegg-module m00006: pentose phosphate pathway, oxidative phase, glucose 6p to ribulose 5p","","","GCST90667094","Gut microbial functional pathway relative abundance (KEGG-module M00006: Pentose phosphate pathway, oxidative phase, glucose 6P to ribulose 5P)",0,"unmatched"
"taxon:kegg-module m00007: pentose phosphate pathway, non-oxidative phase, fructose 6p to ribose 5p","","","GCST90667095","Gut microbial functional pathway relative abundance (KEGG-module M00007: Pentose phosphate pathway, non-oxidative phase, fructose 6P to ribose 5P)",0,"unmatched"
"taxon:kegg-module m00008: entner-doudoroff pathway, glucose-6p to glyceraldehyde-3p + pyruvate","","","GCST90667096","Gut microbial functional pathway relative abundance (KEGG-module M00008: Entner-Doudoroff pathway, glucose-6P to glyceraldehyde-3P + pyruvate)",0,"unmatched"
"taxon:kegg-module m00009: citrate cycle (tca cycle, krebs cycle)","","","GCST90667097","Gut microbial functional pathway relative abundance (KEGG-module M00009: Citrate cycle (TCA cycle, Krebs cycle))",0,"unmatched"
"taxon:kegg-module m00010: citrate cycle, first carbon oxidation, oxaloacetate to 2-oxoglutarate","","","GCST90667098","Gut microbial functional pathway relative abundance (KEGG-module M00010: Citrate cycle, first carbon oxidation, oxaloacetate to 2-oxoglutarate)",0,"unmatched"
"taxon:kegg-module m00011: citrate cycle, second carbon oxidation, 2-oxoglutarate to oxaloacetate","","","GCST90667099","Gut microbial functional pathway relative abundance (KEGG-module M00011: Citrate cycle, second carbon oxidation, 2-oxoglutarate to oxaloacetate)",0,"unmatched"
"taxon:kegg-module m00012: glyoxylate cycle","","","GCST90667100","Gut microbial functional pathway relative abundance (KEGG-module M00012: Glyoxylate cycle)",0,"unmatched"
"taxon:kegg-module m00014: glucuronate pathway (uronate pathway)","","","GCST90667101","Gut microbial functional pathway relative abundance (KEGG-module M00014: Glucuronate pathway (uronate pathway))",0,"unmatched"
"taxon:kegg-module m00015: proline biosynthesis, glutamate to proline","","","GCST90667102","Gut microbial functional pathway relative abundance (KEGG-module M00015: Proline biosynthesis, glutamate to proline)",0,"unmatched"
"taxon:kegg-module m00016: lysine biosynthesis, succinyl-dap pathway, aspartate to lysine","","","GCST90667103","Gut microbial functional pathway relative abundance (KEGG-module M00016: Lysine biosynthesis, succinyl-DAP pathway, aspartate to lysine)",0,"unmatched"
"taxon:kegg-module m00017: methionine biosynthesis, apartate to homoserine to methionine","","","GCST90667104","Gut microbial functional pathway relative abundance (KEGG-module M00017: Methionine biosynthesis, apartate to homoserine to methionine)",0,"unmatched"
"taxon:kegg-module m00018: threonine biosynthesis, aspartate to homoserine to threonine","","","GCST90667105","Gut microbial functional pathway relative abundance (KEGG-module M00018: Threonine biosynthesis, aspartate to homoserine to threonine)",0,"unmatched"
"taxon:kegg-module m00019: valine/isoleucine biosynthesis, pyruvate to valine / 2-oxobutanoate to isoleucine","","","GCST90667106","Gut microbial functional pathway relative abundance (KEGG-module M00019: Valine/isoleucine biosynthesis, pyruvate to valine / 2-oxobutanoate to isoleucine)",0,"unmatched"
"taxon:kegg-module m00020: serine biosynthesis, glycerate-3p to serine","","","GCST90667107","Gut microbial functional pathway relative abundance (KEGG-module M00020: Serine biosynthesis, glycerate-3P to serine)",0,"unmatched"
"taxon:kegg-module m00021: cysteine biosynthesis, serine to cysteine","","","GCST90667108","Gut microbial functional pathway relative abundance (KEGG-module M00021: Cysteine biosynthesis, serine to cysteine)",0,"unmatched"
"taxon:kegg-module m00022: shikimate pathway, phosphoenolpyruvate + erythrose-4p to chorismate","","","GCST90667109","Gut microbial functional pathway relative abundance (KEGG-module M00022: Shikimate pathway, phosphoenolpyruvate + erythrose-4P to chorismate)",0,"unmatched"
"taxon:kegg-module m00023: tryptophan biosynthesis, chorismate to tryptophan","","","GCST90667110","Gut microbial functional pathway relative abundance (KEGG-module M00023: Tryptophan biosynthesis, chorismate to tryptophan)",0,"unmatched"
"taxon:kegg-module m00024: phenylalanine biosynthesis, chorismate to phenylalanine","","","GCST90667111","Gut microbial functional pathway relative abundance (KEGG-module M00024: Phenylalanine biosynthesis, chorismate to phenylalanine)",0,"unmatched"
"taxon:kegg-module m00025: tyrosine biosynthesis, chorismate to tyrosine","","","GCST90667112","Gut microbial functional pathway relative abundance (KEGG-module M00025: Tyrosine biosynthesis, chorismate to tyrosine)",0,"unmatched"
"taxon:kegg-module m00026: histidine biosynthesis, prpp to histidine","","","GCST90667113","Gut microbial functional pathway relative abundance (KEGG-module M00026: Histidine biosynthesis, PRPP to histidine)",0,"unmatched"
"taxon:kegg-module m00027: gaba (gamma-aminobutyrate) shunt","","","GCST90667114","Gut microbial functional pathway relative abundance (KEGG-module M00027: GABA (gamma-Aminobutyrate) shunt)",0,"unmatched"
"taxon:kegg-module m00028: ornithine biosynthesis, glutamate to ornithine","","","GCST90667115","Gut microbial functional pathway relative abundance (KEGG-module M00028: Ornithine biosynthesis, glutamate to ornithine)",0,"unmatched"
"taxon:kegg-module m00029: urea cycle","","","GCST90667116","Gut microbial functional pathway relative abundance (KEGG-module M00029: Urea cycle)",0,"unmatched"
"taxon:kegg-module m00030: lysine biosynthesis, aaa pathway, 2-oxoglutarate to 2-aminoadipate to lysine","","","GCST90667117","Gut microbial functional pathway relative abundance (KEGG-module M00030: Lysine biosynthesis, AAA pathway, 2-oxoglutarate to 2-aminoadipate to lysine)",0,"unmatched"
"taxon:kegg-module m00034: methionine salvage pathway","","","GCST90667118","Gut microbial functional pathway relative abundance (KEGG-module M00034: Methionine salvage pathway)",0,"unmatched"
"taxon:kegg-module m00035: methionine degradation","","","GCST90667119","Gut microbial functional pathway relative abundance (KEGG-module M00035: Methionine degradation)",0,"unmatched"
"taxon:kegg-module m00036: leucine degradation, leucine to acetoacetate + acetyl-coa","","","GCST90667120","Gut microbial functional pathway relative abundance (KEGG-module M00036: Leucine degradation, leucine to acetoacetate + acetyl-CoA)",0,"unmatched"
"taxon:kegg-module m00038: tryptophan metabolism, tryptophan to kynurenine to 2-aminomuconate","","","GCST90667121","Gut microbial functional pathway relative abundance (KEGG-module M00038: Tryptophan metabolism, tryptophan to kynurenine to 2-aminomuconate)",0,"unmatched"
"taxon:kegg-module m00040: tyrosine biosynthesis, prephanate to pretyrosine to tyrosine","","","GCST90667122","Gut microbial functional pathway relative abundance (KEGG-module M00040: Tyrosine biosynthesis, prephanate to pretyrosine to tyrosine)",0,"unmatched"
"taxon:kegg-module m00044: tyrosine degradation, tyrosine to homogentisate","","","GCST90667123","Gut microbial functional pathway relative abundance (KEGG-module M00044: Tyrosine degradation, tyrosine to homogentisate)",0,"unmatched"
"taxon:kegg-module m00045: histidine degradation, histidine to n-formiminoglutamate to glutamate","","","GCST90667124","Gut microbial functional pathway relative abundance (KEGG-module M00045: Histidine degradation, histidine to N-formiminoglutamate to glutamate)",0,"unmatched"
"taxon:kegg-module m00046: pyrimidine degradation, uracil to beta-alanine, thymine to 3-aminoisobutanoate","","","GCST90667125","Gut microbial functional pathway relative abundance (KEGG-module M00046: Pyrimidine degradation, uracil to beta-alanine, thymine to 3-aminoisobutanoate)",0,"unmatched"
"taxon:kegg-module m00048: inosine monophosphate biosynthesis, prpp + glutamine to imp","","","GCST90667126","Gut microbial functional pathway relative abundance (KEGG-module M00048: Inosine monophosphate biosynthesis, PRPP + glutamine to IMP)",0,"unmatched"
"taxon:kegg-module m00049: adenine ribonucleotide biosynthesis, imp to adp,atp","","","GCST90667127","Gut microbial functional pathway relative abundance (KEGG-module M00049: Adenine ribonucleotide biosynthesis, IMP to ADP,ATP)",0,"unmatched"
"taxon:kegg-module m00050: guanine ribonucleotide biosynthesis imp to gdp,gtp","","","GCST90667128","Gut microbial functional pathway relative abundance (KEGG-module M00050: Guanine ribonucleotide biosynthesis IMP to GDP,GTP)",0,"unmatched"
"taxon:kegg-module m00051: uridine monophosphate biosynthesis, glutamine (+ prpp) to ump","","","GCST90667129","Gut microbial functional pathway relative abundance (KEGG-module M00051: Uridine monophosphate biosynthesis, glutamine (+ PRPP) to UMP)",0,"unmatched"
"taxon:kegg-module m00052: pyrimidine ribonucleotide biosynthesis, ump to udp/utp,cdp/ctp","","","GCST90667130","Gut microbial functional pathway relative abundance (KEGG-module M00052: Pyrimidine ribonucleotide biosynthesis, UMP to UDP/UTP,CDP/CTP)",0,"unmatched"
"taxon:kegg-module m00053: pyrimidine deoxyribonuleotide biosynthesis, cdp/ctp to dcdp/dctp,dtdp/dttp","","","GCST90667131","Gut microbial functional pathway relative abundance (KEGG-module M00053: Pyrimidine deoxyribonuleotide biosynthesis, CDP/CTP to dCDP/dCTP,dTDP/dTTP)",0,"unmatched"
"taxon:kegg-module m00055: n-glycan precursor biosynthesis","","","GCST90667132","Gut microbial functional pathway relative abundance (KEGG-module M00055: N-glycan precursor biosynthesis)",0,"unmatched"
"taxon:kegg-module m00060: lipopolysaccharide biosynthesis, kdo2-lipid a","","","GCST90667133","Gut microbial functional pathway relative abundance (KEGG-module M00060: Lipopolysaccharide biosynthesis, KDO2-lipid A)",0,"unmatched"
"taxon:kegg-module m00061: d-glucuronate degradation, d-glucuronate to pyruvate + d-glyceraldehyde 3p","","","GCST90667134","Gut microbial functional pathway relative abundance (KEGG-module M00061: D-Glucuronate degradation, D-glucuronate to pyruvate + D-glyceraldehyde 3P)",0,"unmatched"
"taxon:kegg-module m00063: cmp-kdo biosynthesis","","","GCST90667135","Gut microbial functional pathway relative abundance (KEGG-module M00063: CMP-KDO biosynthesis)",0,"unmatched"
"taxon:kegg-module m00064: adp-l-glycero-d-manno-heptose biosynthesis","","","GCST90667136","Gut microbial functional pathway relative abundance (KEGG-module M00064: ADP-L-glycero-D-manno-heptose biosynthesis)",0,"unmatched"
"taxon:kegg-module m00065: gpi-anchor biosynthesis, core oligosaccharide","","","GCST90667137","Gut microbial functional pathway relative abundance (KEGG-module M00065: GPI-anchor biosynthesis, core oligosaccharide)",0,"unmatched"
"taxon:kegg-module m00072: n-glycosylation by oligosaccharyltransferase","","","GCST90667138","Gut microbial functional pathway relative abundance (KEGG-module M00072: N-glycosylation by oligosaccharyltransferase)",0,"unmatched"
"taxon:kegg-module m00074: n-glycan biosynthesis, high-mannose type","","","GCST90667139","Gut microbial functional pathway relative abundance (KEGG-module M00074: N-glycan biosynthesis, high-mannose type)",0,"unmatched"
"taxon:kegg-module m00080: lipopolysaccharide biosynthesis, inner core to outer core to o-antigen","","","GCST90667140","Gut microbial functional pathway relative abundance (KEGG-module M00080: Lipopolysaccharide biosynthesis, inner core to outer core to O-antigen)",0,"unmatched"
"taxon:kegg-module m00082: fatty acid biosynthesis, initiation","","","GCST90667141","Gut microbial functional pathway relative abundance (KEGG-module M00082: Fatty acid biosynthesis, initiation)",0,"unmatched"
"taxon:kegg-module m00083: fatty acid biosynthesis, elongation","","","GCST90667142","Gut microbial functional pathway relative abundance (KEGG-module M00083: Fatty acid biosynthesis, elongation)",0,"unmatched"
"taxon:kegg-module m00086: beta-oxidation, acyl-coa synthesis","","","GCST90667143","Gut microbial functional pathway relative abundance (KEGG-module M00086: beta-Oxidation, acyl-CoA synthesis)",0,"unmatched"
"taxon:kegg-module m00087: beta-oxidation","","","GCST90667144","Gut microbial functional pathway relative abundance (KEGG-module M00087: beta-Oxidation)",0,"unmatched"
"taxon:kegg-module m00091: phosphatidylcholine (pc) biosynthesis, pe to pc","","","GCST90667145","Gut microbial functional pathway relative abundance (KEGG-module M00091: Phosphatidylcholine (PC) biosynthesis, PE to PC)",0,"unmatched"
"taxon:kegg-module m00093: phosphatidylethanolamine (pe) biosynthesis, pa to ps to pe","","","GCST90667146","Gut microbial functional pathway relative abundance (KEGG-module M00093: Phosphatidylethanolamine (PE) biosynthesis, PA to PS to PE)",0,"unmatched"
"taxon:kegg-module m00094: ceramide biosynthesis","","","GCST90667147","Gut microbial functional pathway relative abundance (KEGG-module M00094: Ceramide biosynthesis)",0,"unmatched"
"taxon:kegg-module m00095: c5 isoprenoid biosynthesis, mevalonate pathway","","","GCST90667148","Gut microbial functional pathway relative abundance (KEGG-module M00095: C5 isoprenoid biosynthesis, mevalonate pathway)",0,"unmatched"
"taxon:kegg-module m00096: c5 isoprenoid biosynthesis, non-mevalonate pathway","","","GCST90667149","Gut microbial functional pathway relative abundance (KEGG-module M00096: C5 isoprenoid biosynthesis, non-mevalonate pathway)",0,"unmatched"
"taxon:kegg-module m00098: acylglycerol degradation","","","GCST90667150","Gut microbial functional pathway relative abundance (KEGG-module M00098: Acylglycerol degradation)",0,"unmatched"
"taxon:kegg-module m00100: sphingosine degradation","","","GCST90667151","Gut microbial functional pathway relative abundance (KEGG-module M00100: Sphingosine degradation)",0,"unmatched"
"taxon:kegg-module m00102: ergocalciferol biosynthesis","","","GCST90667152","Gut microbial functional pathway relative abundance (KEGG-module M00102: Ergocalciferol biosynthesis)",0,"unmatched"
"taxon:kegg-module m00115: nad biosynthesis, aspartate to nad","","","GCST90667153","Gut microbial functional pathway relative abundance (KEGG-module M00115: NAD biosynthesis, aspartate to NAD)",0,"unmatched"
"taxon:kegg-module m00116: menaquinone biosynthesis, chorismate to menaquinone","","","GCST90667154","Gut microbial functional pathway relative abundance (KEGG-module M00116: Menaquinone biosynthesis, chorismate to menaquinone)",0,"unmatched"
"taxon:kegg-module m00117: ubiquinone biosynthesis, prokaryotes, chorismate to ubiquinone","","","GCST90667155","Gut microbial functional pathway relative abundance (KEGG-module M00117: Ubiquinone biosynthesis, prokaryotes, chorismate to ubiquinone)",0,"unmatched"
"taxon:kegg-module m00118: glutathione biosynthesis, glutamate to glutathione","","","GCST90667156","Gut microbial functional pathway relative abundance (KEGG-module M00118: Glutathione biosynthesis, glutamate to glutathione)",0,"unmatched"
"taxon:kegg-module m00119: pantothenate biosynthesis, valine/l-aspartate to pantothenate","","","GCST90667157","Gut microbial functional pathway relative abundance (KEGG-module M00119: Pantothenate biosynthesis, valine/L-aspartate to pantothenate)",0,"unmatched"
"taxon:kegg-module m00120: coenzyme a biosynthesis, pantothenate to coa","","","GCST90667158","Gut microbial functional pathway relative abundance (KEGG-module M00120: Coenzyme A biosynthesis, pantothenate to CoA)",0,"unmatched"
"taxon:kegg-module m00121: heme biosynthesis, glutamate to protoheme/siroheme","","","GCST90667159","Gut microbial functional pathway relative abundance (KEGG-module M00121: Heme biosynthesis, glutamate to protoheme/siroheme)",0,"unmatched"
"taxon:kegg-module m00122: cobalamin biosynthesis, cobinamide to cobalamin","","","GCST90667160","Gut microbial functional pathway relative abundance (KEGG-module M00122: Cobalamin biosynthesis, cobinamide to cobalamin)",0,"unmatched"
"taxon:kegg-module m00123: biotin biosynthesis, pimeloyl-acp/coa to biotin","","","GCST90667161","Gut microbial functional pathway relative abundance (KEGG-module M00123: Biotin biosynthesis, pimeloyl-ACP/CoA to biotin)",0,"unmatched"
"taxon:kegg-module m00124: pyridoxal biosynthesis, erythrose-4p to pyridoxal-5p","","","GCST90667162","Gut microbial functional pathway relative abundance (KEGG-module M00124: Pyridoxal biosynthesis, erythrose-4P to pyridoxal-5P)",0,"unmatched"
"taxon:kegg-module m00125: riboflavin biosynthesis, gtp to riboflavin/fmn/fad","","","GCST90667163","Gut microbial functional pathway relative abundance (KEGG-module M00125: Riboflavin biosynthesis, GTP to riboflavin/FMN/FAD)",0,"unmatched"
"taxon:kegg-module m00126: tetrahydrofolate biosynthesis, gtp to thf","","","GCST90667164","Gut microbial functional pathway relative abundance (KEGG-module M00126: Tetrahydrofolate biosynthesis, GTP to THF)",0,"unmatched"
"taxon:kegg-module m00127: thiamine biosynthesis, air to thiamine-p/thiamine-2p","","","GCST90667165","Gut microbial functional pathway relative abundance (KEGG-module M00127: Thiamine biosynthesis, AIR to thiamine-P/thiamine-2P)",0,"unmatched"
"taxon:kegg-module m00133: polyamine biosynthesis, arginine to agmatine to putrescine to spermidine","","","GCST90667166","Gut microbial functional pathway relative abundance (KEGG-module M00133: Polyamine biosynthesis, arginine to agmatine to putrescine to spermidine)",0,"unmatched"
"taxon:kegg-module m00134: polyamine biosynthesis, arginine to ornithine to putrescine","","","GCST90667167","Gut microbial functional pathway relative abundance (KEGG-module M00134: Polyamine biosynthesis, arginine to ornithine to putrescine)",0,"unmatched"
"taxon:kegg-module m00135: gaba biosynthesis, eukaryotes, putrescine to gaba","","","GCST90667168","Gut microbial functional pathway relative abundance (KEGG-module M00135: GABA biosynthesis, eukaryotes, putrescine to GABA)",0,"unmatched"
"taxon:kegg-module m00136: gaba biosynthesis, prokaryotes, putrescine to gaba","","","GCST90667169","Gut microbial functional pathway relative abundance (KEGG-module M00136: GABA biosynthesis, prokaryotes, putrescine to GABA)",0,"unmatched"
"taxon:kegg-module m00140: c1-unit interconversion, prokaryotes","","","GCST90667170","Gut microbial functional pathway relative abundance (KEGG-module M00140: C1-unit interconversion, prokaryotes)",0,"unmatched"
"taxon:kegg-module m00141: c1-unit interconversion, eukaryotes","","","GCST90667171","Gut microbial functional pathway relative abundance (KEGG-module M00141: C1-unit interconversion, eukaryotes)",0,"unmatched"
"taxon:kegg-module m00144: nadh:quinone oxidoreductase, prokaryotes","","","GCST90667172","Gut microbial functional pathway relative abundance (KEGG-module M00144: NADH:quinone oxidoreductase, prokaryotes)",0,"unmatched"
"taxon:kegg-module m00148: succinate dehydrogenase (ubiquinone)","","","GCST90667173","Gut microbial functional pathway relative abundance (KEGG-module M00148: Succinate dehydrogenase (ubiquinone))",0,"unmatched"
"taxon:kegg-module m00149: succinate dehydrogenase, prokaryotes","","","GCST90667174","Gut microbial functional pathway relative abundance (KEGG-module M00149: Succinate dehydrogenase, prokaryotes)",0,"unmatched"
"taxon:kegg-module m00150: fumarate reductase, prokaryotes","","","GCST90667175","Gut microbial functional pathway relative abundance (KEGG-module M00150: Fumarate reductase, prokaryotes)",0,"unmatched"
"taxon:kegg-module m00151: cytochrome bc1 complex respiratory unit","","","GCST90667176","Gut microbial functional pathway relative abundance (KEGG-module M00151: Cytochrome bc1 complex respiratory unit)",0,"unmatched"
"taxon:kegg-module m00152: cytochrome bc1 complex","","","GCST90667177","Gut microbial functional pathway relative abundance (KEGG-module M00152: Cytochrome bc1 complex)",0,"unmatched"
"taxon:kegg-module m00153: cytochrome d ubiquinol oxidase","","","GCST90667178","Gut microbial functional pathway relative abundance (KEGG-module M00153: Cytochrome d ubiquinol oxidase)",0,"unmatched"
"taxon:kegg-module m00154: cytochrome c oxidase","","","GCST90667179","Gut microbial functional pathway relative abundance (KEGG-module M00154: Cytochrome c oxidase)",0,"unmatched"
"taxon:kegg-module m00155: cytochrome c oxidase, prokaryotes","","","GCST90667180","Gut microbial functional pathway relative abundance (KEGG-module M00155: Cytochrome c oxidase, prokaryotes)",0,"unmatched"
"taxon:kegg-module m00156: cytochrome c oxidase, cbb3-type","","","GCST90667181","Gut microbial functional pathway relative abundance (KEGG-module M00156: Cytochrome c oxidase, cbb3-type)",0,"unmatched"
"taxon:kegg-module m00157: f-type atpase, prokaryotes and chloroplasts","","","GCST90667182","Gut microbial functional pathway relative abundance (KEGG-module M00157: F-type ATPase, prokaryotes and chloroplasts)",0,"unmatched"
"taxon:kegg-module m00158: f-type atpase, eukaryotes","","","GCST90667183","Gut microbial functional pathway relative abundance (KEGG-module M00158: F-type ATPase, eukaryotes)",0,"unmatched"
"taxon:kegg-module m00159: v/a-type atpase, prokaryotes","","","GCST90667184","Gut microbial functional pathway relative abundance (KEGG-module M00159: V/A-type ATPase, prokaryotes)",0,"unmatched"
"taxon:kegg-module m00160: v-type atpase, eukaryotes","","","GCST90667185","Gut microbial functional pathway relative abundance (KEGG-module M00160: V-type ATPase, eukaryotes)",0,"unmatched"
"taxon:kegg-module m00165: reductive pentose phosphate cycle (calvin cycle)","","","GCST90667186","Gut microbial functional pathway relative abundance (KEGG-module M00165: Reductive pentose phosphate cycle (Calvin cycle))",0,"unmatched"
"taxon:kegg-module m00166: reductive pentose phosphate cycle, ribulose-5p to glyceraldehyde-3p","","","GCST90667187","Gut microbial functional pathway relative abundance (KEGG-module M00166: Reductive pentose phosphate cycle, ribulose-5P to glyceraldehyde-3P)",0,"unmatched"
"taxon:kegg-module m00167: reductive pentose phosphate cycle, glyceraldehyde-3p to ribulose-5p","","","GCST90667188","Gut microbial functional pathway relative abundance (KEGG-module M00167: Reductive pentose phosphate cycle, glyceraldehyde-3P to ribulose-5P)",0,"unmatched"
"taxon:kegg-module m00168: cam (crassulacean acid metabolism), dark","","","GCST90667189","Gut microbial functional pathway relative abundance (KEGG-module M00168: CAM (Crassulacean acid metabolism), dark)",0,"unmatched"
"taxon:kegg-module m00169: cam (crassulacean acid metabolism), light","","","GCST90667190","Gut microbial functional pathway relative abundance (KEGG-module M00169: CAM (Crassulacean acid metabolism), light)",0,"unmatched"
"taxon:kegg-module m00172: c4-dicarboxylic acid cycle, nadp - malic enzyme type","","","GCST90667191","Gut microbial functional pathway relative abundance (KEGG-module M00172: C4-dicarboxylic acid cycle, NADP - malic enzyme type)",0,"unmatched"
"taxon:kegg-module m00173: reductive citrate cycle (arnon-buchanan cycle)","","","GCST90667192","Gut microbial functional pathway relative abundance (KEGG-module M00173: Reductive citrate cycle (Arnon-Buchanan cycle))",0,"unmatched"
"taxon:kegg-module m00175: nitrogen fixation, nitrogen to ammonia","","","GCST90667193","Gut microbial functional pathway relative abundance (KEGG-module M00175: Nitrogen fixation, nitrogen to ammonia)",0,"unmatched"
"taxon:kegg-module m00176: assimilatory sulfate reduction, sulfate to h2s","","","GCST90667194","Gut microbial functional pathway relative abundance (KEGG-module M00176: Assimilatory sulfate reduction, sulfate to H2S)",0,"unmatched"
"taxon:kegg-module m00177: ribosome, eukaryotes","","","GCST90667195","Gut microbial functional pathway relative abundance (KEGG-module M00177: Ribosome, eukaryotes)",0,"unmatched"
"taxon:kegg-module m00178: ribosome, bacteria","","","GCST90667196","Gut microbial functional pathway relative abundance (KEGG-module M00178: Ribosome, bacteria)",0,"unmatched"
"taxon:kegg-module m00179: ribosome, archaea","","","GCST90667197","Gut microbial functional pathway relative abundance (KEGG-module M00179: Ribosome, archaea)",0,"unmatched"
"taxon:kegg-module m00180: rna polymerase ii, eukaryotes","","","GCST90667198","Gut microbial functional pathway relative abundance (KEGG-module M00180: RNA polymerase II, eukaryotes)",0,"unmatched"
"taxon:kegg-module m00181: rna polymerase iii, eukaryotes","","","GCST90667199","Gut microbial functional pathway relative abundance (KEGG-module M00181: RNA polymerase III, eukaryotes)",0,"unmatched"
"taxon:kegg-module m00182: rna polymerase i, eukaryotes","","","GCST90667200","Gut microbial functional pathway relative abundance (KEGG-module M00182: RNA polymerase I, eukaryotes)",0,"unmatched"
"taxon:kegg-module m00183: rna polymerase, bacteria","","","GCST90667201","Gut microbial functional pathway relative abundance (KEGG-module M00183: RNA polymerase, bacteria)",0,"unmatched"
"taxon:kegg-module m00184: rna polymerase, archaea","","","GCST90667202","Gut microbial functional pathway relative abundance (KEGG-module M00184: RNA polymerase, archaea)",0,"unmatched"
"taxon:kegg-module m00185: sulfate transport system","","","GCST90667203","Gut microbial functional pathway relative abundance (KEGG-module M00185: Sulfate transport system)",0,"unmatched"
"taxon:kegg-module m00186: tungstate transport system","","","GCST90667204","Gut microbial functional pathway relative abundance (KEGG-module M00186: Tungstate transport system)",0,"unmatched"
"taxon:kegg-module m00188: nitt/taut family transport system","","","GCST90667205","Gut microbial functional pathway relative abundance (KEGG-module M00188: NitT/TauT family transport system)",0,"unmatched"
"taxon:kegg-module m00189: molybdate transport system","","","GCST90667206","Gut microbial functional pathway relative abundance (KEGG-module M00189: Molybdate transport system)",0,"unmatched"
"taxon:kegg-module m00190: iron(iii) transport system","","","GCST90667207","Gut microbial functional pathway relative abundance (KEGG-module M00190: Iron(III) transport system)",0,"unmatched"
"taxon:kegg-module m00191: thiamine transport system","","","GCST90667208","Gut microbial functional pathway relative abundance (KEGG-module M00191: Thiamine transport system)",0,"unmatched"
"taxon:kegg-module m00192: putative thiamine transport system","","","GCST90667209","Gut microbial functional pathway relative abundance (KEGG-module M00192: Putative thiamine transport system)",0,"unmatched"
"taxon:kegg-module m00193: putative spermidine/putrescine transport system","","","GCST90667210","Gut microbial functional pathway relative abundance (KEGG-module M00193: Putative spermidine/putrescine transport system)",0,"unmatched"
"taxon:kegg-module m00194: maltose/maltodextrin transport system","","","GCST90667211","Gut microbial functional pathway relative abundance (KEGG-module M00194: Maltose/maltodextrin transport system)",0,"unmatched"
"taxon:kegg-module m00196: raffinose/stachyose/melibiose transport system","","","GCST90667212","Gut microbial functional pathway relative abundance (KEGG-module M00196: Raffinose/stachyose/melibiose transport system)",0,"unmatched"
"taxon:kegg-module m00197: putative fructooligosaccharide transport system","","","GCST90667213","Gut microbial functional pathway relative abundance (KEGG-module M00197: Putative fructooligosaccharide transport system)",0,"unmatched"
"taxon:kegg-module m00198: putative sn-glycerol-phosphate transport system","","","GCST90667214","Gut microbial functional pathway relative abundance (KEGG-module M00198: Putative sn-glycerol-phosphate transport system)",0,"unmatched"
"taxon:kegg-module m00199: l-arabinose/lactose transport system","","","GCST90667215","Gut microbial functional pathway relative abundance (KEGG-module M00199: L-Arabinose/lactose transport system)",0,"unmatched"
"taxon:kegg-module m00200: putative sorbitol/mannitol transport system","","","GCST90667216","Gut microbial functional pathway relative abundance (KEGG-module M00200: Putative sorbitol/mannitol transport system)",0,"unmatched"
"taxon:kegg-module m00201: alpha-glucoside transport system","","","GCST90667217","Gut microbial functional pathway relative abundance (KEGG-module M00201: alpha-Glucoside transport system)",0,"unmatched"
"taxon:kegg-module m00202: oligogalacturonide transport system","","","GCST90667218","Gut microbial functional pathway relative abundance (KEGG-module M00202: Oligogalacturonide transport system)",0,"unmatched"
"taxon:kegg-module m00205: n-acetylglucosamine transport system","","","GCST90667219","Gut microbial functional pathway relative abundance (KEGG-module M00205: N-Acetylglucosamine transport system)",0,"unmatched"
"taxon:kegg-module m00206: cellobiose transport system","","","GCST90667220","Gut microbial functional pathway relative abundance (KEGG-module M00206: Cellobiose transport system)",0,"unmatched"
"taxon:kegg-module m00207: putative multiple sugar transport system","","","GCST90667221","Gut microbial functional pathway relative abundance (KEGG-module M00207: Putative multiple sugar transport system)",0,"unmatched"
"taxon:kegg-module m00208: glycine betaine/proline transport system","","","GCST90667222","Gut microbial functional pathway relative abundance (KEGG-module M00208: Glycine betaine/proline transport system)",0,"unmatched"
"taxon:kegg-module m00209: osmoprotectant transport system","","","GCST90667223","Gut microbial functional pathway relative abundance (KEGG-module M00209: Osmoprotectant transport system)",0,"unmatched"
"taxon:kegg-module m00210: phospholipid transport system","","","GCST90667224","Gut microbial functional pathway relative abundance (KEGG-module M00210: Phospholipid transport system)",0,"unmatched"
"taxon:kegg-module m00211: putative abc transport system","","","GCST90667225","Gut microbial functional pathway relative abundance (KEGG-module M00211: Putative ABC transport system)",0,"unmatched"
"taxon:kegg-module m00212: ribose transport system","","","GCST90667226","Gut microbial functional pathway relative abundance (KEGG-module M00212: Ribose transport system)",0,"unmatched"
"taxon:kegg-module m00213: l-arabinose transport system","","","GCST90667227","Gut microbial functional pathway relative abundance (KEGG-module M00213: L-Arabinose transport system)",0,"unmatched"
"taxon:kegg-module m00214: methyl-galactoside transport system","","","GCST90667228","Gut microbial functional pathway relative abundance (KEGG-module M00214: Methyl-galactoside transport system)",0,"unmatched"
"taxon:kegg-module m00215: d-xylose transport system","","","GCST90667229","Gut microbial functional pathway relative abundance (KEGG-module M00215: D-Xylose transport system)",0,"unmatched"
"taxon:kegg-module m00216: multiple sugar transport system","","","GCST90667230","Gut microbial functional pathway relative abundance (KEGG-module M00216: Multiple sugar transport system)",0,"unmatched"
"taxon:kegg-module m00217: d-allose transport system","","","GCST90667231","Gut microbial functional pathway relative abundance (KEGG-module M00217: D-Allose transport system)",0,"unmatched"
"taxon:kegg-module m00219: ai-2 transport system","","","GCST90667232","Gut microbial functional pathway relative abundance (KEGG-module M00219: AI-2 transport system)",0,"unmatched"
"taxon:kegg-module m00220: rhamnose transport system","","","GCST90667233","Gut microbial functional pathway relative abundance (KEGG-module M00220: Rhamnose transport system)",0,"unmatched"
"taxon:kegg-module m00221: putative simple sugar transport system","","","GCST90667234","Gut microbial functional pathway relative abundance (KEGG-module M00221: Putative simple sugar transport system)",0,"unmatched"
"taxon:kegg-module m00222: phosphate transport system","","","GCST90667235","Gut microbial functional pathway relative abundance (KEGG-module M00222: Phosphate transport system)",0,"unmatched"
"taxon:kegg-module m00223: phosphonate transport system","","","GCST90667236","Gut microbial functional pathway relative abundance (KEGG-module M00223: Phosphonate transport system)",0,"unmatched"
"taxon:kegg-module m00224: fluoroquinolone transport system","","","GCST90667237","Gut microbial functional pathway relative abundance (KEGG-module M00224: Fluoroquinolone transport system)",0,"unmatched"
"taxon:kegg-module m00225: lysine/arginine/ornithine transport system","","","GCST90667238","Gut microbial functional pathway relative abundance (KEGG-module M00225: Lysine/arginine/ornithine transport system)",0,"unmatched"
"taxon:kegg-module m00226: histidine transport system","","","GCST90667239","Gut microbial functional pathway relative abundance (KEGG-module M00226: Histidine transport system)",0,"unmatched"
"taxon:kegg-module m00227: glutamine transport system","","","GCST90667240","Gut microbial functional pathway relative abundance (KEGG-module M00227: Glutamine transport system)",0,"unmatched"
"taxon:kegg-module m00228: putative glutamine transport system","","","GCST90667241","Gut microbial functional pathway relative abundance (KEGG-module M00228: Putative glutamine transport system)",0,"unmatched"
"taxon:kegg-module m00229: arginine transport system","","","GCST90667242","Gut microbial functional pathway relative abundance (KEGG-module M00229: Arginine transport system)",0,"unmatched"
"taxon:kegg-module m00230: glutamate/aspartate transport system","","","GCST90667243","Gut microbial functional pathway relative abundance (KEGG-module M00230: Glutamate/aspartate transport system)",0,"unmatched"
"taxon:kegg-module m00232: general l-amino acid transport system","","","GCST90667244","Gut microbial functional pathway relative abundance (KEGG-module M00232: General L-amino acid transport system)",0,"unmatched"
"taxon:kegg-module m00233: glutamate transport system","","","GCST90667245","Gut microbial functional pathway relative abundance (KEGG-module M00233: Glutamate transport system)",0,"unmatched"
"taxon:kegg-module m00234: cystine transport system","","","GCST90667246","Gut microbial functional pathway relative abundance (KEGG-module M00234: Cystine transport system)",0,"unmatched"
"taxon:kegg-module m00236: putative polar amino acid transport system","","","GCST90667247","Gut microbial functional pathway relative abundance (KEGG-module M00236: Putative polar amino acid transport system)",0,"unmatched"
"taxon:kegg-module m00237: branched-chain amino acid transport system","","","GCST90667248","Gut microbial functional pathway relative abundance (KEGG-module M00237: Branched-chain amino acid transport system)",0,"unmatched"
"taxon:kegg-module m00238: d-methionine transport system","","","GCST90667249","Gut microbial functional pathway relative abundance (KEGG-module M00238: D-Methionine transport system)",0,"unmatched"
"taxon:kegg-module m00239: peptides/nickel transport system","","","GCST90667250","Gut microbial functional pathway relative abundance (KEGG-module M00239: Peptides/nickel transport system)",0,"unmatched"
"taxon:kegg-module m00240: iron complex transport system","","","GCST90667251","Gut microbial functional pathway relative abundance (KEGG-module M00240: Iron complex transport system)",0,"unmatched"
"taxon:kegg-module m00241: vitamin b12 transport system","","","GCST90667252","Gut microbial functional pathway relative abundance (KEGG-module M00241: Vitamin B12 transport system)",0,"unmatched"
"taxon:kegg-module m00242: zinc transport system","","","GCST90667253","Gut microbial functional pathway relative abundance (KEGG-module M00242: Zinc transport system)",0,"unmatched"
"taxon:kegg-module m00243: manganese/iron transport system","","","GCST90667254","Gut microbial functional pathway relative abundance (KEGG-module M00243: Manganese/iron transport system)",0,"unmatched"
"taxon:kegg-module m00244: putative zinc/manganese transport system","","","GCST90667255","Gut microbial functional pathway relative abundance (KEGG-module M00244: Putative zinc/manganese transport system)",0,"unmatched"
"taxon:kegg-module m00245: cobalt/nickel transport system","","","GCST90667256","Gut microbial functional pathway relative abundance (KEGG-module M00245: Cobalt/nickel transport system)",0,"unmatched"
"taxon:kegg-module m00246: nickel transport system","","","GCST90667257","Gut microbial functional pathway relative abundance (KEGG-module M00246: Nickel transport system)",0,"unmatched"
"taxon:kegg-module m00247: putative abc transport system","","","GCST90667258","Gut microbial functional pathway relative abundance (KEGG-module M00247: Putative ABC transport system)",0,"unmatched"
"taxon:kegg-module m00249: capsular polysaccharide transport system","","","GCST90667259","Gut microbial functional pathway relative abundance (KEGG-module M00249: Capsular polysaccharide transport system)",0,"unmatched"
"taxon:kegg-module m00250: lipopolysaccharide transport system","","","GCST90667260","Gut microbial functional pathway relative abundance (KEGG-module M00250: Lipopolysaccharide transport system)",0,"unmatched"
"taxon:kegg-module m00251: teichoic acid transport system","","","GCST90667261","Gut microbial functional pathway relative abundance (KEGG-module M00251: Teichoic acid transport system)",0,"unmatched"
"taxon:kegg-module m00252: lipooligosaccharide transport system","","","GCST90667262","Gut microbial functional pathway relative abundance (KEGG-module M00252: Lipooligosaccharide transport system)",0,"unmatched"
"taxon:kegg-module m00253: sodium transport system","","","GCST90667263","Gut microbial functional pathway relative abundance (KEGG-module M00253: Sodium transport system)",0,"unmatched"
"taxon:kegg-module m00254: abc-2 type transport system","","","GCST90667264","Gut microbial functional pathway relative abundance (KEGG-module M00254: ABC-2 type transport system)",0,"unmatched"
"taxon:kegg-module m00255: lipoprotein-releasing system","","","GCST90667265","Gut microbial functional pathway relative abundance (KEGG-module M00255: Lipoprotein-releasing system)",0,"unmatched"
"taxon:kegg-module m00256: cell division transport system","","","GCST90667266","Gut microbial functional pathway relative abundance (KEGG-module M00256: Cell division transport system)",0,"unmatched"
"taxon:kegg-module m00258: putative abc transport system","","","GCST90667267","Gut microbial functional pathway relative abundance (KEGG-module M00258: Putative ABC transport system)",0,"unmatched"
"taxon:kegg-module m00259: heme transport system","","","GCST90667268","Gut microbial functional pathway relative abundance (KEGG-module M00259: Heme transport system)",0,"unmatched"
"taxon:kegg-module m00260: dna polymerase iii complex, bacteria","","","GCST90667269","Gut microbial functional pathway relative abundance (KEGG-module M00260: DNA polymerase III complex, bacteria)",0,"unmatched"
"taxon:kegg-module m00261: dna polymerase alpha / primase complex","","","GCST90667270","Gut microbial functional pathway relative abundance (KEGG-module M00261: DNA polymerase alpha / primase complex)",0,"unmatched"
"taxon:kegg-module m00262: dna polymerase delta complex","","","GCST90667271","Gut microbial functional pathway relative abundance (KEGG-module M00262: DNA polymerase delta complex)",0,"unmatched"
"taxon:kegg-module m00263: dna polymerase epsilon complex","","","GCST90667272","Gut microbial functional pathway relative abundance (KEGG-module M00263: DNA polymerase epsilon complex)",0,"unmatched"
"taxon:kegg-module m00264: dna polymerase ii complex, archaea","","","GCST90667273","Gut microbial functional pathway relative abundance (KEGG-module M00264: DNA polymerase II complex, archaea)",0,"unmatched"
"taxon:kegg-module m00265: pts system, glucose-specific ii component","","","GCST90667274","Gut microbial functional pathway relative abundance (KEGG-module M00265: PTS system, glucose-specific II component)",0,"unmatched"
"taxon:kegg-module m00266: pts system, maltose/glucose-specific ii component","","","GCST90667275","Gut microbial functional pathway relative abundance (KEGG-module M00266: PTS system, maltose/glucose-specific II component)",0,"unmatched"
"taxon:kegg-module m00267: pts system, n-acetylglucosamine-specific ii component","","","GCST90667276","Gut microbial functional pathway relative abundance (KEGG-module M00267: PTS system, N-acetylglucosamine-specific II component)",0,"unmatched"
"taxon:kegg-module m00268: pts system, alpha-glucoside-specific ii component","","","GCST90667277","Gut microbial functional pathway relative abundance (KEGG-module M00268: PTS system, alpha-glucoside-specific II component)",0,"unmatched"
"taxon:kegg-module m00269: pts system, sucrose-specific ii component","","","GCST90667278","Gut microbial functional pathway relative abundance (KEGG-module M00269: PTS system, sucrose-specific II component)",0,"unmatched"
"taxon:kegg-module m00270: pts system, trehalose-specific ii component","","","GCST90667279","Gut microbial functional pathway relative abundance (KEGG-module M00270: PTS system, trehalose-specific II component)",0,"unmatched"
"taxon:kegg-module m00271: pts system, beta-glucoside-specific ii component","","","GCST90667280","Gut microbial functional pathway relative abundance (KEGG-module M00271: PTS system, beta-glucoside-specific II component)",0,"unmatched"
"taxon:kegg-module m00272: pts system, beta-glucoside (arbutin/salicin/cellobiose)-specific ii component","","","GCST90667281","Gut microbial functional pathway relative abundance (KEGG-module M00272: PTS system, beta-glucoside (arbutin/salicin/cellobiose)-specific II component)",0,"unmatched"
"taxon:kegg-module m00273: pts system, fructose-specific ii component","","","GCST90667282","Gut microbial functional pathway relative abundance (KEGG-module M00273: PTS system, fructose-specific II component)",0,"unmatched"
"taxon:kegg-module m00274: pts system, mannitol-specific ii component","","","GCST90667283","Gut microbial functional pathway relative abundance (KEGG-module M00274: PTS system, mannitol-specific II component)",0,"unmatched"
"taxon:kegg-module m00275: pts system, cellobiose-specific ii component","","","GCST90667284","Gut microbial functional pathway relative abundance (KEGG-module M00275: PTS system, cellobiose-specific II component)",0,"unmatched"
"taxon:kegg-module m00276: pts system, mannose-specific ii component","","","GCST90667285","Gut microbial functional pathway relative abundance (KEGG-module M00276: PTS system, mannose-specific II component)",0,"unmatched"
"taxon:kegg-module m00277: pts system, n-acetylgalactosamine-specific ii component","","","GCST90667286","Gut microbial functional pathway relative abundance (KEGG-module M00277: PTS system, N-acetylgalactosamine-specific II component)",0,"unmatched"
"taxon:kegg-module m00278: pts system, sorbose-specific ii component","","","GCST90667287","Gut microbial functional pathway relative abundance (KEGG-module M00278: PTS system, sorbose-specific II component)",0,"unmatched"
"taxon:kegg-module m00279: pts system, galactitol-specific ii component","","","GCST90667288","Gut microbial functional pathway relative abundance (KEGG-module M00279: PTS system, galactitol-specific II component)",0,"unmatched"
"taxon:kegg-module m00280: pts system, glucitol/sorbitol-specific ii component","","","GCST90667289","Gut microbial functional pathway relative abundance (KEGG-module M00280: PTS system, glucitol/sorbitol-specific II component)",0,"unmatched"
"taxon:kegg-module m00281: pts system, lactose-specific ii component","","","GCST90667290","Gut microbial functional pathway relative abundance (KEGG-module M00281: PTS system, lactose-specific II component)",0,"unmatched"
"taxon:kegg-module m00283: pts system, ascorbate-specific ii component","","","GCST90667291","Gut microbial functional pathway relative abundance (KEGG-module M00283: PTS system, ascorbate-specific II component)",0,"unmatched"
"taxon:kegg-module m00284: origin recognition complex","","","GCST90667292","Gut microbial functional pathway relative abundance (KEGG-module M00284: Origin recognition complex)",0,"unmatched"
"taxon:kegg-module m00285: mcm complex","","","GCST90667293","Gut microbial functional pathway relative abundance (KEGG-module M00285: MCM complex)",0,"unmatched"
"taxon:kegg-module m00286: gins complex","","","GCST90667294","Gut microbial functional pathway relative abundance (KEGG-module M00286: GINS complex)",0,"unmatched"
"taxon:kegg-module m00287: pts system, galactosamine-specific ii component","","","GCST90667295","Gut microbial functional pathway relative abundance (KEGG-module M00287: PTS system, galactosamine-specific II component)",0,"unmatched"
"taxon:kegg-module m00289: rf-c complex","","","GCST90667296","Gut microbial functional pathway relative abundance (KEGG-module M00289: RF-C complex)",0,"unmatched"
"taxon:kegg-module m00290: holo-tfiih complex","","","GCST90667297","Gut microbial functional pathway relative abundance (KEGG-module M00290: Holo-TFIIH complex)",0,"unmatched"
"taxon:kegg-module m00292: mrx complex","","","GCST90667298","Gut microbial functional pathway relative abundance (KEGG-module M00292: MRX complex)",0,"unmatched"
"taxon:kegg-module m00293: dna polymerase zeta complex","","","GCST90667299","Gut microbial functional pathway relative abundance (KEGG-module M00293: DNA polymerase zeta complex)",0,"unmatched"
"taxon:kegg-module m00295: brca1-associated genome surveillance complex (basc)","","","GCST90667300","Gut microbial functional pathway relative abundance (KEGG-module M00295: BRCA1-associated genome surveillance complex (BASC))",0,"unmatched"
"taxon:kegg-module m00298: multidrug/hemolysin transport system","","","GCST90667301","Gut microbial functional pathway relative abundance (KEGG-module M00298: Multidrug/hemolysin transport system)",0,"unmatched"
"taxon:kegg-module m00299: spermidine/putrescine transport system","","","GCST90667302","Gut microbial functional pathway relative abundance (KEGG-module M00299: Spermidine/putrescine transport system)",0,"unmatched"
"taxon:kegg-module m00300: putrescine transport system","","","GCST90667303","Gut microbial functional pathway relative abundance (KEGG-module M00300: Putrescine transport system)",0,"unmatched"
"taxon:kegg-module m00303: pts system, n-acetylmuramic acid-specific ii component","","","GCST90667304","Gut microbial functional pathway relative abundance (KEGG-module M00303: PTS system, N-acetylmuramic acid-specific II component)",0,"unmatched"
"taxon:kegg-module m00305: pts system, 2-o-a-mannosyl-d-glycerate-specific ii component","","","GCST90667305","Gut microbial functional pathway relative abundance (KEGG-module M00305: PTS system, 2-O-A-mannosyl-D-glycerate-specific II component)",0,"unmatched"
"taxon:kegg-module m00306: pts system, fructose-specific ii-like component","","","GCST90667306","Gut microbial functional pathway relative abundance (KEGG-module M00306: PTS system, fructose-specific II-like component)",0,"unmatched"
"taxon:kegg-module m00307: pyruvate oxidation, pyruvate to acetyl-coa","","","GCST90667307","Gut microbial functional pathway relative abundance (KEGG-module M00307: Pyruvate oxidation, pyruvate to acetyl-CoA)",0,"unmatched"
"taxon:kegg-module m00308: semi-phosphorylative entner-doudoroff pathway, gluconate to glycerate-3p","","","GCST90667308","Gut microbial functional pathway relative abundance (KEGG-module M00308: Semi-phosphorylative Entner-Doudoroff pathway, gluconate to glycerate-3P)",0,"unmatched"
"taxon:kegg-module m00316: manganese transport system","","","GCST90667309","Gut microbial functional pathway relative abundance (KEGG-module M00316: Manganese transport system)",0,"unmatched"
"taxon:kegg-module m00317: manganese/iron transport system","","","GCST90667310","Gut microbial functional pathway relative abundance (KEGG-module M00317: Manganese/iron transport system)",0,"unmatched"
"taxon:kegg-module m00318: iron/zinc/manganese/copper transport system","","","GCST90667311","Gut microbial functional pathway relative abundance (KEGG-module M00318: Iron/zinc/manganese/copper transport system)",0,"unmatched"
"taxon:kegg-module m00319: manganese/zinc/iron transport system","","","GCST90667312","Gut microbial functional pathway relative abundance (KEGG-module M00319: Manganese/zinc/iron transport system)",0,"unmatched"
"taxon:kegg-module m00320: lipopolysaccharide export system","","","GCST90667313","Gut microbial functional pathway relative abundance (KEGG-module M00320: Lipopolysaccharide export system)",0,"unmatched"
"taxon:kegg-module m00323: urea transport system","","","GCST90667314","Gut microbial functional pathway relative abundance (KEGG-module M00323: Urea transport system)",0,"unmatched"
"taxon:kegg-module m00324: dipeptide transport system","","","GCST90667315","Gut microbial functional pathway relative abundance (KEGG-module M00324: Dipeptide transport system)",0,"unmatched"
"taxon:kegg-module m00325: alpha-hemolysin/cyclolysin transport system","","","GCST90667316","Gut microbial functional pathway relative abundance (KEGG-module M00325: alpha-Hemolysin/cyclolysin transport system)",0,"unmatched"
"taxon:kegg-module m00330: adhesin protein transport system","","","GCST90667317","Gut microbial functional pathway relative abundance (KEGG-module M00330: Adhesin protein transport system)",0,"unmatched"
"taxon:kegg-module m00331: type ii general secretion pathway","","","GCST90667318","Gut microbial functional pathway relative abundance (KEGG-module M00331: Type II general secretion pathway)",0,"unmatched"
"taxon:kegg-module m00332: type iii secretion system","","","GCST90667319","Gut microbial functional pathway relative abundance (KEGG-module M00332: Type III secretion system)",0,"unmatched"
"taxon:kegg-module m00333: type iv secretion system","","","GCST90667320","Gut microbial functional pathway relative abundance (KEGG-module M00333: Type IV secretion system)",0,"unmatched"
"taxon:kegg-module m00334: type vi secretion system","","","GCST90667321","Gut microbial functional pathway relative abundance (KEGG-module M00334: Type VI secretion system)",0,"unmatched"
"taxon:kegg-module m00335: sec (secretion) system","","","GCST90667322","Gut microbial functional pathway relative abundance (KEGG-module M00335: Sec (secretion) system)",0,"unmatched"
"taxon:kegg-module m00336: twin-arginine translocation (tat) system","","","GCST90667323","Gut microbial functional pathway relative abundance (KEGG-module M00336: Twin-arginine translocation (Tat) system)",0,"unmatched"
"taxon:kegg-module m00337: immunoproteasome","","","GCST90667324","Gut microbial functional pathway relative abundance (KEGG-module M00337: Immunoproteasome)",0,"unmatched"
"taxon:kegg-module m00338: cysteine biosynthesis, homocysteine + serine to cysteine","","","GCST90667325","Gut microbial functional pathway relative abundance (KEGG-module M00338: Cysteine biosynthesis, homocysteine + serine to cysteine)",0,"unmatched"
"taxon:kegg-module m00340: proteasome, 20s core particle","","","GCST90667326","Gut microbial functional pathway relative abundance (KEGG-module M00340: Proteasome, 20S core particle)",0,"unmatched"
"taxon:kegg-module m00341: proteasome, 19s regulatory particle (pa700)","","","GCST90667327","Gut microbial functional pathway relative abundance (KEGG-module M00341: Proteasome, 19S regulatory particle (PA700))",0,"unmatched"
"taxon:kegg-module m00343: archaeal proteasome","","","GCST90667328","Gut microbial functional pathway relative abundance (KEGG-module M00343: Archaeal proteasome)",0,"unmatched"
"taxon:kegg-module m00344: formaldehyde assimilation, xylulose monophosphate pathway","","","GCST90667329","Gut microbial functional pathway relative abundance (KEGG-module M00344: Formaldehyde assimilation, xylulose monophosphate pathway)",0,"unmatched"
"taxon:kegg-module m00345: formaldehyde assimilation, ribulose monophosphate pathway","","","GCST90667330","Gut microbial functional pathway relative abundance (KEGG-module M00345: Formaldehyde assimilation, ribulose monophosphate pathway)",0,"unmatched"
"taxon:kegg-module m00348: glutathione transport system","","","GCST90667331","Gut microbial functional pathway relative abundance (KEGG-module M00348: Glutathione transport system)",0,"unmatched"
"taxon:kegg-module m00349: microcin c transport system","","","GCST90667332","Gut microbial functional pathway relative abundance (KEGG-module M00349: Microcin C transport system)",0,"unmatched"
"taxon:kegg-module m00351: spliceosome, u1-snrnp","","","GCST90667333","Gut microbial functional pathway relative abundance (KEGG-module M00351: Spliceosome, U1-snRNP)",0,"unmatched"
"taxon:kegg-module m00352: spliceosome, u2-snrnp","","","GCST90667334","Gut microbial functional pathway relative abundance (KEGG-module M00352: Spliceosome, U2-snRNP)",0,"unmatched"
"taxon:kegg-module m00354: spliceosome, u4/u6.u5 tri-snrnp","","","GCST90667335","Gut microbial functional pathway relative abundance (KEGG-module M00354: Spliceosome, U4/U6.U5 tri-snRNP)",0,"unmatched"
"taxon:kegg-module m00355: spliceosome, 35s u5-snrnp","","","GCST90667336","Gut microbial functional pathway relative abundance (KEGG-module M00355: Spliceosome, 35S U5-snRNP)",0,"unmatched"
"taxon:kegg-module m00356: methanogenesis, methanol to methane","","","GCST90667337","Gut microbial functional pathway relative abundance (KEGG-module M00356: Methanogenesis, methanol to methane)",0,"unmatched"
"taxon:kegg-module m00357: methanogenesis, acetate to methane","","","GCST90667338","Gut microbial functional pathway relative abundance (KEGG-module M00357: Methanogenesis, acetate to methane)",0,"unmatched"
"taxon:kegg-module m00358: coenzyme m biosynthesis","","","GCST90667339","Gut microbial functional pathway relative abundance (KEGG-module M00358: Coenzyme M biosynthesis)",0,"unmatched"
"taxon:kegg-module m00359: aminoacyl-trna biosynthesis, eukaryotes","","","GCST90667340","Gut microbial functional pathway relative abundance (KEGG-module M00359: Aminoacyl-tRNA biosynthesis, eukaryotes)",0,"unmatched"
"taxon:kegg-module m00360: aminoacyl-trna biosynthesis, prokaryotes","","","GCST90667341","Gut microbial functional pathway relative abundance (KEGG-module M00360: Aminoacyl-tRNA biosynthesis, prokaryotes)",0,"unmatched"
"taxon:kegg-module m00361: nucleotide sugar biosynthesis, eukaryotes","","","GCST90667342","Gut microbial functional pathway relative abundance (KEGG-module M00361: Nucleotide sugar biosynthesis, eukaryotes)",0,"unmatched"
"taxon:kegg-module m00362: nucleotide sugar biosynthesis, prokaryotes","","","GCST90667343","Gut microbial functional pathway relative abundance (KEGG-module M00362: Nucleotide sugar biosynthesis, prokaryotes)",0,"unmatched"
"taxon:kegg-module m00364: c10-c20 isoprenoid biosynthesis, bacteria","","","GCST90667344","Gut microbial functional pathway relative abundance (KEGG-module M00364: C10-C20 isoprenoid biosynthesis, bacteria)",0,"unmatched"
"taxon:kegg-module m00365: c10-c20 isoprenoid biosynthesis, archaea","","","GCST90667345","Gut microbial functional pathway relative abundance (KEGG-module M00365: C10-C20 isoprenoid biosynthesis, archaea)",0,"unmatched"
"taxon:kegg-module m00367: c10-c20 isoprenoid biosynthesis, non-plant eukaryotes","","","GCST90667346","Gut microbial functional pathway relative abundance (KEGG-module M00367: C10-C20 isoprenoid biosynthesis, non-plant eukaryotes)",0,"unmatched"
"taxon:kegg-module m00377: reductive acetyl-coa pathway (wood-ljungdahl pathway)","","","GCST90667347","Gut microbial functional pathway relative abundance (KEGG-module M00377: Reductive acetyl-CoA pathway (Wood-Ljungdahl pathway))",0,"unmatched"
"taxon:kegg-module m00378: f420 biosynthesis","","","GCST90667348","Gut microbial functional pathway relative abundance (KEGG-module M00378: F420 biosynthesis)",0,"unmatched"
"taxon:kegg-module m00379: scf-met30 complex","","","GCST90667349","Gut microbial functional pathway relative abundance (KEGG-module M00379: SCF-MET30 complex)",0,"unmatched"
"taxon:kegg-module m00389: apc/c complex","","","GCST90667350","Gut microbial functional pathway relative abundance (KEGG-module M00389: APC/C complex)",0,"unmatched"
"taxon:kegg-module m00390: exosome, archaea","","","GCST90667351","Gut microbial functional pathway relative abundance (KEGG-module M00390: Exosome, archaea)",0,"unmatched"
"taxon:kegg-module m00392: ski complex","","","GCST90667352","Gut microbial functional pathway relative abundance (KEGG-module M00392: Ski complex)",0,"unmatched"
"taxon:kegg-module m00393: tramp complex","","","GCST90667353","Gut microbial functional pathway relative abundance (KEGG-module M00393: TRAMP complex)",0,"unmatched"
"taxon:kegg-module m00394: rna degradosome","","","GCST90667354","Gut microbial functional pathway relative abundance (KEGG-module M00394: RNA degradosome)",0,"unmatched"
"taxon:kegg-module m00395: decapping complex","","","GCST90667355","Gut microbial functional pathway relative abundance (KEGG-module M00395: Decapping complex)",0,"unmatched"
"taxon:kegg-module m00397: lsm 1-7 complex","","","GCST90667356","Gut microbial functional pathway relative abundance (KEGG-module M00397: Lsm 1-7 complex)",0,"unmatched"
"taxon:kegg-module m00398: sm core complex","","","GCST90667357","Gut microbial functional pathway relative abundance (KEGG-module M00398: Sm core complex)",0,"unmatched"
"taxon:kegg-module m00399: cap binding complex","","","GCST90667358","Gut microbial functional pathway relative abundance (KEGG-module M00399: Cap binding complex)",0,"unmatched"
"taxon:kegg-module m00400: p97-ufd1-npl4 complex","","","GCST90667359","Gut microbial functional pathway relative abundance (KEGG-module M00400: p97-Ufd1-Npl4 complex)",0,"unmatched"
"taxon:kegg-module m00401: sec61 complex","","","GCST90667360","Gut microbial functional pathway relative abundance (KEGG-module M00401: Sec61 complex)",0,"unmatched"
"taxon:kegg-module m00404: copii complex","","","GCST90667361","Gut microbial functional pathway relative abundance (KEGG-module M00404: COPII complex)",0,"unmatched"
"taxon:kegg-module m00407: scf-cdc4 complex","","","GCST90667362","Gut microbial functional pathway relative abundance (KEGG-module M00407: SCF-CDC4 complex)",0,"unmatched"
"taxon:kegg-module m00408: escrt-0 complex","","","GCST90667363","Gut microbial functional pathway relative abundance (KEGG-module M00408: ESCRT-0 complex)",0,"unmatched"
"taxon:kegg-module m00410: escrt-ii complex","","","GCST90667364","Gut microbial functional pathway relative abundance (KEGG-module M00410: ESCRT-II complex)",0,"unmatched"
"taxon:kegg-module m00411: scf-grr1 complex","","","GCST90667365","Gut microbial functional pathway relative abundance (KEGG-module M00411: SCF-GRR1 complex)",0,"unmatched"
"taxon:kegg-module m00412: escrt-iii complex","","","GCST90667366","Gut microbial functional pathway relative abundance (KEGG-module M00412: ESCRT-III complex)",0,"unmatched"
"taxon:kegg-module m00417: cytochrome o ubiquinol oxidase","","","GCST90667367","Gut microbial functional pathway relative abundance (KEGG-module M00417: Cytochrome o ubiquinol oxidase)",0,"unmatched"
"taxon:kegg-module m00425: h/aca ribonucleoprotein complex","","","GCST90667368","Gut microbial functional pathway relative abundance (KEGG-module M00425: H/ACA ribonucleoprotein complex)",0,"unmatched"
"taxon:kegg-module m00429: competence-related dna transformation transporter","","","GCST90667369","Gut microbial functional pathway relative abundance (KEGG-module M00429: Competence-related DNA transformation transporter)",0,"unmatched"
"taxon:kegg-module m00432: leucine biosynthesis, 2-oxoisovalerate to 2-oxoisocaproate","","","GCST90667370","Gut microbial functional pathway relative abundance (KEGG-module M00432: Leucine biosynthesis, 2-oxoisovalerate to 2-oxoisocaproate)",0,"unmatched"
"taxon:kegg-module m00433: lysine biosynthesis, 2-oxoglutarate to 2-oxoadipate","","","GCST90667371","Gut microbial functional pathway relative abundance (KEGG-module M00433: Lysine biosynthesis, 2-oxoglutarate to 2-oxoadipate)",0,"unmatched"
"taxon:kegg-module m00434: phor-phob (phosphate starvation response) two-component regulatory system","","","GCST90667372","Gut microbial functional pathway relative abundance (KEGG-module M00434: PhoR-PhoB (phosphate starvation response) two-component regulatory system)",0,"unmatched"
"taxon:kegg-module m00435: taurine transport system","","","GCST90667373","Gut microbial functional pathway relative abundance (KEGG-module M00435: Taurine transport system)",0,"unmatched"
"taxon:kegg-module m00436: sulfonate transport system","","","GCST90667374","Gut microbial functional pathway relative abundance (KEGG-module M00436: Sulfonate transport system)",0,"unmatched"
"taxon:kegg-module m00438: nitrate/nitrite transport system","","","GCST90667375","Gut microbial functional pathway relative abundance (KEGG-module M00438: Nitrate/nitrite transport system)",0,"unmatched"
"taxon:kegg-module m00439: oligopeptide transport system","","","GCST90667376","Gut microbial functional pathway relative abundance (KEGG-module M00439: Oligopeptide transport system)",0,"unmatched"
"taxon:kegg-module m00440: nickel transport system","","","GCST90667377","Gut microbial functional pathway relative abundance (KEGG-module M00440: Nickel transport system)",0,"unmatched"
"taxon:kegg-module m00442: putative hydroxymethylpyrimidine transport system","","","GCST90667378","Gut microbial functional pathway relative abundance (KEGG-module M00442: Putative hydroxymethylpyrimidine transport system)",0,"unmatched"
"taxon:kegg-module m00443: senx3-regx3 (phosphate starvation response) two-component regulatory system","","","GCST90667379","Gut microbial functional pathway relative abundance (KEGG-module M00443: SenX3-RegX3 (phosphate starvation response) two-component regulatory system)",0,"unmatched"
"taxon:kegg-module m00444: phoq-phop (magnesium transport) two-component regulatory system","","","GCST90667380","Gut microbial functional pathway relative abundance (KEGG-module M00444: PhoQ-PhoP (magnesium transport) two-component regulatory system)",0,"unmatched"
"taxon:kegg-module m00445: envz-ompr (osmotic stress response) two-component regulatory system","","","GCST90667381","Gut microbial functional pathway relative abundance (KEGG-module M00445: EnvZ-OmpR (osmotic stress response) two-component regulatory system)",0,"unmatched"
"taxon:kegg-module m00446: rstb-rsta two-component regulatory system","","","GCST90667382","Gut microbial functional pathway relative abundance (KEGG-module M00446: RstB-RstA two-component regulatory system)",0,"unmatched"
"taxon:kegg-module m00447: cpxa-cpxr (envelope stress response) two-component regulatory system","","","GCST90667383","Gut microbial functional pathway relative abundance (KEGG-module M00447: CpxA-CpxR (envelope stress response) two-component regulatory system)",0,"unmatched"
"taxon:kegg-module m00448: csss-cssr (secretion stress response) two-component regulatory system","","","GCST90667384","Gut microbial functional pathway relative abundance (KEGG-module M00448: CssS-CssR (secretion stress response) two-component regulatory system)",0,"unmatched"
"taxon:kegg-module m00449: crec-creb (phosphate regulation) two-component regulatory system","","","GCST90667385","Gut microbial functional pathway relative abundance (KEGG-module M00449: CreC-CreB (phosphate regulation) two-component regulatory system)",0,"unmatched"
"taxon:kegg-module m00450: baes-baer (envelope stress response) two-component regulatory system","","","GCST90667386","Gut microbial functional pathway relative abundance (KEGG-module M00450: BaeS-BaeR (envelope stress response) two-component regulatory system)",0,"unmatched"
"taxon:kegg-module m00451: bass-basr (antimicrobial peptide resistance) two-component regulatory system","","","GCST90667387","Gut microbial functional pathway relative abundance (KEGG-module M00451: BasS-BasR (antimicrobial peptide resistance) two-component regulatory system)",0,"unmatched"
"taxon:kegg-module m00452: cuss-cusr (copper tolerance) two-component regulatory system","","","GCST90667388","Gut microbial functional pathway relative abundance (KEGG-module M00452: CusS-CusR (copper tolerance) two-component regulatory system)",0,"unmatched"
"taxon:kegg-module m00453: qsec-qseb (quorum sensing) two-component regulatory system","","","GCST90667389","Gut microbial functional pathway relative abundance (KEGG-module M00453: QseC-QseB (quorum sensing) two-component regulatory system)",0,"unmatched"
"taxon:kegg-module m00454: kdpd-kdpe (potassium transport) two-component regulatory system","","","GCST90667390","Gut microbial functional pathway relative abundance (KEGG-module M00454: KdpD-KdpE (potassium transport) two-component regulatory system)",0,"unmatched"
"taxon:kegg-module m00456: arcb-arca (anoxic redox control) two-component regulatory system","","","GCST90667391","Gut microbial functional pathway relative abundance (KEGG-module M00456: ArcB-ArcA (anoxic redox control) two-component regulatory system)",0,"unmatched"
"taxon:kegg-module m00457: tcte-tctd (tricarboxylic acid transport) two-component regulatory system","","","GCST90667392","Gut microbial functional pathway relative abundance (KEGG-module M00457: TctE-TctD (tricarboxylic acid transport) two-component regulatory system)",0,"unmatched"
"taxon:kegg-module m00458: rese-resd (aerobic and anaerobic respiration) two-component regulatory system","","","GCST90667393","Gut microbial functional pathway relative abundance (KEGG-module M00458: ResE-ResD (aerobic and anaerobic respiration) two-component regulatory system)",0,"unmatched"
"taxon:kegg-module m00459: vick-vicr (cell wall metabolism) two-component regulatory system","","","GCST90667394","Gut microbial functional pathway relative abundance (KEGG-module M00459: VicK-VicR (cell wall metabolism) two-component regulatory system)",0,"unmatched"
"taxon:kegg-module m00460: mprb-mpra (maintenance of persistent infection) two-component regulatory system","","","GCST90667395","Gut microbial functional pathway relative abundance (KEGG-module M00460: MprB-MprA (maintenance of persistent infection) two-component regulatory system)",0,"unmatched"
"taxon:kegg-module m00461: mtrb-mtra (osmotic stress response) two-component regulatory system","","","GCST90667396","Gut microbial functional pathway relative abundance (KEGG-module M00461: MtrB-MtrA (osmotic stress response) two-component regulatory system)",0,"unmatched"
"taxon:kegg-module m00468: saes-saer (staphylococcal virulence regulation) two-component regulatory system","","","GCST90667397","Gut microbial functional pathway relative abundance (KEGG-module M00468: SaeS-SaeR (staphylococcal virulence regulation) two-component regulatory system)",0,"unmatched"
"taxon:kegg-module m00471: narx-narl (nitrate respiration) two-component regulatory system","","","GCST90667398","Gut microbial functional pathway relative abundance (KEGG-module M00471: NarX-NarL (nitrate respiration) two-component regulatory system)",0,"unmatched"
"taxon:kegg-module m00472: narq-narp (nitrate respiration) two-component regulatory system","","","GCST90667399","Gut microbial functional pathway relative abundance (KEGG-module M00472: NarQ-NarP (nitrate respiration) two-component regulatory system)",0,"unmatched"
"taxon:kegg-module m00473: uhpb-uhpa (hexose phosphates uptake) two-component regulatory system","","","GCST90667400","Gut microbial functional pathway relative abundance (KEGG-module M00473: UhpB-UhpA (hexose phosphates uptake) two-component regulatory system)",0,"unmatched"
"taxon:kegg-module m00474: rcsc-rcsd-rcsb (capsule synthesis) two-component regulatory system","","","GCST90667401","Gut microbial functional pathway relative abundance (KEGG-module M00474: RcsC-RcsD-RcsB (capsule synthesis) two-component regulatory system)",0,"unmatched"
"taxon:kegg-module m00475: bara-uvry (central carbon metabolism) two-component regulatory system","","","GCST90667402","Gut microbial functional pathway relative abundance (KEGG-module M00475: BarA-UvrY (central carbon metabolism) two-component regulatory system)",0,"unmatched"
"taxon:kegg-module m00477: evgs-evga (acid and drug tolerance) two-component regulatory system","","","GCST90667403","Gut microbial functional pathway relative abundance (KEGG-module M00477: EvgS-EvgA (acid and drug tolerance) two-component regulatory system)",0,"unmatched"
"taxon:kegg-module m00479: desk-desr (membrane lipid fluidity regulation) two-component regulatory system","","","GCST90667404","Gut microbial functional pathway relative abundance (KEGG-module M00479: DesK-DesR (membrane lipid fluidity regulation) two-component regulatory system)",0,"unmatched"
"taxon:kegg-module m00480: vras-vrar (cell-wall peptidoglycan synthesis) two-component regulatory system","","","GCST90667405","Gut microbial functional pathway relative abundance (KEGG-module M00480: VraS-VraR (cell-wall peptidoglycan synthesis) two-component regulatory system)",0,"unmatched"
"taxon:kegg-module m00481: lias-liar (cell wall stress response) two-component regulatory system","","","GCST90667406","Gut microbial functional pathway relative abundance (KEGG-module M00481: LiaS-LiaR (cell wall stress response) two-component regulatory system)",0,"unmatched"
"taxon:kegg-module m00484: ydfh-ydfi two-component regulatory system","","","GCST90667407","Gut microbial functional pathway relative abundance (KEGG-module M00484: YdfH-YdfI two-component regulatory system)",0,"unmatched"
"taxon:kegg-module m00486: cita-citb (citrate fermentation) two-component regulatory system","","","GCST90667408","Gut microbial functional pathway relative abundance (KEGG-module M00486: CitA-CitB (citrate fermentation) two-component regulatory system)",0,"unmatched"
"taxon:kegg-module m00488: dcus-dcur (c4-dicarboxylate metabolism) two-component regulatory system","","","GCST90667409","Gut microbial functional pathway relative abundance (KEGG-module M00488: DcuS-DcuR (C4-dicarboxylate metabolism) two-component regulatory system)",0,"unmatched"
"taxon:kegg-module m00489: dcts-dctr (c4-dicarboxylate transport) two-component regulatory system","","","GCST90667410","Gut microbial functional pathway relative abundance (KEGG-module M00489: DctS-DctR (C4-dicarboxylate transport) two-component regulatory system)",0,"unmatched"
"taxon:kegg-module m00490: malk-malr (malate transport) two-component regulatory system","","","GCST90667411","Gut microbial functional pathway relative abundance (KEGG-module M00490: MalK-MalR (malate transport) two-component regulatory system)",0,"unmatched"
"taxon:kegg-module m00491: arabinogalactan oligomer/maltooligosaccharide transport system","","","GCST90667412","Gut microbial functional pathway relative abundance (KEGG-module M00491: arabinogalactan oligomer/maltooligosaccharide transport system)",0,"unmatched"
"taxon:kegg-module m00492: lyts-lytr two-component regulatory system","","","GCST90667413","Gut microbial functional pathway relative abundance (KEGG-module M00492: LytS-LytR two-component regulatory system)",0,"unmatched"
"taxon:kegg-module m00495: agrc-agra (exoprotein synthesis) two-component regulatory system","","","GCST90667414","Gut microbial functional pathway relative abundance (KEGG-module M00495: AgrC-AgrA (exoprotein synthesis) two-component regulatory system)",0,"unmatched"
"taxon:kegg-module m00496: comd-come (competence) two-component regulatory system","","","GCST90667415","Gut microbial functional pathway relative abundance (KEGG-module M00496: ComD-ComE (competence) two-component regulatory system)",0,"unmatched"
"taxon:kegg-module m00497: glnl-glng (nitrogen regulation) two-component regulatory system","","","GCST90667416","Gut microbial functional pathway relative abundance (KEGG-module M00497: GlnL-GlnG (nitrogen regulation) two-component regulatory system)",0,"unmatched"
"taxon:kegg-module m00498: ntry-ntrx (nitrogen regulation) two-component regulatory system","","","GCST90667417","Gut microbial functional pathway relative abundance (KEGG-module M00498: NtrY-NtrX (nitrogen regulation) two-component regulatory system)",0,"unmatched"
"taxon:kegg-module m00499: hydh-hydg (metal tolerance) two-component regulatory system","","","GCST90667418","Gut microbial functional pathway relative abundance (KEGG-module M00499: HydH-HydG (metal tolerance) two-component regulatory system)",0,"unmatched"
"taxon:kegg-module m00500: atos-atoc (cphb biosynthesis) two-component regulatory system","","","GCST90667419","Gut microbial functional pathway relative abundance (KEGG-module M00500: AtoS-AtoC (cPHB biosynthesis) two-component regulatory system)",0,"unmatched"
"taxon:kegg-module m00501: pils-pilr (type 4 fimbriae synthesis) two-component regulatory system","","","GCST90667420","Gut microbial functional pathway relative abundance (KEGG-module M00501: PilS-PilR (type 4 fimbriae synthesis) two-component regulatory system)",0,"unmatched"
"taxon:kegg-module m00502: glrk-glrr (amino sugar metabolism) two-component regulatory system","","","GCST90667421","Gut microbial functional pathway relative abundance (KEGG-module M00502: GlrK-GlrR (amino sugar metabolism) two-component regulatory system)",0,"unmatched"
"taxon:kegg-module m00504: dctb-dctd (c4-dicarboxylate transport) two-component regulatory system","","","GCST90667422","Gut microbial functional pathway relative abundance (KEGG-module M00504: DctB-DctD (C4-dicarboxylate transport) two-component regulatory system)",0,"unmatched"
"taxon:kegg-module m00505: kinb-algb (alginate production) two-component regulatory system","","","GCST90667423","Gut microbial functional pathway relative abundance (KEGG-module M00505: KinB-AlgB (alginate production) two-component regulatory system)",0,"unmatched"
"taxon:kegg-module m00506: chea-cheybv (chemotaxis) two-component regulatory system","","","GCST90667424","Gut microbial functional pathway relative abundance (KEGG-module M00506: CheA-CheYBV (chemotaxis) two-component regulatory system)",0,"unmatched"
"taxon:kegg-module m00507: chpa-chpb/pilgh (chemosensory) two-component regulatory system","","","GCST90667425","Gut microbial functional pathway relative abundance (KEGG-module M00507: ChpA-ChpB/PilGH (chemosensory) two-component regulatory system)",0,"unmatched"
"taxon:kegg-module m00514: ttrs-ttrr (tetrathionate respiration) two-component regulatory system","","","GCST90667426","Gut microbial functional pathway relative abundance (KEGG-module M00514: TtrS-TtrR (tetrathionate respiration) two-component regulatory system)",0,"unmatched"
"taxon:kegg-module m00516: sln1-ypd1-ssk1/skn7 (osmosensing) two-component regulatory system","","","GCST90667427","Gut microbial functional pathway relative abundance (KEGG-module M00516: SLN1-YPD1-SSK1/SKN7 (osmosensing) two-component regulatory system)",0,"unmatched"
"taxon:kegg-module m00518: glnk-glnl (glutamine utilization) two-component regulatory system","","","GCST90667428","Gut microbial functional pathway relative abundance (KEGG-module M00518: GlnK-GlnL (glutamine utilization) two-component regulatory system)",0,"unmatched"
"taxon:kegg-module m00519: yesm-yesn two-component regulatory system","","","GCST90667429","Gut microbial functional pathway relative abundance (KEGG-module M00519: YesM-YesN two-component regulatory system)",0,"unmatched"
"taxon:kegg-module m00521: ciah-ciar two-component regulatory system","","","GCST90667430","Gut microbial functional pathway relative abundance (KEGG-module M00521: CiaH-CiaR two-component regulatory system)",0,"unmatched"
"taxon:kegg-module m00522: salk-salr two-component regulatory system","","","GCST90667431","Gut microbial functional pathway relative abundance (KEGG-module M00522: SalK-SalR two-component regulatory system)",0,"unmatched"
"taxon:kegg-module m00523: regb-rega (redox response) two-component regulatory system","","","GCST90667432","Gut microbial functional pathway relative abundance (KEGG-module M00523: RegB-RegA (redox response) two-component regulatory system)",0,"unmatched"
"taxon:kegg-module m00525: lysine biosynthesis, acetyl-dap pathway, aspartate to lysine","","","GCST90667433","Gut microbial functional pathway relative abundance (KEGG-module M00525: Lysine biosynthesis, acetyl-DAP pathway, aspartate to lysine)",0,"unmatched"
"taxon:kegg-module m00526: lysine biosynthesis, dap dehydrogenase pathway, aspartate to lysine","","","GCST90667434","Gut microbial functional pathway relative abundance (KEGG-module M00526: Lysine biosynthesis, DAP dehydrogenase pathway, aspartate to lysine)",0,"unmatched"
"taxon:kegg-module m00527: lysine biosynthesis, dap aminotransferase pathway, aspartate to lysine","","","GCST90667435","Gut microbial functional pathway relative abundance (KEGG-module M00527: Lysine biosynthesis, DAP aminotransferase pathway, aspartate to lysine)",0,"unmatched"
"taxon:kegg-module m00529: denitrification, nitrate to nitrogen","","","GCST90667436","Gut microbial functional pathway relative abundance (KEGG-module M00529: Denitrification, nitrate to nitrogen)",0,"unmatched"
"taxon:kegg-module m00530: dissimilatory nitrate reduction, nitrate to ammonia","","","GCST90667437","Gut microbial functional pathway relative abundance (KEGG-module M00530: Dissimilatory nitrate reduction, nitrate to ammonia)",0,"unmatched"
"taxon:kegg-module m00531: assimilatory nitrate reduction, nitrate to ammonia","","","GCST90667438","Gut microbial functional pathway relative abundance (KEGG-module M00531: Assimilatory nitrate reduction, nitrate to ammonia)",0,"unmatched"
"taxon:kegg-module m00533: homoprotocatechuate degradation, homoprotocatechuate to 2-oxohept-3-enedioate","","","GCST90667439","Gut microbial functional pathway relative abundance (KEGG-module M00533: Homoprotocatechuate degradation, homoprotocatechuate to 2-oxohept-3-enedioate)",0,"unmatched"
"taxon:kegg-module m00535: isoleucine biosynthesis, pyruvate to 2-oxobutanoate","","","GCST90667440","Gut microbial functional pathway relative abundance (KEGG-module M00535: Isoleucine biosynthesis, pyruvate to 2-oxobutanoate)",0,"unmatched"
"taxon:kegg-module m00545: trans-cinnamate degradation, trans-cinnamate to acetyl-coa","","","GCST90667441","Gut microbial functional pathway relative abundance (KEGG-module M00545: Trans-cinnamate degradation, trans-cinnamate to acetyl-CoA)",0,"unmatched"
"taxon:kegg-module m00549: nucleotide sugar biosynthesis, glucose to udp-glucose","","","GCST90667442","Gut microbial functional pathway relative abundance (KEGG-module M00549: Nucleotide sugar biosynthesis, glucose to UDP-glucose)",0,"unmatched"
"taxon:kegg-module m00550: ascorbate degradation, ascorbate to d-xylulose-5p","","","GCST90667443","Gut microbial functional pathway relative abundance (KEGG-module M00550: Ascorbate degradation, ascorbate to D-xylulose-5P)",0,"unmatched"
"taxon:kegg-module m00551: benzoate degradation, benzoate to catechol / methylbenzoate to methylcatechol","","","GCST90667444","Gut microbial functional pathway relative abundance (KEGG-module M00551: Benzoate degradation, benzoate to catechol / methylbenzoate to methylcatechol)",0,"unmatched"
"taxon:kegg-module m00552: d-galactonate degradation, de ley-doudoroff pathway, d-galactonate to glycerate-3p","","","GCST90667445","Gut microbial functional pathway relative abundance (KEGG-module M00552: D-galactonate degradation, De Ley-Doudoroff pathway, D-galactonate to glycerate-3P)",0,"unmatched"
"taxon:kegg-module m00554: nucleotide sugar biosynthesis, galactose to udp-galactose","","","GCST90667446","Gut microbial functional pathway relative abundance (KEGG-module M00554: Nucleotide sugar biosynthesis, galactose to UDP-galactose)",0,"unmatched"
"taxon:kegg-module m00555: betaine biosynthesis, choline to betaine","","","GCST90667447","Gut microbial functional pathway relative abundance (KEGG-module M00555: Betaine biosynthesis, choline to betaine)",0,"unmatched"
"taxon:kegg-module m00563: methanogenesis, methylamine/dimethylamine/trimethylamine to methane","","","GCST90667448","Gut microbial functional pathway relative abundance (KEGG-module M00563: Methanogenesis, methylamine/dimethylamine/trimethylamine to methane)",0,"unmatched"
"taxon:kegg-module m00565: trehalose biosynthesis, d-glucose 1p to trehalose","","","GCST90667449","Gut microbial functional pathway relative abundance (KEGG-module M00565: Trehalose biosynthesis, D-glucose 1P to trehalose)",0,"unmatched"
"taxon:kegg-module m00567: methanogenesis, co2 to methane","","","GCST90667450","Gut microbial functional pathway relative abundance (KEGG-module M00567: Methanogenesis, CO2 to methane)",0,"unmatched"
"taxon:kegg-module m00568: catechol ortho-cleavage, catechol to 3-oxoadipate","","","GCST90667451","Gut microbial functional pathway relative abundance (KEGG-module M00568: Catechol ortho-cleavage, catechol to 3-oxoadipate)",0,"unmatched"
"taxon:kegg-module m00569: catechol meta-cleavage, catechol to acetyl-coa / 4-methylcatechol to propanoyl-coa","","","GCST90667452","Gut microbial functional pathway relative abundance (KEGG-module M00569: Catechol meta-cleavage, catechol to acetyl-CoA / 4-methylcatechol to propanoyl-CoA)",0,"unmatched"
"taxon:kegg-module m00570: isoleucine biosynthesis, threonine to 2-oxobutanoate to isoleucine","","","GCST90667453","Gut microbial functional pathway relative abundance (KEGG-module M00570: Isoleucine biosynthesis, threonine to 2-oxobutanoate to isoleucine)",0,"unmatched"
"taxon:kegg-module m00572: pimeloyl-acp biosynthesis, bioc-bioh pathway, malonyl-acp to pimeloyl-acp","","","GCST90667454","Gut microbial functional pathway relative abundance (KEGG-module M00572: Pimeloyl-ACP biosynthesis, BioC-BioH pathway, malonyl-ACP to pimeloyl-ACP)",0,"unmatched"
"taxon:kegg-module m00573: biotin biosynthesis, bioi pathway, long-chain-acyl-acp to pimeloyl-acp to biotin","","","GCST90667455","Gut microbial functional pathway relative abundance (KEGG-module M00573: Biotin biosynthesis, BioI pathway, long-chain-acyl-ACP to pimeloyl-ACP to biotin)",0,"unmatched"
"taxon:kegg-module m00577: biotin biosynthesis, biow pathway, pimelate to pimeloyl-coa to biotin","","","GCST90667456","Gut microbial functional pathway relative abundance (KEGG-module M00577: Biotin biosynthesis, BioW pathway, pimelate to pimeloyl-CoA to biotin)",0,"unmatched"
"taxon:kegg-module m00579: phosphate acetyltransferase-acetate kinase pathway, acetyl-coa to acetate","","","GCST90667457","Gut microbial functional pathway relative abundance (KEGG-module M00579: Phosphate acetyltransferase-acetate kinase pathway, acetyl-CoA to acetate)",0,"unmatched"
"taxon:kegg-module m00580: pentose phosphate pathway, archaea, fructose 6p to ribose 5p","","","GCST90667458","Gut microbial functional pathway relative abundance (KEGG-module M00580: Pentose phosphate pathway, archaea, fructose 6P to ribose 5P)",0,"unmatched"
"taxon:kegg-module m00581: biotin transport system","","","GCST90667459","Gut microbial functional pathway relative abundance (KEGG-module M00581: Biotin transport system)",0,"unmatched"
"taxon:kegg-module m00582: energy-coupling factor transport system","","","GCST90667460","Gut microbial functional pathway relative abundance (KEGG-module M00582: Energy-coupling factor transport system)",0,"unmatched"
"taxon:kegg-module m00585: l-cystine transport system","","","GCST90667461","Gut microbial functional pathway relative abundance (KEGG-module M00585: L-Cystine transport system)",0,"unmatched"
"taxon:kegg-module m00586: putative amino-acid transport system","","","GCST90667462","Gut microbial functional pathway relative abundance (KEGG-module M00586: Putative amino-acid transport system)",0,"unmatched"
"taxon:kegg-module m00589: putative lysine transport system","","","GCST90667463","Gut microbial functional pathway relative abundance (KEGG-module M00589: Putative lysine transport system)",0,"unmatched"
"taxon:kegg-module m00590: erythritol transport system","","","GCST90667464","Gut microbial functional pathway relative abundance (KEGG-module M00590: Erythritol transport system)",0,"unmatched"
"taxon:kegg-module m00593: inositol transport system","","","GCST90667465","Gut microbial functional pathway relative abundance (KEGG-module M00593: Inositol transport system)",0,"unmatched"
"taxon:kegg-module m00599: inositol-phosphate transport system","","","GCST90667466","Gut microbial functional pathway relative abundance (KEGG-module M00599: Inositol-phosphate transport system)",0,"unmatched"
"taxon:kegg-module m00600: alpha-1,4-digalacturonate transport system","","","GCST90667467","Gut microbial functional pathway relative abundance (KEGG-module M00600: alpha-1,4-Digalacturonate transport system)",0,"unmatched"
"taxon:kegg-module m00601: putative chitobiose transport system","","","GCST90667468","Gut microbial functional pathway relative abundance (KEGG-module M00601: Putative chitobiose transport system)",0,"unmatched"
"taxon:kegg-module m00602: arabinosaccharide transport system","","","GCST90667469","Gut microbial functional pathway relative abundance (KEGG-module M00602: Arabinosaccharide transport system)",0,"unmatched"
"taxon:kegg-module m00603: putative aldouronate transport system","","","GCST90667470","Gut microbial functional pathway relative abundance (KEGG-module M00603: Putative aldouronate transport system)",0,"unmatched"
"taxon:kegg-module m00604: trehalose transport system","","","GCST90667471","Gut microbial functional pathway relative abundance (KEGG-module M00604: Trehalose transport system)",0,"unmatched"
"taxon:kegg-module m00605: glucose/mannose transport system","","","GCST90667472","Gut microbial functional pathway relative abundance (KEGG-module M00605: Glucose/mannose transport system)",0,"unmatched"
"taxon:kegg-module m00606: n,n'-diacetylchitobiose transport system","","","GCST90667473","Gut microbial functional pathway relative abundance (KEGG-module M00606: N,N'-Diacetylchitobiose transport system)",0,"unmatched"
"taxon:kegg-module m00608: 2-oxocarboxylic acid chain extension, 2-oxoglutarate to 2-oxoadipate to 2-oxopimelate to 2-oxosuberate","","","GCST90667474","Gut microbial functional pathway relative abundance (KEGG-module M00608: 2-Oxocarboxylic acid chain extension, 2-oxoglutarate to 2-oxoadipate to 2-oxopimelate to 2-oxosuberate)",0,"unmatched"
"taxon:kegg-module m00609: cysteine biosynthesis, methionine to cysteine","","","GCST90667475","Gut microbial functional pathway relative abundance (KEGG-module M00609: Cysteine biosynthesis, methionine to cysteine)",0,"unmatched"
"taxon:kegg-module m00610: pts system, d-glucosaminate-specific ii component","","","GCST90667476","Gut microbial functional pathway relative abundance (KEGG-module M00610: PTS system, D-glucosaminate-specific II component)",0,"unmatched"
"taxon:kegg-module m00611: oxygenic photosynthesis in plants and cyanobacteria","","","GCST90667477","Gut microbial functional pathway relative abundance (KEGG-module M00611: Oxygenic photosynthesis in plants and cyanobacteria)",0,"unmatched"
"taxon:kegg-module m00612: anoxygenic photosynthesis in purple bacteria","","","GCST90667478","Gut microbial functional pathway relative abundance (KEGG-module M00612: Anoxygenic photosynthesis in purple bacteria)",0,"unmatched"
"taxon:kegg-module m00614: anoxygenic photosynthesis in green sulfur bacteria","","","GCST90667479","Gut microbial functional pathway relative abundance (KEGG-module M00614: Anoxygenic photosynthesis in green sulfur bacteria)",0,"unmatched"
"taxon:kegg-module m00616: sulfate-sulfur assimilation","","","GCST90667480","Gut microbial functional pathway relative abundance (KEGG-module M00616: Sulfate-sulfur assimilation)",0,"unmatched"
"taxon:kegg-module m00617: methanogen","","","GCST90667481","Gut microbial functional pathway relative abundance (KEGG-module M00617: Methanogen)",0,"unmatched"
"taxon:kegg-module m00618: acetogen","","","GCST90667482","Gut microbial functional pathway relative abundance (KEGG-module M00618: Acetogen)",0,"unmatched"
"taxon:kegg-module m00620: incomplete reductive citrate cycle, acetyl-coa to oxoglutarate","","","GCST90667483","Gut microbial functional pathway relative abundance (KEGG-module M00620: Incomplete reductive citrate cycle, acetyl-CoA to oxoglutarate)",0,"unmatched"
"taxon:kegg-module m00627: beta-lactam resistance, bla system","","","GCST90667484","Gut microbial functional pathway relative abundance (KEGG-module M00627: beta-Lactam resistance, Bla system)",0,"unmatched"
"taxon:kegg-module m00628: beta-lactam resistance, ampc system","","","GCST90667485","Gut microbial functional pathway relative abundance (KEGG-module M00628: beta-Lactam resistance, AmpC system)",0,"unmatched"
"taxon:kegg-module m00631: d-galacturonate degradation (bacteria), d-galacturonate to pyruvate + d-glyceraldehyde 3p","","","GCST90667486","Gut microbial functional pathway relative abundance (KEGG-module M00631: D-Galacturonate degradation (bacteria), D-galacturonate to pyruvate + D-glyceraldehyde 3P)",0,"unmatched"
"taxon:kegg-module m00632: galactose degradation, leloir pathway, galactose to alpha-d-glucose-1p","","","GCST90667487","Gut microbial functional pathway relative abundance (KEGG-module M00632: Galactose degradation, Leloir pathway, galactose to alpha-D-glucose-1P)",0,"unmatched"
"taxon:kegg-module m00634: oleandomycin transport system","","","GCST90667488","Gut microbial functional pathway relative abundance (KEGG-module M00634: Oleandomycin transport system)",0,"unmatched"
"taxon:kegg-module m00635: tetracycline resistance, tetab(46) transporter","","","GCST90667489","Gut microbial functional pathway relative abundance (KEGG-module M00635: Tetracycline resistance, TetAB(46) transporter)",0,"unmatched"
"taxon:kegg-module m00637: anthranilate degradation, anthranilate to catechol","","","GCST90667490","Gut microbial functional pathway relative abundance (KEGG-module M00637: Anthranilate degradation, anthranilate to catechol)",0,"unmatched"
"taxon:kegg-module m00643: multidrug resistance, efflux pump mexxy-oprm","","","GCST90667491","Gut microbial functional pathway relative abundance (KEGG-module M00643: Multidrug resistance, efflux pump MexXY-OprM)",0,"unmatched"
"taxon:kegg-module m00645: multidrug resistance, efflux pump smeabc","","","GCST90667492","Gut microbial functional pathway relative abundance (KEGG-module M00645: Multidrug resistance, efflux pump SmeABC)",0,"unmatched"
"taxon:kegg-module m00646: multidrug resistance, efflux pump acrad-tolc","","","GCST90667493","Gut microbial functional pathway relative abundance (KEGG-module M00646: Multidrug resistance, efflux pump AcrAD-TolC)",0,"unmatched"
"taxon:kegg-module m00647: multidrug resistance, efflux pump acrab-tolc/smedef","","","GCST90667494","Gut microbial functional pathway relative abundance (KEGG-module M00647: Multidrug resistance, efflux pump AcrAB-TolC/SmeDEF)",0,"unmatched"
"taxon:kegg-module m00648: multidrug resistance, efflux pump mdtabc","","","GCST90667495","Gut microbial functional pathway relative abundance (KEGG-module M00648: Multidrug resistance, efflux pump MdtABC)",0,"unmatched"
"taxon:kegg-module m00651: vancomycin resistance, d-ala-d-lac type","","","GCST90667496","Gut microbial functional pathway relative abundance (KEGG-module M00651: Vancomycin resistance, D-Ala-D-Lac type)",0,"unmatched"
"taxon:kegg-module m00652: vancomycin resistance, d-ala-d-ser type","","","GCST90667497","Gut microbial functional pathway relative abundance (KEGG-module M00652: Vancomycin resistance, D-Ala-D-Ser type)",0,"unmatched"
"taxon:kegg-module m00653: aaus-aaur (acidic amino acids utilization) two-component regulatory system","","","GCST90667498","Gut microbial functional pathway relative abundance (KEGG-module M00653: AauS-AauR (acidic amino acids utilization) two-component regulatory system)",0,"unmatched"
"taxon:kegg-module m00656: vans-vanr (vanb type vancomycin resistance) two-component regulatory system","","","GCST90667499","Gut microbial functional pathway relative abundance (KEGG-module M00656: VanS-VanR (VanB type vancomycin resistance) two-component regulatory system)",0,"unmatched"
"taxon:kegg-module m00657: vans-vanr (vane type vancomycin resistance) two-component regulatory system","","","GCST90667500","Gut microbial functional pathway relative abundance (KEGG-module M00657: VanS-VanR (VanE type vancomycin resistance) two-component regulatory system)",0,"unmatched"
"taxon:kegg-module m00668: tetracycline resistance, teta transporter","","","GCST90667501","Gut microbial functional pathway relative abundance (KEGG-module M00668: Tetracycline resistance, TetA transporter)",0,"unmatched"
"taxon:kegg-module m00669: gamma-hexachlorocyclohexane transport system","","","GCST90667502","Gut microbial functional pathway relative abundance (KEGG-module M00669: gamma-Hexachlorocyclohexane transport system)",0,"unmatched"
"taxon:kegg-module m00670: mce transport system","","","GCST90667503","Gut microbial functional pathway relative abundance (KEGG-module M00670: Mce transport system)",0,"unmatched"
"taxon:kegg-module m00691: dna damage-induced cell cycle checkpoints","","","GCST90667504","Gut microbial functional pathway relative abundance (KEGG-module M00691: DNA damage-induced cell cycle checkpoints)",0,"unmatched"
"taxon:kegg-module m00692: cell cycle - g1/s transition","","","GCST90667505","Gut microbial functional pathway relative abundance (KEGG-module M00692: Cell cycle - G1/S transition)",0,"unmatched"
"taxon:kegg-module m00693: cell cycle - g2/m transition","","","GCST90667506","Gut microbial functional pathway relative abundance (KEGG-module M00693: Cell cycle - G2/M transition)",0,"unmatched"
"taxon:kegg-module m00696: multidrug resistance, efflux pump acref-tolc","","","GCST90667507","Gut microbial functional pathway relative abundance (KEGG-module M00696: Multidrug resistance, efflux pump AcrEF-TolC)",0,"unmatched"
"taxon:kegg-module m00697: multidrug resistance, efflux pump mdtef-tolc","","","GCST90667508","Gut microbial functional pathway relative abundance (KEGG-module M00697: Multidrug resistance, efflux pump MdtEF-TolC)",0,"unmatched"
"taxon:kegg-module m00700: multidrug resistance, efflux pump abca","","","GCST90667509","Gut microbial functional pathway relative abundance (KEGG-module M00700: Multidrug resistance, efflux pump AbcA)",0,"unmatched"
"taxon:kegg-module m00701: multidrug resistance, efflux pump emrab","","","GCST90667510","Gut microbial functional pathway relative abundance (KEGG-module M00701: Multidrug resistance, efflux pump EmrAB)",0,"unmatched"
"taxon:kegg-module m00706: multidrug resistance, efrab transporter","","","GCST90667511","Gut microbial functional pathway relative abundance (KEGG-module M00706: Multidrug resistance, EfrAB transporter)",0,"unmatched"
"taxon:kegg-module m00707: multidrug resistance, smdab/mdlab transporter","","","GCST90667512","Gut microbial functional pathway relative abundance (KEGG-module M00707: Multidrug resistance, SmdAB/MdlAB transporter)",0,"unmatched"
"taxon:kegg-module m00708: multidrug resistance, patab transporter","","","GCST90667513","Gut microbial functional pathway relative abundance (KEGG-module M00708: Multidrug resistance, PatAB transporter)",0,"unmatched"
"taxon:kegg-module m00709: macrolide resistance, macab-tolc transporter","","","GCST90667514","Gut microbial functional pathway relative abundance (KEGG-module M00709: Macrolide resistance, MacAB-TolC transporter)",0,"unmatched"
"taxon:kegg-module m00710: multidrug resistance, efflux pump ebrab","","","GCST90667515","Gut microbial functional pathway relative abundance (KEGG-module M00710: Multidrug resistance, efflux pump EbrAB)",0,"unmatched"
"taxon:kegg-module m00711: multidrug resistance, efflux pump mdtij","","","GCST90667516","Gut microbial functional pathway relative abundance (KEGG-module M00711: Multidrug resistance, efflux pump MdtIJ)",0,"unmatched"
"taxon:kegg-module m00712: multidrug resistance, efflux pump ykkcd","","","GCST90667517","Gut microbial functional pathway relative abundance (KEGG-module M00712: Multidrug resistance, efflux pump YkkCD)",0,"unmatched"
"taxon:kegg-module m00715: lincosamide resistance, efflux pump lmrb","","","GCST90667518","Gut microbial functional pathway relative abundance (KEGG-module M00715: Lincosamide resistance, efflux pump LmrB)",0,"unmatched"
"taxon:kegg-module m00717: multidrug resistance, efflux pump nora","","","GCST90667519","Gut microbial functional pathway relative abundance (KEGG-module M00717: Multidrug resistance, efflux pump NorA)",0,"unmatched"
"taxon:kegg-module m00718: multidrug resistance, efflux pump mexab-oprm","","","GCST90667520","Gut microbial functional pathway relative abundance (KEGG-module M00718: Multidrug resistance, efflux pump MexAB-OprM)",0,"unmatched"
"taxon:kegg-module m00719: ihk-irr (virulence regulation) two-component regulatory system","","","GCST90667521","Gut microbial functional pathway relative abundance (KEGG-module M00719: Ihk-Irr (virulence regulation) two-component regulatory system)",0,"unmatched"
"taxon:kegg-module m00721: cationic antimicrobial peptide (camp) resistance, arnbcadtef operon","","","GCST90667522","Gut microbial functional pathway relative abundance (KEGG-module M00721: Cationic antimicrobial peptide (CAMP) resistance, arnBCADTEF operon)",0,"unmatched"
"taxon:kegg-module m00722: cationic antimicrobial peptide (camp) resistance, phosphoethanolamine transferase pmrc","","","GCST90667523","Gut microbial functional pathway relative abundance (KEGG-module M00722: Cationic antimicrobial peptide (CAMP) resistance, phosphoethanolamine transferase PmrC)",0,"unmatched"
"taxon:kegg-module m00723: cationic antimicrobial peptide (camp) resistance, phosphoethanolamine transferase eptb","","","GCST90667524","Gut microbial functional pathway relative abundance (KEGG-module M00723: Cationic antimicrobial peptide (CAMP) resistance, phosphoethanolamine transferase EptB)",0,"unmatched"
"taxon:kegg-module m00724: cationic antimicrobial peptide (camp) resistance, palmitoyl transferase pagp","","","GCST90667525","Gut microbial functional pathway relative abundance (KEGG-module M00724: Cationic antimicrobial peptide (CAMP) resistance, palmitoyl transferase PagP)",0,"unmatched"
"taxon:kegg-module m00725: cationic antimicrobial peptide (camp) resistance, dltabcd operon","","","GCST90667526","Gut microbial functional pathway relative abundance (KEGG-module M00725: Cationic antimicrobial peptide (CAMP) resistance, dltABCD operon)",0,"unmatched"
"taxon:kegg-module m00727: cationic antimicrobial peptide (camp) resistance, n-acetylmuramoyl-l-alanine amidase amia and amic","","","GCST90667527","Gut microbial functional pathway relative abundance (KEGG-module M00727: Cationic antimicrobial peptide (CAMP) resistance, N-acetylmuramoyl-L-alanine amidase AmiA and AmiC)",0,"unmatched"
"taxon:kegg-module m00728: cationic antimicrobial peptide (camp) resistance, envelope protein folding and degrading factors degp and dsba","","","GCST90667528","Gut microbial functional pathway relative abundance (KEGG-module M00728: Cationic antimicrobial peptide (CAMP) resistance, envelope protein folding and degrading factors DegP and DsbA)",0,"unmatched"
"taxon:kegg-module m00729: fluoroquinolone resistance, gyrase-protecting protein qnr","","","GCST90667529","Gut microbial functional pathway relative abundance (KEGG-module M00729: Fluoroquinolone resistance, gyrase-protecting protein Qnr)",0,"unmatched"
"taxon:kegg-module m00731: bacitracin transport system","","","GCST90667530","Gut microbial functional pathway relative abundance (KEGG-module M00731: Bacitracin transport system)",0,"unmatched"
"taxon:kegg-module m00734: bras-brar (bacitracin transport) two-component regulatory system","","","GCST90667531","Gut microbial functional pathway relative abundance (KEGG-module M00734: BraS-BraR (bacitracin transport) two-component regulatory system)",0,"unmatched"
"taxon:kegg-module m00739: cationic peptide transport system","","","GCST90667532","Gut microbial functional pathway relative abundance (KEGG-module M00739: Cationic peptide transport system)",0,"unmatched"
"taxon:kegg-module m00741: propanoyl-coa metabolism, propanoyl-coa to succinyl-coa","","","GCST90667533","Gut microbial functional pathway relative abundance (KEGG-module M00741: Propanoyl-CoA metabolism, propanoyl-CoA to succinyl-CoA)",0,"unmatched"
"taxon:kegg-module m00742: aminoglycoside resistance, protease ftsh","","","GCST90667534","Gut microbial functional pathway relative abundance (KEGG-module M00742: Aminoglycoside resistance, protease FtsH)",0,"unmatched"
"taxon:kegg-module m00743: aminoglycoside resistance, protease htpx","","","GCST90667535","Gut microbial functional pathway relative abundance (KEGG-module M00743: Aminoglycoside resistance, protease HtpX)",0,"unmatched"
"taxon:kegg-module m00745: imipenem resistance, repression of porin oprd","","","GCST90667536","Gut microbial functional pathway relative abundance (KEGG-module M00745: Imipenem resistance, repression of porin OprD)",0,"unmatched"
"taxon:kegg-module m00747: bacitracin transport system","","","GCST90667537","Gut microbial functional pathway relative abundance (KEGG-module M00747: Bacitracin transport system)",0,"unmatched"
"taxon:kegg-module m00754: nisin resistance, phage shock protein homolog liah","","","GCST90667538","Gut microbial functional pathway relative abundance (KEGG-module M00754: Nisin resistance, phage shock protein homolog LiaH)",0,"unmatched"
"taxon:kegg-module m00761: undecaprenylphosphate alpha-l-ara4n biosynthesis, udp-glca to undecaprenyl phosphate alpha-l-ara4n","","","GCST90667539","Gut microbial functional pathway relative abundance (KEGG-module M00761: Undecaprenylphosphate alpha-L-Ara4N biosynthesis, UDP-GlcA to undecaprenyl phosphate alpha-L-Ara4N)",0,"unmatched"
"taxon:kegg-module m00762: copper-processing system","","","GCST90667540","Gut microbial functional pathway relative abundance (KEGG-module M00762: Copper-processing system)",0,"unmatched"
"taxon:kegg-module m00764: pts system, fructoselysine/glucoselysine-specific ii component","","","GCST90667541","Gut microbial functional pathway relative abundance (KEGG-module M00764: PTS system, fructoselysine/glucoselysine-specific II component)",0,"unmatched"
"taxon:kegg-module m00767: multidrug resistance, efflux pump oqxab","","","GCST90667542","Gut microbial functional pathway relative abundance (KEGG-module M00767: Multidrug resistance, efflux pump OqxAB)",0,"unmatched"
"taxon:kegg-module m00768: multidrug resistance, efflux pump gesabc","","","GCST90667543","Gut microbial functional pathway relative abundance (KEGG-module M00768: Multidrug resistance, efflux pump GesABC)",0,"unmatched"
"taxon:kegg-module m00791: manganese/zinc transport system","","","GCST90667544","Gut microbial functional pathway relative abundance (KEGG-module M00791: Manganese/zinc transport system)",0,"unmatched"
"taxon:kegg-module m00792: manganese/zinc transport system","","","GCST90667545","Gut microbial functional pathway relative abundance (KEGG-module M00792: Manganese/zinc transport system)",0,"unmatched"
"taxon:kegg-module m00793: dtdp-l-rhamnose biosynthesis","","","GCST90667546","Gut microbial functional pathway relative abundance (KEGG-module M00793: dTDP-L-rhamnose biosynthesis)",0,"unmatched"
"taxon:kegg-module m00806: pts system, maltose-specific ii component","","","GCST90667547","Gut microbial functional pathway relative abundance (KEGG-module M00806: PTS system, maltose-specific II component)",0,"unmatched"
"taxon:kegg-module m00807: pts system, galactose-specific ii component","","","GCST90667548","Gut microbial functional pathway relative abundance (KEGG-module M00807: PTS system, galactose-specific II component)",0,"unmatched"
"taxon:kegg-module m00809: pts system, glucose-specific ii component","","","GCST90667549","Gut microbial functional pathway relative abundance (KEGG-module M00809: PTS system, glucose-specific II component)",0,"unmatched"
