direction,rank,observed_p,denominator,bh_p,global_bonferroni
Forward,1,0.00719552323281241,230,0.000217391304347826,2.77469478357381e-05
Forward,2,0.0106172024821376,230,0.000434782608695652,2.77469478357381e-05
Forward,3,0.0226398401078971,230,0.000652173913043478,2.77469478357381e-05
Forward,4,0.0226398401078971,230,0.000869565217391304,2.77469478357381e-05
Forward,5,0.0226398401078971,230,0.00108695652173913,2.77469478357381e-05
Forward,6,0.0352480232576871,230,0.00130434782608696,2.77469478357381e-05
Forward,7,0.0465682005677712,230,0.00152173913043478,2.77469478357381e-05
Forward,8,0.0534322589178885,230,0.00173913043478261,2.77469478357381e-05
Forward,9,0.0551351090514849,230,0.00195652173913044,2.77469478357381e-05
Forward,10,0.0553979207768969,230,0.00217391304347826,2.77469478357381e-05
Forward,11,0.0600151432424463,230,0.00239130434782609,2.77469478357381e-05
Forward,12,0.0631571183220754,230,0.00260869565217391,2.77469478357381e-05
Forward,13,0.0632658344750464,230,0.00282608695652174,2.77469478357381e-05
Forward,14,0.0661820530797933,230,0.00304347826086957,2.77469478357381e-05
Forward,15,0.0757405421903986,230,0.00326086956521739,2.77469478357381e-05
Forward,16,0.081950426152444,230,0.00347826086956522,2.77469478357381e-05
Forward,17,0.0907875187009254,230,0.00369565217391304,2.77469478357381e-05
Forward,18,0.0915176074201761,230,0.00391304347826087,2.77469478357381e-05
Forward,19,0.0931134691042082,230,0.0041304347826087,2.77469478357381e-05
Forward,20,0.0966767588916477,230,0.00434782608695652,2.77469478357381e-05
Forward,21,0.105470097389089,230,0.00456521739130435,2.77469478357381e-05
Forward,22,0.111124001232486,230,0.00478260869565218,2.77469478357381e-05
Forward,23,0.113122108695974,230,0.005,2.77469478357381e-05
Forward,24,0.113226872434991,230,0.00521739130434783,2.77469478357381e-05
Forward,25,0.114427896785626,230,0.00543478260869565,2.77469478357381e-05
Forward,26,0.131991280137216,230,0.00565217391304348,2.77469478357381e-05
Forward,27,0.137280958319233,230,0.00586956521739131,2.77469478357381e-05
Forward,28,0.139935336472453,230,0.00608695652173913,2.77469478357381e-05
Forward,29,0.145581392882825,230,0.00630434782608696,2.77469478357381e-05
Forward,30,0.146890336788082,230,0.00652173913043478,2.77469478357381e-05
Forward,31,0.152012610459768,230,0.00673913043478261,2.77469478357381e-05
Forward,32,0.159579034407126,230,0.00695652173913044,2.77469478357381e-05
Forward,33,0.159655730512454,230,0.00717391304347826,2.77469478357381e-05
Forward,34,0.161037239567823,230,0.00739130434782609,2.77469478357381e-05
Forward,35,0.162246034635997,230,0.00760869565217391,2.77469478357381e-05
Forward,36,0.167967603293638,230,0.00782608695652174,2.77469478357381e-05
Forward,37,0.168180064064572,230,0.00804347826086957,2.77469478357381e-05
Forward,38,0.168813409484889,230,0.00826086956521739,2.77469478357381e-05
Forward,39,0.170034685520076,230,0.00847826086956522,2.77469478357381e-05
Forward,40,0.171951020502782,230,0.00869565217391304,2.77469478357381e-05
Forward,41,0.171951020502782,230,0.00891304347826087,2.77469478357381e-05
Forward,42,0.171951020502782,230,0.0091304347826087,2.77469478357381e-05
Forward,43,0.179310293488495,230,0.00934782608695652,2.77469478357381e-05
Forward,44,0.195832338120866,230,0.00956521739130435,2.77469478357381e-05
Forward,45,0.198518159744119,230,0.00978260869565217,2.77469478357381e-05
Forward,46,0.198518159744119,230,0.01,2.77469478357381e-05
Forward,47,0.201667939889615,230,0.0102173913043478,2.77469478357381e-05
Forward,48,0.213199533883761,230,0.0104347826086957,2.77469478357381e-05
Forward,49,0.214040910098983,230,0.0106521739130435,2.77469478357381e-05
Forward,50,0.221727994253473,230,0.0108695652173913,2.77469478357381e-05
Forward,51,0.225615423740577,230,0.0110869565217391,2.77469478357381e-05
Forward,52,0.226324739441605,230,0.011304347826087,2.77469478357381e-05
Forward,53,0.226416127494702,230,0.0115217391304348,2.77469478357381e-05
Forward,54,0.238684647140107,230,0.0117391304347826,2.77469478357381e-05
Forward,55,0.245874934113401,230,0.0119565217391304,2.77469478357381e-05
Forward,56,0.256317484116628,230,0.0121739130434783,2.77469478357381e-05
Forward,57,0.261293270576053,230,0.0123913043478261,2.77469478357381e-05
Forward,58,0.261293270576053,230,0.0126086956521739,2.77469478357381e-05
Forward,59,0.261293270576053,230,0.0128260869565217,2.77469478357381e-05
Forward,60,0.269569052866598,230,0.0130434782608696,2.77469478357381e-05
Forward,61,0.26972132327202,230,0.0132608695652174,2.77469478357381e-05
Forward,62,0.275285439053323,230,0.0134782608695652,2.77469478357381e-05
Forward,63,0.278254116167994,230,0.013695652173913,2.77469478357381e-05
Forward,64,0.279253595874817,230,0.0139130434782609,2.77469478357381e-05
Forward,65,0.279253595874817,230,0.0141304347826087,2.77469478357381e-05
Forward,66,0.29454666306571,230,0.0143478260869565,2.77469478357381e-05
Forward,67,0.298110501791738,230,0.0145652173913043,2.77469478357381e-05
Forward,68,0.298935903042746,230,0.0147826086956522,2.77469478357381e-05
Forward,69,0.302519956615618,230,0.015,2.77469478357381e-05
Forward,70,0.304809465671756,230,0.0152173913043478,2.77469478357381e-05
Forward,71,0.305371252799809,230,0.0154347826086957,2.77469478357381e-05
Forward,72,0.311662208490739,230,0.0156521739130435,2.77469478357381e-05
Forward,73,0.319155843114337,230,0.0158695652173913,2.77469478357381e-05
Forward,74,0.321174981260425,230,0.0160869565217391,2.77469478357381e-05
Forward,75,0.327217224004735,230,0.016304347826087,2.77469478357381e-05
Forward,76,0.342162010719933,230,0.0165217391304348,2.77469478357381e-05
Forward,77,0.345570430935615,230,0.0167391304347826,2.77469478357381e-05
Forward,78,0.346659318286186,230,0.0169565217391304,2.77469478357381e-05
Forward,79,0.348848959530752,230,0.0171739130434783,2.77469478357381e-05
Forward,80,0.358601283148712,230,0.0173913043478261,2.77469478357381e-05
Forward,81,0.358601283148712,230,0.0176086956521739,2.77469478357381e-05
Forward,82,0.358601283148712,230,0.0178260869565217,2.77469478357381e-05
Forward,83,0.358601283148712,230,0.0180434782608696,2.77469478357381e-05
Forward,84,0.358601283148712,230,0.0182608695652174,2.77469478357381e-05
Forward,85,0.358601283148712,230,0.0184782608695652,2.77469478357381e-05
Forward,86,0.358601283148712,230,0.018695652173913,2.77469478357381e-05
Forward,87,0.367765948465325,230,0.0189130434782609,2.77469478357381e-05
Forward,88,0.379034425539346,230,0.0191304347826087,2.77469478357381e-05
Forward,89,0.379034425539346,230,0.0193478260869565,2.77469478357381e-05
Forward,90,0.388128653299061,230,0.0195652173913044,2.77469478357381e-05
Forward,91,0.396785313745336,230,0.0197826086956522,2.77469478357381e-05
Forward,92,0.400907448653582,230,0.02,2.77469478357381e-05
Forward,93,0.405388309407031,230,0.0202173913043478,2.77469478357381e-05
Forward,94,0.413300792190866,230,0.0204347826086957,2.77469478357381e-05
Forward,95,0.413300792190866,230,0.0206521739130435,2.77469478357381e-05
Forward,96,0.42807092015255,230,0.0208695652173913,2.77469478357381e-05
Forward,97,0.443404946049579,230,0.0210869565217391,2.77469478357381e-05
Forward,98,0.453483714064638,230,0.021304347826087,2.77469478357381e-05
Forward,99,0.458690847915859,230,0.0215217391304348,2.77469478357381e-05
Forward,100,0.464569931424853,230,0.0217391304347826,2.77469478357381e-05
Forward,101,0.478700409471685,230,0.0219565217391304,2.77469478357381e-05
Forward,102,0.480239655581467,230,0.0221739130434783,2.77469478357381e-05
Forward,103,0.486378406716285,230,0.0223913043478261,2.77469478357381e-05
Forward,104,0.490178462194678,230,0.0226086956521739,2.77469478357381e-05
Forward,105,0.499775428260856,230,0.0228260869565217,2.77469478357381e-05
Forward,106,0.499775428260856,230,0.0230434782608696,2.77469478357381e-05
Forward,107,0.50945534575038,230,0.0232608695652174,2.77469478357381e-05
Forward,108,0.515062462221516,230,0.0234782608695652,2.77469478357381e-05
Forward,109,0.541528579195427,230,0.023695652173913,2.77469478357381e-05
Forward,110,0.541685218669883,230,0.0239130434782609,2.77469478357381e-05
Forward,111,0.544343850777447,230,0.0241304347826087,2.77469478357381e-05
Forward,112,0.557414970686148,230,0.0243478260869565,2.77469478357381e-05
Forward,113,0.561889030628358,230,0.0245652173913044,2.77469478357381e-05
Forward,114,0.570508307302005,230,0.0247826086956522,2.77469478357381e-05
Forward,115,0.574761976884856,230,0.025,2.77469478357381e-05
Forward,116,0.585477353410414,230,0.0252173913043478,2.77469478357381e-05
Forward,117,0.589605844074519,230,0.0254347826086957,2.77469478357381e-05
Forward,118,0.604085626705598,230,0.0256521739130435,2.77469478357381e-05
Forward,119,0.611791377565657,230,0.0258695652173913,2.77469478357381e-05
Forward,120,0.612894308543243,230,0.0260869565217391,2.77469478357381e-05
Forward,121,0.612894308543243,230,0.026304347826087,2.77469478357381e-05
Forward,122,0.612894308543243,230,0.0265217391304348,2.77469478357381e-05
Forward,123,0.612894308543243,230,0.0267391304347826,2.77469478357381e-05
Forward,124,0.612894308543243,230,0.0269565217391304,2.77469478357381e-05
Forward,125,0.613116853675178,230,0.0271739130434783,2.77469478357381e-05
Forward,126,0.618231299473913,230,0.0273913043478261,2.77469478357381e-05
Forward,127,0.618231299473913,230,0.0276086956521739,2.77469478357381e-05
Forward,128,0.618231299473913,230,0.0278260869565217,2.77469478357381e-05
Forward,129,0.618231299473913,230,0.0280434782608696,2.77469478357381e-05
Forward,130,0.618231299473913,230,0.0282608695652174,2.77469478357381e-05
Forward,131,0.618231299473913,230,0.0284782608695652,2.77469478357381e-05
Forward,132,0.618231299473913,230,0.028695652173913,2.77469478357381e-05
Forward,133,0.618231299473914,230,0.0289130434782609,2.77469478357381e-05
Forward,134,0.625672237306943,230,0.0291304347826087,2.77469478357381e-05
Forward,135,0.63538558099319,230,0.0293478260869565,2.77469478357381e-05
Forward,136,0.63538558099319,230,0.0295652173913044,2.77469478357381e-05
Forward,137,0.639382970719619,230,0.0297826086956522,2.77469478357381e-05
Forward,138,0.654154639199526,230,0.03,2.77469478357381e-05
Forward,139,0.654506016642217,230,0.0302173913043478,2.77469478357381e-05
Forward,140,0.654647545352491,230,0.0304347826086957,2.77469478357381e-05
Forward,141,0.664174396876849,230,0.0306521739130435,2.77469478357381e-05
Forward,142,0.676188907803458,230,0.0308695652173913,2.77469478357381e-05
Forward,143,0.69405987499609,230,0.0310869565217391,2.77469478357381e-05
Forward,144,0.70572154979991,230,0.031304347826087,2.77469478357381e-05
Forward,145,0.706258877827278,230,0.0315217391304348,2.77469478357381e-05
Forward,146,0.706258877827278,230,0.0317391304347826,2.77469478357381e-05
Forward,147,0.706258877827278,230,0.0319565217391304,2.77469478357381e-05
Forward,148,0.710374391373733,230,0.0321739130434783,2.77469478357381e-05
Forward,149,0.718198432910098,230,0.0323913043478261,2.77469478357381e-05
Forward,150,0.71907444759387,230,0.0326086956521739,2.77469478357381e-05
Forward,151,0.722038005555959,230,0.0328260869565217,2.77469478357381e-05
Forward,152,0.727066171405423,230,0.0330434782608696,2.77469478357381e-05
Forward,153,0.727756791526909,230,0.0332608695652174,2.77469478357381e-05
Forward,154,0.731937441422669,230,0.0334782608695652,2.77469478357381e-05
Forward,155,0.734575308337009,230,0.033695652173913,2.77469478357381e-05
Forward,156,0.745272009024095,230,0.0339130434782609,2.77469478357381e-05
Forward,157,0.746699104564027,230,0.0341304347826087,2.77469478357381e-05
Forward,158,0.76366489380226,230,0.0343478260869565,2.77469478357381e-05
Forward,159,0.778444212130252,230,0.0345652173913043,2.77469478357381e-05
Forward,160,0.785875211984109,230,0.0347826086956522,2.77469478357381e-05
Forward,161,0.791615313073269,230,0.035,2.77469478357381e-05
Forward,162,0.796507713021697,230,0.0352173913043478,2.77469478357381e-05
Forward,163,0.799541578391794,230,0.0354347826086957,2.77469478357381e-05
Forward,164,0.799541578391794,230,0.0356521739130435,2.77469478357381e-05
Forward,165,0.800975168838671,230,0.0358695652173913,2.77469478357381e-05
Forward,166,0.805384385873392,230,0.0360869565217391,2.77469478357381e-05
Forward,167,0.805384385873392,230,0.036304347826087,2.77469478357381e-05
Forward,168,0.813520077052485,230,0.0365217391304348,2.77469478357381e-05
Forward,169,0.817167044899937,230,0.0367391304347826,2.77469478357381e-05
Forward,170,0.81731095997303,230,0.0369565217391304,2.77469478357381e-05
Forward,171,0.818651176623899,230,0.0371739130434783,2.77469478357381e-05
Forward,172,0.82498464255431,230,0.0373913043478261,2.77469478357381e-05
Forward,173,0.825799176869524,230,0.0376086956521739,2.77469478357381e-05
Forward,174,0.825799176869524,230,0.0378260869565217,2.77469478357381e-05
Forward,175,0.831663322270334,230,0.0380434782608696,2.77469478357381e-05
Forward,176,0.839886604644221,230,0.0382608695652174,2.77469478357381e-05
Forward,177,0.842317076899625,230,0.0384782608695652,2.77469478357381e-05
Forward,178,0.844668533105206,230,0.038695652173913,2.77469478357381e-05
Forward,179,0.846192376707138,230,0.0389130434782609,2.77469478357381e-05
Forward,180,0.856178482551423,230,0.0391304347826087,2.77469478357381e-05
Forward,181,0.857900047548078,230,0.0393478260869565,2.77469478357381e-05
Forward,182,0.860441872079256,230,0.0395652173913043,2.77469478357381e-05
Forward,183,0.868304134617468,230,0.0397826086956522,2.77469478357381e-05
Forward,184,0.876560248598682,230,0.04,2.77469478357381e-05
Forward,185,0.881486297867219,230,0.0402173913043478,2.77469478357381e-05
Forward,186,0.882200878477102,230,0.0404347826086957,2.77469478357381e-05
Forward,187,0.889475734214147,230,0.0406521739130435,2.77469478357381e-05
Forward,188,0.891754641377021,230,0.0408695652173913,2.77469478357381e-05
Forward,189,0.892239486956463,230,0.0410869565217391,2.77469478357381e-05
Forward,190,0.89432302838217,230,0.041304347826087,2.77469478357381e-05
Forward,191,0.906993636103803,230,0.0415217391304348,2.77469478357381e-05
Forward,192,0.909435009006983,230,0.0417391304347826,2.77469478357381e-05
Forward,193,0.91875577863187,230,0.0419565217391304,2.77469478357381e-05
Forward,194,0.919201273761159,230,0.0421739130434783,2.77469478357381e-05
Forward,195,0.92163988786761,230,0.0423913043478261,2.77469478357381e-05
Forward,196,0.922984553934689,230,0.0426086956521739,2.77469478357381e-05
Forward,197,0.922984553934689,230,0.0428260869565217,2.77469478357381e-05
Forward,198,0.925885488391665,230,0.0430434782608696,2.77469478357381e-05
Forward,199,0.925885488391665,230,0.0432608695652174,2.77469478357381e-05
Forward,200,0.925885488391665,230,0.0434782608695652,2.77469478357381e-05
Forward,201,0.93629127699157,230,0.043695652173913,2.77469478357381e-05
Forward,202,0.948143815031205,230,0.0439130434782609,2.77469478357381e-05
Forward,203,0.94998250059806,230,0.0441304347826087,2.77469478357381e-05
Forward,204,0.94998250059806,230,0.0443478260869565,2.77469478357381e-05
Forward,205,0.952748881646244,230,0.0445652173913043,2.77469478357381e-05
Forward,206,0.952748881646244,230,0.0447826086956522,2.77469478357381e-05
Forward,207,0.958715112550042,230,0.045,2.77469478357381e-05
Forward,208,0.95890699995158,230,0.0452173913043478,2.77469478357381e-05
Forward,209,0.96029833298552,230,0.0454347826086957,2.77469478357381e-05
Forward,210,0.96085465971081,230,0.0456521739130435,2.77469478357381e-05
Forward,211,0.961076424130338,230,0.0458695652173913,2.77469478357381e-05
Forward,212,0.962389170752059,230,0.0460869565217391,2.77469478357381e-05
Forward,213,0.973900007029541,230,0.046304347826087,2.77469478357381e-05
Forward,214,0.97811374991681,230,0.0465217391304348,2.77469478357381e-05
Forward,215,0.978808356794603,230,0.0467391304347826,2.77469478357381e-05
Forward,216,0.979670273997021,230,0.0469565217391304,2.77469478357381e-05
Forward,217,0.984849251920984,230,0.0471739130434783,2.77469478357381e-05
Forward,218,0.994751139689019,230,0.0473913043478261,2.77469478357381e-05
Forward,219,1,230,0.0476086956521739,2.77469478357381e-05
Forward,220,1,230,0.0478260869565217,2.77469478357381e-05
Forward,221,1,230,0.0480434782608696,2.77469478357381e-05
Forward,222,1,230,0.0482608695652174,2.77469478357381e-05
Forward,223,1,230,0.0484782608695652,2.77469478357381e-05
Forward,224,1,230,0.0486956521739131,2.77469478357381e-05
Forward,225,1,230,0.0489130434782609,2.77469478357381e-05
Forward,226,1,230,0.0491304347826087,2.77469478357381e-05
Forward,227,1,230,0.0493478260869565,2.77469478357381e-05
Forward,228,1,230,0.0495652173913044,2.77469478357381e-05
Forward,229,1,230,0.0497826086956522,2.77469478357381e-05
Forward,230,1,230,0.05,2.77469478357381e-05
Reverse,1,0.00186089832981135,1572,3.18066157760814e-05,2.77469478357381e-05
Reverse,2,0.00282389701009678,1572,6.36132315521629e-05,2.77469478357381e-05
Reverse,3,0.00440984281138978,1572,9.54198473282443e-05,2.77469478357381e-05
Reverse,4,0.00534780501987283,1572,0.000127226463104326,2.77469478357381e-05
Reverse,5,0.00601283043542947,1572,0.000159033078880407,2.77469478357381e-05
Reverse,6,0.00760820518482656,1572,0.000190839694656489,2.77469478357381e-05
Reverse,7,0.00814314478802112,1572,0.00022264631043257,2.77469478357381e-05
Reverse,8,0.0086099710290924,1572,0.000254452926208651,2.77469478357381e-05
Reverse,9,0.00890669066564544,1572,0.000286259541984733,2.77469478357381e-05
Reverse,10,0.00932967824299303,1572,0.000318066157760814,2.77469478357381e-05
Reverse,11,0.00967309962187386,1572,0.000349872773536896,2.77469478357381e-05
Reverse,12,0.00967309962187386,1572,0.000381679389312977,2.77469478357381e-05
Reverse,13,0.0110978416447803,1572,0.000413486005089059,2.77469478357381e-05
Reverse,14,0.0127599920013793,1572,0.00044529262086514,2.77469478357381e-05
Reverse,15,0.0138104595770201,1572,0.000477099236641221,2.77469478357381e-05
Reverse,16,0.0139805692254871,1572,0.000508905852417303,2.77469478357381e-05
Reverse,17,0.0147188512251302,1572,0.000540712468193384,2.77469478357381e-05
Reverse,18,0.014855292964248,1572,0.000572519083969466,2.77469478357381e-05
Reverse,19,0.0149144092683297,1572,0.000604325699745547,2.77469478357381e-05
Reverse,20,0.0155909995803799,1572,0.000636132315521629,2.77469478357381e-05
Reverse,21,0.0175258848958259,1572,0.00066793893129771,2.77469478357381e-05
Reverse,22,0.0177790951255585,1572,0.000699745547073791,2.77469478357381e-05
Reverse,23,0.0195000324287002,1572,0.000731552162849873,2.77469478357381e-05
Reverse,24,0.0203864517600891,1572,0.000763358778625954,2.77469478357381e-05
Reverse,25,0.0208723098760537,1572,0.000795165394402036,2.77469478357381e-05
Reverse,26,0.0209994180866619,1572,0.000826972010178117,2.77469478357381e-05
Reverse,27,0.0212411185136492,1572,0.000858778625954199,2.77469478357381e-05
Reverse,28,0.021539818639525,1572,0.00089058524173028,2.77469478357381e-05
Reverse,29,0.0221057776898523,1572,0.000922391857506361,2.77469478357381e-05
Reverse,30,0.0222299074648428,1572,0.000954198473282443,2.77469478357381e-05
Reverse,31,0.0229417551912311,1572,0.000986005089058524,2.77469478357381e-05
Reverse,32,0.0233717377308021,1572,0.00101781170483461,2.77469478357381e-05
Reverse,33,0.0239633555600764,1572,0.00104961832061069,2.77469478357381e-05
Reverse,34,0.0251473946429661,1572,0.00108142493638677,2.77469478357381e-05
Reverse,35,0.0252548357457875,1572,0.00111323155216285,2.77469478357381e-05
Reverse,36,0.0253436353349547,1572,0.00114503816793893,2.77469478357381e-05
Reverse,37,0.0255726242666164,1572,0.00117684478371501,2.77469478357381e-05
Reverse,38,0.0263830553194275,1572,0.00120865139949109,2.77469478357381e-05
Reverse,39,0.0263830553194275,1572,0.00124045801526718,2.77469478357381e-05
Reverse,40,0.0263938283035382,1572,0.00127226463104326,2.77469478357381e-05
Reverse,41,0.0265734817661624,1572,0.00130407124681934,2.77469478357381e-05
Reverse,42,0.0269270842944447,1572,0.00133587786259542,2.77469478357381e-05
Reverse,43,0.0274408919969798,1572,0.0013676844783715,2.77469478357381e-05
Reverse,44,0.0278707942295958,1572,0.00139949109414758,2.77469478357381e-05
Reverse,45,0.0290298409245207,1572,0.00143129770992366,2.77469478357381e-05
Reverse,46,0.0298193420155233,1572,0.00146310432569975,2.77469478357381e-05
Reverse,47,0.0301522489405849,1572,0.00149491094147583,2.77469478357381e-05
Reverse,48,0.032022857064646,1572,0.00152671755725191,2.77469478357381e-05
Reverse,49,0.0348411940705944,1572,0.00155852417302799,2.77469478357381e-05
Reverse,50,0.0352415462949494,1572,0.00159033078880407,2.77469478357381e-05
Reverse,51,0.0357601548183592,1572,0.00162213740458015,2.77469478357381e-05
Reverse,52,0.0377777468553809,1572,0.00165394402035623,2.77469478357381e-05
Reverse,53,0.0378874228373591,1572,0.00168575063613232,2.77469478357381e-05
Reverse,54,0.0393659419794098,1572,0.0017175572519084,2.77469478357381e-05
Reverse,55,0.0394012478264795,1572,0.00174936386768448,2.77469478357381e-05
Reverse,56,0.0400705737669151,1572,0.00178117048346056,2.77469478357381e-05
Reverse,57,0.0401195110646124,1572,0.00181297709923664,2.77469478357381e-05
Reverse,58,0.0413561702278331,1572,0.00184478371501272,2.77469478357381e-05
Reverse,59,0.0416479122555613,1572,0.0018765903307888,2.77469478357381e-05
Reverse,60,0.0419870663927392,1572,0.00190839694656489,2.77469478357381e-05
Reverse,61,0.0424672146918602,1572,0.00194020356234097,2.77469478357381e-05
Reverse,62,0.0424899375801562,1572,0.00197201017811705,2.77469478357381e-05
Reverse,63,0.0424899375801562,1572,0.00200381679389313,2.77469478357381e-05
Reverse,64,0.0424899375801562,1572,0.00203562340966921,2.77469478357381e-05
Reverse,65,0.0424899375801562,1572,0.00206743002544529,2.77469478357381e-05
Reverse,66,0.0432158226963917,1572,0.00209923664122137,2.77469478357381e-05
Reverse,67,0.0432690825753248,1572,0.00213104325699746,2.77469478357381e-05
Reverse,68,0.0445581962500816,1572,0.00216284987277354,2.77469478357381e-05
Reverse,69,0.0450239853499292,1572,0.00219465648854962,2.77469478357381e-05
Reverse,70,0.046371749980904,1572,0.0022264631043257,2.77469478357381e-05
Reverse,71,0.0465748198651554,1572,0.00225826972010178,2.77469478357381e-05
Reverse,72,0.0466816504899648,1572,0.00229007633587786,2.77469478357381e-05
Reverse,73,0.0469318188222784,1572,0.00232188295165394,2.77469478357381e-05
Reverse,74,0.0471603112808847,1572,0.00235368956743003,2.77469478357381e-05
Reverse,75,0.0481493916815818,1572,0.00238549618320611,2.77469478357381e-05
Reverse,76,0.0485143449654765,1572,0.00241730279898219,2.77469478357381e-05
Reverse,77,0.0489624836593155,1572,0.00244910941475827,2.77469478357381e-05
Reverse,78,0.0501422331163194,1572,0.00248091603053435,2.77469478357381e-05
Reverse,79,0.0519263098527639,1572,0.00251272264631043,2.77469478357381e-05
Reverse,80,0.0530019462835655,1572,0.00254452926208651,2.77469478357381e-05
Reverse,81,0.0535346135624328,1572,0.0025763358778626,2.77469478357381e-05
Reverse,82,0.0537523786251072,1572,0.00260814249363868,2.77469478357381e-05
Reverse,83,0.0539350166088017,1572,0.00263994910941476,2.77469478357381e-05
Reverse,84,0.0543622246807697,1572,0.00267175572519084,2.77469478357381e-05
Reverse,85,0.0552821443719961,1572,0.00270356234096692,2.77469478357381e-05
Reverse,86,0.0559407022858362,1572,0.002735368956743,2.77469478357381e-05
Reverse,87,0.0563122652078736,1572,0.00276717557251908,2.77469478357381e-05
Reverse,88,0.0567570445621708,1572,0.00279898218829517,2.77469478357381e-05
Reverse,89,0.0575312142648911,1572,0.00283078880407125,2.77469478357381e-05
Reverse,90,0.0582320431251806,1572,0.00286259541984733,2.77469478357381e-05
Reverse,91,0.0595428332022655,1572,0.00289440203562341,2.77469478357381e-05
Reverse,92,0.0606657257078913,1572,0.00292620865139949,2.77469478357381e-05
Reverse,93,0.0613246308718073,1572,0.00295801526717557,2.77469478357381e-05
Reverse,94,0.0618740720242154,1572,0.00298982188295165,2.77469478357381e-05
Reverse,95,0.0619028544619341,1572,0.00302162849872774,2.77469478357381e-05
Reverse,96,0.0619499343605299,1572,0.00305343511450382,2.77469478357381e-05
Reverse,97,0.0619499343605299,1572,0.0030852417302799,2.77469478357381e-05
Reverse,98,0.0625572651711687,1572,0.00311704834605598,2.77469478357381e-05
Reverse,99,0.064081261440261,1572,0.00314885496183206,2.77469478357381e-05
Reverse,100,0.0654121676930314,1572,0.00318066157760814,2.77469478357381e-05
Reverse,101,0.0661090313490654,1572,0.00321246819338422,2.77469478357381e-05
Reverse,102,0.0664891927364516,1572,0.00324427480916031,2.77469478357381e-05
Reverse,103,0.0674160352093493,1572,0.00327608142493639,2.77469478357381e-05
Reverse,104,0.0676704221099865,1572,0.00330788804071247,2.77469478357381e-05
Reverse,105,0.0677144023520961,1572,0.00333969465648855,2.77469478357381e-05
Reverse,106,0.0679780012594444,1572,0.00337150127226463,2.77469478357381e-05
Reverse,107,0.0690307034101978,1572,0.00340330788804071,2.77469478357381e-05
Reverse,108,0.0694353156966002,1572,0.00343511450381679,2.77469478357381e-05
Reverse,109,0.0697434025781508,1572,0.00346692111959288,2.77469478357381e-05
Reverse,110,0.069808366199514,1572,0.00349872773536896,2.77469478357381e-05
Reverse,111,0.0705403120721308,1572,0.00353053435114504,2.77469478357381e-05
Reverse,112,0.0705877181805912,1572,0.00356234096692112,2.77469478357381e-05
Reverse,113,0.0706446032414318,1572,0.0035941475826972,2.77469478357381e-05
Reverse,114,0.0706516746972479,1572,0.00362595419847328,2.77469478357381e-05
Reverse,115,0.0707596512412158,1572,0.00365776081424936,2.77469478357381e-05
Reverse,116,0.0714500068523957,1572,0.00368956743002545,2.77469478357381e-05
Reverse,117,0.0733435994280246,1572,0.00372137404580153,2.77469478357381e-05
Reverse,118,0.0741654600482141,1572,0.00375318066157761,2.77469478357381e-05
Reverse,119,0.0759847234633252,1572,0.00378498727735369,2.77469478357381e-05
Reverse,120,0.0765332867171492,1572,0.00381679389312977,2.77469478357381e-05
Reverse,121,0.0767079504660051,1572,0.00384860050890585,2.77469478357381e-05
Reverse,122,0.0767772507051883,1572,0.00388040712468193,2.77469478357381e-05
Reverse,123,0.0775612183602885,1572,0.00391221374045802,2.77469478357381e-05
Reverse,124,0.0782095003644195,1572,0.0039440203562341,2.77469478357381e-05
Reverse,125,0.0798585362162759,1572,0.00397582697201018,2.77469478357381e-05
Reverse,126,0.0801903304156763,1572,0.00400763358778626,2.77469478357381e-05
Reverse,127,0.0806999244537972,1572,0.00403944020356234,2.77469478357381e-05
Reverse,128,0.0813534114719258,1572,0.00407124681933842,2.77469478357381e-05
Reverse,129,0.0821525496314055,1572,0.0041030534351145,2.77469478357381e-05
Reverse,130,0.0827283757573719,1572,0.00413486005089059,2.77469478357381e-05
Reverse,131,0.0851295942385439,1572,0.00416666666666667,2.77469478357381e-05
Reverse,132,0.0857397483080528,1572,0.00419847328244275,2.77469478357381e-05
Reverse,133,0.0868183403655526,1572,0.00423027989821883,2.77469478357381e-05
Reverse,134,0.0871889566422769,1572,0.00426208651399491,2.77469478357381e-05
Reverse,135,0.0873130156325002,1572,0.00429389312977099,2.77469478357381e-05
Reverse,136,0.0873742587428674,1572,0.00432569974554707,2.77469478357381e-05
Reverse,137,0.0875879726517606,1572,0.00435750636132316,2.77469478357381e-05
Reverse,138,0.0883992067273261,1572,0.00438931297709924,2.77469478357381e-05
Reverse,139,0.0885134207925645,1572,0.00442111959287532,2.77469478357381e-05
Reverse,140,0.0901769543815754,1572,0.0044529262086514,2.77469478357381e-05
Reverse,141,0.090625111264664,1572,0.00448473282442748,2.77469478357381e-05
Reverse,142,0.0907735317539488,1572,0.00451653944020356,2.77469478357381e-05
Reverse,143,0.0918705307029427,1572,0.00454834605597964,2.77469478357381e-05
Reverse,144,0.0921784678337671,1572,0.00458015267175573,2.77469478357381e-05
Reverse,145,0.0923793720375608,1572,0.00461195928753181,2.77469478357381e-05
Reverse,146,0.0935170775542012,1572,0.00464376590330789,2.77469478357381e-05
Reverse,147,0.0938916001205837,1572,0.00467557251908397,2.77469478357381e-05
Reverse,148,0.0953633026081116,1572,0.00470737913486005,2.77469478357381e-05
Reverse,149,0.0963360323989967,1572,0.00473918575063613,2.77469478357381e-05
Reverse,150,0.0967495180165982,1572,0.00477099236641221,2.77469478357381e-05
Reverse,151,0.0983040691041298,1572,0.0048027989821883,2.77469478357381e-05
Reverse,152,0.0986326518635946,1572,0.00483460559796438,2.77469478357381e-05
Reverse,153,0.0991297097111392,1572,0.00486641221374046,2.77469478357381e-05
Reverse,154,0.0995643463123959,1572,0.00489821882951654,2.77469478357381e-05
Reverse,155,0.100609886835237,1572,0.00493002544529262,2.77469478357381e-05
Reverse,156,0.101213800936014,1572,0.0049618320610687,2.77469478357381e-05
Reverse,157,0.103256945500971,1572,0.00499363867684478,2.77469478357381e-05
Reverse,158,0.10390392182357,1572,0.00502544529262087,2.77469478357381e-05
Reverse,159,0.10624634605125,1572,0.00505725190839695,2.77469478357381e-05
Reverse,160,0.108312090343811,1572,0.00508905852417303,2.77469478357381e-05
Reverse,161,0.10927725100755,1572,0.00512086513994911,2.77469478357381e-05
Reverse,162,0.110257743425076,1572,0.00515267175572519,2.77469478357381e-05
Reverse,163,0.110799261390683,1572,0.00518447837150127,2.77469478357381e-05
Reverse,164,0.11129227031039,1572,0.00521628498727735,2.77469478357381e-05
Reverse,165,0.111528408620416,1572,0.00524809160305344,2.77469478357381e-05
Reverse,166,0.113644350667326,1572,0.00527989821882952,2.77469478357381e-05
Reverse,167,0.113672886076423,1572,0.0053117048346056,2.77469478357381e-05
Reverse,168,0.113785685197866,1572,0.00534351145038168,2.77469478357381e-05
Reverse,169,0.113977325639172,1572,0.00537531806615776,2.77469478357381e-05
Reverse,170,0.114315246669182,1572,0.00540712468193384,2.77469478357381e-05
Reverse,171,0.11445884332832,1572,0.00543893129770992,2.77469478357381e-05
Reverse,172,0.114650713883202,1572,0.00547073791348601,2.77469478357381e-05
Reverse,173,0.116881438998854,1572,0.00550254452926209,2.77469478357381e-05
Reverse,174,0.11703191989303,1572,0.00553435114503817,2.77469478357381e-05
Reverse,175,0.117846429262999,1572,0.00556615776081425,2.77469478357381e-05
Reverse,176,0.118461416529795,1572,0.00559796437659033,2.77469478357381e-05
Reverse,177,0.120277914373873,1572,0.00562977099236641,2.77469478357381e-05
Reverse,178,0.120872001226783,1572,0.00566157760814249,2.77469478357381e-05
Reverse,179,0.120884138609992,1572,0.00569338422391858,2.77469478357381e-05
Reverse,180,0.120940098781492,1572,0.00572519083969466,2.77469478357381e-05
Reverse,181,0.120995436086343,1572,0.00575699745547074,2.77469478357381e-05
Reverse,182,0.12180296093203,1572,0.00578880407124682,2.77469478357381e-05
Reverse,183,0.123103874652829,1572,0.0058206106870229,2.77469478357381e-05
Reverse,184,0.124266084171397,1572,0.00585241730279898,2.77469478357381e-05
Reverse,185,0.124921583194409,1572,0.00588422391857506,2.77469478357381e-05
Reverse,186,0.12549803343099,1572,0.00591603053435115,2.77469478357381e-05
Reverse,187,0.126075793884168,1572,0.00594783715012723,2.77469478357381e-05
Reverse,188,0.127461478543889,1572,0.00597964376590331,2.77469478357381e-05
Reverse,189,0.127611092615869,1572,0.00601145038167939,2.77469478357381e-05
Reverse,190,0.129548063765942,1572,0.00604325699745547,2.77469478357381e-05
Reverse,191,0.130701219432402,1572,0.00607506361323155,2.77469478357381e-05
Reverse,192,0.131293906229564,1572,0.00610687022900763,2.77469478357381e-05
Reverse,193,0.132109549246184,1572,0.00613867684478372,2.77469478357381e-05
Reverse,194,0.132115670260568,1572,0.0061704834605598,2.77469478357381e-05
Reverse,195,0.132399430847421,1572,0.00620229007633588,2.77469478357381e-05
Reverse,196,0.134432956492661,1572,0.00623409669211196,2.77469478357381e-05
Reverse,197,0.134558755971806,1572,0.00626590330788804,2.77469478357381e-05
Reverse,198,0.134620387749424,1572,0.00629770992366412,2.77469478357381e-05
Reverse,199,0.13508223176045,1572,0.0063295165394402,2.77469478357381e-05
Reverse,200,0.135480471111278,1572,0.00636132315521629,2.77469478357381e-05
Reverse,201,0.135664071887571,1572,0.00639312977099237,2.77469478357381e-05
Reverse,202,0.13578663900686,1572,0.00642493638676845,2.77469478357381e-05
Reverse,203,0.135876254414794,1572,0.00645674300254453,2.77469478357381e-05
Reverse,204,0.137504713420114,1572,0.00648854961832061,2.77469478357381e-05
Reverse,205,0.138004881267942,1572,0.00652035623409669,2.77469478357381e-05
Reverse,206,0.138879627552158,1572,0.00655216284987277,2.77469478357381e-05
Reverse,207,0.138998463949549,1572,0.00658396946564886,2.77469478357381e-05
Reverse,208,0.139296668949928,1572,0.00661577608142494,2.77469478357381e-05
Reverse,209,0.139543811822889,1572,0.00664758269720102,2.77469478357381e-05
Reverse,210,0.13996532853632,1572,0.0066793893129771,2.77469478357381e-05
Reverse,211,0.140194866601696,1572,0.00671119592875318,2.77469478357381e-05
Reverse,212,0.140242469223095,1572,0.00674300254452926,2.77469478357381e-05
Reverse,213,0.141052970496258,1572,0.00677480916030534,2.77469478357381e-05
Reverse,214,0.141469425489108,1572,0.00680661577608143,2.77469478357381e-05
Reverse,215,0.142983748817469,1572,0.00683842239185751,2.77469478357381e-05
Reverse,216,0.143273031852499,1572,0.00687022900763359,2.77469478357381e-05
Reverse,217,0.145114917834388,1572,0.00690203562340967,2.77469478357381e-05
Reverse,218,0.145114917834388,1572,0.00693384223918575,2.77469478357381e-05
Reverse,219,0.145603586876145,1572,0.00696564885496183,2.77469478357381e-05
Reverse,220,0.145837873467842,1572,0.00699745547073791,2.77469478357381e-05
Reverse,221,0.146885197535471,1572,0.007029262086514,2.77469478357381e-05
Reverse,222,0.148069549930857,1572,0.00706106870229008,2.77469478357381e-05
Reverse,223,0.148603242928145,1572,0.00709287531806616,2.77469478357381e-05
Reverse,224,0.148937424619739,1572,0.00712468193384224,2.77469478357381e-05
Reverse,225,0.149271197965846,1572,0.00715648854961832,2.77469478357381e-05
Reverse,226,0.150510149851884,1572,0.0071882951653944,2.77469478357381e-05
Reverse,227,0.150727381149305,1572,0.00722010178117048,2.77469478357381e-05
Reverse,228,0.151386677346467,1572,0.00725190839694657,2.77469478357381e-05
Reverse,229,0.151821343776433,1572,0.00728371501272265,2.77469478357381e-05
Reverse,230,0.152972626330251,1572,0.00731552162849873,2.77469478357381e-05
Reverse,231,0.15312474050478,1572,0.00734732824427481,2.77469478357381e-05
Reverse,232,0.153232576439467,1572,0.00737913486005089,2.77469478357381e-05
Reverse,233,0.153583104167526,1572,0.00741094147582697,2.77469478357381e-05
Reverse,234,0.153583104167526,1572,0.00744274809160305,2.77469478357381e-05
Reverse,235,0.153583104167526,1572,0.00747455470737914,2.77469478357381e-05
Reverse,236,0.154293222601029,1572,0.00750636132315522,2.77469478357381e-05
Reverse,237,0.154472916567017,1572,0.0075381679389313,2.77469478357381e-05
Reverse,238,0.1546921478399,1572,0.00756997455470738,2.77469478357381e-05
Reverse,239,0.154702428325627,1572,0.00760178117048346,2.77469478357381e-05
Reverse,240,0.155124523867921,1572,0.00763358778625954,2.77469478357381e-05
Reverse,241,0.155540023375995,1572,0.00766539440203562,2.77469478357381e-05
Reverse,242,0.157507411466201,1572,0.00769720101781171,2.77469478357381e-05
Reverse,243,0.157802760629,1572,0.00772900763358779,2.77469478357381e-05
Reverse,244,0.16090371935679,1572,0.00776081424936387,2.77469478357381e-05
Reverse,245,0.161056489389686,1572,0.00779262086513995,2.77469478357381e-05
Reverse,246,0.16114917837413,1572,0.00782442748091603,2.77469478357381e-05
Reverse,247,0.16114917837413,1572,0.00785623409669211,2.77469478357381e-05
Reverse,248,0.161627719783877,1572,0.00788804071246819,2.77469478357381e-05
Reverse,249,0.161895474632925,1572,0.00791984732824428,2.77469478357381e-05
Reverse,250,0.162292450735333,1572,0.00795165394402036,2.77469478357381e-05
Reverse,251,0.162983443613311,1572,0.00798346055979644,2.77469478357381e-05
Reverse,252,0.164584224006095,1572,0.00801526717557252,2.77469478357381e-05
Reverse,253,0.164996411125443,1572,0.0080470737913486,2.77469478357381e-05
Reverse,254,0.165052398682103,1572,0.00807888040712468,2.77469478357381e-05
Reverse,255,0.165370168858322,1572,0.00811068702290076,2.77469478357381e-05
Reverse,256,0.165685537558942,1572,0.00814249363867685,2.77469478357381e-05
Reverse,257,0.165757062039792,1572,0.00817430025445293,2.77469478357381e-05
Reverse,258,0.165967405672781,1572,0.00820610687022901,2.77469478357381e-05
Reverse,259,0.168674687037605,1572,0.00823791348600509,2.77469478357381e-05
Reverse,260,0.168693767217361,1572,0.00826972010178117,2.77469478357381e-05
Reverse,261,0.168768586631693,1572,0.00830152671755725,2.77469478357381e-05
Reverse,262,0.169269747980974,1572,0.00833333333333334,2.77469478357381e-05
Reverse,263,0.170573591694421,1572,0.00836513994910941,2.77469478357381e-05
Reverse,264,0.171236218101012,1572,0.0083969465648855,2.77469478357381e-05
Reverse,265,0.171643473327473,1572,0.00842875318066158,2.77469478357381e-05
Reverse,266,0.172063912398068,1572,0.00846055979643766,2.77469478357381e-05
Reverse,267,0.172063912398068,1572,0.00849236641221374,2.77469478357381e-05
Reverse,268,0.173770036715313,1572,0.00852417302798982,2.77469478357381e-05
Reverse,269,0.176925587869407,1572,0.0085559796437659,2.77469478357381e-05
Reverse,270,0.179306991267916,1572,0.00858778625954199,2.77469478357381e-05
Reverse,271,0.179664445217463,1572,0.00861959287531807,2.77469478357381e-05
Reverse,272,0.180137027139082,1572,0.00865139949109415,2.77469478357381e-05
Reverse,273,0.180153673424809,1572,0.00868320610687023,2.77469478357381e-05
Reverse,274,0.180429697645721,1572,0.00871501272264631,2.77469478357381e-05
Reverse,275,0.180519925794056,1572,0.00874681933842239,2.77469478357381e-05
Reverse,276,0.180625036248644,1572,0.00877862595419847,2.77469478357381e-05
Reverse,277,0.181232985228346,1572,0.00881043256997456,2.77469478357381e-05
Reverse,278,0.181324215000936,1572,0.00884223918575064,2.77469478357381e-05
Reverse,279,0.181461109751626,1572,0.00887404580152672,2.77469478357381e-05
Reverse,280,0.182622244317047,1572,0.0089058524173028,2.77469478357381e-05
Reverse,281,0.182677117034534,1572,0.00893765903307888,2.77469478357381e-05
Reverse,282,0.184726112059998,1572,0.00896946564885496,2.77469478357381e-05
Reverse,283,0.184885939262606,1572,0.00900127226463104,2.77469478357381e-05
Reverse,284,0.184962604204146,1572,0.00903307888040713,2.77469478357381e-05
Reverse,285,0.185118508136442,1572,0.00906488549618321,2.77469478357381e-05
Reverse,286,0.185956743631587,1572,0.00909669211195929,2.77469478357381e-05
Reverse,287,0.186925849572157,1572,0.00912849872773537,2.77469478357381e-05
Reverse,288,0.188045297332867,1572,0.00916030534351145,2.77469478357381e-05
Reverse,289,0.188245505797545,1572,0.00919211195928753,2.77469478357381e-05
Reverse,290,0.18972118225531,1572,0.00922391857506361,2.77469478357381e-05
Reverse,291,0.190734813005812,1572,0.0092557251908397,2.77469478357381e-05
Reverse,292,0.191040043530606,1572,0.00928753180661578,2.77469478357381e-05
Reverse,293,0.191873304297918,1572,0.00931933842239186,2.77469478357381e-05
Reverse,294,0.193266113309699,1572,0.00935114503816794,2.77469478357381e-05
Reverse,295,0.194283684505624,1572,0.00938295165394402,2.77469478357381e-05
Reverse,296,0.194702939065401,1572,0.0094147582697201,2.77469478357381e-05
Reverse,297,0.19511235582005,1572,0.00944656488549619,2.77469478357381e-05
Reverse,298,0.195140227588985,1572,0.00947837150127226,2.77469478357381e-05
Reverse,299,0.197686971830963,1572,0.00951017811704835,2.77469478357381e-05
Reverse,300,0.197731489457264,1572,0.00954198473282443,2.77469478357381e-05
Reverse,301,0.19938995107265,1572,0.00957379134860051,2.77469478357381e-05
Reverse,302,0.199688469223442,1572,0.00960559796437659,2.77469478357381e-05
Reverse,303,0.19996287075267,1572,0.00963740458015267,2.77469478357381e-05
Reverse,304,0.200972589901702,1572,0.00966921119592875,2.77469478357381e-05
Reverse,305,0.201936649853359,1572,0.00970101781170484,2.77469478357381e-05
Reverse,306,0.204112980335404,1572,0.00973282442748092,2.77469478357381e-05
Reverse,307,0.204113730383224,1572,0.009764631043257,2.77469478357381e-05
Reverse,308,0.204170870985089,1572,0.00979643765903308,2.77469478357381e-05
Reverse,309,0.204710284958981,1572,0.00982824427480916,2.77469478357381e-05
Reverse,310,0.205317963274814,1572,0.00986005089058524,2.77469478357381e-05
Reverse,311,0.207743006383874,1572,0.00989185750636132,2.77469478357381e-05
Reverse,312,0.207962665215462,1572,0.0099236641221374,2.77469478357381e-05
Reverse,313,0.209277090334187,1572,0.00995547073791349,2.77469478357381e-05
Reverse,314,0.209567278530065,1572,0.00998727735368957,2.77469478357381e-05
Reverse,315,0.210028306769109,1572,0.0100190839694656,2.77469478357381e-05
Reverse,316,0.210041488776517,1572,0.0100508905852417,2.77469478357381e-05
Reverse,317,0.21059460283279,1572,0.0100826972010178,2.77469478357381e-05
Reverse,318,0.210640242717655,1572,0.0101145038167939,2.77469478357381e-05
Reverse,319,0.210981053912358,1572,0.01014631043257,2.77469478357381e-05
Reverse,320,0.211003041601007,1572,0.0101781170483461,2.77469478357381e-05
Reverse,321,0.211218860402191,1572,0.0102099236641221,2.77469478357381e-05
Reverse,322,0.21128073112249,1572,0.0102417302798982,2.77469478357381e-05
Reverse,323,0.211507458506693,1572,0.0102735368956743,2.77469478357381e-05
Reverse,324,0.211992927597889,1572,0.0103053435114504,2.77469478357381e-05
Reverse,325,0.21448109939403,1572,0.0103371501272265,2.77469478357381e-05
Reverse,326,0.21448109939403,1572,0.0103689567430025,2.77469478357381e-05
Reverse,327,0.21490052391929,1572,0.0104007633587786,2.77469478357381e-05
Reverse,328,0.215935335262256,1572,0.0104325699745547,2.77469478357381e-05
Reverse,329,0.216713373091318,1572,0.0104643765903308,2.77469478357381e-05
Reverse,330,0.217233413718323,1572,0.0104961832061069,2.77469478357381e-05
Reverse,331,0.21811107192237,1572,0.010527989821883,2.77469478357381e-05
Reverse,332,0.219140271517552,1572,0.010559796437659,2.77469478357381e-05
Reverse,333,0.219955786825165,1572,0.0105916030534351,2.77469478357381e-05
Reverse,334,0.22027976175026,1572,0.0106234096692112,2.77469478357381e-05
Reverse,335,0.220732217989816,1572,0.0106552162849873,2.77469478357381e-05
Reverse,336,0.220956804644286,1572,0.0106870229007634,2.77469478357381e-05
Reverse,337,0.221728236398685,1572,0.0107188295165394,2.77469478357381e-05
Reverse,338,0.221895565504696,1572,0.0107506361323155,2.77469478357381e-05
Reverse,339,0.223513103454826,1572,0.0107824427480916,2.77469478357381e-05
Reverse,340,0.223537839027379,1572,0.0108142493638677,2.77469478357381e-05
Reverse,341,0.225356675398747,1572,0.0108460559796438,2.77469478357381e-05
Reverse,342,0.226107187728139,1572,0.0108778625954198,2.77469478357381e-05
Reverse,343,0.22722275857127,1572,0.0109096692111959,2.77469478357381e-05
Reverse,344,0.228492042381623,1572,0.010941475826972,2.77469478357381e-05
Reverse,345,0.228779481451983,1572,0.0109732824427481,2.77469478357381e-05
Reverse,346,0.229129396911529,1572,0.0110050890585242,2.77469478357381e-05
Reverse,347,0.229633783152896,1572,0.0110368956743003,2.77469478357381e-05
Reverse,348,0.230021515297556,1572,0.0110687022900763,2.77469478357381e-05
Reverse,349,0.230452636670296,1572,0.0111005089058524,2.77469478357381e-05
Reverse,350,0.230506711664663,1572,0.0111323155216285,2.77469478357381e-05
Reverse,351,0.234971606636049,1572,0.0111641221374046,2.77469478357381e-05
Reverse,352,0.23526050292679,1572,0.0111959287531807,2.77469478357381e-05
Reverse,353,0.23526050292679,1572,0.0112277353689567,2.77469478357381e-05
Reverse,354,0.235779167975256,1572,0.0112595419847328,2.77469478357381e-05
Reverse,355,0.236257615171602,1572,0.0112913486005089,2.77469478357381e-05
Reverse,356,0.236573860531032,1572,0.011323155216285,2.77469478357381e-05
Reverse,357,0.237465550631139,1572,0.0113549618320611,2.77469478357381e-05
Reverse,358,0.238519848298997,1572,0.0113867684478372,2.77469478357381e-05
Reverse,359,0.240156621548804,1572,0.0114185750636132,2.77469478357381e-05
Reverse,360,0.241071159431698,1572,0.0114503816793893,2.77469478357381e-05
Reverse,361,0.241318649160599,1572,0.0114821882951654,2.77469478357381e-05
Reverse,362,0.241590583838753,1572,0.0115139949109415,2.77469478357381e-05
Reverse,363,0.242195728697977,1572,0.0115458015267176,2.77469478357381e-05
Reverse,364,0.243939090949674,1572,0.0115776081424936,2.77469478357381e-05
Reverse,365,0.244674156431913,1572,0.0116094147582697,2.77469478357381e-05
Reverse,366,0.244735748407494,1572,0.0116412213740458,2.77469478357381e-05
Reverse,367,0.245227973554418,1572,0.0116730279898219,2.77469478357381e-05
Reverse,368,0.246485503420231,1572,0.011704834605598,2.77469478357381e-05
Reverse,369,0.246607169006156,1572,0.011736641221374,2.77469478357381e-05
Reverse,370,0.246977436051046,1572,0.0117684478371501,2.77469478357381e-05
Reverse,371,0.248364509595916,1572,0.0118002544529262,2.77469478357381e-05
Reverse,372,0.248655942599869,1572,0.0118320610687023,2.77469478357381e-05
Reverse,373,0.249492550666387,1572,0.0118638676844784,2.77469478357381e-05
Reverse,374,0.249823442298183,1572,0.0118956743002545,2.77469478357381e-05
Reverse,375,0.250186628746697,1572,0.0119274809160305,2.77469478357381e-05
Reverse,376,0.250924296973004,1572,0.0119592875318066,2.77469478357381e-05
Reverse,377,0.25099353938526,1572,0.0119910941475827,2.77469478357381e-05
Reverse,378,0.251320328622872,1572,0.0120229007633588,2.77469478357381e-05
Reverse,379,0.251918984795172,1572,0.0120547073791349,2.77469478357381e-05
Reverse,380,0.252163148378086,1572,0.0120865139949109,2.77469478357381e-05
Reverse,381,0.25337100332857,1572,0.012118320610687,2.77469478357381e-05
Reverse,382,0.253918759785296,1572,0.0121501272264631,2.77469478357381e-05
Reverse,383,0.254699812378318,1572,0.0121819338422392,2.77469478357381e-05
Reverse,384,0.255738393658862,1572,0.0122137404580153,2.77469478357381e-05
Reverse,385,0.256783016888503,1572,0.0122455470737913,2.77469478357381e-05
Reverse,386,0.256783016888503,1572,0.0122773536895674,2.77469478357381e-05
Reverse,387,0.257706330373136,1572,0.0123091603053435,2.77469478357381e-05
Reverse,388,0.257731544086968,1572,0.0123409669211196,2.77469478357381e-05
Reverse,389,0.258001009952829,1572,0.0123727735368957,2.77469478357381e-05
Reverse,390,0.260318383241629,1572,0.0124045801526718,2.77469478357381e-05
Reverse,391,0.261169082718625,1572,0.0124363867684478,2.77469478357381e-05
Reverse,392,0.261751434116606,1572,0.0124681933842239,2.77469478357381e-05
Reverse,393,0.261844433034593,1572,0.0125,2.77469478357381e-05
Reverse,394,0.262943567639364,1572,0.0125318066157761,2.77469478357381e-05
Reverse,395,0.263010306564045,1572,0.0125636132315522,2.77469478357381e-05
Reverse,396,0.265169556853621,1572,0.0125954198473282,2.77469478357381e-05
Reverse,397,0.265642844527599,1572,0.0126272264631043,2.77469478357381e-05
Reverse,398,0.265708918628975,1572,0.0126590330788804,2.77469478357381e-05
Reverse,399,0.266511354552489,1572,0.0126908396946565,2.77469478357381e-05
Reverse,400,0.267731532029931,1572,0.0127226463104326,2.77469478357381e-05
Reverse,401,0.268192437967249,1572,0.0127544529262087,2.77469478357381e-05
Reverse,402,0.269086255865773,1572,0.0127862595419847,2.77469478357381e-05
Reverse,403,0.270511323505779,1572,0.0128180661577608,2.77469478357381e-05
Reverse,404,0.271192296982466,1572,0.0128498727735369,2.77469478357381e-05
Reverse,405,0.2715739501342,1572,0.012881679389313,2.77469478357381e-05
Reverse,406,0.272711166025586,1572,0.0129134860050891,2.77469478357381e-05
Reverse,407,0.27364226800311,1572,0.0129452926208651,2.77469478357381e-05
Reverse,408,0.273835282500046,1572,0.0129770992366412,2.77469478357381e-05
Reverse,409,0.274094048440937,1572,0.0130089058524173,2.77469478357381e-05
Reverse,410,0.27471726149008,1572,0.0130407124681934,2.77469478357381e-05
Reverse,411,0.278424329003495,1572,0.0130725190839695,2.77469478357381e-05
Reverse,412,0.278980637218115,1572,0.0131043256997455,2.77469478357381e-05
Reverse,413,0.279462950036761,1572,0.0131361323155216,2.77469478357381e-05
Reverse,414,0.279462950036761,1572,0.0131679389312977,2.77469478357381e-05
Reverse,415,0.279462950036761,1572,0.0131997455470738,2.77469478357381e-05
Reverse,416,0.280367374330905,1572,0.0132315521628499,2.77469478357381e-05
Reverse,417,0.280667285084115,1572,0.013263358778626,2.77469478357381e-05
Reverse,418,0.28168600544617,1572,0.013295165394402,2.77469478357381e-05
Reverse,419,0.282620173166794,1572,0.0133269720101781,2.77469478357381e-05
Reverse,420,0.283640200222925,1572,0.0133587786259542,2.77469478357381e-05
Reverse,421,0.283640200222925,1572,0.0133905852417303,2.77469478357381e-05
Reverse,422,0.283706807282102,1572,0.0134223918575064,2.77469478357381e-05
Reverse,423,0.283735442718542,1572,0.0134541984732824,2.77469478357381e-05
Reverse,424,0.283797703338041,1572,0.0134860050890585,2.77469478357381e-05
Reverse,425,0.284064824556763,1572,0.0135178117048346,2.77469478357381e-05
Reverse,426,0.284064824556763,1572,0.0135496183206107,2.77469478357381e-05
Reverse,427,0.285309141087252,1572,0.0135814249363868,2.77469478357381e-05
Reverse,428,0.285930359469084,1572,0.0136132315521629,2.77469478357381e-05
Reverse,429,0.287850672007855,1572,0.0136450381679389,2.77469478357381e-05
Reverse,430,0.289342475988936,1572,0.013676844783715,2.77469478357381e-05
Reverse,431,0.289385576184461,1572,0.0137086513994911,2.77469478357381e-05
Reverse,432,0.289541536126937,1572,0.0137404580152672,2.77469478357381e-05
Reverse,433,0.290364289377041,1572,0.0137722646310433,2.77469478357381e-05
Reverse,434,0.290621681724736,1572,0.0138040712468193,2.77469478357381e-05
Reverse,435,0.291050566287068,1572,0.0138358778625954,2.77469478357381e-05
Reverse,436,0.291293675737002,1572,0.0138676844783715,2.77469478357381e-05
Reverse,437,0.293296196461709,1572,0.0138994910941476,2.77469478357381e-05
Reverse,438,0.295106548458792,1572,0.0139312977099237,2.77469478357381e-05
Reverse,439,0.295158338279085,1572,0.0139631043256997,2.77469478357381e-05
Reverse,440,0.295260038111716,1572,0.0139949109414758,2.77469478357381e-05
Reverse,441,0.295441232145951,1572,0.0140267175572519,2.77469478357381e-05
Reverse,442,0.295479009394462,1572,0.014058524173028,2.77469478357381e-05
Reverse,443,0.297848144089947,1572,0.0140903307888041,2.77469478357381e-05
Reverse,444,0.29961781989436,1572,0.0141221374045802,2.77469478357381e-05
Reverse,445,0.29999375015553,1572,0.0141539440203562,2.77469478357381e-05
Reverse,446,0.29999375015553,1572,0.0141857506361323,2.77469478357381e-05
Reverse,447,0.301026966853598,1572,0.0142175572519084,2.77469478357381e-05
Reverse,448,0.301582466420332,1572,0.0142493638676845,2.77469478357381e-05
Reverse,449,0.302035726187633,1572,0.0142811704834606,2.77469478357381e-05
Reverse,450,0.302037169513367,1572,0.0143129770992366,2.77469478357381e-05
Reverse,451,0.302966711257794,1572,0.0143447837150127,2.77469478357381e-05
Reverse,452,0.305092308198518,1572,0.0143765903307888,2.77469478357381e-05
Reverse,453,0.305189112093793,1572,0.0144083969465649,2.77469478357381e-05
Reverse,454,0.305206214468717,1572,0.014440203562341,2.77469478357381e-05
Reverse,455,0.306295091432586,1572,0.014472010178117,2.77469478357381e-05
Reverse,456,0.306530976700532,1572,0.0145038167938931,2.77469478357381e-05
Reverse,457,0.306753502768955,1572,0.0145356234096692,2.77469478357381e-05
Reverse,458,0.306880341132927,1572,0.0145674300254453,2.77469478357381e-05
Reverse,459,0.307049421112291,1572,0.0145992366412214,2.77469478357381e-05
Reverse,460,0.307843594598747,1572,0.0146310432569975,2.77469478357381e-05
Reverse,461,0.307888133031395,1572,0.0146628498727735,2.77469478357381e-05
Reverse,462,0.30794160912887,1572,0.0146946564885496,2.77469478357381e-05
Reverse,463,0.308366765251244,1572,0.0147264631043257,2.77469478357381e-05
Reverse,464,0.30869797993313,1572,0.0147582697201018,2.77469478357381e-05
Reverse,465,0.309500868001533,1572,0.0147900763358779,2.77469478357381e-05
Reverse,466,0.310644419544186,1572,0.0148218829516539,2.77469478357381e-05
Reverse,467,0.310743834099873,1572,0.01485368956743,2.77469478357381e-05
Reverse,468,0.311498905000634,1572,0.0148854961832061,2.77469478357381e-05
Reverse,469,0.312483833925984,1572,0.0149173027989822,2.77469478357381e-05
Reverse,470,0.312615072394024,1572,0.0149491094147583,2.77469478357381e-05
Reverse,471,0.313629822293636,1572,0.0149809160305344,2.77469478357381e-05
Reverse,472,0.313792049875809,1572,0.0150127226463104,2.77469478357381e-05
Reverse,473,0.314695393284993,1572,0.0150445292620865,2.77469478357381e-05
Reverse,474,0.314876322175641,1572,0.0150763358778626,2.77469478357381e-05
Reverse,475,0.315214750947035,1572,0.0151081424936387,2.77469478357381e-05
Reverse,476,0.315794051296836,1572,0.0151399491094148,2.77469478357381e-05
Reverse,477,0.315796846425959,1572,0.0151717557251908,2.77469478357381e-05
Reverse,478,0.315994670397062,1572,0.0152035623409669,2.77469478357381e-05
Reverse,479,0.316104351223942,1572,0.015235368956743,2.77469478357381e-05
Reverse,480,0.316924513820141,1572,0.0152671755725191,2.77469478357381e-05
Reverse,481,0.317934677512187,1572,0.0152989821882952,2.77469478357381e-05
Reverse,482,0.318894046700874,1572,0.0153307888040713,2.77469478357381e-05
Reverse,483,0.319104727526752,1572,0.0153625954198473,2.77469478357381e-05
Reverse,484,0.319108068161919,1572,0.0153944020356234,2.77469478357381e-05
Reverse,485,0.321212244233153,1572,0.0154262086513995,2.77469478357381e-05
Reverse,486,0.32261411851332,1572,0.0154580152671756,2.77469478357381e-05
Reverse,487,0.322625555195567,1572,0.0154898218829517,2.77469478357381e-05
Reverse,488,0.323376239414401,1572,0.0155216284987277,2.77469478357381e-05
Reverse,489,0.325703163054669,1572,0.0155534351145038,2.77469478357381e-05
Reverse,490,0.326496667542919,1572,0.0155852417302799,2.77469478357381e-05
Reverse,491,0.330779473790276,1572,0.015617048346056,2.77469478357381e-05
Reverse,492,0.330843772912091,1572,0.0156488549618321,2.77469478357381e-05
Reverse,493,0.331586324211295,1572,0.0156806615776081,2.77469478357381e-05
Reverse,494,0.332487160940256,1572,0.0157124681933842,2.77469478357381e-05
Reverse,495,0.332736330661201,1572,0.0157442748091603,2.77469478357381e-05
Reverse,496,0.334657677633735,1572,0.0157760814249364,2.77469478357381e-05
Reverse,497,0.336020312508321,1572,0.0158078880407125,2.77469478357381e-05
Reverse,498,0.336723578821071,1572,0.0158396946564886,2.77469478357381e-05
Reverse,499,0.337071480222563,1572,0.0158715012722646,2.77469478357381e-05
Reverse,500,0.33775927851623,1572,0.0159033078880407,2.77469478357381e-05
Reverse,501,0.338513863953355,1572,0.0159351145038168,2.77469478357381e-05
Reverse,502,0.338578000084919,1572,0.0159669211195929,2.77469478357381e-05
Reverse,503,0.339440094902255,1572,0.015998727735369,2.77469478357381e-05
Reverse,504,0.33944618595352,1572,0.016030534351145,2.77469478357381e-05
Reverse,505,0.33945722153794,1572,0.0160623409669211,2.77469478357381e-05
Reverse,506,0.339624132202699,1572,0.0160941475826972,2.77469478357381e-05
Reverse,507,0.339928823969109,1572,0.0161259541984733,2.77469478357381e-05
Reverse,508,0.340118722570109,1572,0.0161577608142494,2.77469478357381e-05
Reverse,509,0.34385334131014,1572,0.0161895674300254,2.77469478357381e-05
Reverse,510,0.344812862444789,1572,0.0162213740458015,2.77469478357381e-05
Reverse,511,0.345269909525287,1572,0.0162531806615776,2.77469478357381e-05
Reverse,512,0.346225869504805,1572,0.0162849872773537,2.77469478357381e-05
Reverse,513,0.347442352487548,1572,0.0163167938931298,2.77469478357381e-05
Reverse,514,0.34759664777318,1572,0.0163486005089059,2.77469478357381e-05
Reverse,515,0.350274653599041,1572,0.0163804071246819,2.77469478357381e-05
Reverse,516,0.350858746131751,1572,0.016412213740458,2.77469478357381e-05
Reverse,517,0.351354504509806,1572,0.0164440203562341,2.77469478357381e-05
Reverse,518,0.3530756708555,1572,0.0164758269720102,2.77469478357381e-05
Reverse,519,0.353851063689862,1572,0.0165076335877863,2.77469478357381e-05
Reverse,520,0.353851063689862,1572,0.0165394402035623,2.77469478357381e-05
Reverse,521,0.353935857854095,1572,0.0165712468193384,2.77469478357381e-05
Reverse,522,0.354384049355105,1572,0.0166030534351145,2.77469478357381e-05
Reverse,523,0.354649348400419,1572,0.0166348600508906,2.77469478357381e-05
Reverse,524,0.355685259122381,1572,0.0166666666666667,2.77469478357381e-05
Reverse,525,0.356198431851023,1572,0.0166984732824427,2.77469478357381e-05
Reverse,526,0.360151947533583,1572,0.0167302798982188,2.77469478357381e-05
Reverse,527,0.360183770441823,1572,0.0167620865139949,2.77469478357381e-05
Reverse,528,0.361658525503116,1572,0.016793893129771,2.77469478357381e-05
Reverse,529,0.362104971733094,1572,0.0168256997455471,2.77469478357381e-05
Reverse,530,0.362832606462028,1572,0.0168575063613232,2.77469478357381e-05
Reverse,531,0.36285438576267,1572,0.0168893129770992,2.77469478357381e-05
Reverse,532,0.3633196763491,1572,0.0169211195928753,2.77469478357381e-05
Reverse,533,0.363783070865393,1572,0.0169529262086514,2.77469478357381e-05
Reverse,534,0.36402640762374,1572,0.0169847328244275,2.77469478357381e-05
Reverse,535,0.364780587373375,1572,0.0170165394402036,2.77469478357381e-05
Reverse,536,0.3660529647764,1572,0.0170483460559796,2.77469478357381e-05
Reverse,537,0.366157009591133,1572,0.0170801526717557,2.77469478357381e-05
Reverse,538,0.366190024209513,1572,0.0171119592875318,2.77469478357381e-05
Reverse,539,0.366218556281061,1572,0.0171437659033079,2.77469478357381e-05
Reverse,540,0.367024992717718,1572,0.017175572519084,2.77469478357381e-05
Reverse,541,0.367769300117982,1572,0.0172073791348601,2.77469478357381e-05
Reverse,542,0.368195461664711,1572,0.0172391857506361,2.77469478357381e-05
Reverse,543,0.369234074813874,1572,0.0172709923664122,2.77469478357381e-05
Reverse,544,0.369657354548889,1572,0.0173027989821883,2.77469478357381e-05
Reverse,545,0.370415557203924,1572,0.0173346055979644,2.77469478357381e-05
Reverse,546,0.371721057065014,1572,0.0173664122137405,2.77469478357381e-05
Reverse,547,0.372654710840625,1572,0.0173982188295165,2.77469478357381e-05
Reverse,548,0.372732104074994,1572,0.0174300254452926,2.77469478357381e-05
Reverse,549,0.373708595177172,1572,0.0174618320610687,2.77469478357381e-05
Reverse,550,0.374657897762723,1572,0.0174936386768448,2.77469478357381e-05
Reverse,551,0.375177103580308,1572,0.0175254452926209,2.77469478357381e-05
Reverse,552,0.375680149607441,1572,0.0175572519083969,2.77469478357381e-05
Reverse,553,0.375926956059434,1572,0.017589058524173,2.77469478357381e-05
Reverse,554,0.376107129910189,1572,0.0176208651399491,2.77469478357381e-05
Reverse,555,0.376813535897236,1572,0.0176526717557252,2.77469478357381e-05
Reverse,556,0.37711001887478,1572,0.0176844783715013,2.77469478357381e-05
Reverse,557,0.378064425521002,1572,0.0177162849872774,2.77469478357381e-05
Reverse,558,0.379040270198509,1572,0.0177480916030534,2.77469478357381e-05
Reverse,559,0.380483745311202,1572,0.0177798982188295,2.77469478357381e-05
Reverse,560,0.380931953653838,1572,0.0178117048346056,2.77469478357381e-05
Reverse,561,0.381036768421484,1572,0.0178435114503817,2.77469478357381e-05
Reverse,562,0.381036768421484,1572,0.0178753180661578,2.77469478357381e-05
Reverse,563,0.381252108095708,1572,0.0179071246819338,2.77469478357381e-05
Reverse,564,0.382784521747977,1572,0.0179389312977099,2.77469478357381e-05
Reverse,565,0.383308443742465,1572,0.017970737913486,2.77469478357381e-05
Reverse,566,0.38501971346769,1572,0.0180025445292621,2.77469478357381e-05
Reverse,567,0.385059759242245,1572,0.0180343511450382,2.77469478357381e-05
Reverse,568,0.385626670532741,1572,0.0180661577608143,2.77469478357381e-05
Reverse,569,0.387171776954895,1572,0.0180979643765903,2.77469478357381e-05
Reverse,570,0.388415099165173,1572,0.0181297709923664,2.77469478357381e-05
Reverse,571,0.388415099165173,1572,0.0181615776081425,2.77469478357381e-05
Reverse,572,0.38854268341455,1572,0.0181933842239186,2.77469478357381e-05
Reverse,573,0.388557383516097,1572,0.0182251908396947,2.77469478357381e-05
Reverse,574,0.389238478442572,1572,0.0182569974554707,2.77469478357381e-05
Reverse,575,0.389659714367376,1572,0.0182888040712468,2.77469478357381e-05
Reverse,576,0.389712573038566,1572,0.0183206106870229,2.77469478357381e-05
Reverse,577,0.389877954045878,1572,0.018352417302799,2.77469478357381e-05
Reverse,578,0.390710643587314,1572,0.0183842239185751,2.77469478357381e-05
Reverse,579,0.39198763105316,1572,0.0184160305343511,2.77469478357381e-05
Reverse,580,0.392429035971463,1572,0.0184478371501272,2.77469478357381e-05
Reverse,581,0.393295375532851,1572,0.0184796437659033,2.77469478357381e-05
Reverse,582,0.394650060012417,1572,0.0185114503816794,2.77469478357381e-05
Reverse,583,0.394798337805455,1572,0.0185432569974555,2.77469478357381e-05
Reverse,584,0.3952467084358,1572,0.0185750636132316,2.77469478357381e-05
Reverse,585,0.395287680392647,1572,0.0186068702290076,2.77469478357381e-05
Reverse,586,0.395440222545732,1572,0.0186386768447837,2.77469478357381e-05
Reverse,587,0.395984110491357,1572,0.0186704834605598,2.77469478357381e-05
Reverse,588,0.396930537639753,1572,0.0187022900763359,2.77469478357381e-05
Reverse,589,0.397120392143397,1572,0.018734096692112,2.77469478357381e-05
Reverse,590,0.397381406600648,1572,0.018765903307888,2.77469478357381e-05
Reverse,591,0.398488637160124,1572,0.0187977099236641,2.77469478357381e-05
Reverse,592,0.398912466728088,1572,0.0188295165394402,2.77469478357381e-05
Reverse,593,0.399021129932778,1572,0.0188613231552163,2.77469478357381e-05
Reverse,594,0.399979720926091,1572,0.0188931297709924,2.77469478357381e-05
Reverse,595,0.400287831007178,1572,0.0189249363867684,2.77469478357381e-05
Reverse,596,0.400650598558741,1572,0.0189567430025445,2.77469478357381e-05
Reverse,597,0.400757696376956,1572,0.0189885496183206,2.77469478357381e-05
Reverse,598,0.402880323430859,1572,0.0190203562340967,2.77469478357381e-05
Reverse,599,0.402895714627668,1572,0.0190521628498728,2.77469478357381e-05
Reverse,600,0.404033583213986,1572,0.0190839694656489,2.77469478357381e-05
Reverse,601,0.404180737525529,1572,0.0191157760814249,2.77469478357381e-05
Reverse,602,0.405357453965037,1572,0.019147582697201,2.77469478357381e-05
Reverse,603,0.405557105781668,1572,0.0191793893129771,2.77469478357381e-05
Reverse,604,0.40624866224567,1572,0.0192111959287532,2.77469478357381e-05
Reverse,605,0.406589247828883,1572,0.0192430025445293,2.77469478357381e-05
Reverse,606,0.406741221300779,1572,0.0192748091603053,2.77469478357381e-05
Reverse,607,0.408184314151408,1572,0.0193066157760814,2.77469478357381e-05
Reverse,608,0.40874809957236,1572,0.0193384223918575,2.77469478357381e-05
Reverse,609,0.408897729449252,1572,0.0193702290076336,2.77469478357381e-05
Reverse,610,0.409974941580208,1572,0.0194020356234097,2.77469478357381e-05
Reverse,611,0.411291468944758,1572,0.0194338422391858,2.77469478357381e-05
Reverse,612,0.411434430045316,1572,0.0194656488549618,2.77469478357381e-05
Reverse,613,0.411605338180085,1572,0.0194974554707379,2.77469478357381e-05
Reverse,614,0.412214348328894,1572,0.019529262086514,2.77469478357381e-05
Reverse,615,0.412846853329917,1572,0.0195610687022901,2.77469478357381e-05
Reverse,616,0.413667878006369,1572,0.0195928753180662,2.77469478357381e-05
Reverse,617,0.414979372003672,1572,0.0196246819338422,2.77469478357381e-05
Reverse,618,0.416599395733482,1572,0.0196564885496183,2.77469478357381e-05
Reverse,619,0.416747467143652,1572,0.0196882951653944,2.77469478357381e-05
Reverse,620,0.416811752118037,1572,0.0197201017811705,2.77469478357381e-05
Reverse,621,0.416818761621982,1572,0.0197519083969466,2.77469478357381e-05
Reverse,622,0.417439237979876,1572,0.0197837150127226,2.77469478357381e-05
Reverse,623,0.419161081254816,1572,0.0198155216284987,2.77469478357381e-05
Reverse,624,0.41940805541748,1572,0.0198473282442748,2.77469478357381e-05
Reverse,625,0.42112866589108,1572,0.0198791348600509,2.77469478357381e-05
Reverse,626,0.421324500541953,1572,0.019910941475827,2.77469478357381e-05
Reverse,627,0.422075410992123,1572,0.0199427480916031,2.77469478357381e-05
Reverse,628,0.42391372595292,1572,0.0199745547073791,2.77469478357381e-05
Reverse,629,0.424330126740738,1572,0.0200063613231552,2.77469478357381e-05
Reverse,630,0.424604637617689,1572,0.0200381679389313,2.77469478357381e-05
Reverse,631,0.42509592523415,1572,0.0200699745547074,2.77469478357381e-05
Reverse,632,0.427021220324043,1572,0.0201017811704835,2.77469478357381e-05
Reverse,633,0.427129552859792,1572,0.0201335877862595,2.77469478357381e-05
Reverse,634,0.427294732047204,1572,0.0201653944020356,2.77469478357381e-05
Reverse,635,0.427728216146495,1572,0.0201972010178117,2.77469478357381e-05
Reverse,636,0.427954995239127,1572,0.0202290076335878,2.77469478357381e-05
Reverse,637,0.427954995239127,1572,0.0202608142493639,2.77469478357381e-05
Reverse,638,0.4280449932558,1572,0.02029262086514,2.77469478357381e-05
Reverse,639,0.428156353778745,1572,0.020324427480916,2.77469478357381e-05
Reverse,640,0.428680032682915,1572,0.0203562340966921,2.77469478357381e-05
Reverse,641,0.429949039371805,1572,0.0203880407124682,2.77469478357381e-05
Reverse,642,0.43238483277895,1572,0.0204198473282443,2.77469478357381e-05
Reverse,643,0.432917553599508,1572,0.0204516539440204,2.77469478357381e-05
Reverse,644,0.433500867228232,1572,0.0204834605597964,2.77469478357381e-05
Reverse,645,0.434568081261646,1572,0.0205152671755725,2.77469478357381e-05
Reverse,646,0.434752048681694,1572,0.0205470737913486,2.77469478357381e-05
Reverse,647,0.435034104325804,1572,0.0205788804071247,2.77469478357381e-05
Reverse,648,0.435440507509443,1572,0.0206106870229008,2.77469478357381e-05
Reverse,649,0.435536306748947,1572,0.0206424936386768,2.77469478357381e-05
Reverse,650,0.435686080330912,1572,0.0206743002544529,2.77469478357381e-05
Reverse,651,0.435808437514115,1572,0.020706106870229,2.77469478357381e-05
Reverse,652,0.436347494614322,1572,0.0207379134860051,2.77469478357381e-05
Reverse,653,0.436489094454821,1572,0.0207697201017812,2.77469478357381e-05
Reverse,654,0.437126502882357,1572,0.0208015267175573,2.77469478357381e-05
Reverse,655,0.438906948563057,1572,0.0208333333333333,2.77469478357381e-05
Reverse,656,0.438910911165191,1572,0.0208651399491094,2.77469478357381e-05
Reverse,657,0.439038736950264,1572,0.0208969465648855,2.77469478357381e-05
Reverse,658,0.439444696168489,1572,0.0209287531806616,2.77469478357381e-05
Reverse,659,0.439805917909308,1572,0.0209605597964377,2.77469478357381e-05
Reverse,660,0.44105986605402,1572,0.0209923664122137,2.77469478357381e-05
Reverse,661,0.441379719900115,1572,0.0210241730279898,2.77469478357381e-05
Reverse,662,0.441665694701485,1572,0.0210559796437659,2.77469478357381e-05
Reverse,663,0.443211363567132,1572,0.021087786259542,2.77469478357381e-05
Reverse,664,0.443299175982051,1572,0.0211195928753181,2.77469478357381e-05
Reverse,665,0.443319158751103,1572,0.0211513994910941,2.77469478357381e-05
Reverse,666,0.443337735992212,1572,0.0211832061068702,2.77469478357381e-05
Reverse,667,0.443432530538881,1572,0.0212150127226463,2.77469478357381e-05
Reverse,668,0.445417747805873,1572,0.0212468193384224,2.77469478357381e-05
Reverse,669,0.445871706421712,1572,0.0212786259541985,2.77469478357381e-05
Reverse,670,0.445894005236109,1572,0.0213104325699746,2.77469478357381e-05
Reverse,671,0.445950794866323,1572,0.0213422391857506,2.77469478357381e-05
Reverse,672,0.446556048699342,1572,0.0213740458015267,2.77469478357381e-05
Reverse,673,0.44663431372534,1572,0.0214058524173028,2.77469478357381e-05
Reverse,674,0.448805570772628,1572,0.0214376590330789,2.77469478357381e-05
Reverse,675,0.449019299880381,1572,0.021469465648855,2.77469478357381e-05
Reverse,676,0.449800980241743,1572,0.021501272264631,2.77469478357381e-05
Reverse,677,0.449800980241743,1572,0.0215330788804071,2.77469478357381e-05
Reverse,678,0.453086905904606,1572,0.0215648854961832,2.77469478357381e-05
Reverse,679,0.454380527693901,1572,0.0215966921119593,2.77469478357381e-05
Reverse,680,0.456275632635548,1572,0.0216284987277354,2.77469478357381e-05
Reverse,681,0.457117664315468,1572,0.0216603053435115,2.77469478357381e-05
Reverse,682,0.457597763917534,1572,0.0216921119592875,2.77469478357381e-05
Reverse,683,0.459278386127081,1572,0.0217239185750636,2.77469478357381e-05
Reverse,684,0.459806537883216,1572,0.0217557251908397,2.77469478357381e-05
Reverse,685,0.459854659805631,1572,0.0217875318066158,2.77469478357381e-05
Reverse,686,0.461404750224379,1572,0.0218193384223919,2.77469478357381e-05
Reverse,687,0.462998551009001,1572,0.0218511450381679,2.77469478357381e-05
Reverse,688,0.463280870004827,1572,0.021882951653944,2.77469478357381e-05
Reverse,689,0.4640840364517,1572,0.0219147582697201,2.77469478357381e-05
Reverse,690,0.464189489391257,1572,0.0219465648854962,2.77469478357381e-05
Reverse,691,0.464353163244224,1572,0.0219783715012723,2.77469478357381e-05
Reverse,692,0.465035836270029,1572,0.0220101781170483,2.77469478357381e-05
Reverse,693,0.466340355949363,1572,0.0220419847328244,2.77469478357381e-05
Reverse,694,0.467203872581717,1572,0.0220737913486005,2.77469478357381e-05
Reverse,695,0.467642649617175,1572,0.0221055979643766,2.77469478357381e-05
Reverse,696,0.469086675542125,1572,0.0221374045801527,2.77469478357381e-05
Reverse,697,0.469446062138494,1572,0.0221692111959288,2.77469478357381e-05
Reverse,698,0.470549655318827,1572,0.0222010178117048,2.77469478357381e-05
Reverse,699,0.47149688604701,1572,0.0222328244274809,2.77469478357381e-05
Reverse,700,0.47266831490141,1572,0.022264631043257,2.77469478357381e-05
Reverse,701,0.47376097560562,1572,0.0222964376590331,2.77469478357381e-05
Reverse,702,0.476482922370829,1572,0.0223282442748092,2.77469478357381e-05
Reverse,703,0.477626630497219,1572,0.0223600508905852,2.77469478357381e-05
Reverse,704,0.477938744515363,1572,0.0223918575063613,2.77469478357381e-05
Reverse,705,0.477938744515363,1572,0.0224236641221374,2.77469478357381e-05
Reverse,706,0.477967088949661,1572,0.0224554707379135,2.77469478357381e-05
Reverse,707,0.478079828422229,1572,0.0224872773536896,2.77469478357381e-05
Reverse,708,0.479658896799029,1572,0.0225190839694656,2.77469478357381e-05
Reverse,709,0.480112844807925,1572,0.0225508905852417,2.77469478357381e-05
Reverse,710,0.480587922821495,1572,0.0225826972010178,2.77469478357381e-05
Reverse,711,0.481267153236484,1572,0.0226145038167939,2.77469478357381e-05
Reverse,712,0.481751207373929,1572,0.02264631043257,2.77469478357381e-05
Reverse,713,0.482360145354073,1572,0.0226781170483461,2.77469478357381e-05
Reverse,714,0.482639238364593,1572,0.0227099236641221,2.77469478357381e-05
Reverse,715,0.483363758600846,1572,0.0227417302798982,2.77469478357381e-05
Reverse,716,0.483492362580433,1572,0.0227735368956743,2.77469478357381e-05
Reverse,717,0.483523738277899,1572,0.0228053435114504,2.77469478357381e-05
Reverse,718,0.483523738277899,1572,0.0228371501272265,2.77469478357381e-05
Reverse,719,0.484594047206659,1572,0.0228689567430025,2.77469478357381e-05
Reverse,720,0.484617357953173,1572,0.0229007633587786,2.77469478357381e-05
Reverse,721,0.484647702873853,1572,0.0229325699745547,2.77469478357381e-05
Reverse,722,0.484700711256972,1572,0.0229643765903308,2.77469478357381e-05
Reverse,723,0.48560122336966,1572,0.0229961832061069,2.77469478357381e-05
Reverse,724,0.485717520747768,1572,0.023027989821883,2.77469478357381e-05
Reverse,725,0.4859996146052,1572,0.023059796437659,2.77469478357381e-05
Reverse,726,0.486035718540109,1572,0.0230916030534351,2.77469478357381e-05
Reverse,727,0.486198981314825,1572,0.0231234096692112,2.77469478357381e-05
Reverse,728,0.486321486252236,1572,0.0231552162849873,2.77469478357381e-05
Reverse,729,0.487537651505442,1572,0.0231870229007634,2.77469478357381e-05
Reverse,730,0.487862326658732,1572,0.0232188295165394,2.77469478357381e-05
Reverse,731,0.488828317358612,1572,0.0232506361323155,2.77469478357381e-05
Reverse,732,0.4893107666797,1572,0.0232824427480916,2.77469478357381e-05
Reverse,733,0.490297362855034,1572,0.0233142493638677,2.77469478357381e-05
Reverse,734,0.491005989600661,1572,0.0233460559796438,2.77469478357381e-05
Reverse,735,0.491477664027835,1572,0.0233778625954198,2.77469478357381e-05
Reverse,736,0.491901552071766,1572,0.0234096692111959,2.77469478357381e-05
Reverse,737,0.493141574580075,1572,0.023441475826972,2.77469478357381e-05
Reverse,738,0.493153103520415,1572,0.0234732824427481,2.77469478357381e-05
Reverse,739,0.493330657519446,1572,0.0235050890585242,2.77469478357381e-05
Reverse,740,0.4936654621987,1572,0.0235368956743003,2.77469478357381e-05
Reverse,741,0.494415538951872,1572,0.0235687022900763,2.77469478357381e-05
Reverse,742,0.49460024659417,1572,0.0236005089058524,2.77469478357381e-05
Reverse,743,0.495065330668137,1572,0.0236323155216285,2.77469478357381e-05
Reverse,744,0.495476927046599,1572,0.0236641221374046,2.77469478357381e-05
Reverse,745,0.497513495636845,1572,0.0236959287531807,2.77469478357381e-05
Reverse,746,0.498258350928446,1572,0.0237277353689567,2.77469478357381e-05
Reverse,747,0.498287227177778,1572,0.0237595419847328,2.77469478357381e-05
Reverse,748,0.498353743677999,1572,0.0237913486005089,2.77469478357381e-05
Reverse,749,0.498774381878384,1572,0.023823155216285,2.77469478357381e-05
Reverse,750,0.499077971813441,1572,0.0238549618320611,2.77469478357381e-05
Reverse,751,0.499787938227077,1572,0.0238867684478372,2.77469478357381e-05
Reverse,752,0.499971302383914,1572,0.0239185750636132,2.77469478357381e-05
Reverse,753,0.499984939945727,1572,0.0239503816793893,2.77469478357381e-05
Reverse,754,0.500996401343443,1572,0.0239821882951654,2.77469478357381e-05
Reverse,755,0.501661755201994,1572,0.0240139949109415,2.77469478357381e-05
Reverse,756,0.502886577641439,1572,0.0240458015267176,2.77469478357381e-05
Reverse,757,0.503445822548041,1572,0.0240776081424936,2.77469478357381e-05
Reverse,758,0.503873118834731,1572,0.0241094147582697,2.77469478357381e-05
Reverse,759,0.503971191941674,1572,0.0241412213740458,2.77469478357381e-05
Reverse,760,0.505573013091747,1572,0.0241730279898219,2.77469478357381e-05
Reverse,761,0.50582303342689,1572,0.024204834605598,2.77469478357381e-05
Reverse,762,0.506149237546153,1572,0.024236641221374,2.77469478357381e-05
Reverse,763,0.507197774393437,1572,0.0242684478371501,2.77469478357381e-05
Reverse,764,0.50766609405161,1572,0.0243002544529262,2.77469478357381e-05
Reverse,765,0.508006858474124,1572,0.0243320610687023,2.77469478357381e-05
Reverse,766,0.508286969186946,1572,0.0243638676844784,2.77469478357381e-05
Reverse,767,0.509419758656053,1572,0.0243956743002545,2.77469478357381e-05
Reverse,768,0.509493016682235,1572,0.0244274809160305,2.77469478357381e-05
Reverse,769,0.509628302563638,1572,0.0244592875318066,2.77469478357381e-05
Reverse,770,0.509780288436667,1572,0.0244910941475827,2.77469478357381e-05
Reverse,771,0.509892560526302,1572,0.0245229007633588,2.77469478357381e-05
Reverse,772,0.510188672256853,1572,0.0245547073791349,2.77469478357381e-05
Reverse,773,0.510285813511934,1572,0.0245865139949109,2.77469478357381e-05
Reverse,774,0.510486078540083,1572,0.024618320610687,2.77469478357381e-05
Reverse,775,0.510824170880851,1572,0.0246501272264631,2.77469478357381e-05
Reverse,776,0.512075690881271,1572,0.0246819338422392,2.77469478357381e-05
Reverse,777,0.512179291044561,1572,0.0247137404580153,2.77469478357381e-05
Reverse,778,0.512502115056206,1572,0.0247455470737914,2.77469478357381e-05
Reverse,779,0.513304242667447,1572,0.0247773536895674,2.77469478357381e-05
Reverse,780,0.514010909584657,1572,0.0248091603053435,2.77469478357381e-05
Reverse,781,0.515366615106514,1572,0.0248409669211196,2.77469478357381e-05
Reverse,782,0.516245934745785,1572,0.0248727735368957,2.77469478357381e-05
Reverse,783,0.518043321911952,1572,0.0249045801526718,2.77469478357381e-05
Reverse,784,0.518776647715322,1572,0.0249363867684478,2.77469478357381e-05
Reverse,785,0.519159525369926,1572,0.0249681933842239,2.77469478357381e-05
Reverse,786,0.519159525369926,1572,0.025,2.77469478357381e-05
Reverse,787,0.519534311527011,1572,0.0250318066157761,2.77469478357381e-05
Reverse,788,0.520017895832761,1572,0.0250636132315522,2.77469478357381e-05
Reverse,789,0.520514096355892,1572,0.0250954198473282,2.77469478357381e-05
Reverse,790,0.521673586985084,1572,0.0251272264631043,2.77469478357381e-05
Reverse,791,0.521965405868747,1572,0.0251590330788804,2.77469478357381e-05
Reverse,792,0.522132895705242,1572,0.0251908396946565,2.77469478357381e-05
Reverse,793,0.522321913108833,1572,0.0252226463104326,2.77469478357381e-05
Reverse,794,0.523584792799874,1572,0.0252544529262087,2.77469478357381e-05
Reverse,795,0.523870540693307,1572,0.0252862595419847,2.77469478357381e-05
Reverse,796,0.524253249698734,1572,0.0253180661577608,2.77469478357381e-05
Reverse,797,0.524374767260959,1572,0.0253498727735369,2.77469478357381e-05
Reverse,798,0.52605972652456,1572,0.025381679389313,2.77469478357381e-05
Reverse,799,0.526454005120041,1572,0.0254134860050891,2.77469478357381e-05
Reverse,800,0.528875274632855,1572,0.0254452926208651,2.77469478357381e-05
Reverse,801,0.52912440206958,1572,0.0254770992366412,2.77469478357381e-05
Reverse,802,0.529637471086068,1572,0.0255089058524173,2.77469478357381e-05
Reverse,803,0.529637471086068,1572,0.0255407124681934,2.77469478357381e-05
Reverse,804,0.531495501643403,1572,0.0255725190839695,2.77469478357381e-05
Reverse,805,0.531933477536389,1572,0.0256043256997455,2.77469478357381e-05
Reverse,806,0.532870919630619,1572,0.0256361323155216,2.77469478357381e-05
Reverse,807,0.534882292450456,1572,0.0256679389312977,2.77469478357381e-05
Reverse,808,0.534898448446773,1572,0.0256997455470738,2.77469478357381e-05
Reverse,809,0.535378348618738,1572,0.0257315521628499,2.77469478357381e-05
Reverse,810,0.535505758299402,1572,0.025763358778626,2.77469478357381e-05
Reverse,811,0.536158244188122,1572,0.025795165394402,2.77469478357381e-05
Reverse,812,0.536386997930591,1572,0.0258269720101781,2.77469478357381e-05
Reverse,813,0.536989112563079,1572,0.0258587786259542,2.77469478357381e-05
Reverse,814,0.5370874067449,1572,0.0258905852417303,2.77469478357381e-05
Reverse,815,0.537443315288345,1572,0.0259223918575064,2.77469478357381e-05
Reverse,816,0.537558863009442,1572,0.0259541984732824,2.77469478357381e-05
Reverse,817,0.537871502141722,1572,0.0259860050890585,2.77469478357381e-05
Reverse,818,0.538265832183125,1572,0.0260178117048346,2.77469478357381e-05
Reverse,819,0.538358615599177,1572,0.0260496183206107,2.77469478357381e-05
Reverse,820,0.538358615599177,1572,0.0260814249363868,2.77469478357381e-05
Reverse,821,0.539126830013722,1572,0.0261132315521629,2.77469478357381e-05
Reverse,822,0.539273312084803,1572,0.0261450381679389,2.77469478357381e-05
Reverse,823,0.539736838552995,1572,0.026176844783715,2.77469478357381e-05
Reverse,824,0.539740403520488,1572,0.0262086513994911,2.77469478357381e-05
Reverse,825,0.540606149384031,1572,0.0262404580152672,2.77469478357381e-05
Reverse,826,0.540983169418869,1572,0.0262722646310433,2.77469478357381e-05
Reverse,827,0.541044880621797,1572,0.0263040712468193,2.77469478357381e-05
Reverse,828,0.541064982799926,1572,0.0263358778625954,2.77469478357381e-05
Reverse,829,0.543523023474322,1572,0.0263676844783715,2.77469478357381e-05
Reverse,830,0.543916487766528,1572,0.0263994910941476,2.77469478357381e-05
Reverse,831,0.544318794622358,1572,0.0264312977099237,2.77469478357381e-05
Reverse,832,0.545423410327674,1572,0.0264631043256997,2.77469478357381e-05
Reverse,833,0.545463561082316,1572,0.0264949109414758,2.77469478357381e-05
Reverse,834,0.545714016432286,1572,0.0265267175572519,2.77469478357381e-05
Reverse,835,0.54583528182401,1572,0.026558524173028,2.77469478357381e-05
Reverse,836,0.546713324645566,1572,0.0265903307888041,2.77469478357381e-05
Reverse,837,0.548972364094165,1572,0.0266221374045802,2.77469478357381e-05
Reverse,838,0.550202408026823,1572,0.0266539440203562,2.77469478357381e-05
Reverse,839,0.550708573490251,1572,0.0266857506361323,2.77469478357381e-05
Reverse,840,0.551110247659089,1572,0.0267175572519084,2.77469478357381e-05
Reverse,841,0.551556051331532,1572,0.0267493638676845,2.77469478357381e-05
Reverse,842,0.551806535055497,1572,0.0267811704834606,2.77469478357381e-05
Reverse,843,0.552862726365108,1572,0.0268129770992366,2.77469478357381e-05
Reverse,844,0.554608413199986,1572,0.0268447837150127,2.77469478357381e-05
Reverse,845,0.554740815386209,1572,0.0268765903307888,2.77469478357381e-05
Reverse,846,0.555304851569043,1572,0.0269083969465649,2.77469478357381e-05
Reverse,847,0.555318353165059,1572,0.026940203562341,2.77469478357381e-05
Reverse,848,0.555318353165059,1572,0.0269720101781171,2.77469478357381e-05
Reverse,849,0.555318353165059,1572,0.0270038167938931,2.77469478357381e-05
Reverse,850,0.55619521162841,1572,0.0270356234096692,2.77469478357381e-05
Reverse,851,0.557036913475317,1572,0.0270674300254453,2.77469478357381e-05
Reverse,852,0.557284955262851,1572,0.0270992366412214,2.77469478357381e-05
Reverse,853,0.557441718504132,1572,0.0271310432569975,2.77469478357381e-05
Reverse,854,0.559195565132051,1572,0.0271628498727735,2.77469478357381e-05
Reverse,855,0.559974829270806,1572,0.0271946564885496,2.77469478357381e-05
Reverse,856,0.5607580826477,1572,0.0272264631043257,2.77469478357381e-05
Reverse,857,0.560799321937233,1572,0.0272582697201018,2.77469478357381e-05
Reverse,858,0.56191327417741,1572,0.0272900763358779,2.77469478357381e-05
Reverse,859,0.562026201835723,1572,0.0273218829516539,2.77469478357381e-05
Reverse,860,0.562600380870516,1572,0.02735368956743,2.77469478357381e-05
Reverse,861,0.562665519603621,1572,0.0273854961832061,2.77469478357381e-05
Reverse,862,0.562947641713105,1572,0.0274173027989822,2.77469478357381e-05
Reverse,863,0.563969339165338,1572,0.0274491094147583,2.77469478357381e-05
Reverse,864,0.564209645023179,1572,0.0274809160305344,2.77469478357381e-05
Reverse,865,0.564934816439359,1572,0.0275127226463104,2.77469478357381e-05
Reverse,866,0.566193298882152,1572,0.0275445292620865,2.77469478357381e-05
Reverse,867,0.566483178735748,1572,0.0275763358778626,2.77469478357381e-05
Reverse,868,0.567731755118187,1572,0.0276081424936387,2.77469478357381e-05
Reverse,869,0.56832819387234,1572,0.0276399491094148,2.77469478357381e-05
Reverse,870,0.568775327322885,1572,0.0276717557251908,2.77469478357381e-05
Reverse,871,0.568837110289729,1572,0.0277035623409669,2.77469478357381e-05
Reverse,872,0.568906865508532,1572,0.027735368956743,2.77469478357381e-05
Reverse,873,0.569696170109397,1572,0.0277671755725191,2.77469478357381e-05
Reverse,874,0.57045708457636,1572,0.0277989821882952,2.77469478357381e-05
Reverse,875,0.570506317474135,1572,0.0278307888040712,2.77469478357381e-05
Reverse,876,0.570511587141022,1572,0.0278625954198473,2.77469478357381e-05
Reverse,877,0.571484456018874,1572,0.0278944020356234,2.77469478357381e-05
Reverse,878,0.571910434523955,1572,0.0279262086513995,2.77469478357381e-05
Reverse,879,0.572358148208728,1572,0.0279580152671756,2.77469478357381e-05
Reverse,880,0.572397625624323,1572,0.0279898218829517,2.77469478357381e-05
Reverse,881,0.572664228939883,1572,0.0280216284987277,2.77469478357381e-05
Reverse,882,0.573265154918948,1572,0.0280534351145038,2.77469478357381e-05
Reverse,883,0.573562656859553,1572,0.0280852417302799,2.77469478357381e-05
Reverse,884,0.574437362131022,1572,0.028117048346056,2.77469478357381e-05
Reverse,885,0.574512653613364,1572,0.0281488549618321,2.77469478357381e-05
Reverse,886,0.575598510578885,1572,0.0281806615776081,2.77469478357381e-05
Reverse,887,0.577021404947432,1572,0.0282124681933842,2.77469478357381e-05
Reverse,888,0.578302055912095,1572,0.0282442748091603,2.77469478357381e-05
Reverse,889,0.579777681901695,1572,0.0282760814249364,2.77469478357381e-05
Reverse,890,0.580096399276066,1572,0.0283078880407125,2.77469478357381e-05
Reverse,891,0.580116560374704,1572,0.0283396946564886,2.77469478357381e-05
Reverse,892,0.580116560374704,1572,0.0283715012722646,2.77469478357381e-05
Reverse,893,0.580247694212173,1572,0.0284033078880407,2.77469478357381e-05
Reverse,894,0.580247694212173,1572,0.0284351145038168,2.77469478357381e-05
Reverse,895,0.580802128614533,1572,0.0284669211195929,2.77469478357381e-05
Reverse,896,0.58113254102891,1572,0.028498727735369,2.77469478357381e-05
Reverse,897,0.584348575174022,1572,0.028530534351145,2.77469478357381e-05
Reverse,898,0.585109001218611,1572,0.0285623409669211,2.77469478357381e-05
Reverse,899,0.585133066691448,1572,0.0285941475826972,2.77469478357381e-05
Reverse,900,0.585426353001394,1572,0.0286259541984733,2.77469478357381e-05
Reverse,901,0.585426353001394,1572,0.0286577608142494,2.77469478357381e-05
Reverse,902,0.586889381412062,1572,0.0286895674300254,2.77469478357381e-05
Reverse,903,0.587099601627478,1572,0.0287213740458015,2.77469478357381e-05
Reverse,904,0.587099601627478,1572,0.0287531806615776,2.77469478357381e-05
Reverse,905,0.587873138618377,1572,0.0287849872773537,2.77469478357381e-05
Reverse,906,0.588419807899608,1572,0.0288167938931298,2.77469478357381e-05
Reverse,907,0.58868342815452,1572,0.0288486005089059,2.77469478357381e-05
Reverse,908,0.58868342815452,1572,0.0288804071246819,2.77469478357381e-05
Reverse,909,0.58868342815452,1572,0.028912213740458,2.77469478357381e-05
Reverse,910,0.58868342815452,1572,0.0289440203562341,2.77469478357381e-05
Reverse,911,0.589339754877062,1572,0.0289758269720102,2.77469478357381e-05
Reverse,912,0.590089766725563,1572,0.0290076335877863,2.77469478357381e-05
Reverse,913,0.590309697872773,1572,0.0290394402035623,2.77469478357381e-05
Reverse,914,0.590780575613997,1572,0.0290712468193384,2.77469478357381e-05
Reverse,915,0.591347668020109,1572,0.0291030534351145,2.77469478357381e-05
Reverse,916,0.591805579277103,1572,0.0291348600508906,2.77469478357381e-05
Reverse,917,0.592120136359662,1572,0.0291666666666667,2.77469478357381e-05
Reverse,918,0.592389523259426,1572,0.0291984732824428,2.77469478357381e-05
Reverse,919,0.593934960297269,1572,0.0292302798982188,2.77469478357381e-05
Reverse,920,0.594414136759303,1572,0.0292620865139949,2.77469478357381e-05
Reverse,921,0.594414136759303,1572,0.029293893129771,2.77469478357381e-05
Reverse,922,0.595013447315153,1572,0.0293256997455471,2.77469478357381e-05
Reverse,923,0.596244954543515,1572,0.0293575063613232,2.77469478357381e-05
Reverse,924,0.597137935882657,1572,0.0293893129770992,2.77469478357381e-05
Reverse,925,0.597315960885478,1572,0.0294211195928753,2.77469478357381e-05
Reverse,926,0.59764570210842,1572,0.0294529262086514,2.77469478357381e-05
Reverse,927,0.597778806808481,1572,0.0294847328244275,2.77469478357381e-05
Reverse,928,0.598865219801323,1572,0.0295165394402036,2.77469478357381e-05
Reverse,929,0.599263294806748,1572,0.0295483460559796,2.77469478357381e-05
Reverse,930,0.599548428811391,1572,0.0295801526717557,2.77469478357381e-05
Reverse,931,0.599683335785853,1572,0.0296119592875318,2.77469478357381e-05
Reverse,932,0.600670960408839,1572,0.0296437659033079,2.77469478357381e-05
Reverse,933,0.601363978502604,1572,0.029675572519084,2.77469478357381e-05
Reverse,934,0.601363978502604,1572,0.0297073791348601,2.77469478357381e-05
Reverse,935,0.602249312143639,1572,0.0297391857506361,2.77469478357381e-05
Reverse,936,0.602510895931899,1572,0.0297709923664122,2.77469478357381e-05
Reverse,937,0.602798010369645,1572,0.0298027989821883,2.77469478357381e-05
Reverse,938,0.60297979553611,1572,0.0298346055979644,2.77469478357381e-05
Reverse,939,0.604381889031955,1572,0.0298664122137405,2.77469478357381e-05
Reverse,940,0.604554439490306,1572,0.0298982188295165,2.77469478357381e-05
Reverse,941,0.604756172707674,1572,0.0299300254452926,2.77469478357381e-05
Reverse,942,0.605598432744823,1572,0.0299618320610687,2.77469478357381e-05
Reverse,943,0.606687098766622,1572,0.0299936386768448,2.77469478357381e-05
Reverse,944,0.606752571976255,1572,0.0300254452926209,2.77469478357381e-05
Reverse,945,0.606830328044961,1572,0.0300572519083969,2.77469478357381e-05
Reverse,946,0.608591948420429,1572,0.030089058524173,2.77469478357381e-05
Reverse,947,0.609805574025444,1572,0.0301208651399491,2.77469478357381e-05
Reverse,948,0.6109525801039,1572,0.0301526717557252,2.77469478357381e-05
Reverse,949,0.612330070314493,1572,0.0301844783715013,2.77469478357381e-05
Reverse,950,0.612559286708868,1572,0.0302162849872774,2.77469478357381e-05
Reverse,951,0.613218746253157,1572,0.0302480916030534,2.77469478357381e-05
Reverse,952,0.613218746253157,1572,0.0302798982188295,2.77469478357381e-05
Reverse,953,0.613417279743952,1572,0.0303117048346056,2.77469478357381e-05
Reverse,954,0.614014984594898,1572,0.0303435114503817,2.77469478357381e-05
Reverse,955,0.614102419924029,1572,0.0303753180661578,2.77469478357381e-05
Reverse,956,0.614214675331712,1572,0.0304071246819338,2.77469478357381e-05
Reverse,957,0.614419551908135,1572,0.0304389312977099,2.77469478357381e-05
Reverse,958,0.615513150383672,1572,0.030470737913486,2.77469478357381e-05
Reverse,959,0.616098914812627,1572,0.0305025445292621,2.77469478357381e-05
Reverse,960,0.616261203621205,1572,0.0305343511450382,2.77469478357381e-05
Reverse,961,0.616586686954545,1572,0.0305661577608143,2.77469478357381e-05
Reverse,962,0.617405105471766,1572,0.0305979643765903,2.77469478357381e-05
Reverse,963,0.617994494317953,1572,0.0306297709923664,2.77469478357381e-05
Reverse,964,0.61836387345834,1572,0.0306615776081425,2.77469478357381e-05
Reverse,965,0.618502944055041,1572,0.0306933842239186,2.77469478357381e-05
Reverse,966,0.618535574111985,1572,0.0307251908396947,2.77469478357381e-05
Reverse,967,0.61867235929502,1572,0.0307569974554707,2.77469478357381e-05
Reverse,968,0.620735435935538,1572,0.0307888040712468,2.77469478357381e-05
Reverse,969,0.621054255761463,1572,0.0308206106870229,2.77469478357381e-05
Reverse,970,0.621591588566692,1572,0.030852417302799,2.77469478357381e-05
Reverse,971,0.621687386006782,1572,0.0308842239185751,2.77469478357381e-05
Reverse,972,0.621740416767168,1572,0.0309160305343511,2.77469478357381e-05
Reverse,973,0.622070067147873,1572,0.0309478371501272,2.77469478357381e-05
Reverse,974,0.623263569776627,1572,0.0309796437659033,2.77469478357381e-05
Reverse,975,0.623985941283576,1572,0.0310114503816794,2.77469478357381e-05
Reverse,976,0.623985941283576,1572,0.0310432569974555,2.77469478357381e-05
Reverse,977,0.624796973083276,1572,0.0310750636132316,2.77469478357381e-05
Reverse,978,0.625088025082778,1572,0.0311068702290076,2.77469478357381e-05
Reverse,979,0.625112309066176,1572,0.0311386768447837,2.77469478357381e-05
Reverse,980,0.625147114394803,1572,0.0311704834605598,2.77469478357381e-05
Reverse,981,0.625381218481421,1572,0.0312022900763359,2.77469478357381e-05
Reverse,982,0.625739541529259,1572,0.031234096692112,2.77469478357381e-05
Reverse,983,0.626045012642746,1572,0.031265903307888,2.77469478357381e-05
Reverse,984,0.627993126348277,1572,0.0312977099236641,2.77469478357381e-05
Reverse,985,0.628975612837401,1572,0.0313295165394402,2.77469478357381e-05
Reverse,986,0.629490188453505,1572,0.0313613231552163,2.77469478357381e-05
Reverse,987,0.630087005750706,1572,0.0313931297709924,2.77469478357381e-05
Reverse,988,0.631596851660187,1572,0.0314249363867685,2.77469478357381e-05
Reverse,989,0.632724765060676,1572,0.0314567430025445,2.77469478357381e-05
Reverse,990,0.633490087074203,1572,0.0314885496183206,2.77469478357381e-05
Reverse,991,0.634100481089716,1572,0.0315203562340967,2.77469478357381e-05
Reverse,992,0.635130816015697,1572,0.0315521628498728,2.77469478357381e-05
Reverse,993,0.635354007908896,1572,0.0315839694656489,2.77469478357381e-05
Reverse,994,0.637584040423487,1572,0.0316157760814249,2.77469478357381e-05
Reverse,995,0.637663292742289,1572,0.031647582697201,2.77469478357381e-05
Reverse,996,0.637971146369652,1572,0.0316793893129771,2.77469478357381e-05
Reverse,997,0.638603385404235,1572,0.0317111959287532,2.77469478357381e-05
Reverse,998,0.63862878779849,1572,0.0317430025445293,2.77469478357381e-05
Reverse,999,0.638957814780007,1572,0.0317748091603053,2.77469478357381e-05
Reverse,1000,0.640350490913582,1572,0.0318066157760814,2.77469478357381e-05
Reverse,1001,0.640736070004755,1572,0.0318384223918575,2.77469478357381e-05
Reverse,1002,0.640736070004755,1572,0.0318702290076336,2.77469478357381e-05
Reverse,1003,0.641139102935199,1572,0.0319020356234097,2.77469478357381e-05
Reverse,1004,0.642581579163697,1572,0.0319338422391858,2.77469478357381e-05
Reverse,1005,0.642647325332274,1572,0.0319656488549618,2.77469478357381e-05
Reverse,1006,0.642961871155496,1572,0.0319974554707379,2.77469478357381e-05
Reverse,1007,0.643221709512612,1572,0.032029262086514,2.77469478357381e-05
Reverse,1008,0.644331749803527,1572,0.0320610687022901,2.77469478357381e-05
Reverse,1009,0.644331749803527,1572,0.0320928753180662,2.77469478357381e-05
Reverse,1010,0.645319039273077,1572,0.0321246819338422,2.77469478357381e-05
Reverse,1011,0.645451584140709,1572,0.0321564885496183,2.77469478357381e-05
Reverse,1012,0.645475458320582,1572,0.0321882951653944,2.77469478357381e-05
Reverse,1013,0.646729842027728,1572,0.0322201017811705,2.77469478357381e-05
Reverse,1014,0.647875298085129,1572,0.0322519083969466,2.77469478357381e-05
Reverse,1015,0.648854399807215,1572,0.0322837150127226,2.77469478357381e-05
Reverse,1016,0.649387600136257,1572,0.0323155216284987,2.77469478357381e-05
Reverse,1017,0.649464818875313,1572,0.0323473282442748,2.77469478357381e-05
Reverse,1018,0.649620806480564,1572,0.0323791348600509,2.77469478357381e-05
Reverse,1019,0.649786659046574,1572,0.032410941475827,2.77469478357381e-05
Reverse,1020,0.650124912443951,1572,0.0324427480916031,2.77469478357381e-05
Reverse,1021,0.650511374680439,1572,0.0324745547073791,2.77469478357381e-05
Reverse,1022,0.650779604539675,1572,0.0325063613231552,2.77469478357381e-05
Reverse,1023,0.650952241003657,1572,0.0325381679389313,2.77469478357381e-05
Reverse,1024,0.651755344676678,1572,0.0325699745547074,2.77469478357381e-05
Reverse,1025,0.652296703416693,1572,0.0326017811704835,2.77469478357381e-05
Reverse,1026,0.652310694395091,1572,0.0326335877862595,2.77469478357381e-05
Reverse,1027,0.652563515321617,1572,0.0326653944020356,2.77469478357381e-05
Reverse,1028,0.652618047588997,1572,0.0326972010178117,2.77469478357381e-05
Reverse,1029,0.653312806196413,1572,0.0327290076335878,2.77469478357381e-05
Reverse,1030,0.653316408297392,1572,0.0327608142493639,2.77469478357381e-05
Reverse,1031,0.65333820144137,1572,0.03279262086514,2.77469478357381e-05
Reverse,1032,0.65360652711619,1572,0.032824427480916,2.77469478357381e-05
Reverse,1033,0.653748043641,1572,0.0328562340966921,2.77469478357381e-05
Reverse,1034,0.655206353955872,1572,0.0328880407124682,2.77469478357381e-05
Reverse,1035,0.6569383543621,1572,0.0329198473282443,2.77469478357381e-05
Reverse,1036,0.657044521746172,1572,0.0329516539440204,2.77469478357381e-05
Reverse,1037,0.657092253664821,1572,0.0329834605597964,2.77469478357381e-05
Reverse,1038,0.657242925392828,1572,0.0330152671755725,2.77469478357381e-05
Reverse,1039,0.658376071399043,1572,0.0330470737913486,2.77469478357381e-05
Reverse,1040,0.659074230238475,1572,0.0330788804071247,2.77469478357381e-05
Reverse,1041,0.659591176196008,1572,0.0331106870229008,2.77469478357381e-05
Reverse,1042,0.659786898662626,1572,0.0331424936386768,2.77469478357381e-05
Reverse,1043,0.659786898662626,1572,0.0331743002544529,2.77469478357381e-05
Reverse,1044,0.660710071705833,1572,0.033206106870229,2.77469478357381e-05
Reverse,1045,0.661434583758511,1572,0.0332379134860051,2.77469478357381e-05
Reverse,1046,0.661509952159971,1572,0.0332697201017812,2.77469478357381e-05
Reverse,1047,0.663001271249917,1572,0.0333015267175573,2.77469478357381e-05
Reverse,1048,0.66344524801232,1572,0.0333333333333333,2.77469478357381e-05
Reverse,1049,0.663506026626553,1572,0.0333651399491094,2.77469478357381e-05
Reverse,1050,0.663976213239378,1572,0.0333969465648855,2.77469478357381e-05
Reverse,1051,0.664027530745638,1572,0.0334287531806616,2.77469478357381e-05
Reverse,1052,0.664037117955663,1572,0.0334605597964377,2.77469478357381e-05
Reverse,1053,0.665028816272684,1572,0.0334923664122137,2.77469478357381e-05
Reverse,1054,0.666762864593635,1572,0.0335241730279898,2.77469478357381e-05
Reverse,1055,0.668031443633105,1572,0.0335559796437659,2.77469478357381e-05
Reverse,1056,0.669269878352069,1572,0.033587786259542,2.77469478357381e-05
Reverse,1057,0.670372255249635,1572,0.0336195928753181,2.77469478357381e-05
Reverse,1058,0.670803995360684,1572,0.0336513994910942,2.77469478357381e-05
Reverse,1059,0.671299131436524,1572,0.0336832061068702,2.77469478357381e-05
Reverse,1060,0.671503020380941,1572,0.0337150127226463,2.77469478357381e-05
Reverse,1061,0.671522941591818,1572,0.0337468193384224,2.77469478357381e-05
Reverse,1062,0.67181152191983,1572,0.0337786259541985,2.77469478357381e-05
Reverse,1063,0.671850741338815,1572,0.0338104325699746,2.77469478357381e-05
Reverse,1064,0.672725302876339,1572,0.0338422391857506,2.77469478357381e-05
Reverse,1065,0.673847909959448,1572,0.0338740458015267,2.77469478357381e-05
Reverse,1066,0.673898830813103,1572,0.0339058524173028,2.77469478357381e-05
Reverse,1067,0.674873147662487,1572,0.0339376590330789,2.77469478357381e-05
Reverse,1068,0.67578172183742,1572,0.033969465648855,2.77469478357381e-05
Reverse,1069,0.678902368751772,1572,0.034001272264631,2.77469478357381e-05
Reverse,1070,0.680107750919783,1572,0.0340330788804071,2.77469478357381e-05
Reverse,1071,0.680295412806678,1572,0.0340648854961832,2.77469478357381e-05
Reverse,1072,0.680631785600816,1572,0.0340966921119593,2.77469478357381e-05
Reverse,1073,0.681796480801354,1572,0.0341284987277354,2.77469478357381e-05
Reverse,1074,0.681887719702764,1572,0.0341603053435115,2.77469478357381e-05
Reverse,1075,0.682465383589391,1572,0.0341921119592875,2.77469478357381e-05
Reverse,1076,0.682781916439704,1572,0.0342239185750636,2.77469478357381e-05
Reverse,1077,0.684753971029306,1572,0.0342557251908397,2.77469478357381e-05
Reverse,1078,0.685132386498437,1572,0.0342875318066158,2.77469478357381e-05
Reverse,1079,0.685347834926786,1572,0.0343193384223919,2.77469478357381e-05
Reverse,1080,0.685476409540833,1572,0.0343511450381679,2.77469478357381e-05
Reverse,1081,0.685489036592801,1572,0.034382951653944,2.77469478357381e-05
Reverse,1082,0.687718916305952,1572,0.0344147582697201,2.77469478357381e-05
Reverse,1083,0.68802952903643,1572,0.0344465648854962,2.77469478357381e-05
Reverse,1084,0.688542694965991,1572,0.0344783715012723,2.77469478357381e-05
Reverse,1085,0.689628167044309,1572,0.0345101781170483,2.77469478357381e-05
Reverse,1086,0.690020216714412,1572,0.0345419847328244,2.77469478357381e-05
Reverse,1087,0.690412131742568,1572,0.0345737913486005,2.77469478357381e-05
Reverse,1088,0.691794174000638,1572,0.0346055979643766,2.77469478357381e-05
Reverse,1089,0.692080769540886,1572,0.0346374045801527,2.77469478357381e-05
Reverse,1090,0.693369556645686,1572,0.0346692111959288,2.77469478357381e-05
Reverse,1091,0.694727881147966,1572,0.0347010178117048,2.77469478357381e-05
Reverse,1092,0.695312096164095,1572,0.0347328244274809,2.77469478357381e-05
Reverse,1093,0.696202307400074,1572,0.034764631043257,2.77469478357381e-05
Reverse,1094,0.6962256149404,1572,0.0347964376590331,2.77469478357381e-05
Reverse,1095,0.696584751911028,1572,0.0348282442748092,2.77469478357381e-05
Reverse,1096,0.696637362871316,1572,0.0348600508905852,2.77469478357381e-05
Reverse,1097,0.696799311841699,1572,0.0348918575063613,2.77469478357381e-05
Reverse,1098,0.697005009619434,1572,0.0349236641221374,2.77469478357381e-05
Reverse,1099,0.698076727986646,1572,0.0349554707379135,2.77469478357381e-05
Reverse,1100,0.699240253119551,1572,0.0349872773536896,2.77469478357381e-05
Reverse,1101,0.700704762434852,1572,0.0350190839694657,2.77469478357381e-05
Reverse,1102,0.701407093808982,1572,0.0350508905852417,2.77469478357381e-05
Reverse,1103,0.701811055102279,1572,0.0350826972010178,2.77469478357381e-05
Reverse,1104,0.702262233777182,1572,0.0351145038167939,2.77469478357381e-05
Reverse,1105,0.703144985564663,1572,0.03514631043257,2.77469478357381e-05
Reverse,1106,0.703268074652252,1572,0.0351781170483461,2.77469478357381e-05
Reverse,1107,0.703268074652252,1572,0.0352099236641221,2.77469478357381e-05
Reverse,1108,0.704181844451616,1572,0.0352417302798982,2.77469478357381e-05
Reverse,1109,0.704214276923228,1572,0.0352735368956743,2.77469478357381e-05
Reverse,1110,0.704492998684447,1572,0.0353053435114504,2.77469478357381e-05
Reverse,1111,0.70515507278936,1572,0.0353371501272265,2.77469478357381e-05
Reverse,1112,0.707306453170708,1572,0.0353689567430025,2.77469478357381e-05
Reverse,1113,0.708882161998332,1572,0.0354007633587786,2.77469478357381e-05
Reverse,1114,0.711222076567034,1572,0.0354325699745547,2.77469478357381e-05
Reverse,1115,0.71242401961003,1572,0.0354643765903308,2.77469478357381e-05
Reverse,1116,0.715313791443079,1572,0.0354961832061069,2.77469478357381e-05
Reverse,1117,0.71623843237383,1572,0.035527989821883,2.77469478357381e-05
Reverse,1118,0.71623843237383,1572,0.035559796437659,2.77469478357381e-05
Reverse,1119,0.716500086417373,1572,0.0355916030534351,2.77469478357381e-05
Reverse,1120,0.717000454160844,1572,0.0356234096692112,2.77469478357381e-05
Reverse,1121,0.717469172863779,1572,0.0356552162849873,2.77469478357381e-05
Reverse,1122,0.719160407336355,1572,0.0356870229007634,2.77469478357381e-05
Reverse,1123,0.720065621957921,1572,0.0357188295165394,2.77469478357381e-05
Reverse,1124,0.720401491999237,1572,0.0357506361323155,2.77469478357381e-05
Reverse,1125,0.720805096555357,1572,0.0357824427480916,2.77469478357381e-05
Reverse,1126,0.721141924064063,1572,0.0358142493638677,2.77469478357381e-05
Reverse,1127,0.72127860447362,1572,0.0358460559796438,2.77469478357381e-05
Reverse,1128,0.722329516050202,1572,0.0358778625954198,2.77469478357381e-05
Reverse,1129,0.72352169164448,1572,0.0359096692111959,2.77469478357381e-05
Reverse,1130,0.724122850921857,1572,0.035941475826972,2.77469478357381e-05
Reverse,1131,0.724431123014725,1572,0.0359732824427481,2.77469478357381e-05
Reverse,1132,0.724793251755914,1572,0.0360050890585242,2.77469478357381e-05
Reverse,1133,0.725717880396007,1572,0.0360368956743003,2.77469478357381e-05
Reverse,1134,0.725789372294234,1572,0.0360687022900763,2.77469478357381e-05
Reverse,1135,0.725973679742001,1572,0.0361005089058524,2.77469478357381e-05
Reverse,1136,0.727811287308463,1572,0.0361323155216285,2.77469478357381e-05
Reverse,1137,0.727891195276697,1572,0.0361641221374046,2.77469478357381e-05
Reverse,1138,0.728029432323336,1572,0.0361959287531807,2.77469478357381e-05
Reverse,1139,0.730477616232379,1572,0.0362277353689567,2.77469478357381e-05
Reverse,1140,0.731193050077891,1572,0.0362595419847328,2.77469478357381e-05
Reverse,1141,0.733443853649269,1572,0.0362913486005089,2.77469478357381e-05
Reverse,1142,0.733510689363966,1572,0.036323155216285,2.77469478357381e-05
Reverse,1143,0.735696045163174,1572,0.0363549618320611,2.77469478357381e-05
Reverse,1144,0.735798366908879,1572,0.0363867684478372,2.77469478357381e-05
Reverse,1145,0.735811841222759,1572,0.0364185750636132,2.77469478357381e-05
Reverse,1146,0.736353247888659,1572,0.0364503816793893,2.77469478357381e-05
Reverse,1147,0.737940226678038,1572,0.0364821882951654,2.77469478357381e-05
Reverse,1148,0.738805151606931,1572,0.0365139949109415,2.77469478357381e-05
Reverse,1149,0.741292674518179,1572,0.0365458015267176,2.77469478357381e-05
Reverse,1150,0.741831244164393,1572,0.0365776081424936,2.77469478357381e-05
Reverse,1151,0.743366033749226,1572,0.0366094147582697,2.77469478357381e-05
Reverse,1152,0.743782013033291,1572,0.0366412213740458,2.77469478357381e-05
Reverse,1153,0.743828962479004,1572,0.0366730279898219,2.77469478357381e-05
Reverse,1154,0.744288357322393,1572,0.036704834605598,2.77469478357381e-05
Reverse,1155,0.744288357322393,1572,0.036736641221374,2.77469478357381e-05
Reverse,1156,0.745892037679145,1572,0.0367684478371501,2.77469478357381e-05
Reverse,1157,0.746222659333955,1572,0.0368002544529262,2.77469478357381e-05
Reverse,1158,0.748452111755562,1572,0.0368320610687023,2.77469478357381e-05
Reverse,1159,0.749105862377901,1572,0.0368638676844784,2.77469478357381e-05
Reverse,1160,0.751111847113587,1572,0.0368956743002545,2.77469478357381e-05
Reverse,1161,0.751195126569437,1572,0.0369274809160305,2.77469478357381e-05
Reverse,1162,0.753514834880328,1572,0.0369592875318066,2.77469478357381e-05
Reverse,1163,0.754436013208269,1572,0.0369910941475827,2.77469478357381e-05
Reverse,1164,0.755058640459965,1572,0.0370229007633588,2.77469478357381e-05
Reverse,1165,0.757675671319392,1572,0.0370547073791349,2.77469478357381e-05
Reverse,1166,0.757675671319392,1572,0.0370865139949109,2.77469478357381e-05
Reverse,1167,0.75874509923898,1572,0.037118320610687,2.77469478357381e-05
Reverse,1168,0.758959746671898,1572,0.0371501272264631,2.77469478357381e-05
Reverse,1169,0.75909617070401,1572,0.0371819338422392,2.77469478357381e-05
Reverse,1170,0.759656432510366,1572,0.0372137404580153,2.77469478357381e-05
Reverse,1171,0.762956474179438,1572,0.0372455470737914,2.77469478357381e-05
Reverse,1172,0.763334106064838,1572,0.0372773536895674,2.77469478357381e-05
Reverse,1173,0.764281118797784,1572,0.0373091603053435,2.77469478357381e-05
Reverse,1174,0.76497427564047,1572,0.0373409669211196,2.77469478357381e-05
Reverse,1175,0.765600596685106,1572,0.0373727735368957,2.77469478357381e-05
Reverse,1176,0.766144970357574,1572,0.0374045801526718,2.77469478357381e-05
Reverse,1177,0.766316012425931,1572,0.0374363867684478,2.77469478357381e-05
Reverse,1178,0.767454302936951,1572,0.0374681933842239,2.77469478357381e-05
Reverse,1179,0.768019899514448,1572,0.0375,2.77469478357381e-05
Reverse,1180,0.768509122787467,1572,0.0375318066157761,2.77469478357381e-05
Reverse,1181,0.768586007749009,1572,0.0375636132315522,2.77469478357381e-05
Reverse,1182,0.768586007749009,1572,0.0375954198473282,2.77469478357381e-05
Reverse,1183,0.769245883235549,1572,0.0376272264631043,2.77469478357381e-05
Reverse,1184,0.769342859971859,1572,0.0376590330788804,2.77469478357381e-05
Reverse,1185,0.770352725964828,1572,0.0376908396946565,2.77469478357381e-05
Reverse,1186,0.770957670471963,1572,0.0377226463104326,2.77469478357381e-05
Reverse,1187,0.770970250876258,1572,0.0377544529262087,2.77469478357381e-05
Reverse,1188,0.772088142206797,1572,0.0377862595419847,2.77469478357381e-05
Reverse,1189,0.772804936182271,1572,0.0378180661577608,2.77469478357381e-05
Reverse,1190,0.773817283896511,1572,0.0378498727735369,2.77469478357381e-05
Reverse,1191,0.774784373600098,1572,0.037881679389313,2.77469478357381e-05
Reverse,1192,0.776025361609945,1572,0.0379134860050891,2.77469478357381e-05
Reverse,1193,0.776800544979783,1572,0.0379452926208651,2.77469478357381e-05
Reverse,1194,0.777021635029589,1572,0.0379770992366412,2.77469478357381e-05
Reverse,1195,0.777084651421284,1572,0.0380089058524173,2.77469478357381e-05
Reverse,1196,0.777214536916326,1572,0.0380407124681934,2.77469478357381e-05
Reverse,1197,0.777362562638149,1572,0.0380725190839695,2.77469478357381e-05
Reverse,1198,0.777402320356071,1572,0.0381043256997455,2.77469478357381e-05
Reverse,1199,0.777419876578702,1572,0.0381361323155216,2.77469478357381e-05
Reverse,1200,0.777447420110603,1572,0.0381679389312977,2.77469478357381e-05
Reverse,1201,0.779590988852348,1572,0.0381997455470738,2.77469478357381e-05
Reverse,1202,0.781075569960761,1572,0.0382315521628499,2.77469478357381e-05
Reverse,1203,0.781312748726635,1572,0.038263358778626,2.77469478357381e-05
Reverse,1204,0.781691710077737,1572,0.038295165394402,2.77469478357381e-05
Reverse,1205,0.782245496634888,1572,0.0383269720101781,2.77469478357381e-05
Reverse,1206,0.783299459754456,1572,0.0383587786259542,2.77469478357381e-05
Reverse,1207,0.783674987724003,1572,0.0383905852417303,2.77469478357381e-05
Reverse,1208,0.784128381120293,1572,0.0384223918575064,2.77469478357381e-05
Reverse,1209,0.784128578413322,1572,0.0384541984732824,2.77469478357381e-05
Reverse,1210,0.784947940837534,1572,0.0384860050890585,2.77469478357381e-05
Reverse,1211,0.785241343354564,1572,0.0385178117048346,2.77469478357381e-05
Reverse,1212,0.785355380375115,1572,0.0385496183206107,2.77469478357381e-05
Reverse,1213,0.78549463277281,1572,0.0385814249363868,2.77469478357381e-05
Reverse,1214,0.785801370294678,1572,0.0386132315521629,2.77469478357381e-05
Reverse,1215,0.785821993332593,1572,0.0386450381679389,2.77469478357381e-05
Reverse,1216,0.786759621285364,1572,0.038676844783715,2.77469478357381e-05
Reverse,1217,0.787038169029506,1572,0.0387086513994911,2.77469478357381e-05
Reverse,1218,0.787044313010177,1572,0.0387404580152672,2.77469478357381e-05
Reverse,1219,0.787196690308895,1572,0.0387722646310433,2.77469478357381e-05
Reverse,1220,0.788239301735695,1572,0.0388040712468193,2.77469478357381e-05
Reverse,1221,0.788759552710498,1572,0.0388358778625954,2.77469478357381e-05
Reverse,1222,0.788915100596557,1572,0.0388676844783715,2.77469478357381e-05
Reverse,1223,0.789219147791699,1572,0.0388994910941476,2.77469478357381e-05
Reverse,1224,0.789674366481699,1572,0.0389312977099237,2.77469478357381e-05
Reverse,1225,0.789719871471593,1572,0.0389631043256997,2.77469478357381e-05
Reverse,1226,0.791378800395326,1572,0.0389949109414758,2.77469478357381e-05
Reverse,1227,0.791378800395326,1572,0.0390267175572519,2.77469478357381e-05
Reverse,1228,0.791378800395326,1572,0.039058524173028,2.77469478357381e-05
Reverse,1229,0.791705479507286,1572,0.0390903307888041,2.77469478357381e-05
Reverse,1230,0.792013862945353,1572,0.0391221374045802,2.77469478357381e-05
Reverse,1231,0.792173463035335,1572,0.0391539440203562,2.77469478357381e-05
Reverse,1232,0.792560904057138,1572,0.0391857506361323,2.77469478357381e-05
Reverse,1233,0.79450891728311,1572,0.0392175572519084,2.77469478357381e-05
Reverse,1234,0.79450891728311,1572,0.0392493638676845,2.77469478357381e-05
Reverse,1235,0.794702435820541,1572,0.0392811704834606,2.77469478357381e-05
Reverse,1236,0.800447878734574,1572,0.0393129770992366,2.77469478357381e-05
Reverse,1237,0.800529019443744,1572,0.0393447837150127,2.77469478357381e-05
Reverse,1238,0.800871562352287,1572,0.0393765903307888,2.77469478357381e-05
Reverse,1239,0.80165102184751,1572,0.0394083969465649,2.77469478357381e-05
Reverse,1240,0.802560730414898,1572,0.039440203562341,2.77469478357381e-05
Reverse,1241,0.802561376126422,1572,0.0394720101781171,2.77469478357381e-05
Reverse,1242,0.804022821053411,1572,0.0395038167938931,2.77469478357381e-05
Reverse,1243,0.804833592675996,1572,0.0395356234096692,2.77469478357381e-05
Reverse,1244,0.806643924280094,1572,0.0395674300254453,2.77469478357381e-05
Reverse,1245,0.807307866064347,1572,0.0395992366412214,2.77469478357381e-05
Reverse,1246,0.807755411928066,1572,0.0396310432569975,2.77469478357381e-05
Reverse,1247,0.809134195771032,1572,0.0396628498727735,2.77469478357381e-05
Reverse,1248,0.809296911518634,1572,0.0396946564885496,2.77469478357381e-05
Reverse,1249,0.811034157581031,1572,0.0397264631043257,2.77469478357381e-05
Reverse,1250,0.811233897681059,1572,0.0397582697201018,2.77469478357381e-05
Reverse,1251,0.811328449713528,1572,0.0397900763358779,2.77469478357381e-05
Reverse,1252,0.811328449713528,1572,0.0398218829516539,2.77469478357381e-05
Reverse,1253,0.811713299481019,1572,0.03985368956743,2.77469478357381e-05
Reverse,1254,0.811760857321883,1572,0.0398854961832061,2.77469478357381e-05
Reverse,1255,0.812498319649899,1572,0.0399173027989822,2.77469478357381e-05
Reverse,1256,0.814118169047167,1572,0.0399491094147583,2.77469478357381e-05
Reverse,1257,0.814240210564507,1572,0.0399809160305344,2.77469478357381e-05
Reverse,1258,0.816856733305455,1572,0.0400127226463104,2.77469478357381e-05
Reverse,1259,0.81766599638251,1572,0.0400445292620865,2.77469478357381e-05
Reverse,1260,0.81783161590691,1572,0.0400763358778626,2.77469478357381e-05
Reverse,1261,0.81819018443561,1572,0.0401081424936387,2.77469478357381e-05
Reverse,1262,0.81969413695735,1572,0.0401399491094148,2.77469478357381e-05
Reverse,1263,0.819793429688341,1572,0.0401717557251908,2.77469478357381e-05
Reverse,1264,0.821781160193258,1572,0.0402035623409669,2.77469478357381e-05
Reverse,1265,0.822253647252117,1572,0.040235368956743,2.77469478357381e-05
Reverse,1266,0.822345077144377,1572,0.0402671755725191,2.77469478357381e-05
Reverse,1267,0.822345077144377,1572,0.0402989821882952,2.77469478357381e-05
Reverse,1268,0.823451322284158,1572,0.0403307888040713,2.77469478357381e-05
Reverse,1269,0.823735029732861,1572,0.0403625954198473,2.77469478357381e-05
Reverse,1270,0.823908886438078,1572,0.0403944020356234,2.77469478357381e-05
Reverse,1271,0.823908886438078,1572,0.0404262086513995,2.77469478357381e-05
Reverse,1272,0.824207261132935,1572,0.0404580152671756,2.77469478357381e-05
Reverse,1273,0.824314420753304,1572,0.0404898218829517,2.77469478357381e-05
Reverse,1274,0.825052646997725,1572,0.0405216284987277,2.77469478357381e-05
Reverse,1275,0.82517152860134,1572,0.0405534351145038,2.77469478357381e-05
Reverse,1276,0.825242023496066,1572,0.0405852417302799,2.77469478357381e-05
Reverse,1277,0.825419025608272,1572,0.040617048346056,2.77469478357381e-05
Reverse,1278,0.825537592769551,1572,0.0406488549618321,2.77469478357381e-05
Reverse,1279,0.825651313343017,1572,0.0406806615776081,2.77469478357381e-05
Reverse,1280,0.825704346989285,1572,0.0407124681933842,2.77469478357381e-05
Reverse,1281,0.825704346989285,1572,0.0407442748091603,2.77469478357381e-05
Reverse,1282,0.825770584702613,1572,0.0407760814249364,2.77469478357381e-05
Reverse,1283,0.826129190860951,1572,0.0408078880407125,2.77469478357381e-05
Reverse,1284,0.827297490463181,1572,0.0408396946564886,2.77469478357381e-05
Reverse,1285,0.827454818490802,1572,0.0408715012722646,2.77469478357381e-05
Reverse,1286,0.82810099755694,1572,0.0409033078880407,2.77469478357381e-05
Reverse,1287,0.828285768482281,1572,0.0409351145038168,2.77469478357381e-05
Reverse,1288,0.828561095010726,1572,0.0409669211195929,2.77469478357381e-05
Reverse,1289,0.828901676673849,1572,0.040998727735369,2.77469478357381e-05
Reverse,1290,0.828901676673849,1572,0.041030534351145,2.77469478357381e-05
Reverse,1291,0.828901676673849,1572,0.0410623409669211,2.77469478357381e-05
Reverse,1292,0.829272005567451,1572,0.0410941475826972,2.77469478357381e-05
Reverse,1293,0.831174380357439,1572,0.0411259541984733,2.77469478357381e-05
Reverse,1294,0.831222415349483,1572,0.0411577608142494,2.77469478357381e-05
Reverse,1295,0.831359958530885,1572,0.0411895674300254,2.77469478357381e-05
Reverse,1296,0.831467263267367,1572,0.0412213740458015,2.77469478357381e-05
Reverse,1297,0.832297883556796,1572,0.0412531806615776,2.77469478357381e-05
Reverse,1298,0.834709059130957,1572,0.0412849872773537,2.77469478357381e-05
Reverse,1299,0.834907398424962,1572,0.0413167938931298,2.77469478357381e-05
Reverse,1300,0.835357480009948,1572,0.0413486005089059,2.77469478357381e-05
Reverse,1301,0.835407829466135,1572,0.0413804071246819,2.77469478357381e-05
Reverse,1302,0.83553940628068,1572,0.041412213740458,2.77469478357381e-05
Reverse,1303,0.835570081383612,1572,0.0414440203562341,2.77469478357381e-05
Reverse,1304,0.836226071497559,1572,0.0414758269720102,2.77469478357381e-05
Reverse,1305,0.837509350477523,1572,0.0415076335877863,2.77469478357381e-05
Reverse,1306,0.837825618967777,1572,0.0415394402035623,2.77469478357381e-05
Reverse,1307,0.839008859336408,1572,0.0415712468193384,2.77469478357381e-05
Reverse,1308,0.839978447164829,1572,0.0416030534351145,2.77469478357381e-05
Reverse,1309,0.840215116061389,1572,0.0416348600508906,2.77469478357381e-05
Reverse,1310,0.842307771819785,1572,0.0416666666666667,2.77469478357381e-05
Reverse,1311,0.842749904355619,1572,0.0416984732824428,2.77469478357381e-05
Reverse,1312,0.843172402908726,1572,0.0417302798982188,2.77469478357381e-05
Reverse,1313,0.843497056711044,1572,0.0417620865139949,2.77469478357381e-05
Reverse,1314,0.844347055241299,1572,0.041793893129771,2.77469478357381e-05
Reverse,1315,0.845113723823027,1572,0.0418256997455471,2.77469478357381e-05
Reverse,1316,0.845401596449145,1572,0.0418575063613232,2.77469478357381e-05
Reverse,1317,0.845523608804519,1572,0.0418893129770992,2.77469478357381e-05
Reverse,1318,0.845666520388453,1572,0.0419211195928753,2.77469478357381e-05
Reverse,1319,0.845788391931433,1572,0.0419529262086514,2.77469478357381e-05
Reverse,1320,0.846491761715471,1572,0.0419847328244275,2.77469478357381e-05
Reverse,1321,0.846624060340054,1572,0.0420165394402036,2.77469478357381e-05
Reverse,1322,0.84714418708577,1572,0.0420483460559797,2.77469478357381e-05
Reverse,1323,0.847155113496119,1572,0.0420801526717557,2.77469478357381e-05
Reverse,1324,0.847272402566193,1572,0.0421119592875318,2.77469478357381e-05
Reverse,1325,0.847356369814746,1572,0.0421437659033079,2.77469478357381e-05
Reverse,1326,0.847447996370046,1572,0.042175572519084,2.77469478357381e-05
Reverse,1327,0.847584016393258,1572,0.0422073791348601,2.77469478357381e-05
Reverse,1328,0.847678914774785,1572,0.0422391857506361,2.77469478357381e-05
Reverse,1329,0.848136172137222,1572,0.0422709923664122,2.77469478357381e-05
Reverse,1330,0.84820273468725,1572,0.0423027989821883,2.77469478357381e-05
Reverse,1331,0.848248852996916,1572,0.0423346055979644,2.77469478357381e-05
Reverse,1332,0.849236601559883,1572,0.0423664122137405,2.77469478357381e-05
Reverse,1333,0.849310815034092,1572,0.0423982188295165,2.77469478357381e-05
Reverse,1334,0.850756956698813,1572,0.0424300254452926,2.77469478357381e-05
Reverse,1335,0.851117014322296,1572,0.0424618320610687,2.77469478357381e-05
Reverse,1336,0.851139907250345,1572,0.0424936386768448,2.77469478357381e-05
Reverse,1337,0.851999937121627,1572,0.0425254452926209,2.77469478357381e-05
Reverse,1338,0.852421694818224,1572,0.042557251908397,2.77469478357381e-05
Reverse,1339,0.852688141564005,1572,0.042589058524173,2.77469478357381e-05
Reverse,1340,0.853084195262744,1572,0.0426208651399491,2.77469478357381e-05
Reverse,1341,0.854090997882653,1572,0.0426526717557252,2.77469478357381e-05
Reverse,1342,0.85532186387234,1572,0.0426844783715013,2.77469478357381e-05
Reverse,1343,0.855340395219384,1572,0.0427162849872774,2.77469478357381e-05
Reverse,1344,0.85579011328266,1572,0.0427480916030534,2.77469478357381e-05
Reverse,1345,0.856168931515469,1572,0.0427798982188295,2.77469478357381e-05
Reverse,1346,0.857841323342751,1572,0.0428117048346056,2.77469478357381e-05
Reverse,1347,0.857857846867857,1572,0.0428435114503817,2.77469478357381e-05
Reverse,1348,0.858559932083373,1572,0.0428753180661578,2.77469478357381e-05
Reverse,1349,0.858810776268071,1572,0.0429071246819338,2.77469478357381e-05
Reverse,1350,0.859352383223563,1572,0.0429389312977099,2.77469478357381e-05
Reverse,1351,0.860055172934739,1572,0.042970737913486,2.77469478357381e-05
Reverse,1352,0.860463974849953,1572,0.0430025445292621,2.77469478357381e-05
Reverse,1353,0.86101489104412,1572,0.0430343511450382,2.77469478357381e-05
Reverse,1354,0.861470806385104,1572,0.0430661577608143,2.77469478357381e-05
Reverse,1355,0.862559028256238,1572,0.0430979643765903,2.77469478357381e-05
Reverse,1356,0.864016144141287,1572,0.0431297709923664,2.77469478357381e-05
Reverse,1357,0.866224808691051,1572,0.0431615776081425,2.77469478357381e-05
Reverse,1358,0.866669160263852,1572,0.0431933842239186,2.77469478357381e-05
Reverse,1359,0.866909204745174,1572,0.0432251908396947,2.77469478357381e-05
Reverse,1360,0.866966289618374,1572,0.0432569974554707,2.77469478357381e-05
Reverse,1361,0.866992373807231,1572,0.0432888040712468,2.77469478357381e-05
Reverse,1362,0.867118064814785,1572,0.0433206106870229,2.77469478357381e-05
Reverse,1363,0.868926788026714,1572,0.043352417302799,2.77469478357381e-05
Reverse,1364,0.869199187294049,1572,0.0433842239185751,2.77469478357381e-05
Reverse,1365,0.869223996334081,1572,0.0434160305343512,2.77469478357381e-05
Reverse,1366,0.870523036538044,1572,0.0434478371501272,2.77469478357381e-05
Reverse,1367,0.873160870789219,1572,0.0434796437659033,2.77469478357381e-05
Reverse,1368,0.873240049448106,1572,0.0435114503816794,2.77469478357381e-05
Reverse,1369,0.874905418560973,1572,0.0435432569974555,2.77469478357381e-05
Reverse,1370,0.87496155235378,1572,0.0435750636132316,2.77469478357381e-05
Reverse,1371,0.87514650531288,1572,0.0436068702290076,2.77469478357381e-05
Reverse,1372,0.87514650531288,1572,0.0436386768447837,2.77469478357381e-05
Reverse,1373,0.875808974555276,1572,0.0436704834605598,2.77469478357381e-05
Reverse,1374,0.876672349330852,1572,0.0437022900763359,2.77469478357381e-05
Reverse,1375,0.877392327531964,1572,0.043734096692112,2.77469478357381e-05
Reverse,1376,0.878306953648874,1572,0.043765903307888,2.77469478357381e-05
Reverse,1377,0.879884285163357,1572,0.0437977099236641,2.77469478357381e-05
Reverse,1378,0.880015185794003,1572,0.0438295165394402,2.77469478357381e-05
Reverse,1379,0.880712939472738,1572,0.0438613231552163,2.77469478357381e-05
Reverse,1380,0.881186253342806,1572,0.0438931297709924,2.77469478357381e-05
Reverse,1381,0.881758166528057,1572,0.0439249363867684,2.77469478357381e-05
Reverse,1382,0.881764090555648,1572,0.0439567430025445,2.77469478357381e-05
Reverse,1383,0.882321627122368,1572,0.0439885496183206,2.77469478357381e-05
Reverse,1384,0.882659764572333,1572,0.0440203562340967,2.77469478357381e-05
Reverse,1385,0.883678431784895,1572,0.0440521628498728,2.77469478357381e-05
Reverse,1386,0.884277324847398,1572,0.0440839694656489,2.77469478357381e-05
Reverse,1387,0.885334238184107,1572,0.0441157760814249,2.77469478357381e-05
Reverse,1388,0.886272707650676,1572,0.044147582697201,2.77469478357381e-05
Reverse,1389,0.886337571289682,1572,0.0441793893129771,2.77469478357381e-05
Reverse,1390,0.88730842654872,1572,0.0442111959287532,2.77469478357381e-05
Reverse,1391,0.888883466052798,1572,0.0442430025445293,2.77469478357381e-05
Reverse,1392,0.889301782177618,1572,0.0442748091603054,2.77469478357381e-05
Reverse,1393,0.891690450672311,1572,0.0443066157760814,2.77469478357381e-05
Reverse,1394,0.892076618894998,1572,0.0443384223918575,2.77469478357381e-05
Reverse,1395,0.892662570466719,1572,0.0443702290076336,2.77469478357381e-05
Reverse,1396,0.893024157311905,1572,0.0444020356234097,2.77469478357381e-05
Reverse,1397,0.894225085668648,1572,0.0444338422391858,2.77469478357381e-05
Reverse,1398,0.89593893790514,1572,0.0444656488549618,2.77469478357381e-05
Reverse,1399,0.896227272276911,1572,0.0444974554707379,2.77469478357381e-05
Reverse,1400,0.896227272276911,1572,0.044529262086514,2.77469478357381e-05
Reverse,1401,0.896227272276911,1572,0.0445610687022901,2.77469478357381e-05
Reverse,1402,0.896576389552922,1572,0.0445928753180662,2.77469478357381e-05
Reverse,1403,0.898565402708744,1572,0.0446246819338422,2.77469478357381e-05
Reverse,1404,0.898695692819843,1572,0.0446564885496183,2.77469478357381e-05
Reverse,1405,0.898719406733232,1572,0.0446882951653944,2.77469478357381e-05
Reverse,1406,0.899598887140465,1572,0.0447201017811705,2.77469478357381e-05
Reverse,1407,0.899962934771394,1572,0.0447519083969466,2.77469478357381e-05
Reverse,1408,0.900389083743744,1572,0.0447837150127226,2.77469478357381e-05
Reverse,1409,0.90042812114308,1572,0.0448155216284987,2.77469478357381e-05
Reverse,1410,0.901231637697399,1572,0.0448473282442748,2.77469478357381e-05
Reverse,1411,0.901712288470837,1572,0.0448791348600509,2.77469478357381e-05
Reverse,1412,0.901877388078304,1572,0.044910941475827,2.77469478357381e-05
Reverse,1413,0.90193997674094,1572,0.0449427480916031,2.77469478357381e-05
Reverse,1414,0.901976628893071,1572,0.0449745547073791,2.77469478357381e-05
Reverse,1415,0.903409026388287,1572,0.0450063613231552,2.77469478357381e-05
Reverse,1416,0.903426591974927,1572,0.0450381679389313,2.77469478357381e-05
Reverse,1417,0.903786401258662,1572,0.0450699745547074,2.77469478357381e-05
Reverse,1418,0.903891874539999,1572,0.0451017811704835,2.77469478357381e-05
Reverse,1419,0.904058763498426,1572,0.0451335877862596,2.77469478357381e-05
Reverse,1420,0.904178497498191,1572,0.0451653944020356,2.77469478357381e-05
Reverse,1421,0.904491018126556,1572,0.0451972010178117,2.77469478357381e-05
Reverse,1422,0.905081272842407,1572,0.0452290076335878,2.77469478357381e-05
Reverse,1423,0.905481032990302,1572,0.0452608142493639,2.77469478357381e-05
Reverse,1424,0.905778785311132,1572,0.04529262086514,2.77469478357381e-05
Reverse,1425,0.906451412713298,1572,0.045324427480916,2.77469478357381e-05
Reverse,1426,0.906953404313026,1572,0.0453562340966921,2.77469478357381e-05
Reverse,1427,0.906953404313026,1572,0.0453880407124682,2.77469478357381e-05
Reverse,1428,0.908148702965894,1572,0.0454198473282443,2.77469478357381e-05
Reverse,1429,0.908876370065754,1572,0.0454516539440204,2.77469478357381e-05
Reverse,1430,0.909006519375088,1572,0.0454834605597964,2.77469478357381e-05
Reverse,1431,0.909996323312259,1572,0.0455152671755725,2.77469478357381e-05
Reverse,1432,0.91013399915963,1572,0.0455470737913486,2.77469478357381e-05
Reverse,1433,0.910931130961195,1572,0.0455788804071247,2.77469478357381e-05
Reverse,1434,0.911823954760615,1572,0.0456106870229008,2.77469478357381e-05
Reverse,1435,0.913429456845017,1572,0.0456424936386769,2.77469478357381e-05
Reverse,1436,0.913722187942803,1572,0.0456743002544529,2.77469478357381e-05
Reverse,1437,0.914269831892709,1572,0.045706106870229,2.77469478357381e-05
Reverse,1438,0.914527845069219,1572,0.0457379134860051,2.77469478357381e-05
Reverse,1439,0.91467456180454,1572,0.0457697201017812,2.77469478357381e-05
Reverse,1440,0.915301521443989,1572,0.0458015267175573,2.77469478357381e-05
Reverse,1441,0.915301521443989,1572,0.0458333333333333,2.77469478357381e-05
Reverse,1442,0.915301521443989,1572,0.0458651399491094,2.77469478357381e-05
Reverse,1443,0.916151218577857,1572,0.0458969465648855,2.77469478357381e-05
Reverse,1444,0.916209771564887,1572,0.0459287531806616,2.77469478357381e-05
Reverse,1445,0.916264713993958,1572,0.0459605597964377,2.77469478357381e-05
Reverse,1446,0.919030148061644,1572,0.0459923664122137,2.77469478357381e-05
Reverse,1447,0.920141351078601,1572,0.0460241730279898,2.77469478357381e-05
Reverse,1448,0.920141351078601,1572,0.0460559796437659,2.77469478357381e-05
Reverse,1449,0.921232023689635,1572,0.046087786259542,2.77469478357381e-05
Reverse,1450,0.921953736588787,1572,0.0461195928753181,2.77469478357381e-05
Reverse,1451,0.92227453994315,1572,0.0461513994910941,2.77469478357381e-05
Reverse,1452,0.922329666330913,1572,0.0461832061068702,2.77469478357381e-05
Reverse,1453,0.92272959285592,1572,0.0462150127226463,2.77469478357381e-05
Reverse,1454,0.923318823241249,1572,0.0462468193384224,2.77469478357381e-05
Reverse,1455,0.924021515440796,1572,0.0462786259541985,2.77469478357381e-05
Reverse,1456,0.924152941976388,1572,0.0463104325699746,2.77469478357381e-05
Reverse,1457,0.924672573932936,1572,0.0463422391857506,2.77469478357381e-05
Reverse,1458,0.926139299221364,1572,0.0463740458015267,2.77469478357381e-05
Reverse,1459,0.926300953855054,1572,0.0464058524173028,2.77469478357381e-05
Reverse,1460,0.928563799930458,1572,0.0464376590330789,2.77469478357381e-05
Reverse,1461,0.929021568899453,1572,0.046469465648855,2.77469478357381e-05
Reverse,1462,0.929126594465329,1572,0.0465012722646311,2.77469478357381e-05
Reverse,1463,0.930462431332052,1572,0.0465330788804071,2.77469478357381e-05
Reverse,1464,0.930649107701896,1572,0.0465648854961832,2.77469478357381e-05
Reverse,1465,0.930819372130417,1572,0.0465966921119593,2.77469478357381e-05
Reverse,1466,0.931319252827602,1572,0.0466284987277354,2.77469478357381e-05
Reverse,1467,0.931765044847191,1572,0.0466603053435115,2.77469478357381e-05
Reverse,1468,0.933232497820335,1572,0.0466921119592875,2.77469478357381e-05
Reverse,1469,0.93423250901413,1572,0.0467239185750636,2.77469478357381e-05
Reverse,1470,0.934535564943729,1572,0.0467557251908397,2.77469478357381e-05
Reverse,1471,0.937079505871011,1572,0.0467875318066158,2.77469478357381e-05
Reverse,1472,0.93809533149894,1572,0.0468193384223919,2.77469478357381e-05
Reverse,1473,0.938395674503649,1572,0.0468511450381679,2.77469478357381e-05
Reverse,1474,0.93913750362855,1572,0.046882951653944,2.77469478357381e-05
Reverse,1475,0.939642670800728,1572,0.0469147582697201,2.77469478357381e-05
Reverse,1476,0.940916407447668,1572,0.0469465648854962,2.77469478357381e-05
Reverse,1477,0.940979043903819,1572,0.0469783715012723,2.77469478357381e-05
Reverse,1478,0.941687895116795,1572,0.0470101781170484,2.77469478357381e-05
Reverse,1479,0.943380415375888,1572,0.0470419847328244,2.77469478357381e-05
Reverse,1480,0.943783175900807,1572,0.0470737913486005,2.77469478357381e-05
Reverse,1481,0.944261782984322,1572,0.0471055979643766,2.77469478357381e-05
Reverse,1482,0.94445335665539,1572,0.0471374045801527,2.77469478357381e-05
Reverse,1483,0.945770368167729,1572,0.0471692111959288,2.77469478357381e-05
Reverse,1484,0.945770368167729,1572,0.0472010178117048,2.77469478357381e-05
Reverse,1485,0.946168688842769,1572,0.0472328244274809,2.77469478357381e-05
Reverse,1486,0.948578116373703,1572,0.047264631043257,2.77469478357381e-05
Reverse,1487,0.949318659011817,1572,0.0472964376590331,2.77469478357381e-05
Reverse,1488,0.949982440975455,1572,0.0473282442748092,2.77469478357381e-05
Reverse,1489,0.950102295762948,1572,0.0473600508905853,2.77469478357381e-05
Reverse,1490,0.950122313267455,1572,0.0473918575063613,2.77469478357381e-05
Reverse,1491,0.950572743073767,1572,0.0474236641221374,2.77469478357381e-05
Reverse,1492,0.950753313510004,1572,0.0474554707379135,2.77469478357381e-05
Reverse,1493,0.950761938488594,1572,0.0474872773536896,2.77469478357381e-05
Reverse,1494,0.95153109691503,1572,0.0475190839694657,2.77469478357381e-05
Reverse,1495,0.951561093130361,1572,0.0475508905852417,2.77469478357381e-05
Reverse,1496,0.951853736274036,1572,0.0475826972010178,2.77469478357381e-05
Reverse,1497,0.952080353655471,1572,0.0476145038167939,2.77469478357381e-05
Reverse,1498,0.952378596704866,1572,0.04764631043257,2.77469478357381e-05
Reverse,1499,0.953703597938744,1572,0.0476781170483461,2.77469478357381e-05
Reverse,1500,0.953981026650576,1572,0.0477099236641221,2.77469478357381e-05
Reverse,1501,0.954716323080341,1572,0.0477417302798982,2.77469478357381e-05
Reverse,1502,0.958088330762992,1572,0.0477735368956743,2.77469478357381e-05
Reverse,1503,0.959051672139503,1572,0.0478053435114504,2.77469478357381e-05
Reverse,1504,0.959443153338079,1572,0.0478371501272265,2.77469478357381e-05
Reverse,1505,0.959951972207199,1572,0.0478689567430025,2.77469478357381e-05
Reverse,1506,0.961975110846136,1572,0.0479007633587786,2.77469478357381e-05
Reverse,1507,0.962278177547466,1572,0.0479325699745547,2.77469478357381e-05
Reverse,1508,0.962653995910381,1572,0.0479643765903308,2.77469478357381e-05
Reverse,1509,0.96498544301124,1572,0.0479961832061069,2.77469478357381e-05
Reverse,1510,0.966169635679523,1572,0.048027989821883,2.77469478357381e-05
Reverse,1511,0.967050094609375,1572,0.048059796437659,2.77469478357381e-05
Reverse,1512,0.967091111893034,1572,0.0480916030534351,2.77469478357381e-05
Reverse,1513,0.967091111893034,1572,0.0481234096692112,2.77469478357381e-05
Reverse,1514,0.967328096757198,1572,0.0481552162849873,2.77469478357381e-05
Reverse,1515,0.967328096757198,1572,0.0481870229007634,2.77469478357381e-05
Reverse,1516,0.967417155503413,1572,0.0482188295165394,2.77469478357381e-05
Reverse,1517,0.967734218372057,1572,0.0482506361323155,2.77469478357381e-05
Reverse,1518,0.96785258719432,1572,0.0482824427480916,2.77469478357381e-05
Reverse,1519,0.967878446285842,1572,0.0483142493638677,2.77469478357381e-05
Reverse,1520,0.968334259428193,1572,0.0483460559796438,2.77469478357381e-05
Reverse,1521,0.968334259428193,1572,0.0483778625954199,2.77469478357381e-05
Reverse,1522,0.968334259428193,1572,0.0484096692111959,2.77469478357381e-05
Reverse,1523,0.969101037648456,1572,0.048441475826972,2.77469478357381e-05
Reverse,1524,0.969478344406869,1572,0.0484732824427481,2.77469478357381e-05
Reverse,1525,0.970455568914848,1572,0.0485050890585242,2.77469478357381e-05
Reverse,1526,0.97111303994543,1572,0.0485368956743003,2.77469478357381e-05
Reverse,1527,0.9720435971892,1572,0.0485687022900763,2.77469478357381e-05
Reverse,1528,0.972051165871766,1572,0.0486005089058524,2.77469478357381e-05
Reverse,1529,0.972290799002046,1572,0.0486323155216285,2.77469478357381e-05
Reverse,1530,0.973569350866994,1572,0.0486641221374046,2.77469478357381e-05
Reverse,1531,0.974672646345029,1572,0.0486959287531807,2.77469478357381e-05
Reverse,1532,0.97481303412669,1572,0.0487277353689568,2.77469478357381e-05
Reverse,1533,0.975609753343709,1572,0.0487595419847328,2.77469478357381e-05
Reverse,1534,0.97562883592085,1572,0.0487913486005089,2.77469478357381e-05
Reverse,1535,0.976075971807637,1572,0.048823155216285,2.77469478357381e-05
Reverse,1536,0.976774621536354,1572,0.0488549618320611,2.77469478357381e-05
Reverse,1537,0.977316546187493,1572,0.0488867684478372,2.77469478357381e-05
Reverse,1538,0.978691878562017,1572,0.0489185750636132,2.77469478357381e-05
Reverse,1539,0.978952074314069,1572,0.0489503816793893,2.77469478357381e-05
Reverse,1540,0.979283604845414,1572,0.0489821882951654,2.77469478357381e-05
Reverse,1541,0.979403681902783,1572,0.0490139949109415,2.77469478357381e-05
Reverse,1542,0.980232746426125,1572,0.0490458015267176,2.77469478357381e-05
Reverse,1543,0.981355890890845,1572,0.0490776081424937,2.77469478357381e-05
Reverse,1544,0.981451497570289,1572,0.0491094147582697,2.77469478357381e-05
Reverse,1545,0.984382089984153,1572,0.0491412213740458,2.77469478357381e-05
Reverse,1546,0.984619518512446,1572,0.0491730279898219,2.77469478357381e-05
Reverse,1547,0.984903866957458,1572,0.049204834605598,2.77469478357381e-05
Reverse,1548,0.985306184099823,1572,0.0492366412213741,2.77469478357381e-05
Reverse,1549,0.98582479480708,1572,0.0492684478371501,2.77469478357381e-05
Reverse,1550,0.986808732055675,1572,0.0493002544529262,2.77469478357381e-05
Reverse,1551,0.987297463856033,1572,0.0493320610687023,2.77469478357381e-05
Reverse,1552,0.988668915390811,1572,0.0493638676844784,2.77469478357381e-05
Reverse,1553,0.989249997191878,1572,0.0493956743002545,2.77469478357381e-05
Reverse,1554,0.989542511725123,1572,0.0494274809160305,2.77469478357381e-05
Reverse,1555,0.990198208141256,1572,0.0494592875318066,2.77469478357381e-05
Reverse,1556,0.990821672607209,1572,0.0494910941475827,2.77469478357381e-05
Reverse,1557,0.991041691675637,1572,0.0495229007633588,2.77469478357381e-05
Reverse,1558,0.99107169520339,1572,0.0495547073791349,2.77469478357381e-05
Reverse,1559,0.992039934860817,1572,0.0495865139949109,2.77469478357381e-05
Reverse,1560,0.992527080377501,1572,0.049618320610687,2.77469478357381e-05
Reverse,1561,0.992832420913597,1572,0.0496501272264631,2.77469478357381e-05
Reverse,1562,0.992832420913597,1572,0.0496819338422392,2.77469478357381e-05
Reverse,1563,0.994231453207185,1572,0.0497137404580153,2.77469478357381e-05
Reverse,1564,0.995558252225322,1572,0.0497455470737914,2.77469478357381e-05
Reverse,1565,0.995813428398525,1572,0.0497773536895674,2.77469478357381e-05
Reverse,1566,0.996368004826975,1572,0.0498091603053435,2.77469478357381e-05
Reverse,1567,0.996481257430833,1572,0.0498409669211196,2.77469478357381e-05
Reverse,1568,0.996771586294079,1572,0.0498727735368957,2.77469478357381e-05
Reverse,1569,0.998045706848837,1572,0.0499045801526718,2.77469478357381e-05
Reverse,1570,0.998071968762834,1572,0.0499363867684478,2.77469478357381e-05
Reverse,1571,0.999661660520424,1572,0.0499681933842239,2.77469478357381e-05
Reverse,1572,0.999962161252223,1572,0.05,2.77469478357381e-05
