"pair_id","source_id","trait","nsnp.x","p","q","analysis_status","phenotype","exposure_scale","nsnp.y","r2","r2_prevalence_scenario_min","r2_prevalence_scenario_max","source_reported_prevalence","steiger_status","steiger_reason","nominal_forward_association","exposure_r2_used_for_feasibility_audit","outcome_r2","inferred_direction","steiger_p","revised_steiger_status","revised_steiger_reason","interpretation"
"finngen_r12_erectile_dysfunction|microbiome_2026|GCST90670368|primary","GCST90670368","Gut microbiome alpha diversity abundance (Richness)",1,0.358601283148712,0.959049943304695,"estimated","RIN_standardized_diversity","one source-defined RIN-standardized unit",1,0.0020566468395,0.0020566468395,0.0020566468395,,"not_computed","Binary-outcome population prevalence has not been prespecified; unavailable Steiger is not treated as support",FALSE,0.0020566468395,,,,"not_estimable","binary-outcome population prevalence was not defined; outcome R2 and a valid Steiger P value were therefore not computed","not estimable is not evidence supporting the exposure-to-outcome direction"
"finngen_r12_erectile_dysfunction|microbiome_2026|GCST90670372|primary","GCST90670372","Gut microbiome species abundance (Bifidobacterium longum, GCF_000196555.1)",1,0.978808356794603,1,"estimated","RIN_standardized_abundance","one source-defined RIN-standardized unit",1,0.0021747046386912,0.0021747046386912,0.0021747046386912,0.9,"not_computed","Binary-outcome population prevalence has not been prespecified; unavailable Steiger is not treated as support",FALSE,0.0021747046386912,,,,"not_estimable","binary-outcome population prevalence was not defined; outcome R2 and a valid Steiger P value were therefore not computed","not estimable is not evidence supporting the exposure-to-outcome direction"
"finngen_r12_erectile_dysfunction|microbiome_2026|GCST90670374|primary","GCST90670374","Gut microbiome species abundance (Bifidobacterium adolescentis, GCF_000010425.1)",1,0.618231299473913,1,"estimated","RIN_standardized_abundance","one source-defined RIN-standardized unit",1,0.00403123038318,0.00403123038318,0.00403123038318,0.9,"not_computed","Binary-outcome population prevalence has not been prespecified; unavailable Steiger is not treated as support",FALSE,0.00403123038318,,,,"not_estimable","binary-outcome population prevalence was not defined; outcome R2 and a valid Steiger P value were therefore not computed","not estimable is not evidence supporting the exposure-to-outcome direction"
"finngen_r12_erectile_dysfunction|microbiome_2026|GCST90670376|primary","GCST90670376","Gut microbiome species abundance (Agathobacter faecis, GCF_001406815.1)",0,,,"not_estimable",,,,,,,,"not_estimable","No harmonised instruments remained",FALSE,,,,,"not_estimable","primary MR pair not estimable; absence of a Steiger result is not directional support","not estimable is not evidence supporting the exposure-to-outcome direction"
"finngen_r12_erectile_dysfunction|microbiome_2026|GCST90670384|primary","GCST90670384","Gut microbiome species presence (Coprococcus eutactus A, GCF_001404675.1)",1,0.26972132327202,0.959049943304695,"estimated","presence","one SD on an approximate microbial-presence liability scale",1,0.001544898695869,0.00150421505983871,0.00158541894459646,0.56,"not_computed","Binary-outcome population prevalence has not been prespecified; unavailable Steiger is not treated as support",FALSE,0.001544898695869,,,,"not_estimable","binary-outcome population prevalence was not defined and microbial presence requires a liability-scale approximation; outcome R2 and a valid Steiger P value were therefore not computed","not estimable is not evidence supporting the exposure-to-outcome direction"
"finngen_r12_erectile_dysfunction|microbiome_2026|GCST90670385|primary","GCST90670385","Gut microbiome species presence (Bifidobacterium bifidum, GCF_001025135.1)",1,0.345570430935615,0.959049943304695,"estimated","presence","one SD on an approximate microbial-presence liability scale",1,0.002151253865265,0.00208834962870107,0.00221389353335508,0.25,"not_computed","Binary-outcome population prevalence has not been prespecified; unavailable Steiger is not treated as support",FALSE,0.002151253865265,,,,"not_estimable","binary-outcome population prevalence was not defined and microbial presence requires a liability-scale approximation; outcome R2 and a valid Steiger P value were therefore not computed","not estimable is not evidence supporting the exposure-to-outcome direction"
"finngen_r12_erectile_dysfunction|microbiome_2026|GCST90670387|primary","GCST90670387","Gut microbiome species abundance (Ruminiclostridium E siraeum, GCA_025150425.1)",1,0.161037239567823,0.941636540848568,"estimated","RIN_standardized_abundance","one source-defined RIN-standardized unit",1,0.0020977919683968,0.0020977919683968,0.0020977919683968,0.81,"not_computed","Binary-outcome population prevalence has not been prespecified; unavailable Steiger is not treated as support",FALSE,0.0020977919683968,,,,"not_estimable","binary-outcome population prevalence was not defined; outcome R2 and a valid Steiger P value were therefore not computed","not estimable is not evidence supporting the exposure-to-outcome direction"
"finngen_r12_erectile_dysfunction|microbiome_2026|GCST90670392|primary","GCST90670392","Gut microbiome species presence (Bifidobacterium pseudocatenulatum, GCF_001025215.1)",1,0.612894308543243,1,"estimated","presence","one SD on an approximate microbial-presence liability scale",1,0.00207936361147766,0.00206219161623933,0.00209623918459264,0.24,"not_computed","Binary-outcome population prevalence has not been prespecified; unavailable Steiger is not treated as support",FALSE,0.00207936361147766,,,,"not_estimable","binary-outcome population prevalence was not defined and microbial presence requires a liability-scale approximation; outcome R2 and a valid Steiger P value were therefore not computed","not estimable is not evidence supporting the exposure-to-outcome direction"
"finngen_r12_erectile_dysfunction|microbiome_2026|GCST90670394|primary","GCST90670394","Gut microbiome species abundance (Alistipes putredinis, GCF_000154465.1)",1,0.727066171405423,1,"estimated","RIN_standardized_abundance","one source-defined RIN-standardized unit",1,0.0016860573727712,0.0016860573727712,0.0016860573727712,0.94,"not_computed","Binary-outcome population prevalence has not been prespecified; unavailable Steiger is not treated as support",FALSE,0.0016860573727712,,,,"not_estimable","binary-outcome population prevalence was not defined; outcome R2 and a valid Steiger P value were therefore not computed","not estimable is not evidence supporting the exposure-to-outcome direction"
"finngen_r12_erectile_dysfunction|microbiome_2026|GCST90670400|primary","GCST90670400","Gut microbiome species abundance (Ruminococcus B gnavus, GCF_008121495.1)",1,0.961076424130338,1,"estimated","RIN_standardized_abundance","one source-defined RIN-standardized unit",1,0.00185037080238,0.00185037080238,0.00185037080238,0.62,"not_computed","Binary-outcome population prevalence has not been prespecified; unavailable Steiger is not treated as support",FALSE,0.00185037080238,,,,"not_estimable","binary-outcome population prevalence was not defined; outcome R2 and a valid Steiger P value were therefore not computed","not estimable is not evidence supporting the exposure-to-outcome direction"
"finngen_r12_erectile_dysfunction|microbiome_2026|GCST90670407|primary","GCST90670407","Gut microbiome species presence (SFEL01 sp004557245, GCA_004557245.1)",1,0.358601283148712,0.959049943304695,"estimated","presence","one SD on an approximate microbial-presence liability scale",1,0.00148634361742371,0.00148534033566771,0.00148720179088112,0.57,"not_computed","Binary-outcome population prevalence has not been prespecified; unavailable Steiger is not treated as support",FALSE,0.00148634361742371,,,,"not_estimable","binary-outcome population prevalence was not defined and microbial presence requires a liability-scale approximation; outcome R2 and a valid Steiger P value were therefore not computed","not estimable is not evidence supporting the exposure-to-outcome direction"
"finngen_r12_erectile_dysfunction|microbiome_2026|GCST90670408|primary","GCST90670408","Gut microbiome species presence (Fimenecus sp000432435, GCA_000432435.1)",1,0.279253595874817,0.959049943304695,"estimated","presence","one SD on an approximate microbial-presence liability scale",1,0.00197096136610037,0.00195330905325518,0.00198835762045379,0.49,"not_computed","Binary-outcome population prevalence has not been prespecified; unavailable Steiger is not treated as support",FALSE,0.00197096136610037,,,,"not_estimable","binary-outcome population prevalence was not defined and microbial presence requires a liability-scale approximation; outcome R2 and a valid Steiger P value were therefore not computed","not estimable is not evidence supporting the exposure-to-outcome direction"
"finngen_r12_erectile_dysfunction|microbiome_2026|GCST90670409|primary","GCST90670409","Gut microbiome species presence (Faecalibacterium prausnitzii A, GCF_023347235.1)",1,0.256317484116628,0.959049943304695,"estimated","presence","one SD on an approximate microbial-presence liability scale",1,0.00205745963320762,0.00200335340223694,0.00211132339837424,0.23,"not_computed","Binary-outcome population prevalence has not been prespecified; unavailable Steiger is not treated as support",FALSE,0.00205745963320762,,,,"not_estimable","binary-outcome population prevalence was not defined and microbial presence requires a liability-scale approximation; outcome R2 and a valid Steiger P value were therefore not computed","not estimable is not evidence supporting the exposure-to-outcome direction"
"finngen_r12_erectile_dysfunction|microbiome_2026|GCST90670417|primary","GCST90670417","Gut microbiome species abundance (Alistipes onderdonkii, GCA_025145285.1)",1,0.400907448653582,1,"estimated","RIN_standardized_abundance","one source-defined RIN-standardized unit",1,0.0020452986126048,0.0020452986126048,0.0020452986126048,0.91,"not_computed","Binary-outcome population prevalence has not been prespecified; unavailable Steiger is not treated as support",FALSE,0.0020452986126048,,,,"not_estimable","binary-outcome population prevalence was not defined; outcome R2 and a valid Steiger P value were therefore not computed","not estimable is not evidence supporting the exposure-to-outcome direction"
"finngen_r12_erectile_dysfunction|microbiome_2026|GCST90670426|primary","GCST90670426","Gut microbiome species abundance (Agathobaculum butyriciproducens, GCA_003096535.1)",1,0.167967603293638,0.941636540848568,"estimated","RIN_standardized_abundance","one source-defined RIN-standardized unit",1,0.0026082655153152,0.0026082655153152,0.0026082655153152,0.98,"not_computed","Binary-outcome population prevalence has not been prespecified; unavailable Steiger is not treated as support",FALSE,0.0026082655153152,,,,"not_estimable","binary-outcome population prevalence was not defined; outcome R2 and a valid Steiger P value were therefore not computed","not estimable is not evidence supporting the exposure-to-outcome direction"
"finngen_r12_erectile_dysfunction|microbiome_2026|GCST90670427|primary","GCST90670427","Gut microbiome species presence (Phascolarctobacterium faecium, GCF_003269275.1)",1,0.817167044899937,1,"estimated","presence","one SD on an approximate microbial-presence liability scale",1,0.00160310112978261,0.00159858001461063,0.00160745433269575,0.39,"not_computed","Binary-outcome population prevalence has not been prespecified; unavailable Steiger is not treated as support",FALSE,0.00160310112978261,,,,"not_estimable","binary-outcome population prevalence was not defined and microbial presence requires a liability-scale approximation; outcome R2 and a valid Steiger P value were therefore not computed","not estimable is not evidence supporting the exposure-to-outcome direction"
"finngen_r12_erectile_dysfunction|microbiome_2026|GCST90670428|primary","GCST90670428","Gut microbiome species abundance (Faecousia sp000434635, GCA_000434635.1)",1,0.745272009024095,1,"estimated","RIN_standardized_abundance","one source-defined RIN-standardized unit",1,0.001674582048395,0.001674582048395,0.001674582048395,0.65,"not_computed","Binary-outcome population prevalence has not been prespecified; unavailable Steiger is not treated as support",FALSE,0.001674582048395,,,,"not_estimable","binary-outcome population prevalence was not defined; outcome R2 and a valid Steiger P value were therefore not computed","not estimable is not evidence supporting the exposure-to-outcome direction"
"finngen_r12_erectile_dysfunction|microbiome_2026|GCST90670435|primary","GCST90670435","Gut microbiome species abundance (CAG-115 sp003531585, GCA_003531585.1)",1,0.664174396876849,1,"estimated","RIN_standardized_abundance","one source-defined RIN-standardized unit",1,0.0016775413304832,0.0016775413304832,0.0016775413304832,0.62,"not_computed","Binary-outcome population prevalence has not been prespecified; unavailable Steiger is not treated as support",FALSE,0.0016775413304832,,,,"not_estimable","binary-outcome population prevalence was not defined; outcome R2 and a valid Steiger P value were therefore not computed","not estimable is not evidence supporting the exposure-to-outcome direction"
"finngen_r12_erectile_dysfunction|microbiome_2026|GCST90670437|primary","GCST90670437","Gut microbiome species abundance (Blautia A massiliensis, GCF_001487165.1)",1,0.0534322589178885,0.941636540848568,"estimated","RIN_standardized_abundance","one source-defined RIN-standardized unit",1,0.0018967951321088,0.0018967951321088,0.0018967951321088,0.94,"not_computed","Binary-outcome population prevalence has not been prespecified; unavailable Steiger is not treated as support",FALSE,0.0018967951321088,,,,"not_estimable","binary-outcome population prevalence was not defined; outcome R2 and a valid Steiger P value were therefore not computed","not estimable is not evidence supporting the exposure-to-outcome direction"
"finngen_r12_erectile_dysfunction|microbiome_2026|GCST90670449|primary","GCST90670449","Gut microbiome species abundance (Mediterraneibacter faecis, GCA_001312505.1)",1,0.499775428260856,1,"estimated","RIN_standardized_abundance","one source-defined RIN-standardized unit",1,0.0018975183575102,0.0018975183575102,0.0018975183575102,0.91,"not_computed","Binary-outcome population prevalence has not been prespecified; unavailable Steiger is not treated as support",FALSE,0.0018975183575102,,,,"not_estimable","binary-outcome population prevalence was not defined; outcome R2 and a valid Steiger P value were therefore not computed","not estimable is not evidence supporting the exposure-to-outcome direction"
"finngen_r12_erectile_dysfunction|microbiome_2026|GCST90670457|primary","GCST90670457","Gut microbiome species presence (Parasutterella excrementihominis, GCF_000205025.1)",1,0.889475734214147,1,"estimated","presence","one SD on an approximate microbial-presence liability scale",1,0.00147982704312769,0.00147084328938183,0.00148866867637424,0.39,"not_computed","Binary-outcome population prevalence has not been prespecified; unavailable Steiger is not treated as support",FALSE,0.00147982704312769,,,,"not_estimable","binary-outcome population prevalence was not defined and microbial presence requires a liability-scale approximation; outcome R2 and a valid Steiger P value were therefore not computed","not estimable is not evidence supporting the exposure-to-outcome direction"
"finngen_r12_erectile_dysfunction|microbiome_2026|GCST90670460|primary","GCST90670460","Gut microbiome species presence (Eubacterium R sp000434995, GCA_000434995.1)",1,0.214040910098983,0.959049943304695,"estimated","presence","one SD on an approximate microbial-presence liability scale",1,0.00242897196778321,0.00240694811219848,0.00245058704413976,0.2,"not_computed","Binary-outcome population prevalence has not been prespecified; unavailable Steiger is not treated as support",FALSE,0.00242897196778321,,,,"not_estimable","binary-outcome population prevalence was not defined and microbial presence requires a liability-scale approximation; outcome R2 and a valid Steiger P value were therefore not computed","not estimable is not evidence supporting the exposure-to-outcome direction"
"finngen_r12_erectile_dysfunction|microbiome_2026|GCST90670466|primary","GCST90670466","Gut microbiome species presence (Bifidobacterium catenulatum, GCF_001025195.1)",1,0.618231299473913,1,"estimated","presence","one SD on an approximate microbial-presence liability scale",1,0.00380116390703555,0.00375718850903251,0.00384411622342173,0.16,"not_computed","Binary-outcome population prevalence has not been prespecified; unavailable Steiger is not treated as support",FALSE,0.00380116390703555,,,,"not_estimable","binary-outcome population prevalence was not defined and microbial presence requires a liability-scale approximation; outcome R2 and a valid Steiger P value were therefore not computed","not estimable is not evidence supporting the exposure-to-outcome direction"
"finngen_r12_erectile_dysfunction|microbiome_2026|GCST90670468|primary","GCST90670468","Gut microbiome species presence (COE1 sp001916965, GCA_001916965.1)",1,0.984849251920984,1,"estimated","presence","one SD on an approximate microbial-presence liability scale",1,0.00152134185228715,0.00150645575042026,0.00153607886490112,0.39,"not_computed","Binary-outcome population prevalence has not been prespecified; unavailable Steiger is not treated as support",FALSE,0.00152134185228715,,,,"not_estimable","binary-outcome population prevalence was not defined and microbial presence requires a liability-scale approximation; outcome R2 and a valid Steiger P value were therefore not computed","not estimable is not evidence supporting the exposure-to-outcome direction"
"finngen_r12_erectile_dysfunction|microbiome_2026|GCST90670473|primary","GCST90670473","Gut microbiome species abundance (Blautia A obeum, GCA_025147765.1)",1,0.825799176869524,1,"estimated","RIN_standardized_abundance","one source-defined RIN-standardized unit",1,0.00253218649662,0.00253218649662,0.00253218649662,0.96,"not_computed","Binary-outcome population prevalence has not been prespecified; unavailable Steiger is not treated as support",FALSE,0.00253218649662,,,,"not_estimable","binary-outcome population prevalence was not defined; outcome R2 and a valid Steiger P value were therefore not computed","not estimable is not evidence supporting the exposure-to-outcome direction"
"finngen_r12_erectile_dysfunction|microbiome_2026|GCST90670478|primary","GCST90670478","Gut microbiome species presence (CAG-882 sp003486385, GCA_003486385.1)",2,0.327217224004735,0.959049943304695,"estimated","presence","one SD on an approximate microbial-presence liability scale",2,0.00479975297591772,0.00472191151236277,0.00487676099203404,0.21,"not_computed","Binary-outcome population prevalence has not been prespecified; unavailable Steiger is not treated as support",FALSE,0.00479975297591772,,,,"not_estimable","binary-outcome population prevalence was not defined and microbial presence requires a liability-scale approximation; outcome R2 and a valid Steiger P value were therefore not computed","not estimable is not evidence supporting the exposure-to-outcome direction"
"finngen_r12_erectile_dysfunction|microbiome_2026|GCST90670492|primary","GCST90670492","Gut microbiome species presence (CAG-313 sp003539625, GCA_003539625.1)",1,0.388128653299061,0.991884336208711,"estimated","presence","one SD on an approximate microbial-presence liability scale",1,0.0025027006137256,0.00247956267127822,0.00252540269213507,0.18,"not_computed","Binary-outcome population prevalence has not been prespecified; unavailable Steiger is not treated as support",FALSE,0.0025027006137256,,,,"not_estimable","binary-outcome population prevalence was not defined and microbial presence requires a liability-scale approximation; outcome R2 and a valid Steiger P value were therefore not computed","not estimable is not evidence supporting the exposure-to-outcome direction"
"finngen_r12_erectile_dysfunction|microbiome_2026|GCST90670494|primary","GCST90670494","Gut microbiome species presence (Clostridium sp900540255, GCA_900540255.1)",3,0.881486297867219,1,"estimated","presence","one SD on an approximate microbial-presence liability scale",3,0.00760275784160324,0.00759898439576937,0.007605139593136,0.36,"not_computed","Binary-outcome population prevalence has not been prespecified; unavailable Steiger is not treated as support",FALSE,0.00760275784160324,,,,"not_estimable","binary-outcome population prevalence was not defined and microbial presence requires a liability-scale approximation; outcome R2 and a valid Steiger P value were therefore not computed","not estimable is not evidence supporting the exposure-to-outcome direction"
"finngen_r12_erectile_dysfunction|microbiome_2026|GCST90670495|primary","GCST90670495","Gut microbiome species abundance (Streptococcus thermophilus, GCF_010120595.1)",1,0.892239486956463,1,"estimated","RIN_standardized_abundance","one source-defined RIN-standardized unit",1,0.0018253901692928,0.0018253901692928,0.0018253901692928,0.67,"not_computed","Binary-outcome population prevalence has not been prespecified; unavailable Steiger is not treated as support",FALSE,0.0018253901692928,,,,"not_estimable","binary-outcome population prevalence was not defined; outcome R2 and a valid Steiger P value were therefore not computed","not estimable is not evidence supporting the exposure-to-outcome direction"
"finngen_r12_erectile_dysfunction|microbiome_2026|GCST90670498|primary","GCST90670498","Gut microbiome species presence (CAG-103 sp900757655, GCA_900757655.1)",1,0.906993636103803,1,"estimated","presence","one SD on an approximate microbial-presence liability scale",1,0.0030945452363997,0.00302624476211605,0.00316211063012811,0.14,"not_computed","Binary-outcome population prevalence has not been prespecified; unavailable Steiger is not treated as support",FALSE,0.0030945452363997,,,,"not_estimable","binary-outcome population prevalence was not defined and microbial presence requires a liability-scale approximation; outcome R2 and a valid Steiger P value were therefore not computed","not estimable is not evidence supporting the exposure-to-outcome direction"
"finngen_r12_erectile_dysfunction|microbiome_2026|GCST90670515|primary","GCST90670515","Gut microbiome species abundance (CAG-170 sp900545925, GCA_900545925.1)",1,0.490178462194678,1,"estimated","RIN_standardized_abundance","one source-defined RIN-standardized unit",1,0.0015892298309342,0.0015892298309342,0.0015892298309342,0.64,"not_computed","Binary-outcome population prevalence has not been prespecified; unavailable Steiger is not treated as support",FALSE,0.0015892298309342,,,,"not_estimable","binary-outcome population prevalence was not defined; outcome R2 and a valid Steiger P value were therefore not computed","not estimable is not evidence supporting the exposure-to-outcome direction"
"finngen_r12_erectile_dysfunction|microbiome_2026|GCST90670517|primary","GCST90670517","Gut microbiome species presence (Ventricola sp900542395, GCA_900542395.1)",1,0.42807092015255,1,"estimated","presence","one SD on an approximate microbial-presence liability scale",1,0.00154679010475538,0.00154465688886674,0.00154876598458701,0.51,"not_computed","Binary-outcome population prevalence has not been prespecified; unavailable Steiger is not treated as support",FALSE,0.00154679010475538,,,,"not_estimable","binary-outcome population prevalence was not defined and microbial presence requires a liability-scale approximation; outcome R2 and a valid Steiger P value were therefore not computed","not estimable is not evidence supporting the exposure-to-outcome direction"
"finngen_r12_erectile_dysfunction|microbiome_2026|GCST90670524|primary","GCST90670524","Gut microbiome species abundance (Mediterraneibacter torques, GCF_000153925.1)",1,0.69405987499609,1,"estimated","RIN_standardized_abundance","one source-defined RIN-standardized unit",1,0.0021155756271488,0.0021155756271488,0.0021155756271488,0.87,"not_computed","Binary-outcome population prevalence has not been prespecified; unavailable Steiger is not treated as support",FALSE,0.0021155756271488,,,,"not_estimable","binary-outcome population prevalence was not defined; outcome R2 and a valid Steiger P value were therefore not computed","not estimable is not evidence supporting the exposure-to-outcome direction"
"finngen_r12_erectile_dysfunction|microbiome_2026|GCST90670529|primary","GCST90670529","Gut microbiome species presence (Butyribacter intestini, GCA_001414325.1)",1,0.0661820530797933,0.941636540848568,"estimated","presence","one SD on an approximate microbial-presence liability scale",1,0.00149984911948675,0.00149292018661456,0.00150663079812502,0.45,"not_computed","Binary-outcome population prevalence has not been prespecified; unavailable Steiger is not treated as support",FALSE,0.00149984911948675,,,,"not_estimable","binary-outcome population prevalence was not defined and microbial presence requires a liability-scale approximation; outcome R2 and a valid Steiger P value were therefore not computed","not estimable is not evidence supporting the exposure-to-outcome direction"
"finngen_r12_erectile_dysfunction|microbiome_2026|GCST90670534|primary","GCST90670534","Gut microbiome species abundance (Acutalibacter ornithocaccae, GCA_000435395.1)",1,0.137280958319233,0.941636540848568,"estimated","RIN_standardized_abundance","one source-defined RIN-standardized unit",1,0.001445960517755,0.001445960517755,0.001445960517755,0.68,"not_computed","Binary-outcome population prevalence has not been prespecified; unavailable Steiger is not treated as support",FALSE,0.001445960517755,,,,"not_estimable","binary-outcome population prevalence was not defined; outcome R2 and a valid Steiger P value were therefore not computed","not estimable is not evidence supporting the exposure-to-outcome direction"
"finngen_r12_erectile_dysfunction|microbiome_2026|GCST90670546|primary","GCST90670546","Gut microbiome species presence (Gemmiger sp900540775, GCF_018784445.1)",1,0.0931134691042082,0.941636540848568,"estimated","presence","one SD on an approximate microbial-presence liability scale",1,0.00139194185682802,0.00137834627648425,0.00140541137636834,0.56,"not_computed","Binary-outcome population prevalence has not been prespecified; unavailable Steiger is not treated as support",FALSE,0.00139194185682802,,,,"not_estimable","binary-outcome population prevalence was not defined and microbial presence requires a liability-scale approximation; outcome R2 and a valid Steiger P value were therefore not computed","not estimable is not evidence supporting the exposure-to-outcome direction"
"finngen_r12_erectile_dysfunction|microbiome_2026|GCST90670550|primary","GCST90670550","Gut microbiome species presence (Negativibacillus sp000435195, GCA_000435195.1)",1,0.612894308543243,1,"estimated","presence","one SD on an approximate microbial-presence liability scale",1,0.00318013012303688,0.00314906753235183,0.00321055634559007,0.28,"not_computed","Binary-outcome population prevalence has not been prespecified; unavailable Steiger is not treated as support",FALSE,0.00318013012303688,,,,"not_estimable","binary-outcome population prevalence was not defined and microbial presence requires a liability-scale approximation; outcome R2 and a valid Steiger P value were therefore not computed","not estimable is not evidence supporting the exposure-to-outcome direction"
"finngen_r12_erectile_dysfunction|microbiome_2026|GCST90670551|primary","GCST90670551","Gut microbiome species presence (Enterocloster sp001517625, GCF_001517625.2)",1,0.94998250059806,1,"estimated","presence","one SD on an approximate microbial-presence liability scale",1,0.00275321676852288,0.00273585841951179,0.00277009810091698,0.17,"not_computed","Binary-outcome population prevalence has not been prespecified; unavailable Steiger is not treated as support",FALSE,0.00275321676852288,,,,"not_estimable","binary-outcome population prevalence was not defined and microbial presence requires a liability-scale approximation; outcome R2 and a valid Steiger P value were therefore not computed","not estimable is not evidence supporting the exposure-to-outcome direction"
"finngen_r12_erectile_dysfunction|microbiome_2026|GCST90670554|primary","GCST90670554","Gut microbiome species presence (Faecalimonas phoceensis, GCF_900104635.1)",1,0.81731095997303,1,"estimated","presence","one SD on an approximate microbial-presence liability scale",1,0.00302708009020083,0.00301343781236205,0.00304014023670306,0.15,"not_computed","Binary-outcome population prevalence has not been prespecified; unavailable Steiger is not treated as support",FALSE,0.00302708009020083,,,,"not_estimable","binary-outcome population prevalence was not defined and microbial presence requires a liability-scale approximation; outcome R2 and a valid Steiger P value were therefore not computed","not estimable is not evidence supporting the exposure-to-outcome direction"
"finngen_r12_erectile_dysfunction|microbiome_2026|GCST90670555|primary","GCST90670555","Gut microbiome species abundance (Limiplasma merdipullorum, GCA_900540045.1)",1,0.261293270576053,0.959049943304695,"estimated","RIN_standardized_abundance","one source-defined RIN-standardized unit",1,0.00226615439232,0.00226615439232,0.00226615439232,0.74,"not_computed","Binary-outcome population prevalence has not been prespecified; unavailable Steiger is not treated as support",FALSE,0.00226615439232,,,,"not_estimable","binary-outcome population prevalence was not defined; outcome R2 and a valid Steiger P value were therefore not computed","not estimable is not evidence supporting the exposure-to-outcome direction"
"finngen_r12_erectile_dysfunction|microbiome_2026|GCST90670562|primary","GCST90670562","Gut microbiome species presence (CAG-273 sp000437855, GCA_000437855.1)",1,0.611791377565657,1,"estimated","presence","one SD on an approximate microbial-presence liability scale",1,0.00317286427461198,0.00310072904594527,0.00324422003050451,0.13,"not_computed","Binary-outcome population prevalence has not been prespecified; unavailable Steiger is not treated as support",FALSE,0.00317286427461198,,,,"not_estimable","binary-outcome population prevalence was not defined and microbial presence requires a liability-scale approximation; outcome R2 and a valid Steiger P value were therefore not computed","not estimable is not evidence supporting the exposure-to-outcome direction"
"finngen_r12_erectile_dysfunction|microbiome_2026|GCST90670564|primary","GCST90670564","Gut microbiome species presence (UBA738 sp003522945, GCA_003522945.1)",1,0.379034425539346,0.979527167124153,"estimated","presence","one SD on an approximate microbial-presence liability scale",1,0.00149703170647213,0.00149151100401304,0.00150240451017191,0.45,"not_computed","Binary-outcome population prevalence has not been prespecified; unavailable Steiger is not treated as support",FALSE,0.00149703170647213,,,,"not_estimable","binary-outcome population prevalence was not defined and microbial presence requires a liability-scale approximation; outcome R2 and a valid Steiger P value were therefore not computed","not estimable is not evidence supporting the exposure-to-outcome direction"
"finngen_r12_erectile_dysfunction|microbiome_2026|GCST90670572|primary","GCST90670572","Gut microbiome species abundance (Alistipes A ihumii, GCA_025144665.1)",1,0.302519956615618,0.959049943304695,"estimated","RIN_standardized_abundance","one source-defined RIN-standardized unit",1,0.001597813952,0.001597813952,0.001597813952,0.66,"not_computed","Binary-outcome population prevalence has not been prespecified; unavailable Steiger is not treated as support",FALSE,0.001597813952,,,,"not_estimable","binary-outcome population prevalence was not defined; outcome R2 and a valid Steiger P value were therefore not computed","not estimable is not evidence supporting the exposure-to-outcome direction"
"finngen_r12_erectile_dysfunction|microbiome_2026|GCST90670586|primary","GCST90670586","Gut microbiome species presence (UBA644 sp900547165, GCA_900547165.1)",1,0.0106172024821376,0.941636540848568,"estimated","presence","one SD on an approximate microbial-presence liability scale",1,0.00180430698335663,0.00176982869833028,0.00183858235727365,0.35,"not_computed","Binary-outcome population prevalence has not been prespecified; unavailable Steiger is not treated as support",TRUE,0.00180430698335663,,,,"not_estimable","binary-outcome population prevalence was not defined and microbial presence requires a liability-scale approximation; outcome R2 and a valid Steiger P value were therefore not computed","not estimable is not evidence supporting the exposure-to-outcome direction"
"finngen_r12_erectile_dysfunction|microbiome_2026|GCST90670588|primary","GCST90670588","Gut microbiome species abundance (Faecalibacterium sp900539945, GCA_900539945.1)",1,0.96029833298552,1,"estimated","RIN_standardized_abundance","one source-defined RIN-standardized unit",1,0.0022055877307512,0.0022055877307512,0.0022055877307512,0.91,"not_computed","Binary-outcome population prevalence has not been prespecified; unavailable Steiger is not treated as support",FALSE,0.0022055877307512,,,,"not_estimable","binary-outcome population prevalence was not defined; outcome R2 and a valid Steiger P value were therefore not computed","not estimable is not evidence supporting the exposure-to-outcome direction"
"finngen_r12_erectile_dysfunction|microbiome_2026|GCST90670591|primary","GCST90670591","Gut microbiome species abundance (Copromonas sp000435795, GCA_014385265.1)",1,0.63538558099319,1,"estimated","RIN_standardized_abundance","one source-defined RIN-standardized unit",1,0.0023693125091328,0.0023693125091328,0.0023693125091328,0.68,"not_computed","Binary-outcome population prevalence has not been prespecified; unavailable Steiger is not treated as support",FALSE,0.0023693125091328,,,,"not_estimable","binary-outcome population prevalence was not defined; outcome R2 and a valid Steiger P value were therefore not computed","not estimable is not evidence supporting the exposure-to-outcome direction"
"finngen_r12_erectile_dysfunction|microbiome_2026|GCST90670630|primary","GCST90670630","Gut microbiome species presence (Clostridium sp001916075, GCF_014287815.1)",0,,,"not_estimable",,,,,,,,"not_estimable","No harmonised instruments remained",FALSE,,,,,"not_estimable","primary MR pair not estimable; absence of a Steiger result is not directional support","not estimable is not evidence supporting the exposure-to-outcome direction"
"finngen_r12_erectile_dysfunction|microbiome_2026|GCST90670634|primary","GCST90670634","Gut microbiome species presence (CAG-245 sp000434195, GCA_000434195.1)",1,0.458690847915859,1,"estimated","presence","one SD on an approximate microbial-presence liability scale",1,0.00539249106042034,0.00523482113087528,0.00561546725483529,0.08,"not_computed","Binary-outcome population prevalence has not been prespecified; unavailable Steiger is not treated as support",FALSE,0.00539249106042034,,,,"not_estimable","binary-outcome population prevalence was not defined and microbial presence requires a liability-scale approximation; outcome R2 and a valid Steiger P value were therefore not computed","not estimable is not evidence supporting the exposure-to-outcome direction"
"finngen_r12_erectile_dysfunction|microbiome_2026|GCST90670635|primary","GCST90670635","Gut microbiome species presence (Agathobacter sp000434275, GCA_902363675.1)",1,0.405388309407031,1,"estimated","presence","one SD on an approximate microbial-presence liability scale",1,0.00185882614844587,0.00183932974383392,0.00187809130133263,0.42,"not_computed","Binary-outcome population prevalence has not been prespecified; unavailable Steiger is not treated as support",FALSE,0.00185882614844587,,,,"not_estimable","binary-outcome population prevalence was not defined and microbial presence requires a liability-scale approximation; outcome R2 and a valid Steiger P value were therefore not computed","not estimable is not evidence supporting the exposure-to-outcome direction"
"finngen_r12_erectile_dysfunction|microbiome_2026|GCST90670644|primary","GCST90670644","Gut microbiome species presence (CAG-345 sp000433315, GCA_000433315.1)",1,0.710374391373733,1,"estimated","presence","one SD on an approximate microbial-presence liability scale",1,0.00208424475548142,0.00202444485381286,0.00214371030533909,0.23,"not_computed","Binary-outcome population prevalence has not been prespecified; unavailable Steiger is not treated as support",FALSE,0.00208424475548142,,,,"not_estimable","binary-outcome population prevalence was not defined and microbial presence requires a liability-scale approximation; outcome R2 and a valid Steiger P value were therefore not computed","not estimable is not evidence supporting the exposure-to-outcome direction"
"finngen_r12_erectile_dysfunction|microbiome_2026|GCST90670680|primary","GCST90670680","Gut microbiome species presence (Spyradocola merdavium, GCA_904393115.1)",1,0.70572154979991,1,"estimated","presence","one SD on an approximate microbial-presence liability scale",1,0.00180951713471338,0.00179638267471929,0.00182243497048696,0.46,"not_computed","Binary-outcome population prevalence has not been prespecified; unavailable Steiger is not treated as support",FALSE,0.00180951713471338,,,,"not_estimable","binary-outcome population prevalence was not defined and microbial presence requires a liability-scale approximation; outcome R2 and a valid Steiger P value were therefore not computed","not estimable is not evidence supporting the exposure-to-outcome direction"
"finngen_r12_erectile_dysfunction|microbiome_2026|GCST90670684|primary","GCST90670684","Gut microbiome species presence (Clostridium saudiense, GCF_000577815.1)",4,0.298935903042746,0.959049943304695,"estimated","presence","one SD on an approximate microbial-presence liability scale",4,0.00723053802011084,0.00718739786755008,0.00727277386420735,0.4,"not_computed","Binary-outcome population prevalence has not been prespecified; unavailable Steiger is not treated as support",FALSE,0.00723053802011084,,,,"not_estimable","binary-outcome population prevalence was not defined and microbial presence requires a liability-scale approximation; outcome R2 and a valid Steiger P value were therefore not computed","not estimable is not evidence supporting the exposure-to-outcome direction"
"finngen_r12_erectile_dysfunction|microbiome_2026|GCST90670687|primary","GCST90670687","Gut microbiome species abundance (UMGS1071 sp900542375, GCA_900542375.1)",1,0.480239655581467,1,"estimated","RIN_standardized_abundance","one source-defined RIN-standardized unit",1,0.0015322913901792,0.0015322913901792,0.0015322913901792,0.59,"not_computed","Binary-outcome population prevalence has not been prespecified; unavailable Steiger is not treated as support",FALSE,0.0015322913901792,,,,"not_estimable","binary-outcome population prevalence was not defined; outcome R2 and a valid Steiger P value were therefore not computed","not estimable is not evidence supporting the exposure-to-outcome direction"
"finngen_r12_erectile_dysfunction|microbiome_2026|GCST90670698|primary","GCST90670698","Gut microbiome species presence (Negativibacillus faecipullorum, GCA_900547455.1)",1,0.839886604644221,1,"estimated","presence","one SD on an approximate microbial-presence liability scale",1,0.00159964584430035,0.00159514323674894,0.00160397903198475,0.37,"not_computed","Binary-outcome population prevalence has not been prespecified; unavailable Steiger is not treated as support",FALSE,0.00159964584430035,,,,"not_estimable","binary-outcome population prevalence was not defined and microbial presence requires a liability-scale approximation; outcome R2 and a valid Steiger P value were therefore not computed","not estimable is not evidence supporting the exposure-to-outcome direction"
"finngen_r12_erectile_dysfunction|microbiome_2026|GCST90670700|primary","GCST90670700","Gut microbiome species presence (Schaedlerella glycyrrhizinilytica A, GCF_015560805.1)",1,0.94998250059806,1,"estimated","presence","one SD on an approximate microbial-presence liability scale",1,0.00184377652841619,0.00183416778829654,0.00185316595896985,0.32,"not_computed","Binary-outcome population prevalence has not been prespecified; unavailable Steiger is not treated as support",FALSE,0.00184377652841619,,,,"not_estimable","binary-outcome population prevalence was not defined and microbial presence requires a liability-scale approximation; outcome R2 and a valid Steiger P value were therefore not computed","not estimable is not evidence supporting the exposure-to-outcome direction"
"finngen_r12_erectile_dysfunction|microbiome_2026|GCST90670711|primary","GCST90670711","Gut microbiome species abundance (Egerieenecus merdigallinarum, GCA_900553295.1)",1,0.226416127494702,0.959049943304695,"estimated","RIN_standardized_abundance","one source-defined RIN-standardized unit",1,0.0016096361385272,0.0016096361385272,0.0016096361385272,0.69,"not_computed","Binary-outcome population prevalence has not been prespecified; unavailable Steiger is not treated as support",FALSE,0.0016096361385272,,,,"not_estimable","binary-outcome population prevalence was not defined; outcome R2 and a valid Steiger P value were therefore not computed","not estimable is not evidence supporting the exposure-to-outcome direction"
"finngen_r12_erectile_dysfunction|microbiome_2026|GCST90670732|primary","GCST90670732","Gut microbiome species presence (CAG-269 sp905213875, GCA_905213875.1)",0,,,"not_estimable",,,,,,,,"not_estimable","No harmonised instruments remained",FALSE,,,,,"not_estimable","primary MR pair not estimable; absence of a Steiger result is not directional support","not estimable is not evidence supporting the exposure-to-outcome direction"
"finngen_r12_erectile_dysfunction|microbiome_2026|GCST90670746|primary","GCST90670746","Gut microbiome species abundance (Ventricola sp900542445, GCA_900542445.1)",1,0.860441872079256,1,"estimated","RIN_standardized_abundance","one source-defined RIN-standardized unit",1,0.0018683875024062,0.0018683875024062,0.0018683875024062,0.76,"not_computed","Binary-outcome population prevalence has not been prespecified; unavailable Steiger is not treated as support",FALSE,0.0018683875024062,,,,"not_estimable","binary-outcome population prevalence was not defined; outcome R2 and a valid Steiger P value were therefore not computed","not estimable is not evidence supporting the exposure-to-outcome direction"
"finngen_r12_erectile_dysfunction|microbiome_2026|GCST90670748|primary","GCST90670748","Gut microbiome species presence (Faecousia sp000435995, GCA_900545515.1)",1,0.676188907803458,1,"estimated","presence","one SD on an approximate microbial-presence liability scale",1,0.00170030993263599,0.00169020953684646,0.00171021996761819,0.51,"not_computed","Binary-outcome population prevalence has not been prespecified; unavailable Steiger is not treated as support",FALSE,0.00170030993263599,,,,"not_estimable","binary-outcome population prevalence was not defined and microbial presence requires a liability-scale approximation; outcome R2 and a valid Steiger P value were therefore not computed","not estimable is not evidence supporting the exposure-to-outcome direction"
"finngen_r12_erectile_dysfunction|microbiome_2026|GCST90670749|primary","GCST90670749","Gut microbiome species abundance (Lachnoclostridium B sp900066555, GCF_003477705.1)",1,0.305371252799809,0.959049943304695,"estimated","RIN_standardized_abundance","one source-defined RIN-standardized unit",1,0.0017953367929728,0.0017953367929728,0.0017953367929728,0.96,"not_computed","Binary-outcome population prevalence has not been prespecified; unavailable Steiger is not treated as support",FALSE,0.0017953367929728,,,,"not_estimable","binary-outcome population prevalence was not defined; outcome R2 and a valid Steiger P value were therefore not computed","not estimable is not evidence supporting the exposure-to-outcome direction"
"finngen_r12_erectile_dysfunction|microbiome_2026|GCST90670756|primary","GCST90670756","Gut microbiome species abundance (Intestinibacter sp900540355, GCF_015667935.1)",4,0.589605844074519,1,"estimated","RIN_standardized_abundance","one source-defined RIN-standardized unit",4,0.0066784008097408,0.0066784008097408,0.0066784008097408,0.56,"not_computed","Binary-outcome population prevalence has not been prespecified; unavailable Steiger is not treated as support",FALSE,0.0066784008097408,,,,"not_estimable","binary-outcome population prevalence was not defined; outcome R2 and a valid Steiger P value were therefore not computed","not estimable is not evidence supporting the exposure-to-outcome direction"
"finngen_r12_erectile_dysfunction|microbiome_2026|GCST90670757|primary","GCST90670757","Gut microbiome species abundance (Limivivens sp900543575, GCA_018223435.1)",0,,,"not_estimable",,,,,,,,"not_estimable","No harmonised instruments remained",FALSE,,,,,"not_estimable","primary MR pair not estimable; absence of a Steiger result is not directional support","not estimable is not evidence supporting the exposure-to-outcome direction"
"finngen_r12_erectile_dysfunction|microbiome_2026|GCST90670761|primary","GCST90670761","Gut microbiome species presence (UBA1417 sp900552925, GCA_900552925.1)",1,0.93629127699157,1,"estimated","presence","one SD on an approximate microbial-presence liability scale",1,0.00335586329778536,0.00328777993942237,0.00342308739133742,0.12,"not_computed","Binary-outcome population prevalence has not been prespecified; unavailable Steiger is not treated as support",FALSE,0.00335586329778536,,,,"not_estimable","binary-outcome population prevalence was not defined and microbial presence requires a liability-scale approximation; outcome R2 and a valid Steiger P value were therefore not computed","not estimable is not evidence supporting the exposure-to-outcome direction"
"finngen_r12_erectile_dysfunction|microbiome_2026|GCST90670769|primary","GCST90670769","Gut microbiome species presence (Coprobacillus cateniformis, GCF_009767585.1)",1,0.952748881646244,1,"estimated","presence","one SD on an approximate microbial-presence liability scale",1,0.00498564128211763,0.00487944659034846,0.00509035354429496,0.27,"not_computed","Binary-outcome population prevalence has not been prespecified; unavailable Steiger is not treated as support",FALSE,0.00498564128211763,,,,"not_estimable","binary-outcome population prevalence was not defined and microbial presence requires a liability-scale approximation; outcome R2 and a valid Steiger P value were therefore not computed","not estimable is not evidence supporting the exposure-to-outcome direction"
"finngen_r12_erectile_dysfunction|microbiome_2026|GCST90670774|primary","GCST90670774","Gut microbiome species abundance (Pauljensenia sp000278725, GCF_000278725.1)",1,0.0907875187009254,0.941636540848568,"estimated","RIN_standardized_abundance","one source-defined RIN-standardized unit",1,0.00181190403072,0.00181190403072,0.00181190403072,0.76,"not_computed","Binary-outcome population prevalence has not been prespecified; unavailable Steiger is not treated as support",FALSE,0.00181190403072,,,,"not_estimable","binary-outcome population prevalence was not defined; outcome R2 and a valid Steiger P value were therefore not computed","not estimable is not evidence supporting the exposure-to-outcome direction"
"finngen_r12_erectile_dysfunction|microbiome_2026|GCST90670780|primary","GCST90670780","Gut microbiome species presence (Faecalibacterium prausnitzii F, GCF_002549775.1)",1,0.346659318286186,0.959049943304695,"estimated","presence","one SD on an approximate microbial-presence liability scale",1,0.00280927940373522,0.00279082620143862,0.00282719244279035,0.17,"not_computed","Binary-outcome population prevalence has not been prespecified; unavailable Steiger is not treated as support",FALSE,0.00280927940373522,,,,"not_estimable","binary-outcome population prevalence was not defined and microbial presence requires a liability-scale approximation; outcome R2 and a valid Steiger P value were therefore not computed","not estimable is not evidence supporting the exposure-to-outcome direction"
"finngen_r12_erectile_dysfunction|microbiome_2026|GCST90670781|primary","GCST90670781","Gut microbiome species presence (Fimisoma avicola, GCA_900542565.1)",1,0.00719552323281241,0.941636540848568,"estimated","presence","one SD on an approximate microbial-presence liability scale",1,0.00177957951172847,0.00175234265428508,0.00180659857569838,0.36,"not_computed","Binary-outcome population prevalence has not been prespecified; unavailable Steiger is not treated as support",TRUE,0.00177957951172847,,,,"not_estimable","binary-outcome population prevalence was not defined and microbial presence requires a liability-scale approximation; outcome R2 and a valid Steiger P value were therefore not computed","not estimable is not evidence supporting the exposure-to-outcome direction"
"finngen_r12_erectile_dysfunction|microbiome_2026|GCST90670784|primary","GCST90670784","Gut microbiome species presence (Oribacterium sinus, GCF_014202695.1)",1,0.856178482551423,1,"estimated","presence","one SD on an approximate microbial-presence liability scale",1,0.00318680677241012,0.00313879574567557,0.00323408459594189,0.18,"not_computed","Binary-outcome population prevalence has not been prespecified; unavailable Steiger is not treated as support",FALSE,0.00318680677241012,,,,"not_estimable","binary-outcome population prevalence was not defined and microbial presence requires a liability-scale approximation; outcome R2 and a valid Steiger P value were therefore not computed","not estimable is not evidence supporting the exposure-to-outcome direction"
"finngen_r12_erectile_dysfunction|microbiome_2026|GCST90670786|primary","GCST90670786","Gut microbiome species presence (V9D3004 sp900760345, GCA_900760345.1)",1,0.159655730512454,0.941636540848568,"estimated","presence","one SD on an approximate microbial-presence liability scale",1,0.00255238309552026,0.00251993073046493,0.00258443903317581,0.2,"not_computed","Binary-outcome population prevalence has not been prespecified; unavailable Steiger is not treated as support",FALSE,0.00255238309552026,,,,"not_estimable","binary-outcome population prevalence was not defined and microbial presence requires a liability-scale approximation; outcome R2 and a valid Steiger P value were therefore not computed","not estimable is not evidence supporting the exposure-to-outcome direction"
"finngen_r12_erectile_dysfunction|microbiome_2026|GCST90670792|primary","GCST90670792","Gut microbiome species abundance (CAG-317 sp000433215, GCF_003435815.1)",1,0.82498464255431,1,"estimated","RIN_standardized_abundance","one source-defined RIN-standardized unit",1,0.0015755181757422,0.0015755181757422,0.0015755181757422,0.78,"not_computed","Binary-outcome population prevalence has not been prespecified; unavailable Steiger is not treated as support",FALSE,0.0015755181757422,,,,"not_estimable","binary-outcome population prevalence was not defined; outcome R2 and a valid Steiger P value were therefore not computed","not estimable is not evidence supporting the exposure-to-outcome direction"
"finngen_r12_erectile_dysfunction|microbiome_2026|GCST90670796|primary","GCST90670796","Gut microbiome species presence (Longicatena caecimuris, GCF_004341945.1)",1,0.639382970719619,1,"estimated","presence","one SD on an approximate microbial-presence liability scale",1,0.00265522592707601,0.00264066943962456,0.00266930369021524,0.18,"not_computed","Binary-outcome population prevalence has not been prespecified; unavailable Steiger is not treated as support",FALSE,0.00265522592707601,,,,"not_estimable","binary-outcome population prevalence was not defined and microbial presence requires a liability-scale approximation; outcome R2 and a valid Steiger P value were therefore not computed","not estimable is not evidence supporting the exposure-to-outcome direction"
"finngen_r12_erectile_dysfunction|microbiome_2026|GCST90670806|primary","GCST90670806","Gut microbiome species presence (Allisonella histaminiformans, GCF_900103425.1)",1,0.994751139689019,1,"estimated","presence","one SD on an approximate microbial-presence liability scale",1,0.00269480393443623,0.00266760630285246,0.00272149080039485,0.15,"not_computed","Binary-outcome population prevalence has not been prespecified; unavailable Steiger is not treated as support",FALSE,0.00269480393443623,,,,"not_estimable","binary-outcome population prevalence was not defined and microbial presence requires a liability-scale approximation; outcome R2 and a valid Steiger P value were therefore not computed","not estimable is not evidence supporting the exposure-to-outcome direction"
"finngen_r12_erectile_dysfunction|microbiome_2026|GCST90670813|primary","GCST90670813","Gut microbiome species abundance (Lawsonibacter sp900066645, GCA_902362775.1)",1,0.0551351090514849,0.941636540848568,"estimated","RIN_standardized_abundance","one source-defined RIN-standardized unit",1,0.00185813485182,0.00185813485182,0.00185813485182,0.93,"not_computed","Binary-outcome population prevalence has not been prespecified; unavailable Steiger is not treated as support",FALSE,0.00185813485182,,,,"not_estimable","binary-outcome population prevalence was not defined; outcome R2 and a valid Steiger P value were therefore not computed","not estimable is not evidence supporting the exposure-to-outcome direction"
"finngen_r12_erectile_dysfunction|microbiome_2026|GCST90670815|primary","GCST90670815","Gut microbiome species presence (Scatenecus faecavium, GCA_900551915.1)",1,0.486378406716285,1,"estimated","presence","one SD on an approximate microbial-presence liability scale",1,0.00355733271377276,0.00355006240902297,0.00356376254835871,0.12,"not_computed","Binary-outcome population prevalence has not been prespecified; unavailable Steiger is not treated as support",FALSE,0.00355733271377276,,,,"not_estimable","binary-outcome population prevalence was not defined and microbial presence requires a liability-scale approximation; outcome R2 and a valid Steiger P value were therefore not computed","not estimable is not evidence supporting the exposure-to-outcome direction"
"finngen_r12_erectile_dysfunction|microbiome_2026|GCST90670827|primary","GCST90670827","Gut microbiome species presence (Merdimonas faecis, GCF_001754075.1)",1,0.97811374991681,1,"estimated","presence","one SD on an approximate microbial-presence liability scale",1,0.00213896680835735,0.00213796285042873,0.00213966974281983,0.22,"not_computed","Binary-outcome population prevalence has not been prespecified; unavailable Steiger is not treated as support",FALSE,0.00213896680835735,,,,"not_estimable","binary-outcome population prevalence was not defined and microbial presence requires a liability-scale approximation; outcome R2 and a valid Steiger P value were therefore not computed","not estimable is not evidence supporting the exposure-to-outcome direction"
"finngen_r12_erectile_dysfunction|microbiome_2026|GCST90670835|primary","GCST90670835","Gut microbiome species presence (Faecivicinus sp900553265, GCA_900553265.1)",1,0.71907444759387,1,"estimated","presence","one SD on an approximate microbial-presence liability scale",1,0.00139683811677404,0.00138740209959999,0.00140614473888977,0.56,"not_computed","Binary-outcome population prevalence has not been prespecified; unavailable Steiger is not treated as support",FALSE,0.00139683811677404,,,,"not_estimable","binary-outcome population prevalence was not defined and microbial presence requires a liability-scale approximation; outcome R2 and a valid Steiger P value were therefore not computed","not estimable is not evidence supporting the exposure-to-outcome direction"
"finngen_r12_erectile_dysfunction|microbiome_2026|GCST90670838|primary","GCST90670838","Gut microbiome species presence (Massilicoli timonensis, GCF_900199515.1)",1,0.162246034635997,0.941636540848568,"estimated","presence","one SD on an approximate microbial-presence liability scale",1,0.00317559533794153,0.0031377329103399,0.00321284802473186,0.16,"not_computed","Binary-outcome population prevalence has not been prespecified; unavailable Steiger is not treated as support",FALSE,0.00317559533794153,,,,"not_estimable","binary-outcome population prevalence was not defined and microbial presence requires a liability-scale approximation; outcome R2 and a valid Steiger P value were therefore not computed","not estimable is not evidence supporting the exposure-to-outcome direction"
"finngen_r12_erectile_dysfunction|microbiome_2026|GCST90670852|primary","GCST90670852","Gut microbiome species abundance (Blautia A sp900066505, GCF_013304385.1)",1,0.727756791526909,1,"estimated","RIN_standardized_abundance","one source-defined RIN-standardized unit",1,0.001684090108995,0.001684090108995,0.001684090108995,0.88,"not_computed","Binary-outcome population prevalence has not been prespecified; unavailable Steiger is not treated as support",FALSE,0.001684090108995,,,,"not_estimable","binary-outcome population prevalence was not defined; outcome R2 and a valid Steiger P value were therefore not computed","not estimable is not evidence supporting the exposure-to-outcome direction"
"finngen_r12_erectile_dysfunction|microbiome_2026|GCST90670875|primary","GCST90670875","Gut microbiome species presence (Blautia A luti, GCF_009707925.1)",1,0.0966767588916477,0.941636540848568,"estimated","presence","one SD on an approximate microbial-presence liability scale",1,0.0014908833826638,0.00148773241990341,0.00149388901614407,0.63,"not_computed","Binary-outcome population prevalence has not been prespecified; unavailable Steiger is not treated as support",FALSE,0.0014908833826638,,,,"not_estimable","binary-outcome population prevalence was not defined and microbial presence requires a liability-scale approximation; outcome R2 and a valid Steiger P value were therefore not computed","not estimable is not evidence supporting the exposure-to-outcome direction"
"finngen_r12_erectile_dysfunction|microbiome_2026|GCST90670881|primary","GCST90670881","Gut microbiome species presence (Dysosmobacter excrementavium, GCA_019118505.1)",1,0.618231299473913,1,"estimated","presence","one SD on an approximate microbial-presence liability scale",1,0.0026686341913733,0.00264323685221852,0.00269353861456001,0.22,"not_computed","Binary-outcome population prevalence has not been prespecified; unavailable Steiger is not treated as support",FALSE,0.0026686341913733,,,,"not_estimable","binary-outcome population prevalence was not defined and microbial presence requires a liability-scale approximation; outcome R2 and a valid Steiger P value were therefore not computed","not estimable is not evidence supporting the exposure-to-outcome direction"
"finngen_r12_erectile_dysfunction|microbiome_2026|GCST90670884|primary","GCST90670884","Gut microbiome species abundance (Enterocloster excrementigallinarum, GCA_900547035.1)",1,0.159579034407126,0.941636540848568,"estimated","RIN_standardized_abundance","one source-defined RIN-standardized unit",1,0.0016616411119968,0.0016616411119968,0.0016616411119968,0.58,"not_computed","Binary-outcome population prevalence has not been prespecified; unavailable Steiger is not treated as support",FALSE,0.0016616411119968,,,,"not_estimable","binary-outcome population prevalence was not defined; outcome R2 and a valid Steiger P value were therefore not computed","not estimable is not evidence supporting the exposure-to-outcome direction"
"finngen_r12_erectile_dysfunction|microbiome_2026|GCST90670890|primary","GCST90670890","Gut microbiome species presence (Pseudobutyricicoccus sp003477405, GCA_003477405.1)",1,0.152012610459768,0.941636540848568,"estimated","presence","one SD on an approximate microbial-presence liability scale",1,0.00240522737574274,0.00235240890559287,0.00245771845613147,0.16,"not_computed","Binary-outcome population prevalence has not been prespecified; unavailable Steiger is not treated as support",FALSE,0.00240522737574274,,,,"not_estimable","binary-outcome population prevalence was not defined and microbial presence requires a liability-scale approximation; outcome R2 and a valid Steiger P value were therefore not computed","not estimable is not evidence supporting the exposure-to-outcome direction"
"finngen_r12_erectile_dysfunction|microbiome_2026|GCST90670899|primary","GCST90670899","Gut microbiome species presence (Dysosmobacter sp900544615, GCA_900544615.1)",1,0.958715112550042,1,"estimated","presence","one SD on an approximate microbial-presence liability scale",1,0.00156719002853192,0.00155822725634028,0.00157599366966555,0.37,"not_computed","Binary-outcome population prevalence has not been prespecified; unavailable Steiger is not treated as support",FALSE,0.00156719002853192,,,,"not_estimable","binary-outcome population prevalence was not defined and microbial presence requires a liability-scale approximation; outcome R2 and a valid Steiger P value were therefore not computed","not estimable is not evidence supporting the exposure-to-outcome direction"
"finngen_r12_erectile_dysfunction|microbiome_2026|GCST90670908|primary","GCST90670908","Gut microbiome species presence (Scatomorpha sp900759385, GCA_900759385.1)",1,0.0915176074201761,0.941636540848568,"estimated","presence","one SD on an approximate microbial-presence liability scale",1,0.00189123742494161,0.00188664607980877,0.00189559636690132,0.27,"not_computed","Binary-outcome population prevalence has not been prespecified; unavailable Steiger is not treated as support",FALSE,0.00189123742494161,,,,"not_estimable","binary-outcome population prevalence was not defined and microbial presence requires a liability-scale approximation; outcome R2 and a valid Steiger P value were therefore not computed","not estimable is not evidence supporting the exposure-to-outcome direction"
"finngen_r12_erectile_dysfunction|microbiome_2026|GCST90670910|primary","GCST90670910","Gut microbiome species abundance (Turicibacter sanguinis, GCF_013046825.1)",2,0.298110501791738,0.959049943304695,"estimated","RIN_standardized_abundance","one source-defined RIN-standardized unit",2,0.003671716884075,0.003671716884075,0.003671716884075,0.54,"not_computed","Binary-outcome population prevalence has not been prespecified; unavailable Steiger is not treated as support",FALSE,0.003671716884075,,,,"not_estimable","binary-outcome population prevalence was not defined; outcome R2 and a valid Steiger P value were therefore not computed","not estimable is not evidence supporting the exposure-to-outcome direction"
"finngen_r12_erectile_dysfunction|microbiome_2026|GCST90670917|primary","GCST90670917","Gut microbiome species presence (Acutalibacter timonensis, GCF_900048895.1)",1,0.796507713021697,1,"estimated","presence","one SD on an approximate microbial-presence liability scale",1,0.00201194223938544,0.00195612757970594,0.0020675197247197,0.28,"not_computed","Binary-outcome population prevalence has not been prespecified; unavailable Steiger is not treated as support",FALSE,0.00201194223938544,,,,"not_estimable","binary-outcome population prevalence was not defined and microbial presence requires a liability-scale approximation; outcome R2 and a valid Steiger P value were therefore not computed","not estimable is not evidence supporting the exposure-to-outcome direction"
"finngen_r12_erectile_dysfunction|microbiome_2026|GCST90670925|primary","GCST90670925","Gut microbiome species presence (Copromonas sp900541255, GCA_018223415.1)",1,0.89432302838217,1,"estimated","presence","one SD on an approximate microbial-presence liability scale",1,0.00207283767687523,0.00200447466928323,0.00214086585371853,0.25,"not_computed","Binary-outcome population prevalence has not been prespecified; unavailable Steiger is not treated as support",FALSE,0.00207283767687523,,,,"not_estimable","binary-outcome population prevalence was not defined and microbial presence requires a liability-scale approximation; outcome R2 and a valid Steiger P value were therefore not computed","not estimable is not evidence supporting the exposure-to-outcome direction"
"finngen_r12_erectile_dysfunction|microbiome_2026|GCST90670927|primary","GCST90670927","Gut microbiome species presence (Enterocloster asparagiformis, GCA_025149125.1)",1,0.731937441422669,1,"estimated","presence","one SD on an approximate microbial-presence liability scale",1,0.00211418830644761,0.00208168290002953,0.00214642137455449,0.25,"not_computed","Binary-outcome population prevalence has not been prespecified; unavailable Steiger is not treated as support",FALSE,0.00211418830644761,,,,"not_estimable","binary-outcome population prevalence was not defined and microbial presence requires a liability-scale approximation; outcome R2 and a valid Steiger P value were therefore not computed","not estimable is not evidence supporting the exposure-to-outcome direction"
"finngen_r12_erectile_dysfunction|microbiome_2026|GCST90670937|primary","GCST90670937","Gut microbiome species presence (Massilistercora sp902406105, GCA_902406105.1)",1,0.574761976884856,1,"estimated","presence","one SD on an approximate microbial-presence liability scale",1,0.0013797983764253,0.0013752313024992,0.00138423858398683,0.29,"not_computed","Binary-outcome population prevalence has not been prespecified; unavailable Steiger is not treated as support",FALSE,0.0013797983764253,,,,"not_estimable","binary-outcome population prevalence was not defined and microbial presence requires a liability-scale approximation; outcome R2 and a valid Steiger P value were therefore not computed","not estimable is not evidence supporting the exposure-to-outcome direction"
"finngen_r12_erectile_dysfunction|microbiome_2026|GCST90670943|primary","GCST90670943","Gut microbiome species presence (Pauljensenia bouchesdurhonensis, GCF_900128465.1)",1,0.443404946049579,1,"estimated","presence","one SD on an approximate microbial-presence liability scale",1,0.00226900673743468,0.00224187729318714,0.00229578027588361,0.29,"not_computed","Binary-outcome population prevalence has not been prespecified; unavailable Steiger is not treated as support",FALSE,0.00226900673743468,,,,"not_estimable","binary-outcome population prevalence was not defined and microbial presence requires a liability-scale approximation; outcome R2 and a valid Steiger P value were therefore not computed","not estimable is not evidence supporting the exposure-to-outcome direction"
"finngen_r12_erectile_dysfunction|microbiome_2026|GCST90670966|primary","GCST90670966","Gut microbiome species presence (Caccousia avistercoris, GCA_018715025.1)",0,,,"not_estimable",,,,,,,,"not_estimable","No harmonised instruments remained",FALSE,,,,,"not_estimable","primary MR pair not estimable; absence of a Steiger result is not directional support","not estimable is not evidence supporting the exposure-to-outcome direction"
"finngen_r12_erectile_dysfunction|microbiome_2026|GCST90670986|primary","GCST90670986","Gut microbiome species presence (GCA-900066495 sp902362365, GCA_902362365.1)",1,0.746699104564027,1,"estimated","presence","one SD on an approximate microbial-presence liability scale",1,0.00454487596650711,0.00449656601581858,0.00458729491091449,0.1,"not_computed","Binary-outcome population prevalence has not been prespecified; unavailable Steiger is not treated as support",FALSE,0.00454487596650711,,,,"not_estimable","binary-outcome population prevalence was not defined and microbial presence requires a liability-scale approximation; outcome R2 and a valid Steiger P value were therefore not computed","not estimable is not evidence supporting the exposure-to-outcome direction"
"finngen_r12_erectile_dysfunction|microbiome_2026|GCST90670988|primary","GCST90670988","Gut microbiome species abundance (Gordonibacter pamelaeae, GCF_000210055.1)",1,0.464569931424853,1,"estimated","RIN_standardized_abundance","one source-defined RIN-standardized unit",1,0.0014587883235758,0.0014587883235758,0.0014587883235758,0.7,"not_computed","Binary-outcome population prevalence has not been prespecified; unavailable Steiger is not treated as support",FALSE,0.0014587883235758,,,,"not_estimable","binary-outcome population prevalence was not defined; outcome R2 and a valid Steiger P value were therefore not computed","not estimable is not evidence supporting the exposure-to-outcome direction"
"finngen_r12_erectile_dysfunction|microbiome_2026|GCST90670990|primary","GCST90670990","Gut microbiome species presence (Harryflintia acetispora, GCA_004340125.1)",1,0.654647545352491,1,"estimated","presence","one SD on an approximate microbial-presence liability scale",1,0.00139495874303959,0.00139382498231513,0.00139596466627552,0.45,"not_computed","Binary-outcome population prevalence has not been prespecified; unavailable Steiger is not treated as support",FALSE,0.00139495874303959,,,,"not_estimable","binary-outcome population prevalence was not defined and microbial presence requires a liability-scale approximation; outcome R2 and a valid Steiger P value were therefore not computed","not estimable is not evidence supporting the exposure-to-outcome direction"
"finngen_r12_erectile_dysfunction|microbiome_2026|GCST90671001|primary","GCST90671001","Gut microbiome species presence (Marvinbryantia sp900066075, GCA_003435055.1)",1,0.818651176623899,1,"estimated","presence","one SD on an approximate microbial-presence liability scale",1,0.00146981618142807,0.00143212516732743,0.00150736022434207,0.45,"not_computed","Binary-outcome population prevalence has not been prespecified; unavailable Steiger is not treated as support",FALSE,0.00146981618142807,,,,"not_estimable","binary-outcome population prevalence was not defined and microbial presence requires a liability-scale approximation; outcome R2 and a valid Steiger P value were therefore not computed","not estimable is not evidence supporting the exposure-to-outcome direction"
"finngen_r12_erectile_dysfunction|microbiome_2026|GCST90671012|primary","GCST90671012","Gut microbiome species abundance (Phocea massiliensis, GCF_900104615.1)",1,0.612894308543243,1,"estimated","RIN_standardized_abundance","one source-defined RIN-standardized unit",1,0.00256673982302,0.00256673982302,0.00256673982302,0.76,"not_computed","Binary-outcome population prevalence has not been prespecified; unavailable Steiger is not treated as support",FALSE,0.00256673982302,,,,"not_estimable","binary-outcome population prevalence was not defined; outcome R2 and a valid Steiger P value were therefore not computed","not estimable is not evidence supporting the exposure-to-outcome direction"
"finngen_r12_erectile_dysfunction|microbiome_2026|GCST90671032|primary","GCST90671032","Gut microbiome species presence (Dysosmobacter hMGS.03207, )",1,0.225615423740577,0.959049943304695,"estimated","presence","one SD on an approximate microbial-presence liability scale",1,0.00380031988609277,0.0036671080211113,0.00393229508362659,0.11,"not_computed","Binary-outcome population prevalence has not been prespecified; unavailable Steiger is not treated as support",FALSE,0.00380031988609277,,,,"not_estimable","binary-outcome population prevalence was not defined and microbial presence requires a liability-scale approximation; outcome R2 and a valid Steiger P value were therefore not computed","not estimable is not evidence supporting the exposure-to-outcome direction"
"finngen_r12_erectile_dysfunction|microbiome_2026|GCST90671051|primary","GCST90671051","Gut microbiome species presence (Catenibacillus sp018369015, GCA_018369015.1)",1,0.909435009006983,1,"estimated","presence","one SD on an approximate microbial-presence liability scale",1,0.00184930713067364,0.00184724398896885,0.00185114449026908,0.26,"not_computed","Binary-outcome population prevalence has not been prespecified; unavailable Steiger is not treated as support",FALSE,0.00184930713067364,,,,"not_estimable","binary-outcome population prevalence was not defined and microbial presence requires a liability-scale approximation; outcome R2 and a valid Steiger P value were therefore not computed","not estimable is not evidence supporting the exposure-to-outcome direction"
"finngen_r12_erectile_dysfunction|microbiome_2026|GCST90671057|primary","GCST90671057","Gut microbiome species presence (Emergencia sp904420065, GCA_904420065.1)",1,0.113226872434991,0.941636540848568,"estimated","presence","one SD on an approximate microbial-presence liability scale",1,0.00163312377571199,0.00163090072742177,0.00163517092324314,0.37,"not_computed","Binary-outcome population prevalence has not been prespecified; unavailable Steiger is not treated as support",FALSE,0.00163312377571199,,,,"not_estimable","binary-outcome population prevalence was not defined and microbial presence requires a liability-scale approximation; outcome R2 and a valid Steiger P value were therefore not computed","not estimable is not evidence supporting the exposure-to-outcome direction"
"finngen_r12_erectile_dysfunction|microbiome_2026|GCST90671072|primary","GCST90671072","Gut microbiome species presence (HGM14224 sp900761905, GCA_900761905.1)",2,0.170034685520076,0.941636540848568,"estimated","presence","one SD on an approximate microbial-presence liability scale",2,0.00371508174486049,0.00368394729468043,0.0037457604430134,0.49,"not_computed","Binary-outcome population prevalence has not been prespecified; unavailable Steiger is not treated as support",FALSE,0.00371508174486049,,,,"not_estimable","binary-outcome population prevalence was not defined and microbial presence requires a liability-scale approximation; outcome R2 and a valid Steiger P value were therefore not computed","not estimable is not evidence supporting the exposure-to-outcome direction"
"finngen_r12_erectile_dysfunction|microbiome_2026|GCST90671075|primary","GCST90671075","Gut microbiome species presence (Lachnoclostridium B sp000765215, GCF_000765215.1)",1,0.515062462221516,1,"estimated","presence","one SD on an approximate microbial-presence liability scale",1,0.00538957589018392,0.00528222311203755,0.00554090131324328,0.08,"not_computed","Binary-outcome population prevalence has not been prespecified; unavailable Steiger is not treated as support",FALSE,0.00538957589018392,,,,"not_estimable","binary-outcome population prevalence was not defined and microbial presence requires a liability-scale approximation; outcome R2 and a valid Steiger P value were therefore not computed","not estimable is not evidence supporting the exposure-to-outcome direction"
"finngen_r12_erectile_dysfunction|microbiome_2026|GCST90671089|primary","GCST90671089","Gut microbiome species abundance (Pullichristensenella excrementipullorum, GCA_900754775.1)",1,0.261293270576053,0.959049943304695,"estimated","RIN_standardized_abundance","one source-defined RIN-standardized unit",1,0.002368100518875,0.002368100518875,0.002368100518875,0.72,"not_computed","Binary-outcome population prevalence has not been prespecified; unavailable Steiger is not treated as support",FALSE,0.002368100518875,,,,"not_estimable","binary-outcome population prevalence was not defined; outcome R2 and a valid Steiger P value were therefore not computed","not estimable is not evidence supporting the exposure-to-outcome direction"
"finngen_r12_erectile_dysfunction|microbiome_2026|GCST90671093|primary","GCST90671093","Gut microbiome species presence (QAMM01 sp003150405, GCA_003150405.1)",1,0.919201273761159,1,"estimated","presence","one SD on an approximate microbial-presence liability scale",1,0.00236486945685822,0.00235043328701504,0.00237895259931027,0.18,"not_computed","Binary-outcome population prevalence has not been prespecified; unavailable Steiger is not treated as support",FALSE,0.00236486945685822,,,,"not_estimable","binary-outcome population prevalence was not defined and microbial presence requires a liability-scale approximation; outcome R2 and a valid Steiger P value were therefore not computed","not estimable is not evidence supporting the exposure-to-outcome direction"
"finngen_r12_erectile_dysfunction|microbiome_2026|GCST90671102|primary","GCST90671102","Gut microbiome species presence (UMGS882 sp900757905, GCA_900757905.1)",1,0.304809465671756,0.959049943304695,"estimated","presence","one SD on an approximate microbial-presence liability scale",1,0.00214537566766015,0.00214245147862105,0.00214799572728492,0.26,"not_computed","Binary-outcome population prevalence has not been prespecified; unavailable Steiger is not treated as support",FALSE,0.00214537566766015,,,,"not_estimable","binary-outcome population prevalence was not defined and microbial presence requires a liability-scale approximation; outcome R2 and a valid Steiger P value were therefore not computed","not estimable is not evidence supporting the exposure-to-outcome direction"
"finngen_r12_erectile_dysfunction|microbiome_2026|GCST90671111|primary","GCST90671111","Gut microbiome species presence (Ruminococcaceae hMGS.05315, )",1,0.876560248598682,1,"estimated","presence","one SD on an approximate microbial-presence liability scale",1,0.00175361743864366,0.00170480831707896,0.00180222002159255,0.52,"not_computed","Binary-outcome population prevalence has not been prespecified; unavailable Steiger is not treated as support",FALSE,0.00175361743864366,,,,"not_estimable","binary-outcome population prevalence was not defined and microbial presence requires a liability-scale approximation; outcome R2 and a valid Steiger P value were therefore not computed","not estimable is not evidence supporting the exposure-to-outcome direction"
"finngen_r12_erectile_dysfunction|microbiome_2026|GCST90671115|primary","GCST90671115","Gut microbiome species presence (Lawsonibacter hMGS.05443, )",1,0.342162010719933,0.959049943304695,"estimated","presence","one SD on an approximate microbial-presence liability scale",1,0.00228654987961208,0.00224365547079365,0.00232905853995437,0.19,"not_computed","Binary-outcome population prevalence has not been prespecified; unavailable Steiger is not treated as support",FALSE,0.00228654987961208,,,,"not_estimable","binary-outcome population prevalence was not defined and microbial presence requires a liability-scale approximation; outcome R2 and a valid Steiger P value were therefore not computed","not estimable is not evidence supporting the exposure-to-outcome direction"
"finngen_r12_erectile_dysfunction|microbiome_2026|GCST90671122|primary","GCST90671122","Gut microbiome species abundance (Pullichristensenella hMGS.05548, )",1,0.261293270576053,0.959049943304695,"estimated","RIN_standardized_abundance","one source-defined RIN-standardized unit",1,0.001929220269795,0.001929220269795,0.001929220269795,0.73,"not_computed","Binary-outcome population prevalence has not been prespecified; unavailable Steiger is not treated as support",FALSE,0.001929220269795,,,,"not_estimable","binary-outcome population prevalence was not defined; outcome R2 and a valid Steiger P value were therefore not computed","not estimable is not evidence supporting the exposure-to-outcome direction"
"finngen_r12_erectile_dysfunction|microbiome_2026|GCST90671130|primary","GCST90671130","Gut microbiome species abundance (Faecalibacterium longum, GCF_020687245.1)",0,,,"not_estimable",,,,,,,,"not_estimable","No harmonised instruments remained",FALSE,,,,,"not_estimable","primary MR pair not estimable; absence of a Steiger result is not directional support","not estimable is not evidence supporting the exposure-to-outcome direction"
"finngen_r12_erectile_dysfunction|microbiome_2026|GCST90671134|primary","GCST90671134","Gut microbiome species presence (CAG-302 sp934162325, GCA_934162325.1)",1,0.0465682005677712,0.941636540848568,"estimated","presence","one SD on an approximate microbial-presence liability scale",1,0.00183708854585816,0.00179988953016898,0.00187404164948492,0.25,"not_computed","Binary-outcome population prevalence has not been prespecified; unavailable Steiger is not treated as support",TRUE,0.00183708854585816,,,,"not_estimable","binary-outcome population prevalence was not defined and microbial presence requires a liability-scale approximation; outcome R2 and a valid Steiger P value were therefore not computed","not estimable is not evidence supporting the exposure-to-outcome direction"
"finngen_r12_erectile_dysfunction|microbiome_2026|GCST90671138|primary","GCST90671138","Gut microbiome species presence (Pseudoruminococcus massiliensis, GCF_900291955.1)",2,0.778444212130252,1,"estimated","presence","one SD on an approximate microbial-presence liability scale",2,0.00517465951131494,0.00513689023811023,0.00521158117248934,0.22,"not_computed","Binary-outcome population prevalence has not been prespecified; unavailable Steiger is not treated as support",FALSE,0.00517465951131494,,,,"not_estimable","binary-outcome population prevalence was not defined and microbial presence requires a liability-scale approximation; outcome R2 and a valid Steiger P value were therefore not computed","not estimable is not evidence supporting the exposure-to-outcome direction"
"finngen_r12_erectile_dysfunction|microbiome_2026|GCST90671139|primary","GCST90671139","Gut microbiome species abundance (Actinomyces graevenitzii hMGS.05799, )",2,0.179310293488495,0.959049943304695,"estimated","RIN_standardized_abundance","one source-defined RIN-standardized unit",2,0.002980522115123,0.002980522115123,0.002980522115123,0.7,"not_computed","Binary-outcome population prevalence has not been prespecified; unavailable Steiger is not treated as support",FALSE,0.002980522115123,,,,"not_estimable","binary-outcome population prevalence was not defined; outcome R2 and a valid Steiger P value were therefore not computed","not estimable is not evidence supporting the exposure-to-outcome direction"
"finngen_r12_erectile_dysfunction|microbiome_2026|GCST90671147|primary","GCST90671147","Gut microbiome species presence (Cag-433 hMGS.05835, )",1,0.111124001232486,0.941636540848568,"estimated","presence","one SD on an approximate microbial-presence liability scale",1,0.00267645143095572,0.00264588954152753,0.00270657953028796,0.15,"not_computed","Binary-outcome population prevalence has not been prespecified; unavailable Steiger is not treated as support",FALSE,0.00267645143095572,,,,"not_estimable","binary-outcome population prevalence was not defined and microbial presence requires a liability-scale approximation; outcome R2 and a valid Steiger P value were therefore not computed","not estimable is not evidence supporting the exposure-to-outcome direction"
"finngen_r12_erectile_dysfunction|microbiome_2026|GCST90671159|primary","GCST90671159","Gut microbiome species presence (Butyribacter hominis, GCF_014384965.1)",1,0.145581392882825,0.941636540848568,"estimated","presence","one SD on an approximate microbial-presence liability scale",1,0.00210700340522143,0.00209172447416951,0.00212200016509704,0.27,"not_computed","Binary-outcome population prevalence has not been prespecified; unavailable Steiger is not treated as support",FALSE,0.00210700340522143,,,,"not_estimable","binary-outcome population prevalence was not defined and microbial presence requires a liability-scale approximation; outcome R2 and a valid Steiger P value were therefore not computed","not estimable is not evidence supporting the exposure-to-outcome direction"
"finngen_r12_erectile_dysfunction|microbiome_2026|GCST90671164|primary","GCST90671164","Gut microbiome species presence (Vescimonas fastidiosa, GCF_018326305.1)",1,0.269569052866598,0.959049943304695,"estimated","presence","one SD on an approximate microbial-presence liability scale",1,0.00241364679262048,0.00233353351740025,0.00249330299323736,0.24,"not_computed","Binary-outcome population prevalence has not been prespecified; unavailable Steiger is not treated as support",FALSE,0.00241364679262048,,,,"not_estimable","binary-outcome population prevalence was not defined and microbial presence requires a liability-scale approximation; outcome R2 and a valid Steiger P value were therefore not computed","not estimable is not evidence supporting the exposure-to-outcome direction"
"finngen_r12_erectile_dysfunction|microbiome_2026|GCST90671172|primary","GCST90671172","Gut microbiome species abundance (UMGS1623 sp934647945, GCA_934647945.1)",1,0.29454666306571,0.959049943304695,"estimated","RIN_standardized_abundance","one source-defined RIN-standardized unit",1,0.0014890718516832,0.0014890718516832,0.0014890718516832,0.69,"not_computed","Binary-outcome population prevalence has not been prespecified; unavailable Steiger is not treated as support",FALSE,0.0014890718516832,,,,"not_estimable","binary-outcome population prevalence was not defined; outcome R2 and a valid Steiger P value were therefore not computed","not estimable is not evidence supporting the exposure-to-outcome direction"
"finngen_r12_erectile_dysfunction|microbiome_2026|GCST90671176|primary","GCST90671176","Gut microbiome species abundance (Turicibacter bilis, GCF_024499055.1)",2,0.962389170752059,1,"estimated","RIN_standardized_abundance","one source-defined RIN-standardized unit",2,0.0029162489578496,0.0029162489578496,0.0029162489578496,0.64,"not_computed","Binary-outcome population prevalence has not been prespecified; unavailable Steiger is not treated as support",FALSE,0.0029162489578496,,,,"not_estimable","binary-outcome population prevalence was not defined; outcome R2 and a valid Steiger P value were therefore not computed","not estimable is not evidence supporting the exposure-to-outcome direction"
"finngen_r12_erectile_dysfunction|microbiome_2026|GCST90671181|primary","GCST90671181","Gut microbiome species presence (Blautia A wexlerae B, GCF_013300825.1)",1,0.213199533883761,0.959049943304695,"estimated","presence","one SD on an approximate microbial-presence liability scale",1,0.0013834900487594,0.00137603247271855,0.00139082227265213,0.46,"not_computed","Binary-outcome population prevalence has not been prespecified; unavailable Steiger is not treated as support",FALSE,0.0013834900487594,,,,"not_estimable","binary-outcome population prevalence was not defined and microbial presence requires a liability-scale approximation; outcome R2 and a valid Steiger P value were therefore not computed","not estimable is not evidence supporting the exposure-to-outcome direction"
"finngen_r12_erectile_dysfunction|microbiome_2026|GCST90671188|primary","GCST90671188","Gut microbiome species presence (Thomasclavelia sp000508865, GCA_000508865.1)",1,0.226324739441605,0.959049943304695,"estimated","presence","one SD on an approximate microbial-presence liability scale",1,0.00186640647980583,0.00186131614684407,0.00187126525826062,0.28,"not_computed","Binary-outcome population prevalence has not been prespecified; unavailable Steiger is not treated as support",FALSE,0.00186640647980583,,,,"not_estimable","binary-outcome population prevalence was not defined and microbial presence requires a liability-scale approximation; outcome R2 and a valid Steiger P value were therefore not computed","not estimable is not evidence supporting the exposure-to-outcome direction"
"finngen_r12_erectile_dysfunction|microbiome_2026|GCST90671189|primary","GCST90671189","Gut microbiome species abundance (Dysosmobacter sp944387015, GCA_944387015.1)",1,0.168813409484889,0.941636540848568,"estimated","RIN_standardized_abundance","one source-defined RIN-standardized unit",1,0.0017106878603502,0.0017106878603502,0.0017106878603502,0.72,"not_computed","Binary-outcome population prevalence has not been prespecified; unavailable Steiger is not treated as support",FALSE,0.0017106878603502,,,,"not_estimable","binary-outcome population prevalence was not defined; outcome R2 and a valid Steiger P value were therefore not computed","not estimable is not evidence supporting the exposure-to-outcome direction"
"finngen_r12_erectile_dysfunction|microbiome_2026|GCST90671190|primary","GCST90671190","Gut microbiome species presence (Pauljensenia sp019425105, GCA_019425105.1)",1,0.95890699995158,1,"estimated","presence","one SD on an approximate microbial-presence liability scale",1,0.00430498222854189,0.00414855355058234,0.00444499358580179,0.1,"not_computed","Binary-outcome population prevalence has not been prespecified; unavailable Steiger is not treated as support",FALSE,0.00430498222854189,,,,"not_estimable","binary-outcome population prevalence was not defined and microbial presence requires a liability-scale approximation; outcome R2 and a valid Steiger P value were therefore not computed","not estimable is not evidence supporting the exposure-to-outcome direction"
"finngen_r12_erectile_dysfunction|microbiome_2026|GCST90671193|primary","GCST90671193","Gut microbiome species presence (Lachnoclostridium A avicola, GCA_019114465.1)",1,0.63538558099319,1,"estimated","presence","one SD on an approximate microbial-presence liability scale",1,0.00228417810774647,0.00226409917182352,0.00230389841838524,0.24,"not_computed","Binary-outcome population prevalence has not been prespecified; unavailable Steiger is not treated as support",FALSE,0.00228417810774647,,,,"not_estimable","binary-outcome population prevalence was not defined and microbial presence requires a liability-scale approximation; outcome R2 and a valid Steiger P value were therefore not computed","not estimable is not evidence supporting the exposure-to-outcome direction"
"finngen_r12_erectile_dysfunction|microbiome_2026|GCST90671209|primary","GCST90671209","Gut microbiome species presence (UMGS882 sp934479825, GCA_934479825.1)",1,0.791615313073269,1,"estimated","presence","one SD on an approximate microbial-presence liability scale",1,0.00398585954662675,0.00381614740376105,0.00417300207955419,0.1,"not_computed","Binary-outcome population prevalence has not been prespecified; unavailable Steiger is not treated as support",FALSE,0.00398585954662675,,,,"not_estimable","binary-outcome population prevalence was not defined and microbial presence requires a liability-scale approximation; outcome R2 and a valid Steiger P value were therefore not computed","not estimable is not evidence supporting the exposure-to-outcome direction"
"finngen_r12_erectile_dysfunction|microbiome_2026|GCST90671210|primary","GCST90671210","Gut microbiome species abundance (Zhenpiania hominis, GCF_014333425.1)",1,0.278254116167994,0.959049943304695,"estimated","RIN_standardized_abundance","one source-defined RIN-standardized unit",1,0.0013800716468448,0.0013800716468448,0.0013800716468448,0.59,"not_computed","Binary-outcome population prevalence has not been prespecified; unavailable Steiger is not treated as support",FALSE,0.0013800716468448,,,,"not_estimable","binary-outcome population prevalence was not defined; outcome R2 and a valid Steiger P value were therefore not computed","not estimable is not evidence supporting the exposure-to-outcome direction"
"finngen_r12_erectile_dysfunction|microbiome_2026|GCST90671214|primary","GCST90671214","Gut microbiome species abundance (Lentihominibacter sp900066305, GCA_902362435.1)",1,0.654154639199526,1,"estimated","RIN_standardized_abundance","one source-defined RIN-standardized unit",1,0.00162296187768,0.00162296187768,0.00162296187768,0.84,"not_computed","Binary-outcome population prevalence has not been prespecified; unavailable Steiger is not treated as support",FALSE,0.00162296187768,,,,"not_estimable","binary-outcome population prevalence was not defined; outcome R2 and a valid Steiger P value were therefore not computed","not estimable is not evidence supporting the exposure-to-outcome direction"
"finngen_r12_erectile_dysfunction|microbiome_2026|GCST90671218|primary","GCST90671218","Gut microbiome species abundance (Lentihominibacter excrementipullorum, GCA_900543485.1)",1,0.348848959530752,0.959049943304695,"estimated","RIN_standardized_abundance","one source-defined RIN-standardized unit",1,0.0016268732251518,0.0016268732251518,0.0016268732251518,0.61,"not_computed","Binary-outcome population prevalence has not been prespecified; unavailable Steiger is not treated as support",FALSE,0.0016268732251518,,,,"not_estimable","binary-outcome population prevalence was not defined; outcome R2 and a valid Steiger P value were therefore not computed","not estimable is not evidence supporting the exposure-to-outcome direction"
"finngen_r12_erectile_dysfunction|microbiome_2026|GCST90671223|primary","GCST90671223","Gut microbiome species presence (Fumia xinanensis, GCF_014384905.1)",1,0.081950426152444,0.941636540848568,"estimated","presence","one SD on an approximate microbial-presence liability scale",1,0.00243721277414138,0.0023942625096333,0.00247973219360346,0.22,"not_computed","Binary-outcome population prevalence has not been prespecified; unavailable Steiger is not treated as support",FALSE,0.00243721277414138,,,,"not_estimable","binary-outcome population prevalence was not defined and microbial presence requires a liability-scale approximation; outcome R2 and a valid Steiger P value were therefore not computed","not estimable is not evidence supporting the exposure-to-outcome direction"
"finngen_r12_erectile_dysfunction|microbiome_2026|GCST90671235|primary","GCST90671235","Gut microbiome species presence (Dysosmobacter A sp014334055, GCF_014334055.1)",1,0.557414970686148,1,"estimated","presence","one SD on an approximate microbial-presence liability scale",1,0.00159487372007764,0.00158250775748167,0.00160707622006766,0.35,"not_computed","Binary-outcome population prevalence has not been prespecified; unavailable Steiger is not treated as support",FALSE,0.00159487372007764,,,,"not_estimable","binary-outcome population prevalence was not defined and microbial presence requires a liability-scale approximation; outcome R2 and a valid Steiger P value were therefore not computed","not estimable is not evidence supporting the exposure-to-outcome direction"
"finngen_r12_erectile_dysfunction|microbiome_2026|GCST90671237|primary","GCST90671237","Gut microbiome species presence (Marseille-P3106 sp900169975, GCA_900169975.1)",1,0.785875211984109,1,"estimated","presence","one SD on an approximate microbial-presence liability scale",1,0.00446872154542437,0.00443482995886899,0.00449495181111438,0.09,"not_computed","Binary-outcome population prevalence has not been prespecified; unavailable Steiger is not treated as support",FALSE,0.00446872154542437,,,,"not_estimable","binary-outcome population prevalence was not defined and microbial presence requires a liability-scale approximation; outcome R2 and a valid Steiger P value were therefore not computed","not estimable is not evidence supporting the exposure-to-outcome direction"
"finngen_r12_erectile_dysfunction|microbiome_2026|GCST90671245|primary","GCST90671245","Gut microbiome species presence (Gehongia tenuis, GCF_014384795.1)",1,0.654506016642217,1,"estimated","presence","one SD on an approximate microbial-presence liability scale",1,0.00206209901223798,0.00199810724879699,0.00212579003729453,0.4,"not_computed","Binary-outcome population prevalence has not been prespecified; unavailable Steiger is not treated as support",FALSE,0.00206209901223798,,,,"not_estimable","binary-outcome population prevalence was not defined and microbial presence requires a liability-scale approximation; outcome R2 and a valid Steiger P value were therefore not computed","not estimable is not evidence supporting the exposure-to-outcome direction"
"finngen_r12_erectile_dysfunction|microbiome_2026|GCST90671259|primary","GCST90671259","Gut microbiome species abundance (JAHZGC01 sp019421015, GCA_019421015.1)",1,0.50945534575038,1,"estimated","RIN_standardized_abundance","one source-defined RIN-standardized unit",1,0.0013722960717198,0.0013722960717198,0.0013722960717198,0.59,"not_computed","Binary-outcome population prevalence has not been prespecified; unavailable Steiger is not treated as support",FALSE,0.0013722960717198,,,,"not_estimable","binary-outcome population prevalence was not defined; outcome R2 and a valid Steiger P value were therefore not computed","not estimable is not evidence supporting the exposure-to-outcome direction"
"finngen_r12_erectile_dysfunction|microbiome_2026|GCST90671277|primary","GCST90671277","Gut microbiome species presence (Excrementavichristensenella intestinipullorum, GCA_018711685.1)",1,0.570508307302005,1,"estimated","presence","one SD on an approximate microbial-presence liability scale",1,0.00194536413195874,0.00190931444224774,0.00198114810118277,0.33,"not_computed","Binary-outcome population prevalence has not been prespecified; unavailable Steiger is not treated as support",FALSE,0.00194536413195874,,,,"not_estimable","binary-outcome population prevalence was not defined and microbial presence requires a liability-scale approximation; outcome R2 and a valid Steiger P value were therefore not computed","not estimable is not evidence supporting the exposure-to-outcome direction"
"finngen_r12_erectile_dysfunction|microbiome_2026|GCST90671285|primary","GCST90671285","Gut microbiome species presence (Lentihominibacter sp905193765, GCA_905193765.1)",1,0.541528579195427,1,"estimated","presence","one SD on an approximate microbial-presence liability scale",1,0.00153465820582742,0.00149847716225714,0.0015706868755917,0.55,"not_computed","Binary-outcome population prevalence has not been prespecified; unavailable Steiger is not treated as support",FALSE,0.00153465820582742,,,,"not_estimable","binary-outcome population prevalence was not defined and microbial presence requires a liability-scale approximation; outcome R2 and a valid Steiger P value were therefore not computed","not estimable is not evidence supporting the exposure-to-outcome direction"
"finngen_r12_erectile_dysfunction|microbiome_2026|GCST90671292|primary","GCST90671292","Gut microbiome genus abundance (Agathobacter)",1,0.857900047548078,1,"estimated","RIN_standardized_abundance","one source-defined RIN-standardized unit",1,0.0021056687558478,0.0021056687558478,0.0021056687558478,0.99,"not_computed","Binary-outcome population prevalence has not been prespecified; unavailable Steiger is not treated as support",FALSE,0.0021056687558478,,,,"not_estimable","binary-outcome population prevalence was not defined; outcome R2 and a valid Steiger P value were therefore not computed","not estimable is not evidence supporting the exposure-to-outcome direction"
"finngen_r12_erectile_dysfunction|microbiome_2026|GCST90671293|primary","GCST90671293","Gut microbiome genus abundance (Bifidobacterium)",1,0.618231299473913,1,"estimated","RIN_standardized_abundance","one source-defined RIN-standardized unit",1,0.0065989789441632,0.0065989789441632,0.0065989789441632,0.98,"not_computed","Binary-outcome population prevalence has not been prespecified; unavailable Steiger is not treated as support",FALSE,0.0065989789441632,,,,"not_estimable","binary-outcome population prevalence was not defined; outcome R2 and a valid Steiger P value were therefore not computed","not estimable is not evidence supporting the exposure-to-outcome direction"
"finngen_r12_erectile_dysfunction|microbiome_2026|GCST90671302|primary","GCST90671302","Gut microbiome genus abundance (ER4)",1,0.718198432910098,1,"estimated","RIN_standardized_abundance","one source-defined RIN-standardized unit",1,0.0018824017477632,0.0018824017477632,0.0018824017477632,0.92,"not_computed","Binary-outcome population prevalence has not been prespecified; unavailable Steiger is not treated as support",FALSE,0.0018824017477632,,,,"not_estimable","binary-outcome population prevalence was not defined; outcome R2 and a valid Steiger P value were therefore not computed","not estimable is not evidence supporting the exposure-to-outcome direction"
"finngen_r12_erectile_dysfunction|microbiome_2026|GCST90671312|primary","GCST90671312","Gut microbiome genus presence (Cryptobacteroides)",1,0.799541578391794,1,"estimated","presence","one SD on an approximate microbial-presence liability scale",1,0.00216396603845559,0.00211311007628127,0.00221454867891832,0.24,"not_computed","Binary-outcome population prevalence has not been prespecified; unavailable Steiger is not treated as support",FALSE,0.00216396603845559,,,,"not_estimable","binary-outcome population prevalence was not defined and microbial presence requires a liability-scale approximation; outcome R2 and a valid Steiger P value were therefore not computed","not estimable is not evidence supporting the exposure-to-outcome direction"
"finngen_r12_erectile_dysfunction|microbiome_2026|GCST90671314|primary","GCST90671314","Gut microbiome genus presence (Fimenecus)",1,0.279253595874817,0.959049943304695,"estimated","presence","one SD on an approximate microbial-presence liability scale",1,0.00184995384678066,0.00183393504656437,0.00186574746700979,0.5,"not_computed","Binary-outcome population prevalence has not been prespecified; unavailable Steiger is not treated as support",FALSE,0.00184995384678066,,,,"not_estimable","binary-outcome population prevalence was not defined and microbial presence requires a liability-scale approximation; outcome R2 and a valid Steiger P value were therefore not computed","not estimable is not evidence supporting the exposure-to-outcome direction"
"finngen_r12_erectile_dysfunction|microbiome_2026|GCST90671323|primary","GCST90671323","Gut microbiome genus abundance (Agathobaculum)",1,0.238684647140107,0.959049943304695,"estimated","RIN_standardized_abundance","one source-defined RIN-standardized unit",1,0.0024400435441152,0.0024400435441152,0.0024400435441152,1,"not_computed","Binary-outcome population prevalence has not been prespecified; unavailable Steiger is not treated as support",FALSE,0.0024400435441152,,,,"not_estimable","binary-outcome population prevalence was not defined; outcome R2 and a valid Steiger P value were therefore not computed","not estimable is not evidence supporting the exposure-to-outcome direction"
"finngen_r12_erectile_dysfunction|microbiome_2026|GCST90671324|primary","GCST90671324","Gut microbiome genus presence (Phascolarctobacterium)",1,0.114427896785626,0.941636540848568,"estimated","presence","one SD on an approximate microbial-presence liability scale",1,0.00185193146182702,0.00179884558563617,0.00190477760724391,0.41,"not_computed","Binary-outcome population prevalence has not been prespecified; unavailable Steiger is not treated as support",FALSE,0.00185193146182702,,,,"not_estimable","binary-outcome population prevalence was not defined and microbial presence requires a liability-scale approximation; outcome R2 and a valid Steiger P value were therefore not computed","not estimable is not evidence supporting the exposure-to-outcome direction"
"finngen_r12_erectile_dysfunction|microbiome_2026|GCST90671336|primary","GCST90671336","Gut microbiome genus abundance (Mediterraneibacter)",1,0.499775428260856,1,"estimated","RIN_standardized_abundance","one source-defined RIN-standardized unit",1,0.00221746914048,0.00221746914048,0.00221746914048,1,"not_computed","Binary-outcome population prevalence has not been prespecified; unavailable Steiger is not treated as support",FALSE,0.00221746914048,,,,"not_estimable","binary-outcome population prevalence was not defined; outcome R2 and a valid Steiger P value were therefore not computed","not estimable is not evidence supporting the exposure-to-outcome direction"
"finngen_r12_erectile_dysfunction|microbiome_2026|GCST90671353|primary","GCST90671353","Gut microbiome genus presence (Peptidiphaga)",1,0.245874934113401,0.959049943304695,"estimated","presence","one SD on an approximate microbial-presence liability scale",1,0.00251883806675506,0.00241666948067167,0.00262046217307512,0.17,"not_computed","Binary-outcome population prevalence has not been prespecified; unavailable Steiger is not treated as support",FALSE,0.00251883806675506,,,,"not_estimable","binary-outcome population prevalence was not defined and microbial presence requires a liability-scale approximation; outcome R2 and a valid Steiger P value were therefore not computed","not estimable is not evidence supporting the exposure-to-outcome direction"
"finngen_r12_erectile_dysfunction|microbiome_2026|GCST90671359|primary","GCST90671359","Gut microbiome genus abundance (Ventricola)",1,0.0631571183220754,0.941636540848568,"estimated","RIN_standardized_abundance","one source-defined RIN-standardized unit",1,0.0017820135647262,0.0017820135647262,0.0017820135647262,0.91,"not_computed","Binary-outcome population prevalence has not been prespecified; unavailable Steiger is not treated as support",FALSE,0.0017820135647262,,,,"not_estimable","binary-outcome population prevalence was not defined; outcome R2 and a valid Steiger P value were therefore not computed","not estimable is not evidence supporting the exposure-to-outcome direction"
"finngen_r12_erectile_dysfunction|microbiome_2026|GCST90671360|primary","GCST90671360","Gut microbiome genus presence (Scatocola)",2,0.319155843114337,0.959049943304695,"estimated","presence","one SD on an approximate microbial-presence liability scale",2,0.00357915348577511,0.00355815424586539,0.0035997194118592,0.26,"not_computed","Binary-outcome population prevalence has not been prespecified; unavailable Steiger is not treated as support",FALSE,0.00357915348577511,,,,"not_estimable","binary-outcome population prevalence was not defined and microbial presence requires a liability-scale approximation; outcome R2 and a valid Steiger P value were therefore not computed","not estimable is not evidence supporting the exposure-to-outcome direction"
"finngen_r12_erectile_dysfunction|microbiome_2026|GCST90671365|primary","GCST90671365","Gut microbiome genus abundance (Acutalibacter)",1,0.882200878477102,1,"estimated","RIN_standardized_abundance","one source-defined RIN-standardized unit",1,0.0016278201581568,0.0016278201581568,0.0016278201581568,0.91,"not_computed","Binary-outcome population prevalence has not been prespecified; unavailable Steiger is not treated as support",FALSE,0.0016278201581568,,,,"not_estimable","binary-outcome population prevalence was not defined; outcome R2 and a valid Steiger P value were therefore not computed","not estimable is not evidence supporting the exposure-to-outcome direction"
"finngen_r12_erectile_dysfunction|microbiome_2026|GCST90671373|primary","GCST90671373","Gut microbiome genus abundance (Intestinibacter)",1,0.91875577863187,1,"estimated","RIN_standardized_abundance","one source-defined RIN-standardized unit",1,0.0015198894013952,0.0015198894013952,0.0015198894013952,0.79,"not_computed","Binary-outcome population prevalence has not been prespecified; unavailable Steiger is not treated as support",FALSE,0.0015198894013952,,,,"not_estimable","binary-outcome population prevalence was not defined; outcome R2 and a valid Steiger P value were therefore not computed","not estimable is not evidence supporting the exposure-to-outcome direction"
"finngen_r12_erectile_dysfunction|microbiome_2026|GCST90671377|primary","GCST90671377","Gut microbiome genus presence (UBA738)",1,0.379034425539346,0.979527167124153,"estimated","presence","one SD on an approximate microbial-presence liability scale",1,0.0016991337870753,0.00169245794328619,0.00170561936751777,0.47,"not_computed","Binary-outcome population prevalence has not been prespecified; unavailable Steiger is not treated as support",FALSE,0.0016991337870753,,,,"not_estimable","binary-outcome population prevalence was not defined and microbial presence requires a liability-scale approximation; outcome R2 and a valid Steiger P value were therefore not computed","not estimable is not evidence supporting the exposure-to-outcome direction"
"finngen_r12_erectile_dysfunction|microbiome_2026|GCST90671385|primary","GCST90671385","Gut microbiome genus presence (Alloscardovia)",1,0.613116853675178,1,"estimated","presence","one SD on an approximate microbial-presence liability scale",1,0.00214319163905609,0.00210725432315542,0.00217879319830601,0.18,"not_computed","Binary-outcome population prevalence has not been prespecified; unavailable Steiger is not treated as support",FALSE,0.00214319163905609,,,,"not_estimable","binary-outcome population prevalence was not defined and microbial presence requires a liability-scale approximation; outcome R2 and a valid Steiger P value were therefore not computed","not estimable is not evidence supporting the exposure-to-outcome direction"
"finngen_r12_erectile_dysfunction|microbiome_2026|GCST90671386|primary","GCST90671386","Gut microbiome genus abundance (Pauljensenia)",0,,,"not_estimable",,,,,,,,"not_estimable","No harmonised instruments remained",FALSE,,,,,"not_estimable","primary MR pair not estimable; absence of a Steiger result is not directional support","not estimable is not evidence supporting the exposure-to-outcome direction"
"finngen_r12_erectile_dysfunction|microbiome_2026|GCST90671389|primary","GCST90671389","Gut microbiome genus presence (Limivicinus)",1,0.113122108695974,0.941636540848568,"estimated","presence","one SD on an approximate microbial-presence liability scale",1,0.00155262208183592,0.00152242595886932,0.00158265705503655,0.47,"not_computed","Binary-outcome population prevalence has not been prespecified; unavailable Steiger is not treated as support",FALSE,0.00155262208183592,,,,"not_estimable","binary-outcome population prevalence was not defined and microbial presence requires a liability-scale approximation; outcome R2 and a valid Steiger P value were therefore not computed","not estimable is not evidence supporting the exposure-to-outcome direction"
"finngen_r12_erectile_dysfunction|microbiome_2026|GCST90671397|primary","GCST90671397","Gut microbiome genus presence (Merdicola)",2,0.139935336472453,0.941636540848568,"estimated","presence","one SD on an approximate microbial-presence liability scale",2,0.00296756505479731,0.00291144502036666,0.00302340219853883,0.42,"not_computed","Binary-outcome population prevalence has not been prespecified; unavailable Steiger is not treated as support",FALSE,0.00296756505479731,,,,"not_estimable","binary-outcome population prevalence was not defined and microbial presence requires a liability-scale approximation; outcome R2 and a valid Steiger P value were therefore not computed","not estimable is not evidence supporting the exposure-to-outcome direction"
"finngen_r12_erectile_dysfunction|microbiome_2026|GCST90671414|primary","GCST90671414","Gut microbiome genus presence (Sellimonas)",2,0.541685218669883,1,"estimated","presence","one SD on an approximate microbial-presence liability scale",2,0.00349475227712849,0.00347172384124319,0.00351737964562032,0.31,"not_computed","Binary-outcome population prevalence has not been prespecified; unavailable Steiger is not treated as support",FALSE,0.00349475227712849,,,,"not_estimable","binary-outcome population prevalence was not defined and microbial presence requires a liability-scale approximation; outcome R2 and a valid Steiger P value were therefore not computed","not estimable is not evidence supporting the exposure-to-outcome direction"
"finngen_r12_erectile_dysfunction|microbiome_2026|GCST90671419|primary","GCST90671419","Gut microbiome genus abundance (Hungatella)",1,0.831663322270334,1,"estimated","RIN_standardized_abundance","one source-defined RIN-standardized unit",1,0.0017762582796288,0.0017762582796288,0.0017762582796288,0.82,"not_computed","Binary-outcome population prevalence has not been prespecified; unavailable Steiger is not treated as support",FALSE,0.0017762582796288,,,,"not_estimable","binary-outcome population prevalence was not defined; outcome R2 and a valid Steiger P value were therefore not computed","not estimable is not evidence supporting the exposure-to-outcome direction"
"finngen_r12_erectile_dysfunction|microbiome_2026|GCST90671426|primary","GCST90671426","Gut microbiome genus presence (UBA7597)",1,0.813520077052485,1,"estimated","presence","one SD on an approximate microbial-presence liability scale",1,0.00235943153346201,0.00234528903752065,0.0023731950214977,0.19,"not_computed","Binary-outcome population prevalence has not been prespecified; unavailable Steiger is not treated as support",FALSE,0.00235943153346201,,,,"not_estimable","binary-outcome population prevalence was not defined and microbial presence requires a liability-scale approximation; outcome R2 and a valid Steiger P value were therefore not computed","not estimable is not evidence supporting the exposure-to-outcome direction"
"finngen_r12_erectile_dysfunction|microbiome_2026|GCST90671432|primary","GCST90671432","Gut microbiome genus abundance (Spyradocola)",1,0.805384385873392,1,"estimated","RIN_standardized_abundance","one source-defined RIN-standardized unit",1,0.0014612710405368,0.0014612710405368,0.0014612710405368,0.67,"not_computed","Binary-outcome population prevalence has not been prespecified; unavailable Steiger is not treated as support",FALSE,0.0014612710405368,,,,"not_estimable","binary-outcome population prevalence was not defined; outcome R2 and a valid Steiger P value were therefore not computed","not estimable is not evidence supporting the exposure-to-outcome direction"
"finngen_r12_erectile_dysfunction|microbiome_2026|GCST90671434|primary","GCST90671434","Gut microbiome genus presence (UBA10281)",1,0.221727994253473,0.959049943304695,"estimated","presence","one SD on an approximate microbial-presence liability scale",1,0.00201372134921037,0.00197018894125768,0.00205694902327718,0.19,"not_computed","Binary-outcome population prevalence has not been prespecified; unavailable Steiger is not treated as support",FALSE,0.00201372134921037,,,,"not_estimable","binary-outcome population prevalence was not defined and microbial presence requires a liability-scale approximation; outcome R2 and a valid Steiger P value were therefore not computed","not estimable is not evidence supporting the exposure-to-outcome direction"
"finngen_r12_erectile_dysfunction|microbiome_2026|GCST90671435|primary","GCST90671435","Gut microbiome genus abundance (UMGS1071)",1,0.868304134617468,1,"estimated","RIN_standardized_abundance","one source-defined RIN-standardized unit",1,0.001666281967955,0.001666281967955,0.001666281967955,0.73,"not_computed","Binary-outcome population prevalence has not been prespecified; unavailable Steiger is not treated as support",FALSE,0.001666281967955,,,,"not_estimable","binary-outcome population prevalence was not defined; outcome R2 and a valid Steiger P value were therefore not computed","not estimable is not evidence supporting the exposure-to-outcome direction"
"finngen_r12_erectile_dysfunction|microbiome_2026|GCST90671443|primary","GCST90671443","Gut microbiome genus abundance (Egerieenecus)",0,,,"not_estimable",,,,,,,,"not_estimable","No harmonised instruments remained",FALSE,,,,,"not_estimable","primary MR pair not estimable; absence of a Steiger result is not directional support","not estimable is not evidence supporting the exposure-to-outcome direction"
"finngen_r12_erectile_dysfunction|microbiome_2026|GCST90671449|primary","GCST90671449","Gut microbiome genus presence (Faeciplasma)",1,0.358601283148712,0.959049943304695,"estimated","presence","one SD on an approximate microbial-presence liability scale",1,0.00286633452066848,0.00286350101907924,0.00286862622799751,0.18,"not_computed","Binary-outcome population prevalence has not been prespecified; unavailable Steiger is not treated as support",FALSE,0.00286633452066848,,,,"not_estimable","binary-outcome population prevalence was not defined and microbial presence requires a liability-scale approximation; outcome R2 and a valid Steiger P value were therefore not computed","not estimable is not evidence supporting the exposure-to-outcome direction"
"finngen_r12_erectile_dysfunction|microbiome_2026|GCST90671450|primary","GCST90671450","Gut microbiome genus presence (UBA11512)",1,0.413300792190866,1,"estimated","presence","one SD on an approximate microbial-presence liability scale",1,0.00217040409998679,0.00216975845140104,0.00217074013418156,0.21,"not_computed","Binary-outcome population prevalence has not been prespecified; unavailable Steiger is not treated as support",FALSE,0.00217040409998679,,,,"not_estimable","binary-outcome population prevalence was not defined and microbial presence requires a liability-scale approximation; outcome R2 and a valid Steiger P value were therefore not computed","not estimable is not evidence supporting the exposure-to-outcome direction"
"finngen_r12_erectile_dysfunction|microbiome_2026|GCST90671463|primary","GCST90671463","Gut microbiome genus presence (Coprobacillus)",1,0.952748881646244,1,"estimated","presence","one SD on an approximate microbial-presence liability scale",1,0.00428140556667714,0.00419574390414531,0.00436595785756426,0.29,"not_computed","Binary-outcome population prevalence has not been prespecified; unavailable Steiger is not treated as support",FALSE,0.00428140556667714,,,,"not_estimable","binary-outcome population prevalence was not defined and microbial presence requires a liability-scale approximation; outcome R2 and a valid Steiger P value were therefore not computed","not estimable is not evidence supporting the exposure-to-outcome direction"
"finngen_r12_erectile_dysfunction|microbiome_2026|GCST90671465|primary","GCST90671465","Gut microbiome genus abundance (Mogibacterium)",1,0.842317076899625,1,"estimated","RIN_standardized_abundance","one source-defined RIN-standardized unit",1,0.0019209476952288,0.0019209476952288,0.0019209476952288,0.78,"not_computed","Binary-outcome population prevalence has not been prespecified; unavailable Steiger is not treated as support",FALSE,0.0019209476952288,,,,"not_estimable","binary-outcome population prevalence was not defined; outcome R2 and a valid Steiger P value were therefore not computed","not estimable is not evidence supporting the exposure-to-outcome direction"
"finngen_r12_erectile_dysfunction|microbiome_2026|GCST90671469|primary","GCST90671469","Gut microbiome genus presence (UMGS1994)",1,0.0600151432424463,0.941636540848568,"estimated","presence","one SD on an approximate microbial-presence liability scale",1,0.00489218020569316,0.00487663551167091,0.00491300911288011,0.08,"not_computed","Binary-outcome population prevalence has not been prespecified; unavailable Steiger is not treated as support",FALSE,0.00489218020569316,,,,"not_estimable","binary-outcome population prevalence was not defined and microbial presence requires a liability-scale approximation; outcome R2 and a valid Steiger P value were therefore not computed","not estimable is not evidence supporting the exposure-to-outcome direction"
"finngen_r12_erectile_dysfunction|microbiome_2026|GCST90671470|primary","GCST90671470","Gut microbiome genus presence (V9D3004)",1,0.358601283148712,0.959049943304695,"estimated","presence","one SD on an approximate microbial-presence liability scale",1,0.00193269341654038,0.00193115764909242,0.00193398307449604,0.3,"not_computed","Binary-outcome population prevalence has not been prespecified; unavailable Steiger is not treated as support",FALSE,0.00193269341654038,,,,"not_estimable","binary-outcome population prevalence was not defined and microbial presence requires a liability-scale approximation; outcome R2 and a valid Steiger P value were therefore not computed","not estimable is not evidence supporting the exposure-to-outcome direction"
"finngen_r12_erectile_dysfunction|microbiome_2026|GCST90671474|primary","GCST90671474","Gut microbiome genus abundance (Massilistercora)",2,0.561889030628358,1,"estimated","RIN_standardized_abundance","one source-defined RIN-standardized unit",2,0.0030746391834798,0.0030746391834798,0.0030746391834798,0.62,"not_computed","Binary-outcome population prevalence has not been prespecified; unavailable Steiger is not treated as support",FALSE,0.0030746391834798,,,,"not_estimable","binary-outcome population prevalence was not defined; outcome R2 and a valid Steiger P value were therefore not computed","not estimable is not evidence supporting the exposure-to-outcome direction"
"finngen_r12_erectile_dysfunction|microbiome_2026|GCST90671483|primary","GCST90671483","Gut microbiome genus presence (Egerieisoma)",1,0.96085465971081,1,"estimated","presence","one SD on an approximate microbial-presence liability scale",1,0.0018390928458916,0.00180977963615243,0.00186816437795018,0.24,"not_computed","Binary-outcome population prevalence has not been prespecified; unavailable Steiger is not treated as support",FALSE,0.0018390928458916,,,,"not_estimable","binary-outcome population prevalence was not defined and microbial presence requires a liability-scale approximation; outcome R2 and a valid Steiger P value were therefore not computed","not estimable is not evidence supporting the exposure-to-outcome direction"
"finngen_r12_erectile_dysfunction|microbiome_2026|GCST90671486|primary","GCST90671486","Gut microbiome genus presence (HGM11501)",1,0.922984553934689,1,"estimated","presence","one SD on an approximate microbial-presence liability scale",1,0.00289925156754764,0.0028687685641707,0.00292914290412722,0.16,"not_computed","Binary-outcome population prevalence has not been prespecified; unavailable Steiger is not treated as support",FALSE,0.00289925156754764,,,,"not_estimable","binary-outcome population prevalence was not defined and microbial presence requires a liability-scale approximation; outcome R2 and a valid Steiger P value were therefore not computed","not estimable is not evidence supporting the exposure-to-outcome direction"
"finngen_r12_erectile_dysfunction|microbiome_2026|GCST90671488|primary","GCST90671488","Gut microbiome genus presence (Merdimonas)",1,0.722038005555959,1,"estimated","presence","one SD on an approximate microbial-presence liability scale",1,0.00157348186334893,0.00156304890400259,0.00158374728953073,0.28,"not_computed","Binary-outcome population prevalence has not been prespecified; unavailable Steiger is not treated as support",FALSE,0.00157348186334893,,,,"not_estimable","binary-outcome population prevalence was not defined and microbial presence requires a liability-scale approximation; outcome R2 and a valid Steiger P value were therefore not computed","not estimable is not evidence supporting the exposure-to-outcome direction"
"finngen_r12_erectile_dysfunction|microbiome_2026|GCST90671490|primary","GCST90671490","Gut microbiome genus abundance (Anaerotruncus)",1,0.92163988786761,1,"estimated","RIN_standardized_abundance","one source-defined RIN-standardized unit",1,0.0020386736207838,0.0020386736207838,0.0020386736207838,0.97,"not_computed","Binary-outcome population prevalence has not been prespecified; unavailable Steiger is not treated as support",FALSE,0.0020386736207838,,,,"not_estimable","binary-outcome population prevalence was not defined; outcome R2 and a valid Steiger P value were therefore not computed","not estimable is not evidence supporting the exposure-to-outcome direction"
"finngen_r12_erectile_dysfunction|microbiome_2026|GCST90671499|primary","GCST90671499","Gut microbiome genus presence (UMGS1484)",1,0.168180064064572,0.941636540848568,"estimated","presence","one SD on an approximate microbial-presence liability scale",1,0.00169873072098583,0.00167177728603054,0.00172549320967756,0.49,"not_computed","Binary-outcome population prevalence has not been prespecified; unavailable Steiger is not treated as support",FALSE,0.00169873072098583,,,,"not_estimable","binary-outcome population prevalence was not defined and microbial presence requires a liability-scale approximation; outcome R2 and a valid Steiger P value were therefore not computed","not estimable is not evidence supporting the exposure-to-outcome direction"
"finngen_r12_erectile_dysfunction|microbiome_2026|GCST90671500|primary","GCST90671500","Gut microbiome genus presence (Alectryocaccomicrobium)",1,0.146890336788082,0.941636540848568,"estimated","presence","one SD on an approximate microbial-presence liability scale",1,0.00177368320468654,0.00173242275337848,0.00181472464180817,0.39,"not_computed","Binary-outcome population prevalence has not been prespecified; unavailable Steiger is not treated as support",FALSE,0.00177368320468654,,,,"not_estimable","binary-outcome population prevalence was not defined and microbial presence requires a liability-scale approximation; outcome R2 and a valid Steiger P value were therefore not computed","not estimable is not evidence supporting the exposure-to-outcome direction"
"finngen_r12_erectile_dysfunction|microbiome_2026|GCST90671503|primary","GCST90671503","Gut microbiome genus abundance (Marvinbryantia)",1,0.825799176869524,1,"estimated","RIN_standardized_abundance","one source-defined RIN-standardized unit",1,0.0017381795857272,0.0017381795857272,0.0017381795857272,0.78,"not_computed","Binary-outcome population prevalence has not been prespecified; unavailable Steiger is not treated as support",FALSE,0.0017381795857272,,,,"not_estimable","binary-outcome population prevalence was not defined; outcome R2 and a valid Steiger P value were therefore not computed","not estimable is not evidence supporting the exposure-to-outcome direction"
"finngen_r12_erectile_dysfunction|microbiome_2026|GCST90671519|primary","GCST90671519","Gut microbiome genus presence (HGM11507)",1,0.706258877827278,1,"estimated","presence","one SD on an approximate microbial-presence liability scale",1,0.00260410454676271,0.00257562760399425,0.00263210636223374,0.2,"not_computed","Binary-outcome population prevalence has not been prespecified; unavailable Steiger is not treated as support",FALSE,0.00260410454676271,,,,"not_estimable","binary-outcome population prevalence was not defined and microbial presence requires a liability-scale approximation; outcome R2 and a valid Steiger P value were therefore not computed","not estimable is not evidence supporting the exposure-to-outcome direction"
"finngen_r12_erectile_dysfunction|microbiome_2026|GCST90671524|primary","GCST90671524","Gut microbiome genus abundance (Turicibacter)",4,0.925885488391665,1,"estimated","RIN_standardized_abundance","one source-defined RIN-standardized unit",4,0.0070744413008356,0.0070744413008356,0.0070744413008356,0.73,"not_computed","Binary-outcome population prevalence has not been prespecified; unavailable Steiger is not treated as support",FALSE,0.0070744413008356,,,,"not_estimable","binary-outcome population prevalence was not defined; outcome R2 and a valid Steiger P value were therefore not computed","not estimable is not evidence supporting the exposure-to-outcome direction"
"finngen_r12_erectile_dysfunction|microbiome_2026|GCST90671536|primary","GCST90671536","Gut microbiome genus presence (Oxalobacter)",1,0.800975168838671,1,"estimated","presence","one SD on an approximate microbial-presence liability scale",1,0.00156898567764768,0.00152733187519284,0.00161047176383111,0.45,"not_computed","Binary-outcome population prevalence has not been prespecified; unavailable Steiger is not treated as support",FALSE,0.00156898567764768,,,,"not_estimable","binary-outcome population prevalence was not defined and microbial presence requires a liability-scale approximation; outcome R2 and a valid Steiger P value were therefore not computed","not estimable is not evidence supporting the exposure-to-outcome direction"
"finngen_r12_erectile_dysfunction|microbiome_2026|GCST90671543|primary","GCST90671543","Gut microbiome genus presence (UMGS1783)",0,,,"not_estimable",,,,,,,,"not_estimable","No harmonised instruments remained",FALSE,,,,,"not_estimable","primary MR pair not estimable; absence of a Steiger result is not directional support","not estimable is not evidence supporting the exposure-to-outcome direction"
"finngen_r12_erectile_dysfunction|microbiome_2026|GCST90671554|primary","GCST90671554","Gut microbiome genus presence (Gallimonas)",1,0.321174981260425,0.959049943304695,"estimated","presence","one SD on an approximate microbial-presence liability scale",1,0.00423347528662897,0.00410854803770894,0.004332755803887,0.09,"not_computed","Binary-outcome population prevalence has not been prespecified; unavailable Steiger is not treated as support",FALSE,0.00423347528662897,,,,"not_estimable","binary-outcome population prevalence was not defined and microbial presence requires a liability-scale approximation; outcome R2 and a valid Steiger P value were therefore not computed","not estimable is not evidence supporting the exposure-to-outcome direction"
"finngen_r12_erectile_dysfunction|microbiome_2026|GCST90671561|primary","GCST90671561","Gut microbiome genus abundance (Massilioclostridium)",1,0.734575308337009,1,"estimated","RIN_standardized_abundance","one source-defined RIN-standardized unit",1,0.0016402000358528,0.0016402000358528,0.0016402000358528,0.94,"not_computed","Binary-outcome population prevalence has not been prespecified; unavailable Steiger is not treated as support",FALSE,0.0016402000358528,,,,"not_estimable","binary-outcome population prevalence was not defined; outcome R2 and a valid Steiger P value were therefore not computed","not estimable is not evidence supporting the exposure-to-outcome direction"
"finngen_r12_erectile_dysfunction|microbiome_2026|GCST90671563|primary","GCST90671563","Gut microbiome genus abundance (Phocea)",1,0.612894308543243,1,"estimated","RIN_standardized_abundance","one source-defined RIN-standardized unit",1,0.00256673982302,0.00256673982302,0.00256673982302,0.76,"not_computed","Binary-outcome population prevalence has not been prespecified; unavailable Steiger is not treated as support",FALSE,0.00256673982302,,,,"not_estimable","binary-outcome population prevalence was not defined; outcome R2 and a valid Steiger P value were therefore not computed","not estimable is not evidence supporting the exposure-to-outcome direction"
"finngen_r12_erectile_dysfunction|microbiome_2026|GCST90671570|primary","GCST90671570","Gut microbiome genus presence (UMGS1384)",1,0.358601283148712,0.959049943304695,"estimated","presence","one SD on an approximate microbial-presence liability scale",1,0.00153754160967211,0.00153647043540217,0.00153845718139617,0.4,"not_computed","Binary-outcome population prevalence has not been prespecified; unavailable Steiger is not treated as support",FALSE,0.00153754160967211,,,,"not_estimable","binary-outcome population prevalence was not defined and microbial presence requires a liability-scale approximation; outcome R2 and a valid Steiger P value were therefore not computed","not estimable is not evidence supporting the exposure-to-outcome direction"
"finngen_r12_erectile_dysfunction|microbiome_2026|GCST90671572|primary","GCST90671572","Gut microbiome genus abundance (UMGS1766)",1,0.979670273997021,1,"estimated","RIN_standardized_abundance","one source-defined RIN-standardized unit",1,0.0017863147926558,0.0017863147926558,0.0017863147926558,0.81,"not_computed","Binary-outcome population prevalence has not been prespecified; unavailable Steiger is not treated as support",FALSE,0.0017863147926558,,,,"not_estimable","binary-outcome population prevalence was not defined; outcome R2 and a valid Steiger P value were therefore not computed","not estimable is not evidence supporting the exposure-to-outcome direction"
"finngen_r12_erectile_dysfunction|microbiome_2026|GCST90671581|primary","GCST90671581","Gut microbiome genus presence (Catenibacillus)",1,0.0553979207768969,0.941636540848568,"estimated","presence","one SD on an approximate microbial-presence liability scale",1,0.00148257964893192,0.0014729012565923,0.00149211102367735,0.37,"not_computed","Binary-outcome population prevalence has not been prespecified; unavailable Steiger is not treated as support",FALSE,0.00148257964893192,,,,"not_estimable","binary-outcome population prevalence was not defined and microbial presence requires a liability-scale approximation; outcome R2 and a valid Steiger P value were therefore not computed","not estimable is not evidence supporting the exposure-to-outcome direction"
"finngen_r12_erectile_dysfunction|microbiome_2026|GCST90671588|primary","GCST90671588","Gut microbiome genus presence (HGM14224)",2,0.171951020502782,0.941636540848568,"estimated","presence","one SD on an approximate microbial-presence liability scale",2,0.00390899551475412,0.00387759396954995,0.00393989561169774,0.52,"not_computed","Binary-outcome population prevalence has not been prespecified; unavailable Steiger is not treated as support",FALSE,0.00390899551475412,,,,"not_estimable","binary-outcome population prevalence was not defined and microbial presence requires a liability-scale approximation; outcome R2 and a valid Steiger P value were therefore not computed","not estimable is not evidence supporting the exposure-to-outcome direction"
"finngen_r12_erectile_dysfunction|microbiome_2026|GCST90671595|primary","GCST90671595","Gut microbiome genus abundance (Pullichristensenella)",2,0.973900007029541,1,"estimated","RIN_standardized_abundance","one source-defined RIN-standardized unit",2,0.003873353964543,0.003873353964543,0.003873353964543,0.8,"not_computed","Binary-outcome population prevalence has not been prespecified; unavailable Steiger is not treated as support",FALSE,0.003873353964543,,,,"not_estimable","binary-outcome population prevalence was not defined; outcome R2 and a valid Steiger P value were therefore not computed","not estimable is not evidence supporting the exposure-to-outcome direction"
"finngen_r12_erectile_dysfunction|microbiome_2026|GCST90671601|primary","GCST90671601","Gut microbiome genus abundance (UMGS1623)",0,,,"not_estimable",,,,,,,,"not_estimable","No harmonised instruments remained",FALSE,,,,,"not_estimable","primary MR pair not estimable; absence of a Steiger result is not directional support","not estimable is not evidence supporting the exposure-to-outcome direction"
"finngen_r12_erectile_dysfunction|microbiome_2026|GCST90671613|primary","GCST90671613","Gut microbiome genus abundance (Vescimonas)",1,0.76366489380226,1,"estimated","RIN_standardized_abundance","one source-defined RIN-standardized unit",1,0.0017810325757952,0.0017810325757952,0.0017810325757952,0.96,"not_computed","Binary-outcome population prevalence has not been prespecified; unavailable Steiger is not treated as support",FALSE,0.0017810325757952,,,,"not_estimable","binary-outcome population prevalence was not defined; outcome R2 and a valid Steiger P value were therefore not computed","not estimable is not evidence supporting the exposure-to-outcome direction"
"finngen_r12_erectile_dysfunction|microbiome_2026|GCST90671614|primary","GCST90671614","Gut microbiome genus presence (Pseudoruminococcus)",1,0.131991280137216,0.941636540848568,"estimated","presence","one SD on an approximate microbial-presence liability scale",1,0.00267400874182816,0.0026509988073033,0.00269652711913367,0.23,"not_computed","Binary-outcome population prevalence has not been prespecified; unavailable Steiger is not treated as support",FALSE,0.00267400874182816,,,,"not_estimable","binary-outcome population prevalence was not defined and microbial presence requires a liability-scale approximation; outcome R2 and a valid Steiger P value were therefore not computed","not estimable is not evidence supporting the exposure-to-outcome direction"
"finngen_r12_erectile_dysfunction|microbiome_2026|GCST90671616|primary","GCST90671616","Gut microbiome genus presence (Tidjanibacter)",1,0.844668533105206,1,"estimated","presence","one SD on an approximate microbial-presence liability scale",1,0.00158423719487469,0.00154325847428221,0.00162504598151985,0.54,"not_computed","Binary-outcome population prevalence has not been prespecified; unavailable Steiger is not treated as support",FALSE,0.00158423719487469,,,,"not_estimable","binary-outcome population prevalence was not defined and microbial presence requires a liability-scale approximation; outcome R2 and a valid Steiger P value were therefore not computed","not estimable is not evidence supporting the exposure-to-outcome direction"
"finngen_r12_erectile_dysfunction|microbiome_2026|GCST90671653|primary","GCST90671653","Gut microbiome family abundance (Bifidobacteriaceae)",1,0.618231299473913,1,"estimated","RIN_standardized_abundance","one source-defined RIN-standardized unit",1,0.0065475652019712,0.0065475652019712,0.0065475652019712,0.99,"not_computed","Binary-outcome population prevalence has not been prespecified; unavailable Steiger is not treated as support",FALSE,0.0065475652019712,,,,"not_estimable","binary-outcome population prevalence was not defined; outcome R2 and a valid Steiger P value were therefore not computed","not estimable is not evidence supporting the exposure-to-outcome direction"
"finngen_r12_erectile_dysfunction|microbiome_2026|GCST90671656|primary","GCST90671656","Gut microbiome family abundance (Bacteroidaceae)",1,0.0352480232576871,0.941636540848568,"estimated","RIN_standardized_abundance","one source-defined RIN-standardized unit",1,0.00181462732088,0.00181462732088,0.00181462732088,1,"not_computed","Binary-outcome population prevalence has not been prespecified; unavailable Steiger is not treated as support",TRUE,0.00181462732088,,,,"not_estimable","binary-outcome population prevalence was not defined; outcome R2 and a valid Steiger P value were therefore not computed","not estimable is not evidence supporting the exposure-to-outcome direction"
"finngen_r12_erectile_dysfunction|microbiome_2026|GCST90671664|primary","GCST90671664","Gut microbiome family abundance (Coprobacillaceae)",1,0.195832338120866,0.959049943304695,"estimated","RIN_standardized_abundance","one source-defined RIN-standardized unit",1,0.0021443186377208,0.0021443186377208,0.0021443186377208,1,"not_computed","Binary-outcome population prevalence has not been prespecified; unavailable Steiger is not treated as support",FALSE,0.0021443186377208,,,,"not_estimable","binary-outcome population prevalence was not defined; outcome R2 and a valid Steiger P value were therefore not computed","not estimable is not evidence supporting the exposure-to-outcome direction"
"finngen_r12_erectile_dysfunction|microbiome_2026|GCST90671665|primary","GCST90671665","Gut microbiome family presence (UBA932)",1,0.799541578391794,1,"estimated","presence","one SD on an approximate microbial-presence liability scale",1,0.00214974603832143,0.00209937845939508,0.00219984377918106,0.24,"not_computed","Binary-outcome population prevalence has not been prespecified; unavailable Steiger is not treated as support",FALSE,0.00214974603832143,,,,"not_estimable","binary-outcome population prevalence was not defined and microbial presence requires a liability-scale approximation; outcome R2 and a valid Steiger P value were therefore not computed","not estimable is not evidence supporting the exposure-to-outcome direction"
"finngen_r12_erectile_dysfunction|microbiome_2026|GCST90671669|primary","GCST90671669","Gut microbiome family abundance (Butyricicoccaceae)",2,0.0757405421903986,0.941636540848568,"estimated","RIN_standardized_abundance","one source-defined RIN-standardized unit",2,0.00688008899678,0.00688008899678,0.00688008899678,1,"not_computed","Binary-outcome population prevalence has not been prespecified; unavailable Steiger is not treated as support",FALSE,0.00688008899678,,,,"not_estimable","binary-outcome population prevalence was not defined; outcome R2 and a valid Steiger P value were therefore not computed","not estimable is not evidence supporting the exposure-to-outcome direction"
"finngen_r12_erectile_dysfunction|microbiome_2026|GCST90671674|primary","GCST90671674","Gut microbiome family abundance (Lactobacillaceae)",1,0.311662208490739,0.959049943304695,"estimated","RIN_standardized_abundance","one source-defined RIN-standardized unit",1,0.0017126879390478,0.0017126879390478,0.0017126879390478,0.93,"not_computed","Binary-outcome population prevalence has not been prespecified; unavailable Steiger is not treated as support",FALSE,0.0017126879390478,,,,"not_estimable","binary-outcome population prevalence was not defined; outcome R2 and a valid Steiger P value were therefore not computed","not estimable is not evidence supporting the exposure-to-outcome direction"
"finngen_r12_erectile_dysfunction|microbiome_2026|GCST90671689|primary","GCST90671689","Gut microbiome family presence (Propionibacteriaceae)",1,0.198518159744119,0.959049943304695,"estimated","presence","one SD on an approximate microbial-presence liability scale",1,0.00176091465087334,0.00175206900971336,0.00176955418385312,0.39,"not_computed","Binary-outcome population prevalence has not been prespecified; unavailable Steiger is not treated as support",FALSE,0.00176091465087334,,,,"not_estimable","binary-outcome population prevalence was not defined and microbial presence requires a liability-scale approximation; outcome R2 and a valid Steiger P value were therefore not computed","not estimable is not evidence supporting the exposure-to-outcome direction"
"finngen_r12_erectile_dysfunction|microbiome_2026|GCST90671693|primary","GCST90671693","Gut microbiome family abundance (Peptostreptococcaceae)",1,0.846192376707138,1,"estimated","RIN_standardized_abundance","one source-defined RIN-standardized unit",1,0.00165277167608,0.00165277167608,0.00165277167608,0.94,"not_computed","Binary-outcome population prevalence has not been prespecified; unavailable Steiger is not treated as support",FALSE,0.00165277167608,,,,"not_estimable","binary-outcome population prevalence was not defined; outcome R2 and a valid Steiger P value were therefore not computed","not estimable is not evidence supporting the exposure-to-outcome direction"
"finngen_r12_erectile_dysfunction|microbiome_2026|GCST90671695|primary","GCST90671695","Gut microbiome family abundance (Pumilibacteraceae)",2,0.478700409471685,1,"estimated","RIN_standardized_abundance","one source-defined RIN-standardized unit",2,0.003449429751123,0.003449429751123,0.003449429751123,0.66,"not_computed","Binary-outcome population prevalence has not been prespecified; unavailable Steiger is not treated as support",FALSE,0.003449429751123,,,,"not_estimable","binary-outcome population prevalence was not defined; outcome R2 and a valid Steiger P value were therefore not computed","not estimable is not evidence supporting the exposure-to-outcome direction"
"finngen_r12_erectile_dysfunction|microbiome_2026|GCST90671707|primary","GCST90671707","Gut microbiome family abundance (UBA1750)",1,0.805384385873392,1,"estimated","RIN_standardized_abundance","one source-defined RIN-standardized unit",1,0.0015417148547982,0.0015417148547982,0.0015417148547982,0.67,"not_computed","Binary-outcome population prevalence has not been prespecified; unavailable Steiger is not treated as support",FALSE,0.0015417148547982,,,,"not_estimable","binary-outcome population prevalence was not defined; outcome R2 and a valid Steiger P value were therefore not computed","not estimable is not evidence supporting the exposure-to-outcome direction"
"finngen_r12_erectile_dysfunction|microbiome_2026|GCST90671709|primary","GCST90671709","Gut microbiome family presence (Peptococcaceae)",1,0.0226398401078971,0.941636540848568,"estimated","presence","one SD on an approximate microbial-presence liability scale",1,0.00150780491278607,0.00150572282873723,0.00150973811544916,0.36,"not_computed","Binary-outcome population prevalence has not been prespecified; unavailable Steiger is not treated as support",TRUE,0.00150780491278607,,,,"not_estimable","binary-outcome population prevalence was not defined and microbial presence requires a liability-scale approximation; outcome R2 and a valid Steiger P value were therefore not computed","not estimable is not evidence supporting the exposure-to-outcome direction"
"finngen_r12_erectile_dysfunction|microbiome_2026|GCST90671716|primary","GCST90671716","Gut microbiome family presence (Feifaniaceae)",1,0.358601283148712,0.959049943304695,"estimated","presence","one SD on an approximate microbial-presence liability scale",1,0.00162501689297156,0.00162386634346633,0.00162599401525514,0.57,"not_computed","Binary-outcome population prevalence has not been prespecified; unavailable Steiger is not treated as support",FALSE,0.00162501689297156,,,,"not_estimable","binary-outcome population prevalence was not defined and microbial presence requires a liability-scale approximation; outcome R2 and a valid Steiger P value were therefore not computed","not estimable is not evidence supporting the exposure-to-outcome direction"
"finngen_r12_erectile_dysfunction|microbiome_2026|GCST90671717|primary","GCST90671717","Gut microbiome family presence (Burkholderiaceae)",2,0.367765948465325,0.972254806287641,"estimated","presence","one SD on an approximate microbial-presence liability scale",2,0.00299434327303471,0.00294562784619101,0.00304275673724739,0.45,"not_computed","Binary-outcome population prevalence has not been prespecified; unavailable Steiger is not treated as support",FALSE,0.00299434327303471,,,,"not_estimable","binary-outcome population prevalence was not defined and microbial presence requires a liability-scale approximation; outcome R2 and a valid Steiger P value were therefore not computed","not estimable is not evidence supporting the exposure-to-outcome direction"
"finngen_r12_erectile_dysfunction|microbiome_2026|GCST90671718|primary","GCST90671718","Gut microbiome family presence (HGM11501)",1,0.922984553934689,1,"estimated","presence","one SD on an approximate microbial-presence liability scale",1,0.00289925156754764,0.0028687685641707,0.00292914290412722,0.16,"not_computed","Binary-outcome population prevalence has not been prespecified; unavailable Steiger is not treated as support",FALSE,0.00289925156754764,,,,"not_estimable","binary-outcome population prevalence was not defined and microbial presence requires a liability-scale approximation; outcome R2 and a valid Steiger P value were therefore not computed","not estimable is not evidence supporting the exposure-to-outcome direction"
"finngen_r12_erectile_dysfunction|microbiome_2026|GCST90671721|primary","GCST90671721","Gut microbiome family presence (HGM11507)",1,0.706258877827278,1,"estimated","presence","one SD on an approximate microbial-presence liability scale",1,0.00260410454676271,0.00257562760399425,0.00263210636223374,0.2,"not_computed","Binary-outcome population prevalence has not been prespecified; unavailable Steiger is not treated as support",FALSE,0.00260410454676271,,,,"not_estimable","binary-outcome population prevalence was not defined and microbial presence requires a liability-scale approximation; outcome R2 and a valid Steiger P value were therefore not computed","not estimable is not evidence supporting the exposure-to-outcome direction"
"finngen_r12_erectile_dysfunction|microbiome_2026|GCST90671723|primary","GCST90671723","Gut microbiome family abundance (Turicibacteraceae)",4,0.925885488391665,1,"estimated","RIN_standardized_abundance","one source-defined RIN-standardized unit",4,0.0070744413008356,0.0070744413008356,0.0070744413008356,0.73,"not_computed","Binary-outcome population prevalence has not been prespecified; unavailable Steiger is not treated as support",FALSE,0.0070744413008356,,,,"not_estimable","binary-outcome population prevalence was not defined; outcome R2 and a valid Steiger P value were therefore not computed","not estimable is not evidence supporting the exposure-to-outcome direction"
"finngen_r12_erectile_dysfunction|microbiome_2026|GCST90671725|primary","GCST90671725","Gut microbiome family presence (UMGS1783)",0,,,"not_estimable",,,,,,,,"not_estimable","No harmonised instruments remained",FALSE,,,,,"not_estimable","primary MR pair not estimable; absence of a Steiger result is not directional support","not estimable is not evidence supporting the exposure-to-outcome direction"
"finngen_r12_erectile_dysfunction|microbiome_2026|GCST90671729|primary","GCST90671729","Gut microbiome family presence (UMGS1384)",1,0.358601283148712,0.959049943304695,"estimated","presence","one SD on an approximate microbial-presence liability scale",1,0.00153754160967211,0.00153647043540217,0.00153845718139617,0.4,"not_computed","Binary-outcome population prevalence has not been prespecified; unavailable Steiger is not treated as support",FALSE,0.00153754160967211,,,,"not_estimable","binary-outcome population prevalence was not defined and microbial presence requires a liability-scale approximation; outcome R2 and a valid Steiger P value were therefore not computed","not estimable is not evidence supporting the exposure-to-outcome direction"
"finngen_r12_erectile_dysfunction|microbiome_2026|GCST90671733|primary","GCST90671733","Gut microbiome family presence (HGM14224)",2,0.171951020502782,0.941636540848568,"estimated","presence","one SD on an approximate microbial-presence liability scale",2,0.00390899551475412,0.00387759396954995,0.00393989561169774,0.52,"not_computed","Binary-outcome population prevalence has not been prespecified; unavailable Steiger is not treated as support",FALSE,0.00390899551475412,,,,"not_estimable","binary-outcome population prevalence was not defined and microbial presence requires a liability-scale approximation; outcome R2 and a valid Steiger P value were therefore not computed","not estimable is not evidence supporting the exposure-to-outcome direction"
"finngen_r12_erectile_dysfunction|microbiome_2026|GCST90671741|primary","GCST90671741","Gut microbiome order abundance (Actinomycetales)",1,0.618231299473914,1,"estimated","RIN_standardized_abundance","one source-defined RIN-standardized unit",1,0.0068051466666462,0.0068051466666462,0.0068051466666462,1,"not_computed","Binary-outcome population prevalence has not been prespecified; unavailable Steiger is not treated as support",FALSE,0.0068051466666462,,,,"not_estimable","binary-outcome population prevalence was not defined; outcome R2 and a valid Steiger P value were therefore not computed","not estimable is not evidence supporting the exposure-to-outcome direction"
"finngen_r12_erectile_dysfunction|microbiome_2026|GCST90671755|primary","GCST90671755","Gut microbiome order abundance (Veillonellales)",1,0.453483714064638,1,"estimated","RIN_standardized_abundance","one source-defined RIN-standardized unit",1,0.0019953017955,0.0019953017955,0.0019953017955,0.95,"not_computed","Binary-outcome population prevalence has not been prespecified; unavailable Steiger is not treated as support",FALSE,0.0019953017955,,,,"not_estimable","binary-outcome population prevalence was not defined; outcome R2 and a valid Steiger P value were therefore not computed","not estimable is not evidence supporting the exposure-to-outcome direction"
"finngen_r12_erectile_dysfunction|microbiome_2026|GCST90671759|primary","GCST90671759","Gut microbiome order abundance (TANB77)",1,0.625672237306943,1,"estimated","RIN_standardized_abundance","one source-defined RIN-standardized unit",1,0.0016832825498232,0.0016832825498232,0.0016832825498232,0.91,"not_computed","Binary-outcome population prevalence has not been prespecified; unavailable Steiger is not treated as support",FALSE,0.0016832825498232,,,,"not_estimable","binary-outcome population prevalence was not defined; outcome R2 and a valid Steiger P value were therefore not computed","not estimable is not evidence supporting the exposure-to-outcome direction"
"finngen_r12_erectile_dysfunction|microbiome_2026|GCST90671764|primary","GCST90671764","Gut microbiome order presence (Propionibacteriales)",1,0.198518159744119,0.959049943304695,"estimated","presence","one SD on an approximate microbial-presence liability scale",1,0.00179177126365834,0.00178269099868179,0.00180063811631267,0.39,"not_computed","Binary-outcome population prevalence has not been prespecified; unavailable Steiger is not treated as support",FALSE,0.00179177126365834,,,,"not_estimable","binary-outcome population prevalence was not defined and microbial presence requires a liability-scale approximation; outcome R2 and a valid Steiger P value were therefore not computed","not estimable is not evidence supporting the exposure-to-outcome direction"
"finngen_r12_erectile_dysfunction|microbiome_2026|GCST90671773|primary","GCST90671773","Gut microbiome order presence (Peptococcales)",1,0.0226398401078971,0.941636540848568,"estimated","presence","one SD on an approximate microbial-presence liability scale",1,0.00150780491278607,0.00150572282873723,0.00150973811544916,0.36,"not_computed","Binary-outcome population prevalence has not been prespecified; unavailable Steiger is not treated as support",TRUE,0.00150780491278607,,,,"not_estimable","binary-outcome population prevalence was not defined and microbial presence requires a liability-scale approximation; outcome R2 and a valid Steiger P value were therefore not computed","not estimable is not evidence supporting the exposure-to-outcome direction"
"finngen_r12_erectile_dysfunction|microbiome_2026|GCST90671780|primary","GCST90671780","Gut microbiome order presence (UMGS1840)",1,0.706258877827278,1,"estimated","presence","one SD on an approximate microbial-presence liability scale",1,0.00261140106639382,0.00258283251851614,0.00263949276754154,0.21,"not_computed","Binary-outcome population prevalence has not been prespecified; unavailable Steiger is not treated as support",FALSE,0.00261140106639382,,,,"not_estimable","binary-outcome population prevalence was not defined and microbial presence requires a liability-scale approximation; outcome R2 and a valid Steiger P value were therefore not computed","not estimable is not evidence supporting the exposure-to-outcome direction"
"finngen_r12_erectile_dysfunction|microbiome_2026|GCST90671781|primary","GCST90671781","Gut microbiome order abundance (Haloplasmatales)",4,0.925885488391665,1,"estimated","RIN_standardized_abundance","one source-defined RIN-standardized unit",4,0.0070744413008356,0.0070744413008356,0.0070744413008356,0.73,"not_computed","Binary-outcome population prevalence has not been prespecified; unavailable Steiger is not treated as support",FALSE,0.0070744413008356,,,,"not_estimable","binary-outcome population prevalence was not defined; outcome R2 and a valid Steiger P value were therefore not computed","not estimable is not evidence supporting the exposure-to-outcome direction"
"finngen_r12_erectile_dysfunction|microbiome_2026|GCST90671784|primary","GCST90671784","Gut microbiome order presence (DTUO25)",2,0.171951020502782,0.941636540848568,"estimated","presence","one SD on an approximate microbial-presence liability scale",2,0.00390899551475412,0.00387759396954995,0.00393989561169774,0.52,"not_computed","Binary-outcome population prevalence has not been prespecified; unavailable Steiger is not treated as support",FALSE,0.00390899551475412,,,,"not_estimable","binary-outcome population prevalence was not defined and microbial presence requires a liability-scale approximation; outcome R2 and a valid Steiger P value were therefore not computed","not estimable is not evidence supporting the exposure-to-outcome direction"
"finngen_r12_erectile_dysfunction|microbiome_2026|GCST90671789|primary","GCST90671789","Gut microbiome class abundance (Actinomycetia)",1,0.618231299473913,1,"estimated","RIN_standardized_abundance","one source-defined RIN-standardized unit",1,0.0067737986238648,0.0067737986238648,0.0067737986238648,1,"not_computed","Binary-outcome population prevalence has not been prespecified; unavailable Steiger is not treated as support",FALSE,0.0067737986238648,,,,"not_estimable","binary-outcome population prevalence was not defined; outcome R2 and a valid Steiger P value were therefore not computed","not estimable is not evidence supporting the exposure-to-outcome direction"
"finngen_r12_erectile_dysfunction|microbiome_2026|GCST90671803|primary","GCST90671803","Gut microbiome class presence (Peptococcia)",1,0.0226398401078971,0.941636540848568,"estimated","presence","one SD on an approximate microbial-presence liability scale",1,0.00150780491278607,0.00150572282873723,0.00150973811544916,0.36,"not_computed","Binary-outcome population prevalence has not been prespecified; unavailable Steiger is not treated as support",TRUE,0.00150780491278607,,,,"not_estimable","binary-outcome population prevalence was not defined and microbial presence requires a liability-scale approximation; outcome R2 and a valid Steiger P value were therefore not computed","not estimable is not evidence supporting the exposure-to-outcome direction"
"finngen_r12_erectile_dysfunction|microbiome_2026|GCST90671808|primary","GCST90671808","Gut microbiome phylum abundance (Actinomycetota)",1,0.618231299473913,1,"estimated","RIN_standardized_abundance","one source-defined RIN-standardized unit",1,0.0050220306419712,0.0050220306419712,0.0050220306419712,1,"not_computed","Binary-outcome population prevalence has not been prespecified; unavailable Steiger is not treated as support",FALSE,0.0050220306419712,,,,"not_estimable","binary-outcome population prevalence was not defined; outcome R2 and a valid Steiger P value were therefore not computed","not estimable is not evidence supporting the exposure-to-outcome direction"
"finngen_r12_erectile_dysfunction|microbiome_2026|GCST90671821|primary","GCST90671821","Gut microbiome superkingdom presence (Archaea)",1,0.413300792190866,1,"estimated","presence","one SD on an approximate microbial-presence liability scale",1,0.00152109299983699,0.0015207418356234,0.00152129207862302,0.54,"not_computed","Binary-outcome population prevalence has not been prespecified; unavailable Steiger is not treated as support",FALSE,0.00152109299983699,,,,"not_estimable","binary-outcome population prevalence was not defined and microbial presence requires a liability-scale approximation; outcome R2 and a valid Steiger P value were therefore not computed","not estimable is not evidence supporting the exposure-to-outcome direction"
"finngen_r12_erectile_dysfunction|microbiome_2026|GCST90671822|primary","GCST90671822","Gut microbiome superkingdom presence (Eukaryota)",1,0.105470097389089,0.941636540848568,"estimated","presence","one SD on an approximate microbial-presence liability scale",1,0.00148663518960407,0.00145480775103984,0.00151831266708267,0.44,"not_computed","Binary-outcome population prevalence has not been prespecified; unavailable Steiger is not treated as support",FALSE,0.00148663518960407,,,,"not_estimable","binary-outcome population prevalence was not defined and microbial presence requires a liability-scale approximation; outcome R2 and a valid Steiger P value were therefore not computed","not estimable is not evidence supporting the exposure-to-outcome direction"
"finngen_r12_erectile_dysfunction|microbiome_2026|GCST90671829|primary","GCST90671829","Gut microbiome function abundance (Lactose and galactose degradation, MF0007)",1,0.604085626705598,1,"estimated","RIN_standardized_abundance","one source-defined RIN-standardized unit",1,0.0017205927070968,0.0017205927070968,0.0017205927070968,0.86,"not_computed","Binary-outcome population prevalence has not been prespecified; unavailable Steiger is not treated as support",FALSE,0.0017205927070968,,,,"not_estimable","binary-outcome population prevalence was not defined; outcome R2 and a valid Steiger P value were therefore not computed","not estimable is not evidence supporting the exposure-to-outcome direction"
"finngen_r12_erectile_dysfunction|microbiome_2026|GCST90671830|primary","GCST90671830","Gut microbiome function abundance (Maltose degradation, MF0008)",1,0.201667939889615,0.959049943304695,"estimated","RIN_standardized_abundance","one source-defined RIN-standardized unit",1,0.0021169416890232,0.0021169416890232,0.0021169416890232,1,"not_computed","Binary-outcome population prevalence has not been prespecified; unavailable Steiger is not treated as support",FALSE,0.0021169416890232,,,,"not_estimable","binary-outcome population prevalence was not defined; outcome R2 and a valid Steiger P value were therefore not computed","not estimable is not evidence supporting the exposure-to-outcome direction"
"finngen_r12_erectile_dysfunction|microbiome_2026|GCST90671832|primary","GCST90671832","Gut microbiome function abundance (Sucrose degradation I, MF0010)",1,0.585477353410414,1,"estimated","RIN_standardized_abundance","one source-defined RIN-standardized unit",1,0.0018832608795,0.0018832608795,0.0018832608795,1,"not_computed","Binary-outcome population prevalence has not been prespecified; unavailable Steiger is not treated as support",FALSE,0.0018832608795,,,,"not_estimable","binary-outcome population prevalence was not defined; outcome R2 and a valid Steiger P value were therefore not computed","not estimable is not evidence supporting the exposure-to-outcome direction"
"finngen_r12_erectile_dysfunction|microbiome_2026|GCST90671836|primary","GCST90671836","Gut microbiome function abundance (Arabinose degradation, MF0014)",1,0.891754641377021,1,"estimated","RIN_standardized_abundance","one source-defined RIN-standardized unit",1,0.00176857408728,0.00176857408728,0.00176857408728,1,"not_computed","Binary-outcome population prevalence has not been prespecified; unavailable Steiger is not treated as support",FALSE,0.00176857408728,,,,"not_estimable","binary-outcome population prevalence was not defined; outcome R2 and a valid Steiger P value were therefore not computed","not estimable is not evidence supporting the exposure-to-outcome direction"
"finngen_r12_erectile_dysfunction|microbiome_2026|GCST90671843|primary","GCST90671843","Gut microbiome function abundance (Xylose degradation, MF0021)",1,0.612894308543243,1,"estimated","RIN_standardized_abundance","one source-defined RIN-standardized unit",1,0.001980411342,0.001980411342,0.001980411342,1,"not_computed","Binary-outcome population prevalence has not been prespecified; unavailable Steiger is not treated as support",FALSE,0.001980411342,,,,"not_estimable","binary-outcome population prevalence was not defined; outcome R2 and a valid Steiger P value were therefore not computed","not estimable is not evidence supporting the exposure-to-outcome direction"
"finngen_r12_erectile_dysfunction|microbiome_2026|GCST90671848|primary","GCST90671848","Gut microbiome function abundance (Aspartate degradation I, MF0028)",0,,,"not_estimable",,,,,,,,"not_estimable","No harmonised instruments remained",FALSE,,,,,"not_estimable","primary MR pair not estimable; absence of a Steiger result is not directional support","not estimable is not evidence supporting the exposure-to-outcome direction"
"finngen_r12_erectile_dysfunction|microbiome_2026|GCST90671860|primary","GCST90671860","Gut microbiome function abundance (Valine degradation I, MF0041)",1,0.0632658344750464,0.941636540848568,"estimated","RIN_standardized_abundance","one source-defined RIN-standardized unit",1,0.001733256229875,0.001733256229875,0.001733256229875,0.77,"not_computed","Binary-outcome population prevalence has not been prespecified; unavailable Steiger is not treated as support",FALSE,0.001733256229875,,,,"not_estimable","binary-outcome population prevalence was not defined; outcome R2 and a valid Steiger P value were therefore not computed","not estimable is not evidence supporting the exposure-to-outcome direction"
"finngen_r12_erectile_dysfunction|microbiome_2026|GCST90671866|primary","GCST90671866","Gut microbiome function abundance (Serine degradation, MF0048)",1,0.544343850777447,1,"estimated","RIN_standardized_abundance","one source-defined RIN-standardized unit",1,0.00227747919672,0.00227747919672,0.00227747919672,1,"not_computed","Binary-outcome population prevalence has not been prespecified; unavailable Steiger is not treated as support",FALSE,0.00227747919672,,,,"not_estimable","binary-outcome population prevalence was not defined; outcome R2 and a valid Steiger P value were therefore not computed","not estimable is not evidence supporting the exposure-to-outcome direction"
"finngen_r12_erectile_dysfunction|microbiome_2026|GCST90671868|primary","GCST90671868","Gut microbiome function abundance (Threonine degradation II, MF0050)",1,0.948143815031205,1,"estimated","RIN_standardized_abundance","one source-defined RIN-standardized unit",1,0.0017154216138752,0.0017154216138752,0.0017154216138752,1,"not_computed","Binary-outcome population prevalence has not been prespecified; unavailable Steiger is not treated as support",FALSE,0.0017154216138752,,,,"not_estimable","binary-outcome population prevalence was not defined; outcome R2 and a valid Steiger P value were therefore not computed","not estimable is not evidence supporting the exposure-to-outcome direction"
"finngen_r12_erectile_dysfunction|microbiome_2026|GCST90671882|primary","GCST90671882","Gut microbiome function abundance (Glycolysis (preparatory phase), MF0067)",1,0.396785313745336,1,"estimated","RIN_standardized_abundance","one source-defined RIN-standardized unit",1,0.0019916033903598,0.0019916033903598,0.0019916033903598,1,"not_computed","Binary-outcome population prevalence has not been prespecified; unavailable Steiger is not treated as support",FALSE,0.0019916033903598,,,,"not_estimable","binary-outcome population prevalence was not defined; outcome R2 and a valid Steiger P value were therefore not computed","not estimable is not evidence supporting the exposure-to-outcome direction"
"finngen_r12_erectile_dysfunction|microbiome_2026|GCST90671902|primary","GCST90671902","Gut microbiome function abundance (Ethanol production I, MF0090)",2,0.275285439053323,0.959049943304695,"estimated","RIN_standardized_abundance","one source-defined RIN-standardized unit",2,0.0037642760935704,0.0037642760935704,0.0037642760935704,1,"not_computed","Binary-outcome population prevalence has not been prespecified; unavailable Steiger is not treated as support",FALSE,0.0037642760935704,,,,"not_estimable","binary-outcome population prevalence was not defined; outcome R2 and a valid Steiger P value were therefore not computed","not estimable is not evidence supporting the exposure-to-outcome direction"
